month_ts,paper_count,marker_words_total_per_1k_words_monthly_mean,marker_verbs_total_per_1k_words_monthly_mean,marker_adjectives_total_per_1k_words_monthly_mean,marker_phrases_total_per_1k_words_monthly_mean,sequential_markers_total_per_1k_words_monthly_mean,causal_markers_total_per_1k_words_monthly_mean,contrast_markers_total_per_1k_words_monthly_mean,emphasis_markers_total_per_1k_words_monthly_mean,summary_markers_total_per_1k_words_monthly_mean,word_finding_per_1k_words_monthly_mean,word_interplay_per_1k_words_monthly_mean,word_realm_per_1k_words_monthly_mean,word_insight_per_1k_words_monthly_mean,word_notably_per_1k_words_monthly_mean,word_particularly_per_1k_words_monthly_mean,word_meticulously_per_1k_words_monthly_mean,word_while_per_1k_words_monthly_mean,word_within_per_1k_words_monthly_mean,word_across_per_1k_words_monthly_mean,word_additionally_per_1k_words_monthly_mean,verb_delve_per_1k_words_monthly_mean,verb_underscore_per_1k_words_monthly_mean,verb_showcase_per_1k_words_monthly_mean,verb_enhance_per_1k_words_monthly_mean,verb_exhibit_per_1k_words_monthly_mean,verb_garner_per_1k_words_monthly_mean,verb_align_per_1k_words_monthly_mean,verb_foster_per_1k_words_monthly_mean,adjective_crucial_per_1k_words_monthly_mean,adjective_pivotal_per_1k_words_monthly_mean,adjective_comprehensive_per_1k_words_monthly_mean,adjective_intricate_per_1k_words_monthly_mean,adjective_potential_per_1k_words_monthly_mean,phrase_meticulously_delve_per_1k_words_monthly_mean,phrase_intricate_web_per_1k_words_monthly_mean,phrase_comprehensive_chapter_per_1k_words_monthly_mean,phrase_deep_dive_per_1k_words_monthly_mean,phrase_intricate_interplay_per_1k_words_monthly_mean,phrase_essential_insight_per_1k_words_monthly_mean,sequential_marker_additionally_per_1k_words_monthly_mean,sequential_marker_furthermore_per_1k_words_monthly_mean,sequential_marker_moreover_per_1k_words_monthly_mean,sequential_marker_subsequently_per_1k_words_monthly_mean,sequential_marker_further_per_1k_words_monthly_mean,causal_marker_hence_per_1k_words_monthly_mean,causal_marker_thus_per_1k_words_monthly_mean,causal_marker_consequently_per_1k_words_monthly_mean,causal_marker_accordingly_per_1k_words_monthly_mean,causal_marker_thereby_per_1k_words_monthly_mean,contrast_marker_however_per_1k_words_monthly_mean,contrast_marker_nonetheless_per_1k_words_monthly_mean,contrast_marker_nevertheless_per_1k_words_monthly_mean,contrast_marker_conversely_per_1k_words_monthly_mean,contrast_marker_alternatively_per_1k_words_monthly_mean,emphasis_marker_notably_per_1k_words_monthly_mean,emphasis_marker_crucially_per_1k_words_monthly_mean,emphasis_marker_remarkably_per_1k_words_monthly_mean,emphasis_marker_particularly_per_1k_words_monthly_mean,emphasis_marker_importantly_per_1k_words_monthly_mean,summary_marker_overall_per_1k_words_monthly_mean,summary_marker_collectively_per_1k_words_monthly_mean,summary_marker_ultimately_per_1k_words_monthly_mean,summary_marker_in_summary_per_1k_words_monthly_mean,summary_marker_taken_together_per_1k_words_monthly_mean,em_dash_per_1k_words_monthly_mean,semicolon_per_1k_words_monthly_mean,colon_per_1k_words_monthly_mean,clause_depth_monthly_mean,clause_depth_std_monthly_mean,dependency_entropy_monthly_mean,dependency_length_monthly_mean,dependency_length_std_monthly_mean,coordination_count_monthly_mean,coordination_per_sentence_std_monthly_mean,sentence_depth_std_monthly_mean,list_of_three_per_1k_words_monthly_mean,avg_words_per_sentence_monthly_mean,avg_syllables_per_word_monthly_mean,flesch_reading_ease_monthly_mean,flesch_kincaid_grade_monthly_mean,dale_chall_monthly_mean,smog_index_monthly_mean,automated_readability_index_monthly_mean,gunning_fog_monthly_mean,hedge_ratio_monthly_mean,certainty_ratio_monthly_mean,year,month
2015-01-01,220,0.3496503496503497,0.4132231404958678,0.505050505050505,0.0,0.0,0.0,0.0,0.0,0.0,0.0,0.0,0.0,0.3496503496503497,0.0,0.0,0.0,0.0,0.0,0.0,0.0,0.0,0.0,0.0,0.4132231404958678,0.0,0.0,0.0,0.0,0.0,0.505050505050505,0.0,0.0,0.0,0.0,0.0,0.0,0.0,0.0,0.0,0.0,0.0,0.0,0.0,0.0,0.0,0.0,0.0,0.0,0.0,0.0,0.0,0.0,0.0,0.0,0.0,0.0,0.0,0.0,0.0,0.0,0.0,0.0,0.0,0.0,0.0,0.0,14.418138210883777,5.2681818181818185,0.0128564869306645,1.6980136728281958,1.9004128618160774,0.0005843857695756585,0.2727272727272727,0.0,0.0128564869306645,2.1345132140586687,9.286363636363637,2.233462818454023,0.749683883032271,15.362381025126172,15.381148122878349,13.424084784870018,16.649417596668272,19.437002408730528,0.0,0.000505050505050505,2015,1
2015-02-01,282,0.0,0.0,0.20859407592824364,0.0,0.0,0.0,0.0,0.0,0.0,0.0,0.0,0.0,0.0,0.0,0.0,0.0,0.0,0.0,0.0,0.0,0.0,0.0,0.0,0.0,0.0,0.0,0.0,0.0,0.0,0.0,0.0,0.0,0.20859407592824364,0.0,0.0,0.0,0.0,0.0,0.0,0.0,0.0,0.0,0.0,0.0,0.0,0.0,0.0,0.0,0.0,0.0,0.0,0.0,0.0,0.0,0.0,0.0,0.0,0.0,0.0,0.0,0.0,0.0,0.0,0.0,0.0,0.0,11.822606851755127,5.177304964539007,0.01002988342108578,1.707849132146916,1.9307113616060654,0.0021044844678171056,0.2695035460992908,0.00501494171054289,0.01002988342108578,1.5159943194986998,9.28191489361702,2.1975486210473614,3.688547763908597,14.939734837316108,15.387604440909913,12.998071633540302,16.642284818153215,18.540751090563358,0.0,0.0,2015,2
2015-03-01,259,1.3105138105138106,0.0,0.0,0.0,0.0,0.0,0.0,0.0,0.0,0.0,0.0,0.0,0.29700029700029706,0.0,0.0,0.0,0.0,0.6274131274131274,0.3861003861003861,0.0,0.0,0.0,0.0,0.0,0.0,0.0,0.0,0.0,0.0,0.0,0.0,0.0,0.0,0.0,0.0,0.0,0.0,0.0,0.0,0.0,0.0,0.0,0.0,0.0,0.0,0.0,0.0,0.0,0.0,0.0,0.0,0.0,0.0,0.0,0.0,0.0,0.0,0.0,0.0,0.0,0.0,0.0,0.0,0.0,0.351000351000351,0.0,12.506417465506363,5.297297297297297,0.0027301420123032726,1.7039558546285876,1.9596562910362114,0.00011375591717930261,0.2702702702702703,0.0,0.0027301420123032726,2.567213093528883,9.654440154440154,2.210750626816527,1.1510027299523318,15.391706826433719,15.499166028826323,13.341760446450575,16.65578087883235,18.916412103807062,0.0,0.0,2015,3
2015-04-01,218,0.9683995922528031,0.0,0.2085070892410342,0.0,0.0,0.0,0.0,0.0,0.0,0.0,0.0,0.0,0.0,0.0,0.0,0.0,0.45871559633027525,0.0,0.509683995922528,0.0,0.0,0.0,0.0,0.0,0.0,0.0,0.0,0.0,0.0,0.0,0.0,0.0,0.2085070892410342,0.0,0.0,0.0,0.0,0.0,0.0,0.0,0.0,0.0,0.0,0.0,0.0,0.0,0.0,0.0,0.0,0.0,0.0,0.0,0.0,0.0,0.0,0.0,0.0,0.0,0.0,0.0,0.0,0.0,0.0,0.0,0.9266981744045965,0.0,12.41891900148781,5.371559633027523,0.0,1.7248197363415003,1.9471881918748293,0.0,0.25229357798165136,0.0,0.0,2.271619817491377,9.747706422018348,2.2036983219320896,2.567905924643903,15.220195187251724,15.291542336400848,13.396837066060929,16.655095520778094,19.14627666589233,0.00045871559633027525,0.0,2015,4
2015-05-01,256,0.9920634920634921,0.0,0.9765625,0.0,0.0,0.0,0.0,0.0,0.0,0.0,0.0,0.0,0.0,0.0,0.0,0.0,0.0,0.43402777777777773,0.5580357142857143,0.0,0.0,0.0,0.0,0.0,0.0,0.0,0.0,0.0,0.0,0.0,0.0,0.0,0.9765625,0.0,0.0,0.0,0.0,0.0,0.0,0.0,0.0,0.0,0.0,0.0,0.0,0.0,0.0,0.0,0.0,0.0,0.0,0.0,0.0,0.0,0.0,0.0,0.0,0.0,0.0,0.0,0.0,0.0,0.0,0.0,0.3004807692307693,0.390625,15.070521352116021,5.24609375,0.04143203796014927,1.7102631119819425,1.9216363529663223,0.0034987054277459385,0.265625,0.0027621358640099515,0.04143203796014927,0.7887620192307693,9.13671875,2.267939780639628,-1.799397136067036,15.68259444114913,15.639837248230988,13.450107971194392,17.095933998943764,19.900551965395717,0.0,0.0,2015,5
2015-06-01,353,0.0,0.8262511803588289,0.14909795735798417,0.0,0.0,0.0,0.0,0.0,0.0,0.0,0.0,0.0,0.0,0.0,0.0,0.0,0.0,0.0,0.0,0.0,0.0,0.0,0.0,0.8262511803588289,0.0,0.0,0.0,0.0,0.0,0.0,0.0,0.0,0.14909795735798417,0.0,0.0,0.0,0.0,0.0,0.0,0.0,0.0,0.0,0.0,0.0,0.0,0.0,0.0,0.0,0.0,0.0,0.0,0.0,0.0,0.0,0.0,0.0,0.0,0.0,0.0,0.0,0.0,0.0,0.0,0.0,0.14909795735798417,0.0,14.842417361953581,5.050991501416431,0.00600940607240692,1.6778951145402348,1.927953580333118,0.0029705836976971203,0.21529745042492918,0.0,0.00600940607240692,0.9625379897001294,9.203966005665722,2.256571399998044,-1.62973156810561,15.673228787822959,15.69572667534868,13.20006675990475,17.01246491149397,19.465159555136665,0.0,0.0,2015,6
2015-07-01,288,0.9785353535353535,0.0,0.0,0.0,0.0,0.0,0.0,0.0,0.0,0.0,0.0,0.0,0.0,0.0,0.0,0.0,0.0,0.31565656565656564,0.6628787878787878,0.0,0.0,0.0,0.0,0.0,0.0,0.0,0.0,0.0,0.0,0.0,0.0,0.0,0.0,0.0,0.0,0.0,0.0,0.0,0.0,0.0,0.0,0.0,0.0,0.0,0.0,0.0,0.0,0.0,0.0,0.0,0.0,0.0,0.0,0.0,0.0,0.0,0.0,0.0,0.0,0.0,0.0,0.0,0.0,0.0,0.31565656565656564,0.0,17.205941281179932,5.072916666666667,0.0,1.692453124103027,1.906598039524139,0.0,0.22916666666666666,0.0,0.0,1.923261413151119,8.885416666666666,2.2275594614954617,1.9767586765337581,15.109909390336377,15.456890999911009,12.99996095209007,16.505552059619447,18.97571067551395,0.0,0.0,2015,7
2015-08-01,248,0.4032258064516129,0.0,0.2688172043010753,0.0,0.28801843317972353,0.0,0.0,0.0,0.0,0.4032258064516129,0.0,0.0,0.0,0.0,0.0,0.0,0.0,0.0,0.0,0.0,0.0,0.0,0.0,0.0,0.0,0.0,0.0,0.0,0.0,0.0,0.2688172043010753,0.0,0.0,0.0,0.0,0.0,0.0,0.0,0.0,0.0,0.0,0.0,0.0,0.28801843317972353,0.0,0.0,0.0,0.0,0.0,0.0,0.0,0.0,0.0,0.0,0.0,0.0,0.0,0.0,0.0,0.0,0.0,0.0,0.0,0.0,0.2688172043010753,0.0,17.23768802057516,5.225806451612903,0.008553711062740494,1.678042775208652,1.9393954350596028,0.0008442623906081524,0.21774193548387097,0.0,0.008553711062740494,1.0460434173669468,9.38508064516129,2.264145283743244,-2.9950126225766422,15.900900677700964,15.643931605054233,13.605873308633294,16.961792165713,20.047674560838697,0.0,0.00026881720430107527,2015,8
2015-09-01,291,0.2454590083456063,0.0,0.2643404705260376,0.0,0.0,0.0,0.0,0.0,0.0,0.0,0.0,0.0,0.0,0.0,0.0,0.0,0.0,0.2454590083456063,0.0,0.0,0.0,0.0,0.0,0.0,0.0,0.0,0.0,0.0,0.0,0.0,0.0,0.0,0.2643404705260376,0.0,0.0,0.0,0.0,0.0,0.0,0.0,0.0,0.0,0.0,0.0,0.0,0.0,0.0,0.0,0.0,0.0,0.0,0.0,0.0,0.0,0.0,0.0,0.0,0.0,0.0,0.0,0.0,0.0,0.0,0.0,0.42955326460481097,0.0,10.721815861294333,5.257731958762887,0.0,1.6639715051723432,1.8939559445504037,0.0,0.19243986254295534,0.0,0.0,1.5405175198989631,9.264604810996564,2.2504066833983694,-0.11756984437793559,15.47145184257533,15.616928758223816,13.430849792721624,16.72460276770049,19.678568763602755,0.0,0.0,2015,9
2015-10-01,257,0.6530434545998749,0.0,0.0,0.0,0.0,0.0,0.0,0.0,0.0,0.0,0.0,0.0,0.0,0.0,0.0,0.0,0.299311583358276,0.3537318712415989,0.0,0.0,0.0,0.0,0.0,0.0,0.0,0.0,0.0,0.0,0.0,0.0,0.0,0.0,0.0,0.0,0.0,0.0,0.0,0.0,0.0,0.0,0.0,0.0,0.0,0.0,0.0,0.0,0.0,0.0,0.0,0.0,0.0,0.0,0.0,0.0,0.0,0.0,0.0,0.0,0.0,0.0,0.0,0.0,0.0,0.0,0.0,0.0,10.046431257776742,5.221789883268483,0.0,1.6890409970568194,1.8979534421727324,0.0015132635395042847,0.20622568093385213,0.002751388253644154,0.0,2.5159267428364296,9.153696498054474,2.2044361499871914,0.9831096707138361,15.283138234060644,15.426120860708302,13.21332143874652,17.18327063001468,19.09027154783621,0.0,0.0,2015,10
2015-11-01,341,0.3885003885003885,0.0,0.0,0.0,0.0,0.0,0.0,0.0,0.0,0.0,0.2255808707421611,0.0,0.1629195177582274,0.0,0.0,0.0,0.0,0.0,0.0,0.0,0.0,0.0,0.0,0.0,0.0,0.0,0.0,0.0,0.0,0.0,0.0,0.0,0.0,0.0,0.0,0.0,0.0,0.0,0.0,0.0,0.0,0.0,0.0,0.0,0.0,0.0,0.0,0.0,0.0,0.0,0.0,0.0,0.0,0.0,0.0,0.0,0.0,0.0,0.0,0.0,0.0,0.0,0.0,0.0,0.48875855327468226,0.0,13.263544383088975,5.035190615835777,0.002073626924300726,1.6369632370263414,1.880353453078229,0.00362884711752627,0.17008797653958943,0.0,0.002073626924300726,1.301028720383559,8.963343108504398,2.2933116122040067,-3.172658357512743,15.846269184603756,15.468226905065016,13.333580868440546,16.810186610080738,20.12152501438339,0.0,0.0,2015,11
2015-12-01,253,1.1167576384967688,0.0,0.0,0.0,0.0,0.0,0.0,0.0,0.0,0.0,0.0,0.0,0.3952569169960474,0.0,0.0,0.0,0.4391743522178304,0.282326369282891,0.0,0.0,0.0,0.0,0.0,0.0,0.0,0.0,0.0,0.0,0.0,0.0,0.0,0.0,0.0,0.0,0.0,0.0,0.0,0.0,0.0,0.0,0.0,0.0,0.0,0.0,0.0,0.0,0.0,0.0,0.0,0.0,0.0,0.0,0.0,0.0,0.0,0.0,0.0,0.0,0.0,0.0,0.0,0.0,0.0,0.0,0.7575757575757577,0.0,17.008103135105426,5.094861660079052,0.0,1.678095595457721,1.9290138055238584,0.0,0.20948616600790515,0.0,0.0,1.5748963377421874,9.371541501976285,2.2204205087562996,-0.710886543246623,15.567819624842718,15.754062100267793,13.412325493700711,17.218498051738806,19.916581417144325,0.0,0.0,2015,12
2016-01-01,222,1.2474012474012472,0.0,0.0,0.0,0.0,0.0,0.0,0.0,0.0,0.34650034650034656,0.0,0.0,0.0,0.0,0.0,0.0,0.0,0.0,0.9009009009009009,0.0,0.0,0.0,0.0,0.0,0.0,0.0,0.0,0.0,0.0,0.0,0.0,0.0,0.0,0.0,0.0,0.0,0.0,0.0,0.0,0.0,0.0,0.0,0.0,0.0,0.0,0.0,0.0,0.0,0.0,0.0,0.0,0.0,0.0,0.0,0.0,0.0,0.0,0.0,0.0,0.0,0.0,0.0,0.0,0.0,0.0,0.32175032175032175,12.037440984809406,5.13063063063063,0.0,1.6763674949198886,1.9244241438607297,0.0,0.24324324324324326,0.0,0.0,1.7416596363964785,9.265765765765765,2.286319775058165,-5.387287774493634,16.195119643796115,15.77978190268558,13.579295711246795,17.464968510997924,20.272566651978416,0.0,0.0,2016,1
2016-02-01,352,0.9781200159489633,0.31565656565656564,0.14952153110047847,0.0,0.0,0.0,0.0,0.0,0.21853146853146857,0.0,0.0,0.0,0.14952153110047847,0.0,0.0,0.0,0.0,0.47348484848484845,0.35511363636363635,0.0,0.0,0.0,0.0,0.31565656565656564,0.0,0.0,0.0,0.0,0.0,0.0,0.0,0.0,0.14952153110047847,0.0,0.0,0.0,0.0,0.0,0.0,0.0,0.0,0.0,0.0,0.0,0.0,0.0,0.0,0.0,0.0,0.0,0.0,0.0,0.0,0.0,0.0,0.0,0.0,0.0,0.0,0.21853146853146857,0.0,0.0,0.0,0.0,0.0,0.0,12.151816812643853,5.045454545454546,0.0020088260829163283,1.6726770515067115,1.8942083240869039,0.0017409826051941516,0.21875,0.0020088260829163283,0.0020088260829163283,1.2052341597796143,8.924715909090908,2.2430176465979175,-0.11174412993333585,15.399958877944716,15.659327172484204,13.068065526294511,17.130199751731464,19.25054160128657,0.00025826446280991736,0.0,2016,2
2016-03-01,306,0.8169934640522876,0.0,0.3631082062454611,0.0,0.0,0.0,0.0,0.0,0.0,0.0,0.0,0.0,0.0,0.0,0.0,0.0,0.8169934640522876,0.0,0.0,0.0,0.0,0.0,0.0,0.0,0.0,0.0,0.0,0.0,0.0,0.0,0.0,0.0,0.3631082062454611,0.0,0.0,0.0,0.0,0.0,0.0,0.0,0.0,0.0,0.0,0.0,0.0,0.0,0.0,0.0,0.0,0.0,0.0,0.0,0.0,0.0,0.0,0.0,0.0,0.0,0.0,0.0,0.0,0.0,0.0,0.0,1.7610748002904866,0.0,12.699346234525013,5.140522875816994,0.004621612948931684,1.6874098964081639,1.9218043901919395,0.0031691060221245835,0.20915032679738563,0.002310806474465842,0.004621612948931684,2.0255703161063447,9.36437908496732,2.2498673975966366,-2.7462267879179425,15.859548072660822,15.436825133019827,13.505065404913243,17.106816020308667,19.72903048935344,0.0,0.0,2016,3
2016-04-01,260,0.27472527472527475,0.0,0.0,0.0,0.0,0.0,0.0,0.0,0.0,0.0,0.0,0.0,0.27472527472527475,0.0,0.0,0.0,0.0,0.0,0.0,0.0,0.0,0.0,0.0,0.0,0.0,0.0,0.0,0.0,0.0,0.0,0.0,0.0,0.0,0.0,0.0,0.0,0.0,0.0,0.0,0.0,0.0,0.0,0.0,0.0,0.0,0.0,0.0,0.0,0.0,0.0,0.0,0.0,0.0,0.0,0.0,0.0,0.0,0.0,0.0,0.0,0.0,0.0,0.0,0.0,0.3205128205128205,0.0,11.55130994780316,5.242307692307692,0.005439282932204212,1.6753408110398116,1.9539948263702431,0.0030149731325556364,0.2230769230769231,0.005439282932204212,0.005439282932204212,1.1384731407355841,9.621153846153845,2.234826564837877,-1.137820860224537,15.679200986505228,15.649662932891578,13.406424851126928,16.830757227363712,19.637669835522896,0.0003205128205128205,0.0,2016,4
2016-05-01,386,0.28785261945883706,0.0,0.3700962250185048,0.0,0.17271157167530227,0.0,0.0,0.0,0.0,0.0,0.0,0.0,0.0,0.0,0.0,0.0,0.0,0.0,0.28785261945883706,0.0,0.0,0.0,0.0,0.0,0.0,0.0,0.0,0.0,0.0,0.3700962250185048,0.0,0.0,0.0,0.0,0.0,0.0,0.0,0.0,0.0,0.0,0.0,0.0,0.0,0.17271157167530227,0.0,0.0,0.0,0.0,0.0,0.0,0.0,0.0,0.0,0.0,0.0,0.0,0.0,0.0,0.0,0.0,0.0,0.0,0.0,0.0,0.2158894645941278,0.14392630972941853,13.963967049916455,5.069948186528498,0.009159414264074451,1.6685465044661911,1.8895659355139975,0.0007327531411259558,0.21502590673575128,0.0,0.009159414264074451,2.235700734633987,8.985751295336788,2.2740117969686335,-3.8613880798712876,15.927891875396497,15.750621110837583,13.312716446282643,17.39793108191342,19.8931418919804,0.0,0.0003700962250185048,2016,5
2016-06-01,375,0.1904761904761905,0.2222222222222222,0.0,0.0,0.0,0.0,0.0,0.0,0.0,0.0,0.0,0.0,0.0,0.0,0.0,0.0,0.0,0.0,0.1904761904761905,0.0,0.0,0.0,0.0,0.2222222222222222,0.0,0.0,0.0,0.0,0.0,0.0,0.0,0.0,0.0,0.0,0.0,0.0,0.0,0.0,0.0,0.0,0.0,0.0,0.0,0.0,0.0,0.0,0.0,0.0,0.0,0.0,0.0,0.0,0.0,0.0,0.0,0.0,0.0,0.0,0.0,0.0,0.0,0.0,0.0,0.0,0.7555555555555555,0.0,16.39466295658246,5.008,0.0,1.6805325316514055,1.933922815631794,0.0009428090415820634,0.21333333333333335,0.0,0.0,0.8641604010025064,9.085333333333333,2.257107890167992,-2.8614942845730353,15.807182874995613,15.512628164804621,13.365061625670059,17.268340744704286,19.851067425782517,0.0,0.0,2016,6
2016-07-01,286,0.5244755244755245,0.0,0.19425019425019424,0.0,0.0,0.0,0.0,0.0,0.0,0.0,0.0,0.0,0.29137529137529133,0.0,0.0,0.0,0.0,0.23310023310023312,0.0,0.0,0.0,0.0,0.0,0.0,0.0,0.0,0.0,0.0,0.0,0.0,0.19425019425019424,0.0,0.0,0.0,0.0,0.0,0.0,0.0,0.0,0.0,0.0,0.0,0.0,0.0,0.0,0.0,0.0,0.0,0.0,0.0,0.0,0.0,0.0,0.0,0.0,0.0,0.0,0.0,0.0,0.0,0.0,0.0,0.0,0.0,0.24975024975024976,0.0,9.560622889418706,5.2972027972027975,0.004944802665640193,1.706677111213356,1.9494684385727168,0.0009536405140877519,0.26223776223776224,0.0024724013328200965,0.004944802665640193,1.686988225449764,9.589160839160838,2.2445113044891944,-0.7701227895921228,15.651237183219907,15.525755850610526,13.444321231826551,17.02241791874691,19.549917259269055,0.0,0.00019425019425019425,2016,7
2016-08-01,285,0.0,0.3898635477582846,0.0,0.0,0.0,0.0,0.0,0.0,0.0,0.0,0.0,0.0,0.0,0.0,0.0,0.0,0.0,0.0,0.0,0.0,0.0,0.0,0.0,0.3898635477582846,0.0,0.0,0.0,0.0,0.0,0.0,0.0,0.0,0.0,0.0,0.0,0.0,0.0,0.0,0.0,0.0,0.0,0.0,0.0,0.0,0.0,0.0,0.0,0.0,0.0,0.0,0.0,0.0,0.0,0.0,0.0,0.0,0.0,0.0,0.0,0.0,0.0,0.0,0.0,0.0,0.0,0.0,12.192118167350365,5.273684210526316,0.0024810764252159562,1.7121454073657987,1.9373951852067663,0.001895266713706633,0.2736842105263158,0.0024810764252159562,0.0024810764252159562,1.7280964649385704,9.375438596491229,2.2297702502537926,0.5973520689836709,15.400526896105845,15.491736683754842,13.194729927837606,16.91193746925589,19.173376993376994,0.0,0.0,2016,8
2016-09-01,316,0.5776572232268434,0.0,0.26371308016877637,0.0,0.2109704641350211,0.0,0.0,0.0,0.0,0.0,0.0,0.0,0.0,0.0,0.0,0.0,0.0,0.0,0.5776572232268434,0.0,0.0,0.0,0.0,0.0,0.0,0.0,0.0,0.0,0.0,0.26371308016877637,0.0,0.0,0.0,0.0,0.0,0.0,0.0,0.0,0.0,0.0,0.0,0.0,0.0,0.2109704641350211,0.0,0.0,0.0,0.0,0.0,0.0,0.0,0.0,0.0,0.0,0.0,0.0,0.0,0.0,0.0,0.0,0.0,0.0,0.0,0.0,0.0,0.0,16.241446755662768,5.231012658227848,0.02013911718569281,1.6959638978034104,1.9540270847448415,0.010814427243334736,0.2310126582278481,0.004475359374598403,0.02013911718569281,1.2077085694673968,9.376582278481013,2.2444370441470416,-1.571282619509442,15.704905685415618,15.614626602414324,13.193357250684127,16.877607420990625,19.151800368882117,0.0,0.00026371308016877635,2016,9
2016-10-01,384,0.0,0.0,0.16276041666666666,0.0,0.0,0.0,0.0,0.0,0.0,0.0,0.0,0.0,0.0,0.0,0.0,0.0,0.0,0.0,0.0,0.0,0.0,0.0,0.0,0.0,0.0,0.0,0.0,0.0,0.0,0.0,0.0,0.0,0.16276041666666666,0.0,0.0,0.0,0.0,0.0,0.0,0.0,0.0,0.0,0.0,0.0,0.0,0.0,0.0,0.0,0.0,0.0,0.0,0.0,0.0,0.0,0.0,0.0,0.0,0.0,0.0,0.0,0.0,0.0,0.0,0.0,0.2604166666666667,0.0,13.15433188135394,5.140625,0.014731391274719742,1.6830382574393583,1.8935603397402572,0.0019400716187688942,0.22395833333333334,0.0,0.014731391274719742,1.0950854700854702,9.143229166666666,2.2523138343840863,-1.4482000057999382,15.626007863791642,15.526069221526875,13.219246922501071,16.827204330257924,19.451557458404885,0.0,0.0,2016,10
2016-11-01,420,0.1984126984126984,0.6727994227994227,0.4629629629629629,0.0,0.0,0.0,0.0,0.0,0.0,0.0,0.0,0.0,0.0,0.0,0.0,0.0,0.1984126984126984,0.0,0.0,0.0,0.0,0.0,0.0,0.6727994227994227,0.0,0.0,0.0,0.0,0.0,0.0,0.0,0.0,0.4629629629629629,0.0,0.0,0.0,0.0,0.0,0.0,0.0,0.0,0.0,0.0,0.0,0.0,0.0,0.0,0.0,0.0,0.0,0.0,0.0,0.0,0.0,0.0,0.0,0.0,0.0,0.0,0.0,0.0,0.0,0.0,0.0,0.1984126984126984,0.0,16.264071868063464,4.9523809523809526,0.0,1.6764841259409295,1.854065131297274,0.0,0.25,0.0,0.0,2.447030482744769,8.728571428571428,2.2952098600611186,-3.644613189534164,15.853583627922196,15.703281631507387,13.118073912829416,16.96042205548518,19.637828178095763,0.00035650623885918,0.0,2016,11
2016-12-01,363,0.5356596265687175,0.0,0.0,0.0,0.0,0.0,0.0,0.0,0.0,0.0,0.30609121518212423,0.0,0.0,0.0,0.0,0.0,0.0,0.0,0.2295684113865932,0.0,0.0,0.0,0.0,0.0,0.0,0.0,0.0,0.0,0.0,0.0,0.0,0.0,0.0,0.0,0.0,0.0,0.0,0.0,0.0,0.0,0.0,0.0,0.0,0.0,0.0,0.0,0.0,0.0,0.0,0.0,0.0,0.0,0.0,0.0,0.0,0.0,0.0,0.0,0.0,0.0,0.0,0.0,0.0,0.0,0.48974594429139884,0.0,15.162314039703185,5.231404958677686,0.0,1.6954679626660445,1.8930764561080171,0.0024349407065652464,0.2231404958677686,0.0019479525652521972,0.0,1.0475264485959672,9.349862258953168,2.227236775734204,-0.6528093624044963,15.553038936200288,15.699921948338119,13.057852586692505,17.084460030536903,18.764747688144052,0.0,0.0,2016,12
2017-01-01,309,0.32362459546925565,0.9602048436999894,0.0,0.0,0.0,0.0,0.0,0.0,0.0,0.0,0.0,0.0,0.0,0.0,0.0,0.0,0.0,0.0,0.32362459546925565,0.0,0.0,0.0,0.0,0.9602048436999894,0.0,0.0,0.0,0.0,0.0,0.0,0.0,0.0,0.0,0.0,0.0,0.0,0.0,0.0,0.0,0.0,0.0,0.0,0.0,0.0,0.0,0.0,0.0,0.0,0.0,0.0,0.0,0.0,0.0,0.0,0.0,0.0,0.0,0.0,0.0,0.0,0.0,0.0,0.0,0.0,1.281458563011961,0.0,15.17391089778297,5.226537216828479,0.03203720044210895,1.6728025191667861,1.8949843652241694,0.006870562883928467,0.20711974110032363,0.004576742920301279,0.03203720044210895,1.5956490471053577,9.074433656957929,2.2862661354579505,-3.360647169957295,15.895180296812658,15.617381976982909,13.378483629098518,17.014397418892422,19.895014803740256,0.0,0.0,2017,1
2017-02-01,395,0.46212577858147474,0.0,0.0,0.0,0.0,0.0,0.0,0.0,0.0,0.0,0.0,0.0,0.0,0.0,0.0,0.0,0.0,0.18083182640144665,0.2812939521800281,0.0,0.0,0.0,0.0,0.0,0.0,0.0,0.0,0.0,0.0,0.0,0.0,0.0,0.0,0.0,0.0,0.0,0.0,0.0,0.0,0.0,0.0,0.0,0.0,0.0,0.0,0.0,0.0,0.0,0.0,0.0,0.0,0.0,0.0,0.0,0.0,0.0,0.0,0.0,0.0,0.0,0.0,0.0,0.0,0.0,0.0,0.0,12.913799611491346,5.243037974683545,0.0,1.681816931447428,1.9160743597843373,0.0,0.21265822784810126,0.0,0.0,1.3935010137541781,9.281012658227848,2.254588267751257,-1.7772348557504898,15.708474628561907,15.58196672912125,13.264447352689421,16.944427107637825,19.335513418665826,0.00019474196689386563,0.0,2017,2
2017-03-01,469,0.31229135706747646,0.0,0.0,0.0,0.0,0.0,0.0,0.0,0.10153315057366229,0.0,0.0,0.0,0.0,0.0,0.0,0.0,0.11845534233593934,0.0,0.1938360147315371,0.0,0.0,0.0,0.0,0.0,0.0,0.0,0.0,0.0,0.0,0.0,0.0,0.0,0.0,0.0,0.0,0.0,0.0,0.0,0.0,0.0,0.0,0.0,0.0,0.0,0.0,0.0,0.0,0.0,0.0,0.0,0.0,0.0,0.0,0.0,0.0,0.0,0.0,0.0,0.0,0.10153315057366229,0.0,0.0,0.0,0.0,0.3045994517209869,0.0,12.592934400911323,5.113006396588486,0.018092284380039594,1.674092598813747,1.8907628670923542,0.0049574807596300605,0.19829424307036247,0.0030153807300065997,0.018092284380039594,0.7632597623817992,9.016702203269366,2.23756251321752,-1.1482788848486516,15.558669431578926,15.643169169436957,12.997945415796968,17.115529454671854,18.821308048705777,0.0,0.0,2017,3
2017-04-01,354,0.3923414940364092,0.0,0.423728813559322,0.0,0.0,0.0,0.0,0.0,0.0,0.0,0.0,0.0,0.3923414940364092,0.0,0.0,0.0,0.0,0.0,0.0,0.0,0.0,0.0,0.0,0.0,0.0,0.0,0.0,0.0,0.0,0.0,0.0,0.0,0.423728813559322,0.0,0.0,0.0,0.0,0.0,0.0,0.0,0.0,0.0,0.0,0.0,0.0,0.0,0.0,0.0,0.0,0.0,0.0,0.0,0.0,0.0,0.0,0.0,0.0,0.0,0.0,0.0,0.0,0.0,0.0,0.0,0.26357708483744163,0.0,15.999676212786882,5.1158192090395485,0.001997476783012846,1.6928661657464947,1.9840986106164469,0.0013506747770848778,0.2598870056497175,0.003994953566025692,0.001997476783012846,1.9428440913984284,9.36723163841808,2.263720856612248,-3.199122209213164,15.92279356467542,15.606153466928367,13.32790312770348,17.335933553466955,19.504594283158593,0.0005021971123666039,0.0,2017,4
2017-05-01,521,0.3115886033352444,0.0,0.23306827529476282,0.0,0.0,0.0,0.0,0.0,0.0,0.0,0.0,0.0,0.17448961786773687,0.0,0.0,0.0,0.13709898546750754,0.0,0.0,0.0,0.0,0.0,0.0,0.0,0.0,0.0,0.0,0.0,0.0,0.0,0.13709898546750754,0.0,0.09596928982725528,0.0,0.0,0.0,0.0,0.0,0.0,0.0,0.0,0.0,0.0,0.0,0.0,0.0,0.0,0.0,0.0,0.0,0.0,0.0,0.0,0.0,0.0,0.0,0.0,0.0,0.0,0.0,0.0,0.0,0.0,0.0,0.12795905310300704,0.0,15.4389557906253,5.040307101727447,0.004071632137350561,1.6563347192312903,1.9000858374287362,0.0030319739313390405,0.21305182341650672,0.0,0.004071632137350561,1.3285445627096297,9.032629558541267,2.259946022255718,-2.634780578459568,15.753482415618581,15.734509143378796,13.121715989942903,17.360254653380757,19.603644057070728,0.0,0.00025000403232310195,2017,5
2017-06-01,458,0.36644578129294286,0.2963899701634097,0.4366812227074236,0.0,0.0,0.0,0.0,0.0,0.19849146486701072,0.0,0.0,0.0,0.0,0.0,0.0,0.0,0.0,0.19849146486701072,0.16795431642593217,0.0,0.0,0.0,0.0,0.2963899701634097,0.0,0.0,0.0,0.0,0.0,0.0,0.0,0.0,0.4366812227074236,0.0,0.0,0.0,0.0,0.0,0.0,0.0,0.0,0.0,0.0,0.0,0.0,0.0,0.0,0.0,0.0,0.0,0.0,0.0,0.0,0.0,0.0,0.0,0.0,0.0,0.0,0.19849146486701072,0.0,0.0,0.0,0.0,0.0,0.0,17.14631846050249,5.155021834061135,0.016325922925672007,1.6937241994184258,1.884521754983667,0.007001655998457698,0.23799126637554585,0.007152884021700642,0.016325922925672007,1.2625938293803691,9.135371179039302,2.221882945765387,0.8725789097158646,15.303588435010507,15.425890614268578,12.984347001911118,16.97035567838579,18.75137552956175,0.0,0.0,2017,6
2017-07-01,415,0.18535681186283598,0.20080321285140562,0.0,0.0,0.0,0.0,0.0,0.0,0.0,0.0,0.0,0.0,0.18535681186283598,0.0,0.0,0.0,0.0,0.0,0.0,0.0,0.0,0.0,0.0,0.20080321285140562,0.0,0.0,0.0,0.0,0.0,0.0,0.0,0.0,0.0,0.0,0.0,0.0,0.0,0.0,0.0,0.0,0.0,0.0,0.0,0.0,0.0,0.0,0.0,0.0,0.0,0.0,0.0,0.0,0.0,0.0,0.0,0.0,0.0,0.0,0.0,0.0,0.0,0.0,0.0,0.0,0.0,0.0,15.65232536454887,5.243373493975904,0.027715154776346073,1.699962797666751,1.926988930923934,0.009206107485006743,0.23132530120481928,0.0017038717618952954,0.027715154776346073,2.4109031249170756,9.308835341365462,2.246816454676692,-0.5021512551941093,15.539775903520058,15.5071945895824,13.259906596588577,16.808476113173384,18.961042084146268,0.0,0.0,2017,7
2017-08-01,377,0.7253283115352079,0.33156498673740054,0.44208664898320077,0.0,0.0,0.0,0.0,0.0,0.0,0.0,0.0,0.0,0.0,0.0,0.0,0.0,0.0,0.0,0.7253283115352079,0.0,0.0,0.0,0.0,0.33156498673740054,0.0,0.0,0.0,0.0,0.0,0.1768346595932803,0.0,0.0,0.26525198938992045,0.0,0.0,0.0,0.0,0.0,0.0,0.0,0.0,0.0,0.0,0.0,0.0,0.0,0.0,0.0,0.0,0.0,0.0,0.0,0.0,0.0,0.0,0.0,0.0,0.0,0.0,0.0,0.0,0.0,0.0,0.0,0.1768346595932803,0.13262599469496023,18.93069093490376,5.13262599469496,0.013129303629458442,1.6950825934673008,1.9561663193527514,0.004943990711179496,0.2413793103448276,0.0,0.013129303629458442,1.7265729833787908,9.274535809018568,2.232143421185968,-0.46358651925303557,15.52194811249535,15.643677978252935,13.229418055672248,17.122772288954078,19.04404040489726,0.00017683465959328028,0.00017683465959328028,2017,8
2017-09-01,452,0.14749262536873156,0.43457648546144123,0.6326657351342959,0.0,0.0,0.0,0.0,0.0,0.0,0.0,0.0,0.0,0.14749262536873156,0.0,0.0,0.0,0.0,0.0,0.0,0.0,0.0,0.0,0.0,0.43457648546144123,0.0,0.0,0.0,0.0,0.0,0.0,0.14749262536873156,0.0,0.4851731097655643,0.0,0.0,0.0,0.0,0.0,0.0,0.0,0.0,0.0,0.0,0.0,0.0,0.0,0.0,0.0,0.0,0.0,0.0,0.0,0.0,0.0,0.0,0.0,0.0,0.0,0.0,0.0,0.0,0.0,0.0,0.0,0.0,0.0,13.301371747151084,5.132743362831858,0.015643955335985567,1.692405488873839,1.9276042842929435,0.0041395531165026745,0.2345132743362832,0.0015643955335985565,0.015643955335985567,2.2091978023133674,9.176991150442477,2.283147500844544,-4.552716187873056,16.0766018525398,15.48923262462287,13.406591638983455,17.3834755320053,20.01739129454993,0.0,0.00036873156342182896,2017,9
2017-10-01,611,1.071682454661178,0.11690437222352117,0.3306386285109689,0.0,0.0,0.0,0.0,0.0,0.0,0.0,0.0,0.0,0.35337003422109803,0.0,0.0,0.0,0.0,0.0,0.7183124204400799,0.0,0.0,0.0,0.0,0.11690437222352117,0.0,0.0,0.0,0.0,0.0,0.0,0.0,0.0,0.3306386285109689,0.0,0.0,0.0,0.0,0.0,0.0,0.0,0.0,0.0,0.0,0.0,0.0,0.0,0.0,0.0,0.0,0.0,0.0,0.0,0.0,0.0,0.0,0.0,0.0,0.0,0.0,0.0,0.0,0.0,0.0,0.0,0.1818512456810329,0.13638843426077468,15.3786810958858,5.225859247135843,0.006943765445367079,1.6794143078915909,1.9035860921254733,0.0020151615591448907,0.18821603927986907,0.0011572942408945132,0.006943765445367079,1.0203744246297437,9.186579378068739,2.264563225161075,-2.3209261414986972,15.770921972176325,15.595064218527687,13.147680010834723,17.058775548039854,19.27462572559075,0.0,0.0,2017,10
2017-11-01,639,0.5508358794743772,0.2726798501446389,0.0,0.0,0.0,0.0,0.0,0.0,0.0,0.2825595548600243,0.0,0.0,0.0,0.0,0.0,0.0,0.0,0.1564945226917058,0.111781801922647,0.0,0.0,0.0,0.0,0.2726798501446389,0.0,0.0,0.0,0.0,0.0,0.0,0.0,0.0,0.0,0.0,0.0,0.0,0.0,0.0,0.0,0.0,0.0,0.0,0.0,0.0,0.0,0.0,0.0,0.0,0.0,0.0,0.0,0.0,0.0,0.0,0.0,0.0,0.0,0.0,0.0,0.0,0.0,0.0,0.0,0.0,0.1738828029907842,0.0,18.318940429726922,5.117370892018779,0.012172417203524293,1.6900177021385128,1.905356691942158,0.0046778297517676,0.2190923317683881,0.004426333528554288,0.012172417203524293,1.4530981227444837,9.050860719874805,2.278344838342077,-3.9155283454027403,15.956172873357936,15.728763022277828,13.219998449945706,17.55642954571434,19.487933128439533,0.0,0.00012038040207054293,2017,11
2017-12-01,451,0.6968641114982578,0.40650406504065034,0.3411222923418046,0.0,0.0,0.0,0.0,0.0,0.0,0.22172949002217296,0.0,0.0,0.31675641431738993,0.0,0.0,0.0,0.0,0.15837820715869497,0.0,0.0,0.0,0.0,0.0,0.0,0.0,0.0,0.40650406504065034,0.0,0.0,0.0,0.1705611461709023,0.0,0.1705611461709023,0.0,0.0,0.0,0.0,0.0,0.0,0.0,0.0,0.0,0.0,0.0,0.0,0.0,0.0,0.0,0.0,0.0,0.0,0.0,0.0,0.0,0.0,0.0,0.0,0.0,0.0,0.0,0.0,0.0,0.0,0.0,0.0,0.0,16.70426388243005,5.126385809312638,0.004703592779511403,1.696824679244812,1.9302401474244388,0.0018945026473032036,0.24168514412416853,0.0,0.004703592779511403,1.239901063821763,9.34589800443459,2.2507396385162854,-2.8734419876389685,15.861537352503165,15.556985314060073,13.40426069652559,17.266074895659397,19.782687966779736,0.0,0.00017056114617090227,2017,12
2018-01-01,406,0.4702194357366771,0.8210180623973727,0.13683634373289544,0.0,0.0,0.0,0.0,0.0,0.0,0.24630541871921183,0.0,0.0,0.2239140170174653,0.0,0.0,0.0,0.0,0.0,0.0,0.0,0.0,0.0,0.0,0.8210180623973727,0.0,0.0,0.0,0.0,0.0,0.0,0.0,0.0,0.13683634373289544,0.0,0.0,0.0,0.0,0.0,0.0,0.0,0.0,0.0,0.0,0.0,0.0,0.0,0.0,0.0,0.0,0.0,0.0,0.0,0.0,0.0,0.0,0.0,0.0,0.0,0.0,0.0,0.0,0.0,0.0,0.0,0.12963443090484833,0.0,19.455875550123594,5.145320197044335,0.020899707818321605,1.6944248327351668,1.9105436201845047,0.00584065908727506,0.22167487684729065,0.0017416423181934669,0.020899707818321605,2.25837722758905,9.291871921182265,2.2400713008929123,0.02520202884628405,15.473611332966595,15.478138245795064,13.227590796834733,16.802063196257524,19.170987596067285,0.0,0.0,2018,1
2018-02-01,705,0.46099290780141844,0.5426606490436278,0.22731405710129118,0.0,0.0,0.0,0.0,0.0,0.0,0.14184397163120568,0.0,0.0,0.0,0.0,0.0,0.0,0.0,0.14184397163120568,0.1773049645390071,0.0,0.0,0.0,0.0,0.5426606490436278,0.0,0.0,0.0,0.0,0.0,0.0,0.0,0.0,0.22731405710129118,0.0,0.0,0.0,0.0,0.0,0.0,0.0,0.0,0.0,0.0,0.0,0.0,0.0,0.0,0.0,0.0,0.0,0.0,0.0,0.0,0.0,0.0,0.0,0.0,0.0,0.0,0.0,0.0,0.0,0.0,0.0,0.1289490651192779,0.0,18.153234590908397,5.075177304964539,0.010029883421085779,1.683807822223963,1.9106174577008186,0.004211357003115423,0.18865248226950354,0.002005976684217156,0.010029883421085779,1.0095637223296798,9.004255319148935,2.260488345526167,-3.4751680144065795,15.857088982979539,15.59029612638198,13.045008585526626,17.380907876610397,19.1870304505625,0.0,0.0,2018,2
2018-03-01,669,0.598554410213603,0.45130504771760377,0.0,0.0,0.0,0.0,0.0,0.0,0.0,0.0,0.0,0.0,0.0,0.0,0.0,0.0,0.24912805181863476,0.0,0.3494263583949683,0.0,0.0,0.0,0.0,0.0,0.0,0.0,0.336322869955157,0.11498217776244683,0.0,0.0,0.0,0.0,0.0,0.0,0.0,0.0,0.0,0.0,0.0,0.0,0.0,0.0,0.0,0.0,0.0,0.0,0.0,0.0,0.0,0.0,0.0,0.0,0.0,0.0,0.0,0.0,0.0,0.0,0.0,0.0,0.0,0.0,0.0,0.0,0.2914478811339798,0.34877927254608865,17.907488487567345,5.0807174887892375,0.006341764853691008,1.6848468089469746,1.8987306055105966,0.0017055503962578095,0.22720478325859492,0.0,0.006341764853691008,1.067584413007784,9.04932735426009,2.25971635286026,-2.2015870016570562,15.714803376276674,15.540343662105816,13.049700793939087,17.131938883328328,19.054593186488674,0.0,0.0,2018,3
2018-04-01,602,0.38298265042451085,0.3262933080208828,0.0,0.0,0.0,0.0,0.0,0.0,0.0,0.0,0.0,0.0,0.0,0.0,0.0,0.0,0.0,0.08305647840531562,0.29992617201919525,0.0,0.0,0.0,0.0,0.3262933080208828,0.0,0.0,0.0,0.0,0.0,0.0,0.0,0.0,0.0,0.0,0.0,0.0,0.0,0.0,0.0,0.0,0.0,0.0,0.0,0.0,0.0,0.0,0.0,0.0,0.0,0.0,0.0,0.0,0.0,0.0,0.0,0.0,0.0,0.0,0.0,0.0,0.0,0.0,0.0,0.0,0.3123491495584519,0.13842746400885936,17.111451933844783,5.174418604651163,0.005872979910187272,1.696836094726331,1.9023614636671602,0.002174400895319335,0.2026578073089701,0.002349191964074909,0.005872979910187272,1.0408280156050744,9.27076411960133,2.2478399367878246,-1.7521555928435322,15.697681702624891,15.550519374186168,13.146557518072019,17.266391773913618,19.157759307246902,0.0,0.0,2018,4
2018-05-01,954,0.7055012511912252,0.25383318946027045,0.0,0.0,0.0,0.0,0.0,0.0,0.0,0.10482180293501048,0.0,0.0,0.2662141026920901,0.0,0.0,0.0,0.0,0.25383318946027045,0.08063215610385423,0.0,0.0,0.0,0.0,0.25383318946027045,0.0,0.0,0.0,0.0,0.0,0.0,0.0,0.0,0.0,0.0,0.0,0.0,0.0,0.0,0.0,0.0,0.0,0.0,0.0,0.0,0.0,0.0,0.0,0.0,0.0,0.0,0.0,0.0,0.0,0.0,0.0,0.0,0.0,0.0,0.0,0.0,0.0,0.0,0.0,0.0,0.595636493858742,0.0,17.88904967500388,4.955974842767295,0.008894424920585505,1.6706445322463785,1.913094528719324,0.0018142605377785203,0.19077568134171907,0.0014824041534309174,0.008894424920585505,1.454644374548185,8.805555555555555,2.253409062840798,-2.328996493937399,15.666515825261714,15.637159370197988,12.865073760656221,17.360658568175232,18.9397534409305,0.0001310272536687631,0.0,2018,5
2018-06-01,917,0.6941592274198598,0.13631406761177753,0.09913750371765638,0.0,0.0,0.0,0.0,0.0,0.0,0.0,0.0,0.0,0.2203055638170142,0.0,0.0,0.0,0.15578750584203147,0.0,0.3180661577608142,0.0,0.0,0.0,0.0,0.13631406761177753,0.0,0.0,0.0,0.0,0.0,0.0,0.0,0.0,0.09913750371765638,0.0,0.0,0.0,0.0,0.0,0.0,0.0,0.0,0.0,0.0,0.0,0.0,0.0,0.0,0.0,0.0,0.0,0.0,0.0,0.0,0.0,0.0,0.0,0.0,0.0,0.0,0.0,0.0,0.0,0.0,0.0,0.3800270975843495,0.0,19.194114836706948,5.054525627044711,0.01156663218952913,1.6736550547227658,1.8853149960129494,0.003009160342640991,0.21264994547437296,0.0007711088126352754,0.01156663218952913,1.8080817031916152,8.87568157033806,2.2419957808424624,-0.7130250665027663,15.465810492310988,15.511616608222397,12.8678644147377,17.214363047946843,18.98026749811409,0.00013631406761177754,0.0,2018,6
2018-07-01,739,0.33119789547394424,0.19331142470520007,0.0,0.0,0.0,0.0,0.0,0.0,0.0,0.1040907671489539,0.0,0.0,0.0,0.0,0.0,0.0,0.12301636117603641,0.1040907671489539,0.0,0.0,0.0,0.0,0.0,0.0,0.0,0.0,0.19331142470520007,0.0,0.0,0.0,0.0,0.0,0.0,0.0,0.0,0.0,0.0,0.0,0.0,0.0,0.0,0.0,0.0,0.0,0.0,0.0,0.0,0.0,0.0,0.0,0.0,0.0,0.0,0.0,0.0,0.0,0.0,0.0,0.0,0.0,0.0,0.0,0.0,0.0,0.0,0.07517666516313336,19.245546567842197,5.11637347767253,0.004784213675145788,1.7004680273816135,1.9190177635603216,0.001419316723626584,0.21921515561569688,0.0,0.004784213675145788,1.0978722074797853,9.312584573748309,2.261946747689656,-2.77257542505775,15.84558975648501,15.560913525009765,13.218832414679081,17.330602570871207,19.09681210480194,0.0,0.0,2018,7
2018-08-01,573,0.44952139192976887,0.0,0.0,0.0,0.0,0.0,0.0,0.0,0.0,0.0,0.0,0.0,0.0,0.0,0.0,0.0,0.0,0.3331746787244169,0.11634671320535196,0.0,0.0,0.0,0.0,0.0,0.0,0.0,0.0,0.0,0.0,0.0,0.0,0.0,0.0,0.0,0.0,0.0,0.0,0.0,0.0,0.0,0.0,0.0,0.0,0.0,0.0,0.0,0.0,0.0,0.0,0.0,0.0,0.0,0.0,0.0,0.0,0.0,0.0,0.0,0.0,0.0,0.0,0.0,0.0,0.0,0.7340923571290063,0.0,18.20038543167585,5.31064572425829,0.007404259488864373,1.7258012651560661,1.925413997380234,0.002900001633138545,0.2356020942408377,0.0012340432481440621,0.007404259488864373,1.5371268730644998,9.616928446771379,2.231757907234584,-1.5784087061750636,15.750668459848674,15.507954153948507,13.321475060469828,17.193004375571032,18.954118048918144,8.310479514667995e-05,0.0,2018,8
2018-09-01,749,0.6459791506520478,0.3671562082777036,0.21695594125500667,0.0,0.0,0.0,0.0,0.0,0.07417297136923304,0.0,0.0,0.0,0.0,0.0,0.0,0.0,0.12137395314965409,0.1955469245188871,0.3290582729835066,0.0,0.0,0.0,0.0,0.2558967512238541,0.0,0.0,0.11125945705384957,0.0,0.0,0.0,0.0,0.0,0.21695594125500667,0.0,0.0,0.0,0.0,0.0,0.0,0.0,0.0,0.0,0.0,0.0,0.0,0.0,0.0,0.0,0.0,0.0,0.0,0.0,0.0,0.0,0.0,0.0,0.0,0.0,0.0,0.07417297136923304,0.0,0.0,0.0,0.0,0.07417297136923304,0.0,18.760619843266888,5.230974632843791,0.029657147444053972,1.7102169237573888,1.9136632912462497,0.006289945346883266,0.20026702269692923,0.002832203395940778,0.029657147444053972,1.826254323701901,9.335781041388518,2.2556992420327227,-3.9418781770324376,16.010163759784497,15.577999760073817,13.246550099342018,17.554676728004026,19.248068669176188,0.00012137395314965408,0.0,2018,9
2018-10-01,1000,0.25,0.5034090909090909,0.125,0.0,0.0,0.0,0.0,0.0,0.07142857142857142,0.0,0.0,0.0,0.0,0.0,0.0,0.0,0.0,0.125,0.125,0.0,0.0,0.0,0.0,0.4034090909090909,0.0,0.0,0.1,0.0,0.0,0.0,0.0,0.0,0.125,0.0,0.0,0.0,0.0,0.0,0.0,0.0,0.0,0.0,0.0,0.0,0.0,0.0,0.0,0.0,0.0,0.0,0.0,0.0,0.0,0.0,0.0,0.0,0.0,0.0,0.0,0.07142857142857142,0.0,0.0,0.0,0.0,0.16666666666666666,0.07692307692307693,19.070811580060806,5.124,0.0049497474683058325,1.6942787846757326,1.914984241109338,0.0008562337882444796,0.221,0.0,0.0049497474683058325,1.883978929567165,9.1705,2.2504473636296627,-1.9499695047592518,15.692009428559807,15.53249045239686,12.994877306039818,17.13364390420726,18.67027571125424,0.0,0.0,2018,10
2018-11-01,939,0.5506917647492727,0.20024940152735682,0.27574927734672144,0.0,0.0,0.0,0.0,0.0,0.05071251077640854,0.0,0.0,0.0,0.10649627263045794,0.0,0.0,0.0,0.0,0.18556168715913127,0.2586338049596836,0.0,0.0,0.0,0.0,0.20024940152735682,0.0,0.0,0.0,0.0,0.0,0.0,0.13312034078807242,0.0,0.14262893655864903,0.0,0.0,0.0,0.0,0.0,0.0,0.0,0.0,0.0,0.0,0.0,0.0,0.0,0.0,0.0,0.0,0.0,0.0,0.0,0.0,0.0,0.0,0.0,0.0,0.0,0.0,0.05071251077640854,0.0,0.0,0.0,0.0,0.48190670724029117,0.1419950301739439,19.47646056193124,5.069222577209798,0.012801720213174982,1.683728166069039,1.9283621298036622,0.004881273858466854,0.19275825346112885,0.0022591270964426443,0.012801720213174982,1.6075836363376301,9.08839190628328,2.2520719925981374,-2.8521360688020363,15.79933645104999,15.58694481038382,13.12071206396845,17.467652681327884,19.080918832623514,0.0,0.00039936102236421724,2018,11
2018-12-01,800,0.3044871794871795,0.46875,0.24436090225563908,0.0,0.0,0.0,0.0,0.0,0.0,0.09615384615384617,0.0,0.0,0.0,0.0,0.0,0.0,0.0,0.0,0.20833333333333331,0.0,0.0,0.0,0.0,0.3125,0.0,0.0,0.15625,0.0,0.0,0.0,0.06578947368421052,0.0,0.17857142857142858,0.0,0.0,0.0,0.0,0.0,0.0,0.0,0.0,0.0,0.0,0.0,0.0,0.0,0.0,0.0,0.0,0.0,0.0,0.0,0.0,0.0,0.0,0.0,0.0,0.0,0.0,0.0,0.0,0.0,0.0,0.0,0.428495115995116,0.0,16.9674581417035,5.2175,0.011490485194281396,1.702879029363402,1.9285005745484214,0.001966865308743861,0.19,0.0017677669529663688,0.011490485194281396,0.920558608058608,9.265625,2.2624541717658135,-4.139189158444023,16.014130461816077,15.534728110498545,13.225911573399621,17.486215669583963,19.33235375777476,0.0,0.00017942583732057416,2018,12
2019-01-01,897,0.40394388220475175,0.6074440857049552,0.5797543841022101,0.0,0.0,0.0,0.0,0.0,0.0,0.0,0.0,0.0,0.17566974088713216,0.0,0.0,0.0,0.03716090672612412,0.0,0.19111323459149548,0.0,0.0,0.0,0.0,0.5060961582700714,0.0,0.0,0.10134792743488395,0.0,0.0,0.0,0.5100776839907275,0.0,0.06967670011148272,0.0,0.0,0.0,0.0,0.0,0.0,0.0,0.0,0.0,0.0,0.0,0.0,0.0,0.0,0.0,0.0,0.0,0.0,0.0,0.0,0.0,0.0,0.0,0.0,0.0,0.0,0.0,0.0,0.0,0.0,0.0,0.6429395176198246,0.05867511588335387,18.377643426309255,5.148272017837235,0.006306414993859955,1.704426011507351,1.9305888891117933,0.00124814463420145,0.22073578595317725,0.0007883018742324945,0.006306414993859955,1.3150945425192917,9.319397993311037,2.2367828393486775,-2.0589617236623483,15.746772479848469,15.453188744858846,13.059579354403727,17.429279040719127,18.83435984810025,0.0001238696890870804,0.0005100776839907275,2019,1
2019-02-01,928,0.5564030079116287,0.2624889478337754,0.2309113300492611,0.0,0.0,0.0,0.0,0.0,0.06338742393509128,0.07183908045977012,0.0,0.0,0.09796238244514106,0.0,0.0,0.0,0.0,0.0,0.3866015450067174,0.0,0.0,0.0,0.0,0.2624889478337754,0.0,0.0,0.0,0.0,0.0,0.0,0.0,0.0,0.2309113300492611,0.0,0.0,0.0,0.0,0.0,0.0,0.0,0.0,0.0,0.0,0.0,0.0,0.0,0.0,0.0,0.0,0.0,0.0,0.0,0.0,0.0,0.0,0.0,0.0,0.0,0.0,0.06338742393509128,0.0,0.0,0.0,0.0,0.17493282579489475,0.0,16.80139794234655,5.1594827586206895,0.006095748113677134,1.691969956244145,1.9014206913973917,0.0011819583023990037,0.21443965517241378,0.0015239370284192836,0.006095748113677134,1.699279527943321,9.109913793103448,2.2680613071551,-4.149160663788925,15.98475691811306,15.577811340464109,13.09520405769496,17.566958485103232,19.201095830631964,0.00019755747126436784,0.0,2019,2
2019-03-01,792,0.10521885521885521,1.1136525758851963,0.0573921028466483,0.0,0.0,0.0,0.0,0.0,0.07014590347923681,0.0,0.0,0.0,0.10521885521885521,0.0,0.0,0.0,0.0,0.0,0.0,0.0,0.0,0.0,0.0,0.6046708169034372,0.12626262626262627,0.0,0.3827191327191327,0.0,0.0,0.0,0.0,0.0,0.0573921028466483,0.0,0.0,0.0,0.0,0.0,0.0,0.0,0.0,0.0,0.0,0.0,0.0,0.0,0.0,0.0,0.0,0.0,0.0,0.0,0.0,0.0,0.0,0.0,0.0,0.0,0.0,0.07014590347923681,0.0,0.0,0.0,0.0,0.09018759018759019,0.0,16.564376975619822,5.196969696969697,0.009820927516479826,1.6971527600811607,1.9234985003764489,0.0029282094489071347,0.2032828282828283,0.000892811592407257,0.009820927516479826,1.376907544084343,9.191287878787879,2.2580333684296092,-3.712391838350513,15.94020955961042,15.543443092427818,13.181541467626946,17.593037383785468,19.248408204274142,0.00028559403559403555,0.0,2019,3
2019-04-01,838,0.3328678746339844,0.7519926374341649,0.1580890602370316,0.0,0.10848340203948796,0.0,0.0,0.0,0.07019514249613927,0.0,0.0,0.0,0.09179364787956674,0.0,0.0,0.0,0.0,0.0,0.2410742267544177,0.0,0.0,0.0,0.0,0.5350258333551889,0.0,0.0,0.21696680407897592,0.0,0.0,0.0,0.1580890602370316,0.0,0.0,0.0,0.0,0.0,0.0,0.0,0.0,0.0,0.0,0.0,0.0,0.10848340203948796,0.0,0.0,0.0,0.0,0.0,0.0,0.0,0.0,0.0,0.0,0.0,0.0,0.0,0.0,0.0,0.07019514249613927,0.0,0.0,0.0,0.0,0.34944172772335064,0.0,21.288428016447703,5.2601431980906925,0.02868929661138737,1.7162815834737384,1.9275368149533314,0.010433651638884234,0.21837708830548927,0.0042190142075569665,0.02868929661138737,1.4430012676888992,9.38365155131265,2.1903047816781345,1.792840122930369,15.227028480627855,15.466445170800858,12.988735750078291,17.108471645428516,18.31183803689996,0.0,0.0001580890602370316,2019,4
2019-05-01,1470,0.7140930929393683,0.3660757232185804,0.3479721336864194,0.0,0.0,0.0,0.0,0.0,0.03239390994493035,0.06802721088435375,0.037792894935752074,0.0,0.2577845434988292,0.0,0.0,0.0,0.04001600640256102,0.030921459492888062,0.27955097772498416,0.0,0.0,0.0,0.0,0.3660757232185804,0.0,0.0,0.0,0.0,0.0,0.0,0.1520305091733663,0.0,0.19594162451305308,0.0,0.0,0.0,0.0,0.0,0.0,0.0,0.0,0.0,0.0,0.0,0.0,0.0,0.0,0.0,0.0,0.0,0.0,0.0,0.0,0.0,0.0,0.0,0.0,0.0,0.0,0.03239390994493035,0.0,0.0,0.0,0.0,0.4100113793991345,0.056689342403628114,19.59327695783834,5.027891156462585,0.003848200169722708,1.6867146710586844,1.9104378478173258,0.0029098543184529306,0.20408163265306123,0.000962050042430677,0.003848200169722708,1.456548264771554,8.949319727891156,2.2544385472992134,-3.363659804170871,15.834802853469297,15.747924142229747,12.95007319255558,17.79841168047253,19.00185068642199,0.00023890508584386135,0.00022005772005772006,2019,5
2019-06-01,1340,0.726318283270365,0.3476933514246947,0.14510779436152568,0.0,0.0,0.0,0.0,0.0,0.06784260515603799,0.0,0.04975124378109453,0.0,0.07462686567164178,0.0,0.0,0.0,0.0,0.10146635244828489,0.5004738213693437,0.0,0.0,0.0,0.0,0.3476933514246947,0.0,0.0,0.0,0.0,0.0,0.0,0.08291873963515754,0.0,0.062189054726368154,0.0,0.0,0.0,0.0,0.0,0.0,0.0,0.0,0.0,0.0,0.0,0.0,0.0,0.0,0.0,0.0,0.0,0.0,0.0,0.0,0.0,0.0,0.0,0.0,0.0,0.0,0.06784260515603799,0.0,0.0,0.0,0.0,0.3388092007494993,0.0,15.913158564387462,5.094776119402985,0.010026140927271943,1.68463631249068,1.894588038871717,0.0038487984595500895,0.22014925373134328,0.0021107665110046197,0.010026140927271943,0.8738490278160349,8.909701492537314,2.2658267092835187,-4.260734221116003,15.95496079888048,15.609763392068404,12.988158748528473,17.588246900359017,19.26175412025111,0.0,8.291873963515754e-05,2019,6
2019-07-01,940,0.5284727093237732,0.4673252279635258,0.6216227625802094,0.0,0.0,0.0,0.0,0.0,0.0,0.0,0.0,0.0,0.18912529550827423,0.0,0.0,0.0,0.0,0.28868885251863974,0.05065856129685916,0.0,0.0,0.0,0.0,0.4673252279635258,0.0,0.0,0.0,0.0,0.0,0.0,0.0,0.0,0.6216227625802094,0.0,0.0,0.0,0.0,0.0,0.0,0.0,0.0,0.0,0.0,0.0,0.0,0.0,0.0,0.0,0.0,0.0,0.0,0.0,0.0,0.0,0.0,0.0,0.0,0.0,0.0,0.0,0.0,0.0,0.0,0.0,0.9534013476441511,0.0,18.082440540488427,5.172340425531915,0.009026895078977203,1.706436152490618,1.9653311433998624,0.0025265211208601963,0.2,0.0007522412565814336,0.009026895078977203,1.073801042511931,9.332978723404254,2.251962840261887,-3.7062746850168042,15.96865326575885,15.630695187959503,13.159860844752613,17.469344047745718,19.24347027966902,5.9101654846335695e-05,0.00013297872340425532,2019,7
2019-08-01,775,0.6918881336833651,0.4864311315924219,0.42074884180147337,0.0,0.0,0.0,0.0,0.0,0.06451612903225806,0.0,0.0,0.0,0.30824372759856633,0.0,0.0,0.0,0.0,0.09925558312655089,0.28438882295824797,0.0,0.0,0.0,0.0,0.4864311315924219,0.0,0.0,0.0,0.0,0.0,0.0,0.2112808903980381,0.0,0.20946795140343524,0.0,0.0,0.0,0.0,0.0,0.0,0.0,0.0,0.0,0.0,0.0,0.0,0.0,0.0,0.0,0.0,0.0,0.0,0.0,0.0,0.0,0.0,0.0,0.0,0.0,0.0,0.06451612903225806,0.0,0.0,0.0,0.0,1.641581168146633,0.2673228100173072,19.682056021514725,5.210322580645161,0.008211562620230874,1.713709441253473,1.9470113378558687,0.0023052806749868926,0.23225806451612904,0.0009123958466923194,0.008211562620230874,1.7738229512423063,9.43741935483871,2.228779231997848,-1.3787768527886557,15.67546826536647,15.584670878402997,13.1264470624347,17.422900465493406,18.806447004156677,0.0001935483870967742,0.0002112808903980381,2019,8
2019-09-01,1072,0.9113994421830243,0.4293436662839648,0.2609719260838664,0.0,0.09328358208955224,0.0,0.0,0.0,0.10364842454394692,0.0,0.0,0.0,0.10364842454394692,0.0,0.0,0.0,0.07773631840796019,0.0,0.7300146992311171,0.0,0.0,0.0,0.0,0.17101990049751242,0.0,0.0,0.25832376578645233,0.0,0.0,0.0,0.07773631840796019,0.0,0.1832356076759062,0.0,0.0,0.0,0.0,0.0,0.0,0.0,0.0,0.0,0.0,0.09328358208955224,0.0,0.0,0.0,0.0,0.0,0.0,0.0,0.0,0.0,0.0,0.0,0.0,0.0,0.0,0.0,0.10364842454394692,0.0,0.0,0.0,0.0,0.26359678878335596,0.042401628222523746,20.260678940023123,5.193097014925373,0.008574988950956266,1.689206381488187,1.8782641156473667,0.003092275354792224,0.21361940298507462,0.0013192290693778872,0.008574988950956266,0.9850069085143712,9.069962686567164,2.2716953190482854,-4.74308686957937,16.05813620467511,15.595942640475913,13.10925690026652,17.849172726520592,19.194233986721,0.0001451077943615257,7.77363184079602e-05,2019,9
2019-10-01,1420,0.2685811840741418,0.4083084364774506,0.14084507042253522,0.0,0.07042253521126761,0.0,0.0,0.0,0.0,0.0,0.06402048655569782,0.0,0.03353454057679409,0.0,0.0,0.0,0.0,0.1006036217303823,0.07042253521126761,0.0,0.0,0.0,0.0,0.3442879499217527,0.0,0.0,0.06402048655569782,0.0,0.0,0.0,0.0,0.0,0.14084507042253522,0.0,0.0,0.0,0.0,0.0,0.0,0.0,0.0,0.0,0.0,0.07042253521126761,0.0,0.0,0.0,0.0,0.0,0.0,0.0,0.0,0.0,0.0,0.0,0.0,0.0,0.0,0.0,0.0,0.0,0.0,0.0,0.0,0.18964665184086976,0.06402048655569782,19.716370212925398,5.161971830985915,0.018424613312607224,1.6985695226608677,1.9225169580489343,0.003632904399737698,0.21549295774647886,0.00199185008784943,0.018424613312607224,1.3168006320341383,9.147887323943662,2.2430994190677565,-2.953654587901066,15.822914716935294,15.726506072469661,13.107085034315936,17.641259054785714,19.19565000298616,0.00016601873685552227,0.0,2019,10
2019-11-01,1188,0.3809380387663216,0.37411148522259635,0.2809480082207355,0.0,0.0,0.0,0.0,0.0,0.0,0.0,0.0,0.0,0.11735949235949236,0.0,0.0,0.0,0.0,0.14666870727476788,0.11690983913206135,0.0,0.0,0.0,0.0,0.37411148522259635,0.0,0.0,0.0,0.0,0.0,0.0,0.19677292404565133,0.0,0.08417508417508418,0.0,0.0,0.0,0.0,0.0,0.0,0.0,0.0,0.0,0.0,0.0,0.0,0.0,0.0,0.0,0.0,0.0,0.0,0.0,0.0,0.0,0.0,0.0,0.0,0.0,0.0,0.0,0.0,0.0,0.0,0.0,0.7137347215762953,0.0,19.934432398631927,5.224747474747475,0.016277084434093363,1.704660869060398,1.9246582065569253,0.004423437368683619,0.20707070707070707,0.0016764005316184521,0.016277084434093363,0.9173637409361525,9.394640852974186,2.236899978206544,-2.7476442999040263,15.84799232826467,15.556404730536936,13.256346911126695,17.599877561910212,19.176155283076632,4.430267588162325e-05,0.0001967729240456513,2019,11
2019-12-01,1019,0.8749074499810516,0.32424863270377446,0.4911581904596971,0.0,0.07009673349221926,0.0,0.0,0.0,0.0,0.0,0.0,0.0,0.3492309674841569,0.0,0.0,0.0,0.17362421680380466,0.09813542688910697,0.2539168388039831,0.0,0.0,0.0,0.0,0.21807872642023768,0.05451968160505942,0.0,0.051650224678477345,0.0,0.0,0.0,0.1635590448151783,0.0,0.32759914564451886,0.0,0.0,0.0,0.0,0.0,0.0,0.0,0.0,0.0,0.0,0.07009673349221926,0.0,0.0,0.0,0.0,0.0,0.0,0.0,0.0,0.0,0.0,0.0,0.0,0.0,0.0,0.0,0.0,0.0,0.0,0.0,0.0,0.6539216426360686,0.0,16.925438343472475,5.136408243375858,0.009020989357630144,1.7114201495885388,1.9203455734309147,0.0010995363402019893,0.2433758586849853,0.001387844516558484,0.009020989357630144,1.2541151114146554,9.302747791952894,2.271375967577815,-3.900990728851422,16.004546224823574,15.7078769252061,13.269983592557361,17.643804600259774,19.31331096801342,0.0,0.00016355904481517829,2019,12
2020-01-01,881,0.765810995663436,0.3885334617457205,0.3774570743923752,0.0,0.0,0.0,0.0,0.0,0.0,0.1466136965569429,0.0,0.0,0.44457056375331067,0.0,0.0,0.0,0.0,0.0873133676765913,0.0873133676765913,0.0,0.0,0.0,0.0,0.3317797727559362,0.0,0.0,0.056753688989784334,0.0,0.0,0.09458948164964055,0.07567158531971245,0.0,0.20719600742302216,0.0,0.0,0.0,0.0,0.0,0.0,0.0,0.0,0.0,0.0,0.0,0.0,0.0,0.0,0.0,0.0,0.0,0.0,0.0,0.0,0.0,0.0,0.0,0.0,0.0,0.0,0.0,0.0,0.0,0.0,0.0,1.3312652657894308,0.0,21.079586317776105,5.292849035187287,0.017657604070492675,1.7188391511961976,1.953008617781319,0.00473958885593437,0.21679909194097616,0.0016052367336811522,0.017657604070492675,2.14674701971891,9.53405221339387,2.2559507820452254,-3.7800387800754804,16.029184372340545,15.651156390322766,13.309837745701731,17.773932462647576,19.228144725020286,0.0,0.00024120317820658342,2020,1
2020-02-01,1550,0.5165130568356374,0.5220639575478285,0.17204301075268816,0.0,0.07168458781362007,0.0,0.0,0.0,0.0,0.0,0.0,0.0,0.17921146953405018,0.0,0.0,0.0,0.1401689708141321,0.03225806451612903,0.16487455197132617,0.0,0.0,0.0,0.0,0.4414187962575059,0.0,0.0,0.08064516129032258,0.0,0.0,0.0,0.17204301075268816,0.0,0.0,0.0,0.0,0.0,0.0,0.0,0.0,0.0,0.0,0.0,0.0,0.07168458781362007,0.0,0.0,0.0,0.0,0.0,0.0,0.0,0.0,0.0,0.0,0.0,0.0,0.0,0.0,0.0,0.0,0.0,0.0,0.0,0.0,0.6451376475095639,0.0,21.712633389004107,5.141935483870967,0.006842968850192395,1.7040646165001023,1.9112550875642107,0.002499049590913216,0.2,0.0009123958466923194,0.006842968850192395,1.6288346905045197,9.05225806451613,2.2503917688453514,-3.2917813445647743,15.843323482743006,15.559680604902871,12.948071893794456,17.582392579882676,19.02660099455635,0.00028004253810705424,0.00035386119257086997,2020,2
2020-03-01,1079,0.5976054632217745,0.5448868400675629,0.24199361548759138,0.0,0.0,0.0,0.0,0.0,0.051488003295232204,0.06619886137958428,0.0,0.0,0.0772320049428483,0.0,0.0,0.0,0.18722910289175348,0.16396948741712414,0.10297600659046441,0.0,0.0,0.0,0.0,0.4831012361132843,0.06178560395427866,0.0,0.0,0.0,0.0,0.0,0.13901760889712697,0.0,0.10297600659046441,0.0,0.0,0.0,0.0,0.0,0.0,0.0,0.0,0.0,0.0,0.0,0.0,0.0,0.0,0.0,0.0,0.0,0.0,0.0,0.0,0.0,0.0,0.0,0.0,0.0,0.0,0.051488003295232204,0.0,0.0,0.0,0.0,0.5365554021717136,0.06178560395427866,21.933312540504016,5.2196478220574605,0.015072711739842997,1.7275492807386794,1.952261783807527,0.005175588492863274,0.21408711770157554,0.0026213411721466083,0.015072711739842997,1.272881428117758,9.398517145505098,2.2379482867900578,-2.7348660744750313,15.855223938124912,15.57088496896351,13.153293404168592,17.605109970491625,18.88344644990777,0.00015446400988569664,0.00013901760889712696,2020,3
2020-04-01,1030,0.7256112466189467,0.2500735510444248,0.14563106796116504,0.0,0.0,0.0,0.0,0.0,0.0,0.0,0.0,0.0,0.13002773925104025,0.0,0.0,0.0,0.1941747572815534,0.03347840642785403,0.367930343658499,0.0,0.0,0.0,0.0,0.06472491909385114,0.0,0.0,0.1853486319505737,0.0,0.0,0.06472491909385114,0.08090614886731391,0.0,0.0,0.0,0.0,0.0,0.0,0.0,0.0,0.0,0.0,0.0,0.0,0.0,0.0,0.0,0.0,0.0,0.0,0.0,0.0,0.0,0.0,0.0,0.0,0.0,0.0,0.0,0.0,0.0,0.0,0.0,0.0,0.0,0.7035839451526728,0.06472491909385114,21.3098626279963,5.263106796116505,0.021281854579400943,1.729349093591519,1.9560363621150467,0.0031726883403194587,0.22427184466019418,0.003432557190225959,0.021281854579400943,2.141184058659787,9.564563106796117,2.2525753284910377,-3.3399744264677365,15.983226298277321,15.595835084668632,13.389283522935045,17.769879211110734,19.27532685865939,0.0,0.00014563106796116503,2020,4
2020-05-01,1014,0.5080389695774311,0.5911558192778996,0.3498036042414741,0.0,0.0,0.0,0.0,0.0,0.0,0.0,0.06574621959237344,0.0,0.1793078716155639,0.0,0.0,0.0,0.0,0.0,0.2629848783694937,0.0,0.0,0.0,0.0,0.3983661528040226,0.05190491020450534,0.0,0.0,0.14088475626937166,0.0,0.0,0.20819636204251588,0.0,0.14160724219895818,0.0,0.0,0.0,0.0,0.0,0.0,0.0,0.0,0.0,0.0,0.0,0.0,0.0,0.0,0.0,0.0,0.0,0.0,0.0,0.0,0.0,0.0,0.0,0.0,0.0,0.0,0.0,0.0,0.0,0.0,0.0,0.7840100565853074,0.0,18.321827652146784,5.280078895463511,0.020222975004348994,1.7133209984141948,1.946938291712652,0.007218332817011312,0.2416173570019724,0.0027893758626688268,0.020222975004348994,1.6512157223086565,9.592209072978303,2.2358774615533323,-2.627330017459444,15.876826918704404,15.487931432472726,13.227867086212497,17.47485218762647,19.046025278161054,8.218277449046679e-05,0.0004547446855139163,2020,5
2020-06-01,2203,0.9530150587799249,0.3778381048013367,0.33466936553636506,0.0,0.0,0.0,0.0,0.0,0.05043627376809401,0.0412660421738951,0.05043627376809401,0.0,0.35898685467455327,0.0,0.0,0.0,0.10717708175719977,0.14548925125411735,0.24965955515206537,0.0,0.0,0.0,0.0,0.3129914670995016,0.0,0.0,0.06484663770183516,0.0,0.0,0.0,0.06396236536953741,0.0,0.2707070001668277,0.0,0.0,0.0,0.0,0.0,0.0,0.0,0.0,0.0,0.0,0.0,0.0,0.0,0.0,0.0,0.0,0.0,0.0,0.0,0.0,0.0,0.0,0.0,0.0,0.0,0.0,0.05043627376809401,0.0,0.0,0.0,0.0,0.28890008463317585,0.0,20.75665884907153,5.083522469359964,0.011876055789333753,1.692707801078442,1.9011481445757068,0.005176643398882168,0.2174307762142533,0.002246821365549629,0.011876055789333753,1.4097582790675098,8.994779845665002,2.245625715136172,-3.1786117720312035,15.816740338280708,15.635292152267354,12.990692014484216,17.71230039471391,19.01716296660933,0.00016698009208222556,9.066392207029307e-05,2020,6
2020-07-01,1443,0.4238254238254238,0.3690119074734459,0.16592035822805054,0.0,0.0,0.0,0.0,0.0,0.0,0.13282513282513284,0.0,0.0,0.0495000495000495,0.0,0.0,0.0,0.0462000462000462,0.0693000693000693,0.126000126000126,0.0,0.0,0.0,0.0,0.2482617867233252,0.0,0.0,0.12075012075012076,0.0,0.0,0.0,0.09662028892798125,0.0,0.0693000693000693,0.0,0.0,0.0,0.0,0.0,0.0,0.0,0.0,0.0,0.0,0.0,0.0,0.0,0.0,0.0,0.0,0.0,0.0,0.0,0.0,0.0,0.0,0.0,0.0,0.0,0.0,0.0,0.0,0.0,0.0,0.0,0.5276832199909123,0.0,21.35949214539355,5.188496188496188,0.005390280383265436,1.6969218247446416,1.9413238223867997,0.0012530651800058607,0.20166320166320167,0.0024501274469388343,0.005390280383265436,1.0116569624785865,9.204088704088704,2.2342651047987463,-3.5160369783437835,15.902870591909844,15.695037588650132,12.98559550440096,17.81958702313908,18.817234092246085,0.0,9.662028892798124e-05,2020,7
2020-08-01,943,0.61366258343989,0.30298439630359036,0.7815845255805333,0.0,0.0,0.0,0.0,0.0,0.0,0.0,0.0,0.0,0.2633633598638901,0.0,0.0,0.0,0.0,0.1779768481783328,0.172322375397667,0.0,0.0,0.0,0.0,0.30298439630359036,0.0,0.0,0.0,0.0,0.0,0.0,0.3022417874891208,0.0,0.47934273809141253,0.0,0.0,0.0,0.0,0.0,0.0,0.0,0.0,0.0,0.0,0.0,0.0,0.0,0.0,0.0,0.0,0.0,0.0,0.0,0.0,0.0,0.0,0.0,0.0,0.0,0.0,0.0,0.0,0.0,0.0,0.0,0.25440809363535166,0.0,21.60053572548771,5.279957582184518,0.018746203106748346,1.7070177239932904,1.9581116313955178,0.00821941365498762,0.23329798515376457,0.0007498481242699338,0.018746203106748346,1.7779454550398346,9.448568398727465,2.254854377767726,-3.0463409993100683,15.913494554070471,15.60867480549119,13.32371032354999,17.56126927820682,19.296672345321838,0.0,0.00030224178748912076,2020,8
2020-09-01,1023,0.17294533423565683,0.45382281452662687,0.14255457803844898,0.0,0.0,0.0,0.0,0.0,0.0,0.0,0.0,0.0,0.09775171065493646,0.0,0.0,0.0,0.0,0.0,0.07519362358072036,0.0,0.0,0.0,0.0,0.2949762847123551,0.0,0.0,0.15884652981427175,0.0,0.0,0.0,0.08145975887911372,0.0,0.06109481915933529,0.0,0.0,0.0,0.0,0.0,0.0,0.0,0.0,0.0,0.0,0.0,0.0,0.0,0.0,0.0,0.0,0.0,0.0,0.0,0.0,0.0,0.0,0.0,0.0,0.0,0.0,0.0,0.0,0.0,0.0,0.0,0.9304134439186144,0.12218963831867058,23.292840132289758,5.231671554252199,0.01451538847010508,1.737019225953939,1.960494340326517,0.006206368376678717,0.22678396871945258,0.002764835899067635,0.01451538847010508,1.4126185533810167,9.523949169110459,2.240179884444386,-3.8557094477871794,16.03309271539484,15.601604693591618,13.303469157249358,17.729275132171036,19.316485988303537,8.88651915044877e-05,8.145975887911372e-05,2020,9
2020-10-01,1061,0.3945237922617753,0.41555993488132975,0.3473984388216245,0.0,0.0942507068803016,0.0,0.0,0.0,0.0,0.0,0.07854225573358467,0.0,0.06283380458686774,0.0,0.0,0.0,0.0,0.0,0.2531477319413229,0.0,0.0,0.0,0.0,0.41555993488132975,0.0,0.0,0.0,0.0,0.0,0.0,0.0,0.0,0.3473984388216245,0.0,0.0,0.0,0.0,0.0,0.0,0.0,0.0,0.0,0.0,0.0942507068803016,0.0,0.0,0.0,0.0,0.0,0.0,0.0,0.0,0.0,0.0,0.0,0.0,0.0,0.0,0.0,0.0,0.0,0.0,0.0,0.0,0.5060129942316559,0.0,17.531599467050864,5.120640904806786,0.019993594190006056,1.6925795155413357,1.909782186011624,0.006087744093379435,0.20169651272384542,0.004665171977668079,0.019993594190006056,1.3168372811051747,9.14373232799246,2.2482709689624953,-3.005231163000964,15.836337338221966,15.607731591195664,13.06728081241843,17.73335867178807,19.00377085176656,0.0,0.0,2020,10
2020-11-01,697,0.5066996087626375,0.5972825198076274,0.6200504702487992,0.0,0.0,0.0,0.0,0.0,0.0,0.0,0.0,0.0,0.17990222314172247,0.0,0.0,0.0,0.0,0.23114937031723254,0.09564801530368246,0.0,0.0,0.0,0.0,0.36437339163307597,0.0,0.0,0.1304291117777488,0.10248001639680263,0.0,0.0,0.0,0.0,0.6200504702487992,0.0,0.0,0.0,0.0,0.0,0.0,0.0,0.0,0.0,0.0,0.0,0.0,0.0,0.0,0.0,0.0,0.0,0.0,0.0,0.0,0.0,0.0,0.0,0.0,0.0,0.0,0.0,0.0,0.0,0.0,0.0,1.1110415003037521,0.07173601147776183,16.41063928448829,5.282639885222381,0.0010145004034240281,1.7148561125578519,1.947366316414726,0.001479735941963936,0.25107604017216645,0.0010145004034240281,0.0010145004034240281,1.7571705636099255,9.67503586800574,2.2643067365855987,-5.019424351050803,16.232176077441867,15.56420006489001,13.593909994926275,17.755638016750733,19.891504094566756,0.0,0.0,2020,11
2020-12-01,685,0.518769551616267,0.2949200029492,0.0,0.0,0.0,0.0,0.0,0.0,0.0,0.2015988877302746,0.10427528675703858,0.0,0.09124087591240876,0.0,0.0,0.0,0.0,0.0,0.121654501216545,0.0,0.0,0.0,0.0,0.13271400132714,0.0,0.0,0.16220600162206,0.0,0.0,0.0,0.0,0.0,0.0,0.0,0.0,0.0,0.0,0.0,0.0,0.0,0.0,0.0,0.0,0.0,0.0,0.0,0.0,0.0,0.0,0.0,0.0,0.0,0.0,0.0,0.0,0.0,0.0,0.0,0.0,0.0,0.0,0.0,0.0,0.0,0.5758313057583131,0.0,18.121267208632467,5.181021897810219,0.005161363366325164,1.722351432217408,1.9557728923437483,0.0004962849390697274,0.23941605839416058,0.001032272673265033,0.005161363366325164,1.8230431369117501,9.515328467153285,2.2474343097486567,-1.703397995137691,15.75108185354348,15.550010939054557,13.295061872871841,17.18206524083221,19.18472273674587,0.0001824817518248175,0.0,2020,12
2021-01-01,552,0.49818840579710144,0.485248447204969,0.18115942028985507,0.0,0.0,0.0,0.0,0.0,0.0,0.0,0.0,0.0,0.0,0.0,0.0,0.0,0.0,0.15096618357487923,0.34722222222222227,0.0,0.0,0.0,0.0,0.485248447204969,0.0,0.0,0.0,0.0,0.0,0.0,0.0,0.0,0.18115942028985507,0.0,0.0,0.0,0.0,0.0,0.0,0.0,0.0,0.0,0.0,0.0,0.0,0.0,0.0,0.0,0.0,0.0,0.0,0.0,0.0,0.0,0.0,0.0,0.0,0.0,0.0,0.0,0.0,0.0,0.0,0.0,1.5474963844529062,0.3170289855072464,16.491643097259598,5.371376811594203,0.016417810948239485,1.720391869379201,1.9570717398609399,0.007417265125538361,0.2898550724637681,0.004888896037589255,0.016417810948239485,2.0840655271601563,9.753925120772948,2.252199531786006,-2.951711191816545,15.985415521443976,15.450773391325326,13.541839942736946,17.433042739478683,19.588809922703756,0.0,0.0,2021,1
2021-02-01,785,0.2951401040573015,0.12738853503184713,0.08492569002123143,0.0,0.0,0.0,0.0,0.0,0.0,0.10615711252653927,0.0,0.0,0.0,0.0,0.0,0.0,0.09799118079372858,0.0,0.09099181073703366,0.0,0.0,0.0,0.0,0.0,0.0,0.0,0.12738853503184713,0.0,0.0,0.0,0.0,0.0,0.08492569002123143,0.0,0.0,0.0,0.0,0.0,0.0,0.0,0.0,0.0,0.0,0.0,0.0,0.0,0.0,0.0,0.0,0.0,0.0,0.0,0.0,0.0,0.0,0.0,0.0,0.0,0.0,0.0,0.0,0.0,0.0,0.0,0.6110838913386685,0.0,18.37178921026607,5.0662420382165605,0.009908502666308308,1.6814687940595174,1.93006584637079,0.0019416661790543559,0.21528662420382166,0.0009007729696643918,0.009908502666308308,1.1664690373944777,9.178343949044587,2.2656917569392676,-4.52036457293567,16.04561075784288,15.641087944066642,13.311095002224596,17.73546602301782,19.701634338833763,9.099181073703366e-05,0.0,2021,2
2021-03-01,657,0.1170823088631308,0.0,0.7405160373196903,0.0,0.0,0.0,0.0,0.0,0.0,0.0,0.1170823088631308,0.0,0.0,0.0,0.0,0.0,0.0,0.0,0.0,0.0,0.0,0.0,0.0,0.0,0.0,0.0,0.0,0.0,0.0,0.1383700013837,0.27059022492812446,0.0,0.3315558110078658,0.0,0.0,0.0,0.0,0.0,0.0,0.0,0.0,0.0,0.0,0.0,0.0,0.0,0.0,0.0,0.0,0.0,0.0,0.0,0.0,0.0,0.0,0.0,0.0,0.0,0.0,0.0,0.0,0.0,0.0,0.0,1.1653053823346597,0.2959580585151361,15.80863457551047,5.322678843226789,0.01614399043804903,1.7205155525570297,1.9285096667499089,0.0034469423621491745,0.258751902587519,0.0032287980876098063,0.01614399043804903,1.9927487402076371,9.535007610350076,2.247537280047553,-2.6740847735286426,15.8817708837588,15.55169485509478,13.373196980163577,17.575212174818812,19.516198207562933,0.00012683916793505834,0.0004089602263118245,2021,3
2021-04-01,541,0.5913764150145578,0.3927911275415896,0.3613469903965088,0.0,0.0,0.0,0.0,0.0,0.0,0.3286095707537482,0.0,0.0,0.0,0.0,0.0,0.0,0.0,0.0,0.26276684426080965,0.0,0.0,0.0,0.0,0.3927911275415896,0.0,0.0,0.0,0.0,0.0,0.0,0.0,0.0,0.3613469903965088,0.0,0.0,0.0,0.0,0.0,0.0,0.0,0.0,0.0,0.0,0.0,0.0,0.0,0.0,0.0,0.0,0.0,0.0,0.0,0.0,0.0,0.0,0.0,0.0,0.0,0.0,0.0,0.0,0.0,0.0,0.0,0.43130006161429446,0.0,19.442567347848247,5.33271719038817,0.011763329077040531,1.7219211196801103,1.9606268075575652,0.004495413637185523,0.23290203327171904,0.0013070365641156148,0.011763329077040531,2.2108000851069245,9.702402957486136,2.2606560112208034,-2.5616871446826073,15.915162161268315,15.50753020149272,13.644356561943326,17.256766519015788,19.929553444062755,0.0,0.0,2021,4
2021-05-01,654,0.511466107796383,0.584526329939174,0.0,0.0,0.0,0.0,0.0,0.0,0.0,0.2919099249374479,0.0,0.0,0.10193679918450561,0.0,0.0,0.0,0.0,0.0,0.11761938367442956,0.0,0.0,0.0,0.0,0.43162113116241557,0.0,0.0,0.1529051987767584,0.0,0.0,0.0,0.0,0.0,0.0,0.0,0.0,0.0,0.0,0.0,0.0,0.0,0.0,0.0,0.0,0.0,0.0,0.0,0.0,0.0,0.0,0.0,0.0,0.0,0.0,0.0,0.0,0.0,0.0,0.0,0.0,0.0,0.0,0.0,0.0,0.0,0.3073138032095058,0.0,15.715169528354838,5.258409785932722,0.0064872181760233716,1.721992563743323,1.9259292033598745,0.0017479448974285197,0.23394495412844038,0.0,0.0064872181760233716,2.225404964206907,9.54434250764526,2.2197561399908117,0.10422331049199322,15.49279574085409,15.443606946465263,13.241765747368834,17.260705141910325,19.045722426794374,0.0,0.0,2021,5
2021-06-01,980,0.5639097744360901,0.09276437847866419,0.272108843537415,0.0,0.0,0.0,0.0,0.0,0.0,0.0,0.0,0.0,0.1984126984126984,0.0,0.0,0.0,0.08503401360544217,0.056689342403628114,0.2237737200143215,0.0,0.0,0.0,0.0,0.09276437847866419,0.0,0.0,0.0,0.0,0.0,0.0,0.0,0.0,0.272108843537415,0.0,0.0,0.0,0.0,0.0,0.0,0.0,0.0,0.0,0.0,0.0,0.0,0.0,0.0,0.0,0.0,0.0,0.0,0.0,0.0,0.0,0.0,0.0,0.0,0.0,0.0,0.0,0.0,0.0,0.0,0.0,0.8355094452033227,0.0,19.388707316180938,5.206122448979592,0.012987675572814139,1.7105506451932755,1.8980291795881294,0.0026318940446496374,0.24591836734693878,0.0007215375318230077,0.012987675572814139,1.4169097542446882,9.353571428571428,2.252713729536557,-2.745821868060521,15.848124783883971,15.589323184832121,13.297616822643656,17.466318667344822,19.33396273338366,0.0,0.0,2021,6
2021-07-01,628,0.42769067450596115,0.27297543221110104,0.1326963906581741,0.0,0.09366804046459348,0.0,0.0,0.0,0.0,0.0,0.0,0.0,0.0,0.0,0.0,0.0,0.0,0.0,0.42769067450596115,0.0,0.11373976342129209,0.0,0.0,0.1592356687898089,0.0,0.0,0.0,0.0,0.0,0.0,0.1326963906581741,0.0,0.0,0.0,0.0,0.0,0.0,0.0,0.0,0.0,0.0,0.0,0.0,0.09366804046459348,0.0,0.0,0.0,0.0,0.0,0.0,0.0,0.0,0.0,0.0,0.0,0.0,0.0,0.0,0.0,0.0,0.0,0.0,0.0,0.0,0.1326963906581741,0.0,19.255512376111906,5.297770700636943,0.027023189089931756,1.7267675488114953,1.9700643369298345,0.009869551174097681,0.24363057324840764,0.0011259662120804898,0.027023189089931756,1.7648332735912353,9.59952229299363,2.2348464760000333,-2.141288805934337,15.818568178981947,15.490178150628795,13.525404626101443,17.514991534400963,19.606781734454234,0.0,0.0001326963906581741,2021,7
2021-08-01,409,0.44630729227306243,0.18807598269700962,0.0,0.0,0.18807598269700962,0.0,0.0,0.0,0.0,0.0,0.17464198393293748,0.0,0.0,0.0,0.0,0.0,0.0,0.2716653083401249,0.0,0.0,0.0,0.0,0.0,0.18807598269700962,0.0,0.0,0.0,0.0,0.0,0.0,0.0,0.0,0.0,0.0,0.0,0.0,0.0,0.0,0.0,0.0,0.0,0.0,0.0,0.18807598269700962,0.0,0.0,0.0,0.0,0.0,0.0,0.0,0.0,0.0,0.0,0.0,0.0,0.0,0.0,0.0,0.0,0.0,0.0,0.0,0.0,0.39182496395210337,0.1528117359413203,13.254871663812901,5.398533007334963,0.0106574546296838,1.7320223546534979,1.973847574578087,0.006512629997393829,0.27383863080684595,0.0012224938875305623,0.0106574546296838,2.333261685339925,10.043398533007334,2.2450184382848173,-1.251528460764249,15.832828127108746,15.421811258545992,13.662195708249886,17.32055375217046,19.333017863995472,0.00020374898125509371,0.0,2021,8
2021-09-01,548,0.2620250795433277,0.09604302727621974,0.788883901271192,0.0,0.0,0.0,0.0,0.0,0.0,0.2620250795433277,0.0,0.0,0.0,0.0,0.0,0.0,0.0,0.0,0.0,0.0,0.0,0.0,0.0,0.09604302727621974,0.0,0.0,0.0,0.0,0.0,0.0,0.2281021897810219,0.0,0.5607817114901701,0.0,0.0,0.0,0.0,0.0,0.0,0.0,0.0,0.0,0.0,0.0,0.0,0.0,0.0,0.0,0.0,0.0,0.0,0.0,0.0,0.0,0.0,0.0,0.0,0.0,0.0,0.0,0.0,0.0,0.0,0.0,0.6982600732600733,0.0,16.0996406866833,5.344890510948905,0.015484090098975495,1.730954647261468,2.012510422547485,0.004023517351476207,0.28832116788321166,0.0012903408415812913,0.015484090098975495,2.926805286455351,10.010948905109489,2.255283042056658,-5.044506152307366,16.316198460407943,15.682538371631862,13.787864702183162,17.785168893207178,19.99285651619102,0.0002281021897810219,0.0002281021897810219,2021,9
2021-10-01,812,0.3172115241080758,0.20525451559934318,0.4789272030651341,0.0,0.0,0.0,0.0,0.0,0.0,0.0,0.0,0.0,0.21458426630840424,0.0,0.0,0.0,0.0,0.0,0.10262725779967159,0.0,0.0,0.0,0.0,0.0,0.0,0.0,0.20525451559934318,0.0,0.0,0.0,0.0,0.0,0.4789272030651341,0.0,0.0,0.0,0.0,0.0,0.0,0.0,0.0,0.0,0.0,0.0,0.0,0.0,0.0,0.0,0.0,0.0,0.0,0.0,0.0,0.0,0.0,0.0,0.0,0.0,0.0,0.0,0.0,0.0,0.0,0.0,0.7550878240533413,0.08210180623973728,19.483308130273738,5.059113300492611,0.007677591771775869,1.7070949492296812,1.947237743312343,0.0026546176409424044,0.23275862068965517,0.0,0.007677591771775869,3.3117172132941777,9.269704433497537,2.25451440638486,-4.565819866325551,16.069349553746385,15.748765294598225,13.244612032110965,17.88379149232907,19.615247169690583,0.0,0.0,2021,10
2021-11-01,624,0.46073717948717946,0.40827228327228327,0.0,0.0,0.12327416173570022,0.0,0.0,0.0,0.0,0.0,0.0,0.0,0.10016025641025642,0.0,0.0,0.0,0.0,0.0,0.3605769230769231,0.0,0.0,0.0,0.0,0.40827228327228327,0.0,0.0,0.0,0.0,0.0,0.0,0.0,0.0,0.0,0.0,0.0,0.0,0.0,0.0,0.0,0.0,0.0,0.0,0.0,0.12327416173570022,0.0,0.0,0.0,0.0,0.0,0.0,0.0,0.0,0.0,0.0,0.0,0.0,0.0,0.0,0.0,0.0,0.0,0.0,0.0,0.0,0.4424446060475472,0.0,15.688917861310097,5.325320512820513,0.003399551832627633,1.7087684292279022,1.9321828141890738,0.00088336839287218,0.2467948717948718,0.0011331839442092109,0.003399551832627633,2.008861699413021,9.569711538461538,2.232151731365892,-3.413921321115058,15.971151667190144,15.656419842926413,13.279237255417643,17.728750477129395,19.26165114483613,0.00026709401709401707,0.0,2021,11
2021-12-01,591,1.2368419654176597,0.24172105390379503,0.27116143867412906,0.0,0.0,0.0,0.0,0.0,0.0,0.0,0.40839798976556213,0.0,0.1692047377326565,0.0,0.0,0.0,0.23073373327180435,0.12086052695189752,0.3076449776957391,0.0,0.0,0.0,0.0,0.24172105390379503,0.0,0.0,0.0,0.0,0.0,0.0,0.0,0.0,0.27116143867412906,0.0,0.0,0.0,0.0,0.0,0.0,0.0,0.0,0.0,0.0,0.0,0.0,0.0,0.0,0.0,0.0,0.0,0.0,0.0,0.0,0.0,0.0,0.0,0.0,0.0,0.0,0.0,0.0,0.0,0.0,0.0,0.5436946352144919,0.0,16.677226077518387,5.326565143824027,0.0131610399205618,1.7102088584850237,1.9174665643541733,0.0020140379272374875,0.22504230118443316,0.0023929163491930544,0.0131610399205618,1.1651936144321933,9.589678510998308,2.233330283000648,-1.232406939415304,15.69628775633907,15.426252026802809,13.430914501927052,17.11311860365553,19.254214042206566,0.00014100394811054708,0.0,2021,12
2022-01-01,496,0.7152457757296466,0.30188028290495084,0.0,0.0,0.0,0.0,0.0,0.0,0.0,0.14400921658986177,0.16801075268817203,0.0,0.0,0.0,0.0,0.0,0.0,0.0,0.4032258064516129,0.0,0.0,0.0,0.0,0.30188028290495084,0.0,0.0,0.0,0.0,0.0,0.0,0.0,0.0,0.0,0.0,0.0,0.0,0.0,0.0,0.0,0.0,0.0,0.0,0.0,0.0,0.0,0.0,0.0,0.0,0.0,0.0,0.0,0.0,0.0,0.0,0.0,0.0,0.0,0.0,0.0,0.0,0.0,0.0,0.0,0.0,0.6124755620723362,0.0,17.397900413168063,5.469758064516129,0.014256185104567491,1.7347909806231214,1.9469652973021048,0.0011110772835464505,0.23588709677419356,0.0,0.014256185104567491,2.4163652602931536,9.88608870967742,2.23594275007945,-0.8521977517201951,15.72773759821523,15.372815311024357,13.54983303738117,17.019020022774974,19.066686877100842,0.0,0.0,2022,1
2022-02-01,745,0.3433181285530279,0.5086822200916161,0.0,0.0,0.0,0.0,0.0,0.0,0.0,0.17286963595688426,0.0,0.0,0.0,0.0,0.0,0.0,0.0,0.0,0.17044849259614359,0.0,0.0,0.0,0.0,0.5086822200916161,0.0,0.0,0.0,0.0,0.0,0.0,0.0,0.0,0.0,0.0,0.0,0.0,0.0,0.0,0.0,0.0,0.0,0.0,0.0,0.0,0.0,0.0,0.0,0.0,0.0,0.0,0.0,0.0,0.0,0.0,0.0,0.0,0.0,0.0,0.0,0.0,0.0,0.0,0.0,0.0,0.30179551991632525,0.0,18.528262652818515,5.275167785234899,0.0056948197142540746,1.7179055854160854,1.9285290359394391,0.0023851838003443268,0.2134228187919463,0.0009491366190423458,0.0056948197142540746,1.3537642337484421,9.545637583892617,2.262870252605505,-5.306427563312707,16.235817510100155,15.642764897182758,13.450331747627626,17.83104662695763,19.562691866099446,0.0002833706189410887,0.0,2022,2
2022-03-01,690,0.7884386145255711,0.2766798418972332,0.0630119722747322,0.0,0.0,0.0,0.0,0.0,0.0,0.35302861389817913,0.0,0.0,0.33879164313946925,0.0,0.0,0.0,0.0,0.0,0.09661835748792272,0.0,0.0,0.0,0.0,0.14492753623188406,0.0,0.0,0.13175230566534915,0.0,0.0,0.0,0.0,0.0,0.0630119722747322,0.0,0.0,0.0,0.0,0.0,0.0,0.0,0.0,0.0,0.0,0.0,0.0,0.0,0.0,0.0,0.0,0.0,0.0,0.0,0.0,0.0,0.0,0.0,0.0,0.0,0.0,0.0,0.0,0.0,0.0,0.0,0.07627765064836002,0.0,19.19890799354066,5.305797101449276,0.008198339492017941,1.7368706553514803,1.9602797944329442,0.0019403635738509566,0.26231884057971017,0.003074377309506729,0.008198339492017941,2.20541656102648,9.685507246376812,2.241556284665216,-1.8528252730689923,15.809055424903692,15.473124860851014,13.538800173087356,17.434309247796854,19.517245151811043,0.0001610305958132045,0.00012077294685990338,2022,3
2022-04-01,493,0.26871933565645534,0.3872395353125576,0.0,0.0,0.0,0.0,0.0,0.0,0.0,0.0,0.0,0.0,0.0,0.0,0.0,0.0,0.0,0.0,0.26871933565645534,0.0,0.0,0.0,0.0,0.3872395353125576,0.0,0.0,0.0,0.0,0.0,0.0,0.0,0.0,0.0,0.0,0.0,0.0,0.0,0.0,0.0,0.0,0.0,0.0,0.0,0.0,0.0,0.0,0.0,0.0,0.0,0.0,0.0,0.0,0.0,0.0,0.0,0.0,0.0,0.0,0.0,0.0,0.0,0.0,0.0,0.0,0.5006363600206817,0.0,14.665978681687092,5.318458417849898,0.0014342936738063845,1.715945004724815,1.9510858833380953,0.00019123915650751789,0.2535496957403651,0.0014342936738063845,0.0014342936738063845,1.8053841583253347,9.724137931034482,2.3047373043838264,-8.035923068604268,16.67448071725909,15.751700217772534,13.862966179744184,18.187315435284024,20.401868673579123,0.0,0.0,2022,4
2022-05-01,703,0.3641227039396376,0.3200568990042674,0.158052789631737,0.0,0.0,0.0,0.0,0.0,0.0,0.0,0.0,0.0,0.06184674376894057,0.0,0.0,0.0,0.11853959222380274,0.09483167377904221,0.08890469416785206,0.0,0.0,0.0,0.0,0.17780938833570412,0.0,0.0,0.1422475106685633,0.0,0.0,0.0,0.0,0.0,0.158052789631737,0.0,0.0,0.0,0.0,0.0,0.0,0.0,0.0,0.0,0.0,0.0,0.0,0.0,0.0,0.0,0.0,0.0,0.0,0.0,0.0,0.0,0.0,0.0,0.0,0.0,0.0,0.0,0.0,0.0,0.0,0.0,0.6919585866954288,0.0,15.229923690898108,5.221906116642959,0.015087626910097032,1.7070767628255101,1.9516606812280595,0.003110280206796377,0.22475106685633,0.0020116835880129376,0.015087626910097032,1.274449223365632,9.629445234708392,2.233632781600029,-2.807573908196341,15.915048048015299,15.69888608571851,13.469640753452879,17.591712473758548,19.39389568643276,0.000129315918789603,0.0,2022,5
2022-06-01,883,0.41574129909350754,0.1258336479174531,0.0,0.0,0.0,0.0,0.0,0.0,0.11325028312570781,0.16178611875101118,0.07550018875047187,0.0,0.0,0.0,0.0,0.0,0.0,0.0,0.1784549915920244,0.0,0.0,0.0,0.0,0.0,0.0,0.0,0.1258336479174531,0.0,0.0,0.0,0.0,0.0,0.0,0.0,0.0,0.0,0.0,0.0,0.0,0.0,0.0,0.0,0.0,0.0,0.0,0.0,0.0,0.0,0.0,0.0,0.0,0.0,0.0,0.0,0.0,0.0,0.0,0.0,0.0,0.11325028312570781,0.0,0.0,0.0,0.0,1.0894415764177938,0.0,17.12529811704452,5.221970554926387,0.015215208202202044,1.7146008818879666,1.93170222376272,0.007418641777013142,0.20838052095130238,0.0016016008633896886,0.015215208202202044,1.398453691771925,9.340317100792753,2.2694515134533684,-4.444785101840694,16.07729456840557,15.645133787487058,13.326538153348293,17.834100920293537,19.62430401949842,8.089305937550558e-05,0.0,2022,6
2022-07-01,562,0.8777402905516785,0.6672597864768683,0.3530475060724171,0.0,0.0,0.0,0.0,0.0,0.0,0.0,0.0,0.0,0.0,0.0,0.0,0.0,0.0,0.08896797153024912,0.7887723190214293,0.0,0.0,0.0,0.0,0.6672597864768683,0.0,0.0,0.0,0.0,0.12709710218607015,0.0,0.12709710218607015,0.0,0.09885330170027679,0.0,0.0,0.0,0.0,0.0,0.0,0.0,0.0,0.0,0.0,0.0,0.0,0.0,0.0,0.0,0.0,0.0,0.0,0.0,0.0,0.0,0.0,0.0,0.0,0.0,0.0,0.0,0.0,0.0,0.0,0.0,1.3238392686791265,0.0,17.395276250328877,5.201067615658363,0.008807379836843118,1.7108073919720728,1.9518556061833339,0.0034181021747748293,0.2508896797153025,0.0,0.008807379836843118,3.2576399189859524,9.559608540925266,2.2389973423784695,-2.743551257954885,15.888235574195793,15.600939527166643,13.433891949941362,17.413570718390922,19.329918098108138,0.0,0.00012709710218607016,2022,7
2022-08-01,535,0.43305604053267605,0.14378145219266716,0.3776078542433683,0.0,0.0,0.0,0.0,0.0,0.0,0.0,0.0,0.0,0.2772928006572866,0.0,0.0,0.0,0.0,0.1557632398753894,0.0,0.0,0.0,0.0,0.0,0.14378145219266716,0.0,0.0,0.0,0.0,0.0,0.0,0.0,0.0,0.3776078542433683,0.0,0.0,0.0,0.0,0.0,0.0,0.0,0.0,0.0,0.0,0.0,0.0,0.0,0.0,0.0,0.0,0.0,0.0,0.0,0.0,0.0,0.0,0.0,0.0,0.0,0.0,0.0,0.0,0.0,0.0,0.0,0.5545856013145732,0.0,14.32772793413337,5.360747663551402,0.013216949181056963,1.721325703440867,1.9532187527344924,0.004765444454725539,0.2261682242990654,0.002643389836211393,0.013216949181056963,1.548347810030053,9.725233644859813,2.253484967503008,-3.671470466789056,16.066246261833356,15.633864131549853,13.60147339686369,17.571890859904446,19.665039857505935,0.0,0.0,2022,8
2022-09-01,589,0.45220060075747687,0.510072836049067,0.09432182607055271,0.0,0.0,0.0,0.0,0.0,0.0,0.0,0.0,0.0,0.13059945148230379,0.0,0.0,0.0,0.3216011492751731,0.0,0.0,0.0,0.0,0.0,0.0,0.510072836049067,0.0,0.0,0.0,0.0,0.0,0.0,0.0,0.0,0.09432182607055271,0.0,0.0,0.0,0.0,0.0,0.0,0.0,0.0,0.0,0.0,0.0,0.0,0.0,0.0,0.0,0.0,0.0,0.0,0.0,0.0,0.0,0.0,0.0,0.0,0.0,0.0,0.0,0.0,0.0,0.0,0.0,0.404236397445226,0.0,17.633350049892755,5.33446519524618,0.007395504849572389,1.7247592808976824,1.9349970596977406,0.0017280825935656707,0.2563667232597623,0.00360156255273284,0.007395504849572389,2.045639971073749,9.775891341256367,2.236561653550615,-1.3385094741602506,15.757581830150649,15.46981029537499,13.600928453955971,17.21519693468084,19.50932921482996,0.00014148273910582907,0.0,2022,9
2022-10-01,833,0.6535947712418301,0.3025019531622173,0.29059242744716934,0.0,0.0,0.0,0.0,0.0,0.0,0.0,0.0,0.0,0.12004801920768307,0.0,0.0,0.0,0.08003201280512205,0.13338668800853673,0.3201280512204882,0.0,0.0,0.0,0.0,0.15244192915261343,0.0,0.0,0.0,0.15006002400960383,0.0,0.0,0.05716572343223003,0.0,0.23342670401493928,0.0,0.0,0.0,0.0,0.0,0.0,0.0,0.0,0.0,0.0,0.0,0.0,0.0,0.0,0.0,0.0,0.0,0.0,0.0,0.0,0.0,0.0,0.0,0.0,0.0,0.0,0.0,0.0,0.0,0.0,0.0,0.6726933197521433,0.0,16.04311454232847,5.2629051620648255,0.010186412213971874,1.7113914501537826,1.9266688598438528,0.0041554094269694785,0.22088835534213686,0.0008488676844976561,0.010186412213971874,1.0263656437915616,9.56062424969988,2.2536815054313255,-4.298883328105375,16.098363938274307,15.703222075940882,13.47823358039245,17.71145754526878,19.51198368984497,0.00010004001600640255,5.7165723432230034e-05,2022,10
2022-11-01,666,0.4843479843479843,0.243993993993994,0.16087516087516088,0.0,0.0,0.0,0.0,0.0,0.0,0.0,0.0,0.0,0.0,0.0,0.0,0.0,0.0,0.38424788424788425,0.1001001001001001,0.0,0.0,0.0,0.0,0.15015015015015015,0.0,0.0,0.09384384384384384,0.0,0.0,0.0,0.0,0.0,0.16087516087516088,0.0,0.0,0.0,0.0,0.0,0.0,0.0,0.0,0.0,0.0,0.0,0.0,0.0,0.0,0.0,0.0,0.0,0.0,0.0,0.0,0.0,0.0,0.0,0.0,0.0,0.0,0.0,0.0,0.0,0.0,0.0,0.0,0.0,17.226439107244058,5.2507507507507505,0.014864106511428927,1.7180218762247415,1.9694832880010897,0.0021170916050771474,0.22372372372372373,0.0,0.014864106511428927,1.4433114433114433,9.691441441441441,2.2480468170676216,-3.2577324947833883,15.997870949495665,15.602684169974426,13.559647124235124,17.604378442658476,19.41798208682267,0.0,0.0,2022,11
2022-12-01,504,0.1322751322751323,0.11022927689594356,0.4188712522045855,0.0,0.0,0.0,0.0,0.0,0.0,0.0,0.0,0.0,0.0,0.0,0.0,0.0,0.0,0.0,0.1322751322751323,0.0,0.0,0.0,0.0,0.11022927689594356,0.0,0.0,0.0,0.0,0.0,0.0,0.2204585537918871,0.0,0.1984126984126984,0.0,0.0,0.0,0.0,0.0,0.0,0.0,0.0,0.0,0.0,0.0,0.0,0.0,0.0,0.0,0.0,0.0,0.0,0.0,0.0,0.0,0.0,0.0,0.0,0.0,0.0,0.0,0.0,0.0,0.0,0.0,0.8621504157218443,0.40064102564102566,14.421799216967285,5.363095238095238,0.01122391716169123,1.715868756990499,1.9744036280354096,0.0005010677304326444,0.21626984126984128,0.001402989645211404,0.01122391716169123,0.7755416981607457,9.729166666666666,2.256708199150242,-5.193081840545053,16.26756683698473,15.648132884161502,13.645967158083357,17.850500532686848,19.807780049341677,0.0,0.0002204585537918871,2022,12
2023-01-01,571,0.8780880465991048,0.3849040626623814,0.15921031682853048,0.0,0.0,0.0,0.0,0.0,0.0,0.0,0.0,0.0,0.25018764073054794,0.0,0.0,0.0,0.0,0.5357260119151971,0.09217439395335975,0.0,0.0,0.0,0.0,0.3849040626623814,0.0,0.0,0.0,0.0,0.0,0.0,0.0,0.0,0.15921031682853048,0.0,0.0,0.0,0.0,0.0,0.0,0.0,0.0,0.0,0.0,0.0,0.0,0.0,0.0,0.0,0.0,0.0,0.0,0.0,0.0,0.0,0.0,0.0,0.0,0.0,0.0,0.0,0.0,0.0,0.0,0.0,0.7317551100388229,0.06254691018263699,19.21669730859188,5.353765323992994,0.0,1.719877336353268,1.9887807872999983,0.0,0.23992994746059546,0.0,0.0,1.4693775484957106,9.805604203152365,2.262276326013971,-6.01647156812872,16.391784106762593,15.600636492709805,13.691257956254455,17.994968043878178,19.8018432336649,0.0,0.0,2023,1
2023-02-01,764,0.3988231082471921,0.41065797128073234,0.19633507853403143,0.0,0.0,0.0,0.0,0.0,0.0,0.1879446905624916,0.14543339150668994,0.0,0.06544502617801047,0.0,0.0,0.0,0.0,0.0,0.0,0.0,0.0,0.0,0.0,0.41065797128073234,0.0,0.0,0.0,0.0,0.0,0.0,0.0,0.0,0.19633507853403143,0.0,0.0,0.0,0.0,0.0,0.0,0.0,0.0,0.0,0.0,0.0,0.0,0.0,0.0,0.0,0.0,0.0,0.0,0.0,0.0,0.0,0.0,0.0,0.0,0.0,0.0,0.0,0.0,0.0,0.0,0.0,0.2886293462209693,0.0,17.77705824406828,5.294502617801047,0.010180856797188512,1.7103630465900295,1.9638376816287013,0.0017415502116665117,0.2238219895287958,0.0018510648722160931,0.010180856797188512,2.433355314658704,9.770942408376964,2.241530796278242,-4.047716704218174,16.111779232604743,15.738521979110473,13.410650337389082,17.92549065501353,19.37317820586132,0.0,0.0,2023,2
2023-03-01,676,0.39629174244558857,0.09861932938856016,0.253592561284869,0.0,0.0,0.0,0.0,0.0,0.0,0.0,0.10566356720202874,0.0,0.08218277449046679,0.0,0.0,0.0,0.0,0.13448090371167293,0.07396449704142012,0.0,0.0,0.0,0.0,0.09861932938856016,0.0,0.0,0.0,0.0,0.0,0.0,0.14792899408284024,0.0,0.10566356720202874,0.0,0.0,0.0,0.0,0.0,0.0,0.0,0.0,0.0,0.0,0.0,0.0,0.0,0.0,0.0,0.0,0.0,0.0,0.0,0.0,0.0,0.0,0.0,0.0,0.0,0.0,0.0,0.0,0.0,0.0,0.0,1.3146468915699685,0.0,16.910848326375373,5.423076923076923,0.005230079742504049,1.7432485727097309,1.973315333494079,0.003357213091854981,0.2514792899408284,0.00209203189700162,0.005230079742504049,1.9464468798788328,9.872041420118343,2.234937278815375,-1.9906014105352723,15.867456650012555,15.46072087150364,13.61148357832441,17.509745350788556,19.488831957779635,0.0,0.00014792899408284024,2023,3
2023-04-01,528,0.46134421134421133,0.758395644759281,0.13528138528138528,0.0,0.0,0.0,0.0,0.0,0.07575757575757576,0.0,0.0,0.0,0.31565656565656564,0.0,0.0,0.0,0.0,0.0,0.1456876456876457,0.0,0.0,0.0,0.0,0.3457190957190957,0.10521885521885521,0.0,0.30745769382133015,0.0,0.0,0.0,0.0,0.0,0.13528138528138528,0.0,0.0,0.0,0.0,0.0,0.0,0.0,0.0,0.0,0.0,0.0,0.0,0.0,0.0,0.0,0.0,0.0,0.0,0.0,0.0,0.0,0.0,0.0,0.0,0.0,0.0,0.07575757575757576,0.0,0.0,0.0,0.0,0.4266566766566767,0.0,18.889372267708012,5.316287878787879,0.01740982605194151,1.748813192526346,1.989434846455028,0.004844815847033498,0.25,0.0013392173886108856,0.01740982605194151,0.6255457876447181,9.977272727272727,2.2424482545099926,-3.681662975783108,16.11361845414068,15.60470634102139,13.702733737732546,17.720766955489548,19.626822981435282,0.00010521885521885521,0.00015782828282828281,2023,4
2023-05-01,860,0.6289640591966174,0.4641224408666269,0.2703239912542238,0.0,0.0,0.0,0.0,0.0,0.0,0.0,0.0,0.0,0.30523255813953487,0.0,0.0,0.0,0.0,0.2510570824524313,0.07267441860465117,0.0,0.0,0.0,0.0,0.21864440469091634,0.11627906976744186,0.0,0.12919896640826872,0.0,0.11627906976744186,0.0894454382826476,0.06459948320413436,0.0,0.0,0.0,0.0,0.0,0.0,0.0,0.0,0.0,0.0,0.0,0.0,0.0,0.0,0.0,0.0,0.0,0.0,0.0,0.0,0.0,0.0,0.0,0.0,0.0,0.0,0.0,0.0,0.0,0.0,0.0,0.0,0.0,0.8500285244471291,0.0,17.909180467815,5.248837209302326,0.006577737499409745,1.7071778788151248,1.9455656349619115,0.003636501701964442,0.22674418604651161,0.0016444343748524362,0.006577737499409745,2.2729654576349803,9.656976744186046,2.259424413771523,-4.294975273020572,16.13237084323785,15.64810813593904,13.479125150831125,17.81435415958238,19.59026591044015,0.0,0.00015404492148678194,2023,5
2023-06-01,833,0.4592746189384845,0.45622644662260514,0.35566174521756755,0.0,0.054567281458037756,0.0,0.0,0.0,0.0,0.0,0.0,0.0,0.2000800320128051,0.0,0.0,0.0,0.0,0.07503001200480192,0.18416457492087743,0.0,0.0,0.0,0.0,0.284729276325915,0.0,0.0,0.17149717029669012,0.0,0.0,0.0,0.24652718230149204,0.0,0.10913456291607551,0.0,0.0,0.0,0.0,0.0,0.0,0.0,0.0,0.0,0.0,0.054567281458037756,0.0,0.0,0.0,0.0,0.0,0.0,0.0,0.0,0.0,0.0,0.0,0.0,0.0,0.0,0.0,0.0,0.0,0.0,0.0,0.0,0.5739358680535152,0.0,16.996805500767458,5.2533013205282115,0.005942073791483593,1.7033033967856408,1.9538764970920288,0.0022447834323382457,0.20888355342136855,0.0008488676844976561,0.005942073791483593,1.377439087523121,9.612845138055222,2.2864371737305356,-7.085493766049175,16.50478494836238,15.776798559568222,13.664618738309144,18.22708876102746,20.21008031513411,0.0001403158666063828,0.000246527182301492,2023,6
2023-07-01,582,0.2753546567979558,0.5480868882930738,0.48921344024436797,0.0,0.0,0.0,0.0,0.0,0.0,0.0,0.0,0.0,0.1321702352630188,0.0,0.0,0.0,0.143184421534937,0.0,0.0,0.0,0.0,0.0,0.0,0.40490246675813685,0.0,0.0,0.0,0.143184421534937,0.0,0.0,0.2983008781977854,0.0,0.19091256204658263,0.0,0.0,0.0,0.0,0.0,0.0,0.0,0.0,0.0,0.0,0.0,0.0,0.0,0.0,0.0,0.0,0.0,0.0,0.0,0.0,0.0,0.0,0.0,0.0,0.0,0.0,0.0,0.0,0.0,0.0,0.0,0.752802943524593,0.0,18.237158377873644,5.216494845360825,0.008504720735920675,1.7070216773304723,1.950125129033412,0.0030750061708447883,0.23883161512027493,0.001214960105131525,0.008504720735920675,2.321249292898777,9.618556701030927,2.279686869564307,-6.633453214118049,16.450503801866827,15.812452862534649,13.538192181902097,17.900509283376447,19.801751565897717,0.0,0.0002983008781977854,2023,7
2023-08-01,482,0.43324383695386864,0.4184246312632937,0.6258935109313434,0.0,0.0,0.0,0.0,0.0,0.0,0.0,0.0,0.0,0.0,0.0,0.0,0.0,0.0,0.22577495728581887,0.2074688796680498,0.0,0.0,0.0,0.0,0.12204051745179399,0.0,0.0,0.2963841138114997,0.0,0.0,0.0,0.0,0.0,0.6258935109313434,0.0,0.0,0.0,0.0,0.0,0.0,0.0,0.0,0.0,0.0,0.0,0.0,0.0,0.0,0.0,0.0,0.0,0.0,0.0,0.0,0.0,0.0,0.0,0.0,0.0,0.0,0.0,0.0,0.0,0.0,0.0,0.14819205690574985,0.0,15.408620728944971,5.375518672199171,0.030807556856675307,1.7400229450796756,1.8808573993143416,0.009277937182271264,0.27800829875518673,0.008802159101907231,0.030807556856675307,1.544833952693362,9.760373443983402,2.2237599033853996,-0.5321879829379969,15.649037767962449,15.556370337172746,13.38734807370225,17.192003073499432,18.926216051432835,0.0001886080724254998,0.0,2023,8
2023-09-01,575,0.47911338448422847,0.6493072145246058,0.6976791324617412,0.0,0.0,0.0,0.0,0.0,0.0,0.27621483375959077,0.0,0.0,0.08695652173913043,0.0,0.0,0.0,0.0,0.0,0.11594202898550725,0.0,0.0,0.0,0.0,0.5250836120401338,0.0,0.0,0.12422360248447205,0.0,0.0,0.17391304347826086,0.0,0.0,0.5237660889834803,0.0,0.0,0.0,0.0,0.0,0.0,0.0,0.0,0.0,0.0,0.0,0.0,0.0,0.0,0.0,0.0,0.0,0.0,0.0,0.0,0.0,0.0,0.0,0.0,0.0,0.0,0.0,0.0,0.0,0.0,0.0,0.2484472049689441,0.0,20.266604548323663,5.464347826086956,0.012297509238026914,1.7388089865688627,1.936317126558794,0.0013804556938765509,0.2539130434782609,0.0012297509238026914,0.012297509238026914,1.820019435942932,9.98,2.274950381788652,-5.4811340114414335,16.377850627353897,15.672704377025688,13.72835947257029,17.782240907318105,19.841520333399494,0.00013377926421404682,0.00028260869565217394,2023,9
2023-10-01,913,0.7188260200308393,0.4425415159259628,0.07301935012778386,0.0,0.10952902519167579,0.0,0.0,0.0,0.07823501799405413,0.07823501799405413,0.0,0.0,0.1624881142953432,0.0,0.0,0.0,0.0,0.308593682087658,0.16950920565378397,0.0,0.0,0.0,0.0,0.4425415159259628,0.0,0.0,0.0,0.0,0.0,0.0,0.07301935012778386,0.0,0.0,0.0,0.0,0.0,0.0,0.0,0.0,0.0,0.0,0.0,0.0,0.10952902519167579,0.0,0.0,0.0,0.0,0.0,0.0,0.0,0.0,0.0,0.0,0.0,0.0,0.0,0.0,0.0,0.07823501799405413,0.0,0.0,0.0,0.0,0.6335577529443903,0.0,19.43800452946805,5.282584884994524,0.006970384480480753,1.7270422555998162,1.9690354330658355,0.001501029885479189,0.2628696604600219,0.0023234614934935847,0.006970384480480753,2.442722608949012,9.667579408543263,2.247069341432539,-4.62161423452215,16.173404051980988,15.667722255243447,13.56262568390076,17.963573167060527,19.717501915165865,0.0,0.00023550746442312708,2023,10
2023-11-01,665,0.4268022998673153,0.734411787043366,0.5698395172079382,0.0,0.0,0.0,0.0,0.0,0.10741138560687433,0.0,0.0,0.0,0.09398496240601503,0.0,0.0,0.0,0.0,0.18244139761167624,0.15037593984962405,0.0,0.0,0.0,0.0,0.734411787043366,0.0,0.0,0.0,0.0,0.0,0.0,0.2523791997476208,0.0,0.31746031746031744,0.0,0.0,0.0,0.0,0.0,0.0,0.0,0.0,0.0,0.0,0.0,0.0,0.0,0.0,0.0,0.0,0.0,0.0,0.0,0.0,0.0,0.0,0.0,0.0,0.0,0.0,0.10741138560687433,0.0,0.0,0.0,0.0,0.7982076403129035,0.0,16.068890075966593,5.3007518796992485,0.013823140083346041,1.7295644377746335,1.960494945219089,0.004044245455022347,0.24360902255639097,0.0,0.013823140083346041,1.3900543655077047,9.742857142857142,2.2636105470496277,-4.66613894595823,16.207649928170326,15.757069651454007,13.767049370079832,18.057974041155003,20.15945989178979,0.0,0.0002523791997476208,2023,11
2023-12-01,688,0.4751788908765653,0.9222366780506316,0.1321353065539112,0.0,0.0,0.0,0.0,0.0,0.0,0.0,0.0,0.0,0.2422480620155039,0.0,0.0,0.0,0.0,0.0,0.23293082886106145,0.0,0.0,0.0,0.0,0.810429880197322,0.0,0.0,0.11180679785330949,0.0,0.0,0.0,0.0,0.0,0.1321353065539112,0.0,0.0,0.0,0.0,0.0,0.0,0.0,0.0,0.0,0.0,0.0,0.0,0.0,0.0,0.0,0.0,0.0,0.0,0.0,0.0,0.0,0.0,0.0,0.0,0.0,0.0,0.0,0.0,0.0,0.0,0.0,1.2556354906303606,0.0,18.760201926702358,5.347383720930233,0.0,1.735115431059734,1.996033176337054,0.0,0.2369186046511628,0.0,0.0,2.0398401101763084,9.970930232558139,2.22674285615249,-3.1501122251906,16.038006102400278,15.582291699069414,13.602094483496991,17.871352645462775,19.607306994232662,0.00012112403100775194,0.0,2023,12
2024-01-01,601,0.460770510687316,0.6795354570991667,0.5352384720105187,0.0,0.0,0.0,0.0,0.0,0.2079866888519135,0.0,0.0,0.0,0.21118648406501986,0.0,0.0,0.0,0.0,0.0,0.24958402662229617,0.0,0.0,0.0,0.0,0.6795354570991667,0.0,0.0,0.0,0.0,0.0,0.0,0.2792548549620097,0.0,0.2559836170485089,0.0,0.0,0.0,0.0,0.0,0.0,0.0,0.0,0.0,0.0,0.0,0.0,0.0,0.0,0.0,0.0,0.0,0.0,0.0,0.0,0.0,0.0,0.0,0.0,0.0,0.0,0.2079866888519135,0.0,0.0,0.0,0.0,1.086366562765547,0.0,16.051918513463512,5.4592346089850246,0.027060658847405314,1.7496430398907947,1.9949263242575015,0.006870341185632415,0.2628951747088186,0.003529651154009389,0.027060658847405314,2.020191155945291,10.192179700499167,2.2658586923425967,-4.89331371288878,16.3351854708084,15.689447183521269,14.072119926576232,17.910133831754283,20.270917921685733,0.0,0.0002792548549620097,2024,1
2024-02-01,907,0.5701208016533265,0.5433926602614585,0.3011514878282127,0.0,0.0,0.0,0.0,0.0,0.0,0.0,0.0,0.0,0.0,0.0,0.0,0.0,0.0,0.24938310495091093,0.32073769670241553,0.0,0.0,0.0,0.0,0.4515146742269124,0.0,0.0,0.09187798603454611,0.0,0.0,0.0,0.0,0.0,0.3011514878282127,0.0,0.0,0.0,0.0,0.0,0.0,0.0,0.0,0.0,0.0,0.0,0.0,0.0,0.0,0.0,0.0,0.0,0.0,0.0,0.0,0.0,0.0,0.0,0.0,0.0,0.0,0.0,0.0,0.0,0.0,0.0,0.29400955531054757,0.05250170630545492,18.004586063090436,5.242557883131202,0.0054572739452104,1.7238190812657745,1.9757766500686318,0.0014648634994654905,0.2160970231532525,0.003118442254405943,0.0054572739452104,1.065784638000735,9.676405733186328,2.246595055311639,-3.8319743400146864,16.05978979582811,15.600382238347912,13.648675010066627,17.924144867421152,19.836961118123664,0.0,0.0,2024,2
2024-03-01,660,1.355851639942549,0.607826516917426,0.21538918597742127,0.0,0.0,0.0,0.0,0.0,0.0,0.0,0.11655011655011657,0.0,0.36276223776223776,0.0,0.0,0.0,0.11655011655011657,0.3956228956228956,0.36436627345718253,0.0,0.0,0.0,0.0,0.607826516917426,0.0,0.0,0.0,0.0,0.0,0.0,0.0,0.0,0.21538918597742127,0.0,0.0,0.0,0.0,0.0,0.0,0.0,0.0,0.0,0.0,0.0,0.0,0.0,0.0,0.0,0.0,0.0,0.0,0.0,0.0,0.0,0.0,0.0,0.0,0.0,0.0,0.0,0.0,0.0,0.0,0.0,0.3334481175390266,0.0,19.915403259373143,5.390909090909091,0.014999234752441918,1.7386557143630756,1.9960044168156328,0.0032749179506252864,0.23787878787878788,0.002142747821777417,0.014999234752441918,1.7500258208814357,9.970454545454546,2.247419482459629,-5.942028747726613,16.411485285251366,15.659489470883496,13.765922328000281,18.166771688856105,19.851366906259283,0.0,0.0,2024,3
2024-04-01,628,0.4395993249496435,0.40693559801840057,0.25849946232111837,0.0,0.2286460885187,0.0,0.0,0.0,0.08846426043878272,0.12248897599216073,0.0,0.0,0.31711034895748275,0.0,0.0,0.0,0.0,0.0,0.0,0.0,0.0,0.0,0.0,0.24769992922859163,0.0,0.0,0.1592356687898089,0.0,0.0,0.0,0.1447596988998263,0.0,0.11373976342129209,0.0,0.0,0.0,0.0,0.0,0.0,0.0,0.0,0.0,0.0,0.2286460885187,0.0,0.0,0.0,0.0,0.0,0.0,0.0,0.0,0.0,0.0,0.0,0.0,0.0,0.0,0.0,0.08846426043878272,0.0,0.0,0.0,0.0,0.4838314551690348,0.0,20.176223368873877,5.420382165605096,0.014637560757046366,1.7447752507086398,1.9863346452467756,0.00548014904411397,0.2643312101910828,0.004503864848321959,0.014637560757046366,1.6639676671523804,10.1671974522293,2.259068301203117,-5.538817388858286,16.425174187604384,15.63238531223011,13.966440201160045,18.06928632303358,20.18363957104073,0.0,0.00023842773936441974,2024,4
2024-05-01,904,1.1080702728932819,0.8718624267166692,0.456667984973555,0.0,0.0,0.0,0.0,0.0,0.1005631536604988,0.0,0.07901390644753477,0.0,0.8593560446436552,0.0,0.0,0.0,0.0,0.1697003218020917,0.0,0.0,0.0,0.0,0.0,0.7062289971582006,0.0,0.0,0.16563342955846858,0.0,0.0,0.0,0.0,0.0,0.456667984973555,0.0,0.0,0.0,0.0,0.0,0.0,0.0,0.0,0.0,0.0,0.0,0.0,0.0,0.0,0.0,0.0,0.0,0.0,0.0,0.0,0.0,0.0,0.0,0.0,0.0,0.0,0.1005631536604988,0.0,0.0,0.0,0.0,0.40937583802628047,0.0,17.59651106912333,5.329646017699115,0.011653948481198263,1.73496835008539,1.9762521399420643,0.004228759267428698,0.25110619469026546,0.0014208595690001918,0.011653948481198263,1.8699696935316406,9.835176991150442,2.2824853668831473,-6.575546867302078,16.48199819874481,15.644369686803508,13.819658731888653,18.14846268883306,20.317243339871464,0.0,0.0,2024,5
2024-06-01,879,0.2344593214900382,1.046951553877874,0.3228936625844877,0.0,0.0,0.0,0.0,0.0,0.05688282138794084,0.0,0.07110352673492605,0.0,0.0,0.0,0.0,0.0,0.08751203290452439,0.0,0.07584376185058779,0.0,0.0,0.0,0.0,0.9047445004080218,0.0,0.0,0.1422070534698521,0.0,0.0,0.1422070534698521,0.11376564277588168,0.0,0.06692096633875393,0.0,0.0,0.0,0.0,0.0,0.0,0.0,0.0,0.0,0.0,0.0,0.0,0.0,0.0,0.0,0.0,0.0,0.0,0.0,0.0,0.0,0.0,0.0,0.0,0.0,0.0,0.0,0.0,0.0,0.05688282138794084,0.0,0.5392992167736195,0.0,18.86062997232811,5.302616609783845,0.017697780644031904,1.7350225062902551,1.9521791090701452,0.006238682427737444,0.23890784982935154,0.004826667448372339,0.017697780644031904,2.0093913224824416,9.66439135381115,2.253014884487903,-3.6922533254704235,16.053414165334623,15.716235609903752,13.556543886762265,17.754912356083285,19.779653833652716,0.0,0.0002559726962457338,2024,6
2024-07-01,630,0.9030438127076783,1.8876581971820066,0.5587622254288921,0.0,0.0,0.0,0.0,0.0,0.0992063492063492,0.0,0.0,0.0,0.11337868480725624,0.0,0.0,0.0,0.2917833800186741,0.13227513227513227,0.3656066156066156,0.0,0.0,0.0,0.0,1.8876581971820066,0.0,0.0,0.0,0.0,0.0,0.0,0.31184864518197847,0.0,0.24691358024691357,0.0,0.0,0.0,0.0,0.0,0.0,0.0,0.0,0.0,0.0,0.0,0.0,0.0,0.0,0.0,0.0,0.0,0.0,0.0,0.0,0.0,0.0,0.0,0.0,0.0,0.0,0.0,0.0,0.0,0.0992063492063492,0.0,0.9232804232804233,0.0,18.78514304379158,5.395238095238096,0.008979133729352985,1.7351926821155617,1.9760711768018284,0.003105283748067907,0.25873015873015875,0.001122391716169123,0.008979133729352985,1.9808642796258897,9.941269841269841,2.2539540688431776,-4.775785819716374,16.247858893087393,15.64372233789116,13.634990769338323,17.954746417391945,19.78833723003425,0.0,0.0003118486451819785,2024,7
2024-08-01,557,0.8559438765901962,0.592032144994443,0.14961101137043686,0.0,0.0,0.0,0.0,0.0,0.0,0.13810247203424944,0.0,0.0,0.12823800974608873,0.0,0.0,0.0,0.0,0.3651868777542027,0.2244165170556553,0.0,0.0,0.0,0.0,0.592032144994443,0.0,0.0,0.0,0.0,0.0,0.0,0.0,0.0,0.14961101137043686,0.0,0.0,0.0,0.0,0.0,0.0,0.0,0.0,0.0,0.0,0.0,0.0,0.0,0.0,0.0,0.0,0.0,0.0,0.0,0.0,0.0,0.0,0.0,0.0,0.0,0.0,0.0,0.0,0.0,0.0,0.0,0.8834821671446448,0.0,18.608401862163443,5.40754039497307,0.016503389866113317,1.7408793406938134,2.0371151488499537,0.00430720339912298,0.22262118491921004,0.0,0.016503389866113317,1.9928131911973923,10.14362657091562,2.243160138832417,-4.606146370734924,16.273006377806908,15.653097301691764,13.90873984096586,18.02149971366059,20.006771829935506,0.00011220825852782765,0.0,2024,8
2024-09-01,690,0.7985915051132442,0.4839544513457557,0.8902329554503468,0.0,0.0,0.0,0.0,0.0,0.0,0.0,0.0,0.0,0.0,0.0,0.0,0.0,0.0,0.4595645899993726,0.3390269151138717,0.0,0.0,0.0,0.0,0.4839544513457557,0.0,0.0,0.0,0.0,0.0,0.0,0.4675276414406849,0.0,0.42270531400966177,0.0,0.0,0.0,0.0,0.0,0.0,0.0,0.0,0.0,0.0,0.0,0.0,0.0,0.0,0.0,0.0,0.0,0.0,0.0,0.0,0.0,0.0,0.0,0.0,0.0,0.0,0.0,0.0,0.0,0.0,0.0,0.665166154296589,0.0,19.142856496368292,5.3768115942028984,0.008198339492017943,1.744776752657541,2.0048845673072178,0.001708763752076846,0.2289855072463768,0.0020495848730044857,0.008198339492017943,1.129530694748086,10.114492753623189,2.235411724149778,-3.0241099016355806,16.047854564003103,15.525769420113141,13.751525769596679,17.632275818697043,19.666642940816015,0.0,0.0004675276414406849,2024,9
2024-10-01,1096,0.988666898794636,1.0094034615020016,0.29399837793998373,0.0,0.0,0.0,0.0,0.0,0.16370718697361034,0.057025547445255474,0.1013787510137875,0.0,0.5352008089234367,0.0,0.0,0.0,0.09124087591240876,0.05068937550689375,0.15313153999285387,0.0,0.0,0.0,0.0,0.8504231474121985,0.15898031408980315,0.0,0.0,0.0,0.0,0.0,0.1419302514193025,0.0,0.15206812652068122,0.0,0.0,0.0,0.0,0.0,0.0,0.0,0.0,0.0,0.0,0.0,0.0,0.0,0.0,0.0,0.0,0.0,0.0,0.0,0.0,0.0,0.0,0.0,0.0,0.0,0.0,0.09352189781021898,0.0,0.0,0.07018528916339137,0.0,0.44944321457846576,0.0,20.525544083549526,5.276459854014599,0.01161306757423162,1.7372775280088182,1.9877416069137726,0.004904063258033657,0.2354014598540146,0.001935511262371937,0.01161306757423162,1.1902389331006762,9.733120437956204,2.2471413041233497,-4.425644842745083,16.15915939352054,15.724516172618864,13.70965026142609,18.059538600299575,20.020640022228967,0.00026035906510359064,0.00014193025141930252,2024,10
2024-11-01,764,0.6867420889777559,0.8240832030099047,0.26429722110350384,0.0,0.0,0.0,0.0,0.0,0.0,0.07699414844471819,0.0,0.0,0.2630670514385037,0.0,0.0,0.0,0.0,0.06888950124001102,0.27779138785452306,0.0,0.0,0.0,0.0,0.6786498115032146,0.0,0.0,0.14543339150668994,0.0,0.0,0.0,0.08180628272251309,0.0,0.18249093838099076,0.0,0.0,0.0,0.0,0.0,0.0,0.0,0.0,0.0,0.0,0.0,0.0,0.0,0.0,0.0,0.0,0.0,0.0,0.0,0.0,0.0,0.0,0.0,0.0,0.0,0.0,0.0,0.0,0.0,0.0,0.0,0.6419191628615712,0.10907504363001745,20.253412624649602,5.4162303664921465,0.004627662180540232,1.7301980937892383,1.9932860757628155,0.0009475689226820478,0.24738219895287958,0.0009255324361080466,0.004627662180540232,1.2794262678771455,10.090314136125654,2.2740534478488947,-7.149020467478862,16.610520354771076,15.80627903559622,13.978665788432934,18.460686447770385,20.464767066861715,0.0,8.18062827225131e-05,2024,11
2024-12-01,716,0.8448358247076618,1.5386988538267574,0.31983844833006847,0.0,0.0,0.0,0.0,0.0,0.08729050279329609,0.0,0.0,0.0,0.3837047769844352,0.0,0.0,0.0,0.12696800406297612,0.12696800406297612,0.20719503959727423,0.0,0.0,0.0,0.0,1.4312643888503929,0.0,0.0,0.10743446497636443,0.0,0.0,0.0,0.09310986964618251,0.0,0.22672857868388593,0.0,0.0,0.0,0.0,0.0,0.0,0.0,0.0,0.0,0.0,0.0,0.0,0.0,0.0,0.0,0.0,0.0,0.0,0.0,0.0,0.0,0.0,0.0,0.0,0.0,0.0,0.08729050279329609,0.0,0.0,0.0,0.0,0.41400638467677575,0.0,20.72480955405744,5.455307262569832,0.02567706188666234,1.7503581784453206,2.002573581613879,0.005851015475700073,0.2276536312849162,0.002962737909999501,0.02567706188666234,1.2949689974829641,10.13268156424581,2.2323188622627743,-3.6514813609155166,16.142231214953433,15.631261702617628,13.81987457718442,17.881232646120147,19.830697726597556,0.00020455956210146153,0.00016294227188081936,2024,12
2025-01-01,696,0.34998526377836725,0.7865398490398491,0.25521778584392013,0.0,0.0,0.0,0.0,0.0,0.0,0.0,0.0,0.0,0.14367816091954022,0.0,0.0,0.0,0.0,0.206307102858827,0.0,0.0,0.0,0.0,0.0,0.7865398490398491,0.0,0.0,0.0,0.0,0.17959770114942528,0.0,0.07562008469449485,0.0,0.0,0.0,0.0,0.0,0.0,0.0,0.0,0.0,0.0,0.0,0.0,0.0,0.0,0.0,0.0,0.0,0.0,0.0,0.0,0.0,0.0,0.0,0.0,0.0,0.0,0.0,0.0,0.0,0.0,0.0,0.0,0.0,0.640850209815727,0.0,19.28864781023067,5.4094827586206895,0.005079790094730945,1.7206621555291233,1.9780390174115354,0.0006918190319490714,0.22557471264367815,0.0,0.005079790094730945,1.7521431314534763,9.995689655172415,2.2586778570107677,-5.38697130650165,16.364162173684768,15.616977466028137,13.886403466509613,17.95424417530765,20.27108585912899,0.0,7.562008469449485e-05,2025,1
2025-02-01,933,1.4197281432953837,1.1566749910801357,0.37442108858592194,0.0,0.0,0.0,0.0,0.0,0.0,0.10718113612004287,0.0,0.0,0.41451492416122643,0.0,0.0,0.0,0.09743739647276624,0.11909015124449207,0.6815045352968561,0.0,0.0,0.0,0.0,0.9670468271754444,0.0,0.0,0.18962816390469125,0.0,0.0,0.0,0.0,0.0,0.37442108858592194,0.0,0.0,0.0,0.0,0.0,0.0,0.0,0.0,0.0,0.0,0.0,0.0,0.0,0.0,0.0,0.0,0.0,0.0,0.0,0.0,0.0,0.0,0.0,0.0,0.0,0.0,0.0,0.0,0.0,0.0,0.0,0.44245530579935727,0.0,22.68335875196795,5.352625937834941,0.023494437531385824,1.7437719385105985,2.010625741915175,0.007007183458265145,0.21972132904608788,0.0007578850816576072,0.023494437531385824,1.6798641396712137,9.942658092175778,2.233140732091209,-3.476285356510519,16.0675182436479,15.630707974662924,13.641442163722573,17.76462465962248,19.560429711065552,0.00024115755627009648,0.0,2025,2
2025-03-01,787,1.0231931457846828,0.877053534202798,0.6040303054280183,0.0,0.0977421561919656,0.0,0.0,0.0,0.0,0.0,0.0,0.0,0.42039051961318197,0.0,0.0,0.0,0.17017607551279726,0.0,0.4326265506587036,0.0,0.0,0.0,0.0,0.7387771308841644,0.0,0.0,0.07474400179385604,0.06353240152477764,0.0,0.0,0.35443872800924897,0.0,0.2495915774187693,0.0,0.0,0.0,0.0,0.0,0.0,0.0,0.0,0.0,0.0,0.0977421561919656,0.0,0.0,0.0,0.0,0.0,0.0,0.0,0.0,0.0,0.0,0.0,0.0,0.0,0.0,0.0,0.0,0.0,0.0,0.0,0.0,0.5001140325155573,0.12706480304955528,20.31511284820631,5.3761118170266835,0.012413898887693448,1.761845549299951,2.005336468998591,0.0055567895342310426,0.2655654383735705,0.0017969676777294728,0.012413898887693448,1.9986599942028915,10.249894112664126,2.2548385867781717,-4.70665870950602,16.32227823394491,15.61983685546558,13.942294377491015,17.977546601464983,19.994764998266405,0.0,0.0004603260638838784,2025,3
2025-04-01,700,1.083678099532954,1.3332922912754845,0.3876678876678877,0.0,0.14285714285714285,0.0,0.0,0.0,0.0,0.0,0.0,0.0,0.17042606516290726,0.0,0.0,0.0,0.15873015873015872,0.2740427274588766,0.48047914818101156,0.0,0.0,0.0,0.0,1.2234021813853746,0.0,0.0,0.1098901098901099,0.0,0.0,0.0,0.15873015873015872,0.0,0.22893772893772896,0.0,0.0,0.0,0.0,0.0,0.0,0.0,0.0,0.0,0.0,0.14285714285714285,0.0,0.0,0.0,0.0,0.0,0.0,0.0,0.0,0.0,0.0,0.0,0.0,0.0,0.0,0.0,0.0,0.0,0.0,0.0,0.0,0.45199898141074607,0.0,19.72337968221379,5.434285714285714,0.02525381361380527,1.7308880075087008,2.0188333406535817,0.005580691954466618,0.22428571428571428,0.0030304576336566327,0.02525381361380527,1.3508085052202699,10.175714285714285,2.2595775413097394,-6.03907858321464,16.48478966729742,15.765443836291357,14.01576466734035,18.110355790730537,20.19798303274199,9.523809523809524e-05,0.00015873015873015873,2025,4
2025-05-01,1051,0.8787578161283875,0.5732734520443704,0.29337139232477005,0.0,0.0,0.0,0.0,0.0,0.0,0.0,0.0,0.0,0.31558989694099115,0.0,0.0,0.0,0.0,0.23833510568832672,0.32483281349906973,0.0,0.0,0.0,0.0,0.48677574423362746,0.0,0.0,0.08649770781074301,0.0,0.0,0.0,0.0,0.0,0.29337139232477005,0.0,0.0,0.0,0.0,0.0,0.0,0.0,0.0,0.0,0.0,0.0,0.0,0.0,0.0,0.0,0.0,0.0,0.0,0.0,0.0,0.0,0.0,0.0,0.0,0.0,0.0,0.0,0.0,0.0,0.0,0.0,0.26462585635185515,0.0,24.06119862321828,5.308277830637488,0.015474268284767452,1.723540737232473,1.9869515350331466,0.003933443661826758,0.21693625118934348,0.002018382819752277,0.015474268284767452,1.2367600502515248,9.862987630827783,2.2429789629854877,-5.053480367986646,16.27094813256425,15.808764233301131,13.688870100076963,18.22272566355027,19.890824543329163,8.649770781074302e-05,0.0,2025,5
2025-06-01,897,0.7817866513518686,1.343650350789732,0.533122272252707,0.0,0.0,0.0,0.0,0.0,0.0,0.09290226681531029,0.0,0.0,0.3521840478362217,0.0,0.0,0.0,0.10134792743488395,0.11148272017837235,0.12386968908708038,0.0,0.1329969293356021,0.0,0.0,1.0434293411865712,0.0,0.0,0.16722408026755853,0.0,0.0,0.0,0.19819150253932863,0.0,0.33493076971337843,0.0,0.0,0.0,0.0,0.0,0.0,0.0,0.0,0.0,0.0,0.0,0.0,0.0,0.0,0.0,0.0,0.0,0.0,0.0,0.0,0.0,0.0,0.0,0.0,0.0,0.0,0.0,0.0,0.0,0.0,0.0,1.2746234318140675,0.0,23.766453392295983,5.298773690078038,0.011824528113487416,1.7413333671520255,2.0131559676044906,0.0029860181983290203,0.22742474916387959,0.0007883018742324945,0.011824528113487416,1.9250970755987478,9.86231884057971,2.247704359243623,-5.360074347514467,16.305945520248766,15.668801657738067,13.725331250029988,18.168790761475858,19.910202277382872,0.0,0.0001981915025393286,2025,6
2025-07-01,729,1.1148773494452506,0.677894350733857,0.28850131730790163,0.0,0.0,0.0,0.0,0.0,0.0,0.0,0.0,0.0,0.4229538180155464,0.0,0.0,0.0,0.0,0.12470382840753211,0.5672197030221722,0.0,0.0,0.0,0.0,0.677894350733857,0.0,0.0,0.0,0.0,0.0,0.0,0.11431184270690443,0.0,0.1741894746009972,0.0,0.0,0.0,0.0,0.0,0.0,0.0,0.0,0.0,0.0,0.0,0.0,0.0,0.0,0.0,0.0,0.0,0.0,0.0,0.0,0.0,0.0,0.0,0.0,0.0,0.0,0.0,0.0,0.0,0.0,0.0,0.6441894755862319,0.0,23.42427377386582,5.469135802469136,0.013579554096860996,1.7684598705710775,2.022957876896273,0.004322131886441386,0.26337448559670784,0.0029099044493273566,0.013579554096860996,1.4593467086810104,10.364883401920439,2.244253662552883,-5.076313843358409,16.379858198348145,15.69381379720052,13.91732964388825,18.075903810361545,20.00629753852626,0.0,0.00011431184270690443,2025,7
2025-08-01,612,1.1291743063050657,1.3841437248299993,0.7509737901894764,0.0,0.0,0.0,0.0,0.0,0.0,0.3366677612033649,0.0,0.0,0.0,0.0,0.0,0.0,0.0,0.16339869281045752,0.6291078522912433,0.0,0.0,0.0,0.0,1.3841437248299993,0.0,0.0,0.0,0.0,0.0,0.18155410312273054,0.42087542087542085,0.0,0.14854426619132502,0.0,0.0,0.0,0.0,0.0,0.0,0.0,0.0,0.0,0.0,0.0,0.0,0.0,0.0,0.0,0.0,0.0,0.0,0.0,0.0,0.0,0.0,0.0,0.0,0.0,0.0,0.0,0.0,0.0,0.0,0.0,0.5666084097456647,0.13616557734204793,21.976680151646082,5.459150326797386,0.01502024208402797,1.7666528814808944,2.0128614422054314,0.005632696587667745,0.2875816993464052,0.001155403237232921,0.01502024208402797,2.4995805253898866,10.370098039215685,2.2468914524310923,-6.829830434329706,16.611999257647593,15.763016622133977,14.177956646789818,18.32736153100156,20.58841626934415,9.077705156136529e-05,0.0006884288360036553,2025,8
2025-09-01,820,0.9623455812480202,1.335062295428149,0.37888940327964715,0.0,0.0,0.0,0.0,0.0,0.0,0.08710801393728224,0.05807200929152148,0.0,0.30487804878048774,0.0,0.0,0.0,0.0,0.20325203252032523,0.30903547671840353,0.0,0.0,0.0,0.0,1.2673116179213741,0.0,0.0,0.06775067750677506,0.0,0.0,0.0,0.08710801393728224,0.0,0.29178138934236497,0.0,0.0,0.0,0.0,0.0,0.0,0.0,0.0,0.0,0.0,0.0,0.0,0.0,0.0,0.0,0.0,0.0,0.0,0.0,0.0,0.0,0.0,0.0,0.0,0.0,0.0,0.0,0.0,0.0,0.0,0.0,1.301538211509517,0.0,25.31795808083281,5.404878048780488,0.015521856172387629,1.7600544194312433,2.0154827021075046,0.011120170588148437,0.2524390243902439,0.0034493013716416954,0.015521856172387629,2.2613664830307583,10.174390243902439,2.2363047736415433,-5.076316503049259,16.3378875480526,15.723363537786055,13.857761872308473,18.4238932213835,19.953584988098186,0.00012195121951219514,8.710801393728223e-05,2025,9
2025-10-01,1054,0.5589405850316665,0.6936914550766543,0.16785870675813752,0.0,0.0,0.0,0.0,0.0,0.0,0.10014758591608686,0.10541851149061775,0.0,0.10447727478088009,0.0,0.0,0.0,0.0,0.0,0.2488972128440819,0.0,0.0,0.0,0.0,0.6343935423631818,0.0,0.0,0.059297912713472484,0.0,0.0,0.0,0.0,0.0,0.16785870675813752,0.0,0.0,0.0,0.0,0.0,0.0,0.0,0.0,0.0,0.0,0.0,0.0,0.0,0.0,0.0,0.0,0.0,0.0,0.0,0.0,0.0,0.0,0.0,0.0,0.0,0.0,0.0,0.0,0.0,0.0,0.0,0.2712407242767774,0.0,24.320499361122703,5.359582542694497,0.012075827382692462,1.7582706474429897,2.029553672210181,0.002881688715592076,0.24003795066413663,0.0020126378971154105,0.012075827382692462,1.6079377085069686,10.075426944971538,2.2377132916597184,-5.848948106865191,16.410099922110344,15.727902822617233,13.833240758314844,18.362538050479674,20.10080720389064,0.000132279959130054,0.0,2025,10
2025-11-01,857,0.9302469672090098,0.19583683527674195,0.23561619244233015,0.0,0.0,0.0,0.0,0.0,0.23337222870478413,0.0,0.0,0.0,0.21449653373601482,0.0,0.0,0.0,0.0,0.07292882147024504,0.64282161200275,0.0,0.0,0.0,0.0,0.19583683527674195,0.0,0.0,0.0,0.0,0.0,0.0,0.0,0.0,0.23561619244233015,0.0,0.0,0.0,0.0,0.0,0.0,0.0,0.0,0.0,0.0,0.0,0.0,0.0,0.0,0.0,0.0,0.0,0.0,0.0,0.0,0.0,0.0,0.0,0.0,0.0,0.0,0.23337222870478413,0.0,0.0,0.0,0.0,0.9548017132614566,0.0,20.174122779681383,5.327887981330222,0.02145248110951019,1.758204285498258,2.0285531880746075,0.005814303411823597,0.28004667444574094,0.0033003817091554147,0.02145248110951019,1.6501788569191962,10.222287047841307,2.2291789063338405,-5.271095730214181,16.36605348087871,15.64645562230385,13.88945655899967,18.234309421855745,20.005112795292018,0.0001296512381693245,0.0,2025,11
2025-12-01,768,0.6318063446969697,0.43459145021645024,0.23036858974358976,0.0,0.0,0.0,0.0,0.0,0.1953125,0.0,0.08680555555555557,0.0,0.0,0.0,0.0,0.0,0.0,0.11837121212121211,0.426629577020202,0.0,0.0,0.0,0.0,0.30438311688311687,0.0,0.0,0.13020833333333334,0.0,0.0,0.0,0.10016025641025643,0.0,0.13020833333333334,0.0,0.0,0.0,0.0,0.0,0.0,0.0,0.0,0.0,0.0,0.0,0.0,0.0,0.0,0.0,0.0,0.0,0.0,0.0,0.0,0.0,0.0,0.0,0.0,0.0,0.0,0.08680555555555557,0.0,0.0,0.10850694444444443,0.0,0.6500082671957672,0.0,22.30788424761509,5.44140625,0.014731391274719742,1.752246655587302,1.9974054503122014,0.006754428593428807,0.2682291666666667,0.0018414239093399677,0.014731391274719742,2.1640733171829987,10.33984375,2.235498169005147,-3.9018378422080797,16.22265319889595,15.565598278350521,13.981311735107752,18.034996227680768,20.067963699276586,0.0,0.00010016025641025642,2025,12
2026-01-01,754,0.41205478871261364,0.48425938852436134,0.3757736516357206,0.0,0.0,0.0,0.0,0.0,0.0,0.0,0.0,0.0,0.10201999591920018,0.0,0.0,0.0,0.094732853353543,0.12056908608632746,0.094732853353543,0.0,0.0,0.0,0.0,0.26321606403276093,0.0,0.0,0.22104332449160033,0.0,0.0,0.0,0.11052166224580016,0.0,0.26525198938992045,0.0,0.0,0.0,0.0,0.0,0.0,0.0,0.0,0.0,0.0,0.0,0.0,0.0,0.0,0.0,0.0,0.0,0.0,0.0,0.0,0.0,0.0,0.0,0.0,0.0,0.0,0.0,0.0,0.0,0.0,0.0,0.9767200085502472,0.0,22.522539030317976,5.344827586206897,0.006564651814729221,1.7436290115960444,2.035282594979639,0.0033240062363470184,0.2506631299734748,0.0009378074021041745,0.006564651814729221,2.1696711145040384,10.206233421750664,2.2281628393658304,-4.460497797410019,16.251590202969766,15.733887513554441,13.920547527760355,18.1736909432208,19.905169769806527,0.0,0.00011052166224580017,2026,1
2026-02-01,959,0.7213772384693181,0.3525497790357019,0.4334458844364997,0.0,0.0,0.0,0.0,0.0,0.0,0.04533708119871243,0.0,0.0,0.13034410844629823,0.0,0.0,0.0,0.1173096976016684,0.1692780629172704,0.25910828830536864,0.0,0.0,0.0,0.0,0.1439992055216247,0.0,0.0,0.20855057351407716,0.0,0.0,0.0,0.14896469536719797,0.0,0.28448118906930164,0.0,0.0,0.0,0.0,0.0,0.0,0.0,0.0,0.0,0.0,0.0,0.0,0.0,0.0,0.0,0.0,0.0,0.0,0.0,0.0,0.0,0.0,0.0,0.0,0.0,0.0,0.0,0.0,0.0,0.0,0.0,0.6335513634783707,0.06517205422314912,22.195056883312162,5.283628779979145,0.019170778217779183,1.7433756021781646,1.9794085238580843,0.00519780056358327,0.2732012513034411,0.0029493504950429514,0.019170778217779183,1.7229685503929508,10.016162669447342,2.250189826223096,-6.418222963216573,16.47859658771267,15.798977218252508,13.890596774363507,18.388387352726188,20.20173706843968,0.0,0.00014896469536719798,2026,2
2026-03-01,1061,0.8565634466560341,0.2833131367532875,0.6051833808666985,0.0,0.0,0.0,0.0,0.0,0.0,0.07854225573358467,0.07250054375407816,0.0,0.25243371143465393,0.0,0.0,0.0,0.0589066918001885,0.11962589719422896,0.2745543467392999,0.0,0.0,0.0,0.0,0.12622862528611822,0.0,0.0,0.15708451146716934,0.0,0.08568246080027418,0.1885014137606032,0.12622862528611822,0.0,0.2047708810197029,0.0,0.0,0.0,0.0,0.0,0.0,0.0,0.0,0.0,0.0,0.0,0.0,0.0,0.0,0.0,0.0,0.0,0.0,0.0,0.0,0.0,0.0,0.0,0.0,0.0,0.0,0.0,0.0,0.0,0.0,0.0,0.7850467570691788,0.0942507068803016,23.395351871669135,5.360980207351555,0.020660047329672925,1.7521226554041858,2.0414652837142984,0.004419344793100426,0.27426955702167766,0.0026658125586674743,0.020660047329672925,2.5539243504051363,10.265315739868049,2.2667666582333723,-7.565817480987344,16.706046196198173,15.74044218642804,14.064266560248228,18.495961110121137,20.455053307122885,0.00016422471653385886,0.00031473003904672147,2026,3
2026-04-01,893,0.4166000106649603,0.312366493777468,0.548392900675359,0.0,0.0,0.0,0.0,0.0,0.0,0.0,0.0,0.0,0.11198208286674133,0.0,0.0,0.0,0.07998720204767237,0.07465472191116089,0.14997600383938572,0.0,0.0,0.0,0.0,0.22622643003382084,0.0,0.0,0.08614006374364719,0.0,0.0,0.0,0.32254668312899,0.0,0.22584621754636905,0.0,0.0,0.0,0.0,0.0,0.0,0.0,0.0,0.0,0.0,0.0,0.0,0.0,0.0,0.0,0.0,0.0,0.0,0.0,0.0,0.0,0.0,0.0,0.0,0.0,0.0,0.0,0.0,0.0,0.0,0.0,0.2884386982931216,0.11198208286674133,21.362174541156552,5.332586786114222,0.016628490934958003,1.734822503637087,2.03544192566327,0.007742937457619935,0.2687569988801792,0.002375498704994001,0.016628490934958003,2.105524694442975,10.236282194848824,2.241125324289685,-7.610309738274418,16.687970501273277,15.790312999217635,13.905300315150765,18.71814538381151,20.370551443215593,0.00016797312430011198,0.00032254668312898995,2026,4
