month_ts,paper_count,marker_words_total_per_1k_words_monthly_mean,marker_verbs_total_per_1k_words_monthly_mean,marker_adjectives_total_per_1k_words_monthly_mean,marker_phrases_total_per_1k_words_monthly_mean,sequential_markers_total_per_1k_words_monthly_mean,causal_markers_total_per_1k_words_monthly_mean,contrast_markers_total_per_1k_words_monthly_mean,emphasis_markers_total_per_1k_words_monthly_mean,summary_markers_total_per_1k_words_monthly_mean,word_finding_per_1k_words_monthly_mean,word_interplay_per_1k_words_monthly_mean,word_realm_per_1k_words_monthly_mean,word_insight_per_1k_words_monthly_mean,word_notably_per_1k_words_monthly_mean,word_particularly_per_1k_words_monthly_mean,word_meticulously_per_1k_words_monthly_mean,word_while_per_1k_words_monthly_mean,word_within_per_1k_words_monthly_mean,word_across_per_1k_words_monthly_mean,word_additionally_per_1k_words_monthly_mean,verb_delve_per_1k_words_monthly_mean,verb_underscore_per_1k_words_monthly_mean,verb_showcase_per_1k_words_monthly_mean,verb_enhance_per_1k_words_monthly_mean,verb_exhibit_per_1k_words_monthly_mean,verb_garner_per_1k_words_monthly_mean,verb_align_per_1k_words_monthly_mean,verb_foster_per_1k_words_monthly_mean,adjective_crucial_per_1k_words_monthly_mean,adjective_pivotal_per_1k_words_monthly_mean,adjective_comprehensive_per_1k_words_monthly_mean,adjective_intricate_per_1k_words_monthly_mean,adjective_potential_per_1k_words_monthly_mean,phrase_meticulously_delve_per_1k_words_monthly_mean,phrase_intricate_web_per_1k_words_monthly_mean,phrase_comprehensive_chapter_per_1k_words_monthly_mean,phrase_deep_dive_per_1k_words_monthly_mean,phrase_intricate_interplay_per_1k_words_monthly_mean,phrase_essential_insight_per_1k_words_monthly_mean,sequential_marker_additionally_per_1k_words_monthly_mean,sequential_marker_furthermore_per_1k_words_monthly_mean,sequential_marker_moreover_per_1k_words_monthly_mean,sequential_marker_subsequently_per_1k_words_monthly_mean,sequential_marker_further_per_1k_words_monthly_mean,causal_marker_hence_per_1k_words_monthly_mean,causal_marker_thus_per_1k_words_monthly_mean,causal_marker_consequently_per_1k_words_monthly_mean,causal_marker_accordingly_per_1k_words_monthly_mean,causal_marker_thereby_per_1k_words_monthly_mean,contrast_marker_however_per_1k_words_monthly_mean,contrast_marker_nonetheless_per_1k_words_monthly_mean,contrast_marker_nevertheless_per_1k_words_monthly_mean,contrast_marker_conversely_per_1k_words_monthly_mean,contrast_marker_alternatively_per_1k_words_monthly_mean,emphasis_marker_notably_per_1k_words_monthly_mean,emphasis_marker_crucially_per_1k_words_monthly_mean,emphasis_marker_remarkably_per_1k_words_monthly_mean,emphasis_marker_particularly_per_1k_words_monthly_mean,emphasis_marker_importantly_per_1k_words_monthly_mean,summary_marker_overall_per_1k_words_monthly_mean,summary_marker_collectively_per_1k_words_monthly_mean,summary_marker_ultimately_per_1k_words_monthly_mean,summary_marker_in_summary_per_1k_words_monthly_mean,summary_marker_taken_together_per_1k_words_monthly_mean,em_dash_per_1k_words_monthly_mean,semicolon_per_1k_words_monthly_mean,colon_per_1k_words_monthly_mean,clause_depth_monthly_mean,clause_depth_std_monthly_mean,dependency_entropy_monthly_mean,dependency_length_monthly_mean,dependency_length_std_monthly_mean,coordination_count_monthly_mean,coordination_per_sentence_std_monthly_mean,sentence_depth_std_monthly_mean,list_of_three_per_1k_words_monthly_mean,avg_words_per_sentence_monthly_mean,avg_syllables_per_word_monthly_mean,flesch_reading_ease_monthly_mean,flesch_kincaid_grade_monthly_mean,dale_chall_monthly_mean,smog_index_monthly_mean,automated_readability_index_monthly_mean,gunning_fog_monthly_mean,hedge_ratio_monthly_mean,certainty_ratio_monthly_mean,year,month
2015-01-01,13,0.38461538461538464,0.8547008547008547,1.1776367961934973,0.0,1.2393162393162394,1.3017820953984827,0.0,0.0,0.0,0.0,0.0,0.0,0.0,0.0,0.0,0.0,0.0,0.0,0.0,0.38461538461538464,0.0,0.0,0.0,0.0,0.42735042735042733,0.0,0.0,0.42735042735042733,0.7930214115781127,0.0,0.0,0.0,0.38461538461538464,0.0,0.0,0.0,0.0,0.0,0.0,0.38461538461538464,0.0,0.0,0.0,0.8547008547008547,0.0,0.8411648683141896,0.0,0.460617227084293,0.0,0.0,0.0,0.0,0.0,0.0,0.0,0.0,0.0,0.0,0.0,0.0,0.0,0.0,0.0,0.0,0.0,3.0473856209150325,1.647571257299764,10.846153846153847,1.8958545830293863,2.7171342641029983,3.3124478663140025,0.6146704915947759,5.3076923076923075,0.8341375987787151,1.8958545830293863,2.419074138531152,27.14423076923077,1.8538791156288899,20.69691823340283,16.943712889482775,12.115441393939854,17.889325380591536,18.502804742564855,20.662370849293396,0.0,0.0017536243643838582,2015,1
2015-02-01,18,0.37792894935752075,0.0,0.2170138888888889,0.0,0.6214306792341474,0.2805836139169473,0.3003003003003003,0.0,0.0,0.0,0.0,0.0,0.37792894935752075,0.0,0.0,0.0,0.0,0.0,0.0,0.0,0.0,0.0,0.0,0.0,0.0,0.0,0.0,0.0,0.0,0.0,0.0,0.0,0.2170138888888889,0.0,0.0,0.0,0.0,0.0,0.0,0.0,0.3003003003003003,0.0,0.0,0.3211303789338471,0.2805836139169473,0.0,0.0,0.0,0.0,0.3003003003003003,0.0,0.0,0.0,0.0,0.0,0.0,0.0,0.0,0.0,0.0,0.0,0.0,0.0,0.0,0.0,0.3003003003003003,0.7957175925925926,12.166666666666666,2.6468669096226742,2.7277786237318082,3.310818286492296,0.7125935167033268,4.166666666666667,0.7337607299671716,2.6468669096226742,3.7954658249326747,23.656812169312172,1.875851287481034,21.375398420422307,15.883912905911055,12.386363347920584,17.09620248147627,17.077303484161316,19.313572307603938,0.0018032031980385794,0.001231250249414216,2015,2
2015-03-01,15,1.1986437825029828,0.0,0.38314176245210724,0.0,0.0,1.1590076643684293,0.8397702515349574,0.0,0.8155020200508754,0.0,0.0,0.0,0.0,0.0,0.0,0.0,0.8155020200508754,0.38314176245210724,0.0,0.0,0.0,0.0,0.0,0.0,0.0,0.0,0.0,0.0,0.0,0.0,0.0,0.0,0.38314176245210724,0.0,0.0,0.0,0.0,0.0,0.0,0.0,0.0,0.0,0.0,0.0,0.3401360544217687,0.43572984749455335,0.38314176245210724,0.0,0.0,0.8397702515349574,0.0,0.0,0.0,0.0,0.0,0.0,0.0,0.0,0.0,0.8155020200508754,0.0,0.0,0.0,0.0,0.0,1.2246694650128127,1.6524736529861122,12.266666666666667,2.7669861035803214,2.767970505994587,3.478537599637677,0.8053840884546912,6.266666666666667,1.0608692547156282,2.7669861035803214,5.674224898500993,24.58113516113516,1.8224211399670756,29.908161040755452,14.567485425294679,12.254215666265514,15.768937242437618,15.752120096914014,17.570630352811563,0.0006901634369445528,0.0010634138712956446,2015,3
2015-04-01,21,1.9661623749307746,0.26308866087871613,0.47147571900047147,0.0,0.218435998252512,1.3155415071227268,0.7889698378094824,0.0,0.0,0.0,0.0,0.0,0.0,0.0,0.0,0.0,0.8354218880534668,0.607454249305356,0.5232862375719518,0.0,0.0,0.0,0.0,0.0,0.26308866087871613,0.0,0.0,0.0,0.0,0.0,0.47147571900047147,0.0,0.0,0.0,0.0,0.0,0.0,0.0,0.0,0.0,0.0,0.218435998252512,0.0,0.0,0.0,1.3155415071227268,0.0,0.0,0.0,0.7889698378094824,0.0,0.0,0.0,0.0,0.0,0.0,0.0,0.0,0.0,0.0,0.0,0.0,0.0,0.0,0.3033060357901122,0.0,1.1213506503547421,12.142857142857142,2.3130272826249545,2.784509739953572,3.5477692343551683,0.72079993668495,4.761904761904762,0.8878029591441132,2.3130272826249545,2.2960926511650097,26.263448258091113,1.8946199006216742,21.376358418353554,16.238618386600663,12.772204413323704,17.243178629527772,17.79145727667765,19.810384993973532,0.002239812508240141,0.0009058559180772006,2015,4
2015-05-01,31,0.935241275481445,0.21795989537925023,0.3995151395210766,0.0,0.7719402194117554,0.37268746946166303,1.803424058470226,0.24813895781637718,0.0,0.0,0.0,0.0,0.0,0.0,0.0,0.0,0.19550342130987292,0.7397378541715721,0.0,0.0,0.0,0.0,0.0,0.21795989537925023,0.0,0.0,0.0,0.0,0.20161290322580644,0.0,0.0,0.0,0.19790223629527015,0.0,0.0,0.0,0.0,0.0,0.0,0.0,0.0,0.34749200209426817,0.0,0.4244482173174872,0.0,0.24813895781637718,0.12454851164528585,0.0,0.0,1.803424058470226,0.0,0.0,0.0,0.0,0.0,0.0,0.24813895781637718,0.0,0.0,0.0,0.0,0.0,0.0,0.0,0.18864365214110543,0.46088836747982675,0.9570373327891097,11.387096774193548,2.369533727501673,2.73080825968827,3.3313083348383423,0.6730752533191084,4.516129032258065,0.7148727095836829,2.369533727501673,5.447128289843237,22.427353023320766,1.8344356377867908,27.310476195205055,14.841695976609381,12.122334051520532,15.982045759474913,16.117775530073576,17.688593149921278,0.0018763942478624194,0.00039410903122472985,2015,5
2015-06-01,27,2.75492602559068,0.11986096128490951,0.30264254402185436,0.0,1.441892843336605,0.5702547940316834,0.8230099375932709,0.2996426080892608,0.40921281313676133,0.28935185185185186,0.0,0.0,0.15964240102171134,0.14467592592592593,0.15496668216333487,0.0,0.9942238428077209,0.4489942528735632,0.14524328249818444,0.4178277864483874,0.0,0.0,0.0,0.11986096128490951,0.0,0.0,0.0,0.0,0.0,0.0,0.15964240102171134,0.0,0.14300014300014302,0.0,0.0,0.0,0.0,0.0,0.0,0.4178277864483874,0.43197355570580714,0.3060912151821243,0.0,0.28600028600028604,0.0,0.27233115468409586,0.11986096128490951,0.0,0.1780626780626781,0.8230099375932709,0.0,0.0,0.0,0.0,0.14467592592592593,0.0,0.0,0.15496668216333487,0.0,0.28935185185185186,0.0,0.11986096128490951,0.0,0.0,0.4435573297848747,0.0,1.2428714975011272,10.851851851851851,1.882165120102072,2.773882487024207,3.367351929652199,0.7058255721685976,5.333333333333333,0.7730929522428376,1.882165120102072,2.9374314427907575,24.136831275720166,1.8928042780849093,22.166137240196896,15.717972735355344,12.590168572472592,16.83437452479204,17.017024669645885,19.065031888394092,0.0012565451750500773,0.0024012975489933535,2015,6
2015-07-01,32,1.49997111401241,0.3340698653198653,0.5537494946772672,0.0,0.8241507902474884,0.5932902720779438,1.025438846624564,0.1893939393939394,0.3881987577639751,0.0,0.0,0.0,0.0,0.0,0.1893939393939394,0.0,0.6928018104741537,0.4591459225199514,0.15862944162436546,0.0,0.0,0.0,0.0,0.0,0.0,0.0,0.3340698653198653,0.0,0.38109756097560976,0.0,0.17265193370165746,0.0,0.0,0.0,0.0,0.0,0.0,0.0,0.0,0.0,0.3977272727272727,0.4264235175202156,0.0,0.0,0.286697247706422,0.3065930243715218,0.0,0.0,0.0,1.025438846624564,0.0,0.0,0.0,0.0,0.0,0.0,0.0,0.1893939393939394,0.0,0.19409937888198756,0.19409937888198756,0.0,0.0,0.0,0.4166666666666667,1.025718632905985,0.7209346937535137,11.6875,2.396222587078776,2.751891184675451,3.211679412163711,0.5569015204334457,4.3125,0.7498363041339698,2.396222587078776,3.513496811785961,22.685057043650794,1.8667363639047028,25.250348726114517,15.095849366558125,12.495324356316056,16.3328216766376,17.023281663986115,18.52010551217685,0.0031482024699856647,0.001710272310882142,2015,7
2015-08-01,18,1.4174233252160917,0.3940110323089046,1.0204004966293445,0.0,0.6425432404451105,0.37285607755406414,2.0265352567396295,0.0,0.0,0.0,0.0,0.0,0.0,0.0,0.0,0.0,0.7334146624840245,0.29550827423167847,0.38850038850038854,0.0,0.0,0.0,0.0,0.3940110323089046,0.0,0.0,0.0,0.0,0.6319001081289559,0.0,0.0,0.0,0.38850038850038854,0.0,0.0,0.0,0.0,0.0,0.0,0.0,0.0,0.37285607755406414,0.0,0.2696871628910464,0.0,0.37285607755406414,0.0,0.0,0.0,1.7849893630198228,0.0,0.24154589371980675,0.0,0.0,0.0,0.0,0.0,0.0,0.0,0.0,0.0,0.0,0.0,0.0,1.7095028634172962,0.4516711833785005,1.1356798461105675,12.055555555555555,2.458473201257263,2.7879322070159387,3.336456947271813,0.5683576627394604,6.888888888888889,0.9311993525642335,2.458473201257263,4.331759755207896,24.386958874458873,1.8621116928055652,21.880144393127416,16.05449191958851,12.71577937144194,16.63227585670033,17.945797164030424,18.737545467379064,0.0015100425227365303,0.0009460547504025764,2015,8
2015-09-01,21,1.047810582886887,0.0,0.333000333000333,0.0,0.0,1.25672613990371,1.0035266143597024,0.3013863773357444,0.0,0.0,0.0,0.44503782821539833,0.0,0.0,0.3013863773357444,0.0,0.0,0.3013863773357444,0.0,0.0,0.0,0.0,0.0,0.0,0.0,0.0,0.0,0.0,0.0,0.0,0.0,0.0,0.333000333000333,0.0,0.0,0.0,0.0,0.0,0.0,0.0,0.0,0.0,0.0,0.0,0.48100048100048104,0.44503782821539833,0.0,0.33068783068783064,0.0,1.0035266143597024,0.0,0.0,0.0,0.0,0.0,0.0,0.0,0.3013863773357444,0.0,0.0,0.0,0.0,0.0,0.0,0.0,2.0327922524659723,2.1695128983821714,10.761904761904763,2.054508319176064,2.7449460942318247,3.3005467110316338,0.574391332616574,5.380952380952381,0.7903141648530339,2.054508319176064,3.2179796649965056,23.654112554112555,1.845552625951885,26.22743468850398,15.351077099327318,12.533118496388589,16.363409944963514,17.047433243610914,18.40663617368565,0.0023100227894476562,0.002456042811604103,2015,9
2015-10-01,21,3.146987908892671,0.5537098560354374,0.8059775084864691,0.0,1.5308461531778443,1.3596873645219065,0.29394473838918284,0.0,0.3527336860670194,0.0,0.0,0.0,0.0,0.0,0.0,0.0,0.7342507342507342,2.0600034885749174,0.3527336860670194,0.0,0.0,0.0,0.0,0.0,0.5537098560354374,0.0,0.0,0.0,0.29394473838918284,0.0,0.5120327700972863,0.0,0.0,0.0,0.0,0.0,0.0,0.0,0.0,0.0,0.25195263290501385,0.4578754578754579,0.0,0.8210180623973726,0.0,1.0657426261327236,0.0,0.29394473838918284,0.0,0.29394473838918284,0.0,0.0,0.0,0.0,0.0,0.0,0.0,0.0,0.0,0.3527336860670194,0.0,0.0,0.0,0.0,0.0,0.4409171075837743,1.6146688560481666,12.0,2.6439664931633113,2.735425545154671,3.1702774366188438,0.621433558359682,3.8095238095238093,0.6667590174303248,2.6439664931633113,3.728887779800635,22.7726911976912,1.8903869120315668,23.585025901837305,15.355781414214217,12.614484116455763,16.310212770619163,16.849881283520457,18.34861975896229,0.0006466784244562022,0.0014871379118690947,2015,10
2015-11-01,27,1.9474463878142474,0.0,0.3898635477582846,0.0,0.593256362635262,0.15304560759106214,0.5795880849368227,0.0,0.41614648356221384,0.0,0.0,0.0,0.0,0.0,0.0,0.0,1.3477887378180635,0.1562744178777934,0.28710881424059714,0.1562744178777934,0.0,0.0,0.0,0.0,0.0,0.0,0.0,0.0,0.0,0.0,0.0,0.0,0.3898635477582846,0.0,0.0,0.0,0.0,0.0,0.0,0.1562744178777934,0.43698194475746877,0.0,0.0,0.0,0.0,0.15304560759106214,0.0,0.0,0.0,0.5795880849368227,0.0,0.0,0.0,0.0,0.0,0.0,0.0,0.0,0.0,0.0,0.0,0.41614648356221384,0.0,0.0,0.3125488357555868,0.1815541031227306,2.7746600617540036,10.518518518518519,2.255319381781307,2.6481433423265033,3.0364277491710077,0.6059023622578903,3.4074074074074074,0.6873170243072679,2.255319381781307,2.5073090956496142,19.98997648442093,1.8482839455004083,29.279561639606456,13.89057283667199,12.506003759233181,15.098533510232267,15.005833492444433,16.854583703536317,0.0019405048409009927,0.001567689424843284,2015,11
2015-12-01,19,2.4727702166761336,0.4048582995951417,0.2799552071668533,0.0,1.2679112583731629,1.1894470880608194,0.7776802907897585,0.0,0.0,0.0,0.0,0.20559210526315788,0.304228780042592,0.0,0.0,0.0,1.962949331370384,0.0,0.0,0.0,0.0,0.0,0.0,0.0,0.4048582995951417,0.0,0.0,0.0,0.0,0.0,0.0,0.0,0.2799552071668533,0.0,0.0,0.0,0.0,0.0,0.0,0.0,0.0,1.0623191531100051,0.20559210526315788,0.0,0.900262588350004,0.2891844997108155,0.0,0.0,0.0,0.7776802907897585,0.0,0.0,0.0,0.0,0.0,0.0,0.0,0.0,0.0,0.0,0.0,0.0,0.0,0.0,0.8097165991902834,1.486767766874814,2.2226144222633533,12.526315789473685,2.552879270781195,2.7804360512362494,3.430702931502041,0.6869634889744313,4.578947368421052,0.6513575083337256,2.552879270781195,2.6437677077516737,25.77354750512645,1.829879469150404,25.15954422365495,15.918027500015063,12.54291325088065,17.071684498512585,18.043221307644398,19.37421517708261,0.002035928751387767,0.0008673378507359433,2015,12
2016-01-01,13,2.503329066656715,0.0,0.0,0.0,0.38270187523918864,0.0,3.544681981351805,0.38270187523918864,0.0,0.0,0.0,0.0,0.378931413414172,0.38270187523918864,0.0,0.0,0.0,0.6460254305081891,1.095670347495165,0.0,0.0,0.0,0.0,0.0,0.0,0.0,0.0,0.0,0.0,0.0,0.0,0.0,0.0,0.0,0.0,0.0,0.0,0.0,0.0,0.0,0.0,0.38270187523918864,0.0,0.0,0.0,0.0,0.0,0.0,0.0,3.544681981351805,0.0,0.0,0.0,0.0,0.38270187523918864,0.0,0.0,0.0,0.0,0.0,0.0,0.0,0.0,0.0,0.0,2.1989411914785046,0.38270187523918864,11.076923076923077,2.1067535070524586,2.650724737197363,3.5972357872788434,0.7830615734239957,4.923076923076923,0.7870636889714766,2.1067535070524586,4.809248006372142,23.309397013243167,1.8723741256432451,24.500486267532096,15.490154897264167,12.582494012378138,16.893620825820623,17.03168164647373,19.005416823595787,0.0008285763304011479,0.0013870241579466691,2016,1
2016-02-01,25,0.7469431153641679,0.0,0.25157232704402516,0.0,1.2775548557496952,0.2631578947368421,1.2841707758414662,0.0,0.1951219512195122,0.0,0.0,0.0,0.0,0.0,0.0,0.0,0.19138755980861244,0.5555555555555555,0.0,0.0,0.0,0.0,0.0,0.0,0.0,0.0,0.0,0.0,0.25157232704402516,0.0,0.0,0.0,0.0,0.0,0.0,0.0,0.0,0.0,0.0,0.0,0.9037230800487606,0.37383177570093457,0.0,0.0,0.0,0.2631578947368421,0.0,0.0,0.0,1.2841707758414662,0.0,0.0,0.0,0.0,0.0,0.0,0.0,0.0,0.0,0.0,0.1951219512195122,0.0,0.0,0.0,0.8932882665379043,1.6320636325308084,2.36260399495971,11.28,2.280884010043159,2.7546075946631423,3.368441711644417,0.6778952879468676,4.92,0.8583378174890117,2.280884010043159,4.839637610700489,23.877444444444446,1.87076489306929,21.868501298968795,15.850359146937338,12.630022799760004,16.845769352834836,17.528561327124613,19.20493739106678,0.0009873428474345906,0.001069017094445718,2016,2
2016-03-01,26,2.4905065938364146,1.1624981406072776,0.5722014148980441,0.0,1.112941669528892,1.1778986753515535,1.2946904019400962,0.22104332449160033,0.0,0.49309664694280075,0.0,0.0,0.0,0.0,0.22104332449160033,0.0,0.9389038644094541,0.2547121752419766,0.5827505827505828,0.0,0.0,0.0,0.0,0.5615366021457392,0.6009615384615384,0.0,0.0,0.0,0.0,0.0,0.0,0.3561253561253561,0.21607605877268796,0.0,0.0,0.0,0.0,0.0,0.0,0.0,0.30284675953967294,0.24654832347140038,0.2807411566535654,0.2828054298642534,0.0,0.8217733192261976,0.3561253561253561,0.0,0.0,1.2946904019400962,0.0,0.0,0.0,0.0,0.0,0.0,0.0,0.22104332449160033,0.0,0.0,0.0,0.0,0.0,0.0,0.2807411566535654,0.24654832347140038,1.4386510442275677,10.807692307692308,2.2734815043079473,2.746511169681079,3.155267686474853,0.6127038429041793,4.384615384615385,0.732150383889776,2.2734815043079473,4.610490368685037,21.37855477855478,1.913936399025651,22.93284529209794,15.193040582010415,12.364768195228484,16.21876300314958,16.296789727884942,18.382095500337705,0.0012336038788320946,0.0018779383346312478,2016,3
2016-04-01,40,0.7857941256871255,0.2,0.4344689693249988,0.0,0.48722648757205606,1.144137864838426,1.1086263663891867,0.7162772838644379,0.0,0.0,0.0,0.0,0.0,0.17857142857142855,0.10460251046025104,0.0,0.11848341232227488,0.24752475247524752,0.13661202185792348,0.0,0.0,0.0,0.0,0.0,0.2,0.0,0.0,0.0,0.13440860215053765,0.0,0.0,0.0,0.30006036717446116,0.0,0.0,0.0,0.0,0.0,0.0,0.0,0.0,0.3528178854215184,0.0,0.13440860215053765,0.0,0.8561905180675499,0.0,0.0,0.28794734677087624,1.1086263663891867,0.0,0.0,0.0,0.0,0.17857142857142855,0.0,0.0,0.10460251046025104,0.43310334483275836,0.0,0.0,0.0,0.0,0.0,0.9669534005817191,0.5046644996849763,0.9851122133681457,11.175,2.1789264699333475,2.760960319723868,3.4045670500853555,0.6690393503839644,4.625,0.7620102552934099,2.1789264699333475,1.9301575894793241,24.133731962481964,1.887871230384053,22.04313648947327,15.843964712022787,12.671875284898688,16.838339503477847,17.55621915130775,19.163334718768866,0.0006112638764627498,0.002488452214088106,2016,4
2016-05-01,30,1.433073667785185,0.22522522522522523,0.2032520325203252,0.0,0.0,0.18018018018018017,0.6619122890674615,0.0,0.0,0.0,0.0,0.0,0.36850409731765665,0.0,0.0,0.0,0.9245135480585648,0.1400560224089636,0.0,0.0,0.0,0.0,0.0,0.22522522522522523,0.0,0.0,0.0,0.0,0.0,0.0,0.0,0.2032520325203252,0.0,0.0,0.0,0.0,0.0,0.0,0.0,0.0,0.0,0.0,0.0,0.0,0.0,0.0,0.0,0.18018018018018017,0.0,0.6619122890674615,0.0,0.0,0.0,0.0,0.0,0.0,0.0,0.0,0.0,0.0,0.0,0.0,0.0,0.0,0.0,0.4862345778783471,2.0356515927291747,12.066666666666666,2.2897555292770577,2.7183155439926785,3.328508905729869,0.6266817244628793,4.9,0.7104535002691367,2.2897555292770577,2.596994853185176,25.41801161801162,1.844985760186746,24.274072226357642,15.672220549482104,12.734264572621786,16.670901786083466,17.67477112481169,18.896341969578955,0.0013228863593827097,0.001987027807860336,2016,5
2016-06-01,35,1.286447992362962,0.559989457181728,0.288969676110167,0.0,0.33235956132369143,1.1117507578319654,1.4965201574601692,0.17746228926353147,0.0,0.0,0.0,0.0,0.20855057351407716,0.17746228926353147,0.0,0.0,0.9004351295853532,0.0,0.0,0.0,0.0,0.0,0.0,0.1156737998843262,0.2801120448179272,0.0,0.0,0.16420361247947454,0.12476606363069244,0.0,0.0,0.0,0.16420361247947454,0.0,0.0,0.0,0.0,0.0,0.0,0.0,0.15037593984962405,0.18198362147406735,0.0,0.0,0.0,0.9133380594192672,0.1984126984126984,0.0,0.0,1.4965201574601692,0.0,0.0,0.0,0.0,0.17746228926353147,0.0,0.0,0.0,0.0,0.0,0.0,0.0,0.0,0.0,0.6281424997021328,0.9714074583573534,1.0732595585525158,10.514285714285714,1.993708243072606,2.7381921245097094,3.301925831234371,0.6556110688340827,4.6,0.6945038672068008,1.993708243072606,2.408857074449724,22.529842538413966,1.8332060193925417,27.182530269745836,14.967118817950492,12.342001493629194,16.15424350587594,16.64921208115836,18.151772848169205,0.0013613274694243129,0.001449634261921203,2016,6
2016-07-01,27,2.137728124801251,0.0,0.5385437931369691,0.0,0.9127107348234793,0.8351779302850404,1.7196300563236047,0.9678457539692922,0.2703433360367667,0.0,0.0,0.0,0.3779289493575208,0.0,0.6975024179325254,0.0,0.576434551218891,0.0,0.4858622062923138,0.0,0.0,0.0,0.0,0.0,0.0,0.0,0.0,0.0,0.0,0.0,0.0,0.0,0.5385437931369691,0.0,0.0,0.0,0.0,0.0,0.0,0.0,0.23293733985557885,0.6797733949679005,0.0,0.0,0.14355440712029857,0.6916235231647418,0.0,0.0,0.0,1.4302782044717528,0.0,0.0,0.0,0.28935185185185186,0.0,0.0,0.0,0.6975024179325254,0.2703433360367667,0.2703433360367667,0.0,0.0,0.0,0.0,0.0,1.9449160535747974,1.7429076539478732,11.62962962962963,2.429321984957903,2.706629369496332,3.1774301692765285,0.5954748787543827,4.444444444444445,0.7275610274476837,2.429321984957903,3.4385585055765993,23.01656378600823,1.887085770441333,23.464370520913093,15.494915068329806,12.46502467903446,16.731769175196288,16.853123963121654,18.939925167812245,0.0015289504019638897,0.0011149580149782544,2016,7
2016-08-01,41,1.292858251334045,0.46107738415430727,0.8951294903544764,0.0,0.252524158453958,1.0792560038081183,1.4280396495151775,0.0,0.23205566013346057,0.09134922809902256,0.0,0.0,0.19204916458613405,0.0,0.0,0.0,0.3130151528571662,0.5894699518336564,0.10697475395806588,0.0,0.0,0.0,0.0,0.31675641431739,0.1443209698369173,0.0,0.0,0.0,0.0,0.0,0.15535187199005748,0.35868005738880915,0.38109756097560976,0.0,0.0,0.0,0.0,0.0,0.0,0.0,0.0971722864639005,0.15535187199005748,0.0,0.0,0.0,0.9239041318180607,0.15535187199005748,0.0,0.0,1.3403049592186342,0.0,0.08773469029654327,0.0,0.0,0.0,0.0,0.0,0.0,0.0,0.0,0.0,0.1443209698369173,0.0,0.08773469029654327,0.0971722864639005,0.8909668656125173,2.1867135549919654,11.24390243902439,2.1604765765176777,2.716711096672629,3.2690489220617627,0.6301198913510332,4.414634146341464,0.6636828507030706,2.1604765765176777,1.4735162730131537,22.137326900741535,1.8584620172216075,26.434354989733205,14.84549603121905,12.3284604748414,16.17681662625585,16.417324338014666,18.197250728539693,0.0019954239642671037,0.0023020664683945174,2016,8
2016-09-01,30,2.8117280392664674,0.12391573729863693,0.29485590823880786,0.0,0.17452006980802795,0.6560171611373257,1.4791148335500666,0.6239935587761674,0.0,0.0,0.0,0.23809523809523808,0.0,0.0,0.4629629629629629,0.0,1.4533826809211092,0.4906204906204906,0.16666666666666666,0.0,0.0,0.0,0.0,0.0,0.0,0.0,0.0,0.12391573729863693,0.0,0.0,0.0,0.0,0.29485590823880786,0.0,0.0,0.0,0.0,0.0,0.0,0.0,0.0,0.17452006980802795,0.0,0.0,0.18214936247723132,0.47386779866009426,0.0,0.0,0.0,1.4791148335500666,0.0,0.0,0.0,0.0,0.0,0.0,0.1610305958132045,0.4629629629629629,0.0,0.0,0.0,0.0,0.0,0.0,1.390246551536874,1.0603544340199145,1.1436909225911636,12.033333333333333,2.5941197985990696,2.775085977697996,3.373837913976254,0.7062533377148305,4.8,0.7766588283296335,2.5941197985990696,3.8673497924133327,25.635729178229177,1.88096031540492,20.011123883424236,16.76270136071432,12.612098606835792,17.207185842993688,18.50062589929809,19.629635873847363,0.002528044901002705,0.0017721212968660925,2016,9
2016-10-01,21,4.194823992996306,0.5807200929152149,0.9938102210619264,0.0,0.884403468989935,1.3451928247450984,0.7608963085138375,0.0,0.41407867494824013,0.496031746031746,0.0,0.0,0.39032006245121004,0.0,0.0,0.0,2.214062318551272,0.6229341469616069,0.47147571900047147,0.0,0.0,0.0,0.0,0.0,0.5807200929152149,0.0,0.0,0.0,0.0,0.0,0.7849547490485597,0.0,0.2088554720133667,0.0,0.0,0.0,0.0,0.0,0.0,0.0,0.2088554720133667,0.2976190476190476,0.0,0.37792894935752075,0.38044815425691875,0.9647446704881795,0.0,0.0,0.0,0.7608963085138375,0.0,0.0,0.0,0.0,0.0,0.0,0.0,0.0,0.0,0.41407867494824013,0.0,0.0,0.0,0.0,0.0,0.3705762460626274,1.5739050972075168,12.714285714285714,2.368552429195313,2.7358324195364965,3.380789588704561,0.5842116572388719,5.428571428571429,0.7359715954345499,2.368552429195313,0.9090129221181278,36.56323042037328,1.9069834642234302,19.2042286945525,16.595361109439768,12.79205704358433,17.364432664466715,18.292112693251294,19.921989158652725,0.001536168342931432,0.0019717105384894416,2016,10
2016-11-01,37,2.2554921428024985,0.46863979467469036,0.5017723936642856,0.0,1.0205672338576726,0.4471303529747067,1.0945928762591837,0.2875215641173088,0.31790747022629756,0.0,0.0,0.0,0.0,0.2875215641173088,0.0,0.0,1.1582479302223094,0.25740025740025746,0.12512512512512514,0.42719726593749796,0.0,0.0,0.0,0.2183895444244401,0.0,0.0,0.2502502502502503,0.0,0.14609203798392986,0.0,0.1801801801801802,0.0,0.17550017550017552,0.0,0.0,0.0,0.0,0.0,0.0,0.42719726593749796,0.47933187919854175,0.11403808872163303,0.0,0.0,0.0,0.4471303529747067,0.0,0.0,0.0,1.0945928762591837,0.0,0.0,0.0,0.0,0.2875215641173088,0.0,0.0,0.0,0.0,0.31790747022629756,0.0,0.0,0.0,0.0,0.19168104274487252,0.49668396473337756,2.200039060881612,11.08108108108108,2.1698754112770433,2.744565003968056,3.255707364394491,0.5841190041828557,4.162162162162162,0.71082323814544,2.1698754112770433,2.4020110623748483,23.08749853749854,1.867036710864809,22.831031994077428,15.568073331581479,12.705203968825623,16.698050017678383,17.425088724707294,18.845252669176602,0.000714444846766852,0.0007571854485536611,2016,11
2016-12-01,23,2.662791362619147,0.23889154323936931,0.45334011577246797,0.0,1.4358423211064295,2.273072101604534,0.5349710755699814,0.22296544035674473,0.28793550244745175,0.18580453363062063,0.0,0.0,0.776980038730379,0.0,0.0,0.0,1.2695289598664126,0.0,0.0,0.4304778303917348,0.0,0.0,0.23889154323936931,0.0,0.0,0.0,0.0,0.0,0.2131287297527707,0.0,0.0,0.0,0.24021138601969733,0.0,0.0,0.0,0.0,0.0,0.0,0.4304778303917348,0.0,0.7922357609619242,0.0,0.2131287297527707,0.5414743151413232,1.4927062432238414,0.23889154323936931,0.0,0.0,0.28793550244745175,0.0,0.24703557312252963,0.0,0.0,0.0,0.0,0.0,0.0,0.22296544035674473,0.28793550244745175,0.0,0.0,0.0,0.0,0.7345216126963868,1.4282501124606386,1.466352389311962,11.434782608695652,2.005264531402478,2.745299654293538,3.3703891882216426,0.66315920015714,5.217391304347826,0.801692976280927,2.005264531402478,3.0029035907565715,33.74572118702553,1.9025629433627316,20.091513185636686,15.990723709640065,12.613722161186299,16.729051672886598,17.380726547643732,19.055076146443195,0.001184067440017932,0.0010453311802245536,2016,12
2017-01-01,29,3.7343524330066824,0.5525881467221142,0.17774617845716317,0.0,1.4396945474034009,0.5087261853775561,0.6683965347797916,0.0,0.23142791020597084,0.0,0.0,0.0,0.3222687721559781,0.0,0.0,0.0,1.6935048365362895,0.9108859047224251,0.35355998482712425,0.4541329347648655,0.0,0.0,0.0,0.0,0.3397316120264991,0.0,0.0,0.21285653469561516,0.17774617845716317,0.0,0.0,0.0,0.0,0.0,0.0,0.0,0.0,0.0,0.0,0.4541329347648655,0.4797403222553975,0.189465706707086,0.0,0.3163555836760519,0.0,0.5087261853775561,0.0,0.0,0.0,0.4148468390394265,0.0,0.2535496957403651,0.0,0.0,0.0,0.0,0.0,0.0,0.0,0.23142791020597084,0.0,0.0,0.0,0.0,0.23142791020597084,0.8133848309052851,1.681132157805586,11.758620689655173,2.232364425595941,2.7453600694183486,3.365117379474934,0.6631663632092699,5.344827586206897,0.8132059717688829,2.232364425595941,4.6217747521575125,25.281992337164752,1.8476769953550214,24.997396739043218,15.841998008831693,12.529678841936386,16.685814834862075,17.649386420977567,18.861588256093356,0.0015849365484560999,0.000969108769590296,2017,1
2017-02-01,31,1.9746939254848817,0.5959192348835863,0.5147875423688336,0.0,0.1920122887864823,1.150214325179262,0.785895552789831,0.0,0.22878059940517043,0.3225806451612903,0.0,0.0,0.0,0.0,0.0,0.0,0.5202096791602452,1.1319036011633463,0.0,0.0,0.0,0.0,0.0,0.47946412832716384,0.11645510655642251,0.0,0.0,0.0,0.14797277300976622,0.0,0.13964530093562352,0.0,0.2271694684234439,0.0,0.0,0.0,0.0,0.0,0.0,0.0,0.0,0.1920122887864823,0.0,0.0,0.0,1.150214325179262,0.0,0.0,0.0,0.42747261372173073,0.0,0.0,0.35842293906810035,0.0,0.0,0.0,0.0,0.0,0.0,0.22878059940517043,0.0,0.0,0.0,0.0,1.1053584395173726,0.0,1.7275971348921926,10.903225806451612,2.120920508476364,2.721598586146245,3.31838886910951,0.6698159505471311,4.096774193548387,0.6981831858801651,2.120920508476364,3.900865857873999,22.64622259460969,1.8750824378487385,25.265899296475887,15.058724531078424,12.603567024223969,16.197899645757012,16.554519939539205,18.230911196949464,0.0015408461702317246,0.0020594204212019433,2017,2
2017-03-01,32,1.9157709066554227,0.0,2.1201250020523967,0.0,1.1933098423757886,0.8916702212096066,0.6727613424335357,0.14400921658986174,0.0,0.1291322314049587,0.0,0.0,0.14076576576576577,0.0,0.0,0.0,0.6051637304787506,0.3125,0.5841999624160858,0.14400921658986174,0.0,0.0,0.0,0.0,0.0,0.0,0.0,0.0,0.0,0.0,0.8699476892970044,0.244140625,1.0060366877553921,0.0,0.0,0.0,0.0,0.0,0.0,0.14400921658986174,0.20559210526315788,0.843708520522769,0.0,0.0,0.5707644628099173,0.32090575839968927,0.0,0.0,0.0,0.6727613424335357,0.0,0.0,0.0,0.0,0.0,0.0,0.0,0.0,0.14400921658986174,0.0,0.0,0.0,0.0,0.0,0.2232142857142857,0.8888428522862485,2.12111768384043,12.375,2.86974635855688,2.7408072583673575,3.4613371144273155,0.7072726473554426,4.65625,0.8343504730019291,2.86974635855688,3.047479862633172,26.970193001443,1.8919327280976703,22.643583712466786,15.665913954702184,12.92099182527047,16.696287267050824,17.308722273567454,18.889294748213583,0.0011089390930611354,0.0030021655541146914,2017,3
2017-04-01,30,1.5555352898349706,1.2938767123918606,0.3454231433506045,0.0,1.2509653589754515,0.9837093840417844,0.1792114695340502,0.0,0.23980815347721823,0.0,0.0,0.0,0.3333333333333333,0.0,0.0,0.0,0.8192768404351487,0.4029251160664887,0.0,0.0,0.0,0.0,0.0,0.3968253968253968,0.4576730772244949,0.0,0.17271157167530224,0.26666666666666666,0.0,0.0,0.3454231433506045,0.0,0.0,0.0,0.0,0.0,0.0,0.0,0.0,0.0,0.4668534080298786,0.7841119509455726,0.0,0.0,0.0,0.9837093840417844,0.0,0.0,0.0,0.1792114695340502,0.0,0.0,0.0,0.0,0.0,0.0,0.0,0.0,0.0,0.23980815347721823,0.0,0.0,0.0,0.0,0.4739803094233474,0.1792114695340502,1.693571338367128,11.466666666666667,2.097950845204201,2.7236561117047904,3.2751020243164306,0.5406531518404981,4.866666666666666,0.897392588393816,2.097950845204201,4.0892244887239455,24.909516594516596,1.90322640217443,20.938046768966128,15.947408810108685,12.8453017584038,16.702455911960193,17.594994351335004,18.89130092960159,0.0011530938594156172,0.002233380564528508,2017,4
2017-05-01,48,2.7268486220262917,0.6865546635726009,0.628709290126613,0.0,1.005937418741011,0.443071068881772,1.2831465052308768,0.23674242424242423,0.10064412238325282,0.19290123456790123,0.0,0.0,0.0,0.0,0.23674242424242423,0.0,1.9537849520400696,0.12183235867446392,0.15096618357487923,0.07062146892655367,0.0,0.0,0.1456876456876457,0.0,0.5408670178849552,0.0,0.0,0.0,0.32808398950131235,0.0,0.30062530062530063,0.0,0.0,0.0,0.0,0.0,0.0,0.0,0.0,0.07062146892655367,0.2671773082820093,0.57471562210046,0.09342301943198804,0.0,0.0,0.3197969071460718,0.0,0.0,0.1232741617357002,1.1478651199494916,0.0,0.1352813852813853,0.0,0.0,0.0,0.0,0.0,0.23674242424242423,0.0,0.10064412238325282,0.0,0.0,0.0,0.0,0.490819209039548,0.631578947368421,0.8028115448887561,11.4375,2.158447431553466,2.7352041353113674,3.243972144914597,0.6238184219833082,4.5,0.7341108551547056,2.158447431553466,2.821817938938434,23.691484672734674,1.861489748886832,23.801719942607253,15.620849120687835,12.494823286824099,16.60294149332632,17.084589664468883,18.779945860452145,0.001162862051135682,0.00264460442764477,2017,5
2017-06-01,40,3.8970286975450343,0.13089005235602097,0.3318364052338508,0.0,0.845424424614991,0.40310478758405954,0.5257164044705758,0.13157894736842105,0.1524390243902439,0.45871559633027525,0.0,0.0,0.23280183216662342,0.0,0.0,0.0,1.6535787505718471,0.801786859124958,0.7501456593513303,0.0,0.0,0.0,0.0,0.0,0.13089005235602097,0.0,0.0,0.0,0.09225092250922509,0.0,0.12437810945273631,0.0,0.11520737327188939,0.0,0.0,0.0,0.0,0.0,0.0,0.0,0.652718823402658,0.10964912280701752,0.0,0.08305647840531562,0.1388888888888889,0.2642158986951707,0.0,0.0,0.0,0.5257164044705758,0.0,0.0,0.0,0.0,0.0,0.0,0.0,0.0,0.13157894736842105,0.1524390243902439,0.0,0.0,0.0,0.0,1.4859116794186493,1.1479389274841492,2.084457276752567,11.7,2.3871282654293293,2.74939445136856,3.282036818329994,0.6091464936814444,3.975,0.7272251678078285,2.3871282654293293,2.187325916243948,23.58237103174603,1.8387715157780629,27.179616649190272,14.938545571764362,12.24549671072069,16.022737876063886,16.554591053619404,18.003382524992602,0.0010421446801066603,0.0009589950711105758,2017,6
2017-07-01,53,2.291816838119489,0.5312347869356497,0.5247641509433962,0.0,1.2356787975603996,0.353689885730843,1.3670853548141078,0.16827828335394185,0.0,0.0,0.09340556697179152,0.0,0.2994908655286014,0.0,0.16827828335394185,0.0,1.021932842518731,0.2615887329714328,0.144753918338824,0.3023666284361668,0.0,0.0,0.09776126698602014,0.28664142245311686,0.14683209749651274,0.0,0.0,0.0,0.0,0.0,0.2695417789757412,0.0,0.255222371967655,0.0,0.0,0.0,0.0,0.0,0.0,0.3023666284361668,0.3651904266080109,0.3282942390084645,0.0,0.23982750350775742,0.0,0.0657418973111564,0.0,0.0998302885095338,0.18811769991015273,1.23134489058172,0.0,0.0,0.0,0.1357404642323877,0.0,0.0,0.0,0.16827828335394185,0.0,0.0,0.0,0.0,0.0,0.0,1.061289873259786,1.5752019410834817,1.2456464761707593,11.622641509433961,2.197535553014938,2.7489896426133584,3.4344227748893283,0.7294733465633447,5.150943396226415,0.8289544409541105,2.197535553014938,5.325866733108226,24.822330787660974,1.8991259395033087,21.07251878177617,16.199921768383074,12.624818848213812,17.222684050205903,18.06308035081578,19.59934087291203,0.002209138333283862,0.0012492794285021334,2017,7
2017-08-01,23,1.323131707436459,0.5899729561056792,0.789834406545604,0.0,0.9659043236702476,0.8579936531723525,0.4101722723543888,0.0,0.0,0.0,0.0,0.0,0.8581235697940504,0.0,0.0,0.0,0.23250406882120436,0.0,0.0,0.23250406882120436,0.0,0.0,0.0,0.17391304347826086,0.0,0.0,0.41605991262741837,0.0,0.0,0.0,0.3040437823046519,0.0,0.48579062424095215,0.0,0.0,0.0,0.0,0.0,0.0,0.23250406882120436,0.0,0.47914141935450977,0.0,0.2542588354945334,0.0,0.5474346469611725,0.0,0.0,0.3105590062111801,0.4101722723543888,0.0,0.0,0.0,0.0,0.0,0.0,0.0,0.0,0.0,0.0,0.0,0.0,0.0,0.0,1.3098216640174851,3.7739603615694075,2.6035549374422033,10.652173913043478,2.0048102292916026,2.6779649512831676,3.3665188900869056,0.6133185057246494,4.826086956521739,0.9248138303915328,2.0048102292916026,4.072645340564603,25.01545266327875,1.8547674982426634,23.413544331891107,15.840899598805892,12.56488055629077,16.872880472323004,17.660435978915405,19.315764977128364,0.0006110296923115673,0.002109083452002509,2017,8
2017-09-01,32,2.2442815119685022,0.4081791323277873,0.23674242424242425,0.0,0.326366341991342,0.9343171357650626,0.9777307502396073,0.0,0.19054878048780488,0.0,0.0,0.0,0.43941151406116846,0.0,0.0,0.0,0.7412187903775074,0.9148416837203025,0.14880952380952384,0.0,0.0,0.0,0.0,0.143348623853211,0.2648305084745763,0.0,0.0,0.0,0.0,0.0,0.0,0.0,0.23674242424242425,0.0,0.0,0.0,0.0,0.0,0.0,0.0,0.326366341991342,0.0,0.0,0.0,0.516111060231401,0.2835077996715928,0.13469827586206895,0.0,0.0,0.9777307502396073,0.0,0.0,0.0,0.0,0.0,0.0,0.0,0.0,0.0,0.0,0.0,0.0,0.0,0.19054878048780488,0.35511363636363635,1.4258611552397527,2.527852405865662,11.34375,2.0520497631908086,2.7307789435832825,3.411004296759381,0.6476690718400165,4.84375,0.7979768150542538,2.0520497631908086,3.880412675816517,25.166765873015873,1.8817443601025525,21.32711378577212,16.09526798711574,12.68464053546445,16.86945190117298,17.854764182547736,19.234696622847963,0.0014481533639773415,0.0015481124951014745,2017,9
2017-10-01,28,1.7449457363840852,0.6958425098971774,0.5260345896600399,0.0,0.8502843723888664,0.672224017812253,1.2685535977551765,0.15262515262515267,0.0,0.0,0.0,0.0,0.0,0.0,0.15262515262515267,0.0,0.804743486705512,0.5657492354740061,0.0,0.22182786157941434,0.0,0.0,0.0,0.6958425098971774,0.0,0.0,0.0,0.0,0.36443148688046645,0.0,0.0,0.0,0.1616031027795734,0.0,0.0,0.0,0.0,0.0,0.0,0.22182786157941434,0.6284565108094521,0.0,0.0,0.0,0.0,0.5106209150326797,0.1616031027795734,0.0,0.0,1.2685535977551765,0.0,0.0,0.0,0.0,0.0,0.0,0.0,0.15262515262515267,0.0,0.0,0.0,0.0,0.0,0.0,1.2755102040816326,1.5538840057095638,1.8194247870622238,11.321428571428571,2.1258675355935166,2.7378815680876127,3.2712054441665472,0.7039357233191652,4.321428571428571,0.7442209578514402,2.1258675355935166,4.466199445913938,22.898520427984714,1.8398411972646698,27.11499892677342,14.906785361920246,12.334360659346526,15.957530690421422,16.438902569699987,17.886755611892717,0.0021209815040818393,0.0024633977735417267,2017,10
2017-11-01,46,2.6463372139022376,0.17366340233740085,0.845074258271982,0.0,0.7967714236489618,0.3482324594593589,1.2852607343722824,0.1806853999504788,0.21106439775789307,0.0,0.0,0.0,0.2436885330346553,0.0,0.1806853999504788,0.0,0.9929185936824645,0.8394673039396586,0.1753155680224404,0.21426181527253996,0.0,0.0,0.0,0.0,0.17366340233740085,0.0,0.0,0.0,0.0,0.16722408026755853,0.3451525245441795,0.0,0.3326976534602441,0.0,0.0,0.0,0.0,0.0,0.0,0.21426181527253996,0.0,0.19584802193497847,0.0,0.38666158644144333,0.0,0.3482324594593589,0.0,0.0,0.0,1.2038407701970666,0.0,0.08141996417521576,0.0,0.0,0.0,0.0,0.0,0.1806853999504788,0.0,0.21106439775789307,0.0,0.0,0.0,0.0,0.10924186148131965,0.7388027466730844,1.961626813436818,11.478260869565217,2.1058491876621583,2.8068565655214472,3.3578259891029867,0.6768973342787448,6.130434782608695,0.7984105963205966,2.1058491876621583,4.33929067245946,24.207241671372106,1.853125882400485,24.36912915855262,15.594157561851572,12.53391503478955,16.625202192015262,17.475028017882572,18.685076659676792,0.0010169343561711658,0.002121484795239571,2017,11
2017-12-01,20,2.747752675193777,0.0,0.30120481927710846,0.0,0.9404090891416992,0.8158856763044202,1.3517828798100218,0.26178010471204194,0.0,0.0,0.0,0.0,1.018782141547865,0.0,0.26178010471204194,0.0,0.8255055949081204,0.3105590062111801,0.33112582781456956,0.0,0.0,0.0,0.0,0.0,0.0,0.0,0.0,0.0,0.0,0.0,0.0,0.0,0.30120481927710846,0.0,0.0,0.0,0.0,0.0,0.0,0.0,0.6092832613271297,0.33112582781456956,0.0,0.0,0.0,0.8158856763044202,0.0,0.0,0.0,1.3517828798100218,0.0,0.0,0.0,0.0,0.0,0.0,0.0,0.26178010471204194,0.0,0.0,0.0,0.0,0.0,0.0,0.2777777777777778,0.0,0.39215686274509803,11.3,2.099247476459231,2.75848075806983,3.27761088398264,0.6461812098818245,5.55,0.8019251919928708,2.099247476459231,1.6681591356822771,23.4859145021645,1.9235213321734403,16.93706898858965,16.5568225600561,12.911036089784762,17.2151013395454,18.407146349630256,19.51495728642471,0.0019494947385881912,0.0011092223576422823,2017,12
2018-01-01,29,2.2881985423035296,0.2622263012980202,0.5327868909859002,0.0,1.1660373416771626,1.3304677694998326,1.2372364983864714,0.225377507324769,0.1707067258449983,0.35245205932703233,0.0,0.0,0.18341892883345562,0.225377507324769,0.0,0.0,0.8470430983625061,0.3591371008214445,0.32076984763432237,0.0,0.0,0.0,0.0,0.2622263012980202,0.0,0.0,0.0,0.0,0.0,0.0,0.0,0.0,0.5327868909859002,0.0,0.0,0.0,0.0,0.0,0.0,0.0,0.35442430587362866,0.4335934894269895,0.2089864158829676,0.16903313049357677,0.19051247856734616,0.8936498722132746,0.0,0.0,0.2463054187192118,1.0682033678928948,0.0,0.16903313049357677,0.0,0.0,0.225377507324769,0.0,0.0,0.0,0.0,0.1707067258449983,0.0,0.0,0.0,0.0,1.115919772907069,1.518775822342285,0.8332768866760097,12.275862068965518,2.3969488063971336,2.778138534881185,3.3061697892221074,0.616612173381627,6.241379310344827,0.796311705677578,2.3969488063971336,3.638907203084712,24.544421574593986,1.864083848544069,23.406654747670448,15.752533715381462,12.599353825474193,16.5492360940668,17.23331896380214,18.602773606204583,0.0020758639594842406,0.0019952872472914773,2018,1
2018-02-01,43,2.262298178454425,0.5693707874994534,0.11399908800729595,0.0,1.5076427509794454,0.7276480176914365,0.5550379109591698,0.0,0.3133455666800244,0.0,0.0,0.0,0.0,0.0,0.0,0.0,1.031408333915307,0.6565704405122873,0.5743194040268309,0.0,0.0,0.0,0.13679890560875513,0.31857279388340237,0.11399908800729595,0.0,0.0,0.0,0.0,0.0,0.0,0.0,0.11399908800729595,0.0,0.0,0.0,0.0,0.0,0.0,0.0,0.3536192489680862,0.5126033842028666,0.09013881377321074,0.551281304035282,0.0,0.27658135595446004,0.13679890560875513,0.3142677561282213,0.0,0.5550379109591698,0.0,0.0,0.0,0.0,0.0,0.0,0.0,0.0,0.0,0.0,0.0,0.3133455666800244,0.0,0.0,0.8656390554892327,0.3830369357045144,1.268496203249645,11.162790697674419,1.9385523237869222,2.705129240455153,3.2937635773038423,0.6185580342762936,4.116279069767442,0.7398507752283939,1.9385523237869222,4.8500954387587765,24.380361757105945,1.8856681865278078,20.147173204409487,16.23335780994601,12.836303279681909,17.001132234623558,18.112250677402674,19.377954408376556,0.0016565215501140305,0.0017366924276732607,2018,2
2018-03-01,44,3.625934246229387,0.4394216211727279,0.4056383177262299,0.0,1.0406985264448452,0.9355049152856899,0.9077103809372405,0.7286753972691671,0.1567398119122257,0.34862616552641446,0.0,0.0,0.1321353065539112,0.0,0.5182376868314565,0.0,1.054385071412935,0.8001925027270296,0.6743951307324991,0.09796238244514105,0.0,0.0,0.17088174982911825,0.0,0.16233766233766234,0.0,0.10620220900594733,0.0,0.0,0.0,0.0,0.0,0.4056383177262299,0.0,0.0,0.0,0.0,0.0,0.0,0.09796238244514105,0.49952855793497525,0.31694495980210263,0.0,0.12626262626262627,0.3417634996582365,0.21435257655730097,0.0,0.0,0.3793888390701525,0.7989674492278017,0.0,0.10874293170943888,0.0,0.0,0.0,0.21043771043771045,0.0,0.5182376868314565,0.0,0.1567398119122257,0.0,0.0,0.0,0.0,0.4170141784820684,1.9121893472436213,2.137759989110497,11.431818181818182,2.1816425090775398,2.7579541521798525,3.345259524956229,0.672942911645197,5.4772727272727275,0.8041535888582456,2.1816425090775398,3.0485158013949585,23.482793595293597,1.8825419496145157,24.289693023212138,15.402052897730018,12.49763798248538,16.461742487356613,17.126617610282224,18.492660581923335,0.0016530707469383122,0.0014016819830256556,2018,3
2018-04-01,43,1.7684488775378742,0.22859286767786713,0.41253198431207194,0.0,0.8967091984104695,0.4107369668300596,1.2506870509305943,0.2343526789403717,0.0,0.2133560913164071,0.0,0.0,0.0,0.0,0.11570056693277796,0.0,0.29859956760204487,0.5374016592074778,0.39742487032424145,0.20596612215492502,0.0,0.0,0.0,0.11289230074508917,0.11570056693277796,0.0,0.0,0.0,0.0,0.0,0.29683141737929397,0.0,0.11570056693277796,0.0,0.0,0.0,0.0,0.0,0.0,0.20596612215492502,0.366287300942744,0.11865211200759374,0.0,0.20580366330520683,0.0,0.32885029797974846,0.0,0.08188666885031118,0.0,1.2506870509305943,0.0,0.0,0.0,0.0,0.0,0.0,0.0,0.11570056693277796,0.11865211200759374,0.0,0.0,0.0,0.0,0.0,0.0,1.2100242435975717,0.7278835046909385,11.720930232558139,2.4257362357109797,2.7507145135212707,3.31256476625957,0.6820601400891946,4.534883720930233,0.7384571773203071,2.4257362357109797,2.921317784306937,23.765550018456995,1.9006678278662759,21.00476031606065,15.876333757808316,12.712819379255272,17.025266132081114,17.54559524223799,19.422108894665016,0.002017654547675249,0.002695807253773583,2018,4
2018-05-01,58,3.3796824787786366,0.0712453690510117,0.7423413281974961,0.10201999591920016,0.21920546023404183,0.2753936841087899,1.1407075463346552,0.23299161230195714,0.0,0.10201999591920016,0.0,0.0,0.10201999591920016,0.0,0.23299161230195714,0.0,1.4060123387028796,1.5366385359353996,0.0,0.0,0.0,0.0,0.0,0.0,0.0,0.0,0.0712453690510117,0.0,0.11343012704174228,0.0,0.3573533745947539,0.0,0.27155782656099986,0.0,0.0,0.0,0.10201999591920016,0.0,0.0,0.0,0.0,0.0,0.0,0.21920546023404183,0.11343012704174228,0.16196355706704763,0.0,0.0,0.0,1.1407075463346552,0.0,0.0,0.0,0.0,0.0,0.0,0.0,0.23299161230195714,0.0,0.0,0.0,0.0,0.0,0.0,0.40896682623863323,0.3148264750546316,1.4880533246538554,11.362068965517242,2.287678923954583,2.7634531081010567,3.2624635790367478,0.5815686047372294,4.844827586206897,0.8329991464380163,2.287678923954583,3.431273912538166,24.620595735681942,1.852925967501974,24.53398999165038,15.656701654688165,12.58924307546651,16.541403237796477,17.62325976992761,18.756078426561235,0.0016951629009772302,0.001816314667210658,2018,5
2018-06-01,44,2.34313938305019,0.3392315721457329,0.2783339693210938,0.0,1.0062333712257632,1.5256741728858436,1.8326979262399066,0.09754194303550526,0.22784376427592506,0.10720411663807888,0.0,0.0,0.8009623882679204,0.09754194303550526,0.0,0.0,0.8454674184607028,0.0,0.3223570037578878,0.16960651289009498,0.0,0.0,0.14662756598240467,0.0,0.0,0.0,0.1926040061633282,0.0,0.09754194303550526,0.0,0.0,0.0,0.1807920262855885,0.0,0.0,0.0,0.0,0.0,0.0,0.16960651289009498,0.6134764885577323,0.22315036977793576,0.0,0.0,0.34775387330340224,1.096167519987935,0.08175277959450622,0.0,0.0,1.8326979262399066,0.0,0.0,0.0,0.0,0.09754194303550526,0.0,0.0,0.0,0.0,0.11420740063956146,0.11363636363636363,0.0,0.0,0.0,0.0,1.3636361666705161,2.397760769553312,11.318181818181818,2.1945403279317923,2.7511543932032088,3.2971722122935536,0.6389593159603068,5.045454545454546,0.7653697358570253,2.1945403279317923,2.888180905188783,24.317913462799826,1.8703102672781207,22.433800548942312,16.004806620019973,12.695432100785087,16.896420252953355,17.741863538654325,19.19787293111769,0.0020651205537956714,0.000908747216191914,2018,6
2018-07-01,55,2.660722043597316,0.30542579949694576,1.0565841021328977,0.0,0.7507832643052115,0.5398257207058569,1.8906389668271582,0.2097902097902098,0.09775171065493647,0.24689823732885935,0.0,0.0,0.3086868955271652,0.0,0.12714558169103624,0.0,1.0486816245447477,0.2597402597402597,0.47818188495663533,0.1913875598086124,0.0,0.0,0.2066115702479339,0.09881422924901186,0.0,0.0,0.0,0.0,0.39536182939897385,0.0,0.20053475935828877,0.0,0.460687513375635,0.0,0.0,0.0,0.0,0.0,0.0,0.1913875598086124,0.0,0.3458970819070673,0.0,0.21349862258953167,0.42963288324029214,0.11019283746556474,0.0,0.0,0.0,1.8906389668271582,0.0,0.0,0.0,0.0,0.0,0.0,0.0,0.12714558169103624,0.08264462809917354,0.09775171065493647,0.0,0.0,0.0,0.0,0.6827586154697362,0.9571743150693315,1.4377409702262645,11.836363636363636,2.3588205199515686,2.765052487720265,3.249642932597196,0.6167376710309281,4.7272727272727275,0.7076817629160386,2.3588205199515686,4.076751577120724,24.125735274826184,1.890834136851807,21.33902807603229,16.017403854394846,12.729697983459763,16.633731632831566,17.881010242083917,18.657878454185322,0.0018146448491413961,0.0021265783556113495,2018,7
2018-08-01,54,2.616476428407063,0.08379420144126028,0.16952808347143863,0.0,1.16716472663396,1.0876467351158992,1.3986648468716814,0.0,0.3756742432833024,0.0,0.0,0.0,0.0,0.0,0.0,0.0,1.2054682025308423,0.614216065797127,0.796792160079094,0.0,0.0,0.0,0.08379420144126028,0.0,0.0,0.0,0.0,0.0,0.08573388203017833,0.0,0.08379420144126028,0.0,0.0,0.0,0.0,0.0,0.0,0.0,0.0,0.0,0.27196151384646294,0.17732207274690936,0.0,0.7178811400405877,0.2472708342902638,0.7108757713255058,0.0,0.0,0.1295001295001295,1.3046622147979834,0.0,0.0,0.0,0.09400263207369805,0.0,0.0,0.0,0.0,0.0,0.25463817453481535,0.0,0.12103606874848705,0.0,0.0,0.8465351228609121,0.8605114817110786,1.5969304369366697,11.61111111111111,2.2226835100202273,2.776712196254081,3.258539634709532,0.5967814711805984,4.722222222222222,0.6943022737096228,2.2226835100202273,4.059856838508193,24.594199678921903,1.8385038716196378,25.0553530163613,15.632584311317547,12.51038399708389,16.57215658708306,17.386256097787008,18.80822971431472,0.0018868463631737788,0.0015045410021072524,2018,8
2018-09-01,50,2.411076105907498,0.4881113284474629,0.7059122882937922,0.0,0.7754355016773357,0.8386283101433959,1.8323096835798143,0.8853465986657616,0.0970873786407767,0.0,0.0,0.0,0.788926173030458,0.1092896174863388,0.41242061754305936,0.0,0.7998909896556217,0.12738853503184713,0.17316017316017315,0.0,0.0,0.0,0.0,0.0904977375565611,0.3110335043108152,0.0,0.08658008658008658,0.0,0.1092896174863388,0.0,0.48233695652173914,0.0,0.11428571428571428,0.0,0.0,0.0,0.0,0.0,0.0,0.0,0.6661458841909971,0.1092896174863388,0.0,0.0,0.10869565217391304,0.47352240155922654,0.0,0.0,0.2564102564102564,1.6453937957293467,0.18691588785046728,0.0,0.0,0.0,0.1092896174863388,0.1818181818181818,0.0,0.41242061754305936,0.1818181818181818,0.0970873786407767,0.0,0.0,0.0,0.0,0.06557377049180328,1.2706094618564714,3.046685388577593,11.76,2.329360486408066,2.765065424644214,3.2289699006294024,0.612558034429463,5.26,0.734808799928948,2.329360486408066,2.815990797899206,22.927010378510378,1.8576094704568649,26.226798221003293,15.029544652368754,12.279996688419716,16.265476059953166,16.5454355693087,18.32819042821304,0.0024049514223874508,0.0026319665025269913,2018,9
2018-10-01,52,1.8871362844448947,0.2708693379724476,0.4453054572649415,0.0,0.9488416280842826,0.5775767713465799,0.6379895288171256,0.32995951417004044,0.38461538461538464,0.0,0.0,0.0,0.21320773597263665,0.0,0.07692307692307693,0.0,0.5175268839117739,0.7288240324677572,0.25303643724696356,0.09761811792268643,0.0,0.0,0.13448090371167296,0.0,0.13638843426077468,0.0,0.0,0.0,0.1557377049180328,0.0,0.0,0.0,0.2895677523469087,0.0,0.0,0.0,0.0,0.0,0.0,0.09761811792268643,0.2957114525355392,0.09335324869305452,0.0,0.4621588089330025,0.10068465565847766,0.4768921156881023,0.0,0.0,0.0,0.3049330216715495,0.16869095816464236,0.0,0.16436554898093364,0.0,0.0,0.0,0.12651821862348178,0.07692307692307693,0.12651821862348178,0.0,0.0,0.38461538461538464,0.0,0.0,0.7059475285732268,0.9531300839337432,2.5355207285765813,11.26923076923077,2.300510400217869,2.7590228133751893,3.3131412327520966,0.6076622187681668,5.134615384615385,0.7925795302122152,2.300510400217869,3.5242887441091,24.77061965811966,1.8910667430747015,21.557427149027,15.919591984556526,12.684323038687726,16.871704162413852,17.397958246358062,19.226319803355945,0.0010315148431183855,0.002016568184493658,2018,10
2018-11-01,58,3.147609972174316,0.25243104430107804,0.6048455480255606,0.0,1.251213832773507,0.3500893526619596,2.2706349314857905,0.27125576292447995,0.15257857796765334,0.0,0.05177591384487936,0.0,0.0,0.10386373078520982,0.16739203213927015,0.0,1.006777442111722,0.6815716884589791,0.71343403180688,0.42279513302737526,0.0,0.0,0.0,0.17614175531725138,0.07628928898382667,0.0,0.0,0.0,0.0,0.0,0.1319493314567206,0.0,0.47289621656883996,0.0,0.0,0.0,0.0,0.0,0.0,0.42279513302737526,0.2531688263199581,0.30287665930021745,0.0,0.2723732141259562,0.0,0.3500893526619596,0.0,0.0,0.0,2.1628763107961353,0.10775862068965517,0.0,0.0,0.0,0.10386373078520982,0.0,0.0,0.16739203213927015,0.0,0.15257857796765334,0.0,0.0,0.0,0.0,0.0,0.4351825925423082,1.5097036044746952,11.293103448275861,2.2025742027696777,2.749657440247837,3.2990325734514547,0.6542308472205796,5.224137931034483,0.7269215314491155,2.2025742027696777,2.1596780848953054,24.01834142868626,1.914008587579525,20.080637238241795,16.037197845505183,12.934449833086115,17.08436962553824,17.83734901217758,19.500994837978922,0.001791486630448763,0.001341312092999395,2018,11
2018-12-01,40,2.09866194782752,0.2996692748245543,0.23584905660377356,0.0,1.0553900786110133,0.9241130422621584,2.1740369461224067,0.8229337907349656,0.34633898172425936,0.12437810945273631,0.0,0.0,0.0,0.17605633802816903,0.5224993432540602,0.0,0.47368700997953317,0.4965835910772277,0.10204081632653061,0.2034167397092629,0.0,0.0,0.10204081632653061,0.09881422924901186,0.09881422924901186,0.0,0.0,0.0,0.23584905660377356,0.0,0.0,0.0,0.0,0.0,0.0,0.0,0.0,0.0,0.0,0.2034167397092629,0.5433209523272857,0.20661157024793392,0.0,0.10204081632653061,0.0,0.7889779071270233,0.0,0.0,0.13513513513513514,2.022521794607255,0.15151515151515152,0.0,0.0,0.0,0.17605633802816903,0.0,0.12437810945273631,0.5224993432540602,0.0,0.2225766054866356,0.0,0.12376237623762376,0.0,0.0,0.10204081632653061,0.927700422978881,2.3082967995452845,11.175,2.156520057693346,2.7812892132541216,3.281509284621046,0.6242765588519944,5.2,0.7201051082818911,2.156520057693346,2.416187758784097,22.85219516594517,1.8586976945096119,26.154459437664023,15.03066874617411,12.562172701455783,16.28943186157695,16.788557117275165,18.276619354205657,0.0018971196952576354,0.002197277730481129,2018,12
2019-01-01,34,1.7875417352748382,0.2734945110730376,0.4383366686407514,0.0,0.7062878740460713,0.4940126535304074,1.9722197554587544,0.4090325972752604,0.1427755568246716,0.0,0.0,0.0,0.0,0.0,0.1427755568246716,0.0,0.11534025374855825,0.3613701916148814,0.850210148250851,0.3178455848358761,0.0,0.0,0.0,0.1427755568246716,0.0,0.0,0.13071895424836602,0.0,0.2920094810492969,0.0,0.0,0.0,0.14632718759145447,0.0,0.0,0.0,0.0,0.0,0.0,0.3178455848358761,0.14632718759145447,0.2421151016187408,0.0,0.0,0.0,0.4940126535304074,0.0,0.0,0.0,1.8106166526791814,0.0,0.16160310277957338,0.0,0.0,0.0,0.0,0.2662570404505888,0.1427755568246716,0.0,0.1427755568246716,0.0,0.0,0.0,0.0,0.13071895424836602,1.0777861307618697,1.2591493237681453,11.882352941176471,2.1870097571653204,2.7406823877933464,3.3149601845296566,0.6274273568040891,5.823529411764706,0.807771781002164,2.1870097571653204,4.4411084721899465,24.689918088447502,1.8914030544209193,21.73419182279549,15.989324364640575,12.580841554515436,16.83314206949094,17.585208708885933,19.15794595971757,0.0015092218160555112,0.0015771073727602854,2019,1
2019-02-01,41,3.5095515524886682,0.22712940357597977,0.21065797702511438,0.0,0.33819896300436003,0.40756933320226774,0.9957913504151262,0.6647933196199431,0.08557980316645272,0.0,0.0,0.0,0.0,0.0,0.6647933196199431,0.0,1.8106300662469559,0.16046213093709882,0.8736660356846703,0.0,0.0,0.0,0.0,0.22712940357597977,0.0,0.0,0.0,0.0,0.08557980316645272,0.0,0.0,0.0,0.12507817385866168,0.0,0.0,0.0,0.0,0.0,0.0,0.0,0.20846362309776947,0.12973533990659056,0.0,0.0,0.09273856997125104,0.0,0.0,0.0,0.3148307632310167,0.9957913504151262,0.0,0.0,0.0,0.0,0.0,0.0,0.0,0.6647933196199431,0.0,0.0,0.0,0.08557980316645272,0.0,0.0,0.5738560953852179,0.6418144769079858,1.5443910306921154,11.24390243902439,2.1339447035549495,2.7755875609836815,3.2597557399257937,0.5972148619247795,4.829268292682927,0.795517339237142,2.1339447035549495,3.283454411320053,24.072115756871852,1.8791128929692908,22.74293994250435,15.638401565081727,12.672903253685861,16.458784697405164,17.36470829060819,18.519735247988294,0.001574364557705084,0.0017116625971027183,2019,2
2019-03-01,59,2.38970008358761,0.690316843620873,0.8406539392943045,0.0,0.8911350014093813,1.3695247033712368,1.420143593923786,0.3212715723288271,0.2530284350533502,0.08308408109006316,0.0,0.0,0.0760051683514479,0.14124293785310735,0.18002863447571976,0.0,0.5994978758191603,0.3592671041557566,0.950574281842355,0.0,0.0,0.0,0.2379866051562826,0.30710844726362746,0.0,0.0,0.06254299831133904,0.0826787928896238,0.3882255856436678,0.07243227582210635,0.0,0.0,0.3799960778285304,0.0,0.0,0.0,0.0,0.0,0.0,0.0,0.5448840951014038,0.18327828570823826,0.0,0.16297262059973927,0.2793655170306053,0.8445192944221839,0.24563989191844757,0.0,0.0,1.420143593923786,0.0,0.0,0.0,0.0,0.14124293785310735,0.0,0.0,0.18002863447571976,0.0,0.15990122328207065,0.0,0.09312721177127957,0.0,0.0,0.7209948866713234,0.5928330297328567,1.5205289584404054,11.508474576271187,2.1581010452543254,2.736222150612021,3.290278232029952,0.6132741390770371,5.3559322033898304,0.7417413280115637,2.1581010452543254,3.747535403220416,24.133488639420843,1.8708224706991678,22.05848847484744,15.902199063565721,12.587536798347985,16.781681880945275,17.68001426994265,19.032980033622,0.0015109237948696778,0.0017139990558061667,2019,3
2019-04-01,68,1.9573430692233478,0.23100543726349296,1.4891887344515244,0.0,0.8055915721431471,0.4723183845517398,1.27697229029676,0.442873957681816,0.4329660471528984,0.0,0.0,0.0,0.07002801120448181,0.11956001912960307,0.2341873788374179,0.0,0.7602377174833231,0.28859638498799123,0.2000800320128051,0.28465352556772566,0.0,0.0,0.0713877784123358,0.0,0.15961765885115717,0.0,0.0,0.0,0.05019072475406545,0.0,0.3691660447746578,0.159846547314578,0.9099854176082233,0.0,0.0,0.0,0.0,0.0,0.0,0.28465352556772566,0.10004001600640255,0.3173354787877431,0.0,0.1035625517812759,0.05767012687427912,0.22967463319116976,0.0,0.053671103477887505,0.13130252100840337,1.0825525983593909,0.0,0.06654245408570669,0.0,0.12787723785166238,0.11956001912960307,0.0,0.0,0.2341873788374179,0.08912655971479501,0.0778089013383131,0.0,0.11671335200746964,0.23844379380711558,0.0,0.4956795525084011,0.762987602986414,1.9200396616008508,11.0,2.1427481295541355,2.7577235896427306,3.2952589004283572,0.6044609335382897,5.0,0.7820608388357866,2.1427481295541355,3.426639395629192,23.48334431091784,1.8508683906968249,25.35783918436326,15.251568895911058,12.729877239269218,16.27046501388446,17.115059474497624,18.266203086235194,0.000552946107866377,0.002051184054352797,2019,4
2019-05-01,80,3.1310575279883035,0.8521887689605447,0.6688290952772523,0.0,0.6722633568435155,1.0157190016994166,1.5961412010646685,0.42339706705369934,0.2988072583453532,0.10504201680672269,0.0,0.06684491978609626,0.21846703376004725,0.06067961165048543,0.29692798171900336,0.0,0.8988018040417043,0.410129384663784,0.9539724678681525,0.12019230769230771,0.0,0.0,0.09689922480620154,0.3193732525629077,0.2202685918335662,0.0,0.21564769975786927,0.0,0.0984251968503937,0.0,0.08620689655172413,0.0,0.48419700187513454,0.0,0.0,0.0,0.0,0.0,0.0,0.12019230769230771,0.2855454382710022,0.1438884011315969,0.0,0.12263720974860873,0.12470831944378305,0.5846962159617585,0.15723270440251574,0.0,0.1490817618913594,1.5961412010646685,0.0,0.0,0.0,0.0,0.06067961165048543,0.0,0.0,0.29692798171900336,0.06578947368421052,0.24349752383207884,0.05530973451327433,0.0,0.0,0.0,0.2731396971974659,1.8141012401242491,1.3020650895677042,11.5875,2.236179818937638,2.7563557134485355,3.3415717243624776,0.666114100555081,5.4125,0.7837024809800572,2.236179818937638,3.4380922576398425,24.27395202020202,1.8657240193849158,23.17371198569969,15.752942811620022,12.794744687241172,16.662030719219917,17.801628611241192,18.906858750688546,0.0022333784158468646,0.002609570709022233,2019,5
2019-06-01,75,3.2992635988332992,0.3003891530421061,1.062643271749927,0.0,0.8328848719336466,0.9034855036851498,1.3614359684600108,0.30147286855459743,0.45043053386198895,0.19682539682539685,0.0,0.0,0.1494824016563147,0.0,0.30147286855459743,0.0,1.6051857023639131,0.4299588325092655,0.45861629489296507,0.15772210203084652,0.0,0.0,0.0,0.07092198581560284,0.0634920634920635,0.0,0.1659751037344398,0.0,0.0631911532385466,0.0,0.43117865539640776,0.0,0.5682734631149726,0.0,0.0,0.0,0.0,0.0,0.0,0.15772210203084652,0.3939928524211433,0.2013295981203793,0.07984031936127745,0.0,0.20367529883271654,0.46868642085317125,0.06116207951070336,0.08714596949891068,0.08281573498964802,1.3614359684600108,0.0,0.0,0.0,0.0,0.0,0.0,0.0,0.30147286855459743,0.0,0.38693847036992535,0.0,0.0634920634920635,0.0,0.0,0.1303325068345095,0.6522857741874477,1.7662487121938912,11.373333333333333,2.1845610997481884,2.7869814780288418,3.3277814375876846,0.6571679217370684,5.266666666666667,0.7640774460051668,2.1845610997481884,4.249475111317654,23.767596255596253,1.8513186065605176,25.13130838120033,15.317243803813005,12.69790985580357,16.391949899172513,17.152951436606095,18.48297862733804,0.0015626537951434693,0.002563210016440863,2019,6
2019-07-01,80,1.763728882930512,0.95727163401812,0.5813888577210977,0.0,0.6415090069990665,0.8052011199215514,1.9378788827311748,0.48409826775307596,0.1262951849594449,0.06684491978609626,0.0,0.0,0.19320641915009085,0.15079941860465115,0.1395209396716069,0.0,0.6442993979440523,0.5690577877740144,0.0,0.0,0.0,0.0,0.0,0.38017612223804853,0.11830357142857144,0.0,0.3633720930232558,0.09541984732824427,0.21687489510437247,0.0,0.0,0.0,0.36451396261672525,0.0,0.0,0.0,0.0,0.0,0.0,0.0,0.19266145094939793,0.3961049400159133,0.0,0.052742616033755275,0.17386698599852618,0.401987238769013,0.18355934936646645,0.045787545787545784,0.0,1.8946262875754656,0.0,0.043252595155709346,0.0,0.0,0.15079941860465115,0.06684491978609626,0.0,0.1395209396716069,0.12693298969072164,0.04512635379061372,0.08116883116883118,0.0,0.0,0.0,0.15945403411062703,0.5959427863552786,1.3977710513115686,11.775,2.4010998502714935,2.7709049746808048,3.238742888532883,0.5999229780330613,5.5,0.7693657026414966,2.4010998502714935,3.777405850892238,23.41867221320346,1.8480963958098027,26.005107207931474,15.214312983531745,12.635972935554033,16.250095372108436,17.04168083922527,18.16385937006793,0.0019489264659736654,0.0023080892067702283,2019,7
2019-08-01,52,2.576208902668552,0.6874192726769285,0.724519162926263,0.0,0.997362850559788,1.289606423530524,1.0995321327858456,0.0,0.0,0.1201923076923077,0.0,0.0,0.09201324990798675,0.0,0.0,0.0,1.1941219385310626,0.8192834949636739,0.3505979115735214,0.0,0.0,0.0,0.10743446497636441,0.11798017932987258,0.46200462837069145,0.0,0.0,0.0,0.2579820676835602,0.0,0.11584800741427248,0.0,0.3506890878284303,0.0,0.0,0.0,0.0,0.0,0.0,0.0,0.4343846457493352,0.20109091823140537,0.11515430677107324,0.2467329798079741,0.23341596484011345,0.6281417596726133,0.19425019425019427,0.09028530155290719,0.14351320321469577,1.0995321327858456,0.0,0.0,0.0,0.0,0.0,0.0,0.0,0.0,0.0,0.0,0.0,0.0,0.0,0.0,0.0,0.5948188815732107,3.156296249894498,10.807692307692308,2.1363247282798663,2.776761884375633,3.2116753590912293,0.6010342322626868,5.480769230769231,0.7893785809446136,2.1363247282798663,2.700284280169136,22.08340478965479,1.8662650765229498,24.93707679793903,15.038679529243002,12.527558100449928,16.17189299548605,16.712943912854662,18.177520386431947,0.0021703397515848875,0.0025559458422409168,2019,8
2019-09-01,97,1.9330138191837603,0.6687842067700814,0.7450427753597276,0.0,0.8091491315217658,1.0684400787292012,1.139144306489538,0.2369818319116544,0.056028686687584046,0.0,0.0,0.0,0.07930214115781126,0.06028817748839452,0.04462891060829205,0.0,0.9846573458667548,0.26060877334376426,0.5035284707187435,0.0,0.0,0.0,0.0,0.3345807514089603,0.20031672353624494,0.0,0.13388673182487618,0.0,0.10783410553439542,0.0,0.07930214115781126,0.0,0.5579065286675209,0.0,0.0,0.0,0.0,0.0,0.0,0.0,0.4841178311785244,0.21396701325033926,0.11106428709290227,0.0,0.3321431244255637,0.37303604341736446,0.05572582892170521,0.03721761137370204,0.27031747059086575,1.139144306489538,0.0,0.0,0.0,0.0,0.06028817748839452,0.0,0.0,0.04462891060829205,0.13206474381496786,0.056028686687584046,0.0,0.0,0.0,0.0,0.2334932859361367,0.7376929711650746,1.938061940109262,11.24742268041237,2.2626777868913734,2.767460822795664,3.2920582392902586,0.6218396694713288,5.391752577319588,0.7983913676195529,2.2626777868913734,3.7594786006455876,23.414526681794722,1.890513403935818,22.239986478522862,15.620916361132782,12.834843731597514,16.56931608662623,17.439823611597333,18.766071518879205,0.0014872701799632504,0.0019896960015161544,2019,9
2019-10-01,58,1.7734188120596444,0.36161570725655257,0.5979568979101564,0.0,1.476990832372026,0.4945595186707805,2.0335734254974795,0.0,0.25966789045426714,0.0,0.0,0.0,0.4754126464912099,0.0,0.0,0.0,0.8541118710273817,0.22591137209884177,0.1277139208173691,0.09026900162484204,0.0,0.0,0.0,0.2034345945881639,0.1581811126683887,0.0,0.0,0.0,0.2757312873272592,0.0,0.17303672531458075,0.0,0.1491888852683164,0.0,0.0,0.0,0.0,0.0,0.0,0.09026900162484204,0.7132490033039297,0.46061629274763904,0.0,0.21285653469561516,0.09632055480639569,0.39823896386438484,0.0,0.0,0.0,1.8717770533151226,0.09170946441672781,0.07008690776562938,0.0,0.0,0.0,0.0,0.0,0.0,0.0,0.25966789045426714,0.0,0.0,0.0,0.0,0.5907943726732277,0.7492541724243792,1.5312288126753042,10.706896551724139,2.012866562305271,2.7743313155142775,3.2455131020812975,0.6188177253635164,5.379310344827586,0.7768539131449628,2.012866562305271,3.038152871506255,23.014851097178685,1.8507146850260237,26.54141279488229,14.96090083093172,12.542174094737815,16.020658260277,16.657988903177923,17.78843085016104,0.0012054028716389248,0.001817035803463674,2019,10
2019-11-01,89,1.9067439308979908,0.3923880307603212,0.7950319763478795,0.0,1.1915780619255403,0.5688231657310523,1.6333435206937863,0.1826447845011597,0.14179131181564447,0.08112602928649658,0.0,0.0702247191011236,0.0,0.0,0.0,0.0,0.6882049722295149,0.5133418918764966,0.30627082297691405,0.2475754954274452,0.0,0.0,0.04389044943820225,0.0,0.05882698982293077,0.0,0.0,0.2896705914991881,0.14959405838243595,0.0,0.26359213194214315,0.0,0.38184578602330044,0.0,0.0,0.0,0.0,0.0,0.0,0.2475754954274452,0.33890446562025467,0.45303185495832293,0.05084142559357365,0.10122482032594393,0.1591560152787336,0.1727914130404648,0.04586104104563174,0.05882698982293077,0.13218770654329146,1.5094820673230673,0.0,0.12386145337071902,0.0,0.0,0.0,0.0,0.10122482032594393,0.0,0.08141996417521577,0.14179131181564447,0.0,0.0,0.0,0.0,0.7393963297562088,0.38457990776919637,1.1592463272426237,11.202247191011235,2.07603287502946,2.7638778592776774,3.279895994671951,0.6069473123259853,5.449438202247191,0.7279923099675905,2.07603287502946,3.7511551824604314,23.83513627446212,1.849404466760628,25.230079394119993,15.358887532703891,12.541859672596859,16.36849139474754,16.98871134835306,18.44414768442412,0.0015975402554872888,0.0024087526440401174,2019,11
2019-12-01,71,1.9458613823644322,0.35950558191383847,0.5404716805941696,0.0,0.5154163648937045,1.0757227607429116,1.1774582560642393,0.27405337999168655,0.31154391181190005,0.08536064874093043,0.0,0.0,0.0,0.0,0.27405337999168655,0.0,0.9697916160532599,0.4698862742052436,0.09918666931164452,0.0475827940616673,0.0,0.0,0.05275096270506936,0.3067546192087691,0.0,0.0,0.0,0.0,0.3054310712761417,0.0,0.06870491240123669,0.0,0.16633569691679131,0.0,0.0,0.0,0.0,0.0,0.0,0.0475827940616673,0.0,0.25994133725629076,0.10432968179447052,0.10356255178127588,0.11358473421172194,0.6446094746824846,0.0,0.09086778736937755,0.22666076447932743,1.1774582560642393,0.0,0.0,0.0,0.0,0.0,0.0,0.0,0.27405337999168655,0.0,0.10132738879319081,0.0,0.21021652301870927,0.0,0.0,0.48686746099507544,1.166398677973882,1.5939148420561935,11.366197183098592,2.121877287967625,2.7712552097170557,3.378994782712468,0.6497425411541148,5.71830985915493,0.8518491420915103,2.121877287967625,4.001730211303367,25.176331219641078,1.8577463371789003,23.755921373309565,15.848863335171611,12.768864041401368,16.557303387749265,17.90179198613952,18.734417203943657,0.0015754115337081858,0.0019050808795679447,2019,12
2020-01-01,68,3.3242779525024204,0.3920027727619395,0.8094987526432609,0.0,1.0344287554151606,0.9890806292933045,1.5897954597782877,0.10072522159548751,0.14092427624364004,0.2625999637697542,0.0,0.0,0.30126544388592424,0.0,0.0,0.06366182836771073,1.158842788951542,0.8060074236206265,0.4201512376159307,0.3117492662909318,0.0,0.0,0.0,0.07659313725490195,0.21468441391155002,0.0,0.10072522159548751,0.0,0.0,0.07659313725490195,0.40927550870105,0.0,0.32363010668730885,0.0,0.0,0.0,0.0,0.0,0.0,0.3117492662909318,0.2160686694211536,0.20633919590203953,0.06684491978609625,0.23342670401493928,0.30198249723435616,0.31952285517049955,0.12677720327303765,0.08599931200550394,0.1547987616099071,1.4242239120102442,0.06127450980392157,0.10429703796412182,0.0,0.0,0.0,0.10072522159548751,0.0,0.0,0.0,0.14092427624364004,0.0,0.0,0.0,0.0,0.832987445644365,0.6073921747108498,1.5405757778779339,11.455882352941176,2.301897343699138,2.774282934742625,3.299518692751125,0.6586004259317038,5.632352941176471,0.7766034015503029,2.301897343699138,2.6463322026609326,23.707397177985413,1.8956203173688697,22.19087385342275,15.79148691405644,12.616249116934632,16.725210874079387,17.533945747401994,18.901439370326987,0.001813811755493185,0.002393001665741537,2020,1
2020-02-01,91,3.733044257323415,0.41710057162075037,0.9751445326006454,0.0,0.5510292870487754,1.0696680407195738,0.9652004248804963,0.5120225480470741,0.3638893464439636,0.044670776378093455,0.0,0.0757862826828344,0.0,0.15000082873386042,0.1443381682963294,0.0,1.7923650192342562,0.7167113031263406,0.7704781782061692,0.038693700665531655,0.0,0.0,0.0,0.2044744702783528,0.10390109400010389,0.05208062080099995,0.056644386541293765,0.0,0.1259080735941903,0.0,0.3564654180902277,0.0,0.49277104091622737,0.0,0.0,0.0,0.0,0.0,0.0,0.038693700665531655,0.142229763162491,0.14643377637864533,0.03910680067263697,0.18456524616947048,0.2499250811929911,0.6185281439546702,0.14760988391820035,0.0,0.05360493165371214,0.9208898966990003,0.0,0.044310528181495924,0.0,0.0,0.15000082873386042,0.0666000666000666,0.08325008325008325,0.1443381682963294,0.0678334011667345,0.3083892909439081,0.055500055500055503,0.0,0.0,0.0,1.2554641307539547,0.903626709098936,1.4936869681242666,11.835164835164836,2.3207550692975176,2.77398503225417,3.356509960055393,0.6350835559446715,5.758241758241758,0.822121087828857,2.3207550692975176,2.8135691941485392,25.207415935712643,1.855117512635206,23.242190163060013,15.925740117754051,12.735484404156258,16.825407420439717,17.848642549658006,19.02533112379185,0.0011806375052567286,0.0024202005842311617,2020,2
2020-03-01,66,2.694794885391641,0.9808443642486198,0.6151545637652017,0.0,1.0459702984962407,0.4782118306432971,1.9067266725901606,0.16912186515710748,0.0,0.0,0.0,0.15460729746444032,0.17848055056529333,0.0,0.16912186515710748,0.0,1.4853515497579368,0.0,0.7072336224468629,0.0,0.15460729746444032,0.0,0.0,0.2702842132403766,0.44288184495040617,0.11307100859339665,0.0,0.0,0.07463800567248843,0.0,0.30514522897138424,0.0,0.23537132912132913,0.0,0.0,0.0,0.0,0.0,0.0,0.0,0.25536113199746663,0.45403225367552696,0.0,0.3365769128232471,0.20139262636617117,0.27681920427712586,0.0,0.0,0.0,1.8331756281653298,0.0,0.0,0.07355104442483083,0.0,0.0,0.0,0.0,0.16912186515710748,0.0,0.0,0.0,0.0,0.0,0.0,0.24520224136519755,1.8209831646197165,1.852456341588642,11.43939393939394,2.173951848000389,2.751857501097565,3.3278549880718398,0.6395851832242088,6.0,0.8303347044830441,2.173951848000389,5.173026492172091,24.54662261139534,1.8581721549383647,24.331972876394847,15.524609794759316,12.612537425239138,16.66580303846457,17.415507945767594,18.79727760401903,0.0008439321603329031,0.001680996158683166,2020,3
2020-04-01,86,2.8527540161806915,0.2544894004743907,0.9764398828127537,0.0,0.9335330396439147,0.8230247060187901,1.7064740130668308,0.3308063258391309,0.07222302470027443,0.1661129568106312,0.0,0.0,0.3964678714179344,0.0,0.20569009944987984,0.0,1.0456665602924464,0.2834917730665789,0.6803060004545486,0.07501875468867217,0.0,0.0,0.0,0.18089505252031357,0.07359434795407713,0.0,0.0,0.0,0.12255275483353145,0.0,0.4110777843733373,0.07406310176270182,0.36874624184318316,0.0,0.0,0.0,0.0,0.0,0.0,0.07501875468867217,0.28401747269822414,0.4100061528065923,0.053832902670111975,0.11065775678031405,0.19412407302367599,0.3560171740931581,0.042749658002735974,0.135597971819999,0.09453582907922103,1.5912066425228684,0.06799945600435196,0.04726791453961052,0.0,0.0,0.0,0.05333902282910177,0.0,0.20569009944987984,0.0717772035601493,0.0,0.07222302470027443,0.0,0.0,0.0,0.47733249554828616,0.9724410414968595,2.0147692262218193,11.569767441860465,2.1964683383515453,2.767425363936873,3.3435572851598807,0.6344072034308383,5.372093023255814,0.7569709206822065,2.1964683383515453,4.260916698126198,25.00640331890332,1.8604012577674813,23.689372741522185,15.669809841039713,12.883024293963105,16.674293175048508,17.63723228130796,18.814122642409856,0.001597014082829404,0.0024759498327634093,2020,4
2020-05-01,84,3.207063731925947,0.935131551498799,0.6966238992611573,0.0,0.9323369961171464,0.39244933917174374,1.4431371529501542,0.054608999563128,0.1918207031743381,0.17354800274647603,0.0,0.08753501400560224,0.17921824977250567,0.054608999563128,0.0,0.0,1.7204040603751654,0.31064724448054326,0.5462030164883741,0.13489914449415275,0.0,0.0,0.16534391534391532,0.4938243574607211,0.2310396488648723,0.0,0.044923629829290206,0.0,0.15738309482179155,0.0,0.21073042633721265,0.05952380952380952,0.2689865685783436,0.0,0.0,0.0,0.0,0.0,0.0,0.13489914449415275,0.2741077360609975,0.36337824942158187,0.15995186614041443,0.0,0.09448223733938019,0.10130016560374899,0.0,0.04839334107626791,0.14827359515234667,1.366824576637578,0.0,0.0763125763125763,0.0,0.0,0.054608999563128,0.0,0.0,0.0,0.0,0.14006086880580806,0.05175983436853002,0.0,0.0,0.0,0.6204290831132123,0.5169211971154888,2.7221908071743206,10.976190476190476,2.1104109283568735,2.766020865681754,3.3035860674253845,0.5866053452454827,4.880952380952381,0.7458346775374031,2.1104109283568735,4.162478874519299,23.548112932041505,1.8697404684404235,23.58850773578513,15.522604072314058,12.636176905429025,16.619456832372606,17.365208217138193,18.763994547784836,0.001962201314178392,0.002362165039818647,2020,5
2020-06-01,92,3.952752008301174,0.0365978626848192,0.7575848378955211,0.0,0.8438170940395489,0.9223284964641283,0.7189295005971915,0.45057399383446894,0.2003377596585894,0.15317766799335356,0.0,0.0,0.17309876613643554,0.17470739653300085,0.16775843713381136,0.0,2.073242806984392,0.5158581362524777,0.6224450291517614,0.07246376811594203,0.0,0.0,0.0,0.0,0.0365978626848192,0.0,0.0,0.0,0.38920884382845794,0.05907372400756144,0.11210148350482294,0.0,0.19720078655467876,0.0,0.0,0.0,0.0,0.0,0.0,0.07246376811594203,0.2770778105068432,0.1517526729548513,0.0,0.34252284246191234,0.1076010893682703,0.5820191806179141,0.059396531242575434,0.0,0.17331169523536838,0.7189295005971915,0.0,0.0,0.0,0.0,0.17470739653300085,0.0,0.0,0.16775843713381136,0.10810816016765672,0.2003377596585894,0.0,0.0,0.0,0.0,0.3531550322726865,0.5466786813025006,1.6706704777278742,11.858695652173912,2.4515926856914687,2.7822170061582017,3.363609332747954,0.683703714630692,5.728260869565218,0.781823894133673,2.4515926856914687,3.253862486232774,25.028505552418597,1.8635100579842154,22.509331839318907,15.947415054744752,12.693100962712105,16.80466968380521,17.90796388721468,19.046437780351336,0.0024019278707933934,0.0017189596237679012,2020,6
2020-07-01,97,2.874284470291793,0.2779797502335808,0.6664160556281042,0.0,0.8843149526697879,0.8836259749751365,1.4912854511836842,0.04956383822363204,0.14866188008899858,0.07209285559801024,0.0,0.0,0.27523255743426417,0.0,0.0,0.0,1.3142823123480574,0.48291206696379113,0.46860594860000504,0.2611587293476653,0.0,0.0,0.057917294104019454,0.06363752068219422,0.1564249354473671,0.0,0.0,0.0,0.3496890774617305,0.0,0.0,0.0,0.31672697816637374,0.0,0.0,0.0,0.0,0.0,0.0,0.2611587293476653,0.31584639766236466,0.10186835597520634,0.0,0.2054414696845516,0.20507891318814858,0.5152665810892526,0.0,0.06782419967444384,0.09545628102329133,1.4284239978268827,0.0,0.06286145335680161,0.0,0.0,0.0,0.0,0.04956383822363204,0.0,0.0,0.14866188008899858,0.0,0.0,0.0,0.0,0.21954807068936447,1.0811122345129685,1.654980093159872,11.22680412371134,2.123814143781793,2.774018328131461,3.39614139308511,0.6953589289861651,5.453608247422681,0.8399443746528535,2.123814143781793,3.9312623152232353,23.772125526249237,1.882174082959419,22.152279771022325,15.713150472795895,12.817653719340973,16.760016082383444,17.61595213012333,18.938330793129037,0.0017083940693821875,0.002250741689189677,2020,7
2020-08-01,83,2.9823008687010066,0.5746046778517165,0.48964641805856557,0.0,0.7451324491279518,0.8189052100227143,1.202827872002127,0.1777628291660573,0.4806487002957041,0.383099217145078,0.0,0.0,0.12787637034624988,0.1316011710392974,0.04616165812675991,0.0,1.5333717189935814,0.5333619138027667,0.1425757229459845,0.08425309630128908,0.0,0.0,0.0640861317610869,0.24135867587091836,0.2691598702197113,0.0,0.0,0.0,0.19274165296290563,0.0,0.0,0.0,0.2969047650956599,0.0,0.0,0.0,0.0,0.0,0.0,0.08425309630128908,0.3161710371148997,0.28228244643153344,0.0,0.06242586928022972,0.07391529307413704,0.599783542388734,0.07391529307413704,0.07129108148570613,0.0,1.202827872002127,0.0,0.0,0.0,0.0,0.1316011710392974,0.0,0.0,0.04616165812675991,0.0,0.3551466922635756,0.0,0.12550200803212852,0.0,0.0,0.25644925578032196,1.6212956737770279,1.809709846594292,11.91566265060241,2.419302004844231,2.743449105048285,3.3193995608058406,0.6565758927511504,5.156626506024097,0.7693064355296876,2.419302004844231,2.4246029077939224,23.53502972930684,1.8569120183161196,24.20319603721577,15.378033219111225,12.662816473643156,16.380616829710192,17.217873652205846,18.43310985461691,0.002150353072569713,0.001983892532400502,2020,8
2020-09-01,111,2.8121527623114435,0.5979883845299749,0.8400665977710488,0.0,0.8149534918502914,0.5981223084254721,1.709416634540556,0.16488466488466488,0.0634437254155564,0.10812555776584554,0.0,0.0,0.17025017025017025,0.0,0.04331254331254332,0.0,1.3546780133221281,0.6521283445012263,0.3317248774387681,0.15193325572076186,0.0,0.0,0.0,0.4820201735454622,0.0,0.0,0.11596821098451279,0.0,0.34613768768177916,0.0,0.11420629319772233,0.0,0.3797226168915473,0.0,0.0,0.0,0.0,0.0,0.0,0.15193325572076186,0.27792688362003637,0.08930535246324721,0.0,0.29578800004624606,0.12628662265018015,0.3626609501617203,0.0,0.045731010198015266,0.0634437254155564,1.655145495932068,0.0,0.054271138608488007,0.0,0.0,0.0,0.0,0.0,0.04331254331254332,0.12157212157212158,0.0634437254155564,0.0,0.0,0.0,0.0,0.3989438870081409,1.409330890257873,2.2492999976415957,11.486486486486486,2.1973661850881077,2.7467541686360724,3.399918744741829,0.7070458340389505,5.594594594594595,0.847061924888873,2.1973661850881077,2.796676930787904,24.33950983950984,1.8748415659868198,22.670268148327747,15.826745694414448,12.859879381950636,16.749740887015232,17.72981403505756,18.95730346340708,0.001598118485892551,0.0019260634414565508,2020,9
2020-10-01,112,2.8272625524749984,0.42158770615965635,0.8808992708931332,0.0,0.9924967758611595,1.0197420974590865,1.7366315384591595,0.2971601081977319,0.18831480164164988,0.11687297215285922,0.0,0.0,0.10082483837626412,0.10599156940620356,0.15148599910898872,0.0,1.186759828575315,0.6240177229451574,0.4413277903538396,0.09998183155637093,0.0,0.0,0.06469979296066253,0.19084817714647004,0.08487090488369262,0.0,0.08116883116883115,0.0,0.20456231613416187,0.0,0.19569462149983624,0.057977736549165125,0.42266459670997,0.0,0.0,0.0,0.0,0.0,0.0,0.09998183155637093,0.4123168057492207,0.4017648874450206,0.044867193108399143,0.03356605800214823,0.2145031924273371,0.5143310225577827,0.07936507936507937,0.054776511831726556,0.15676629127716085,1.6930775314905182,0.04355400696864111,0.0,0.0,0.0,0.10599156940620356,0.0,0.0,0.15148599910898872,0.03968253968253969,0.117413480740329,0.0,0.03968253968253969,0.0,0.03121878121878122,1.1374163017043715,0.7066129967800221,1.4486441516685271,11.482142857142858,2.2222376157949197,2.7738324596726183,3.419993290890003,0.6567082773484109,5.741071428571429,0.7584452730895755,2.2222376157949197,2.906834621295492,25.08874619923727,1.8763499764323706,21.58691798551453,15.911179639513932,12.956578780814924,16.861091598280392,17.98332867235327,19.099907943276836,0.0010173166612809576,0.0031897326270704613,2020,10
2020-11-01,77,2.3235281633771745,0.4217569888627669,0.5764976100617556,0.0,1.0992223319307515,0.8769580691920023,2.0012326929585864,0.5056701391876203,0.06012506012506013,0.0,0.0,0.06154982458299994,0.10225994477962982,0.08167932696234584,0.26938351476083405,0.0,0.8468750994795822,0.0801667468334135,0.6514987031360935,0.23011500284227557,0.0,0.0,0.0,0.0999000999000999,0.19067493959889945,0.0,0.0,0.13118194936376756,0.1657105315641901,0.0,0.0,0.0,0.4107870784975655,0.0,0.0,0.0,0.0,0.0,0.0,0.23011500284227557,0.30354332862999406,0.31598974120329787,0.0,0.24957425925518387,0.2593983397554826,0.46504854278381885,0.06040471156750227,0.09210647508519848,0.0,1.9546842593133789,0.04654843364520784,0.0,0.0,0.0,0.08167932696234584,0.0,0.0,0.26938351476083405,0.1546072974644403,0.06012506012506013,0.0,0.0,0.0,0.0,0.41893590280687054,0.20625029804956366,1.2146593396828005,11.090909090909092,2.2145960239061067,2.7881796182353917,3.3595672700356536,0.6249043273234013,4.623376623376624,0.7680469034941565,2.2145960239061067,4.129999805432885,23.87303367628043,1.8743313586705383,24.13172960959449,15.469728526375187,12.596754953015731,16.4206779863842,17.12119705908292,18.473336802124297,0.001838980977428971,0.0015490155739062094,2020,11
2020-12-01,78,1.7461765236369877,0.8644761535425954,0.6271801991854807,0.0,0.9511627023095605,0.6947503883477012,1.9576881490230704,0.10427057447074911,0.32565307440215163,0.06855889208830386,0.0,0.10315402100501841,0.304489304006532,0.0,0.059908938413611314,0.0,0.8142839373035327,0.09567546880979717,0.1523530935295641,0.14775286848062827,0.0,0.0574910888812234,0.12383076899205932,0.33171678682514594,0.10339123242349049,0.0,0.19003490619211144,0.058011370228564806,0.1342606267286056,0.0,0.17806267806267806,0.0,0.3148568943941971,0.0,0.0,0.0,0.0,0.0,0.0,0.14775286848062827,0.21629435150785725,0.32951505552216453,0.08379420144126026,0.1738062253576502,0.12430025217749002,0.5029737529043542,0.0,0.06747638326585695,0.0,1.8891292569347666,0.0,0.06855889208830386,0.0,0.0,0.0,0.0,0.04436163605713779,0.059908938413611314,0.0,0.24888353655476947,0.0,0.07676953784738216,0.0,0.0,0.1149821777624468,0.23506724047740116,1.2316592412359806,11.525641025641026,2.150037510226919,2.7692626083625136,3.1808572202877192,0.5758178354000336,6.0256410256410255,0.779003404833296,2.150037510226919,2.541629122439685,23.034973822473823,1.884377999635638,22.813546955833342,15.598052515942564,12.729381543330254,16.694363144559127,17.5082882607731,18.870796070408883,0.002514587493365505,0.0014217914790399502,2020,12
2021-01-01,58,3.278800068295461,0.4302979832075314,0.4355910927137198,0.0,1.330093818378077,1.226783555125393,1.298593605011164,0.3549053773289791,0.0,0.38545746670448683,0.0,0.0,0.14611338398597312,0.08796622097114708,0.1591805356681768,0.0,1.6276239296538366,0.5236069830599918,0.11195700850873266,0.23689453974311547,0.0,0.0,0.08707767328456985,0.09852216748768473,0.06708707902857909,0.0,0.17761106340669772,0.0,0.0,0.0,0.4355910927137198,0.0,0.0,0.0,0.0,0.0,0.0,0.0,0.0,0.23689453974311547,0.22683482448718678,0.5882140556628067,0.0,0.27815039848496803,0.5279643704494926,0.3555907393342417,0.26033719865730853,0.0,0.08289124668435015,1.2195047090921511,0.0,0.07908889591901297,0.0,0.0,0.08796622097114708,0.0,0.0,0.1591805356681768,0.10775862068965517,0.0,0.0,0.0,0.0,0.0,0.8031019892235423,0.2927179098112721,1.3461483207705094,11.293103448275861,2.1817216549028746,2.7650109039748485,3.3732398511433734,0.6626521017801624,5.586206896551724,0.80830144184062,2.1817216549028746,4.201696435136037,23.71060515155343,1.9040117608478726,20.489415087458248,15.957642326720082,13.061705071761619,16.838260036811686,17.773916489838317,19.103872876159873,0.001842527770905804,0.0023346987391796937,2021,1
2021-02-01,91,2.7986339073733273,0.46952283379037907,0.6708518482166868,0.0,0.7558004032463151,1.305284969042039,1.190176973646141,0.15537020932704385,0.06315523556902868,0.10573118815422688,0.0,0.0,0.25764961316937923,0.07905763301446755,0.0763125763125763,0.0,0.8434244310225737,0.7144984301375279,0.49425645776060495,0.22770357780197073,0.0,0.0,0.0,0.16748718443385932,0.050408307289041235,0.0,0.1438919402144296,0.10773540185304892,0.2010383062870406,0.0,0.0,0.0,0.4698135419296461,0.0,0.0,0.0,0.0,0.0,0.0,0.22770357780197073,0.061391122843636806,0.25565532385855355,0.0,0.211050378742154,0.05232862375719519,1.1317952218910237,0.0,0.042103490379352446,0.07905763301446755,1.1428105469693695,0.0,0.047366426676771496,0.0,0.0,0.07905763301446755,0.0,0.0,0.0763125763125763,0.0,0.0,0.06315523556902868,0.0,0.0,0.0,0.32520289594821283,1.0449198686284191,1.7968932229175276,11.31868131868132,2.1868621765698446,2.783553324208337,3.2989278354577656,0.6543392350759503,5.516483516483516,0.809094926025982,2.1868621765698446,3.8220812930336745,23.792107892107893,1.8803405740966754,23.60846158429956,15.40092899031528,12.633432905023737,16.470379499140805,17.170777763446964,18.51468408184937,0.0013563759900023307,0.0032747334881681467,2021,2
2021-03-01,84,2.3655972091699278,0.313209022549414,0.6500607894085143,0.0,1.2749529355138047,1.1947971429324762,1.9516763707365659,0.2796136532405547,0.21362179562416178,0.27289076550160296,0.0,0.0,0.24185872646803983,0.1249998363876487,0.0778089013383131,0.0,0.6370554350884126,0.6713698479994535,0.14555371698228842,0.1940599794041689,0.0,0.0,0.06802721088435375,0.11436363477179803,0.13081817689326222,0.0,0.0,0.0,0.13399074164803415,0.0,0.10927394294534254,0.0,0.40679610481513756,0.0,0.0,0.0,0.0,0.0,0.0,0.1940599794041689,0.48131183138226646,0.2991733372133548,0.04344803614876608,0.2569597513652484,0.09425564033072566,0.9792757563360042,0.06764069264069264,0.0,0.053625053625053626,1.8422176366793055,0.0,0.1094587340572604,0.0,0.0,0.1249998363876487,0.0,0.07680491551459293,0.0778089013383131,0.0,0.06469979296066253,0.0,0.14892200266349925,0.0,0.0,0.5581945889026853,0.8859149368783182,2.7017896186153316,11.404761904761905,2.1703381964158295,2.7961476723806262,3.26191860080686,0.6109570281724475,5.833333333333333,0.7341990635879367,2.1703381964158295,3.7934146789863776,22.78279514797372,1.8575247331976557,25.439359389596337,15.04190097290169,12.796121866561455,16.108357105288842,16.884673084902815,18.03715864675269,0.001454379328391526,0.0018086385997631061,2021,3
2021-04-01,94,2.2564966058107894,0.6829224330278316,0.8661541784549154,0.0,0.8870637509676067,0.38987394755520455,1.4975156909820226,0.09657642063695765,0.3620048137127806,0.3216516756168594,0.0,0.0,0.17144066508363343,0.0,0.046864748336301436,0.0,1.2838228368647278,0.20714090677404487,0.11755384095809628,0.10802193217712616,0.0,0.0,0.10531294126967794,0.10017100129740932,0.17419923658654277,0.0,0.3032392538742016,0.0,0.19975591784102423,0.0,0.3480911685821438,0.0,0.31830709203174734,0.0,0.0,0.0,0.0,0.0,0.0,0.10802193217712616,0.17126047711154094,0.388595793449693,0.0,0.2191855482292466,0.060103377809832916,0.3297705697453716,0.0,0.0,0.0,1.4975156909820226,0.0,0.0,0.0,0.0,0.0,0.0,0.0,0.046864748336301436,0.04971167230065619,0.3620048137127806,0.0,0.0,0.0,0.0,0.3082215448543647,0.3119913399683699,1.2705939925731617,11.47872340425532,2.2903617414996846,2.776338724752311,3.2953788370005803,0.6378009246032603,5.5212765957446805,0.7745633080369408,2.2903617414996846,3.826850377593142,23.11996145107847,1.842760002405886,26.830107112848346,14.83388249070616,12.696241947492847,16.037104164820892,16.62428355485453,17.892688430910656,0.0012388260809174094,0.0017317841100279218,2021,4
2021-05-01,95,2.761755688476269,0.9592685625197469,0.6797925258408294,0.0,1.3017177458392029,0.5319473897260161,1.1846675531806952,0.2530825510048905,0.19782968751646257,0.0768344218209758,0.037064492216456635,0.0,0.18508149807141966,0.08845643520566121,0.1646261157992293,0.0,1.1630488161344243,0.4643783956492794,0.42607824363943037,0.1561872699393922,0.0,0.0,0.1953881358915684,0.3317425926948288,0.055111600992008826,0.03772873042822109,0.2544078590496224,0.08488964346349745,0.33581984481293914,0.0,0.0,0.0,0.3439726810278903,0.0,0.0,0.0,0.0,0.0,0.0,0.1561872699393922,0.4355251559298101,0.3004315696383504,0.04048582995951417,0.3690879203721359,0.16271640683887487,0.3126378872448095,0.0,0.0,0.05659309564233164,0.9369570898208956,0.0,0.24771046335979965,0.0,0.0,0.08845643520566121,0.0,0.0,0.1646261157992293,0.0,0.10143645558910062,0.0,0.0,0.04349717268377556,0.052896059243586355,1.0188395860773527,0.5469289086071251,2.330996745653373,11.56842105263158,2.1569865729132665,2.7591510452016768,3.347036316652497,0.6362941812707702,5.147368421052631,0.7600050196090203,2.1569865729132665,3.5624349710516525,24.072898008424325,1.855482932101195,24.692371884895774,15.417226073130761,12.688863270008158,16.41636927276955,17.303194281407624,18.411235514785858,0.001750098380713236,0.0018551777343131827,2021,5
2021-06-01,104,3.324204445065209,0.5318510490360845,0.8259650607298593,0.0,1.0119749849068074,0.6759740642033361,1.7386249446383728,0.4328339283446914,0.12516714240436516,0.21367521367521367,0.10803802938634398,0.0,0.43171053073953575,0.04109138724523341,0.20652052706983254,0.06541077969649398,1.4426660634079993,0.3968802742086176,0.186453885408175,0.23175775422776398,0.0,0.0,0.08148631029986962,0.20771571227960678,0.07551502120847405,0.0,0.12458805562253837,0.042545949625595644,0.0,0.0,0.38716617999472314,0.0,0.4387988807351363,0.0,0.0,0.0,0.0,0.0,0.0,0.23175775422776398,0.34445013290790877,0.2329273899701136,0.05141916906622789,0.151420538734793,0.11081644490712951,0.4045428297478606,0.05972288580984232,0.06541077969649398,0.03548112404200965,1.6932693568299546,0.0,0.04535558780841799,0.0,0.0,0.04109138724523341,0.0,0.10210840632585386,0.20652052706983254,0.08311360770377164,0.12516714240436516,0.0,0.0,0.0,0.0,0.5023783459955135,0.5961458666718795,2.1067375308988665,11.663461538461538,2.2800762440692557,2.7920217214313108,3.3830024101747327,0.6731666667854691,5.1923076923076925,0.751578442441266,2.2800762440692557,2.820581111286994,23.83326657317042,1.8623461421288436,24.394625604528127,15.360678172062308,12.862215903897301,16.50119807454606,17.37124213099555,18.5816008405973,0.0018848250755276444,0.002815660271775667,2021,6
2021-07-01,110,2.1008479327633878,0.6783406323904078,1.2365331156893566,0.0,1.1727116620436453,0.7108958544293174,1.6058831178937096,0.14055783231919597,0.07062118008264587,0.3056618852073397,0.059031877213695405,0.0,0.12662775820670555,0.0,0.10504646868283232,0.0,0.9758141462658273,0.26150016984971386,0.17252693269857924,0.09463869463869462,0.0,0.0,0.0,0.19024632427711782,0.38166564905305195,0.0,0.106428659060238,0.0,0.22014188680855346,0.0,0.45576707362462865,0.045004500450045004,0.5156196548061296,0.0,0.0,0.0,0.0,0.0,0.0,0.09463869463869462,0.5958081280940584,0.3521632118830618,0.043290043290043295,0.08681158413778733,0.03636363636363636,0.5299193489946076,0.053475935828877004,0.0478468899521531,0.043290043290043295,1.6058831178937096,0.0,0.0,0.0,0.0,0.0,0.0,0.0,0.10504646868283232,0.03551136363636364,0.07062118008264587,0.0,0.0,0.0,0.0,0.6660579597105987,0.5427732196947789,2.0955308608227647,11.445454545454545,2.2030779532879934,2.7598531522049927,3.2960369571488726,0.636071072422582,5.590909090909091,0.8188869085986451,2.2030779532879934,3.91254167530872,23.4583201646838,1.8848687535775281,23.08648352475719,15.487337094188113,12.745011370212183,16.457561393743948,17.359763716987764,18.554137019400788,0.0012762967657224428,0.0023243844111071467,2021,7
2021-08-01,104,3.672304390311997,0.48057376044490624,0.9408576046614757,0.0,0.8095862163702172,0.7184524398441166,1.80581573310708,0.5902194806905798,0.22630764106257248,0.22479409732977035,0.06771397616468039,0.14041514041514042,0.11744657332350773,0.23408300628197265,0.1869523766530809,0.0,1.580184786616588,0.548697181542307,0.40405539562933307,0.16796185635561628,0.0,0.0,0.06453278265358803,0.24529950388403737,0.05034232782923883,0.031733942625031736,0.0,0.08866520345301028,0.1768723410488654,0.0,0.4214016828311512,0.0,0.3425835807814591,0.0,0.0,0.0,0.0,0.0,0.0,0.16796185635561628,0.21803944439681924,0.25820521858846834,0.0,0.16537969702931338,0.19298305251639145,0.2881168007319841,0.0,0.053418803418803416,0.18393378317693765,1.7057011494083651,0.0,0.10011458369871502,0.0,0.0,0.23408300628197265,0.0,0.0,0.1869523766530809,0.16918409775552634,0.22630764106257248,0.0,0.0,0.0,0.0,0.25950464702450315,0.7548377687947898,1.3354102207864809,11.548076923076923,2.204968003528519,2.7962966592900864,3.314006332165072,0.6843604660935989,5.769230769230769,0.7917116197109446,2.204968003528519,4.159951318100029,23.198710077315848,1.8558581614812613,25.751349578189828,15.095531032461228,12.583346017040242,16.198108305709447,16.90433035682147,18.12956375681098,0.0020243717250969253,0.002170135295260402,2021,8
2021-09-01,126,2.6109533523535324,0.6745867696016892,1.2663983500719733,0.0,0.8296346026514866,0.46908515269470663,1.2898434356039448,0.21171367550175788,0.0,0.06235486367936699,0.0,0.0,0.14575931973592793,0.0,0.11809574365561226,0.0,1.481857381326539,0.31459528851505464,0.3980775364980597,0.09021321894297171,0.0,0.0,0.09517084877010197,0.3090908506035338,0.14960201717417337,0.0,0.12072305305388013,0.0,0.6635734038015368,0.0,0.22250108540929953,0.0,0.38032386086113706,0.0,0.0,0.0,0.0,0.0,0.0,0.09021321894297171,0.40961541172981114,0.1950695997440923,0.0,0.1347363722346114,0.03420908593322386,0.3628625062528151,0.0,0.0,0.07201356050866763,1.2602296000199598,0.029613835583984838,0.0,0.0,0.0,0.0,0.0,0.0,0.11809574365561226,0.09361793184614561,0.0,0.0,0.0,0.0,0.0,0.49943215463226304,0.4579647472027725,2.0683986642340657,11.468253968253968,2.1962422505797643,2.7698586546846324,3.2875625890228473,0.606315057295332,5.365079365079365,0.7700133811473385,2.1962422505797643,2.5706162994931496,23.90166925226449,1.8645568006987825,23.456877622455092,15.538367143837268,12.758570565031352,16.492442768026873,17.40202898780872,18.617138756994386,0.0007434318884690918,0.00164657016203013,2021,9
2021-10-01,116,3.2349492322436353,0.7395070651169685,0.8982037700358272,0.0,0.9733477635186107,0.9757788969420493,1.4755223923211311,0.1729777091192844,0.3214714797879142,0.21385196171656154,0.0,0.0,0.2102520118602192,0.0,0.13675632401351795,0.0,1.1277419238304913,0.8645665874604448,0.4662144012435138,0.21556602211888679,0.0,0.0,0.15876436781609193,0.4000768680791431,0.14000219877280695,0.0,0.0,0.04066363044892647,0.1982555974664917,0.0,0.35946935928196455,0.0,0.3404788132873708,0.0,0.0,0.0,0.0,0.0,0.0,0.21556602211888679,0.11065272773806706,0.4459281547513289,0.031121623303871533,0.17007923560645652,0.09032770128481106,0.6135943487208209,0.03715814506539833,0.0,0.2346987018710191,1.3957621705730796,0.036221385105766446,0.043538836642284924,0.0,0.0,0.0,0.0,0.036221385105766446,0.13675632401351795,0.0,0.20817349793567733,0.07908889591901297,0.03420908593322386,0.0,0.0,0.786333148053642,0.4380906156522493,2.4546109945528967,11.913793103448276,2.364677705814386,2.8098466862520537,3.3691198347139455,0.6579831513200017,6.155172413793103,0.8406409249428146,2.364677705814386,2.8671036874876448,24.760632638434366,1.8603380520424937,23.921176636174398,15.507285934387687,12.88638330589627,16.557672277117746,17.605213475497283,18.687639094833575,0.0011692910738285863,0.0018727535162111732,2021,10
2021-11-01,73,1.9381552378390852,1.0316767713587305,1.4977519788795683,0.0,1.0364737724554836,0.9134248203837297,2.465915554300999,0.1631768755056426,0.0,0.06883733737179047,0.0,0.0,0.06142883469500583,0.0,0.06170554115759595,0.0,1.222909795107522,0.14835734385477872,0.3749163856523921,0.0,0.0,0.0,0.1681779195302411,0.6085352752107028,0.14710034719269752,0.0,0.107863229425089,0.0,0.15047114736305478,0.06554368486596317,0.3985505723380715,0.0,0.8831865743124788,0.0,0.0,0.0,0.0,0.0,0.0,0.0,0.6085523926448685,0.24801185380617324,0.0,0.1799095260044417,0.15582831773618736,0.40669353544397546,0.1896877962036601,0.0,0.16121517099990681,2.465915554300999,0.0,0.0,0.0,0.0,0.0,0.0,0.10147133434804667,0.06170554115759595,0.0,0.0,0.0,0.0,0.0,0.0,0.7655371750026903,0.8403446473316516,1.3913045228876024,11.506849315068493,2.2844595389657423,2.760578656369836,3.290795884974432,0.6685682773050362,5.616438356164384,0.8056737168374032,2.2844595389657423,2.7846033151615677,24.114175265373895,1.8656367438515096,23.710708383523006,15.49641705071843,12.74434071940992,16.553866126085,17.292082966054267,18.685972271782255,0.0017123385264721674,0.001976194019668102,2021,11
2021-12-01,105,3.0070310353672154,0.6721611462572384,0.4698680946474417,0.0,0.8110198321890772,1.1437765687211896,1.8735058035907226,0.3441519798433724,0.38564625096125377,0.30806171356168505,0.0,0.0,0.17809189846129064,0.05602240896358543,0.12915207861056235,0.0,1.482359289462782,0.3723003360286629,0.3301127453273712,0.1509305649512756,0.0,0.0,0.03580379520229144,0.3204180043798119,0.1555052222325752,0.04388852315119596,0.11654560129136401,0.0,0.08153203905558143,0.0,0.2160008546191338,0.0,0.17233520097272648,0.0,0.0,0.0,0.0,0.0,0.0,0.1509305649512756,0.3761162426349311,0.1890303067093329,0.0,0.09494271789353756,0.12685098891995444,0.8634052806430227,0.03580379520229144,0.04388852315119596,0.07382798080472498,1.7325501186668228,0.0,0.10110710951047087,0.0,0.03984857541342897,0.05602240896358543,0.090702947845805,0.0,0.12915207861056235,0.06827454442341964,0.2826087097565686,0.10303754120468518,0.0,0.0,0.0,0.42463910254590415,1.202248330643812,1.5683527832967652,12.028571428571428,2.4089669227135597,2.782750674067528,3.291017802207253,0.6326940454603042,5.904761904761905,0.7961568774226245,2.4089669227135597,3.6245650199163686,23.80494296708582,1.883384188091273,21.96341053142036,15.649648572221194,12.97474656138587,16.53346621279726,17.75030344748692,18.62711426850091,0.0015760860134191768,0.002045785029052467,2021,12
2022-01-01,79,2.86017635842507,0.44565811997979565,0.8988480080534362,0.0,1.1329190160926812,1.2850551048823144,2.159640939879365,0.3714614916494447,0.0,0.2861330957648419,0.0,0.0,0.06592827004219409,0.0,0.3015265311626974,0.0,1.3025442246250103,0.281067301117744,0.5087905650389342,0.11418637067364813,0.0,0.0,0.1403980433889698,0.04636713497472991,0.05915059742103395,0.0,0.199742344195062,0.0,0.21757981451519093,0.0,0.1904101331880073,0.06917064397869543,0.42168741637154245,0.0,0.0,0.0,0.0,0.0,0.0,0.11418637067364813,0.5587785251422593,0.13842933969571178,0.0,0.3215247805810619,0.1397823430402804,0.6271741142701674,0.27810856770412185,0.0,0.23999007986774484,2.1028775863004356,0.0,0.0,0.05676335357892944,0.0,0.0,0.0,0.0,0.3015265311626974,0.06993496048674733,0.0,0.0,0.0,0.0,0.0,0.3508127729050702,0.8181204234225885,2.1663929699055102,11.835443037974683,2.3361467103911346,2.7960056289944855,3.3207272284113314,0.6469383854960378,5.8354430379746836,0.7461146692638239,2.3361467103911346,2.6656268349394496,23.53339519130658,1.8710850894011406,23.12602250537067,15.50808686253574,12.957199796712722,16.53062413107069,17.446227639914092,18.56945966764276,0.002009896616169459,0.0013991477538554307,2022,1
2022-02-01,129,2.960141246968132,0.5267240050394405,0.9055059494827497,0.0,1.2885625378473242,0.8499275066859897,1.6965575801330792,0.21682535014585366,0.0,0.24286893685722402,0.0,0.0,0.13813997962889618,0.0,0.15544958434910205,0.0,1.2815066571151814,0.5416769472138551,0.5647759252854577,0.03572321651841531,0.0,0.0,0.0,0.43201299172662533,0.05689668168112678,0.0,0.03781433163168841,0.0,0.2863874332493271,0.0,0.16613183783746785,0.0,0.45298667839595474,0.0,0.0,0.0,0.0,0.0,0.0,0.03572321651841531,0.338778148502454,0.6199684780425244,0.0,0.2940926947839304,0.11323382587507365,0.5077357789404511,0.04123371268349002,0.05273427200337499,0.13498991718359993,1.6639864121309949,0.03257116800208456,0.0,0.0,0.0,0.0,0.0,0.061375765796751594,0.15544958434910205,0.0,0.0,0.0,0.0,0.0,0.0,0.4099572730937843,1.0920988377222869,2.679261971517379,11.263565891472869,2.158065699872542,2.7833446146610528,3.331788380205011,0.63599583966367,5.658914728682171,0.7989745991857069,2.158065699872542,2.9144842960392094,23.942753521241894,1.879191359356768,22.706704746071043,15.602074151135833,12.89440990464643,16.614063698156595,17.62678882096772,18.73868021890737,0.0017379364572130897,0.0019829194080411786,2022,2
2022-03-01,93,3.5619060483661182,0.9757061558540479,1.502656558071313,0.0,0.8705574711147688,0.7508236628691686,2.341406551265531,0.27835301524657474,0.18575601031290728,0.38970275859230674,0.0,0.0,0.17768379002119838,0.0,0.2313980450629808,0.0,1.29589218704967,0.6058806005203736,0.704902902107816,0.15644576501177207,0.0,0.0,0.0,0.4950789982171433,0.05973715651135006,0.0,0.3636948512742618,0.05719514985129261,0.23652931263329008,0.0,0.6444093661544907,0.06678688305616776,0.5549309962273643,0.0,0.0,0.0,0.0,0.0,0.0,0.15644576501177207,0.39378458068694944,0.1020705745115194,0.05875785886362301,0.15949869204090492,0.11380407490464417,0.4926877403152558,0.05219751539826704,0.09213433225100154,0.0,2.2436292753534173,0.0,0.05689253001080958,0.040884745901304226,0.0,0.0,0.0,0.0,0.2313980450629808,0.04695497018359393,0.18575601031290728,0.0,0.0,0.0,0.0,0.34518091113226607,0.35843094058310127,2.1075254258741425,11.548387096774194,2.275373848281144,2.7896965527596977,3.318130641579181,0.6414752009290626,5.537634408602151,0.7702186225934519,2.275373848281144,3.1160214245314206,22.942968859097892,1.8745365817835646,23.65777839246348,15.212023616018167,12.909520163230756,16.296136347949332,17.240765676199572,18.200798393658022,0.001273230815135527,0.0036827568696104597,2022,3
2022-04-01,100,2.9724895858181086,0.6419273683449441,0.4557267656857238,0.0,1.3804943636774618,0.8027326255966153,1.7991503480127014,0.1241158414520219,0.23521617271617273,0.180013735181817,0.0,0.0,0.23700916607832845,0.0,0.1241158414520219,0.0,1.4589488512155249,0.25647893926203713,0.4894017980822142,0.2265212545461656,0.0,0.0,0.0,0.26707518671804387,0.05,0.0,0.32485218162690016,0.0,0.11458890672373817,0.0,0.17491705586234702,0.0,0.16622080309963855,0.0,0.0,0.0,0.0,0.0,0.0,0.2265212545461656,0.40755931637442766,0.4585461802934654,0.10641007499646243,0.18145753746694093,0.12828081467081107,0.49024008709616623,0.035842293906810034,0.0,0.14836942992282798,1.6870040402142197,0.0,0.11214630779848171,0.0,0.0,0.0,0.0,0.0,0.1241158414520219,0.0,0.23521617271617273,0.0,0.0,0.0,0.0,0.18612112525156005,0.7093781378220383,1.7077063641998151,11.39,2.247943987526513,2.782501129805794,3.3258572728905285,0.6473375501386583,5.92,0.7818224938147028,2.247943987526513,4.274103508009737,23.536379037629036,1.8876467882988797,21.461363859572725,15.754568099738119,12.918633365862929,16.737056119145656,17.767085187832134,18.967015799457275,0.001280423658157687,0.0018054346275261366,2022,4
2022-05-01,142,3.091416769650974,0.6245460357006795,0.8526314841766851,0.0,1.2956039877675085,1.059885842900339,1.6821681867090383,0.24601560888827223,0.16239985399366008,0.3327625791416935,0.0,0.0,0.19667698357873334,0.04294057025077293,0.07935500893247373,0.0,1.4468655115588245,0.2667702332218324,0.6428525716124202,0.08319331135422313,0.0,0.0,0.0,0.18569397946632896,0.07185972980741592,0.04294057025077293,0.17553352099961678,0.14851823517654494,0.2834651732778509,0.0,0.3165779759192003,0.0,0.25258833497963384,0.0,0.0,0.0,0.0,0.0,0.0,0.08319331135422313,0.4309957488131013,0.4074127201342421,0.02560819462227913,0.34839401284366295,0.21297135766288572,0.6494920173923151,0.0730982053700976,0.0743792020415174,0.04994506043352312,1.6300033458118033,0.0,0.05216484089723526,0.0,0.0,0.04294057025077293,0.04001280409731114,0.0,0.07935500893247373,0.08370722560771446,0.16239985399366008,0.0,0.0,0.0,0.0,0.4797193347382131,0.5131089174676933,1.4834187745408949,11.26056338028169,2.185835956608709,2.7679162952129515,3.2761184424954455,0.6316398260026672,4.71830985915493,0.7016944041446331,2.185835956608709,3.591481241276371,23.298180555750978,1.8766800598548183,23.29930162155276,15.36466174718251,12.920752072550982,16.46077123788571,17.29359989059478,18.585488505680086,0.0017433722744351207,0.0023965573044742667,2022,5
2022-06-01,112,3.273228232917147,0.4052894900351859,0.9170290585163816,0.0,1.113090835451279,0.9711190928242799,2.0457568449528467,0.2277221848849016,0.2212640745444376,0.24835851589339694,0.0,0.0,0.4717280104383988,0.0,0.1446807318076932,0.0,1.4702641842481599,0.43243353939343254,0.2565203534373527,0.2492428976987126,0.0,0.0,0.02908329455560726,0.25229353975267005,0.0,0.0,0.1239126557269085,0.0,0.20472510419732573,0.0,0.1621213790150253,0.09848746261789741,0.4516951126861332,0.0,0.0,0.0,0.0,0.0,0.0,0.2492428976987126,0.15122503362236278,0.3213429160420977,0.08330255178994675,0.30797743629815916,0.2545598215211932,0.40840166550628304,0.17076461584470737,0.051313628899835796,0.08607936105226048,1.9728693332908447,0.0,0.0,0.0,0.07288751166200187,0.0,0.0,0.046746447270007485,0.1446807318076932,0.03629500580720093,0.1498355031158662,0.07142857142857142,0.0,0.0,0.0,0.9852571711153838,1.1828073324689068,2.5073212473205984,11.258928571428571,2.15362650802848,2.8070346368123587,3.3551459845640683,0.6578052076360146,6.357142857142857,0.836972920688863,2.15362650802848,4.680408896609813,23.753335974541333,1.867651690708232,23.07807880595248,15.538081252330247,12.800766988835557,16.537449932678452,17.553039381802883,18.625546881980586,0.001484329693187406,0.0017021060347906108,2022,6
2022-07-01,109,4.36507364662785,0.13223079758276532,1.20525567991458,0.0,1.5208226747269804,0.9474206549110412,1.8439408048689758,0.26594428084781946,0.47925360060743233,0.3463448920097969,0.0,0.0,0.2646660768625151,0.0,0.20598145779811025,0.0,1.6797965132920603,0.8576460878804071,0.8215123780758795,0.1891262407090804,0.0,0.0,0.0,0.13223079758276532,0.0,0.0,0.0,0.0,0.23024823764724114,0.03988831272437176,0.3351482892944423,0.0,0.5999708402485249,0.0,0.0,0.0,0.0,0.0,0.0,0.1891262407090804,0.5333974480740522,0.25834953963419843,0.14650236581210804,0.39344708049754135,0.03699319325244155,0.7047343999253817,0.13969081765691937,0.0,0.0660022440762986,1.8439408048689758,0.0,0.0,0.0,0.0,0.0,0.0,0.0,0.20598145779811025,0.05996282304970918,0.3611356201902686,0.08228082445386102,0.0,0.03583715596330275,0.0,0.6985286172725369,0.779810899012602,1.137255344302768,11.504587155963304,2.2471625160746562,2.807967115531777,3.2991234714149984,0.6391525079779692,6.522935779816514,0.8078730019269991,2.2471625160746562,3.629983513307347,23.416998775943732,1.874448991040626,22.909187070655097,15.482906402436166,12.801697219454127,16.45907018526015,17.464393374546688,18.491482038917407,0.00199207647645243,0.002135217607143527,2022,7
2022-08-01,121,3.0492895460576217,0.8295458303766493,0.820871312109605,0.0,1.47022986792335,0.8351607894819368,2.266016322559292,0.2018084827409206,0.14058501964812703,0.19531536477123104,0.0,0.0,0.24718636664339944,0.08322030252195894,0.04195158786760078,0.0,1.2455455346224757,0.5949718241494173,0.49061864165788166,0.15047992382365716,0.0,0.0,0.22287872555252233,0.448300403045023,0.03443526170798898,0.0,0.07259937292877112,0.05133206714234382,0.16863431804313742,0.0,0.13014561596940774,0.0,0.5220913780970599,0.0,0.0,0.0,0.0,0.0,0.0,0.15047992382365716,0.6516340276208783,0.29195541219974275,0.03689492325855962,0.3392655810205124,0.12789307446745818,0.45293690234423944,0.11219413831111434,0.0,0.14213667435912497,2.1640202901777044,0.0,0.06880541868714053,0.0,0.0331906136944472,0.08322030252195894,0.0,0.04591368227731864,0.04195158786760078,0.030722910074042212,0.05988741166606779,0.0,0.08069760798205924,0.0,0.0,0.8301657526549129,1.3075688583291563,2.01486636311809,11.677685950413224,2.1781886246684796,2.790817867802635,3.312430009723365,0.612922953760432,6.016528925619835,0.7492353874836443,2.1781886246684796,3.7903729313012646,25.07234028597665,1.8736047135538891,22.56992567555967,15.755090182104293,13.001981910772422,16.623807601534413,18.070526960250895,18.859959760439896,0.002025381674594898,0.002760444531595257,2022,8
2022-09-01,98,2.8333567365818126,0.5644118043953626,1.2613712772745318,0.0,1.332391114320066,0.836808275472646,2.2576599082899267,0.06669334400426838,0.0,0.20021867482295805,0.0,0.0,0.11250270466860328,0.0,0.06669334400426838,0.0,1.4358719376876268,0.7981541362292276,0.03737758839799656,0.1825383507711321,0.0,0.0,0.0,0.3383278634690624,0.040173549734854576,0.0,0.18591039119144573,0.0,0.4699141464334102,0.09805848808116381,0.3811350337747156,0.0,0.31226360898524214,0.0,0.0,0.0,0.0,0.0,0.0,0.1825383507711321,0.5681359174472295,0.19155213259285767,0.0,0.3901647135088467,0.08584783462498774,0.677017820321187,0.07394262052647146,0.0,0.0,2.1823995740619697,0.0,0.038946876460507866,0.03631345776744861,0.0,0.0,0.0,0.0,0.06669334400426838,0.0,0.0,0.0,0.0,0.0,0.0,0.8253152372724172,1.1574488187003564,2.502629239296173,10.86734693877551,2.0472371675206085,2.7674344276335483,3.2584024137166727,0.5744781433452131,5.336734693877551,0.6921196951561204,2.0472371675206085,3.104518992043834,22.405710134536665,1.8940024944690432,22.865148173376806,15.28075178979776,12.916341251977684,16.368436203452035,17.143559414909447,18.47519160951335,0.0015879580345525316,0.002879451891142467,2022,9
2022-10-01,113,3.8775109589396686,1.200807812379562,0.827756489228259,0.0,1.5264022767692345,0.692806725997439,2.3001559768764923,0.26975430680866824,0.27514223375467106,0.3169212078735838,0.04097017371353655,0.0,0.36402030190988965,0.07843518530010853,0.14188025266987878,0.0,1.279437598697672,0.5355277745134432,0.9056862164951475,0.21463224776640863,0.04424778761061947,0.0,0.13310615215634466,0.6370792428450367,0.24333155384754412,0.0,0.09036713828832713,0.05267593763168984,0.06755387421468621,0.0,0.10121194820024396,0.04424778761061947,0.6147428792027093,0.0,0.0,0.0,0.0,0.0,0.0,0.21463224776640863,0.6630329969051098,0.32315338070343097,0.0,0.325583651394285,0.0890319120407616,0.46338076414045165,0.04338018393197988,0.0970138658842459,0.0,2.1901556865030547,0.053633681952266025,0.056366608421171305,0.0,0.0,0.07843518530010853,0.0,0.0,0.14188025266987878,0.04943886883868097,0.27514223375467106,0.0,0.0,0.0,0.0,0.1468055479213617,0.8169562564511416,3.310485031472237,11.56637168141593,2.3941022807564836,2.7934023510974124,3.3979621437236243,0.7058471696067752,5.548672566371682,0.8480613282193123,2.3941022807564836,3.5487864325806457,24.028502902904258,1.8949299306431746,21.4625249860403,15.665100163713674,13.115442800378133,16.71520530450182,17.97966043455756,18.88163025441906,0.0013808497943811082,0.0026696293504456683,2022,10
2022-11-01,112,3.225931739647424,0.8982618232728304,0.895361042967786,0.0,1.0747275547203587,1.096619154020596,2.3921474615940377,0.32976642819308377,0.24850887834785038,0.41710401059389607,0.0,0.0,0.1825664099578405,0.03121878121878122,0.26407439821533946,0.04076973255055446,1.045625429537013,0.5595232649937791,0.5464019612710297,0.1386477513091897,0.050160513643659706,0.07086167800453515,0.028617216117216116,0.4594764488441407,0.11815850554058101,0.0,0.12219745331629661,0.04879000780640125,0.09793630759191523,0.0,0.39813386380459453,0.0,0.3992908715712762,0.0,0.0,0.0,0.0,0.0,0.0,0.1386477513091897,0.2902378618632794,0.4642357946345394,0.07801598203383918,0.10359016487951113,0.37243132471958956,0.3450244563494865,0.15103169819779302,0.09455630742146669,0.13357536733226016,2.3921474615940377,0.0,0.0,0.0,0.0,0.03121878121878122,0.03447324875896305,0.0,0.26407439821533946,0.0,0.21989166223063425,0.0,0.0,0.0,0.028617216117216116,0.699401596352328,0.717599691023728,2.515765458210562,11.571428571428571,2.3164339144712014,2.8027925056143634,3.370984697976703,0.6566987511834462,5.428571428571429,0.7369567530343911,2.3164339144712014,3.1838831690543508,23.981834232819004,1.8736680423424683,23.1005641506108,15.550971004620909,12.87404935194442,16.604727603842424,17.652021038410602,18.717519243100437,0.0017353377211742043,0.0022848030385620175,2022,11
2022-12-01,77,3.6969033393478354,0.5806883009598562,1.287471121265301,0.0,1.0814307893838884,0.8700169322976561,1.9230174465618597,0.2739532814720784,0.4076085991425752,0.3986462698050186,0.0,0.0,0.4210048828307582,0.0,0.2739532814720784,0.0,1.0404251916797949,0.7900947632460408,0.5420246359778047,0.2307543143363396,0.0,0.0,0.13902604005417246,0.30008088932075727,0.1415813715849265,0.0,0.0,0.0,0.2304514183764515,0.0,0.5785543079244185,0.0,0.47846539496443097,0.0,0.0,0.0,0.0,0.0,0.0,0.2307543143363396,0.2656600306239506,0.3869020957625716,0.0,0.19811434866102653,0.08716116098666435,0.5599761991072871,0.0777665448324131,0.06592392379194409,0.07918910357934748,1.9230174465618597,0.0,0.0,0.0,0.0,0.0,0.0,0.0,0.2739532814720784,0.0,0.34748353901751505,0.0,0.06012506012506013,0.0,0.0,0.47608754041233775,1.1017804152525983,1.7821266108122464,11.428571428571429,2.222191826331314,2.770354799263468,3.362860199855408,0.6709315409841113,6.363636363636363,0.7665493814855798,2.222191826331314,3.2449074609122492,23.174041254560734,1.8648150197051074,24.802388886837736,15.039960326652011,12.902009168449137,16.179188519606345,16.982093507909518,18.15164009402965,0.0013384097562748956,0.0027122140264004752,2022,12
2023-01-01,78,4.406591680936646,0.46815754745107224,1.2201664501419107,0.0,1.1683733391365472,0.9834464209679218,2.175313473444499,0.2628595266185526,0.6134118783679744,0.28462644321287345,0.0,0.0,0.5763304833656119,0.18832166138301298,0.07453786523553965,0.0,1.6058221384325595,0.38139368521044076,0.8590493482159581,0.43651005588064934,0.0,0.0,0.0,0.053197148632833285,0.14460293901411667,0.0,0.19170400691754055,0.07865345288658172,0.5433548969012162,0.0,0.15223193360845183,0.0,0.5245796196322425,0.0,0.0,0.0,0.0,0.0,0.0,0.43651005588064934,0.2123789581035564,0.18375018375018376,0.0963948332369385,0.2393393081652191,0.2616110085988734,0.6031569978910388,0.0,0.06677350427350427,0.05190491020450535,2.053213351344377,0.0,0.12210012210012212,0.0,0.0,0.18832166138301298,0.0,0.0,0.07453786523553965,0.0,0.5375508557613896,0.0,0.07586102260658474,0.0,0.0,0.3608651515390794,0.49045326565039077,1.3036412346718727,11.5,2.3113730317006036,2.7878496635664005,3.40363042348324,0.6877524397411843,6.256410256410256,0.8048135792268444,2.3113730317006036,4.533069178479856,24.38356134606135,1.894586431193303,20.744883033413085,16.028092362632325,12.906686686446022,16.970641644785054,18.029691869664827,19.302524054630055,0.0020227856586026885,0.0024135120836782605,2023,1
2023-02-01,139,3.3090065675297375,0.8852458645230721,1.281731478290744,0.0,1.3303412635247376,0.7173316791142952,2.145978605692096,0.2508155889603958,0.2722442993566404,0.13118746018515673,0.04207160587319617,0.0,0.41122781599747765,0.0,0.17356646389070368,0.0,1.3802809923064145,0.2953808583866493,0.6761620829190328,0.1991292879711068,0.0,0.0,0.08342951860478265,0.4168365567994142,0.20518453412329724,0.10927862089555687,0.07051663410002114,0.0,0.27853763230795403,0.06366588145412873,0.3698806735295928,0.0,0.5696472909990686,0.0,0.0,0.0,0.0,0.0,0.0,0.1991292879711068,0.3850315201355704,0.3872244156398524,0.02542135902585352,0.33353468075235454,0.0777778898900515,0.6030347810805049,0.03651900814373881,0.0,0.0,2.145978605692096,0.0,0.0,0.0,0.0,0.0,0.04702120656416044,0.0,0.17356646389070368,0.03022791850553171,0.213275081288472,0.058969218068168426,0.0,0.0,0.0,0.7709334225558968,0.6590772813333946,2.350604073144717,11.719424460431656,2.270149787067993,2.787636982545044,3.3705490974715855,0.6879610647036545,5.877697841726619,0.7883623608442644,2.270149787067993,3.8184341355265823,24.91980545433783,1.8909258541972513,21.354695877408272,15.947608552180647,13.113698232639086,16.62489552337263,18.01905511023234,19.126999933846747,0.0016412656255920335,0.002516546673438328,2023,2
2023-03-01,151,3.256530860913798,0.36421530820819575,0.8868232704066007,0.0,1.4746815995650104,0.8354092023494266,2.0607053922715215,0.22285641077691168,0.25179631591373647,0.28757848468293146,0.0,0.0,0.23507025286505437,0.0,0.08168189300928659,0.0,1.3892980676712705,0.54882263942916,0.4380069492563897,0.2760725739997056,0.0,0.0,0.05600686639455679,0.22644586267869213,0.0,0.04113364320677882,0.04062893592816804,0.0,0.15976393639205255,0.0,0.2624193411499895,0.0,0.46463999286455865,0.0,0.0,0.0,0.0,0.0,0.0,0.2760725739997056,0.4037242033505035,0.6547980126317277,0.0,0.14008680958307373,0.32122946492651516,0.3381927235835559,0.06129350429759053,0.035414527038991395,0.07927898250277358,1.9557071870505311,0.07120985544399346,0.03378834977699689,0.0,0.0,0.0,0.0,0.07493444818905602,0.08168189300928659,0.0662400695785691,0.25179631591373647,0.0,0.0,0.0,0.0,0.1357168664821923,0.7926487340902544,1.8377394320578009,11.602649006622517,2.3140153099751575,2.8006089151973894,3.3403949981580956,0.6581399615477896,6.304635761589404,0.7984597428922098,2.3140153099751575,3.620598791506152,23.835537218484237,1.8630824206952323,25.063790469737775,15.168772786246137,12.927193620187907,16.24091026192154,17.09103335452204,18.25525999712997,0.0018366210654432642,0.0025679554777770686,2023,3
2023-04-01,119,4.0595072479554295,1.288513954597108,1.7627882724783162,0.0,1.4496897968982803,0.36595992911407677,2.167045911378693,0.4774016561190353,0.08976729079935272,0.39952876808824483,0.0,0.0,0.4438724748874288,0.16074564970782498,0.22128338051694182,0.0,1.5934958349946802,0.3787287614687297,0.7804519599762092,0.08140041831537007,0.0,0.0,0.1328727370053886,0.6037234813916321,0.35999514212836914,0.0,0.15072964630437607,0.04119294776734223,0.17378950943705018,0.04119294776734223,0.311729624499199,0.0,1.2360761907747249,0.0,0.0,0.0,0.0,0.0,0.0,0.08140041831537007,0.6264116863208766,0.489124803715796,0.0,0.25275288854623773,0.04493776120073698,0.2710021599101386,0.0,0.0,0.05002000800320128,2.167045911378693,0.0,0.0,0.0,0.0,0.16074564970782498,0.06366182836771073,0.031710797526557796,0.22128338051694182,0.0,0.08976729079935272,0.0,0.0,0.0,0.0,0.34068442381442243,0.5384134115820189,2.3791903622246715,11.100840336134453,2.0991083301408984,2.783629934438819,3.333017919951197,0.644137448085099,6.285714285714286,0.8198386434819676,2.0991083301408984,4.5562803709912485,23.646249665367314,1.9001566420053044,20.64447288876759,15.848841185687325,13.034778966617607,16.888668088468563,17.8869607071876,19.199276676920483,0.0016232801516833926,0.003212782711579307,2023,4
2023-05-01,264,4.0523402221186675,1.210459363575796,1.5743072178089086,0.0,1.701448814076334,0.8261928578124412,2.1361563798759926,0.3816012795795613,0.2701798578778636,0.44986099654628736,0.0,0.0,0.36188518534518493,0.05184317385274323,0.14857842780431965,0.0,1.6185813215993508,0.30465123337653177,0.7994178222873476,0.3175220613069017,0.0,0.04990443749722647,0.058556580295710724,0.6256121993914352,0.24655579351606735,0.028480291638186377,0.14949219687930543,0.05185786435786436,0.2516326667606139,0.04106131823523128,0.29664072552603654,0.109955103366792,0.8750174039202347,0.0,0.0,0.0,0.0,0.0,0.0,0.3175220613069017,0.502654310402892,0.482469264559205,0.09990844931599961,0.2988947284913357,0.1779803453749111,0.41376893124126285,0.07154875975361086,0.03366478380121477,0.12923003764144161,1.9378372879350705,0.0,0.14370066556971295,0.03033715208993542,0.02428127428127428,0.05184317385274323,0.04879219923686327,0.060446489972565194,0.14857842780431965,0.07194098871306996,0.2155320605116196,0.016835016835016835,0.019425019425019428,0.01838776110620771,0.0,0.4602203320644685,0.5381502651922696,2.4972889631578363,11.625,2.2526645315428797,2.8033372773814045,3.3890358761492116,0.6639623024702056,6.598484848484849,0.7913472086699036,2.2526645315428797,3.2861880063641187,24.023764640241914,1.8761072276010988,22.50512400697863,15.625440858517777,13.036224489645162,16.64736542596716,17.882608616400855,18.820972385313823,0.002155172160458814,0.0027489049992046226,2023,5
2023-06-01,158,3.7135080250593164,0.8444086090354723,1.5980511315536907,0.0,1.4274323160434517,1.1259033863334076,1.7959250546541585,0.22576330271832998,0.23014437272139815,0.29773932099327227,0.0,0.032624298577580584,0.3809639369904908,0.029995800587917693,0.16751252925518625,0.033487375259527156,1.5735604575380173,0.31731452983856157,0.6905873710815112,0.1897224049372514,0.032624298577580584,0.0,0.12133169616928381,0.4324634110834636,0.1015088849264479,0.0,0.15648031827869643,0.0,0.1788346484664088,0.0,0.4121478281096111,0.0,1.0070686549776708,0.0,0.0,0.0,0.0,0.0,0.0,0.1897224049372514,0.35987070382204595,0.4928016095110237,0.06946671304574681,0.31557088472738376,0.10876281915794339,0.5307421135992372,0.06436694355532777,0.10747302648129735,0.31455848353960186,1.7028194181417715,0.0,0.09310563651238689,0.0,0.0,0.029995800587917693,0.0,0.0,0.16751252925518625,0.02825497287522604,0.1510026254002226,0.0,0.04031282754172378,0.038828919779451736,0.0,0.2528500101791035,0.5284869908208578,1.9871182145406874,11.740506329113924,2.291616143697467,2.795040517647525,3.3158036061583585,0.6477175898590956,6.082278481012659,0.7780026332005068,2.291616143697467,3.6764641510415905,23.86653425688236,1.8791338013169352,22.090958212922494,15.743825357211763,12.9066572457666,16.682727870636768,17.82861958168988,18.813016131047736,0.0013639622808933828,0.002886884270740752,2023,6
2023-07-01,156,3.771828402401779,0.7761830660572814,1.0471411204895638,0.0,1.570496137530352,0.6571834605668687,2.217992963546819,0.3970318668365424,0.6155379690526274,0.3052958397890412,0.03205128205128205,0.0,0.3565746580220915,0.06986405664819763,0.08165625789543964,0.0,1.155221644970142,0.7247912771238938,0.615486056006508,0.43088732989518336,0.0,0.04162504162504163,0.14752168890875617,0.20706619624310363,0.19732559444257022,0.04611695259177274,0.1085352061750483,0.027992386070988688,0.2524242485843614,0.060674389383272805,0.29182847317337657,0.030380362133916636,0.41183364721463644,0.0,0.0,0.0,0.0,0.0,0.0,0.43088732989518336,0.330242527852174,0.4244000697603619,0.06058577141749289,0.32438043860514,0.10862689523647057,0.35449510756492414,0.023141719892622422,0.06083605177312427,0.11008368609972735,2.157517500895267,0.03009510051763573,0.030380362133916636,0.0,0.0,0.06986405664819763,0.10223694434220751,0.0,0.08165625789543964,0.14327460795069766,0.44459235082395726,0.03205128205128205,0.10935398405639081,0.0,0.02954035212099728,0.15971576604031976,0.8190992142031845,2.163597764107378,11.583333333333334,2.302159953654708,2.791531816299019,3.3802584705312984,0.7013479460363915,6.205128205128205,0.809718191855437,2.302159953654708,3.932478447760517,23.612870640755258,1.887784268810616,22.137262544613623,15.698292705185569,12.915468200345316,16.557513737025456,17.683769474704597,18.723171403021727,0.0022171077320595773,0.0024345814320615618,2023,7
2023-08-01,181,4.176589539532246,1.6766700330911437,1.7981083219687668,0.0543381585969019,1.4789164430180994,0.7671508527182769,2.138551144061296,0.6381912995353762,0.24974939162790927,0.3392469411693341,0.05683296486385525,0.15924337268206729,0.5140417611963455,0.2690674073994007,0.21689514794182316,0.0,1.097765386973098,0.32971708260793126,0.8391151884116964,0.3546642862866944,0.023213705371651423,0.0940278451594883,0.27319344825490854,0.6882138294348057,0.23243748424797078,0.0,0.31257982324701616,0.05300389737530293,0.3305159788635636,0.13575161283748924,0.40495640272812744,0.10149111406479047,0.8253932134747961,0.0,0.0,0.0,0.023814059820918266,0.030524098775983638,0.0,0.3546642862866944,0.44438037921418966,0.34539241832447015,0.0,0.33447935919274513,0.034967480243373664,0.4490354879724323,0.0859173922950777,0.020848535390388827,0.1763819568170043,1.896522485790975,0.04551865563875199,0.062098360362461774,0.10607901725139925,0.028332625017707894,0.2690674073994007,0.055683426396188285,0.05163422316311251,0.21689514794182316,0.044911094634851545,0.21922529285192563,0.0,0.030524098775983638,0.0,0.0,0.23681012064317977,0.6332900559207554,1.863554998720387,11.392265193370166,2.2059005397883458,2.7955082071208848,3.307218159146657,0.6397648482821926,6.276243093922652,0.8106608111680569,2.2059005397883458,4.147040975579256,23.274545827101075,1.9101488926694645,21.160913417885187,15.670597277186413,13.078535650544957,16.644561516865934,17.616636307108326,18.847173936259928,0.0016303683039554304,0.0028784936444818986,2023,8
2023-09-01,136,4.898380746895283,1.544377536250224,3.0495359482169646,0.0,1.2618286359361157,0.8867725719031139,1.8462704939843553,0.5806253763383074,0.31088104229509617,0.6835306982385724,0.04177807486631016,0.0705245270132559,0.8608437927772451,0.097010283614337,0.32816286252940685,0.07187164249261346,1.146239451651081,0.6815192346311515,0.7249847070703762,0.19191547201093312,0.03890445066915655,0.11817905456756345,0.22882779717309537,0.7742605792429152,0.261250621711676,0.0,0.04299965600275197,0.07995537688306516,0.49483640476558255,0.035014005602240904,0.9586835954661043,0.1680640582024665,1.3929378841805704,0.0,0.0,0.0,0.0,0.0,0.0,0.19191547201093312,0.3705834252444025,0.40331632378350496,0.06459043220946915,0.23142298268780592,0.16834898450225597,0.31483676646211295,0.059780009564801534,0.030637254901960786,0.3131695564719826,1.7389309625271965,0.07313980505496996,0.03419972640218878,0.0,0.0,0.097010283614337,0.05002000800320128,0.0,0.32816286252940685,0.10543222219136225,0.2777596856443278,0.0,0.033121356650768416,0.0,0.0,0.6229940677391324,0.9032084003059696,2.8230025925668696,11.551470588235293,2.2276949670373742,2.7922333611651853,3.313667964478142,0.6430678897133985,6.5,0.7573682037648185,2.2276949670373742,3.7581273253240655,23.357235411647174,1.9197248786696344,21.09151989865211,15.554928125481876,13.147757820985221,16.536426297970095,17.59836353729341,18.73711786228016,0.002381643387235014,0.0032061272267105375,2023,9
2023-10-01,225,5.096075942554994,2.1686539955076762,2.359057218492585,0.0326797385620915,2.0575012395713226,0.7129430486178155,2.1622368526949094,0.3950903329073156,0.42330450398521696,0.48139052180770847,0.01924001924001924,0.0,0.693236975433978,0.12654094300079183,0.1675259912481823,0.0423518810542915,1.3680066510402606,0.6553257555309062,1.0956185771266604,0.446838627072195,0.15112757878267463,0.17956890877872378,0.1683564303932866,1.0217030054323046,0.3825388687734014,0.023391812865497075,0.21807252787724798,0.023894862604540025,0.4329006525232861,0.10205334345781224,0.6078520054218969,0.10355180686514047,1.1126994102244494,0.0,0.0,0.0,0.0326797385620915,0.0,0.0,0.446838627072195,0.5455590222361999,0.41571892226865764,0.138979006997407,0.5104056609968632,0.07846110070625609,0.4017839446054638,0.06552706552706553,0.060665044606650446,0.10650589317237985,1.9248681316789709,0.08168079306117097,0.12663927145513046,0.02904865649963689,0.0,0.12654094300079183,0.0,0.01763668430335097,0.1675259912481823,0.0833867143549905,0.29363254037164754,0.02442002442002442,0.10525193919354504,0.0,0.0,0.3124377989306127,0.5986586217291123,2.8677064163889043,11.448888888888888,2.17989244496067,2.784235743525124,3.326143177748204,0.6375345396997742,6.3244444444444445,0.7996186658545381,2.17989244496067,3.998954516411489,23.896829553162885,1.9144257259319124,19.76958410218997,15.929588094003721,13.1902906927667,16.843368752620595,18.054568018681703,19.166029364461128,0.0013954947764214106,0.0034898092442102154,2023,10
2023-11-01,161,5.2263170246069715,1.8750722914291171,2.1859729057052895,0.0,1.8057582603369762,0.6967063569043327,1.9186676837587942,0.56013449775412,0.36277907049842256,0.5895317341304612,0.0,0.12767352410962307,0.37833434971546315,0.08043790816272482,0.45607993512666656,0.0,1.48336617733224,0.5350799065503469,1.0901124252726326,0.4857010642068124,0.03269042170644001,0.0,0.23008149734232194,0.8404667353721681,0.33569215537152647,0.054589047425910926,0.1648514140781492,0.2167010201326007,0.305619027507613,0.07394262052647146,0.4711885160182983,0.0721316089358288,1.263091132717078,0.0,0.0,0.0,0.0,0.0,0.0,0.4857010642068124,0.6088256767150428,0.19830223231048846,0.07660409200082019,0.43632519510381235,0.09959406332146926,0.4353813557129104,0.059738990857701166,0.023616654464728527,0.07837529254752337,1.7181412825198417,0.0,0.15966337410590253,0.0,0.04086302713305001,0.08043790816272482,0.0,0.0,0.45607993512666656,0.023616654464728527,0.32052614448329597,0.0,0.04225292601512654,0.0,0.0,0.27380812240196284,0.908856373977249,2.7287753272934565,11.341614906832298,2.152601336983987,2.800621738920953,3.339182971171688,0.6719969711370173,6.192546583850931,0.8203895685413781,2.152601336983987,3.672302530857034,23.95994923458387,1.919679418167492,20.16990124820102,15.925429954858119,13.130389008123414,16.7795025197833,17.944802076078506,19.130064703802237,0.002356813515296732,0.0029182108357115053,2023,11
2023-12-01,197,5.453868807188876,2.068048574150246,2.5667208950434466,0.0,1.6559159843996525,0.8242062905046474,1.9565949332800439,0.6775824104099092,0.2214363316393231,0.6032247456632711,0.023178731196254312,0.07649092800662785,0.5295609096217124,0.24880083238926481,0.28699054659508416,0.030036343976211216,1.2569830407034002,0.8557472329425702,1.0747068221866247,0.4681486739078548,0.20925905740237288,0.10256823409736532,0.21675527858404492,0.9060887547877513,0.2004802325562915,0.08386714096870228,0.21881113113731882,0.13021874461639893,0.497823190475073,0.09834339901628297,0.5459110755742215,0.17534348309526487,1.2492997468826041,0.0,0.0,0.0,0.0,0.0,0.0,0.4681486739078548,0.5291390022450376,0.26319115213016553,0.0980476405535641,0.2973895155630305,0.061006946050556,0.35519034426952084,0.17967930214642128,0.057830087687729285,0.17049961035042008,1.8099516113985004,0.067132743802419,0.05744039489660424,0.022070183182520412,0.0,0.24880083238926481,0.03296196189597205,0.0597707216091257,0.28699054659508416,0.049058347920462445,0.1969139058809671,0.0,0.024522425758356017,0.0,0.0,0.545803265661805,0.5429950278995141,2.175257470609936,11.791878172588833,2.32206935383404,2.782378958442213,3.36074158690436,0.6436319404159756,6.324873096446701,0.7778886305858428,2.32206935383404,3.941910115521178,23.685592537749898,1.9234282658896706,19.45500556676038,15.988718869977854,13.172619650251411,16.863393714045635,18.091808099726748,19.20106319980618,0.0021618388055149123,0.0029388689511131165,2023,12
2024-01-01,208,5.441972138556228,2.597355431526182,2.1697404504288285,0.0,1.6356281067631917,0.897738590234764,2.1030025937147006,0.6735755193838044,0.32648213503430557,0.5794565585811465,0.04938077000918532,0.05035475053571127,0.6248986941854208,0.1429765056999578,0.3788292341766343,0.04729067229067229,1.6934670268153083,0.5139021645236158,1.0770851405600657,0.28433062117850977,0.07302345129540527,0.23538990850747094,0.3086566112506815,1.325510791331113,0.3865623997134409,0.0,0.22088584142270323,0.04732642800536738,0.2684042073048452,0.1181039556645783,0.5922138229881175,0.12067114626667128,1.070347318204616,0.0,0.0,0.0,0.0,0.0,0.0,0.28433062117850977,0.4849406917542935,0.35729004888880284,0.1841741938893297,0.3248925510522559,0.17372739659654388,0.43255495589461207,0.04454830563701532,0.027316433566433564,0.2195914985401592,1.945822954980963,0.03785584494245912,0.06755485470940352,0.0,0.05176893908187508,0.1429765056999578,0.021272974812797822,0.046616786704892436,0.3788292341766343,0.08388001798952213,0.25622230714005334,0.020371577574967405,0.022257834757834757,0.02763041556145004,0.0,0.46504696991133865,0.829236463480097,2.3828374919651374,11.697115384615385,2.2789579608686847,2.7860619842997987,3.3658076740203713,0.6742164495787952,6.384615384615385,0.8196079167373932,2.2789579608686847,3.7712334479294083,23.87990421037296,1.921967537924427,19.503739770565858,16.031645355135556,13.20686105841157,16.931039338907315,18.185535557361273,19.24492699618397,0.0017214718715089462,0.0031534915942087734,2024,1
2024-02-01,264,6.146226517970314,2.400900533144808,2.1348098266194167,0.0,1.9448491110160675,0.7270597524867568,2.2520458836614075,0.6361695160929703,0.3875102994579431,0.6540832021479668,0.0,0.06794427679184153,0.5485474022753696,0.1926324682293479,0.4019107732693384,0.024437927663734114,1.771665975917913,0.7197903166411185,1.3211716426800648,0.44404253235362,0.08339560123366506,0.18729815646349524,0.12057156184668476,1.198070120475621,0.3031143191419392,0.028915105250983113,0.39071351249117936,0.08882215624124003,0.4685506119384169,0.1437306158551961,0.6351746192892357,0.14567327183908915,0.741680707697479,0.0,0.0,0.0,0.0,0.0,0.0,0.44404253235362,0.5123159187416158,0.46962348250587027,0.09199605996353794,0.42687111745142337,0.05538628781600669,0.4914578910487678,0.06006267166981453,0.018210955710955712,0.10194194624121204,2.070247125381563,0.0856566783456654,0.09614207993417921,0.0,0.0,0.1926324682293479,0.01795203217004165,0.0,0.4019107732693384,0.023674242424242424,0.31251023600505073,0.017375590770086182,0.02295684113865932,0.03466763154414682,0.0,0.7212289581721391,0.6258808292790682,2.5578911781599234,11.530303030303031,2.24388054587034,2.8013083148381748,3.404894788898892,0.6934355445967879,6.303030303030303,0.8146381220990466,2.24388054587034,3.7023808402910374,23.857338494838494,1.902489570194066,20.659109411452427,15.81048314274125,13.265660827935347,16.63777483328763,17.950604238624408,18.853865295473646,0.0013932579779934306,0.0033785144673535742,2024,2
2024-03-01,221,6.227042369953875,2.847292357452437,2.752043403410538,0.0,1.9762543653194025,0.6692173848594987,2.206586900570169,0.4904672016498091,0.2680360144296317,0.6898579527001595,0.018172236457140778,0.08162736007323751,0.3524244359345692,0.1426626200674988,0.3264607755548195,0.043736569100237134,1.3275235256946352,1.0509263166323903,1.4879054645423682,0.7057451131968183,0.12302621388054334,0.20162325510286622,0.3257873323617284,1.4884666198526024,0.3860180199066588,0.022180818028568895,0.22375065966775393,0.07643943865171486,0.37001710680528666,0.09521680242461092,0.8622981294160338,0.07533593940997617,1.3491754253546304,0.0,0.0,0.0,0.0,0.0,0.0,0.7057451131968183,0.43404483712211567,0.4012776797222467,0.14884646908974813,0.2863402661884736,0.07001442759956691,0.33686838811296166,0.09431558730438702,0.032789035346580106,0.13522994649600295,2.132709869849634,0.02104598547827002,0.0281048874399258,0.024726157802339093,0.0,0.1426626200674988,0.0,0.0,0.3264607755548195,0.02134380602749082,0.19425408499607377,0.01657467720816137,0.03480682213713888,0.022400430088257695,0.0,0.345556675665622,0.5996315126671377,2.1614298179962574,11.339366515837105,2.1646278254140685,2.7804057426313813,3.359962121209785,0.6381153870540686,6.601809954751131,0.8066646965233873,2.1646278254140685,4.057058298652181,23.550300303015234,1.9295164773851754,18.64196511238144,15.989622991961108,13.425521008055364,16.80157936287958,18.21313301830835,19.115376908433074,0.001782997848638684,0.0037872618469744455,2024,3
2024-04-01,213,6.527949756775344,2.8517565227280026,2.4075208765448752,0.0,1.8897442531153967,0.6803188846171162,2.267759795513597,0.9171496976099038,0.41372788718165443,0.6303171057214044,0.0,0.07433836259060331,0.4662319931542451,0.1452688575622927,0.6417364052953077,0.05082775052311371,1.4731683547686831,1.0962531738143282,1.4182284327480652,0.5315793205973007,0.06858555150876472,0.19795293838713593,0.2861089574410007,1.4131152759495222,0.1517799016271386,0.04472184767674793,0.6721037698386143,0.01738828029907842,0.6260647119394852,0.04827351203998182,0.6666655345602172,0.20251754990218487,0.8639995681030065,0.0,0.0,0.0,0.0,0.0,0.0,0.5315793205973007,0.407616939882323,0.4292775811863451,0.16724321597253536,0.3540271954768926,0.04287610567491689,0.3570984247307759,0.022250406069910775,0.03215640877226831,0.2259375393692442,2.1151808109668755,0.06239604114739065,0.06008784288169522,0.030095100517635726,0.0,0.1452688575622927,0.027780092785509903,0.03641042164674075,0.6417364052953077,0.0659539203200527,0.24625848162263994,0.08063026096130857,0.06016394186616514,0.02667520273154076,0.0,0.1362679718699844,0.9271928556839806,2.1377197519118076,11.27699530516432,2.1064821285154696,2.8023514670912824,3.3922617957331296,0.657536781536687,6.032863849765258,0.7873786631536883,2.1064821285154696,3.7902049215915827,23.709792587433434,1.9268701330114388,18.646188437701348,16.06825554201091,13.292485689148984,16.875103845095616,18.173934600810597,19.219532733832676,0.0017442417181129984,0.0032222195368202355,2024,4
2024-05-01,227,5.754642861481077,1.9473059506371826,1.996422488578732,0.0,1.7520034156090085,0.8337236092563071,2.058951852642341,0.399673776578357,0.3559553882698971,0.28120676254969795,0.0,0.029565680158472045,0.5574884090617006,0.016686690695501268,0.30005232079018856,0.022707661565012038,2.025015531995145,0.9811223565339194,1.0700241424778143,0.4707733056536265,0.05740987702699002,0.12670843301186505,0.22164907370750586,1.215195220924597,0.11123835897205726,0.0,0.21510498699416722,0.0,0.5266206643629985,0.08725174997314544,0.40133931322311905,0.099872956063685,0.8813378049557842,0.0,0.0,0.0,0.0,0.0,0.0,0.4707733056536265,0.6107645793093498,0.4442533257195096,0.0837123146158139,0.1424998903107087,0.06250801520915131,0.3205700404425901,0.07599983079789636,0.023432374168150718,0.3512133486385186,1.9154539108961417,0.01707475326981525,0.10503830331321753,0.02138488516316667,0.0,0.016686690695501268,0.06234931488887115,0.0,0.30005232079018856,0.020585450203795957,0.20264419515441606,0.0662486526119901,0.06855293401772478,0.018509606485766113,0.0,0.3652511995144584,0.49451902257316854,2.2351783442387676,11.321585903083701,2.154043532661517,2.796954667882582,3.3758021462600816,0.6728185443238565,6.365638766519824,0.7825627148995506,2.154043532661517,4.491699061944014,23.693945862082888,1.9253324644082184,18.404782313611605,16.101386945528507,13.318379848228055,16.91222970004581,18.216351604715992,19.254370661924067,0.001682249738655589,0.00355391803270045,2024,5
2024-06-01,296,5.991235472009954,2.615867655935877,2.9061302093700356,0.0,1.9041008948607858,0.854195838847832,2.5382378101826726,0.623519189546098,0.433224046273876,0.39363648034088444,0.0,0.053920263171364495,0.6215736768959793,0.14200101415064645,0.36896421160411985,0.075929266503037,1.5003382142983988,0.76285239261671,1.5233692800021377,0.5486506724266759,0.01330070227708023,0.2280561353908362,0.22580943805267772,1.5046325818932769,0.31760369169706265,0.04374642769723124,0.20062459927467904,0.08209407965303321,0.40023532742876416,0.09157831013214886,0.8652828398428507,0.05330873336414277,1.4957249986021288,0.0,0.0,0.0,0.0,0.0,0.0,0.5486506724266759,0.5691215775255498,0.3670790867732301,0.06074711271807594,0.358502445417254,0.08653286259961583,0.43585351595552235,0.03493898150126877,0.035682836434716134,0.26118764235670894,2.497529066481344,0.0,0.014315162620247367,0.026393581081081082,0.0,0.14200101415064645,0.0,0.056556001677952904,0.36896421160411985,0.055997962113378784,0.21698856981075426,0.03278754678530714,0.16380619491980075,0.019641734758013826,0.0,0.2757620408801455,0.5194087688833499,2.5365161396091804,11.16891891891892,2.14306879357452,2.7870222990443656,3.362900198213292,0.6549419072776722,6.097972972972973,0.7787540370992874,2.14306879357452,3.9666917118352787,23.32462027131145,1.945766671464073,17.397388594338558,16.20283074107791,13.457588276816221,16.913591022060693,18.48175786708087,19.270306737785006,0.0014794597288177048,0.003982656350962866,2024,6
2024-07-01,243,5.924560598086291,2.276799856301135,2.1157346459130437,0.0,1.34776510040084,0.6620735236523531,2.055084973515892,0.6834678742261591,0.21077379596880091,0.5831017834053326,0.019230029614245605,0.018705574261129815,0.7291301565667698,0.0672451633176534,0.44652494219869876,0.03849436196355981,1.5664390697570652,0.5547040692367713,1.6006334633653092,0.3003519843997565,0.022611133722244832,0.0681483286015683,0.12511507577937542,1.3383072080186134,0.2804217686648507,0.06615972150375533,0.2643061933060229,0.111730426704704,0.3844953295426979,0.016593654586486126,0.6555196004516727,0.06382867006648682,0.9952973912657003,0.0,0.0,0.0,0.0,0.0,0.0,0.3003519843997565,0.37915039170050663,0.2995298041950155,0.07083212087391898,0.29790079923164225,0.12385085342763835,0.2314799111569633,0.06817969111114497,0.04595227855871678,0.1926107893978896,1.9564925249887137,0.016660835374285667,0.03902291019521508,0.017661915611367207,0.02524678734631018,0.0672451633176534,0.022487575614473003,0.05438855497453936,0.44652494219869876,0.09282163812079458,0.17606262063136782,0.0,0.03471117533743308,0.0,0.0,0.44187014727640445,0.38043009570073055,2.945359828916407,11.526748971193415,2.243147336501393,2.7955776566671644,3.383235368833732,0.6906958940654192,6.399176954732511,0.8307105281714974,2.243147336501393,3.8049642286385,23.761564772675882,1.9231279196276645,18.871019795458594,16.067732909412836,13.355268718825348,16.76844196038277,18.297402888032398,19.05587073275734,0.001278195319340372,0.0034782881213162946,2024,7
2024-08-01,235,6.506251865306532,2.9496821225637766,2.275612003428184,0.0,1.8242418496564987,0.7355636372051033,2.0479914090229046,0.6128778384151803,0.2393079251422615,0.6323398095038578,0.0,0.026595744680851064,0.34928410411445393,0.15817845100951755,0.38827200098789283,0.042274120279691366,1.6434046368647977,1.1620581898439823,1.5670678924625039,0.5367769155589825,0.0,0.232847267234859,0.2685246831722287,1.5495344657334116,0.2588894056753536,0.03702572288125699,0.5788192267427337,0.024041351123933165,0.47453216070694426,0.049230421004979624,0.5504093128307453,0.11011969857834758,1.0913204103071672,0.0,0.0,0.0,0.0,0.0,0.0,0.5367769155589825,0.5129255663537143,0.405160758883329,0.1231814599398581,0.2461971489206148,0.08518958595123508,0.2318481153149635,0.106757743709536,0.0,0.31176819222936875,1.8724869179676764,0.030613806826878923,0.10409610810860456,0.04079457611974486,0.0,0.15817845100951755,0.026267402153926978,0.024041351123933165,0.38827200098789283,0.016118633139909737,0.1776229952365823,0.0,0.042856084113926295,0.018828845791752966,0.0,0.37523108384900317,0.4782000814711547,2.5657528900293007,11.246808510638298,2.1690611584372452,2.788546447152514,3.321603012037958,0.630279212997854,5.868085106382979,0.7951871714455896,2.1690611584372452,3.9897309581955374,22.950526648292605,1.9508089266031383,17.56188182677431,16.047653466194667,13.468369473971368,16.849334941063148,18.209989724634855,19.25386768162525,0.0017055620749936266,0.0035031274196687815,2024,8
2024-09-01,199,6.507420563107181,2.610082610995569,2.775510459246161,0.0,2.1605393393290835,0.7112397716920461,2.2230048094028487,0.5501984487358054,0.5490896410609493,0.5972639344995111,0.03101929400086854,0.06320421985704922,0.7220292159467935,0.09646894632706485,0.3813033581215157,0.07876838350037185,1.5522913652919645,0.8745940729689531,1.503027424160468,0.6074503484326209,0.08837970043453984,0.057900564144496645,0.1049383493113587,1.937826279039096,0.1497243493477348,0.028880032345636224,0.21321748969746984,0.029215846675236648,0.6689868020668006,0.045689479341747774,0.5975278090189443,0.06781493460243398,1.3954914342162346,0.0,0.0,0.0,0.0,0.0,0.0,0.6074503484326209,0.4627383585938396,0.5771916212785992,0.05123507187603412,0.46192393914798946,0.0,0.3223234147064827,0.11182199233846876,0.0,0.27709436464709464,2.1449183916763728,0.0,0.05320955818122502,0.02487685954525101,0.0,0.09646894632706485,0.030090572623597028,0.0,0.3813033581215157,0.04233557166362788,0.38877117876237804,0.0537831096876323,0.10653535261093892,0.0,0.0,0.4461012282488378,0.9187250894981854,2.7187618231491535,11.251256281407036,2.1799122287352577,2.7836840749868044,3.336946630748713,0.6442204000127784,6.547738693467337,0.784265402517744,2.1799122287352577,4.493029793205811,23.4227473670941,1.9475001628877198,17.36949485218924,16.142364170929604,13.51621636171293,16.945424451244428,18.31616974067168,19.42195106270827,0.001541307948245183,0.003668157063722375,2024,9
2024-10-01,343,7.2471466532056885,2.9198786821854803,2.359505421458166,0.0,1.7267312046710779,0.6263181245371794,2.431607025403118,0.6434287398849043,0.38946590544526816,0.4959804508780696,0.029642062360552484,0.03867616160134931,0.8363211944566967,0.14823158375774526,0.3952394372194891,0.016471479633015436,2.0637801067248525,0.7027089264870253,2.0709856399096993,0.4491096101771947,0.05483436529047545,0.1612278814267492,0.1514702918615648,1.7604694937600303,0.2871917367688259,0.0,0.4284581622466641,0.07622675083117067,0.4114834406286849,0.0360501600249836,0.5817256365221566,0.08125226448866346,1.2489939197936772,0.0,0.0,0.0,0.0,0.0,0.0,0.4491096101771947,0.6031472815598062,0.3342358776206835,0.09203672682954257,0.24820170848385062,0.045370814554719946,0.25062054596239486,0.06137721614627142,0.012147716229348883,0.2568018316444443,2.3178547297733383,0.0726510001169449,0.021920690940178435,0.019180604572656128,0.0,0.14823158375774526,0.04049044823345061,0.01665972511453561,0.3952394372194891,0.04280754555968376,0.34153327842615994,0.02823362772827218,0.019698999290836027,0.0,0.0,0.5742612536765657,0.7803309026299412,2.67691150375165,11.052478134110787,2.0797587330716487,2.798728688335059,3.398737770238778,0.6697583919414061,6.623906705539358,0.7904681533097755,2.0797587330716487,4.17929213714839,23.661770960553106,1.9534194491498609,16.620024290893927,16.289394384246314,13.526082869328361,17.0299757958004,18.708865690107967,19.47753304109533,0.0017559117402102269,0.004151511200652309,2024,10
2024-11-01,256,6.416401867980189,2.9970641186852753,2.4799833029865224,0.0,1.9258607785493347,0.5424906900609819,2.3689735626244612,0.6535173721273058,0.5146470969841398,0.6256538277564275,0.021345628415300546,0.0,0.5920278386812196,0.1477471460395339,0.4316694052038627,0.0,1.7067845687388485,0.8275005242075539,1.5178144391863,0.5458584897511417,0.021345628415300546,0.11348522919202661,0.09974014021453781,2.0305857051777827,0.4158005882893407,0.0,0.27085140187108325,0.04525542552520346,0.5857299548284098,0.10404380749571959,0.6869223119073223,0.12087990031439386,0.9824073284406766,0.0,0.0,0.0,0.0,0.0,0.0,0.5458584897511417,0.595572261209876,0.3604262791029801,0.11486502941330441,0.3091387190720325,0.03788943596383626,0.23485474462072897,0.09043154957398093,0.0,0.17931495990243573,2.2974189831313736,0.01575100806451613,0.0,0.055803571428571425,0.0,0.1477471460395339,0.025531045751633986,0.0,0.4316694052038627,0.04856977513227513,0.45077596377706913,0.0,0.0638711332070707,0.0,0.0,0.5477268195679665,0.47922541793036544,2.8513206331291165,10.95703125,2.0625628584778846,2.800865136353089,3.3690496994873325,0.6506307756597516,6.6328125,0.7919008032191419,2.0625628584778846,3.864687688973593,23.21597895919185,1.9701508630397166,15.568447741352685,16.36617637409035,13.623855887084565,17.075798135205762,18.66042598509966,19.582768438044017,0.001610314098360496,0.0038807394170633294,2024,11
2024-12-01,311,7.40389546949207,2.9914538105062167,2.5813900094910793,0.0,1.5188026926341878,0.5796454551363743,2.321617130142951,0.8895188314741885,0.3209508826295409,0.897944051320532,0.014418986921978861,0.035381756043353696,0.6339105008537012,0.1552758133488482,0.6730323378367221,0.0,2.3157278535233288,0.7358431562812796,1.5058650917886145,0.4364959215737113,0.036397763108838355,0.30514793210998536,0.09319663805427209,1.9243511827266815,0.29175003561717383,0.04764128604194973,0.1505078993391143,0.142461073508202,0.665703752791955,0.06623301345810279,0.6465065074183746,0.11271881807502146,1.0902279177476257,0.0,0.0,0.0,0.0,0.0,0.0,0.4364959215737113,0.38132079138532915,0.29132840786786796,0.10111918521634626,0.3085383865909332,0.050652606618553475,0.24712142162257741,0.08936631088049869,0.06462800706572587,0.12787710894901885,2.2591305519550855,0.012965460014521315,0.024518560550336604,0.02500255762300732,0.0,0.1552758133488482,0.0,0.014955507365587378,0.6730323378367221,0.046255172923030954,0.22153209869794893,0.017963318902800483,0.049261423019897735,0.03219404200889379,0.0,0.4486267983319052,0.43905015792756574,3.1300482470831406,11.266881028938906,2.078061195210974,2.7989844071622247,3.3650358270597684,0.6614518451691024,6.884244372990354,0.803769050960783,2.078061195210974,5.125838427463079,23.612713260301685,1.962696676341563,15.408214023452595,16.469427725679644,13.599900540899538,17.165924114504868,18.84898042227556,19.704403011398625,0.0015280981184559728,0.003964368211808091,2024,12
2025-01-01,220,7.745853914042415,2.8680669163870243,2.200517511482794,0.0,1.8351303315962708,0.6902470281775839,2.25299341098418,0.6559365622311103,0.3890619524765766,0.7759549606614641,0.03417634996582365,0.0,0.6718711931699081,0.11021015067171941,0.4477100974346238,0.0,2.449016942429563,0.7588747991847196,1.7848281427866728,0.7132112777379214,0.0,0.16966200568381495,0.13613341222576694,1.741068651734842,0.3539981974796013,0.04558249632141258,0.2978649084265388,0.12375724451504744,0.3319637856970078,0.025974025974025976,0.6057614100878691,0.08930959367572497,1.147508696048166,0.0,0.0,0.0,0.0,0.0,0.0,0.7132112777379214,0.49564413911832667,0.30195963636936524,0.017415534656913968,0.30689974371374373,0.0,0.20375071269603523,0.0617682342073155,0.045313569903733836,0.37941451137049936,2.1991769813288244,0.0,0.03050640634533252,0.023310023310023312,0.0,0.11021015067171941,0.0,0.025252525252525252,0.4477100974346238,0.07276378887224183,0.2695413113346627,0.0,0.10162515080547867,0.01789549033643522,0.0,0.538676952142454,0.45327345484918474,2.6477982950556664,11.222727272727273,2.1324465359409266,2.781487925938791,3.3872558921392453,0.6629874453002124,6.740909090909091,0.8132615945919175,2.1324465359409266,4.007145232358643,23.907532488555216,1.9672870526440547,14.69595513136404,16.619023521968654,13.711187892931099,17.230526954372905,19.09001482075406,19.846245707675717,0.001326735412769481,0.0037875327824591744,2025,1
2025-02-01,398,7.415958885961252,2.802388877224102,2.7338985564337293,0.0,1.4862712932026183,0.5808250234345782,2.290977991374825,0.9008157046159033,0.5304611702156902,0.6631602582604933,0.015045286311798514,0.017209334342947614,0.8553508549068538,0.20849524481142576,0.6217521745252201,0.012316484382697803,2.181293536620082,0.6079148396583423,1.861058356313252,0.37236251582813895,0.020938023450586266,0.2131796806358006,0.11421716426250146,1.5690138191934733,0.449125531053382,0.03580132237251828,0.3397497827138061,0.06036355354203421,0.4151252775131207,0.05021465792038776,0.8466894674606554,0.06965615702161747,1.352212996517948,0.0,0.0,0.0,0.0,0.0,0.0,0.37236251582813895,0.4284877486961834,0.27413317981243424,0.09167561934443724,0.31961222952142443,0.05248140316692665,0.18398622588167524,0.05678419466907996,0.0294062412073668,0.2581669585095296,2.172606497676764,0.04053295647134406,0.028162791981887456,0.012316484382697803,0.037359260862131836,0.20849524481142576,0.029556672832357828,0.03190812399012302,0.6217521745252201,0.009103488456776637,0.3838633828498343,0.0471423595844618,0.08823862950429436,0.0,0.011216798277099784,0.8451320223763577,0.6170114302567027,3.2293540691923854,11.00251256281407,2.0904510409588215,2.7967951040066095,3.37815738819271,0.6712000623126347,6.208542713567839,0.7665955393402383,2.0904510409588215,4.729760297164733,23.22483408202629,1.9772865413044756,14.604483080689189,16.490934628754573,13.710623864131666,17.106807278563142,18.99271033913185,19.655740894487593,0.0014958833767994156,0.004343729914848152,2025,2
2025-03-01,320,7.8086277133705835,3.061421819126992,2.6398868132962425,0.0,1.7310550038578683,0.5768879340540541,2.27746283866819,0.6270065872868331,0.35214460977348144,0.6300641602762455,0.0157035175879397,0.01481042654028436,0.7822502035618081,0.16392826069057578,0.4368178223945766,0.0,2.3931383887658466,0.7726727315076684,2.0299807628966096,0.5692614391490285,0.0,0.37531255020682286,0.21214606917654333,1.6693369112082421,0.32047492996250126,0.03573749187784275,0.33166685847820204,0.11674700821683773,0.2989199162892647,0.0827235479990813,0.8586652186414698,0.11987098053698597,1.2797071498294412,0.0,0.0,0.0,0.0,0.0,0.0,0.5692614391490285,0.5682301335595272,0.35224821292630215,0.053130268590314424,0.18818494963269589,0.014602803738317757,0.3205971581428614,0.09994493948760705,0.018601190476190473,0.12314184220907753,2.2483464800828714,0.0,0.0,0.029116358585318948,0.0,0.16392826069057578,0.013130252100840336,0.0,0.4368178223945766,0.013130252100840336,0.2598785951718502,0.0,0.05407464700452599,0.021114864864864864,0.017076502732240435,0.6286486430624658,0.7065869293421033,3.1194435119159034,11.115625,2.1171337274336217,2.7889358293207174,3.388535861638296,0.6506965762393732,6.771875,0.7885513022990911,2.1171337274336217,5.080246500480759,23.324775866494615,1.9991967211500559,12.81439440920611,16.741095992340696,13.87041280828152,17.349967106373303,19.191945439325785,20.080919202298542,0.0015684240045790413,0.003951514250123378,2025,3
2025-04-01,307,8.476995740862401,2.4941329139421815,2.5593527733402786,0.015967298971705946,1.4380932275421983,0.4711329533630229,1.9958661065964296,0.8935746409024701,0.3706737917939809,0.9368820879653901,0.0,0.0529869928427397,0.8124659264521943,0.11463927122842771,0.6090661544380699,0.06618621203049069,2.8716729927532882,0.6814644447628101,1.9007555168147008,0.430876141574289,0.0,0.19432660050415002,0.05310698702710042,1.3736990103328917,0.4422077591655155,0.0,0.40073364540979106,0.030058911502732846,0.39343060050381673,0.01819736866049169,0.9372928549080157,0.05756445050757875,1.1528674987603755,0.0,0.0,0.0,0.015967298971705946,0.0,0.0,0.430876141574289,0.45047863852699604,0.25354907028780876,0.050022938041788284,0.2531664391113161,0.015364759387867985,0.21955230046140847,0.012528188423953897,0.0492253309025841,0.17446237418720847,1.919940274438055,0.017799611968459087,0.05812622018991564,0.0,0.0,0.11463927122842771,0.05175464240815643,0.07414670096680002,0.6090661544380699,0.04396787186101596,0.2954517975091709,0.02035830618892508,0.04218925622729343,0.0,0.01267443186859149,0.8121726811925033,0.7259674798901449,3.043551241494367,11.342019543973942,2.134428644756753,2.8019540548147233,3.4306827650860723,0.687230165151084,6.869706840390879,0.8520602483479912,2.134428644756753,5.179931214426777,23.79332829674849,1.995814021351218,13.213758636369423,16.704883166706175,13.851416743356276,17.236497350316263,19.16598410822509,19.95518693313642,0.0017987590204957451,0.004682241569927039,2025,4
2025-05-01,517,8.189648333925453,2.7761403882492224,2.568385994204803,0.008596604341285194,1.6091677273055542,0.5176723793358793,1.969546450181359,0.9134109361443924,0.27173170808048236,0.7571198921057423,0.019166199842865345,0.0,0.4990970491083145,0.14795876566756636,0.6233495092987609,0.030183829728136848,2.613243470486959,0.7269155833349453,2.2511169049776445,0.521497129374518,0.0,0.26317779803900604,0.10400668716864185,1.4622667228592259,0.3964013473984858,0.020130057676991345,0.4378350971599524,0.09232267794691917,0.3419272742284604,0.05648455479980404,0.9180104717116483,0.09042079950271646,1.161542893962174,0.0,0.0,0.0,0.0,0.008596604341285194,0.0,0.521497129374518,0.5991865705292678,0.24892665855246313,0.03244259417765057,0.20711477467165476,0.08546472462491889,0.22369626373713083,0.03412914818945396,0.014653302854463398,0.1597289399299122,1.9337852023524962,0.0,0.025790959288712854,0.0,0.009970288540150352,0.14795876566756636,0.03602697675416779,0.03630775874877386,0.6233495092987609,0.06976792567512362,0.23287612385637496,0.0,0.02990078803526867,0.0,0.008954796188838742,0.6430900753950454,0.7345130389157419,3.650155653437764,11.011605415860735,2.040146990546638,2.7887478384071644,3.45870080727163,0.678325352379732,6.647969052224371,0.8181930981780885,2.040146990546638,4.914545060238325,24.145431304135364,2.0082758965512038,10.979752081848984,17.1005406023646,14.038295222058162,17.592545500539966,19.764535027401145,20.52182217928538,0.0014950494641949817,0.0043545644516914585,2025,5
2025-06-01,406,8.011322283849367,2.5351587568080256,2.19898558810181,0.0,1.2444904816682851,0.6233298733560473,1.904092713458518,0.825752662848813,0.34858531680737104,0.7257669304409202,0.0,0.012502813132954912,0.6874168209508573,0.19144561198045937,0.48425606371612073,0.02455723668777856,2.4087785063878524,0.6790148117222821,2.4907395401067993,0.30684394872334264,0.0,0.261370217844246,0.13500159484836885,1.2793827637768873,0.4046232194137808,0.0,0.3561274459115253,0.09865351501321723,0.3667156569241055,0.055369918605594,0.910957793860624,0.1243385900942725,0.7416036286172139,0.0,0.0,0.0,0.0,0.0,0.0,0.30684394872334264,0.3851460011641466,0.2184509254909344,0.05388221680922293,0.2801673894806386,0.07463907226417452,0.1961021065347446,0.07934298227220377,0.058168777141063006,0.2150769351438614,1.880408952695928,0.0,0.02368376076258977,0.0,0.0,0.19144561198045937,0.062327850752705104,0.03980122103078272,0.48425606371612073,0.047921915368745197,0.2811536308794008,0.022043511425837443,0.04538817450213284,0.0,0.0,0.8418162768690781,0.995617316052453,3.6366511629952942,11.03448275862069,2.03456676759795,2.7839265960776762,3.454132604104014,0.6796697568119227,6.783251231527093,0.8229476924389411,2.03456676759795,5.3346469305494475,24.132960901987992,2.0107551451970673,10.923962116879721,17.132070088263593,14.011968615929675,17.595382290089294,19.784559069142365,20.46448658007463,0.0014022739616402432,0.004609429841584273,2025,6
2025-07-01,402,8.046988178314551,2.1902311689309526,1.8877991555658087,0.0,1.3730593826538424,0.6002303088155123,2.0718353578058033,0.7732337956492099,0.512355328635204,0.7981057675484148,0.0,0.009530889613236499,0.6200950698694767,0.1800289759407359,0.429518341046992,0.026623977183678676,2.4386371982453574,0.823864440295355,2.393395350577235,0.3271881679940694,0.0,0.21591463601207583,0.05809622568675176,1.0751493159070211,0.40357350027743444,0.03661712712002664,0.36540755068747305,0.03547281324016994,0.271302956781991,0.03361926626768447,0.5748499479642123,0.06880027244307538,0.9392267121088455,0.0,0.0,0.0,0.0,0.0,0.0,0.3271881679940694,0.5218889302032033,0.2249584388234851,0.058184624286720936,0.2408392213463637,0.010910360478310201,0.31235128276050467,0.056389536593362675,0.009990209594597293,0.21058891938873747,1.9619624829503368,0.03425073878726667,0.05524272233298425,0.02037941373521537,0.0,0.1800289759407359,0.06519487771554333,0.009281948466622114,0.429518341046992,0.08920965247931649,0.3782660113643586,0.014547147304413602,0.08471623846592265,0.02226248610124282,0.012563445399266297,0.7616455821886906,0.7653366969929638,3.234467297079786,11.221393034825871,2.1103045083886425,2.777075400828697,3.4244723474042553,0.655527925737343,7.017412935323383,0.8330734808771455,2.1103045083886425,5.701155977670445,23.940740607147543,2.007410054139316,11.253341785563341,17.101631040016965,13.934464240240073,17.573049755576445,19.620833974757296,20.37138199710114,0.0011948865041550146,0.0038509371134238645,2025,7
2025-08-01,413,7.95277490291501,2.1431890057843326,2.0768969500406227,0.0,1.1405380253313997,0.5813011098034901,1.7367823279832586,0.579783543364492,0.4198528875877684,0.6296557897632217,0.02017756255044391,0.01424298532972511,0.6484597395002962,0.19052592587750417,0.35542441057498936,0.015825539255250123,2.643892690638975,0.825895989863216,2.3675854102688336,0.24108885929255575,0.009137009456804788,0.16962306174608416,0.08794926558704694,1.131345239665581,0.2915762268482812,0.030264001410695993,0.35309787760875916,0.07019632346107958,0.33751660919674675,0.04369587532633005,0.9281932445511448,0.055650564125140405,0.7118406568412606,0.0,0.0,0.0,0.0,0.0,0.0,0.24108885929255575,0.329470091325775,0.2715309835497564,0.011585203378245305,0.2868628877850672,0.0992798986639091,0.15223022148445264,0.024321234396188815,0.06839467863637229,0.23707507662256735,1.65780007523313,0.010005402917575491,0.0457689037829623,0.02320794604959061,0.0,0.19052592587750417,0.02395031913218925,0.0,0.35542441057498936,0.00988288777980926,0.341835860438949,0.0,0.06120239169011619,0.0,0.016814635458703254,0.5641030963682907,1.036697895295867,3.178359242524424,11.048426150121065,2.0439763152944592,2.783415643558065,3.464791905748421,0.6716105558471491,6.937046004842615,0.8176973304424474,2.0439763152944592,4.943435625587777,24.217554848971314,2.01096046797387,10.804084553072816,17.13397155907407,14.074368524595098,17.537722528623842,19.861474447120038,20.409725113005987,0.00125583207591005,0.004075816820330841,2025,8
2025-09-01,415,8.337429652967163,2.2366059088826806,1.9760892364530025,0.0,1.259202654851463,0.5598662372281334,1.6862576910381792,0.6997458648502909,0.3933613217715614,0.8264940916309396,0.02562003188270634,0.0,0.5719280540923941,0.17648309603317627,0.3573434489949388,0.01147446930579461,2.835992440859867,0.8214523355773065,2.571122404971431,0.13951927961860983,0.012048192771084338,0.15306708520396992,0.11501709259766392,1.1399960170992363,0.3360208239967344,0.0,0.46020620371457016,0.020250493499421415,0.30678427500823185,0.02188345217605114,0.6717601714944462,0.051438499284771094,0.924222838489502,0.0,0.0,0.0,0.0,0.0,0.0,0.13951927961860983,0.4534145562204339,0.2594782326924826,0.08012110011199981,0.3266694862079369,0.06443353922675206,0.1834997963892273,0.05883334469767459,0.05554768233389696,0.19755187458058254,1.628321740823074,0.0,0.03170444190337718,0.02623150831172793,0.0,0.17648309603317627,0.11039938366881999,0.04539540441294877,0.3573434489949388,0.010124531740407007,0.34620730360759155,0.013239772275916854,0.03391424588805298,0.0,0.0,0.7848009597970677,1.0336615579591926,3.75557381408417,11.12289156626506,2.111343247724167,2.7844099157384044,3.445357145193791,0.6745742514608589,7.1012048192771084,0.8506610073289675,2.111343247724167,5.135870947313626,23.90695663773977,2.0070495622412277,10.848741086238471,17.100439692199583,14.07588571931456,17.549829688096775,19.82822266499661,20.437158468863906,0.0013468067145182019,0.004158292327591546,2025,9
2025-10-01,571,7.898768430585727,2.1499087756976945,1.7998669147842892,0.0,0.9572522625497697,0.49420414321349376,1.7510110912312424,0.6272308321540981,0.3424286777434433,0.5449634119688194,0.0180094360185387,0.0422730841234374,0.5873627882568683,0.15577958733722636,0.33143701394461855,0.01739006027000043,2.652073353278272,0.7361419976449188,2.6467578707735266,0.1665798269695,0.008260912665631297,0.14560143396131486,0.05830676821110094,1.1832087199490786,0.2582313608279243,0.015102019348290582,0.44355277812919225,0.03764478260516164,0.279918417154672,0.034535608201926055,0.6495464529949151,0.06944004513696671,0.7664263912958096,0.0,0.0,0.0,0.0,0.0,0.0,0.1665798269695,0.36541579179240236,0.17180576736684314,0.06549315505961692,0.18795772136140723,0.024882998811134257,0.21339411230750088,0.050040076280173464,0.007681199496113312,0.19820575631857185,1.643439465602659,0.02910046465948005,0.051258785441908865,0.016662294291568878,0.010550081235625515,0.15577958733722636,0.07891546428636927,0.041115971669656165,0.33143701394461855,0.019982794916227793,0.23446009184861163,0.022634329943759385,0.07674938592600448,0.00858487002506782,0.0,0.7521783776381834,1.2873305772706098,4.13868916493967,10.984238178633975,2.0235265980467485,2.7999593731149393,3.5125624149400387,0.7104336196129486,7.4308231173380035,0.856039390159724,2.0235265980467485,5.562877560070586,24.484782601617106,2.0028114360634355,10.856858306194649,17.125136514113972,14.04185203958211,17.569507899811253,19.962570970157863,20.42243681779407,0.0013223822235243908,0.0035874564504128083,2025,10
2025-11-01,427,8.15098536051756,1.7150590742989218,1.4508315195226837,0.0,1.097707789089505,0.49646196074910337,1.7643141230238997,0.5810886805668145,0.3585221948589629,0.667408147942773,0.0,0.0,0.45196198362298823,0.16120264380232777,0.3544221223205572,0.0,3.0031694630732715,0.703920028115431,2.6481625729196523,0.1607383987205591,0.0,0.13722387318812565,0.03440321063271883,0.9431117535665622,0.39948475035973097,0.0,0.18655548426698387,0.014280002284800366,0.29315838052335186,0.022399546658653787,0.4848499431048728,0.03542421155576538,0.61499943768004,0.0,0.0,0.0,0.0,0.0,0.0,0.1607383987205591,0.3873960644193574,0.2453731245133613,0.031160352424881004,0.27303984901134626,0.021743797322958898,0.21152407989386277,0.04271304327133389,0.0,0.22048104026094775,1.7347379468810138,0.0,0.029576176142885716,0.0,0.0,0.16120264380232777,0.0,0.020921448339221556,0.3544221223205572,0.044542466104707974,0.2598986716706252,0.0,0.06977776703811185,0.014023475297648264,0.014822280852577594,0.7103094934386994,0.971562976793536,3.595063879687666,11.023419203747073,2.0548540554354844,2.7880870866264846,3.4865861815467607,0.6723693992101474,7.147540983606557,0.8397396999727359,2.0548540554354844,5.128218865951311,24.31829148278212,2.008367148336813,10.631836194738012,17.187156133700626,14.042099874970155,17.62228104817599,19.868273588644186,20.476467220181668,0.0011119189029943548,0.0037525180077625725,2025,11
2025-12-01,359,8.005208622175644,2.0473836341692264,1.5668849673513654,0.0,0.7012804041874473,0.46545588844061414,1.5017438206625313,0.5806412819759975,0.6528297078225906,0.6852026433129971,0.013587879611386643,0.0,0.36689367603998785,0.16044376011584285,0.3463517745544567,0.013858285175792346,2.907938671180852,0.5682381996122633,2.8463805486528457,0.09631318391921907,0.0,0.12590405856665868,0.0861615194270321,0.973953798388819,0.47324976238829264,0.015648962473787987,0.30835135876968534,0.06411417415495073,0.12500613113949677,0.015305029232605835,0.5989690698908804,0.017409470752089137,0.8101952663362932,0.0,0.0,0.0,0.0,0.0,0.0,0.09631318391921907,0.3342417960433558,0.11566313539031482,0.013521919030748843,0.14154036980380874,0.01088091922005571,0.1736829232125899,0.07702101924906517,0.013264358668258392,0.19060666809064492,1.4576375804704185,0.0,0.044106240192112824,0.0,0.0,0.16044376011584285,0.044572679899886385,0.0,0.3463517745544567,0.029273067405811624,0.5361782425823892,0.06019797206065988,0.04155768932748672,0.0,0.014895803852054875,0.904826310736198,0.9324841305558966,3.924947523006599,10.977715877437326,2.04567723636525,2.7822786099536034,3.5118506632952857,0.6981081489257929,7.403899721448468,0.8494914089075367,2.04567723636525,5.811375706844653,24.293854168278738,2.0377196381316094,8.395698380747653,17.388141796795715,14.298170724009967,17.714899180286814,20.24200368710821,20.76832280583612,0.0013120455308404803,0.004005295466848416,2025,12
2026-01-01,520,8.38691217654172,1.741024356063288,1.2283599441338084,0.0,1.2293620670936767,0.518677908701097,1.3102598649489716,0.5909751156442422,0.4725949500977932,0.5216756124247015,0.021277427754506792,0.0,0.5315040022330526,0.09717589090338966,0.3659033526918121,0.009567546880979716,3.2878598345813734,0.658736400068412,2.685383597263345,0.20782851174014846,0.014459224985540775,0.05628705415793609,0.024946389042612066,0.7110686750846492,0.4561651988729532,0.0,0.3873755469042918,0.09072226701530507,0.1739307764546345,0.009201324990798676,0.4626425951767686,0.021428198321833732,0.5611570491897729,0.0,0.0,0.0,0.0,0.0,0.0,0.20782851174014846,0.5201367414556929,0.2502192001059431,0.06745591334628899,0.1837217004456032,0.009071117561683599,0.19486129464527166,0.09166011977494443,0.0,0.2230853767191974,1.2677277431457086,0.0,0.023335582546108864,0.019196539257154067,0.0,0.09717589090338966,0.10110096605245376,0.009811616954474097,0.3659033526918121,0.01698328904211257,0.4316340326581259,0.010683760683760684,0.02089629371650695,0.0,0.009380863039399624,0.7711192874616296,1.0839143948112457,3.7258550929172114,10.836538461538462,1.9843279749711318,2.7800165480560173,3.5171088575024876,0.6854657284546286,6.984615384615385,0.8243947490613851,1.9843279749711318,6.058501078236369,24.674336336740183,2.033012815112012,7.715631557394103,17.506914151076998,14.29820746294715,17.79457384260376,20.426061139227386,20.866989497693034,0.0015869747711381719,0.0038426047300072833,2026,1
2026-02-01,530,8.960572850078465,1.539327870378606,0.8491278363741118,0.0,0.8973618382406265,0.4122391402975146,1.5540524414548371,0.6299482213523118,0.4681234052231624,0.6282974397563502,0.00857632933104631,0.0,0.39378263907886113,0.14140557359724878,0.36643976014507623,0.0,3.0460957064666805,0.7728844934430541,3.429730335069669,0.17336057319047843,0.009675858732462506,0.06305113801351002,0.03305063136972238,0.4595106624122329,0.5229695630242752,0.0,0.4102949100702631,0.04077510675613978,0.07518446115174295,0.025271535504654653,0.38545269141851096,0.0,0.3632191482992032,0.0,0.0,0.0,0.0,0.0,0.0,0.17336057319047843,0.34643470541870175,0.22565157449038664,0.04964026029250444,0.10227472484855524,0.00799488327470419,0.13340952439835208,0.051257312063565555,0.023299780716177887,0.19627763984471489,1.4957949499482113,0.0,0.030328980944356432,0.02792851056226937,0.0,0.14140557359724878,0.06676962270606507,0.030036322277900863,0.36643976014507623,0.025296942626020884,0.3840749317883321,0.007201497911565605,0.06803018836050688,0.0,0.008816787162757892,1.4012965659817982,1.2690684839753854,4.783883564921677,10.916981132075472,2.0426346999413574,2.7850446002572147,3.5332968925215633,0.7014792603064853,7.154716981132076,0.8635062703232489,2.0426346999413574,5.803901285375832,24.790513098013097,2.0327433715383605,7.72427164929502,17.598727074618708,14.261820516003462,17.870574394794623,20.520596657635387,20.922442818478267,0.001076510898540497,0.0033736971616810055,2026,2
2026-03-01,606,8.060363604712368,1.3456565092355506,1.0430997328375828,0.0,0.6644898031344172,0.3914856978806469,1.4334724510566177,0.4512325250449646,0.3923777030555549,0.579085458388523,0.0234591360370605,0.0,0.3932525882091127,0.11747824178683916,0.21888771927525288,0.008209776201500747,2.6194792895536727,0.6559697927430826,3.3367949186161248,0.10774668390119846,0.0,0.06662499683100684,0.060577223109035135,0.45552337743788834,0.37704535001022144,0.0,0.35460234706182253,0.031283214785576545,0.12688825424394928,0.008871854927428228,0.44769336438357815,0.05970178277651538,0.39994447650611176,0.0,0.0,0.0,0.0,0.0,0.0,0.10774668390119846,0.28107342123557644,0.11061442512020804,0.033806446970118725,0.1312488259073156,0.05091562850446084,0.06951426048025873,0.06473402759097083,0.015672968547472535,0.190648812757484,1.3780875611235277,0.007933485656257934,0.023008836831395558,0.024442567445436453,0.0,0.11747824178683916,0.07069725001559518,0.009764290038471303,0.21888771927525288,0.03440502392880603,0.29317295965048185,0.018442778343768444,0.06662681294426923,0.0,0.01413515211703541,1.4901542024145025,1.5826713432070936,4.781986119163314,10.907590759075907,2.013117794069733,2.7786983012871,3.5479725485671847,0.7067240674309497,7.156765676567657,0.8190872819168262,2.013117794069733,5.820573388322638,24.86889795206627,2.040756863357819,7.785994707516865,17.60685030530073,14.298733873228574,17.84820116580012,20.4333163750379,20.888639560527295,0.0014302513462576395,0.003590734759919842,2026,3
2026-04-01,505,8.325580090263577,1.1163835985437756,0.931513589058565,0.0,0.8202420659388969,0.28476184946508165,1.3348151310452439,0.5649303019371776,0.4581621334952089,0.5914215790730261,0.010646225912913873,0.0,0.38861383505988717,0.20947219425240327,0.27541527922382786,0.0,3.0817750792631844,0.7179494910153391,2.985706443128811,0.06457996333418523,0.0,0.062273821684826945,0.013847538600013849,0.45351236477868767,0.2386166872494557,0.0,0.33388715731135266,0.014246028919438708,0.1531781259912303,0.01795091683608094,0.3040669785618483,0.029789706209862193,0.42652786145954324,0.0,0.0,0.0,0.0,0.0,0.0,0.06457996333418523,0.4062967004998909,0.13104591392744533,0.03885768481917216,0.1794618033582034,0.009566174008705219,0.09139274957225141,0.07817881668309536,0.0,0.10562410920102965,1.2829962000996737,0.0,0.03161702497541865,0.020201905970151555,0.0,0.20947219425240327,0.027486218819620826,0.02037486767544679,0.27541527922382786,0.03218174196587887,0.34039409264454257,0.06536527006110515,0.03733355553470238,0.007334066740007334,0.007735148514851485,1.4012307091390463,1.7009712248365358,4.924172594933251,10.912871287128713,2.0307525478478534,2.8011023297987707,3.553951714399746,0.6997900448543631,7.211881188118812,0.8431011215458674,2.0307525478478534,5.784012821756383,24.860955955485657,2.021643976305943,9.695534163489175,17.25499627748702,14.186618363633551,17.58717233186244,20.066295776232234,20.537178792303877,0.0014317923035689045,0.0030329684344118984,2026,4
