year,dependency_bigram,head_dep,child_dep,count,proportion,per_1k_words,paper_count,word_count,dependency_edge_count
2019,ROOT->acl,ROOT,acl,130,0.0005289971841072969,0.546514707551572,912,237871.0,245748
2020,ROOT->acl,ROOT,acl,1624,0.00045487749678448666,0.4758907420496356,14066,3412548.0,3570192
2021,ROOT->acl,ROOT,acl,1573,0.0004658743347666941,0.488952106939079,12748,3217084.0,3376447
2022,ROOT->acl,ROOT,acl,1467,0.0005035108469347619,0.5261219362004528,10523,2788327.0,2913542
2023,ROOT->acl,ROOT,acl,1680,0.000548550471704428,0.5700217422578833,11046,2947256.0,3062617
2024,ROOT->acl,ROOT,acl,2293,0.0006359022712776283,0.6584416498083973,12862,3482465.0,3605900
2025,ROOT->acl,ROOT,acl,3062,0.0007336685078663305,0.7609273970393413,15004,4024037.0,4173547
2026,ROOT->acl,ROOT,acl,994,0.0007101055013887778,0.7392720030106369,4849,1344566.0,1399792
2019,ROOT->acomp,ROOT,acomp,945,0.0038454026075491967,3.972741527971043,912,237871.0,245748
2020,ROOT->acomp,ROOT,acomp,14193,0.0039754164481910215,4.159062378023694,14066,3412548.0,3570192
2021,ROOT->acomp,ROOT,acomp,13858,0.0041043143872834375,4.307627652868249,12748,3217084.0,3376447
2022,ROOT->acomp,ROOT,acomp,11224,0.003852355655075506,4.025352837023778,10523,2788327.0,2913542
2023,ROOT->acomp,ROOT,acomp,11525,0.0037631215395199594,3.9104170116203005,11046,2947256.0,3062617
2024,ROOT->acomp,ROOT,acomp,13022,0.0036113036967192658,3.739305348366746,12862,3482465.0,3605900
2025,ROOT->acomp,ROOT,acomp,15336,0.003674572252331171,3.811098158391685,15004,4024037.0,4173547
2026,ROOT->acomp,ROOT,acomp,5163,0.003688405134477122,3.8399007560804006,4849,1344566.0,1399792
2019,ROOT->advcl,ROOT,advcl,1789,0.007279815095138109,7.520883167767403,912,237871.0,245748
2020,ROOT->advcl,ROOT,advcl,26754,0.007493714623751328,7.8398897246280494,14066,3412548.0,3570192
2021,ROOT->advcl,ROOT,advcl,25621,0.007588154056616319,7.9640444576517115,12748,3217084.0,3376447
2022,ROOT->advcl,ROOT,advcl,21590,0.007410224393538861,7.7429942757789885,10523,2788327.0,2913542
2023,ROOT->advcl,ROOT,advcl,24043,0.007850475589993786,8.157757588753741,11046,2947256.0,3062617
2024,ROOT->advcl,ROOT,advcl,31357,0.00869602595745861,9.00425417053725,12862,3482465.0,3605900
2025,ROOT->advcl,ROOT,advcl,40428,0.009686724505558462,10.04662730486822,15004,4024037.0,4173547
2026,ROOT->advcl,ROOT,advcl,13580,0.009701441357001612,10.099913280567856,4849,1344566.0,1399792
2019,ROOT->advmod,ROOT,advmod,2101,0.008549408336995622,8.832518465891175,912,237871.0,245748
2020,ROOT->advmod,ROOT,advmod,30685,0.008594775855192102,8.991814913665683,14066,3412548.0,3570192
2021,ROOT->advmod,ROOT,advmod,28063,0.008311399527373005,8.723116959333359,12748,3217084.0,3376447
2022,ROOT->advmod,ROOT,advmod,24462,0.008395966147047134,8.773002592594054,10523,2788327.0,2913542
2023,ROOT->advmod,ROOT,advmod,25890,0.008453554590730737,8.784442206581307,11046,2947256.0,3062617
2024,ROOT->advmod,ROOT,advmod,30867,0.008560137552344768,8.863549238829393,12862,3482465.0,3605900
2025,ROOT->advmod,ROOT,advmod,33185,0.007951270226500384,8.246693556744134,15004,4024037.0,4173547
2026,ROOT->advmod,ROOT,advmod,10755,0.007683284373678375,7.998863573822334,4849,1344566.0,1399792
2019,ROOT->agent,ROOT,agent,234,0.0009521949313931344,0.9837264735928297,912,237871.0,245748
2020,ROOT->agent,ROOT,agent,3104,0.0008694210283368513,0.9095842754446237,14066,3412548.0,3570192
2021,ROOT->agent,ROOT,agent,2942,0.0008713301289787756,0.9144927518212145,12748,3217084.0,3376447
2022,ROOT->agent,ROOT,agent,2501,0.0008584053361853029,0.8969536212933419,10523,2788327.0,2913542
2023,ROOT->agent,ROOT,agent,2477,0.0008087854276261119,0.8404427711742719,11046,2947256.0,3062617
2024,ROOT->agent,ROOT,agent,2763,0.0007662442108766189,0.7934035230791983,12862,3482465.0,3605900
2025,ROOT->agent,ROOT,agent,3022,0.000724084334020918,0.7509871305855289,15004,4024037.0,4173547
2026,ROOT->agent,ROOT,agent,1105,0.0007894029970166996,0.821826522461523,4849,1344566.0,1399792
2019,ROOT->amod,ROOT,amod,226,0.0009196412585249931,0.9500947992819637,912,237871.0,245748
2020,ROOT->amod,ROOT,amod,3122,0.0008744627739908666,0.9148589265264547,14066,3412548.0,3570192
2021,ROOT->amod,ROOT,amod,3190,0.0009447801194569321,0.99158119589044,12748,3217084.0,3376447
2022,ROOT->amod,ROOT,amod,2657,0.0009119484119329668,0.9529011482512632,10523,2788327.0,2913542
2023,ROOT->amod,ROOT,amod,2691,0.0008786603091408427,0.9130526835809308,11046,2947256.0,3062617
2024,ROOT->amod,ROOT,amod,3668,0.0010172217754236114,1.0532769173559533,12862,3482465.0,3605900
2025,ROOT->amod,ROOT,amod,4502,0.0010786987663011821,1.1187769893765889,15004,4024037.0,4173547
2026,ROOT->amod,ROOT,amod,1626,0.0011616011521711797,1.20931214979406,4849,1344566.0,1399792
2019,ROOT->appos,ROOT,appos,166,0.000675488712013933,0.6978572419504689,912,237871.0,245748
2020,ROOT->appos,ROOT,appos,2480,0.0006946405123309894,0.726729704607818,14066,3412548.0,3570192
2021,ROOT->appos,ROOT,appos,2454,0.0007267995025540161,0.7628025876849968,12748,3217084.0,3376447
2022,ROOT->appos,ROOT,appos,2283,0.0007835823200763881,0.81877053874958,10523,2788327.0,2913542
2023,ROOT->appos,ROOT,appos,2391,0.0007807048677650519,0.811263086749166,11046,2947256.0,3062617
2024,ROOT->appos,ROOT,appos,2931,0.0008128345212013644,0.8416452139504633,12862,3482465.0,3605900
2025,ROOT->appos,ROOT,appos,3570,0.0008553875157030699,0.8871687810027591,15004,4024037.0,4173547
2026,ROOT->appos,ROOT,appos,1290,0.0009215654897299027,0.9594173882129996,4849,1344566.0,1399792
2019,ROOT->attr,ROOT,attr,1147,0.004667382847469766,4.821941304320409,912,237871.0,245748
2020,ROOT->attr,ROOT,attr,16018,0.004486593438112012,4.693853390487108,14066,3412548.0,3570192
2021,ROOT->attr,ROOT,attr,14402,0.004265430495429071,4.4767248850201,12748,3217084.0,3376447
2022,ROOT->attr,ROOT,attr,12991,0.0044588339553711595,4.659066171220233,10523,2788327.0,2913542
2023,ROOT->attr,ROOT,attr,13645,0.0044553399919088806,4.629730162564772,11046,2947256.0,3062617
2024,ROOT->attr,ROOT,attr,15035,0.004169555450788984,4.317344180056368,12862,3482465.0,3605900
2025,ROOT->attr,ROOT,attr,15991,0.003831513099049801,3.9738700215728633,15004,4024037.0,4173547
2026,ROOT->attr,ROOT,attr,4856,0.0034690868357584556,3.6115742923738963,4849,1344566.0,1399792
2019,ROOT->aux,ROOT,aux,1333,0.005424255741654052,5.603877732048043,912,237871.0,245748
2020,ROOT->aux,ROOT,aux,22121,0.006196025311803959,6.482253143399008,14066,3412548.0,3570192
2021,ROOT->aux,ROOT,aux,18641,0.0055208922278359475,5.794377765703351,12748,3217084.0,3376447
2022,ROOT->aux,ROOT,aux,15944,0.005472376921286873,5.71812416549422,10523,2788327.0,2913542
2023,ROOT->aux,ROOT,aux,16114,0.005261513274431638,5.4674585444901975,11046,2947256.0,3062617
2024,ROOT->aux,ROOT,aux,18078,0.005013450178873513,5.191150521254341,12862,3482465.0,3605900
2025,ROOT->aux,ROOT,aux,18920,0.0045333142288801346,4.701746032653278,15004,4024037.0,4173547
2026,ROOT->aux,ROOT,aux,5451,0.003894149987998217,4.054096266007024,4849,1344566.0,1399792
2019,ROOT->auxpass,ROOT,auxpass,2768,0.011263570812376906,11.636559311559626,912,237871.0,245748
2020,ROOT->auxpass,ROOT,auxpass,37526,0.010510919300698673,10.996475360932653,14066,3412548.0,3570192
2021,ROOT->auxpass,ROOT,auxpass,34467,0.01020806782988153,10.713739523120939,12748,3217084.0,3376447
2022,ROOT->auxpass,ROOT,auxpass,31136,0.010686648759482444,11.166552560011793,10523,2788327.0,2913542
2023,ROOT->auxpass,ROOT,auxpass,33452,0.010922684749676502,11.350218644053994,11046,2947256.0,3062617
2024,ROOT->auxpass,ROOT,auxpass,37958,0.01052663690063507,10.89975060768737,12862,3482465.0,3605900
2025,ROOT->auxpass,ROOT,auxpass,43241,0.0103607315312371,10.74567654323258,15004,4024037.0,4173547
2026,ROOT->auxpass,ROOT,auxpass,14494,0.010354395510190085,10.779686530821097,4849,1344566.0,1399792
2020,ROOT->case,ROOT,case,1,2.800969807786248e-07,0.0002930361712128298,14066,3412548.0,3570192
2023,ROOT->case,ROOT,case,1,3.2651813791930233e-07,0.0003392986561058829,11046,2947256.0,3062617
2024,ROOT->case,ROOT,case,2,5.546465514850662e-07,0.0005743058437055362,12862,3482465.0,3605900
2019,ROOT->cc,ROOT,cc,1590,0.006470042482543093,6.684295269284613,912,237871.0,245748
2020,ROOT->cc,ROOT,cc,22815,0.006390412616464325,6.685620246220713,14066,3412548.0,3570192
2021,ROOT->cc,ROOT,cc,21520,0.00637356368987874,6.68928756600698,12748,3217084.0,3376447
2022,ROOT->cc,ROOT,cc,19228,0.006599527310744105,6.895891335557128,10523,2788327.0,2913542
2023,ROOT->cc,ROOT,cc,19800,0.006465059130802186,6.718113390896481,11046,2947256.0,3062617
2024,ROOT->cc,ROOT,cc,23147,0.006419201863612413,6.646728682126023,12862,3482465.0,3605900
2025,ROOT->cc,ROOT,cc,28315,0.006784397060821407,7.036466115992472,15004,4024037.0,4173547
2026,ROOT->cc,ROOT,cc,10049,0.007178923725810692,7.47378708073832,4849,1344566.0,1399792
2019,ROOT->ccomp,ROOT,ccomp,1179,0.0047975975389423315,4.956468001563873,912,237871.0,245748
2020,ROOT->ccomp,ROOT,ccomp,19221,0.005383744067545947,5.632448246881802,14066,3412548.0,3570192
2021,ROOT->ccomp,ROOT,ccomp,16909,0.005007926971754628,5.256002019219889,12748,3217084.0,3376447
2022,ROOT->ccomp,ROOT,ccomp,14211,0.004877568265705454,5.096604523070645,10523,2788327.0,2913542
2023,ROOT->ccomp,ROOT,ccomp,14107,0.004606191371627598,4.78648614168569,11046,2947256.0,3062617
2024,ROOT->ccomp,ROOT,ccomp,15581,0.004320973959344407,4.47412967538798,12862,3482465.0,3605900
2025,ROOT->ccomp,ROOT,ccomp,17759,0.004255133583017036,4.413229798831373,15004,4024037.0,4173547
2026,ROOT->ccomp,ROOT,ccomp,6284,0.004489238401133883,4.673627029093403,4849,1344566.0,1399792
2019,ROOT->compound,ROOT,compound,238,0.0009684717678272051,1.0005423107482627,912,237871.0,245748
2020,ROOT->compound,ROOT,compound,3343,0.0009363642067429427,0.9796199203644901,14066,3412548.0,3570192
2021,ROOT->compound,ROOT,compound,3264,0.0009666966488738013,1.014583392911096,12748,3217084.0,3376447
2022,ROOT->compound,ROOT,compound,2851,0.0009785340317730103,1.022476918955345,10523,2788327.0,2913542
2023,ROOT->compound,ROOT,compound,2741,0.0008949862160368078,0.930017616386225,11046,2947256.0,3062617
2024,ROOT->compound,ROOT,compound,3400,0.0009428991375246124,0.9763199342994116,12862,3482465.0,3605900
2025,ROOT->compound,ROOT,compound,4334,0.0010384452361504495,1.0770278702705764,15004,4024037.0,4173547
2026,ROOT->compound,ROOT,compound,1489,0.001063729468378159,1.1074205356970204,4849,1344566.0,1399792
2019,ROOT->conj,ROOT,conj,2142,0.008716245910444845,9.004880796734364,912,237871.0,245748
2020,ROOT->conj,ROOT,conj,30533,0.00855220111411375,8.947273415641332,14066,3412548.0,3570192
2021,ROOT->conj,ROOT,conj,28687,0.008496209180834173,8.917081431507539,12748,3217084.0,3376447
2022,ROOT->conj,ROOT,conj,25347,0.008699720134461766,9.09039721668226,10523,2788327.0,2913542
2023,ROOT->conj,ROOT,conj,26499,0.008652404136723593,8.99107508814979,11046,2947256.0,3062617
2024,ROOT->conj,ROOT,conj,30780,0.008536010427355169,8.838566934628203,12862,3482465.0,3605900
2025,ROOT->conj,ROOT,conj,37453,0.008973901575805902,9.307319987365922,15004,4024037.0,4173547
2026,ROOT->conj,ROOT,conj,13285,0.00949069576051299,9.880511629774961,4849,1344566.0,1399792
2019,ROOT->csubj,ROOT,csubj,187,0.000760942103292804,0.7861403870164921,912,237871.0,245748
2020,ROOT->csubj,ROOT,csubj,2592,0.0007260113741781954,0.7595497557836549,14066,3412548.0,3570192
2021,ROOT->csubj,ROOT,csubj,2489,0.0007371654286295624,0.7736820051947664,12748,3217084.0,3376447
2022,ROOT->csubj,ROOT,csubj,2213,0.0007595565809588467,0.7936658792171793,10523,2788327.0,2913542
2023,ROOT->csubj,ROOT,csubj,2589,0.0008453554590730738,0.8784442206581308,11046,2947256.0,3062617
2024,ROOT->csubj,ROOT,csubj,3265,0.0009054604952993705,0.9375542898492878,12862,3482465.0,3605900
2025,ROOT->csubj,ROOT,csubj,4059,0.0009725540409632383,1.0086885384006161,15004,4024037.0,4173547
2026,ROOT->csubj,ROOT,csubj,1391,0.0009937190668327866,1.0345345635692111,4849,1344566.0,1399792
2019,ROOT->csubjpass,ROOT,csubjpass,27,0.00010986864592997705,0.11350690079917267,912,237871.0,245748
2020,ROOT->csubjpass,ROOT,csubjpass,346,9.691355534940418e-05,0.10139051523963913,14066,3412548.0,3570192
2021,ROOT->csubjpass,ROOT,csubjpass,330,9.773587442657918e-05,0.10257736509211447,12748,3217084.0,3376447
2022,ROOT->csubjpass,ROOT,csubjpass,330,0.0001132641986969812,0.11835053779560288,10523,2788327.0,2913542
2023,ROOT->csubjpass,ROOT,csubjpass,330,0.00010775098551336978,0.11196855651494136,11046,2947256.0,3062617
2024,ROOT->csubjpass,ROOT,csubjpass,354,9.81724396128567e-05,0.1016521343358799,12862,3482465.0,3605900
2025,ROOT->csubjpass,ROOT,csubjpass,396,9.488332106958421e-05,0.09840863789274303,15004,4024037.0,4173547
2026,ROOT->csubjpass,ROOT,csubjpass,142,0.00010144364305553968,0.10561028614437669,4849,1344566.0,1399792
2019,ROOT->dative,ROOT,dative,7,2.848446375962368e-05,0.029427715022007726,912,237871.0,245748
2020,ROOT->dative,ROOT,dative,175,4.901697163625934e-05,0.05128132996224522,14066,3412548.0,3570192
2021,ROOT->dative,ROOT,dative,143,4.235221225151765e-05,0.04445019153991628,12748,3217084.0,3376447
2022,ROOT->dative,ROOT,dative,124,4.2559880722502025e-05,0.04447111117168108,10523,2788327.0,2913542
2023,ROOT->dative,ROOT,dative,133,4.342691234326721e-05,0.04512672126208242,11046,2947256.0,3062617
2024,ROOT->dative,ROOT,dative,164,4.5481017221775425e-05,0.04709307918385396,12862,3482465.0,3605900
2025,ROOT->dative,ROOT,dative,182,4.360799099662709e-05,0.045228212364846546,15004,4024037.0,4173547
2026,ROOT->dative,ROOT,dative,47,3.357641706767863e-05,0.03495551724496975,4849,1344566.0,1399792
2019,ROOT->dep,ROOT,dep,352,0.0014323616061982193,1.4797936696781027,912,237871.0,245748
2020,ROOT->dep,ROOT,dep,4996,0.0013993645159700095,1.464008711379298,14066,3412548.0,3570192
2021,ROOT->dep,ROOT,dep,4736,0.0014026578826796335,1.4721406093219822,12748,3217084.0,3376447
2022,ROOT->dep,ROOT,dep,4312,0.0014799855296405544,1.5464470271958777,10523,2788327.0,2913542
2023,ROOT->dep,ROOT,dep,4782,0.0015614097355301038,1.622526173498332,11046,2947256.0,3062617
2024,ROOT->dep,ROOT,dep,5384,0.0014931085165977981,1.5460313312553033,12862,3482465.0,3605900
2025,ROOT->dep,ROOT,dep,6641,0.001591212462684618,1.6503327379942083,15004,4024037.0,4173547
2026,ROOT->dep,ROOT,dep,2423,0.0017309714586167088,1.802068474139611,4849,1344566.0,1399792
2019,ROOT->det,ROOT,det,75,0.00030519068313882513,0.31529694666436847,912,237871.0,245748
2020,ROOT->det,ROOT,det,1054,0.00029522221774067053,0.30886012445832267,14066,3412548.0,3570192
2021,ROOT->det,ROOT,det,1014,0.00030031568687439785,0.31519226728304267,12748,3217084.0,3376447
2022,ROOT->det,ROOT,det,942,0.00032331780355320086,0.3378369897074482,10523,2788327.0,2913542
2023,ROOT->det,ROOT,det,1124,0.00036700638702129583,0.38137168946301236,11046,2947256.0,3062617
2024,ROOT->det,ROOT,det,1576,0.00043706148257023213,0.45255300483996247,12862,3482465.0,3605900
2025,ROOT->det,ROOT,det,1770,0.0004240996926595052,0.4398567905811999,15004,4024037.0,4173547
2026,ROOT->det,ROOT,det,499,0.0003564815343993965,0.37112347032425336,4849,1344566.0,1399792
2019,ROOT->dobj,ROOT,dobj,3916,0.01593502286895519,16.462704575168893,912,237871.0,245748
2020,ROOT->dobj,ROOT,dobj,55976,0.0156787085960643,16.40299271980936,14066,3412548.0,3570192
2021,ROOT->dobj,ROOT,dobj,53763,0.015922950959988413,16.71171781650712,12748,3217084.0,3376447
2022,ROOT->dobj,ROOT,dobj,46204,0.015858360716955514,16.570509843357684,10523,2788327.0,2913542
2023,ROOT->dobj,ROOT,dobj,51132,0.016695525428089768,17.349018884006004,11046,2947256.0,3062617
2024,ROOT->dobj,ROOT,dobj,65177,0.018075099143071077,18.715765987597866,12862,3482465.0,3605900
2025,ROOT->dobj,ROOT,dobj,81144,0.019442455062803895,20.16482452820389,15004,4024037.0,4173547
2026,ROOT->dobj,ROOT,dobj,27283,0.01949075291186119,20.29130589350021,4849,1344566.0,1399792
2019,ROOT->expl,ROOT,expl,181,0.000736526848641698,0.7609166312833427,912,237871.0,245748
2020,ROOT->expl,ROOT,expl,2663,0.0007458982598134779,0.7803553239397658,14066,3412548.0,3570192
2021,ROOT->expl,ROOT,expl,2312,0.0006847434596189427,0.7186632366453596,12748,3217084.0,3376447
2022,ROOT->expl,ROOT,expl,2211,0.000758870131269774,0.7929486032305393,10523,2788327.0,2913542
2023,ROOT->expl,ROOT,expl,2206,0.000720299012249981,0.7484928353695777,11046,2947256.0,3062617
2024,ROOT->expl,ROOT,expl,2380,0.0006600293962672287,0.6834239540095881,12862,3482465.0,3605900
2025,ROOT->expl,ROOT,expl,1875,0.00044925814900371314,0.4659499900224575,15004,4024037.0,4173547
2026,ROOT->expl,ROOT,expl,426,0.00030433092916661903,0.31683085843313014,4849,1344566.0,1399792
2019,ROOT->intj,ROOT,intj,14,5.696892751924736e-05,0.05885543004401545,912,237871.0,245748
2020,ROOT->intj,ROOT,intj,253,7.086453613699207e-05,0.07413815131684595,14066,3412548.0,3570192
2021,ROOT->intj,ROOT,intj,278,8.233506997148186e-05,0.08641365907759946,12748,3217084.0,3376447
2022,ROOT->intj,ROOT,intj,235,8.065783846603206e-05,0.08427992843020206,10523,2788327.0,2913542
2023,ROOT->intj,ROOT,intj,289,9.436374185867837e-05,0.09805731161460016,11046,2947256.0,3062617
2024,ROOT->intj,ROOT,intj,302,8.375162927424498e-05,0.08672018239953595,12862,3482465.0,3605900
2025,ROOT->intj,ROOT,intj,392,9.392490368504297e-05,0.0974146112473618,15004,4024037.0,4173547
2026,ROOT->intj,ROOT,intj,131,9.358533267799787e-05,0.09742920764023484,4849,1344566.0,1399792
2019,ROOT->mark,ROOT,mark,37,0.00015056073701515374,0.1555464936877551,912,237871.0,245748
2020,ROOT->mark,ROOT,mark,532,0.00014901159377422838,0.15589524308522548,14066,3412548.0,3570192
2021,ROOT->mark,ROOT,mark,543,0.0001608199388291894,0.16878639165157017,12748,3217084.0,3376447
2022,ROOT->mark,ROOT,mark,444,0.00015239183097412017,0.1592352690340839,10523,2788327.0,2913542
2023,ROOT->mark,ROOT,mark,402,0.00013126029144355954,0.13639805975456493,11046,2947256.0,3062617
2024,ROOT->mark,ROOT,mark,462,0.0001281233533930503,0.13266464989597887,12862,3482465.0,3605900
2025,ROOT->mark,ROOT,mark,500,0.00011980217306765683,0.12425333067265536,15004,4024037.0,4173547
2026,ROOT->mark,ROOT,mark,162,0.0001157314801056157,0.12048497433372553,4849,1344566.0,1399792
2019,ROOT->meta,ROOT,meta,13,5.289971841072969e-05,0.05465147075515721,912,237871.0,245748
2020,ROOT->meta,ROOT,meta,336,9.411258554161793e-05,0.09846015352751082,14066,3412548.0,3570192
2021,ROOT->meta,ROOT,meta,294,8.707377903458872e-05,0.09138710708206563,12748,3217084.0,3376447
2022,ROOT->meta,ROOT,meta,226,7.75688148652053e-05,0.08105218649032198,10523,2788327.0,2913542
2023,ROOT->meta,ROOT,meta,242,7.901738937647116e-05,0.08211027477762367,11046,2947256.0,3062617
2024,ROOT->meta,ROOT,meta,334,9.262597409800605e-05,0.09590907589882454,12862,3482465.0,3605900
2025,ROOT->meta,ROOT,meta,382,9.152886022368983e-05,0.0949295446339087,15004,4024037.0,4173547
2026,ROOT->meta,ROOT,meta,117,8.358384674294467e-05,0.08701692590769065,4849,1344566.0,1399792
2019,ROOT->neg,ROOT,neg,242,0.0009847486042612757,1.0173581479036957,912,237871.0,245748
2020,ROOT->neg,ROOT,neg,2925,0.0008192836687774775,0.8571308007975272,14066,3412548.0,3570192
2021,ROOT->neg,ROOT,neg,2900,0.00085889101768812,0.9014374508094908,12748,3217084.0,3376447
2022,ROOT->neg,ROOT,neg,2406,0.0008257989759543539,0.862883011927941,10523,2788327.0,2913542
2023,ROOT->neg,ROOT,neg,2601,0.0008492736767281054,0.8825158045314014,11046,2947256.0,3062617
2024,ROOT->neg,ROOT,neg,2635,0.0007307468315815747,0.7566479490820439,12862,3482465.0,3605900
2025,ROOT->neg,ROOT,neg,2547,0.0006102722696066439,0.6329464664465063,15004,4024037.0,4173547
2026,ROOT->neg,ROOT,neg,882,0.0006300936139083521,0.6559737491502835,4849,1344566.0,1399792
2019,ROOT->nmod,ROOT,nmod,67,0.00027263701027068377,0.2816652723535025,912,237871.0,245748
2020,ROOT->nmod,ROOT,nmod,1321,0.00037000811160856333,0.3871007821721482,14066,3412548.0,3570192
2021,ROOT->nmod,ROOT,nmod,1399,0.00041434087370540687,0.4348658598905095,12748,3217084.0,3376447
2022,ROOT->nmod,ROOT,nmod,1209,0.0004149588370443948,0.43359333392389054,10523,2788327.0,2913542
2023,ROOT->nmod,ROOT,nmod,1307,0.00042675920626052816,0.4434633435303889,11046,2947256.0,3062617
2024,ROOT->nmod,ROOT,nmod,1653,0.00045841537480240715,0.47466377982262564,12862,3482465.0,3605900
2025,ROOT->nmod,ROOT,nmod,2047,0.0004904700965389871,0.508693135773851,15004,4024037.0,4173547
2026,ROOT->nmod,ROOT,nmod,686,0.0004900728108176072,0.5102018048946648,4849,1344566.0,1399792
2019,ROOT->npadvmod,ROOT,npadvmod,397,0.0016154760160815144,1.668971837676724,912,237871.0,245748
2020,ROOT->npadvmod,ROOT,npadvmod,6381,0.0017872988343484047,1.869863808509067,14066,3412548.0,3570192
2021,ROOT->npadvmod,ROOT,npadvmod,6422,0.0019019993502045198,1.9962176927926034,12748,3217084.0,3376447
2022,ROOT->npadvmod,ROOT,npadvmod,5462,0.001874694100857307,1.9588807195138878,10523,2788327.0,2913542
2023,ROOT->npadvmod,ROOT,npadvmod,5774,0.0018853157283460517,1.9591104403553676,11046,2947256.0,3062617
2024,ROOT->npadvmod,ROOT,npadvmod,6932,0.0019224049474472393,1.9905440542833885,12862,3482465.0,3605900
2025,ROOT->npadvmod,ROOT,npadvmod,9172,0.002197651062753097,2.2793030978591897,15004,4024037.0,4173547
2026,ROOT->npadvmod,ROOT,npadvmod,3395,0.002425360339250403,2.524978320141964,4849,1344566.0,1399792
2019,ROOT->nsubj,ROOT,nsubj,7126,0.028997184107296906,29.957413892403864,912,237871.0,245748
2020,ROOT->nsubj,ROOT,nsubj,106626,0.029865620672501647,31.24527479173919,14066,3412548.0,3570192
2021,ROOT->nsubj,ROOT,nsubj,99118,0.029355710307314167,30.80988870666728,12748,3217084.0,3376447
2022,ROOT->nsubj,ROOT,nsubj,84427,0.028977443949666764,30.278729862028378,10523,2788327.0,2913542
2023,ROOT->nsubj,ROOT,nsubj,90704,0.0296165011818324,30.775745303428003,11046,2947256.0,3062617
2024,ROOT->nsubj,ROOT,nsubj,109324,0.030318089797276685,31.39270602863202,12862,3482465.0,3605900
2025,ROOT->nsubj,ROOT,nsubj,130242,0.031206549249355526,32.36600458693596,15004,4024037.0,4173547
2026,ROOT->nsubj,ROOT,nsubj,42964,0.030693131550973286,31.95380516835916,4849,1344566.0,1399792
2019,ROOT->nsubjpass,ROOT,nsubjpass,2813,0.011446685222260201,11.825737479558248,912,237871.0,245748
2020,ROOT->nsubjpass,ROOT,nsubjpass,38167,0.010690461465377773,11.184311546680076,14066,3412548.0,3570192
2021,ROOT->nsubjpass,ROOT,nsubjpass,34819,0.01031231942926988,10.823155379219193,12748,3217084.0,3376447
2022,ROOT->nsubjpass,ROOT,nsubjpass,31525,0.010820163224007067,11.306062739413276,10523,2788327.0,2913542
2023,ROOT->nsubjpass,ROOT,nsubjpass,33947,0.011084311227946557,11.518171478826407,11046,2947256.0,3062617
2024,ROOT->nsubjpass,ROOT,nsubjpass,38480,0.010671399650572672,11.049644432894516,12862,3482465.0,3605900
2025,ROOT->nsubjpass,ROOT,nsubjpass,43766,0.010486523812958138,10.876142540438867,15004,4024037.0,4173547
2026,ROOT->nsubjpass,ROOT,nsubjpass,14620,0.010444408883605564,10.873397066413995,4849,1344566.0,1399792
2019,ROOT->nummod,ROOT,nummod,39,0.00015869915523218907,0.1639544122654716,912,237871.0,245748
2020,ROOT->nummod,ROOT,nummod,573,0.000160495569986152,0.1679097261049515,14066,3412548.0,3570192
2021,ROOT->nummod,ROOT,nummod,567,0.0001679280024238497,0.1762465636582694,12748,3217084.0,3376447
2022,ROOT->nummod,ROOT,nummod,522,0.00017916336884795208,0.18720903251304455,10523,2788327.0,2913542
2023,ROOT->nummod,ROOT,nummod,470,0.00015346352482207212,0.15947036836976497,11046,2947256.0,3062617
2024,ROOT->nummod,ROOT,nummod,577,0.0001600155301034416,0.1656872359090472,12862,3482465.0,3605900
2025,ROOT->nummod,ROOT,nummod,663,0.00015885768148771298,0.164759916471941,15004,4024037.0,4173547
2026,ROOT->nummod,ROOT,nummod,271,0.00019360019202852995,0.20155202496567665,4849,1344566.0,1399792
2019,ROOT->oprd,ROOT,oprd,55,0.00022380650096847176,0.23121776088720356,912,237871.0,245748
2020,ROOT->oprd,ROOT,oprd,874,0.0002448047612005181,0.2561136136400133,14066,3412548.0,3570192
2021,ROOT->oprd,ROOT,oprd,802,0.00023752779178823184,0.24929408122386607,12748,3217084.0,3376447
2022,ROOT->oprd,ROOT,oprd,680,0.00023339289428468853,0.24387383545760594,10523,2788327.0,2913542
2023,ROOT->oprd,ROOT,oprd,670,0.00021876715240593257,0.22733009959094153,11046,2947256.0,3062617
2024,ROOT->oprd,ROOT,oprd,781,0.00021658947835491833,0.22426643196701188,12862,3482465.0,3605900
2025,ROOT->oprd,ROOT,oprd,950,0.00022762412882854798,0.23608132827804515,15004,4024037.0,4173547
2026,ROOT->oprd,ROOT,oprd,283,0.00020217289425857556,0.21047683787928598,4849,1344566.0,1399792
2019,ROOT->parataxis,ROOT,parataxis,35,0.0001424223187981184,0.14713857511003864,912,237871.0,245748
2020,ROOT->parataxis,ROOT,parataxis,342,9.579316742628968e-05,0.1002183705547878,14066,3412548.0,3570192
2021,ROOT->parataxis,ROOT,parataxis,350,0.00010365926075546277,0.10879417509769716,12748,3217084.0,3376447
2022,ROOT->parataxis,ROOT,parataxis,324,0.00011120484962976336,0.11619870983568283,10523,2788327.0,2913542
2023,ROOT->parataxis,ROOT,parataxis,351,0.00011460786640967512,0.1190938282931649,11046,2947256.0,3062617
2024,ROOT->parataxis,ROOT,parataxis,393,0.0001089880473668155,0.11285109828813786,12862,3482465.0,3605900
2025,ROOT->parataxis,ROOT,parataxis,454,0.00010878037314543241,0.11282202425077105,15004,4024037.0,4173547
2026,ROOT->parataxis,ROOT,parataxis,174,0.0001243041823356613,0.12940978724733482,4849,1344566.0,1399792
2019,ROOT->pcomp,ROOT,pcomp,1,4.069209108517669e-06,0.0042039592888582465,912,237871.0,245748
2020,ROOT->pcomp,ROOT,pcomp,46,1.2884461115816741e-05,0.013479663875790172,14066,3412548.0,3570192
2021,ROOT->pcomp,ROOT,pcomp,33,9.773587442657917e-06,0.010257736509211447,12748,3217084.0,3376447
2022,ROOT->pcomp,ROOT,pcomp,33,1.132641986969812e-05,0.01183505377956029,10523,2788327.0,2913542
2023,ROOT->pcomp,ROOT,pcomp,35,1.1428134827175582e-05,0.011875452963705901,11046,2947256.0,3062617
2024,ROOT->pcomp,ROOT,pcomp,34,9.428991375246124e-06,0.009763199342994116,12862,3482465.0,3605900
2025,ROOT->pcomp,ROOT,pcomp,35,8.38615211473598e-06,0.008697733147085874,15004,4024037.0,4173547
2026,ROOT->pcomp,ROOT,pcomp,14,1.0001485935053207e-05,0.01041228173254418,4849,1344566.0,1399792
2019,ROOT->pobj,ROOT,pobj,21,8.545339127887104e-05,0.08828314506602318,912,237871.0,245748
2020,ROOT->pobj,ROOT,pobj,370,0.00010363588288809117,0.10842338334874703,14066,3412548.0,3570192
2021,ROOT->pobj,ROOT,pobj,373,0.0001104711550336789,0.11594350660411727,12748,3217084.0,3376447
2022,ROOT->pobj,ROOT,pobj,341,0.00011703967198688057,0.12229555572212299,10523,2788327.0,2913542
2023,ROOT->pobj,ROOT,pobj,340,0.0001110161668925628,0.11536154307600018,11046,2947256.0,3062617
2024,ROOT->pobj,ROOT,pobj,444,0.00012313153442968468,0.12749589730262903,12862,3482465.0,3605900
2025,ROOT->pobj,ROOT,pobj,404,9.680015583866673e-05,0.10039669118350553,15004,4024037.0,4173547
2026,ROOT->pobj,ROOT,pobj,168,0.00012001783122063849,0.12494738079053017,4849,1344566.0,1399792
2019,ROOT->poss,ROOT,poss,3,1.2207627325553006e-05,0.01261187786657474,912,237871.0,245748
2020,ROOT->poss,ROOT,poss,54,1.512523696204574e-05,0.01582395324549281,14066,3412548.0,3570192
2021,ROOT->poss,ROOT,poss,52,1.5400804455097326e-05,0.01616370601451501,12748,3217084.0,3376447
2022,ROOT->poss,ROOT,poss,42,1.441544347052488e-05,0.015062795719440367,10523,2788327.0,2913542
2023,ROOT->poss,ROOT,poss,58,1.8938051999319537e-05,0.019679322054141208,11046,2947256.0,3062617
2024,ROOT->poss,ROOT,poss,65,1.8026012923264648e-05,0.018664939920429925,12862,3482465.0,3605900
2025,ROOT->poss,ROOT,poss,92,2.2043599844448857e-05,0.022862612843768584,15004,4024037.0,4173547
2026,ROOT->poss,ROOT,poss,11,7.858310377541807e-06,0.008181078504141856,4849,1344566.0,1399792
2019,ROOT->preconj,ROOT,preconj,7,2.848446375962368e-05,0.029427715022007726,912,237871.0,245748
2020,ROOT->preconj,ROOT,preconj,108,3.025047392409148e-05,0.03164790649098562,14066,3412548.0,3570192
2021,ROOT->preconj,ROOT,preconj,79,2.3397375999090166e-05,0.024556399522051645,12748,3217084.0,3376447
2022,ROOT->preconj,ROOT,preconj,85,2.9174111785586066e-05,0.030484229432200742,10523,2788327.0,2913542
2023,ROOT->preconj,ROOT,preconj,98,3.199877751609163e-05,0.03325126829837652,11046,2947256.0,3062617
2024,ROOT->preconj,ROOT,preconj,136,3.7715965500984495e-05,0.039052797371976464,12862,3482465.0,3605900
2025,ROOT->preconj,ROOT,preconj,116,2.7794104151696387e-05,0.028826772716056038,15004,4024037.0,4173547
2026,ROOT->preconj,ROOT,preconj,24,1.7145404460091215e-05,0.017849625827218597,4849,1344566.0,1399792
2020,ROOT->predet,ROOT,predet,4,1.1203879231144992e-06,0.0011721446848513193,14066,3412548.0,3570192
2021,ROOT->predet,ROOT,predet,2,5.923386328883587e-07,0.0006216810005582696,12748,3217084.0,3376447
2022,ROOT->predet,ROOT,predet,2,6.864496890726133e-07,0.0007172759866400175,10523,2788327.0,2913542
2023,ROOT->predet,ROOT,predet,3,9.795544137579071e-07,0.0010178959683176485,11046,2947256.0,3062617
2024,ROOT->predet,ROOT,predet,1,2.773232757425331e-07,0.0002871529218527681,12862,3482465.0,3605900
2025,ROOT->predet,ROOT,predet,1,2.3960434613531366e-07,0.00024850666134531066,15004,4024037.0,4173547
2019,ROOT->prep,ROOT,prep,5248,0.021355209401500725,22.062378347928078,912,237871.0,245748
2020,ROOT->prep,ROOT,prep,79353,0.022226535715726213,23.253299294251683,14066,3412548.0,3570192
2021,ROOT->prep,ROOT,prep,75850,0.022464442652291004,23.577251946172375,12748,3217084.0,3376447
2022,ROOT->prep,ROOT,prep,64556,0.022157223063885814,23.152234296766483,10523,2788327.0,2913542
2023,ROOT->prep,ROOT,prep,66863,0.021831982255698313,22.686526043207646,11046,2947256.0,3062617
2024,ROOT->prep,ROOT,prep,78927,0.021888294184530907,22.664118663073427,12862,3482465.0,3605900
2025,ROOT->prep,ROOT,prep,91925,0.022025629518488708,22.843974844167686,15004,4024037.0,4173547
2026,ROOT->prep,ROOT,prep,30924,0.022091853646827527,22.999242878371163,4849,1344566.0,1399792
2019,ROOT->prt,ROOT,prt,28,0.00011393785503849472,0.1177108600880309,912,237871.0,245748
2020,ROOT->prt,ROOT,prt,694,0.00019438730466036561,0.2033671028217039,14066,3412548.0,3570192
2021,ROOT->prt,ROOT,prt,609,0.00018036711371450522,0.18930186466999308,12748,3217084.0,3376447
2022,ROOT->prt,ROOT,prt,491,0.00016852339866732657,0.1760912547201243,10523,2788327.0,2913542
2023,ROOT->prt,ROOT,prt,466,0.0001521574522703949,0.15811317374534142,11046,2947256.0,3062617
2024,ROOT->prt,ROOT,prt,474,0.00013145123270196069,0.13611048495821207,12862,3482465.0,3605900
2025,ROOT->prt,ROOT,prt,418,0.00010015461668456111,0.10387578444233987,15004,4024037.0,4173547
2026,ROOT->prt,ROOT,prt,113,8.072627933292947e-05,0.0840419882698209,4849,1344566.0,1399792
2020,ROOT->quantmod,ROOT,quantmod,36,1.0083491308030492e-05,0.010549302163661874,14066,3412548.0,3570192
2021,ROOT->quantmod,ROOT,quantmod,67,1.9843344201760016e-05,0.020826313518702032,12748,3217084.0,3376447
2022,ROOT->quantmod,ROOT,quantmod,16,5.4915975125809066e-06,0.00573820789312014,10523,2788327.0,2913542
2023,ROOT->quantmod,ROOT,quantmod,20,6.530362758386047e-06,0.006785973122117658,11046,2947256.0,3062617
2024,ROOT->quantmod,ROOT,quantmod,55,1.525278016583932e-05,0.015793410701902245,12862,3482465.0,3605900
2025,ROOT->quantmod,ROOT,quantmod,26,6.2297129995181555e-06,0.0064611731949780786,15004,4024037.0,4173547
2026,ROOT->quantmod,ROOT,quantmod,41,2.929006595265582e-05,0.030493110788165103,4849,1344566.0,1399792
2019,ROOT->relcl,ROOT,relcl,30,0.00012207627325553006,0.1261187786657474,912,237871.0,245748
2020,ROOT->relcl,ROOT,relcl,424,0.0001187611198501369,0.12424733659423985,14066,3412548.0,3570192
2021,ROOT->relcl,ROOT,relcl,411,0.00012172558905855771,0.12775544561472438,12748,3217084.0,3376447
2022,ROOT->relcl,ROOT,relcl,344,0.00011806934652048949,0.123371469702083,10523,2788327.0,2913542
2023,ROOT->relcl,ROOT,relcl,311,0.00010154714089290303,0.10552188204892958,11046,2947256.0,3062617
2024,ROOT->relcl,ROOT,relcl,377,0.00010455087495493497,0.10825665153849356,12862,3482465.0,3605900
2025,ROOT->relcl,ROOT,relcl,408,9.775857322320798e-05,0.10139071782888676,15004,4024037.0,4173547
2026,ROOT->relcl,ROOT,relcl,130,9.287094082549407e-05,0.0966854732307674,4849,1344566.0,1399792
2019,ROOT->xcomp,ROOT,xcomp,1023,0.004162800918013575,4.300650352501987,912,237871.0,245748
2020,ROOT->xcomp,ROOT,xcomp,13720,0.003842930576282732,4.020456269040025,14066,3412548.0,3570192
2021,ROOT->xcomp,ROOT,xcomp,12140,0.003595495501632337,3.7736036733886964,12748,3217084.0,3376447
2022,ROOT->xcomp,ROOT,xcomp,10800,0.003706828320992112,3.8732903278560946,10523,2788327.0,2913542
2023,ROOT->xcomp,ROOT,xcomp,11811,0.00385650572696488,4.0074564272665825,11046,2947256.0,3062617
2024,ROOT->xcomp,ROOT,xcomp,13604,0.00377270584320142,3.9064283488850573,12862,3482465.0,3605900
2025,ROOT->xcomp,ROOT,xcomp,13591,0.0032564626683250484,3.3774540343441175,15004,4024037.0,4173547
2026,ROOT->xcomp,ROOT,xcomp,4070,0.002907574839690468,3.0269990465324867,4849,1344566.0,1399792
2019,acl->acl,acl,acl,1,4.069209108517669e-06,0.0042039592888582465,912,237871.0,245748
2020,acl->acl,acl,acl,7,1.9606788654503734e-06,0.0020512531984898086,14066,3412548.0,3570192
2021,acl->acl,acl,acl,10,2.9616931644417935e-06,0.0031084050027913477,12748,3217084.0,3376447
2022,acl->acl,acl,acl,5,1.7161242226815333e-06,0.0017931899666000436,10523,2788327.0,2913542
2023,acl->acl,acl,acl,3,9.795544137579071e-07,0.0010178959683176485,11046,2947256.0,3062617
2024,acl->acl,acl,acl,7,1.9412629301977313e-06,0.0020100704529693765,12862,3482465.0,3605900
2025,acl->acl,acl,acl,10,2.396043461353137e-06,0.0024850666134531066,15004,4024037.0,4173547
2026,acl->acl,acl,acl,3,2.143175557511402e-06,0.0022312032284023246,4849,1344566.0,1399792
2019,acl->acomp,acl,acomp,15,6.103813662776503e-05,0.0630593893328737,912,237871.0,245748
2020,acl->acomp,acl,acomp,317,8.879074290682405e-05,0.09289246627446705,14066,3412548.0,3570192
2021,acl->acomp,acl,acomp,244,7.226531321237977e-05,0.07584508206810889,12748,3217084.0,3376447
2022,acl->acomp,acl,acomp,187,6.418304592828935e-05,0.06706530475084163,10523,2788327.0,2913542
2023,acl->acomp,acl,acomp,193,6.301800061842535e-05,0.0654846406284354,11046,2947256.0,3062617
2024,acl->acomp,acl,acomp,178,4.936354308217088e-05,0.05111322008979272,12862,3482465.0,3605900
2025,acl->acomp,acl,acomp,196,4.696245184252148e-05,0.0487073056236809,15004,4024037.0,4173547
2026,acl->acomp,acl,acomp,72,5.143621338027364e-05,0.05354887748165579,4849,1344566.0,1399792
2019,acl->advcl,acl,advcl,76,0.0003092598922473428,0.3195009059532267,912,237871.0,245748
2020,acl->advcl,acl,advcl,1029,0.0002882197932212049,0.30153422017800185,14066,3412548.0,3570192
2021,acl->advcl,acl,advcl,978,0.0002896535914824074,0.3040020092729938,12748,3217084.0,3376447
2022,acl->advcl,acl,advcl,842,0.00028899531909957023,0.3019731903754474,10523,2788327.0,2913542
2023,acl->advcl,acl,advcl,872,0.00028472381626563166,0.2958684281243299,11046,2947256.0,3062617
2024,acl->advcl,acl,advcl,1116,0.00030949277572866693,0.3204626607876892,12862,3482465.0,3605900
2025,acl->advcl,acl,advcl,1293,0.0003098084195529606,0.32131911311948674,15004,4024037.0,4173547
2026,acl->advcl,acl,advcl,423,0.00030218775360910767,0.31459965520472777,4849,1344566.0,1399792
2019,acl->advmod,acl,advmod,164,0.0006673502937968977,0.6894493233727524,912,237871.0,245748
2020,acl->advmod,acl,advmod,2654,0.0007433773869864702,0.7777179983988504,14066,3412548.0,3570192
2021,acl->advmod,acl,advmod,2496,0.0007392386138446716,0.7758578886967205,12748,3217084.0,3376447
2022,acl->advmod,acl,advmod,2000,0.0006864496890726133,0.7172759866400175,10523,2788327.0,2913542
2023,acl->advmod,acl,advmod,2111,0.0006892797891476473,0.7162594630395187,11046,2947256.0,3062617
2024,acl->advmod,acl,advmod,2690,0.0007459996117474139,0.7724413597839461,12862,3482465.0,3605900
2025,acl->advmod,acl,advmod,2919,0.0006994050863689806,0.725390944466962,15004,4024037.0,4173547
2026,acl->advmod,acl,advmod,978,0.000698675231748717,0.7273722524591578,4849,1344566.0,1399792
2019,acl->agent,acl,agent,249,0.0010132330680208996,1.0467858629257034,912,237871.0,245748
2020,acl->agent,acl,agent,4097,0.0011475573302500257,1.2005691934589637,14066,3412548.0,3570192
2021,acl->agent,acl,agent,3695,0.0010943456242612426,1.148555648531403,12748,3217084.0,3376447
2022,acl->agent,acl,agent,3197,0.0010972898279825725,1.1465656646440678,10523,2788327.0,2913542
2023,acl->agent,acl,agent,3314,0.001082081109064568,1.1244357463348957,11046,2947256.0,3062617
2024,acl->agent,acl,agent,3883,0.001076846279708256,1.1150147955542986,12862,3482465.0,3605900
2025,acl->agent,acl,agent,4593,0.0011005027617994958,1.1413910955590119,15004,4024037.0,4173547
2026,acl->agent,acl,agent,1595,0.0011394550047435618,1.1862563831005692,4849,1344566.0,1399792
2019,acl->amod,acl,amod,3,1.2207627325553006e-05,0.01261187786657474,912,237871.0,245748
2020,acl->amod,acl,amod,50,1.400484903893124e-05,0.014651808560641492,14066,3412548.0,3570192
2021,acl->amod,acl,amod,43,1.2735280607099711e-05,0.013366141512002794,12748,3217084.0,3376447
2022,acl->amod,acl,amod,32,1.0983195025161813e-05,0.01147641578624028,10523,2788327.0,2913542
2023,acl->amod,acl,amod,42,1.3713761792610698e-05,0.01425054355644708,11046,2947256.0,3062617
2024,acl->amod,acl,amod,36,9.98363792673119e-06,0.01033750518669965,12862,3482465.0,3605900
2025,acl->amod,acl,amod,50,1.1980217306765685e-05,0.012425333067265534,15004,4024037.0,4173547
2026,acl->amod,acl,amod,15,1.0715877787557008e-05,0.011156016142011622,4849,1344566.0,1399792
2019,acl->appos,acl,appos,2,8.138418217035338e-06,0.008407918577716493,912,237871.0,245748
2020,acl->appos,acl,appos,8,2.2407758462289984e-06,0.0023442893697026386,14066,3412548.0,3570192
2021,acl->appos,acl,appos,9,2.665523847997614e-06,0.002797564502512213,12748,3217084.0,3376447
2022,acl->appos,acl,appos,10,3.4322484453630665e-06,0.0035863799332000873,10523,2788327.0,2913542
2023,acl->appos,acl,appos,14,4.5712539308702325e-06,0.00475018118548236,11046,2947256.0,3062617
2024,acl->appos,acl,appos,23,6.37843534207826e-06,0.006604517202613665,12862,3482465.0,3605900
2025,acl->appos,acl,appos,20,4.792086922706274e-06,0.004970133226906213,15004,4024037.0,4173547
2026,acl->appos,acl,appos,4,2.8575674100152022e-06,0.002974937637869766,4849,1344566.0,1399792
2019,acl->attr,acl,attr,9,3.662288197665902e-05,0.03783563359972422,912,237871.0,245748
2020,acl->attr,acl,attr,165,4.621600182847309e-05,0.04835096825011692,14066,3412548.0,3570192
2021,acl->attr,acl,attr,144,4.264838156796183e-05,0.04476103204019541,12748,3217084.0,3376447
2022,acl->attr,acl,attr,109,3.741150805445743e-05,0.03909154127188095,10523,2788327.0,2913542
2023,acl->attr,acl,attr,134,4.375343048118652e-05,0.045466019918188307,11046,2947256.0,3062617
2024,acl->attr,acl,attr,110,3.050556033167864e-05,0.03158682140380449,12862,3482465.0,3605900
2025,acl->attr,acl,attr,101,2.4200038959666682e-05,0.02509917279587638,15004,4024037.0,4173547
2026,acl->attr,acl,attr,46,3.286202521517483e-05,0.03421178283550231,4849,1344566.0,1399792
2019,acl->aux,acl,aux,311,0.001265524032748995,1.3074313388349148,912,237871.0,245748
2020,acl->aux,acl,aux,5201,0.0014567843970296275,1.524081126477928,14066,3412548.0,3570192
2021,acl->aux,acl,aux,4815,0.0014260552586787235,1.496697008844034,12748,3217084.0,3376447
2022,acl->aux,acl,aux,3792,0.0013015086104816748,1.359955270669473,10523,2788327.0,2913542
2023,acl->aux,acl,aux,4070,0.0013289288213315605,1.3809455303509435,11046,2947256.0,3062617
2024,acl->aux,acl,aux,4803,0.0013319836933913863,1.3791954836588451,12862,3482465.0,3605900
2025,acl->aux,acl,aux,5272,0.0012631941128253736,1.310127118612478,15004,4024037.0,4173547
2026,acl->aux,acl,aux,1455,0.0010394401453930298,1.0821335657751274,4849,1344566.0,1399792
2019,acl->auxpass,acl,auxpass,28,0.00011393785503849472,0.1177108600880309,912,237871.0,245748
2020,acl->auxpass,acl,auxpass,432,0.00012100189569636592,0.12659162596394247,14066,3412548.0,3570192
2021,acl->auxpass,acl,auxpass,447,0.00013238768445054816,0.13894570362477324,12748,3217084.0,3376447
2022,acl->auxpass,acl,auxpass,300,0.000102967453360892,0.10759139799600262,10523,2788327.0,2913542
2023,acl->auxpass,acl,auxpass,300,9.79554413757907e-05,0.10178959683176488,11046,2947256.0,3062617
2024,acl->auxpass,acl,auxpass,350,9.706314650988657e-05,0.10050352264846882,12862,3482465.0,3605900
2025,acl->auxpass,acl,auxpass,317,7.595457772489444e-05,0.07877661164646349,15004,4024037.0,4173547
2026,acl->auxpass,acl,auxpass,90,6.429526672534206e-05,0.06693609685206973,4849,1344566.0,1399792
2019,acl->cc,acl,cc,116,0.00047202825658804957,0.4876592775075566,912,237871.0,245748
2020,acl->cc,acl,cc,1655,0.00046356050318862403,0.48497486335723333,14066,3412548.0,3570192
2021,acl->cc,acl,cc,1627,0.0004818674778546798,0.5057374939541522,12748,3217084.0,3376447
2022,acl->cc,acl,cc,1384,0.0004750231848382484,0.4963549827548921,10523,2788327.0,2913542
2023,acl->cc,acl,cc,1419,0.00046332923770749004,0.4814647930142478,11046,2947256.0,3062617
2024,acl->cc,acl,cc,1675,0.0004645164868687429,0.4809811441033865,12862,3482465.0,3605900
2025,acl->cc,acl,cc,2023,0.00048471959223173955,0.5027289759015636,15004,4024037.0,4173547
2026,acl->cc,acl,cc,674,0.00048150010858756157,0.5012769919810556,4849,1344566.0,1399792
2019,acl->ccomp,acl,ccomp,27,0.00010986864592997705,0.11350690079917267,912,237871.0,245748
2020,acl->ccomp,acl,ccomp,299,8.374899725280881e-05,0.08761781519263612,14066,3412548.0,3570192
2021,acl->ccomp,acl,ccomp,280,8.292740860437022e-05,0.08703534007815775,12748,3217084.0,3376447
2022,acl->ccomp,acl,ccomp,241,8.27171875332499e-05,0.0864317563901221,10523,2788327.0,2913542
2023,acl->ccomp,acl,ccomp,235,7.673176241103606e-05,0.07973518418488248,11046,2947256.0,3062617
2024,acl->ccomp,acl,ccomp,240,6.655758617820794e-05,0.06891670124466434,12862,3482465.0,3605900
2025,acl->ccomp,acl,ccomp,255,6.109910826450499e-05,0.06336919864305424,15004,4024037.0,4173547
2026,acl->ccomp,acl,ccomp,88,6.286648302033445e-05,0.06544862803313485,4849,1344566.0,1399792
2019,acl->compound,acl,compound,7,2.848446375962368e-05,0.029427715022007726,912,237871.0,245748
2020,acl->compound,acl,compound,26,7.282521500244244e-06,0.0076189404515335755,14066,3412548.0,3570192
2021,acl->compound,acl,compound,26,7.700402227548663e-06,0.008081853007257505,12748,3217084.0,3376447
2022,acl->compound,acl,compound,17,5.834822357117213e-06,0.006096845886440149,10523,2788327.0,2913542
2023,acl->compound,acl,compound,15,4.897772068789535e-06,0.005089479841588244,11046,2947256.0,3062617
2024,acl->compound,acl,compound,26,7.21040516930586e-06,0.00746597596817197,12862,3482465.0,3605900
2025,acl->compound,acl,compound,33,7.906943422465351e-06,0.008200719824395252,15004,4024037.0,4173547
2026,acl->compound,acl,compound,7,5.000742967526604e-06,0.00520614086627209,4849,1344566.0,1399792
2019,acl->conj,acl,conj,114,0.0004638898383710142,0.4792513589298401,912,237871.0,245748
2020,acl->conj,acl,conj,1597,0.0004473148783034638,0.4679787654268892,14066,3412548.0,3570192
2021,acl->conj,acl,conj,1562,0.0004626164722858081,0.4855328614360085,12748,3217084.0,3376447
2022,acl->conj,acl,conj,1362,0.00046747223825844967,0.48846494690185194,10523,2788327.0,2913542
2023,acl->conj,acl,conj,1383,0.0004515745847423951,0.46925004139443605,11046,2947256.0,3062617
2024,acl->conj,acl,conj,1647,0.000456751435147952,0.472940862291509,12862,3482465.0,3605900
2025,acl->conj,acl,conj,2017,0.00048328196615492766,0.5012379359334918,15004,4024037.0,4173547
2026,acl->conj,acl,conj,670,0.0004786425411775464,0.4983020543431858,4849,1344566.0,1399792
2020,acl->csubj,acl,csubj,14,3.921357730900747e-06,0.004102506396979617,14066,3412548.0,3570192
2021,acl->csubj,acl,csubj,18,5.331047695995228e-06,0.005595129005024426,12748,3217084.0,3376447
2022,acl->csubj,acl,csubj,13,4.461922978971987e-06,0.004662293913160113,10523,2788327.0,2913542
2023,acl->csubj,acl,csubj,18,5.877326482547442e-06,0.006107375809905892,11046,2947256.0,3062617
2024,acl->csubj,acl,csubj,11,3.050556033167864e-06,0.003158682140380449,12862,3482465.0,3605900
2025,acl->csubj,acl,csubj,22,5.271295614976901e-06,0.005467146549596835,15004,4024037.0,4173547
2026,acl->csubj,acl,csubj,10,7.143918525038006e-06,0.007437344094674415,4849,1344566.0,1399792
2020,acl->csubjpass,acl,csubjpass,2,5.601939615572496e-07,0.0005860723424256596,14066,3412548.0,3570192
2021,acl->csubjpass,acl,csubjpass,4,1.1846772657767174e-06,0.0012433620011165392,12748,3217084.0,3376447
2022,acl->csubjpass,acl,csubjpass,1,3.4322484453630666e-07,0.00035863799332000874,10523,2788327.0,2913542
2024,acl->csubjpass,acl,csubjpass,2,5.546465514850662e-07,0.0005743058437055362,12862,3482465.0,3605900
2025,acl->csubjpass,acl,csubjpass,2,4.792086922706273e-07,0.0004970133226906213,15004,4024037.0,4173547
2019,acl->dative,acl,dative,3,1.2207627325553006e-05,0.01261187786657474,912,237871.0,245748
2020,acl->dative,acl,dative,50,1.400484903893124e-05,0.014651808560641492,14066,3412548.0,3570192
2021,acl->dative,acl,dative,62,1.836249761953912e-05,0.019272111017306356,12748,3217084.0,3376447
2022,acl->dative,acl,dative,49,1.6818017382279027e-05,0.01757326167268043,10523,2788327.0,2913542
2023,acl->dative,acl,dative,43,1.404027993053e-05,0.014589842212552964,11046,2947256.0,3062617
2024,acl->dative,acl,dative,54,1.4975456890096786e-05,0.015506257780049477,12862,3482465.0,3605900
2025,acl->dative,acl,dative,54,1.293863469130694e-05,0.013419359712646777,15004,4024037.0,4173547
2026,acl->dative,acl,dative,12,8.572702230045608e-06,0.008924812913609298,4849,1344566.0,1399792
2019,acl->dep,acl,dep,4,1.6276836434070675e-05,0.016815837155432986,912,237871.0,245748
2020,acl->dep,acl,dep,69,1.932669167372511e-05,0.02021949581368526,14066,3412548.0,3570192
2021,acl->dep,acl,dep,78,2.3101206682645988e-05,0.024245559021772514,12748,3217084.0,3376447
2022,acl->dep,acl,dep,69,2.368251427300516e-05,0.0247460215390806,10523,2788327.0,2913542
2023,acl->dep,acl,dep,85,2.77540417231407e-05,0.028840385769000044,11046,2947256.0,3062617
2024,acl->dep,acl,dep,87,2.4127124989600377e-05,0.024982304201190825,12862,3482465.0,3605900
2025,acl->dep,acl,dep,107,2.5637665036478563e-05,0.026590212763948247,15004,4024037.0,4173547
2026,acl->dep,acl,dep,24,1.7145404460091215e-05,0.017849625827218597,4849,1344566.0,1399792
2019,acl->det,acl,det,1,4.069209108517669e-06,0.0042039592888582465,912,237871.0,245748
2020,acl->det,acl,det,8,2.2407758462289984e-06,0.0023442893697026386,14066,3412548.0,3570192
2021,acl->det,acl,det,11,3.2578624808859728e-06,0.0034192455030704824,12748,3217084.0,3376447
2022,acl->det,acl,det,7,2.4025739117541465e-06,0.002510465953240061,10523,2788327.0,2913542
2023,acl->det,acl,det,10,3.2651813791930236e-06,0.003392986561058829,11046,2947256.0,3062617
2024,acl->det,acl,det,9,2.4959094816827976e-06,0.0025843762966749127,12862,3482465.0,3605900
2025,acl->det,acl,det,7,1.6772304229471957e-06,0.0017395466294171749,15004,4024037.0,4173547
2026,acl->det,acl,det,2,1.4287837050076011e-06,0.001487468818934883,4849,1344566.0,1399792
2019,acl->dobj,acl,dobj,1035,0.004211631427315787,4.351097863968286,912,237871.0,245748
2020,acl->dobj,acl,dobj,14680,0.004111823677830212,4.301770993404342,14066,3412548.0,3570192
2021,acl->dobj,acl,dobj,14146,0.004189611150419361,4.397149716948641,12748,3217084.0,3376447
2022,acl->dobj,acl,dobj,12356,0.004240886179090605,4.431331045462027,10523,2788327.0,2913542
2023,acl->dobj,acl,dobj,13461,0.004395260654531729,4.5672992098412895,11046,2947256.0,3062617
2024,acl->dobj,acl,dobj,16827,0.004666518760919604,4.831922216016528,12862,3482465.0,3605900
2025,acl->dobj,acl,dobj,20535,0.004920275247888666,5.103084290725955,15004,4024037.0,4173547
2026,acl->dobj,acl,dobj,6813,0.004867151691108393,5.067062531701679,4849,1344566.0,1399792
2019,acl->expl,acl,expl,3,1.2207627325553006e-05,0.01261187786657474,912,237871.0,245748
2020,acl->expl,acl,expl,22,6.162133577129745e-06,0.006446795766682256,14066,3412548.0,3570192
2021,acl->expl,acl,expl,13,3.850201113774331e-06,0.004040926503628753,12748,3217084.0,3376447
2022,acl->expl,acl,expl,8,2.7457987562904533e-06,0.00286910394656007,10523,2788327.0,2913542
2023,acl->expl,acl,expl,8,2.6121451033544187e-06,0.0027143892488470634,11046,2947256.0,3062617
2024,acl->expl,acl,expl,9,2.4959094816827976e-06,0.0025843762966749127,12862,3482465.0,3605900
2025,acl->expl,acl,expl,11,2.6356478074884506e-06,0.0027335732747984175,15004,4024037.0,4173547
2026,acl->expl,acl,expl,5,3.571959262519003e-06,0.0037186720473372076,4849,1344566.0,1399792
2019,acl->intj,acl,intj,2,8.138418217035338e-06,0.008407918577716493,912,237871.0,245748
2020,acl->intj,acl,intj,12,3.3611637693434976e-06,0.003516434054553958,14066,3412548.0,3570192
2021,acl->intj,acl,intj,22,6.5157249617719455e-06,0.006838491006140965,12748,3217084.0,3376447
2022,acl->intj,acl,intj,24,8.23739626887136e-06,0.00860731183968021,10523,2788327.0,2913542
2023,acl->intj,acl,intj,25,8.162953447982559e-06,0.008482466402647071,11046,2947256.0,3062617
2024,acl->intj,acl,intj,32,8.874344823761059e-06,0.00918889349928858,12862,3482465.0,3605900
2025,acl->intj,acl,intj,31,7.427734730194724e-06,0.007703706501704632,15004,4024037.0,4173547
2026,acl->intj,acl,intj,14,1.0001485935053207e-05,0.01041228173254418,4849,1344566.0,1399792
2019,acl->mark,acl,mark,59,0.00024008333740254244,0.24803359804263655,912,237871.0,245748
2020,acl->mark,acl,mark,935,0.0002618906770280142,0.2739888200839959,14066,3412548.0,3570192
2021,acl->mark,acl,mark,849,0.0002514477496611083,0.2639035847369854,12748,3217084.0,3376447
2022,acl->mark,acl,mark,626,0.00021485875267972796,0.22450738381832547,10523,2788327.0,2913542
2023,acl->mark,acl,mark,590,0.00019264570137238839,0.2001862071024709,11046,2947256.0,3062617
2024,acl->mark,acl,mark,621,0.00017221775423611303,0.17832196447056897,12862,3482465.0,3605900
2025,acl->mark,acl,mark,656,0.00015718045106476576,0.16302036984252383,15004,4024037.0,4173547
2026,acl->mark,acl,mark,203,0.00014502154605827152,0.15097808512189062,4849,1344566.0,1399792
2019,acl->meta,acl,meta,3,1.2207627325553006e-05,0.01261187786657474,912,237871.0,245748
2020,acl->meta,acl,meta,15,4.201454711679372e-06,0.004395542568192448,14066,3412548.0,3570192
2021,acl->meta,acl,meta,17,5.034878379551049e-06,0.0052842885047452905,12748,3217084.0,3376447
2022,acl->meta,acl,meta,19,6.521272046189827e-06,0.0068141218730801666,10523,2788327.0,2913542
2023,acl->meta,acl,meta,24,7.836435310063257e-06,0.008143167746541188,11046,2947256.0,3062617
2024,acl->meta,acl,meta,23,6.37843534207826e-06,0.006604517202613665,12862,3482465.0,3605900
2025,acl->meta,acl,meta,24,5.750504307247528e-06,0.005964159872287457,15004,4024037.0,4173547
2026,acl->meta,acl,meta,10,7.143918525038006e-06,0.007437344094674415,4849,1344566.0,1399792
2019,acl->neg,acl,neg,14,5.696892751924736e-05,0.05885543004401545,912,237871.0,245748
2020,acl->neg,acl,neg,254,7.11446331177707e-05,0.07443118748805877,14066,3412548.0,3570192
2021,acl->neg,acl,neg,214,6.338023371905438e-05,0.06651986705973485,12748,3217084.0,3376447
2022,acl->neg,acl,neg,192,6.589917015097088e-05,0.06885849471744168,10523,2788327.0,2913542
2023,acl->neg,acl,neg,166,5.420201089460419e-05,0.05632357691357656,11046,2947256.0,3062617
2024,acl->neg,acl,neg,204,5.6573948251476745e-05,0.05857919605796469,12862,3482465.0,3605900
2025,acl->neg,acl,neg,265,6.349515172585813e-05,0.06585426525650734,15004,4024037.0,4173547
2026,acl->neg,acl,neg,88,6.286648302033445e-05,0.06544862803313485,4849,1344566.0,1399792
2020,acl->nmod,acl,nmod,7,1.9606788654503734e-06,0.0020512531984898086,14066,3412548.0,3570192
2021,acl->nmod,acl,nmod,7,2.0731852151092556e-06,0.0021758835019539432,12748,3217084.0,3376447
2022,acl->nmod,acl,nmod,1,3.4322484453630666e-07,0.00035863799332000874,10523,2788327.0,2913542
2023,acl->nmod,acl,nmod,6,1.9591088275158142e-06,0.002035791936635297,11046,2947256.0,3062617
2024,acl->nmod,acl,nmod,4,1.1092931029701323e-06,0.0011486116874110724,12862,3482465.0,3605900
2025,acl->nmod,acl,nmod,3,7.18813038405941e-07,0.0007455199840359321,15004,4024037.0,4173547
2019,acl->npadvmod,acl,npadvmod,56,0.00022787571007698945,0.2354217201760618,912,237871.0,245748
2020,acl->npadvmod,acl,npadvmod,733,0.00020531108691073196,0.21479551349900428,14066,3412548.0,3570192
2021,acl->npadvmod,acl,npadvmod,900,0.0002665523847997614,0.27975645025122126,12748,3217084.0,3376447
2022,acl->npadvmod,acl,npadvmod,834,0.0002862495203432798,0.2991040864288873,10523,2788327.0,2913542
2023,acl->npadvmod,acl,npadvmod,746,0.00024358253088779954,0.25311679745498866,11046,2947256.0,3062617
2024,acl->npadvmod,acl,npadvmod,997,0.0002764913059153055,0.28629146308720976,12862,3482465.0,3605900
2025,acl->npadvmod,acl,npadvmod,1193,0.0002858479849394292,0.29646844698495567,15004,4024037.0,4173547
2026,acl->npadvmod,acl,npadvmod,469,0.0003350497788242825,0.34881143804023007,4849,1344566.0,1399792
2019,acl->nsubj,acl,nsubj,48,0.0001953220372088481,0.20179004586519583,912,237871.0,245748
2020,acl->nsubj,acl,nsubj,938,0.00026273096797035006,0.27486792859763437,14066,3412548.0,3570192
2021,acl->nsubj,acl,nsubj,750,0.0002221269873331345,0.23313037520935107,12748,3217084.0,3376447
2022,acl->nsubj,acl,nsubj,594,0.00020387555765456617,0.21303096803208518,10523,2788327.0,2913542
2023,acl->nsubj,acl,nsubj,604,0.00019721695530325862,0.20493638828795327,11046,2947256.0,3062617
2024,acl->nsubj,acl,nsubj,639,0.00017720957319947864,0.1834907170639188,12862,3482465.0,3605900
2025,acl->nsubj,acl,nsubj,689,0.00016508739448723112,0.17122108966691907,15004,4024037.0,4173547
2026,acl->nsubj,acl,nsubj,254,0.00018145553053596536,0.18890854000473015,4849,1344566.0,1399792
2019,acl->nsubjpass,acl,nsubjpass,20,8.138418217035337e-05,0.08407918577716494,912,237871.0,245748
2020,acl->nsubjpass,acl,nsubjpass,201,5.629949313650358e-05,0.058900270413778794,14066,3412548.0,3570192
2021,acl->nsubjpass,acl,nsubjpass,219,6.486108030127527e-05,0.0680740695611305,12748,3217084.0,3376447
2022,acl->nsubjpass,acl,nsubjpass,139,4.770825339054663e-05,0.04985068107148121,10523,2788327.0,2913542
2023,acl->nsubjpass,acl,nsubjpass,147,4.799816627413745e-05,0.049876902447564785,11046,2947256.0,3062617
2024,acl->nsubjpass,acl,nsubjpass,176,4.880889653068582e-05,0.05053891424608718,12862,3482465.0,3605900
2025,acl->nsubjpass,acl,nsubjpass,191,4.5764430111844914e-05,0.04746477231695435,15004,4024037.0,4173547
2026,acl->nsubjpass,acl,nsubjpass,62,4.4292294855235634e-05,0.04611153338698138,4849,1344566.0,1399792
2019,acl->nummod,acl,nummod,3,1.2207627325553006e-05,0.01261187786657474,912,237871.0,245748
2020,acl->nummod,acl,nummod,18,5.041745654015246e-06,0.005274651081830937,14066,3412548.0,3570192
2021,acl->nummod,acl,nummod,11,3.2578624808859728e-06,0.0034192455030704824,12748,3217084.0,3376447
2022,acl->nummod,acl,nummod,10,3.4322484453630665e-06,0.0035863799332000873,10523,2788327.0,2913542
2023,acl->nummod,acl,nummod,11,3.591699517112326e-06,0.0037322852171647117,11046,2947256.0,3062617
2024,acl->nummod,acl,nummod,12,3.3278793089103968e-06,0.003445835062233217,12862,3482465.0,3605900
2025,acl->nummod,acl,nummod,11,2.6356478074884506e-06,0.0027335732747984175,15004,4024037.0,4173547
2026,acl->nummod,acl,nummod,8,5.7151348200304045e-06,0.005949875275739532,4849,1344566.0,1399792
2019,acl->oprd,acl,oprd,25,0.00010173022771294171,0.10509898222145617,912,237871.0,245748
2020,acl->oprd,acl,oprd,330,9.243200365694618e-05,0.09670193650023384,14066,3412548.0,3570192
2021,acl->oprd,acl,oprd,341,0.00010099373690746516,0.10599661059518496,12748,3217084.0,3376447
2022,acl->oprd,acl,oprd,280,9.610295647016587e-05,0.10041863812960244,10523,2788327.0,2913542
2023,acl->oprd,acl,oprd,298,9.73024050999521e-05,0.1011109995195531,11046,2947256.0,3062617
2024,acl->oprd,acl,oprd,280,7.765051720790926e-05,0.08040281811877506,12862,3482465.0,3605900
2025,acl->oprd,acl,oprd,347,8.314270810895385e-05,0.08623181148682281,15004,4024037.0,4173547
2026,acl->oprd,acl,oprd,84,6.0008915610319245e-05,0.06247369039526508,4849,1344566.0,1399792
2019,acl->parataxis,acl,parataxis,4,1.6276836434070675e-05,0.016815837155432986,912,237871.0,245748
2020,acl->parataxis,acl,parataxis,18,5.041745654015246e-06,0.005274651081830937,14066,3412548.0,3570192
2021,acl->parataxis,acl,parataxis,22,6.5157249617719455e-06,0.006838491006140965,12748,3217084.0,3376447
2022,acl->parataxis,acl,parataxis,19,6.521272046189827e-06,0.0068141218730801666,10523,2788327.0,2913542
2023,acl->parataxis,acl,parataxis,30,9.79554413757907e-06,0.010178959683176487,11046,2947256.0,3062617
2024,acl->parataxis,acl,parataxis,28,7.765051720790925e-06,0.008040281811877506,12862,3482465.0,3605900
2025,acl->parataxis,acl,parataxis,33,7.906943422465351e-06,0.008200719824395252,15004,4024037.0,4173547
2026,acl->parataxis,acl,parataxis,9,6.429526672534205e-06,0.006693609685206974,4849,1344566.0,1399792
2020,acl->pcomp,acl,pcomp,6,1.6805818846717488e-06,0.001758217027276979,14066,3412548.0,3570192
2022,acl->pcomp,acl,pcomp,1,3.4322484453630666e-07,0.00035863799332000874,10523,2788327.0,2913542
2023,acl->pcomp,acl,pcomp,5,1.6325906895965118e-06,0.0016964932805294145,11046,2947256.0,3062617
2024,acl->pcomp,acl,pcomp,1,2.773232757425331e-07,0.0002871529218527681,12862,3482465.0,3605900
2025,acl->pcomp,acl,pcomp,4,9.584173845412547e-07,0.0009940266453812427,15004,4024037.0,4173547
2019,acl->pobj,acl,pobj,14,5.696892751924736e-05,0.05885543004401545,912,237871.0,245748
2020,acl->pobj,acl,pobj,178,4.985726257859521e-05,0.05216043847588371,14066,3412548.0,3570192
2021,acl->pobj,acl,pobj,197,5.834535533950333e-05,0.06123557855498955,12748,3217084.0,3376447
2022,acl->pobj,acl,pobj,152,5.2170176369518616e-05,0.05451297498464133,10523,2788327.0,2913542
2023,acl->pobj,acl,pobj,158,5.158986579124977e-05,0.053609187664729496,11046,2947256.0,3062617
2024,acl->pobj,acl,pobj,165,4.5758340497517956e-05,0.047380232105706736,12862,3482465.0,3605900
2025,acl->pobj,acl,pobj,160,3.833669538165019e-05,0.039761065815249706,15004,4024037.0,4173547
2026,acl->pobj,acl,pobj,57,4.072033559271663e-05,0.04239286133964417,4849,1344566.0,1399792
2020,acl->preconj,acl,preconj,24,6.722327538686995e-06,0.007032868109107916,14066,3412548.0,3570192
2021,acl->preconj,acl,preconj,21,6.219555645327766e-06,0.00652765050586183,12748,3217084.0,3376447
2022,acl->preconj,acl,preconj,6,2.05934906721784e-06,0.0021518279599200526,10523,2788327.0,2913542
2023,acl->preconj,acl,preconj,11,3.591699517112326e-06,0.0037322852171647117,11046,2947256.0,3062617
2024,acl->preconj,acl,preconj,9,2.4959094816827976e-06,0.0025843762966749127,12862,3482465.0,3605900
2025,acl->preconj,acl,preconj,11,2.6356478074884506e-06,0.0027335732747984175,15004,4024037.0,4173547
2026,acl->preconj,acl,preconj,4,2.8575674100152022e-06,0.002974937637869766,4849,1344566.0,1399792
2019,acl->prep,acl,prep,1584,0.006445627227891987,6.659071513551463,912,237871.0,245748
2020,acl->prep,acl,prep,23792,0.006664067366685041,6.971916585495648,14066,3412548.0,3570192
2021,acl->prep,acl,prep,23444,0.00694339345471734,7.287344688544035,12748,3217084.0,3376447
2022,acl->prep,acl,prep,20308,0.006970210142843315,7.283220368342738,10523,2788327.0,2913542
2023,acl->prep,acl,prep,20766,0.006780475652032232,7.045875892694765,11046,2947256.0,3062617
2024,acl->prep,acl,prep,24981,0.006927812751324218,7.173367140803999,12862,3482465.0,3605900
2025,acl->prep,acl,prep,27616,0.006616913622872822,6.8627599597121005,15004,4024037.0,4173547
2026,acl->prep,acl,prep,8789,0.006278789991655903,6.536681724809344,4849,1344566.0,1399792
2019,acl->prt,acl,prt,8,3.255367286814135e-05,0.03363167431086597,912,237871.0,245748
2020,acl->prt,acl,prt,162,4.537571088613721e-05,0.04747185973647843,14066,3412548.0,3570192
2021,acl->prt,acl,prt,157,4.6498582681736155e-05,0.04880195854382416,12748,3217084.0,3376447
2022,acl->prt,acl,prt,114,3.912763227713896e-05,0.040884731238481,10523,2788327.0,2913542
2023,acl->prt,acl,prt,118,3.852914027447768e-05,0.04003724142049418,11046,2947256.0,3062617
2024,acl->prt,acl,prt,99,2.7455004298510773e-05,0.02842813926342404,12862,3482465.0,3605900
2025,acl->prt,acl,prt,100,2.396043461353137e-05,0.024850666134531067,15004,4024037.0,4173547
2026,acl->prt,acl,prt,32,2.2860539280121618e-05,0.02379950110295813,4849,1344566.0,1399792
2020,acl->relcl,acl,relcl,6,1.6805818846717488e-06,0.001758217027276979,14066,3412548.0,3570192
2021,acl->relcl,acl,relcl,2,5.923386328883587e-07,0.0006216810005582696,12748,3217084.0,3376447
2022,acl->relcl,acl,relcl,2,6.864496890726133e-07,0.0007172759866400175,10523,2788327.0,2913542
2023,acl->relcl,acl,relcl,1,3.2651813791930233e-07,0.0003392986561058829,11046,2947256.0,3062617
2024,acl->relcl,acl,relcl,1,2.773232757425331e-07,0.0002871529218527681,12862,3482465.0,3605900
2025,acl->relcl,acl,relcl,3,7.18813038405941e-07,0.0007455199840359321,15004,4024037.0,4173547
2019,acl->xcomp,acl,xcomp,128,0.0005208587658902616,0.5381067889738556,912,237871.0,245748
2020,acl->xcomp,acl,xcomp,1647,0.00046131972734239505,0.48263057398753073,14066,3412548.0,3570192
2021,acl->xcomp,acl,xcomp,1528,0.00045254671552670604,0.4749642844265179,12748,3217084.0,3376447
2022,acl->xcomp,acl,xcomp,1455,0.0004993921488003262,0.5218182802806127,10523,2788327.0,2913542
2023,acl->xcomp,acl,xcomp,1760,0.0005746719227379721,0.5971656347463539,11046,2947256.0,3062617
2024,acl->xcomp,acl,xcomp,2212,0.0006134390859424832,0.6351822631383229,12862,3482465.0,3605900
2025,acl->xcomp,acl,xcomp,2826,0.0006771218821783965,0.702279824961848,15004,4024037.0,4173547
2026,acl->xcomp,acl,xcomp,810,0.0005786574005280785,0.6024248716686277,4849,1344566.0,1399792
2019,acomp->acl,acomp,acl,1,4.069209108517669e-06,0.0042039592888582465,912,237871.0,245748
2020,acomp->acl,acomp,acl,4,1.1203879231144992e-06,0.0011721446848513193,14066,3412548.0,3570192
2021,acomp->acl,acomp,acl,6,1.777015898665076e-06,0.0018650430016748086,12748,3217084.0,3376447
2022,acomp->acl,acomp,acl,2,6.864496890726133e-07,0.0007172759866400175,10523,2788327.0,2913542
2023,acomp->acl,acomp,acl,4,1.3060725516772093e-06,0.0013571946244235317,11046,2947256.0,3062617
2024,acomp->acl,acomp,acl,4,1.1092931029701323e-06,0.0011486116874110724,12862,3482465.0,3605900
2025,acomp->acl,acomp,acl,6,1.437626076811882e-06,0.0014910399680718642,15004,4024037.0,4173547
2026,acomp->acl,acomp,acl,4,2.8575674100152022e-06,0.002974937637869766,4849,1344566.0,1399792
2021,acomp->acomp,acomp,acomp,3,8.88507949332538e-07,0.0009325215008374043,12748,3217084.0,3376447
2022,acomp->acomp,acomp,acomp,4,1.3728993781452266e-06,0.001434551973280035,10523,2788327.0,2913542
2023,acomp->acomp,acomp,acomp,3,9.795544137579071e-07,0.0010178959683176485,11046,2947256.0,3062617
2025,acomp->acomp,acomp,acomp,2,4.792086922706273e-07,0.0004970133226906213,15004,4024037.0,4173547
2026,acomp->acomp,acomp,acomp,1,7.143918525038006e-07,0.0007437344094674415,4849,1344566.0,1399792
2019,acomp->advcl,acomp,advcl,14,5.696892751924736e-05,0.05885543004401545,912,237871.0,245748
2020,acomp->advcl,acomp,advcl,178,4.985726257859521e-05,0.05216043847588371,14066,3412548.0,3570192
2021,acomp->advcl,acomp,advcl,158,4.679475199818033e-05,0.04911279904410329,12748,3217084.0,3376447
2022,acomp->advcl,acomp,advcl,118,4.0500531655284184e-05,0.04231928321176103,10523,2788327.0,2913542
2023,acomp->advcl,acomp,advcl,111,3.624351330904256e-05,0.037662150827753,11046,2947256.0,3062617
2024,acomp->advcl,acomp,advcl,116,3.216949998613384e-05,0.0333097389349211,12862,3482465.0,3605900
2025,acomp->advcl,acomp,advcl,144,3.4503025843485167e-05,0.03578495923372474,15004,4024037.0,4173547
2026,acomp->advcl,acomp,advcl,35,2.500371483763302e-05,0.026030704331360455,4849,1344566.0,1399792
2019,acomp->advmod,acomp,advmod,431,0.001753829125771115,1.8119064534979041,912,237871.0,245748
2020,acomp->advmod,acomp,advmod,6772,0.001896816753832847,1.9844409514532835,14066,3412548.0,3570192
2021,acomp->advmod,acomp,advmod,6555,0.0019413898692915955,2.0375594793297283,12748,3217084.0,3376447
2022,acomp->advmod,acomp,advmod,5168,0.0017737859965636328,1.8534411494778051,10523,2788327.0,2913542
2023,acomp->advmod,acomp,advmod,5048,0.0016482635602166383,1.7127796160224968,11046,2947256.0,3062617
2024,acomp->advmod,acomp,advmod,5557,0.0015410854433012564,1.5957087867358322,12862,3482465.0,3605900
2025,acomp->advmod,acomp,advmod,6274,0.001503277667652958,1.5591307932804792,15004,4024037.0,4173547
2026,acomp->advmod,acomp,advmod,2304,0.0016459588281687565,1.7135640794129854,4849,1344566.0,1399792
2019,acomp->agent,acomp,agent,4,1.6276836434070675e-05,0.016815837155432986,912,237871.0,245748
2020,acomp->agent,acomp,agent,26,7.282521500244244e-06,0.0076189404515335755,14066,3412548.0,3570192
2021,acomp->agent,acomp,agent,36,1.0662095391990457e-05,0.011190258010048852,12748,3217084.0,3376447
2022,acomp->agent,acomp,agent,17,5.834822357117213e-06,0.006096845886440149,10523,2788327.0,2913542
2023,acomp->agent,acomp,agent,17,5.55080834462814e-06,0.005768077153800009,11046,2947256.0,3062617
2024,acomp->agent,acomp,agent,34,9.428991375246124e-06,0.009763199342994116,12862,3482465.0,3605900
2025,acomp->agent,acomp,agent,51,1.2219821652900997e-05,0.012673839728610845,15004,4024037.0,4173547
2026,acomp->agent,acomp,agent,20,1.4287837050076012e-05,0.01487468818934883,4849,1344566.0,1399792
2019,acomp->amod,acomp,amod,16,6.51073457362827e-05,0.06726334862173194,912,237871.0,245748
2020,acomp->amod,acomp,amod,195,5.4618911251831836e-05,0.05714205338650182,14066,3412548.0,3570192
2021,acomp->amod,acomp,amod,198,5.864152465594751e-05,0.061546419055268684,12748,3217084.0,3376447
2022,acomp->amod,acomp,amod,170,5.834822357117213e-05,0.060968458864401484,10523,2788327.0,2913542
2023,acomp->amod,acomp,amod,124,4.048824910199349e-05,0.04207303335712948,11046,2947256.0,3062617
2024,acomp->amod,acomp,amod,145,4.021187498266729e-05,0.04163717366865138,12862,3482465.0,3605900
2025,acomp->amod,acomp,amod,209,5.007730834228056e-05,0.051937892221169936,15004,4024037.0,4173547
2026,acomp->amod,acomp,amod,73,5.215060523277744e-05,0.054292611891123235,4849,1344566.0,1399792
2019,acomp->appos,acomp,appos,14,5.696892751924736e-05,0.05885543004401545,912,237871.0,245748
2020,acomp->appos,acomp,appos,131,3.669270448199985e-05,0.038387738428880706,14066,3412548.0,3570192
2021,acomp->appos,acomp,appos,134,3.968668840352003e-05,0.041652627037404064,12748,3217084.0,3376447
2022,acomp->appos,acomp,appos,78,2.677153787383192e-05,0.027973763478960682,10523,2788327.0,2913542
2023,acomp->appos,acomp,appos,104,3.3957886343607444e-05,0.03528706023501182,11046,2947256.0,3062617
2024,acomp->appos,acomp,appos,109,3.0228237055936105e-05,0.03129966848195172,12862,3482465.0,3605900
2025,acomp->appos,acomp,appos,147,3.522183888189111e-05,0.036530479217760675,15004,4024037.0,4173547
2026,acomp->appos,acomp,appos,68,4.857864597025844e-05,0.050573939843786025,4849,1344566.0,1399792
2020,acomp->aux,acomp,aux,7,1.9606788654503734e-06,0.0020512531984898086,14066,3412548.0,3570192
2021,acomp->aux,acomp,aux,4,1.1846772657767174e-06,0.0012433620011165392,12748,3217084.0,3376447
2022,acomp->aux,acomp,aux,7,2.4025739117541465e-06,0.002510465953240061,10523,2788327.0,2913542
2023,acomp->aux,acomp,aux,4,1.3060725516772093e-06,0.0013571946244235317,11046,2947256.0,3062617
2024,acomp->aux,acomp,aux,5,1.3866163787126653e-06,0.0014357646092638403,12862,3482465.0,3605900
2025,acomp->aux,acomp,aux,5,1.1980217306765685e-06,0.0012425333067265533,15004,4024037.0,4173547
2026,acomp->aux,acomp,aux,2,1.4287837050076011e-06,0.001487468818934883,4849,1344566.0,1399792
2019,acomp->auxpass,acomp,auxpass,2,8.138418217035338e-06,0.008407918577716493,912,237871.0,245748
2020,acomp->auxpass,acomp,auxpass,11,3.0810667885648726e-06,0.003223397883341128,14066,3412548.0,3570192
2021,acomp->auxpass,acomp,auxpass,10,2.9616931644417935e-06,0.0031084050027913477,12748,3217084.0,3376447
2022,acomp->auxpass,acomp,auxpass,15,5.1483726680446e-06,0.005379569899800131,10523,2788327.0,2913542
2023,acomp->auxpass,acomp,auxpass,11,3.591699517112326e-06,0.0037322852171647117,11046,2947256.0,3062617
2024,acomp->auxpass,acomp,auxpass,12,3.3278793089103968e-06,0.003445835062233217,12862,3482465.0,3605900
2025,acomp->auxpass,acomp,auxpass,10,2.396043461353137e-06,0.0024850666134531066,15004,4024037.0,4173547
2026,acomp->auxpass,acomp,auxpass,7,5.000742967526604e-06,0.00520614086627209,4849,1344566.0,1399792
2019,acomp->cc,acomp,cc,81,0.00032960593778993117,0.34052070239751797,912,237871.0,245748
2020,acomp->cc,acomp,cc,1148,0.00032155133393386125,0.33640552455232864,14066,3412548.0,3570192
2021,acomp->cc,acomp,cc,1222,0.00036191890469478716,0.3798470913411027,12748,3217084.0,3376447
2022,acomp->cc,acomp,cc,1017,0.00034905966689342387,0.3647348392064489,10523,2788327.0,2913542
2023,acomp->cc,acomp,cc,970,0.0003167225937817233,0.3291196964227064,11046,2947256.0,3062617
2024,acomp->cc,acomp,cc,1113,0.0003086608059014393,0.3196012020221309,12862,3482465.0,3605900
2025,acomp->cc,acomp,cc,1366,0.0003272995368208385,0.33946009939769445,15004,4024037.0,4173547
2026,acomp->cc,acomp,cc,484,0.0003457656566118395,0.35996745418224174,4849,1344566.0,1399792
2019,acomp->ccomp,acomp,ccomp,4,1.6276836434070675e-05,0.016815837155432986,912,237871.0,245748
2020,acomp->ccomp,acomp,ccomp,83,2.324804940462586e-05,0.024322002210664877,14066,3412548.0,3570192
2021,acomp->ccomp,acomp,ccomp,58,1.71778203537624e-05,0.018028749016189817,12748,3217084.0,3376447
2022,acomp->ccomp,acomp,ccomp,43,1.4758668315061186e-05,0.015421433712760375,10523,2788327.0,2913542
2023,acomp->ccomp,acomp,ccomp,43,1.404027993053e-05,0.014589842212552964,11046,2947256.0,3062617
2024,acomp->ccomp,acomp,ccomp,58,1.608474999306692e-05,0.01665486946746055,12862,3482465.0,3605900
2025,acomp->ccomp,acomp,ccomp,38,9.10496515314192e-06,0.009443253131121807,15004,4024037.0,4173547
2026,acomp->ccomp,acomp,ccomp,13,9.287094082549407e-06,0.00966854732307674,4849,1344566.0,1399792
2019,acomp->compound,acomp,compound,3,1.2207627325553006e-05,0.01261187786657474,912,237871.0,245748
2020,acomp->compound,acomp,compound,45,1.2604364135038115e-05,0.013186627704577342,14066,3412548.0,3570192
2021,acomp->compound,acomp,compound,39,1.1550603341322994e-05,0.012122779510886257,12748,3217084.0,3376447
2022,acomp->compound,acomp,compound,44,1.5101893159597493e-05,0.015780071706080385,10523,2788327.0,2913542
2023,acomp->compound,acomp,compound,39,1.2734207378852792e-05,0.013232647588129432,11046,2947256.0,3062617
2024,acomp->compound,acomp,compound,41,1.1370254305443856e-05,0.01177326979596349,12862,3482465.0,3605900
2025,acomp->compound,acomp,compound,36,8.625756460871292e-06,0.008946239808431185,15004,4024037.0,4173547
2026,acomp->compound,acomp,compound,12,8.572702230045608e-06,0.008924812913609298,4849,1344566.0,1399792
2019,acomp->conj,acomp,conj,87,0.00035402119244103716,0.36574445813066747,912,237871.0,245748
2020,acomp->conj,acomp,conj,1224,0.00034283870447303675,0.3586762735645037,14066,3412548.0,3570192
2021,acomp->conj,acomp,conj,1339,0.00039657071471875614,0.4162154298737615,12748,3217084.0,3376447
2022,acomp->conj,acomp,conj,1155,0.0003964246954394342,0.4142268822846101,10523,2788327.0,2913542
2023,acomp->conj,acomp,conj,1097,0.0003581903972974747,0.37221062574815356,11046,2947256.0,3062617
2024,acomp->conj,acomp,conj,1296,0.00035941096536232285,0.37215018672118744,12862,3482465.0,3605900
2025,acomp->conj,acomp,conj,1582,0.00037905407558606625,0.3931375382482815,15004,4024037.0,4173547
2026,acomp->conj,acomp,conj,567,0.0004050601803696549,0.42169741016803935,4849,1344566.0,1399792
2023,acomp->csubj,acomp,csubj,1,3.2651813791930233e-07,0.0003392986561058829,11046,2947256.0,3062617
2026,acomp->csubj,acomp,csubj,1,7.143918525038006e-07,0.0007437344094674415,4849,1344566.0,1399792
2019,acomp->dep,acomp,dep,1,4.069209108517669e-06,0.0042039592888582465,912,237871.0,245748
2020,acomp->dep,acomp,dep,27,7.56261848102287e-06,0.007911976622746404,14066,3412548.0,3570192
2021,acomp->dep,acomp,dep,34,1.0069756759102097e-05,0.010568577009490581,12748,3217084.0,3376447
2022,acomp->dep,acomp,dep,21,7.20772173526244e-06,0.0075313978597201835,10523,2788327.0,2913542
2023,acomp->dep,acomp,dep,17,5.55080834462814e-06,0.005768077153800009,11046,2947256.0,3062617
2024,acomp->dep,acomp,dep,31,8.597021548018524e-06,0.008901740577435811,12862,3482465.0,3605900
2025,acomp->dep,acomp,dep,25,5.990108653382842e-06,0.006212666533632767,15004,4024037.0,4173547
2026,acomp->dep,acomp,dep,12,8.572702230045608e-06,0.008924812913609298,4849,1344566.0,1399792
2019,acomp->det,acomp,det,11,4.476130019369435e-05,0.04624355217744071,912,237871.0,245748
2020,acomp->det,acomp,det,63,1.764610978905336e-05,0.01846127878640828,14066,3412548.0,3570192
2021,acomp->det,acomp,det,47,1.3919957872876429e-05,0.014609503513119333,12748,3217084.0,3376447
2022,acomp->det,acomp,det,30,1.02967453360892e-05,0.010759139799600262,10523,2788327.0,2913542
2023,acomp->det,acomp,det,61,1.9917606413077443e-05,0.020697218022458858,11046,2947256.0,3062617
2024,acomp->det,acomp,det,54,1.4975456890096786e-05,0.015506257780049477,12862,3482465.0,3605900
2025,acomp->det,acomp,det,61,1.4615865114254134e-05,0.015158906342063952,15004,4024037.0,4173547
2026,acomp->det,acomp,det,11,7.858310377541807e-06,0.008181078504141856,4849,1344566.0,1399792
2019,acomp->dobj,acomp,dobj,4,1.6276836434070675e-05,0.016815837155432986,912,237871.0,245748
2020,acomp->dobj,acomp,dobj,39,1.0923782250366367e-05,0.011428410677300363,14066,3412548.0,3570192
2021,acomp->dobj,acomp,dobj,29,8.5889101768812e-06,0.009014374508094909,12748,3217084.0,3376447
2022,acomp->dobj,acomp,dobj,36,1.235609440330704e-05,0.012910967759520314,10523,2788327.0,2913542
2023,acomp->dobj,acomp,dobj,25,8.162953447982559e-06,0.008482466402647071,11046,2947256.0,3062617
2024,acomp->dobj,acomp,dobj,26,7.21040516930586e-06,0.00746597596817197,12862,3482465.0,3605900
2025,acomp->dobj,acomp,dobj,48,1.1501008614495057e-05,0.011928319744574914,15004,4024037.0,4173547
2026,acomp->dobj,acomp,dobj,15,1.0715877787557008e-05,0.011156016142011622,4849,1344566.0,1399792
2021,acomp->intj,acomp,intj,3,8.88507949332538e-07,0.0009325215008374043,12748,3217084.0,3376447
2022,acomp->intj,acomp,intj,4,1.3728993781452266e-06,0.001434551973280035,10523,2788327.0,2913542
2023,acomp->intj,acomp,intj,4,1.3060725516772093e-06,0.0013571946244235317,11046,2947256.0,3062617
2024,acomp->intj,acomp,intj,1,2.773232757425331e-07,0.0002871529218527681,12862,3482465.0,3605900
2025,acomp->intj,acomp,intj,2,4.792086922706273e-07,0.0004970133226906213,15004,4024037.0,4173547
2020,acomp->mark,acomp,mark,7,1.9606788654503734e-06,0.0020512531984898086,14066,3412548.0,3570192
2021,acomp->mark,acomp,mark,2,5.923386328883587e-07,0.0006216810005582696,12748,3217084.0,3376447
2022,acomp->mark,acomp,mark,2,6.864496890726133e-07,0.0007172759866400175,10523,2788327.0,2913542
2023,acomp->mark,acomp,mark,1,3.2651813791930233e-07,0.0003392986561058829,11046,2947256.0,3062617
2024,acomp->mark,acomp,mark,2,5.546465514850662e-07,0.0005743058437055362,12862,3482465.0,3605900
2026,acomp->mark,acomp,mark,1,7.143918525038006e-07,0.0007437344094674415,4849,1344566.0,1399792
2020,acomp->meta,acomp,meta,2,5.601939615572496e-07,0.0005860723424256596,14066,3412548.0,3570192
2021,acomp->meta,acomp,meta,3,8.88507949332538e-07,0.0009325215008374043,12748,3217084.0,3376447
2022,acomp->meta,acomp,meta,1,3.4322484453630666e-07,0.00035863799332000874,10523,2788327.0,2913542
2024,acomp->meta,acomp,meta,1,2.773232757425331e-07,0.0002871529218527681,12862,3482465.0,3605900
2025,acomp->meta,acomp,meta,5,1.1980217306765685e-06,0.0012425333067265533,15004,4024037.0,4173547
2019,acomp->neg,acomp,neg,1,4.069209108517669e-06,0.0042039592888582465,912,237871.0,245748
2020,acomp->neg,acomp,neg,31,8.683006404137369e-06,0.009084121307597726,14066,3412548.0,3570192
2021,acomp->neg,acomp,neg,46,1.3623788556432249e-05,0.014298663012840199,12748,3217084.0,3376447
2022,acomp->neg,acomp,neg,34,1.1669644714234427e-05,0.012193691772880298,10523,2788327.0,2913542
2023,acomp->neg,acomp,neg,20,6.530362758386047e-06,0.006785973122117658,11046,2947256.0,3062617
2024,acomp->neg,acomp,neg,22,6.101112066335728e-06,0.006317364280760898,12862,3482465.0,3605900
2025,acomp->neg,acomp,neg,28,6.708921691788783e-06,0.0069581865176686995,15004,4024037.0,4173547
2026,acomp->neg,acomp,neg,5,3.571959262519003e-06,0.0037186720473372076,4849,1344566.0,1399792
2020,acomp->nmod,acomp,nmod,13,3.641260750122122e-06,0.0038094702257667878,14066,3412548.0,3570192
2021,acomp->nmod,acomp,nmod,4,1.1846772657767174e-06,0.0012433620011165392,12748,3217084.0,3376447
2022,acomp->nmod,acomp,nmod,5,1.7161242226815333e-06,0.0017931899666000436,10523,2788327.0,2913542
2023,acomp->nmod,acomp,nmod,3,9.795544137579071e-07,0.0010178959683176485,11046,2947256.0,3062617
2024,acomp->nmod,acomp,nmod,3,8.319698272275992e-07,0.0008614587655583042,12862,3482465.0,3605900
2025,acomp->nmod,acomp,nmod,7,1.6772304229471957e-06,0.0017395466294171749,15004,4024037.0,4173547
2026,acomp->nmod,acomp,nmod,2,1.4287837050076011e-06,0.001487468818934883,4849,1344566.0,1399792
2019,acomp->npadvmod,acomp,npadvmod,87,0.00035402119244103716,0.36574445813066747,912,237871.0,245748
2020,acomp->npadvmod,acomp,npadvmod,833,0.00023332078498859444,0.24409913062028724,14066,3412548.0,3570192
2021,acomp->npadvmod,acomp,npadvmod,863,0.0002555941200913268,0.2682553517408933,12748,3217084.0,3376447
2022,acomp->npadvmod,acomp,npadvmod,733,0.0002515838110451128,0.2628816491035664,10523,2788327.0,2913542
2023,acomp->npadvmod,acomp,npadvmod,685,0.0002236649244747221,0.23241957943252978,11046,2947256.0,3062617
2024,acomp->npadvmod,acomp,npadvmod,815,0.00022601846973016446,0.234029631310006,12862,3482465.0,3605900
2025,acomp->npadvmod,acomp,npadvmod,939,0.00022498848102105954,0.23334775500324673,15004,4024037.0,4173547
2026,acomp->npadvmod,acomp,npadvmod,354,0.0002528947157863454,0.2632819809514743,4849,1344566.0,1399792
2019,acomp->nsubj,acomp,nsubj,4,1.6276836434070675e-05,0.016815837155432986,912,237871.0,245748
2020,acomp->nsubj,acomp,nsubj,33,9.243200365694618e-06,0.009670193650023385,14066,3412548.0,3570192
2021,acomp->nsubj,acomp,nsubj,23,6.8118942782161244e-06,0.0071493315064200995,12748,3217084.0,3376447
2022,acomp->nsubj,acomp,nsubj,24,8.23739626887136e-06,0.00860731183968021,10523,2788327.0,2913542
2023,acomp->nsubj,acomp,nsubj,17,5.55080834462814e-06,0.005768077153800009,11046,2947256.0,3062617
2024,acomp->nsubj,acomp,nsubj,27,7.487728445048393e-06,0.0077531288900247386,12862,3482465.0,3605900
2025,acomp->nsubj,acomp,nsubj,28,6.708921691788783e-06,0.0069581865176686995,15004,4024037.0,4173547
2026,acomp->nsubj,acomp,nsubj,14,1.0001485935053207e-05,0.01041228173254418,4849,1344566.0,1399792
2020,acomp->nsubjpass,acomp,nsubjpass,9,2.520872827007623e-06,0.0026373255409154685,14066,3412548.0,3570192
2021,acomp->nsubjpass,acomp,nsubjpass,11,3.2578624808859728e-06,0.0034192455030704824,12748,3217084.0,3376447
2022,acomp->nsubjpass,acomp,nsubjpass,8,2.7457987562904533e-06,0.00286910394656007,10523,2788327.0,2913542
2023,acomp->nsubjpass,acomp,nsubjpass,8,2.6121451033544187e-06,0.0027143892488470634,11046,2947256.0,3062617
2024,acomp->nsubjpass,acomp,nsubjpass,9,2.4959094816827976e-06,0.0025843762966749127,12862,3482465.0,3605900
2025,acomp->nsubjpass,acomp,nsubjpass,7,1.6772304229471957e-06,0.0017395466294171749,15004,4024037.0,4173547
2026,acomp->nsubjpass,acomp,nsubjpass,4,2.8575674100152022e-06,0.002974937637869766,4849,1344566.0,1399792
2019,acomp->nummod,acomp,nummod,4,1.6276836434070675e-05,0.016815837155432986,912,237871.0,245748
2020,acomp->nummod,acomp,nummod,29,8.12281244258012e-06,0.008498048965172065,14066,3412548.0,3570192
2021,acomp->nummod,acomp,nummod,21,6.219555645327766e-06,0.00652765050586183,12748,3217084.0,3376447
2022,acomp->nummod,acomp,nummod,26,8.923845957943974e-06,0.009324587826320226,10523,2788327.0,2913542
2023,acomp->nummod,acomp,nummod,23,7.509917172143954e-06,0.007803869090435307,11046,2947256.0,3062617
2024,acomp->nummod,acomp,nummod,16,4.437172411880529e-06,0.00459444674964429,12862,3482465.0,3605900
2025,acomp->nummod,acomp,nummod,18,4.312878230435646e-06,0.004473119904215592,15004,4024037.0,4173547
2026,acomp->nummod,acomp,nummod,18,1.285905334506841e-05,0.013387219370413948,4849,1344566.0,1399792
2020,acomp->oprd,acomp,oprd,8,2.2407758462289984e-06,0.0023442893697026386,14066,3412548.0,3570192
2021,acomp->oprd,acomp,oprd,5,1.4808465822208967e-06,0.0015542025013956739,12748,3217084.0,3376447
2022,acomp->oprd,acomp,oprd,4,1.3728993781452266e-06,0.001434551973280035,10523,2788327.0,2913542
2023,acomp->oprd,acomp,oprd,5,1.6325906895965118e-06,0.0016964932805294145,11046,2947256.0,3062617
2024,acomp->oprd,acomp,oprd,8,2.2185862059402647e-06,0.002297223374822145,12862,3482465.0,3605900
2025,acomp->oprd,acomp,oprd,4,9.584173845412547e-07,0.0009940266453812427,15004,4024037.0,4173547
2026,acomp->oprd,acomp,oprd,2,1.4287837050076011e-06,0.001487468818934883,4849,1344566.0,1399792
2020,acomp->parataxis,acomp,parataxis,11,3.0810667885648726e-06,0.003223397883341128,14066,3412548.0,3570192
2021,acomp->parataxis,acomp,parataxis,7,2.0731852151092556e-06,0.0021758835019539432,12748,3217084.0,3376447
2022,acomp->parataxis,acomp,parataxis,14,4.805147823508293e-06,0.005020931906480122,10523,2788327.0,2913542
2023,acomp->parataxis,acomp,parataxis,8,2.6121451033544187e-06,0.0027143892488470634,11046,2947256.0,3062617
2024,acomp->parataxis,acomp,parataxis,13,3.60520258465293e-06,0.003732987984085985,12862,3482465.0,3605900
2025,acomp->parataxis,acomp,parataxis,19,4.55248257657096e-06,0.004721626565560903,15004,4024037.0,4173547
2026,acomp->parataxis,acomp,parataxis,11,7.858310377541807e-06,0.008181078504141856,4849,1344566.0,1399792
2019,acomp->pcomp,acomp,pcomp,1,4.069209108517669e-06,0.0042039592888582465,912,237871.0,245748
2020,acomp->pcomp,acomp,pcomp,31,8.683006404137369e-06,0.009084121307597726,14066,3412548.0,3570192
2021,acomp->pcomp,acomp,pcomp,38,1.1254434024878814e-05,0.01181193901060712,12748,3217084.0,3376447
2022,acomp->pcomp,acomp,pcomp,33,1.132641986969812e-05,0.01183505377956029,10523,2788327.0,2913542
2023,acomp->pcomp,acomp,pcomp,23,7.509917172143954e-06,0.007803869090435307,11046,2947256.0,3062617
2024,acomp->pcomp,acomp,pcomp,22,6.101112066335728e-06,0.006317364280760898,12862,3482465.0,3605900
2025,acomp->pcomp,acomp,pcomp,24,5.750504307247528e-06,0.005964159872287457,15004,4024037.0,4173547
2026,acomp->pcomp,acomp,pcomp,9,6.429526672534205e-06,0.006693609685206974,4849,1344566.0,1399792
2019,acomp->pobj,acomp,pobj,1,4.069209108517669e-06,0.0042039592888582465,912,237871.0,245748
2020,acomp->pobj,acomp,pobj,12,3.3611637693434976e-06,0.003516434054553958,14066,3412548.0,3570192
2021,acomp->pobj,acomp,pobj,15,4.44253974666269e-06,0.004662607504187022,12748,3217084.0,3376447
2022,acomp->pobj,acomp,pobj,13,4.461922978971987e-06,0.004662293913160113,10523,2788327.0,2913542
2023,acomp->pobj,acomp,pobj,8,2.6121451033544187e-06,0.0027143892488470634,11046,2947256.0,3062617
2024,acomp->pobj,acomp,pobj,10,2.7732327574253305e-06,0.0028715292185276806,12862,3482465.0,3605900
2025,acomp->pobj,acomp,pobj,11,2.6356478074884506e-06,0.0027335732747984175,15004,4024037.0,4173547
2026,acomp->pobj,acomp,pobj,1,7.143918525038006e-07,0.0007437344094674415,4849,1344566.0,1399792
2020,acomp->poss,acomp,poss,3,8.402909423358744e-07,0.0008791085136384895,14066,3412548.0,3570192
2021,acomp->poss,acomp,poss,3,8.88507949332538e-07,0.0009325215008374043,12748,3217084.0,3376447
2022,acomp->poss,acomp,poss,1,3.4322484453630666e-07,0.00035863799332000874,10523,2788327.0,2913542
2019,acomp->preconj,acomp,preconj,1,4.069209108517669e-06,0.0042039592888582465,912,237871.0,245748
2020,acomp->preconj,acomp,preconj,47,1.3164558096595366e-05,0.013772700047003001,14066,3412548.0,3570192
2021,acomp->preconj,acomp,preconj,46,1.3623788556432249e-05,0.014298663012840199,12748,3217084.0,3376447
2022,acomp->preconj,acomp,preconj,32,1.0983195025161813e-05,0.01147641578624028,10523,2788327.0,2913542
2023,acomp->preconj,acomp,preconj,35,1.1428134827175582e-05,0.011875452963705901,11046,2947256.0,3062617
2024,acomp->preconj,acomp,preconj,46,1.275687068415652e-05,0.01320903440522733,12862,3482465.0,3605900
2025,acomp->preconj,acomp,preconj,44,1.0542591229953802e-05,0.01093429309919367,15004,4024037.0,4173547
2026,acomp->preconj,acomp,preconj,12,8.572702230045608e-06,0.008924812913609298,4849,1344566.0,1399792
2019,acomp->prep,acomp,prep,643,0.002616501456776861,2.7031458227358525,912,237871.0,245748
2020,acomp->prep,acomp,prep,9363,0.002622548031030264,2.7436976710657257,14066,3412548.0,3570192
2021,acomp->prep,acomp,prep,8894,0.002634129900454531,2.7646154094826247,12748,3217084.0,3376447
2022,acomp->prep,acomp,prep,7281,0.002499020093068849,2.6112432293629837,10523,2788327.0,2913542
2023,acomp->prep,acomp,prep,7211,0.002354522292536089,2.4466826091795215,11046,2947256.0,3062617
2024,acomp->prep,acomp,prep,7820,0.0021686680163066087,2.2455358488886463,12862,3482465.0,3605900
2025,acomp->prep,acomp,prep,8670,0.0020773696809931698,2.154552753863844,15004,4024037.0,4173547
2026,acomp->prep,acomp,prep,2822,0.002016013807765725,2.09881850351712,4849,1344566.0,1399792
2019,acomp->prt,acomp,prt,2,8.138418217035338e-06,0.008407918577716493,912,237871.0,245748
2020,acomp->prt,acomp,prt,1,2.800969807786248e-07,0.0002930361712128298,14066,3412548.0,3570192
2021,acomp->prt,acomp,prt,5,1.4808465822208967e-06,0.0015542025013956739,12748,3217084.0,3376447
2022,acomp->prt,acomp,prt,3,1.02967453360892e-06,0.0010759139799600263,10523,2788327.0,2913542
2023,acomp->prt,acomp,prt,2,6.530362758386047e-07,0.0006785973122117658,11046,2947256.0,3062617
2024,acomp->prt,acomp,prt,1,2.773232757425331e-07,0.0002871529218527681,12862,3482465.0,3605900
2025,acomp->prt,acomp,prt,1,2.3960434613531366e-07,0.00024850666134531066,15004,4024037.0,4173547
2020,acomp->quantmod,acomp,quantmod,6,1.6805818846717488e-06,0.001758217027276979,14066,3412548.0,3570192
2021,acomp->quantmod,acomp,quantmod,4,1.1846772657767174e-06,0.0012433620011165392,12748,3217084.0,3376447
2022,acomp->quantmod,acomp,quantmod,1,3.4322484453630666e-07,0.00035863799332000874,10523,2788327.0,2913542
2023,acomp->quantmod,acomp,quantmod,2,6.530362758386047e-07,0.0006785973122117658,11046,2947256.0,3062617
2026,acomp->quantmod,acomp,quantmod,1,7.143918525038006e-07,0.0007437344094674415,4849,1344566.0,1399792
2020,acomp->relcl,acomp,relcl,10,2.800969807786248e-06,0.0029303617121282984,14066,3412548.0,3570192
2021,acomp->relcl,acomp,relcl,12,3.554031797330152e-06,0.003730086003349617,12748,3217084.0,3376447
2022,acomp->relcl,acomp,relcl,4,1.3728993781452266e-06,0.001434551973280035,10523,2788327.0,2913542
2023,acomp->relcl,acomp,relcl,7,2.2856269654351162e-06,0.00237509059274118,11046,2947256.0,3062617
2024,acomp->relcl,acomp,relcl,4,1.1092931029701323e-06,0.0011486116874110724,12862,3482465.0,3605900
2025,acomp->relcl,acomp,relcl,6,1.437626076811882e-06,0.0014910399680718642,15004,4024037.0,4173547
2026,acomp->relcl,acomp,relcl,2,1.4287837050076011e-06,0.001487468818934883,4849,1344566.0,1399792
2019,acomp->xcomp,acomp,xcomp,192,0.0007812881488353924,0.8071601834607833,912,237871.0,245748
2020,acomp->xcomp,acomp,xcomp,2835,0.0007940749405074013,0.8307575453883725,14066,3412548.0,3570192
2021,acomp->xcomp,acomp,xcomp,2619,0.0007756674397673056,0.814091270231054,12748,3217084.0,3376447
2022,acomp->xcomp,acomp,xcomp,2024,0.0006946870853414847,0.7258832984796977,10523,2788327.0,2913542
2023,acomp->xcomp,acomp,xcomp,1837,0.0005998138193577584,0.6232916312665069,11046,2947256.0,3062617
2024,acomp->xcomp,acomp,xcomp,1994,0.000552982611830611,0.5725829261744195,12862,3482465.0,3605900
2025,acomp->xcomp,acomp,xcomp,2077,0.0004976582269230465,0.5161483356142103,15004,4024037.0,4173547
2026,acomp->xcomp,acomp,xcomp,618,0.00044149416484734873,0.4596278650508788,4849,1344566.0,1399792
2019,advcl->acl,advcl,acl,5,2.034604554258834e-05,0.021019796444291236,912,237871.0,245748
2020,advcl->acl,advcl,acl,49,1.3724752058152615e-05,0.014358772389428662,14066,3412548.0,3570192
2021,advcl->acl,advcl,acl,48,1.4216127189320608e-05,0.014920344013398468,12748,3217084.0,3376447
2022,advcl->acl,advcl,acl,50,1.7161242226815334e-05,0.01793189966600044,10523,2788327.0,2913542
2023,advcl->acl,advcl,acl,36,1.1754652965094884e-05,0.012214751619811785,11046,2947256.0,3062617
2024,advcl->acl,advcl,acl,70,1.9412629301977316e-05,0.020100704529693765,12862,3482465.0,3605900
2025,advcl->acl,advcl,acl,88,2.1085182459907604e-05,0.02186858619838734,15004,4024037.0,4173547
2026,advcl->acl,advcl,acl,35,2.500371483763302e-05,0.026030704331360455,4849,1344566.0,1399792
2019,advcl->acomp,advcl,acomp,105,0.0004272669563943552,0.4414157253301159,912,237871.0,245748
2020,advcl->acomp,advcl,acomp,1976,0.0005534716340185626,0.5790394743165517,14066,3412548.0,3570192
2021,advcl->acomp,advcl,acomp,1663,0.0004925295732466702,0.5169277519642012,12748,3217084.0,3376447
2022,advcl->acomp,advcl,acomp,1366,0.0004688451376365949,0.48989949887513196,10523,2788327.0,2913542
2023,advcl->acomp,advcl,acomp,1272,0.00041533107143335257,0.43158789056668306,11046,2947256.0,3062617
2024,advcl->acomp,advcl,acomp,1393,0.00038631132310934854,0.40000402014090597,12862,3482465.0,3605900
2025,advcl->acomp,advcl,acomp,1759,0.00042146404485201677,0.4371232173064015,15004,4024037.0,4173547
2026,advcl->acomp,advcl,acomp,655,0.0004679266633899894,0.4871460382011742,4849,1344566.0,1399792
2019,advcl->advcl,advcl,advcl,98,0.0003987824926347315,0.41198801030810817,912,237871.0,245748
2020,advcl->advcl,advcl,advcl,1463,0.00040978188287912805,0.42871191848437,14066,3412548.0,3570192
2021,advcl->advcl,advcl,advcl,1344,0.000398051561300977,0.41776963237515713,12748,3217084.0,3376447
2022,advcl->advcl,advcl,advcl,1194,0.0004098104643763502,0.42821376402409045,10523,2788327.0,2913542
2023,advcl->advcl,advcl,advcl,1096,0.00035786387915955536,0.3718713270920476,11046,2947256.0,3062617
2024,advcl->advcl,advcl,advcl,1601,0.00044399456446379544,0.45973182788628175,12862,3482465.0,3605900
2025,advcl->advcl,advcl,advcl,1971,0.0004722601662327033,0.4898066295116074,15004,4024037.0,4173547
2026,advcl->advcl,advcl,advcl,692,0.0004943591619326299,0.5146642113514694,4849,1344566.0,1399792
2019,advcl->advmod,advcl,advmod,448,0.0018230056806159156,1.8833737614084944,912,237871.0,245748
2020,advcl->advmod,advcl,advmod,6922,0.0019388313009496409,2.0283963771352083,14066,3412548.0,3570192
2021,advcl->advmod,advcl,advmod,6445,0.0019088112444827358,2.0033670242990236,12748,3217084.0,3376447
2022,advcl->advmod,advcl,advmod,5522,0.0018952875915294854,1.9803989991130881,10523,2788327.0,2913542
2023,advcl->advmod,advcl,advmod,5602,0.0018291546086239318,1.9007510715051559,11046,2947256.0,3062617
2024,advcl->advmod,advcl,advmod,6790,0.0018830250422917996,1.9497683393802954,12862,3482465.0,3605900
2025,advcl->advmod,advcl,advmod,7830,0.0018761020302395061,1.9458071583337826,15004,4024037.0,4173547
2026,advcl->advmod,advcl,advmod,2655,0.0018967103683975904,1.9746148571360573,4849,1344566.0,1399792
2019,advcl->agent,advcl,agent,63,0.0002563601738366131,0.2648494351980695,912,237871.0,245748
2020,advcl->agent,advcl,agent,904,0.00025320767062387683,0.26490469877639816,14066,3412548.0,3570192
2021,advcl->agent,advcl,agent,910,0.0002695140779642032,0.28286485525401267,12748,3217084.0,3376447
2022,advcl->agent,advcl,agent,791,0.0002714908520282186,0.2836826527161269,10523,2788327.0,2913542
2023,advcl->agent,advcl,agent,778,0.0002540311113012172,0.2639743544503769,11046,2947256.0,3062617
2024,advcl->agent,advcl,agent,1005,0.0002787098921212457,0.2885886864620319,12862,3482465.0,3605900
2025,advcl->agent,advcl,agent,1181,0.00028297273278580544,0.2934863670488119,15004,4024037.0,4173547
2026,advcl->agent,advcl,agent,431,0.000307902888429138,0.3205495304804673,4849,1344566.0,1399792
2019,advcl->amod,advcl,amod,19,7.73149730618357e-05,0.07987522648830668,912,237871.0,245748
2020,advcl->amod,advcl,amod,233,6.526259652141958e-05,0.06827742789258935,14066,3412548.0,3570192
2021,advcl->amod,advcl,amod,216,6.397257235194274e-05,0.06714154806029311,12748,3217084.0,3376447
2022,advcl->amod,advcl,amod,176,6.040757263838997e-05,0.06312028682432154,10523,2788327.0,2913542
2023,advcl->amod,advcl,amod,187,6.105889179090953e-05,0.06344884869180009,11046,2947256.0,3062617
2024,advcl->amod,advcl,amod,218,6.045647411187221e-05,0.06259933696390343,12862,3482465.0,3605900
2025,advcl->amod,advcl,amod,297,7.116249080218816e-05,0.07380647841955727,15004,4024037.0,4173547
2026,advcl->amod,advcl,amod,115,8.215506303793707e-05,0.08552945708875577,4849,1344566.0,1399792
2019,advcl->appos,advcl,appos,5,2.034604554258834e-05,0.021019796444291236,912,237871.0,245748
2020,advcl->appos,advcl,appos,106,2.9690279962534226e-05,0.031061834148559963,14066,3412548.0,3570192
2021,advcl->appos,advcl,appos,91,2.695140779642032e-05,0.02828648552540126,12748,3217084.0,3376447
2022,advcl->appos,advcl,appos,87,2.986056147465868e-05,0.03120150541884076,10523,2788327.0,2913542
2023,advcl->appos,advcl,appos,107,3.493744075736535e-05,0.03630495620332947,11046,2947256.0,3062617
2024,advcl->appos,advcl,appos,106,2.9396267228708506e-05,0.030438209716393418,12862,3482465.0,3605900
2025,advcl->appos,advcl,appos,145,3.4742630189620486e-05,0.03603346589507005,15004,4024037.0,4173547
2026,advcl->appos,advcl,appos,57,4.072033559271663e-05,0.04239286133964417,4849,1344566.0,1399792
2019,advcl->attr,advcl,attr,61,0.0002482217556195778,0.256441516620353,912,237871.0,245748
2020,advcl->attr,advcl,attr,1000,0.0002800969807786248,0.2930361712128298,14066,3412548.0,3570192
2021,advcl->attr,advcl,attr,943,0.0002792876654068611,0.2931225917632241,12748,3217084.0,3376447
2022,advcl->attr,advcl,attr,708,0.00024300318993170512,0.2539156992705662,10523,2788327.0,2913542
2023,advcl->attr,advcl,attr,735,0.00023999083137068723,0.24938451223782396,11046,2947256.0,3062617
2024,advcl->attr,advcl,attr,744,0.0002063285171524446,0.21364177385845945,12862,3482465.0,3605900
2025,advcl->attr,advcl,attr,801,0.00019192308125438626,0.19905383573759386,15004,4024037.0,4173547
2026,advcl->attr,advcl,attr,223,0.00015930938310834754,0.1658527733112395,4849,1344566.0,1399792
2019,advcl->aux,advcl,aux,764,0.0031088757589074986,3.2118248966877005,912,237871.0,245748
2020,advcl->aux,advcl,aux,11390,0.003190304611068536,3.3376819901141315,14066,3412548.0,3570192
2021,advcl->aux,advcl,aux,10412,0.003083714922816795,3.2364712889063516,12748,3217084.0,3376447
2022,advcl->aux,advcl,aux,8871,0.0030447475958815763,3.1814776387417973,10523,2788327.0,2913542
2023,advcl->aux,advcl,aux,9572,0.003125431616163562,3.247766736245511,11046,2947256.0,3062617
2024,advcl->aux,advcl,aux,11610,0.003219723231370809,3.3338454227106373,12862,3482465.0,3605900
2025,advcl->aux,advcl,aux,13131,0.003146244669102804,3.2631409701252747,15004,4024037.0,4173547
2026,advcl->aux,advcl,aux,3829,0.0027354064032370524,2.8477590538508335,4849,1344566.0,1399792
2019,advcl->auxpass,advcl,auxpass,205,0.000834187867246122,0.8618116542159406,912,237871.0,245748
2020,advcl->auxpass,advcl,auxpass,3074,0.0008610181189134926,0.9007931903082389,14066,3412548.0,3570192
2021,advcl->auxpass,advcl,auxpass,2683,0.0007946222760197331,0.8339850622489186,12748,3217084.0,3376447
2022,advcl->auxpass,advcl,auxpass,2197,0.0007540649834462658,0.7879276713240592,10523,2788327.0,2913542
2023,advcl->auxpass,advcl,auxpass,2167,0.0007075648048711282,0.7352601877814482,11046,2947256.0,3062617
2024,advcl->auxpass,advcl,auxpass,2353,0.0006525416678221803,0.6756708251195633,12862,3482465.0,3605900
2025,advcl->auxpass,advcl,auxpass,2738,0.0006560366997184888,0.6804112387634607,15004,4024037.0,4173547
2026,advcl->auxpass,advcl,auxpass,991,0.0007079623258312664,0.7370407997822346,4849,1344566.0,1399792
2020,advcl->case,advcl,case,1,2.800969807786248e-07,0.0002930361712128298,14066,3412548.0,3570192
2023,advcl->case,advcl,case,1,3.2651813791930233e-07,0.0003392986561058829,11046,2947256.0,3062617
2019,advcl->cc,advcl,cc,162,0.0006592118755798623,0.6810414047950359,912,237871.0,245748
2020,advcl->cc,advcl,cc,2736,0.0007663453394103174,0.8017469644383024,14066,3412548.0,3570192
2021,advcl->cc,advcl,cc,2491,0.0007377577672624507,0.7743036861953246,12748,3217084.0,3376447
2022,advcl->cc,advcl,cc,2148,0.0007372469660639867,0.7703544096513788,10523,2788327.0,2913542
2023,advcl->cc,advcl,cc,2288,0.0007470734995593637,0.77631532517026,11046,2947256.0,3062617
2024,advcl->cc,advcl,cc,2913,0.0008078427022379988,0.8364764613571134,12862,3482465.0,3605900
2025,advcl->cc,advcl,cc,3646,0.0008735974460093536,0.9060552872650028,15004,4024037.0,4173547
2026,advcl->cc,advcl,cc,1160,0.0008286945489044086,0.8627319149822321,4849,1344566.0,1399792
2019,advcl->ccomp,advcl,ccomp,103,0.0004191285381773199,0.4330078067523994,912,237871.0,245748
2020,advcl->ccomp,advcl,ccomp,1633,0.00045739836961149427,0.4785280675905511,14066,3412548.0,3570192
2021,advcl->ccomp,advcl,ccomp,1553,0.00045995094843781053,0.48273529693349626,12748,3217084.0,3376447
2022,advcl->ccomp,advcl,ccomp,1245,0.00042731493144770183,0.4465043016834109,10523,2788327.0,2913542
2023,advcl->ccomp,advcl,ccomp,1288,0.0004205553616400614,0.4370166690643772,11046,2947256.0,3062617
2024,advcl->ccomp,advcl,ccomp,1658,0.00045980199118111984,0.4760995444318895,12862,3482465.0,3605900
2025,advcl->ccomp,advcl,ccomp,2121,0.0005082008181530003,0.527082628713404,15004,4024037.0,4173547
2026,advcl->ccomp,advcl,ccomp,718,0.0005129333500977288,0.5340013059976231,4849,1344566.0,1399792
2019,advcl->compound,advcl,compound,4,1.6276836434070675e-05,0.016815837155432986,912,237871.0,245748
2020,advcl->compound,advcl,compound,169,4.733638975158759e-05,0.04952311293496824,14066,3412548.0,3570192
2021,advcl->compound,advcl,compound,160,4.7387090631068695e-05,0.049734480044661564,12748,3217084.0,3376447
2022,advcl->compound,advcl,compound,152,5.2170176369518616e-05,0.05451297498464133,10523,2788327.0,2913542
2023,advcl->compound,advcl,compound,164,5.3548974618765585e-05,0.055644979601364795,11046,2947256.0,3062617
2024,advcl->compound,advcl,compound,172,4.7699603427715685e-05,0.04939030255867611,12862,3482465.0,3605900
2025,advcl->compound,advcl,compound,246,5.894266914928717e-05,0.06113263869094643,15004,4024037.0,4173547
2026,advcl->compound,advcl,compound,87,6.215209116783065e-05,0.06470489362366741,4849,1344566.0,1399792
2019,advcl->conj,advcl,conj,199,0.000809772612595016,0.836587898482791,912,237871.0,245748
2020,advcl->conj,advcl,conj,3102,0.0008688608343752941,0.9089982031021981,14066,3412548.0,3570192
2021,advcl->conj,advcl,conj,2957,0.0008757726687254383,0.9191553593254015,12748,3217084.0,3376447
2022,advcl->conj,advcl,conj,2518,0.0008642401585424201,0.903050467179782,10523,2788327.0,2913542
2023,advcl->conj,advcl,conj,2729,0.0008910679983817761,0.9259460325129545,11046,2947256.0,3062617
2024,advcl->conj,advcl,conj,3555,0.000985884245264705,1.0208286371865904,12862,3482465.0,3605900
2025,advcl->conj,advcl,conj,4523,0.0010837304575700237,1.1239956292648403,15004,4024037.0,4173547
2026,advcl->conj,advcl,conj,1481,0.0010580143335581287,1.1014706604212807,4849,1344566.0,1399792
2019,advcl->csubj,advcl,csubj,6,2.441525465110601e-05,0.02522375573314948,912,237871.0,245748
2020,advcl->csubj,advcl,csubj,46,1.2884461115816741e-05,0.013479663875790172,14066,3412548.0,3570192
2021,advcl->csubj,advcl,csubj,41,1.2142941974211354e-05,0.012744460511444525,12748,3217084.0,3376447
2022,advcl->csubj,advcl,csubj,41,1.4072218625988573e-05,0.014704157726120357,10523,2788327.0,2913542
2023,advcl->csubj,advcl,csubj,47,1.5346352482207212e-05,0.015947036836976493,11046,2947256.0,3062617
2024,advcl->csubj,advcl,csubj,44,1.2202224132671455e-05,0.012634728561521796,12862,3482465.0,3605900
2025,advcl->csubj,advcl,csubj,73,1.74911172678779e-05,0.01814098627820768,15004,4024037.0,4173547
2026,advcl->csubj,advcl,csubj,30,2.1431755575114016e-05,0.022312032284023245,4849,1344566.0,1399792
2019,advcl->csubjpass,advcl,csubjpass,2,8.138418217035338e-06,0.008407918577716493,912,237871.0,245748
2020,advcl->csubjpass,advcl,csubjpass,10,2.800969807786248e-06,0.0029303617121282984,14066,3412548.0,3570192
2021,advcl->csubjpass,advcl,csubjpass,5,1.4808465822208967e-06,0.0015542025013956739,12748,3217084.0,3376447
2022,advcl->csubjpass,advcl,csubjpass,5,1.7161242226815333e-06,0.0017931899666000436,10523,2788327.0,2913542
2023,advcl->csubjpass,advcl,csubjpass,6,1.9591088275158142e-06,0.002035791936635297,11046,2947256.0,3062617
2024,advcl->csubjpass,advcl,csubjpass,5,1.3866163787126653e-06,0.0014357646092638403,12862,3482465.0,3605900
2025,advcl->csubjpass,advcl,csubjpass,4,9.584173845412547e-07,0.0009940266453812427,15004,4024037.0,4173547
2026,advcl->csubjpass,advcl,csubjpass,4,2.8575674100152022e-06,0.002974937637869766,4849,1344566.0,1399792
2019,advcl->dative,advcl,dative,5,2.034604554258834e-05,0.021019796444291236,912,237871.0,245748
2020,advcl->dative,advcl,dative,46,1.2884461115816741e-05,0.013479663875790172,14066,3412548.0,3570192
2021,advcl->dative,advcl,dative,41,1.2142941974211354e-05,0.012744460511444525,12748,3217084.0,3376447
2022,advcl->dative,advcl,dative,37,1.2699319247843347e-05,0.013269605752840323,10523,2788327.0,2913542
2023,advcl->dative,advcl,dative,55,1.7958497585561628e-05,0.01866142608582356,11046,2947256.0,3062617
2024,advcl->dative,advcl,dative,52,1.442081033861172e-05,0.01493195193634394,12862,3482465.0,3605900
2025,advcl->dative,advcl,dative,48,1.1501008614495057e-05,0.011928319744574914,15004,4024037.0,4173547
2026,advcl->dative,advcl,dative,10,7.143918525038006e-06,0.007437344094674415,4849,1344566.0,1399792
2019,advcl->dep,advcl,dep,20,8.138418217035337e-05,0.08407918577716494,912,237871.0,245748
2020,advcl->dep,advcl,dep,274,7.674657273334319e-05,0.08029191091231538,14066,3412548.0,3570192
2021,advcl->dep,advcl,dep,237,7.01921279972705e-05,0.07366919856615493,12748,3217084.0,3376447
2022,advcl->dep,advcl,dep,241,8.27171875332499e-05,0.0864317563901221,10523,2788327.0,2913542
2023,advcl->dep,advcl,dep,222,7.248702661808512e-05,0.075324301655506,11046,2947256.0,3062617
2024,advcl->dep,advcl,dep,272,7.543193100196899e-05,0.07810559474395293,12862,3482465.0,3605900
2025,advcl->dep,advcl,dep,396,9.488332106958421e-05,0.09840863789274303,15004,4024037.0,4173547
2026,advcl->dep,advcl,dep,139,9.930046749802827e-05,0.10337908291597438,4849,1344566.0,1399792
2019,advcl->det,advcl,det,3,1.2207627325553006e-05,0.01261187786657474,912,237871.0,245748
2020,advcl->det,advcl,det,104,2.9130086000976977e-05,0.030475761806134302,14066,3412548.0,3570192
2021,advcl->det,advcl,det,91,2.695140779642032e-05,0.02828648552540126,12748,3217084.0,3376447
2022,advcl->det,advcl,det,80,2.7457987562904532e-05,0.0286910394656007,10523,2788327.0,2913542
2023,advcl->det,advcl,det,66,2.1550197102673953e-05,0.02239371130298827,11046,2947256.0,3062617
2024,advcl->det,advcl,det,62,1.719404309603705e-05,0.017803481154871622,12862,3482465.0,3605900
2025,advcl->det,advcl,det,85,2.0366369421501664e-05,0.02112306621435141,15004,4024037.0,4173547
2026,advcl->det,advcl,det,33,2.357493113262542e-05,0.02454323551242557,4849,1344566.0,1399792
2019,advcl->dobj,advcl,dobj,1530,0.006225889936032033,6.432057711953117,912,237871.0,245748
2020,advcl->dobj,advcl,dobj,21973,0.006154570958648723,6.438883790059509,14066,3412548.0,3570192
2021,advcl->dobj,advcl,dobj,20907,0.006192011898898457,6.4987423393358705,12748,3217084.0,3376447
2022,advcl->dobj,advcl,dobj,18199,0.006246348945716245,6.5268528404308395,10523,2788327.0,2913542
2023,advcl->dobj,advcl,dobj,20757,0.006777536988790959,7.042822204789812,11046,2947256.0,3062617
2024,advcl->dobj,advcl,dobj,28392,0.007873762444881999,8.15284575724379,12862,3482465.0,3605900
2025,advcl->dobj,advcl,dobj,36982,0.008861047928776171,9.19027334987228,15004,4024037.0,4173547
2026,advcl->dobj,advcl,dobj,12505,0.008933470115560026,9.300398790390357,4849,1344566.0,1399792
2019,advcl->expl,advcl,expl,11,4.476130019369435e-05,0.04624355217744071,912,237871.0,245748
2020,advcl->expl,advcl,expl,253,7.086453613699207e-05,0.07413815131684595,14066,3412548.0,3570192
2021,advcl->expl,advcl,expl,263,7.789253022481916e-05,0.08175105157341245,12748,3217084.0,3376447
2022,advcl->expl,advcl,expl,167,5.731854903756321e-05,0.059892544884441457,10523,2788327.0,2913542
2023,advcl->expl,advcl,expl,185,6.040585551507094e-05,0.06277025137958833,11046,2947256.0,3062617
2024,advcl->expl,advcl,expl,185,5.130480601236862e-05,0.053123290542762096,12862,3482465.0,3605900
2025,advcl->expl,advcl,expl,168,4.0253530150732697e-05,0.0417491191060122,15004,4024037.0,4173547
2026,advcl->expl,advcl,expl,32,2.2860539280121618e-05,0.02379950110295813,4849,1344566.0,1399792
2019,advcl->intj,advcl,intj,2,8.138418217035338e-06,0.008407918577716493,912,237871.0,245748
2020,advcl->intj,advcl,intj,30,8.402909423358744e-06,0.008791085136384895,14066,3412548.0,3570192
2021,advcl->intj,advcl,intj,41,1.2142941974211354e-05,0.012744460511444525,12748,3217084.0,3376447
2022,advcl->intj,advcl,intj,35,1.2012869558770734e-05,0.012552329766200306,10523,2788327.0,2913542
2023,advcl->intj,advcl,intj,48,1.5672870620126514e-05,0.016286335493082376,11046,2947256.0,3062617
2024,advcl->intj,advcl,intj,49,1.3588840511384121e-05,0.014070493170785637,12862,3482465.0,3605900
2025,advcl->intj,advcl,intj,57,1.365744772971288e-05,0.01416487969668271,15004,4024037.0,4173547
2026,advcl->intj,advcl,intj,19,1.3573445197572211e-05,0.014130953779881389,4849,1344566.0,1399792
2019,advcl->mark,advcl,mark,668,0.0027182316844898027,2.808244804957309,912,237871.0,245748
2020,advcl->mark,advcl,mark,11281,0.0031597740401636664,3.305741047451933,14066,3412548.0,3570192
2021,advcl->mark,advcl,mark,9932,0.0029415536509235893,3.0872678487723664,12748,3217084.0,3376447
2022,advcl->mark,advcl,mark,8005,0.002747514880513135,2.8708971365266702,10523,2788327.0,2913542
2023,advcl->mark,advcl,mark,7966,0.0026010434866651625,2.7028530945394635,11046,2947256.0,3062617
2024,advcl->mark,advcl,mark,9429,0.0026148811669763445,2.7075649001497504,12862,3482465.0,3605900
2025,advcl->mark,advcl,mark,11900,0.0028512917190102326,2.957229270009197,15004,4024037.0,4173547
2026,advcl->mark,advcl,mark,4330,0.0030933167213414567,3.220369992994022,4849,1344566.0,1399792
2020,advcl->meta,advcl,meta,40,1.1203879231144992e-05,0.011721446848513194,14066,3412548.0,3570192
2021,advcl->meta,advcl,meta,34,1.0069756759102097e-05,0.010568577009490581,12748,3217084.0,3376447
2022,advcl->meta,advcl,meta,47,1.6131567693206414e-05,0.016855985686040412,10523,2788327.0,2913542
2023,advcl->meta,advcl,meta,46,1.5019834344287908e-05,0.015607738180870615,11046,2947256.0,3062617
2024,advcl->meta,advcl,meta,59,1.636207326880945e-05,0.016942022389313315,12862,3482465.0,3605900
2025,advcl->meta,advcl,meta,55,1.3178239037442253e-05,0.013667866373992088,15004,4024037.0,4173547
2026,advcl->meta,advcl,meta,17,1.214466149256461e-05,0.012643484960946506,4849,1344566.0,1399792
2019,advcl->neg,advcl,neg,38,0.0001546299461236714,0.15975045297661336,912,237871.0,245748
2020,advcl->neg,advcl,neg,628,0.00017590090392897637,0.1840267155216571,14066,3412548.0,3570192
2021,advcl->neg,advcl,neg,539,0.00015963526156341265,0.16754302965045365,12748,3217084.0,3376447
2022,advcl->neg,advcl,neg,454,0.00015582407941948321,0.16282164896728396,10523,2788327.0,2913542
2023,advcl->neg,advcl,neg,478,0.00015607566992542653,0.16218475761861204,11046,2947256.0,3062617
2024,advcl->neg,advcl,neg,522,0.00014476274993760227,0.14989382520714495,12862,3482465.0,3605900
2025,advcl->neg,advcl,neg,607,0.0001454398381041354,0.15084354343660358,15004,4024037.0,4173547
2026,advcl->neg,advcl,neg,219,0.00015645181569833234,0.1628778356733697,4849,1344566.0,1399792
2019,advcl->nmod,advcl,nmod,5,2.034604554258834e-05,0.021019796444291236,912,237871.0,245748
2020,advcl->nmod,advcl,nmod,29,8.12281244258012e-06,0.008498048965172065,14066,3412548.0,3570192
2021,advcl->nmod,advcl,nmod,39,1.1550603341322994e-05,0.012122779510886257,12748,3217084.0,3376447
2022,advcl->nmod,advcl,nmod,40,1.3728993781452266e-05,0.01434551973280035,10523,2788327.0,2913542
2023,advcl->nmod,advcl,nmod,36,1.1754652965094884e-05,0.012214751619811785,11046,2947256.0,3062617
2024,advcl->nmod,advcl,nmod,41,1.1370254305443856e-05,0.01177326979596349,12862,3482465.0,3605900
2025,advcl->nmod,advcl,nmod,57,1.365744772971288e-05,0.01416487969668271,15004,4024037.0,4173547
2026,advcl->nmod,advcl,nmod,29,2.0717363722610216e-05,0.021568297874555806,4849,1344566.0,1399792
2019,advcl->npadvmod,advcl,npadvmod,52,0.00021159887364291877,0.21860588302062883,912,237871.0,245748
2020,advcl->npadvmod,advcl,npadvmod,891,0.0002495664098737547,0.2610952285506314,14066,3412548.0,3570192
2021,advcl->npadvmod,advcl,npadvmod,896,0.0002653677075339847,0.27851308825010473,12748,3217084.0,3376447
2022,advcl->npadvmod,advcl,npadvmod,714,0.00024506253899892296,0.2560675272304862,10523,2788327.0,2913542
2023,advcl->npadvmod,advcl,npadvmod,769,0.0002510924480599435,0.26092066654542395,11046,2947256.0,3062617
2024,advcl->npadvmod,advcl,npadvmod,891,0.00024709503868659697,0.2558532533708164,12862,3482465.0,3605900
2025,advcl->npadvmod,advcl,npadvmod,1217,0.00029159848924667676,0.3024326068572431,15004,4024037.0,4173547
2026,advcl->npadvmod,advcl,npadvmod,468,0.0003343353869717787,0.3480677036307626,4849,1344566.0,1399792
2019,advcl->nsubj,advcl,nsubj,446,0.0018148672623988801,1.874965842830778,912,237871.0,245748
2020,advcl->nsubj,advcl,nsubj,8419,0.0023581364811752423,2.4670715254408146,14066,3412548.0,3570192
2021,advcl->nsubj,advcl,nsubj,7455,0.002207942254091357,2.31731592958095,12748,3217084.0,3376447
2022,advcl->nsubj,advcl,nsubj,5949,0.002041844600146488,2.133537422260732,10523,2788327.0,2913542
2023,advcl->nsubj,advcl,nsubj,5930,0.0019362525578614628,2.0120410307078855,11046,2947256.0,3062617
2024,advcl->nsubj,advcl,nsubj,6894,0.001911866662969023,1.9796322432529831,12862,3482465.0,3605900
2025,advcl->nsubj,advcl,nsubj,8837,0.002117383606797767,2.1960533663085107,15004,4024037.0,4173547
2026,advcl->nsubj,advcl,nsubj,3256,0.002326059871752375,2.4215992372259896,4849,1344566.0,1399792
2019,advcl->nsubjpass,advcl,nsubjpass,187,0.000760942103292804,0.7861403870164921,912,237871.0,245748
2020,advcl->nsubjpass,advcl,nsubjpass,2877,0.0008058390137001035,0.8430650645793114,14066,3412548.0,3570192
2021,advcl->nsubjpass,advcl,nsubjpass,2505,0.0007419041376926693,0.7786554531992327,12748,3217084.0,3376447
2022,advcl->nsubjpass,advcl,nsubjpass,2045,0.0007018948070767471,0.7334146963394178,10523,2788327.0,2913542
2023,advcl->nsubjpass,advcl,nsubjpass,2027,0.0006618522655624259,0.6877583759266246,11046,2947256.0,3062617
2024,advcl->nsubjpass,advcl,nsubjpass,2246,0.0006228680773177293,0.6449454624813171,12862,3482465.0,3605900
2025,advcl->nsubjpass,advcl,nsubjpass,2607,0.0006246485303747628,0.647856866127225,15004,4024037.0,4173547
2026,advcl->nsubjpass,advcl,nsubjpass,940,0.0006715283413535725,0.699110344899395,4849,1344566.0,1399792
2019,advcl->nummod,advcl,nummod,5,2.034604554258834e-05,0.021019796444291236,912,237871.0,245748
2020,advcl->nummod,advcl,nummod,114,3.1931055808763226e-05,0.0334061235182626,14066,3412548.0,3570192
2021,advcl->nummod,advcl,nummod,107,3.169011685952719e-05,0.033259933529867426,12748,3217084.0,3376447
2022,advcl->nummod,advcl,nummod,99,3.397925960909436e-05,0.03550516133868087,10523,2788327.0,2913542
2023,advcl->nummod,advcl,nummod,89,2.906011427481791e-05,0.030197580393423577,11046,2947256.0,3062617
2024,advcl->nummod,advcl,nummod,103,2.8564297401480907e-05,0.02957675095083511,12862,3482465.0,3605900
2025,advcl->nummod,advcl,nummod,156,3.7378277997108935e-05,0.03876703916986847,15004,4024037.0,4173547
2026,advcl->nummod,advcl,nummod,68,4.857864597025844e-05,0.050573939843786025,4849,1344566.0,1399792
2019,advcl->oprd,advcl,oprd,9,3.662288197665902e-05,0.03783563359972422,912,237871.0,245748
2020,advcl->oprd,advcl,oprd,178,4.985726257859521e-05,0.05216043847588371,14066,3412548.0,3570192
2021,advcl->oprd,advcl,oprd,175,5.1829630377731386e-05,0.05439708754884858,12748,3217084.0,3376447
2022,advcl->oprd,advcl,oprd,132,4.530567947879248e-05,0.04734021511824116,10523,2788327.0,2913542
2023,advcl->oprd,advcl,oprd,130,4.24473579295093e-05,0.044108825293764774,11046,2947256.0,3062617
2024,advcl->oprd,advcl,oprd,151,4.187581463712249e-05,0.043360091199767976,12862,3482465.0,3605900
2025,advcl->oprd,advcl,oprd,180,4.3128782304356465e-05,0.044731199042155924,15004,4024037.0,4173547
2026,advcl->oprd,advcl,oprd,83,5.9294523757815444e-05,0.06172995598579765,4849,1344566.0,1399792
2019,advcl->parataxis,advcl,parataxis,7,2.848446375962368e-05,0.029427715022007726,912,237871.0,245748
2020,advcl->parataxis,advcl,parataxis,53,1.4845139981267113e-05,0.015530917074279981,14066,3412548.0,3570192
2021,advcl->parataxis,advcl,parataxis,57,1.6881651037318222e-05,0.017717908515910683,12748,3217084.0,3376447
2022,advcl->parataxis,advcl,parataxis,57,1.956381613856948e-05,0.0204423656192405,10523,2788327.0,2913542
2023,advcl->parataxis,advcl,parataxis,54,1.7631979447642326e-05,0.018322127429717675,11046,2947256.0,3062617
2024,advcl->parataxis,advcl,parataxis,55,1.525278016583932e-05,0.015793410701902245,12862,3482465.0,3605900
2025,advcl->parataxis,advcl,parataxis,95,2.27624128828548e-05,0.023608132827804516,15004,4024037.0,4173547
2026,advcl->parataxis,advcl,parataxis,44,3.143324151016723e-05,0.032724314016567425,4849,1344566.0,1399792
2019,advcl->pcomp,advcl,pcomp,3,1.2207627325553006e-05,0.01261187786657474,912,237871.0,245748
2020,advcl->pcomp,advcl,pcomp,10,2.800969807786248e-06,0.0029303617121282984,14066,3412548.0,3570192
2021,advcl->pcomp,advcl,pcomp,6,1.777015898665076e-06,0.0018650430016748086,12748,3217084.0,3376447
2022,advcl->pcomp,advcl,pcomp,6,2.05934906721784e-06,0.0021518279599200526,10523,2788327.0,2913542
2023,advcl->pcomp,advcl,pcomp,5,1.6325906895965118e-06,0.0016964932805294145,11046,2947256.0,3062617
2024,advcl->pcomp,advcl,pcomp,5,1.3866163787126653e-06,0.0014357646092638403,12862,3482465.0,3605900
2025,advcl->pcomp,advcl,pcomp,7,1.6772304229471957e-06,0.0017395466294171749,15004,4024037.0,4173547
2026,advcl->pcomp,advcl,pcomp,4,2.8575674100152022e-06,0.002974937637869766,4849,1344566.0,1399792
2019,advcl->pobj,advcl,pobj,6,2.441525465110601e-05,0.02522375573314948,912,237871.0,245748
2020,advcl->pobj,advcl,pobj,86,2.408834034696173e-05,0.025201110724303366,14066,3412548.0,3570192
2021,advcl->pobj,advcl,pobj,96,2.8432254378641217e-05,0.029840688026796937,12748,3217084.0,3376447
2022,advcl->pobj,advcl,pobj,61,2.0936715516714706e-05,0.021876917592520532,10523,2788327.0,2913542
2023,advcl->pobj,advcl,pobj,87,2.8407077998979306e-05,0.02951898308121181,11046,2947256.0,3062617
2024,advcl->pobj,advcl,pobj,86,2.3849801713857842e-05,0.024695151279338055,12862,3482465.0,3605900
2025,advcl->pobj,advcl,pobj,137,3.2825795420537973e-05,0.03404541260430756,15004,4024037.0,4173547
2026,advcl->pobj,advcl,pobj,39,2.7861282247648223e-05,0.029005641969230223,4849,1344566.0,1399792
2020,advcl->poss,advcl,poss,1,2.800969807786248e-07,0.0002930361712128298,14066,3412548.0,3570192
2021,advcl->poss,advcl,poss,2,5.923386328883587e-07,0.0006216810005582696,12748,3217084.0,3376447
2022,advcl->poss,advcl,poss,1,3.4322484453630666e-07,0.00035863799332000874,10523,2788327.0,2913542
2023,advcl->poss,advcl,poss,1,3.2651813791930233e-07,0.0003392986561058829,11046,2947256.0,3062617
2024,advcl->poss,advcl,poss,3,8.319698272275992e-07,0.0008614587655583042,12862,3482465.0,3605900
2025,advcl->poss,advcl,poss,4,9.584173845412547e-07,0.0009940266453812427,15004,4024037.0,4173547
2026,advcl->poss,advcl,poss,1,7.143918525038006e-07,0.0007437344094674415,4849,1344566.0,1399792
2020,advcl->preconj,advcl,preconj,24,6.722327538686995e-06,0.007032868109107916,14066,3412548.0,3570192
2021,advcl->preconj,advcl,preconj,27,7.996571543992842e-06,0.00839269350753664,12748,3217084.0,3376447
2022,advcl->preconj,advcl,preconj,23,7.894171424335053e-06,0.0082486738463602,10523,2788327.0,2913542
2023,advcl->preconj,advcl,preconj,19,6.203844620466744e-06,0.0064466744660117755,11046,2947256.0,3062617
2024,advcl->preconj,advcl,preconj,26,7.21040516930586e-06,0.00746597596817197,12862,3482465.0,3605900
2025,advcl->preconj,advcl,preconj,33,7.906943422465351e-06,0.008200719824395252,15004,4024037.0,4173547
2026,advcl->preconj,advcl,preconj,8,5.7151348200304045e-06,0.005949875275739532,4849,1344566.0,1399792
2025,advcl->predet,advcl,predet,1,2.3960434613531366e-07,0.00024850666134531066,15004,4024037.0,4173547
2019,advcl->prep,advcl,prep,940,0.003825056562006608,3.9517217315267517,912,237871.0,245748
2020,advcl->prep,advcl,prep,13698,0.0038367684427056026,4.014009473273343,14066,3412548.0,3570192
2021,advcl->prep,advcl,prep,13255,0.003925724289467597,4.120190831199931,12748,3217084.0,3376447
2022,advcl->prep,advcl,prep,10902,0.003741837255134815,3.9098714031747352,10523,2788327.0,2913542
2023,advcl->prep,advcl,prep,11529,0.0037644276120716367,3.9117742062447243,11046,2947256.0,3062617
2024,advcl->prep,advcl,prep,14474,0.004013977093097424,4.156251390896966,12862,3482465.0,3605900
2025,advcl->prep,advcl,prep,17021,0.004078305575569174,4.229831882758534,15004,4024037.0,4173547
2026,advcl->prep,advcl,prep,5607,0.00400559511698881,4.1701188338839446,4849,1344566.0,1399792
2019,advcl->prt,advcl,prt,9,3.662288197665902e-05,0.03783563359972422,912,237871.0,245748
2020,advcl->prt,advcl,prt,199,5.5739299174946335e-05,0.058314198071353136,14066,3412548.0,3570192
2021,advcl->prt,advcl,prt,135,3.998285771996421e-05,0.041963467537683194,12748,3217084.0,3376447
2022,advcl->prt,advcl,prt,134,4.5992129167865093e-05,0.048057491104881174,10523,2788327.0,2913542
2023,advcl->prt,advcl,prt,125,4.0814767239912796e-05,0.04241233201323536,11046,2947256.0,3062617
2024,advcl->prt,advcl,prt,121,3.35561163648465e-05,0.03474550354418494,12862,3482465.0,3605900
2025,advcl->prt,advcl,prt,98,2.348122592126074e-05,0.02435365281184045,15004,4024037.0,4173547
2026,advcl->prt,advcl,prt,43,3.0718849657663426e-05,0.03198057960709999,4849,1344566.0,1399792
2022,advcl->quantmod,advcl,quantmod,2,6.864496890726133e-07,0.0007172759866400175,10523,2788327.0,2913542
2023,advcl->quantmod,advcl,quantmod,6,1.9591088275158142e-06,0.002035791936635297,11046,2947256.0,3062617
2024,advcl->quantmod,advcl,quantmod,1,2.773232757425331e-07,0.0002871529218527681,12862,3482465.0,3605900
2025,advcl->quantmod,advcl,quantmod,4,9.584173845412547e-07,0.0009940266453812427,15004,4024037.0,4173547
2019,advcl->relcl,advcl,relcl,2,8.138418217035338e-06,0.008407918577716493,912,237871.0,245748
2020,advcl->relcl,advcl,relcl,19,5.321842634793871e-06,0.0055676872530437665,14066,3412548.0,3570192
2021,advcl->relcl,advcl,relcl,17,5.034878379551049e-06,0.0052842885047452905,12748,3217084.0,3376447
2022,advcl->relcl,advcl,relcl,15,5.1483726680446e-06,0.005379569899800131,10523,2788327.0,2913542
2023,advcl->relcl,advcl,relcl,16,5.224290206708837e-06,0.005428778497694127,11046,2947256.0,3062617
2024,advcl->relcl,advcl,relcl,24,6.6557586178207936e-06,0.006891670124466434,12862,3482465.0,3605900
2025,advcl->relcl,advcl,relcl,20,4.792086922706274e-06,0.004970133226906213,15004,4024037.0,4173547
2026,advcl->relcl,advcl,relcl,7,5.000742967526604e-06,0.00520614086627209,4849,1344566.0,1399792
2019,advcl->xcomp,advcl,xcomp,94,0.00038250565620066086,0.3951721731526752,912,237871.0,245748
2020,advcl->xcomp,advcl,xcomp,1399,0.0003918556761092961,0.4099576035267489,14066,3412548.0,3570192
2021,advcl->xcomp,advcl,xcomp,1238,0.000366657613757894,0.3848205393455688,12748,3217084.0,3376447
2022,advcl->xcomp,advcl,xcomp,1033,0.0003545512644060048,0.370473047099569,10523,2788327.0,2913542
2023,advcl->xcomp,advcl,xcomp,1154,0.0003768019311588749,0.39155064914618887,11046,2947256.0,3062617
2024,advcl->xcomp,advcl,xcomp,1411,0.0003913031420727142,0.4051727727342558,12862,3482465.0,3605900
2025,advcl->xcomp,advcl,xcomp,1663,0.0003984620276230266,0.4132665778172517,15004,4024037.0,4173547
2026,advcl->xcomp,advcl,xcomp,528,0.0003771988981220067,0.39269176819880913,4849,1344566.0,1399792
2020,advmod->acl,advmod,acl,1,2.800969807786248e-07,0.0002930361712128298,14066,3412548.0,3570192
2021,advmod->acl,advmod,acl,1,2.9616931644417936e-07,0.0003108405002791348,12748,3217084.0,3376447
2022,advmod->acl,advmod,acl,1,3.4322484453630666e-07,0.00035863799332000874,10523,2788327.0,2913542
2023,advmod->acl,advmod,acl,1,3.2651813791930233e-07,0.0003392986561058829,11046,2947256.0,3062617
2024,advmod->acl,advmod,acl,2,5.546465514850662e-07,0.0005743058437055362,12862,3482465.0,3605900
2025,advmod->acl,advmod,acl,3,7.18813038405941e-07,0.0007455199840359321,15004,4024037.0,4173547
2026,advmod->acl,advmod,acl,2,1.4287837050076011e-06,0.001487468818934883,4849,1344566.0,1399792
2021,advmod->acomp,advmod,acomp,1,2.9616931644417936e-07,0.0003108405002791348,12748,3217084.0,3376447
2023,advmod->acomp,advmod,acomp,3,9.795544137579071e-07,0.0010178959683176485,11046,2947256.0,3062617
2025,advmod->acomp,advmod,acomp,2,4.792086922706273e-07,0.0004970133226906213,15004,4024037.0,4173547
2019,advmod->advcl,advmod,advcl,1,4.069209108517669e-06,0.0042039592888582465,912,237871.0,245748
2020,advmod->advcl,advmod,advcl,83,2.324804940462586e-05,0.024322002210664877,14066,3412548.0,3570192
2021,advmod->advcl,advmod,advcl,74,2.1916529416869273e-05,0.023002197020655972,12748,3217084.0,3376447
2022,advmod->advcl,advmod,advcl,36,1.235609440330704e-05,0.012910967759520314,10523,2788327.0,2913542
2023,advmod->advcl,advmod,advcl,31,1.0122062275498373e-05,0.01051825833928237,11046,2947256.0,3062617
2024,advmod->advcl,advmod,advcl,41,1.1370254305443856e-05,0.01177326979596349,12862,3482465.0,3605900
2025,advmod->advcl,advmod,advcl,36,8.625756460871292e-06,0.008946239808431185,15004,4024037.0,4173547
2026,advmod->advcl,advmod,advcl,12,8.572702230045608e-06,0.008924812913609298,4849,1344566.0,1399792
2019,advmod->advmod,advmod,advmod,270,0.0010986864592997705,1.1350690079917267,912,237871.0,245748
2020,advmod->advmod,advmod,advmod,4090,0.0011455966513845754,1.198517940260474,14066,3412548.0,3570192
2021,advmod->advmod,advmod,advmod,3739,0.0011073770741847865,1.162232630543685,12748,3217084.0,3376447
2022,advmod->advmod,advmod,advmod,3046,0.0010454628764575901,1.0924113276527467,10523,2788327.0,2913542
2023,advmod->advmod,advmod,advmod,2717,0.0008871497807267445,0.9218744486396838,11046,2947256.0,3062617
2024,advmod->advmod,advmod,advmod,3047,0.0008450040211874983,0.8749549528853844,12862,3482465.0,3605900
2025,advmod->advmod,advmod,advmod,3480,0.0008338231245508917,0.8648031814816812,15004,4024037.0,4173547
2026,advmod->advmod,advmod,advmod,1258,0.0008987049504497811,0.9356178871100415,4849,1344566.0,1399792
2022,advmod->agent,advmod,agent,2,6.864496890726133e-07,0.0007172759866400175,10523,2788327.0,2913542
2025,advmod->agent,advmod,agent,1,2.3960434613531366e-07,0.00024850666134531066,15004,4024037.0,4173547
2019,advmod->amod,advmod,amod,4,1.6276836434070675e-05,0.016815837155432986,912,237871.0,245748
2020,advmod->amod,advmod,amod,153,4.2854838059129594e-05,0.044834534195562964,14066,3412548.0,3570192
2021,advmod->amod,advmod,amod,105,3.109777822663883e-05,0.03263825252930915,12748,3217084.0,3376447
2022,advmod->amod,advmod,amod,91,3.123346085280391e-05,0.0326360573921208,10523,2788327.0,2913542
2023,advmod->amod,advmod,amod,73,2.383582406810907e-05,0.024768801895729452,11046,2947256.0,3062617
2024,advmod->amod,advmod,amod,88,2.440444826534291e-05,0.02526945712304359,12862,3482465.0,3605900
2025,advmod->amod,advmod,amod,103,2.467924765193731e-05,0.025596186118567,15004,4024037.0,4173547
2026,advmod->amod,advmod,amod,40,2.8575674100152024e-05,0.02974937637869766,4849,1344566.0,1399792
2019,advmod->appos,advmod,appos,5,2.034604554258834e-05,0.021019796444291236,912,237871.0,245748
2020,advmod->appos,advmod,appos,39,1.0923782250366367e-05,0.011428410677300363,14066,3412548.0,3570192
2021,advmod->appos,advmod,appos,49,1.4512296505764788e-05,0.015231184513677604,12748,3217084.0,3376447
2022,advmod->appos,advmod,appos,42,1.441544347052488e-05,0.015062795719440367,10523,2788327.0,2913542
2023,advmod->appos,advmod,appos,43,1.404027993053e-05,0.014589842212552964,11046,2947256.0,3062617
2024,advmod->appos,advmod,appos,60,1.6639396544551984e-05,0.017229175311166085,12862,3482465.0,3605900
2025,advmod->appos,advmod,appos,68,1.629309553720133e-05,0.01689845297148113,15004,4024037.0,4173547
2026,advmod->appos,advmod,appos,23,1.6431012607587414e-05,0.017105891417751155,4849,1344566.0,1399792
2019,advmod->attr,advmod,attr,1,4.069209108517669e-06,0.0042039592888582465,912,237871.0,245748
2021,advmod->attr,advmod,attr,1,2.9616931644417936e-07,0.0003108405002791348,12748,3217084.0,3376447
2024,advmod->attr,advmod,attr,1,2.773232757425331e-07,0.0002871529218527681,12862,3482465.0,3605900
2026,advmod->attr,advmod,attr,1,7.143918525038006e-07,0.0007437344094674415,4849,1344566.0,1399792
2020,advmod->aux,advmod,aux,8,2.2407758462289984e-06,0.0023442893697026386,14066,3412548.0,3570192
2021,advmod->aux,advmod,aux,11,3.2578624808859728e-06,0.0034192455030704824,12748,3217084.0,3376447
2022,advmod->aux,advmod,aux,5,1.7161242226815333e-06,0.0017931899666000436,10523,2788327.0,2913542
2023,advmod->aux,advmod,aux,13,4.2447357929509305e-06,0.004410882529376477,11046,2947256.0,3062617
2024,advmod->aux,advmod,aux,15,4.159849136137996e-06,0.004307293827791521,12862,3482465.0,3605900
2025,advmod->aux,advmod,aux,15,3.594065192029705e-06,0.0037275999201796606,15004,4024037.0,4173547
2026,advmod->aux,advmod,aux,7,5.000742967526604e-06,0.00520614086627209,4849,1344566.0,1399792
2021,advmod->auxpass,advmod,auxpass,1,2.9616931644417936e-07,0.0003108405002791348,12748,3217084.0,3376447
2023,advmod->auxpass,advmod,auxpass,1,3.2651813791930233e-07,0.0003392986561058829,11046,2947256.0,3062617
2019,advmod->cc,advmod,cc,75,0.00030519068313882513,0.31529694666436847,912,237871.0,245748
2020,advmod->cc,advmod,cc,912,0.0002554484464701058,0.2672489881461008,14066,3412548.0,3570192
2021,advmod->cc,advmod,cc,871,0.0002579634746228802,0.27074207574312636,12748,3217084.0,3376447
2022,advmod->cc,advmod,cc,762,0.0002615373315366657,0.27328215090984664,10523,2788327.0,2913542
2023,advmod->cc,advmod,cc,789,0.00025762281081832957,0.2677066396675416,11046,2947256.0,3062617
2024,advmod->cc,advmod,cc,868,0.00024071660334451872,0.24924873616820273,12862,3482465.0,3605900
2025,advmod->cc,advmod,cc,929,0.0002225924375597064,0.23086268838979362,15004,4024037.0,4173547
2026,advmod->cc,advmod,cc,325,0.00023217735206373518,0.24171368307691848,4849,1344566.0,1399792
2020,advmod->ccomp,advmod,ccomp,15,4.201454711679372e-06,0.004395542568192448,14066,3412548.0,3570192
2021,advmod->ccomp,advmod,ccomp,9,2.665523847997614e-06,0.002797564502512213,12748,3217084.0,3376447
2022,advmod->ccomp,advmod,ccomp,9,3.08902360082676e-06,0.0032277419398800784,10523,2788327.0,2913542
2023,advmod->ccomp,advmod,ccomp,3,9.795544137579071e-07,0.0010178959683176485,11046,2947256.0,3062617
2024,advmod->ccomp,advmod,ccomp,3,8.319698272275992e-07,0.0008614587655583042,12862,3482465.0,3605900
2025,advmod->ccomp,advmod,ccomp,7,1.6772304229471957e-06,0.0017395466294171749,15004,4024037.0,4173547
2026,advmod->ccomp,advmod,ccomp,4,2.8575674100152022e-06,0.002974937637869766,4849,1344566.0,1399792
2019,advmod->compound,advmod,compound,2,8.138418217035338e-06,0.008407918577716493,912,237871.0,245748
2020,advmod->compound,advmod,compound,59,1.6525721865938862e-05,0.01728913410155696,14066,3412548.0,3570192
2021,advmod->compound,advmod,compound,67,1.9843344201760016e-05,0.020826313518702032,12748,3217084.0,3376447
2022,advmod->compound,advmod,compound,73,2.5055413651150388e-05,0.02618057351236064,10523,2788327.0,2913542
2023,advmod->compound,advmod,compound,62,2.0244124550996745e-05,0.02103651667856474,11046,2947256.0,3062617
2024,advmod->compound,advmod,compound,57,1.5807426717324385e-05,0.016367716545607782,12862,3482465.0,3605900
2025,advmod->compound,advmod,compound,92,2.2043599844448857e-05,0.022862612843768584,15004,4024037.0,4173547
2026,advmod->compound,advmod,compound,36,2.571810669013682e-05,0.026774438740827897,4849,1344566.0,1399792
2019,advmod->conj,advmod,conj,73,0.0002970522649217898,0.306889028086652,912,237871.0,245748
2020,advmod->conj,advmod,conj,803,0.0002249178755652357,0.23530804548390236,14066,3412548.0,3570192
2021,advmod->conj,advmod,conj,736,0.00021798061690291598,0.22877860820544318,12748,3217084.0,3376447
2022,advmod->conj,advmod,conj,659,0.00022618517254942609,0.23634243759788576,10523,2788327.0,2913542
2023,advmod->conj,advmod,conj,685,0.0002236649244747221,0.23241957943252978,11046,2947256.0,3062617
2024,advmod->conj,advmod,conj,758,0.00021021104301284006,0.2176619147643982,12862,3482465.0,3605900
2025,advmod->conj,advmod,conj,841,0.0002015072550997988,0.2089941021914063,15004,4024037.0,4173547
2026,advmod->conj,advmod,conj,282,0.00020145850240607175,0.20973310346981852,4849,1344566.0,1399792
2022,advmod->csubj,advmod,csubj,2,6.864496890726133e-07,0.0007172759866400175,10523,2788327.0,2913542
2019,advmod->dep,advmod,dep,2,8.138418217035338e-06,0.008407918577716493,912,237871.0,245748
2020,advmod->dep,advmod,dep,37,1.0363588288809118e-05,0.010842338334874703,14066,3412548.0,3570192
2021,advmod->dep,advmod,dep,31,9.18124880976956e-06,0.009636055508653178,12748,3217084.0,3376447
2022,advmod->dep,advmod,dep,38,1.3042544092379654e-05,0.013628243746160333,10523,2788327.0,2913542
2023,advmod->dep,advmod,dep,41,1.3387243654691396e-05,0.013911244900341199,11046,2947256.0,3062617
2024,advmod->dep,advmod,dep,41,1.1370254305443856e-05,0.01177326979596349,12862,3482465.0,3605900
2025,advmod->dep,advmod,dep,60,1.437626076811882e-05,0.014910399680718642,15004,4024037.0,4173547
2026,advmod->dep,advmod,dep,27,1.9288580017602614e-05,0.020080829055620922,4849,1344566.0,1399792
2019,advmod->det,advmod,det,3,1.2207627325553006e-05,0.01261187786657474,912,237871.0,245748
2020,advmod->det,advmod,det,35,9.803394327251867e-06,0.010256265992449044,14066,3412548.0,3570192
2021,advmod->det,advmod,det,29,8.5889101768812e-06,0.009014374508094909,12748,3217084.0,3376447
2022,advmod->det,advmod,det,23,7.894171424335053e-06,0.0082486738463602,10523,2788327.0,2913542
2023,advmod->det,advmod,det,27,8.815989723821163e-06,0.009161063714858838,11046,2947256.0,3062617
2024,advmod->det,advmod,det,32,8.874344823761059e-06,0.00918889349928858,12862,3482465.0,3605900
2025,advmod->det,advmod,det,24,5.750504307247528e-06,0.005964159872287457,15004,4024037.0,4173547
2026,advmod->det,advmod,det,6,4.286351115022804e-06,0.004462406456804649,4849,1344566.0,1399792
2020,advmod->dobj,advmod,dobj,4,1.1203879231144992e-06,0.0011721446848513193,14066,3412548.0,3570192
2021,advmod->dobj,advmod,dobj,16,4.73870906310687e-06,0.004973448004466157,12748,3217084.0,3376447
2022,advmod->dobj,advmod,dobj,7,2.4025739117541465e-06,0.002510465953240061,10523,2788327.0,2913542
2023,advmod->dobj,advmod,dobj,6,1.9591088275158142e-06,0.002035791936635297,11046,2947256.0,3062617
2024,advmod->dobj,advmod,dobj,22,6.101112066335728e-06,0.006317364280760898,12862,3482465.0,3605900
2025,advmod->dobj,advmod,dobj,17,4.073273884300333e-06,0.004224613242870282,15004,4024037.0,4173547
2026,advmod->dobj,advmod,dobj,3,2.143175557511402e-06,0.0022312032284023246,4849,1344566.0,1399792
2024,advmod->expl,advmod,expl,1,2.773232757425331e-07,0.0002871529218527681,12862,3482465.0,3605900
2019,advmod->intj,advmod,intj,1,4.069209108517669e-06,0.0042039592888582465,912,237871.0,245748
2020,advmod->intj,advmod,intj,3,8.402909423358744e-07,0.0008791085136384895,14066,3412548.0,3570192
2021,advmod->intj,advmod,intj,7,2.0731852151092556e-06,0.0021758835019539432,12748,3217084.0,3376447
2022,advmod->intj,advmod,intj,6,2.05934906721784e-06,0.0021518279599200526,10523,2788327.0,2913542
2023,advmod->intj,advmod,intj,7,2.2856269654351162e-06,0.00237509059274118,11046,2947256.0,3062617
2024,advmod->intj,advmod,intj,6,1.6639396544551984e-06,0.0017229175311166084,12862,3482465.0,3605900
2025,advmod->intj,advmod,intj,6,1.437626076811882e-06,0.0014910399680718642,15004,4024037.0,4173547
2026,advmod->intj,advmod,intj,3,2.143175557511402e-06,0.0022312032284023246,4849,1344566.0,1399792
2019,advmod->mark,advmod,mark,1,4.069209108517669e-06,0.0042039592888582465,912,237871.0,245748
2020,advmod->mark,advmod,mark,12,3.3611637693434976e-06,0.003516434054553958,14066,3412548.0,3570192
2021,advmod->mark,advmod,mark,10,2.9616931644417935e-06,0.0031084050027913477,12748,3217084.0,3376447
2022,advmod->mark,advmod,mark,7,2.4025739117541465e-06,0.002510465953240061,10523,2788327.0,2913542
2023,advmod->mark,advmod,mark,4,1.3060725516772093e-06,0.0013571946244235317,11046,2947256.0,3062617
2024,advmod->mark,advmod,mark,8,2.2185862059402647e-06,0.002297223374822145,12862,3482465.0,3605900
2025,advmod->mark,advmod,mark,10,2.396043461353137e-06,0.0024850666134531066,15004,4024037.0,4173547
2026,advmod->mark,advmod,mark,2,1.4287837050076011e-06,0.001487468818934883,4849,1344566.0,1399792
2020,advmod->meta,advmod,meta,1,2.800969807786248e-07,0.0002930361712128298,14066,3412548.0,3570192
2021,advmod->meta,advmod,meta,2,5.923386328883587e-07,0.0006216810005582696,12748,3217084.0,3376447
2023,advmod->meta,advmod,meta,1,3.2651813791930233e-07,0.0003392986561058829,11046,2947256.0,3062617
2024,advmod->meta,advmod,meta,3,8.319698272275992e-07,0.0008614587655583042,12862,3482465.0,3605900
2019,advmod->neg,advmod,neg,11,4.476130019369435e-05,0.04624355217744071,912,237871.0,245748
2020,advmod->neg,advmod,neg,108,3.025047392409148e-05,0.03164790649098562,14066,3412548.0,3570192
2021,advmod->neg,advmod,neg,108,3.198628617597137e-05,0.03357077403014656,12748,3217084.0,3376447
2022,advmod->neg,advmod,neg,122,4.187343103342941e-05,0.043753835185041064,10523,2788327.0,2913542
2023,advmod->neg,advmod,neg,76,2.4815378481866977e-05,0.025786697864047102,11046,2947256.0,3062617
2024,advmod->neg,advmod,neg,84,2.3295155162372777e-05,0.024120845435632518,12862,3482465.0,3605900
2025,advmod->neg,advmod,neg,101,2.4200038959666682e-05,0.02509917279587638,15004,4024037.0,4173547
2026,advmod->neg,advmod,neg,40,2.8575674100152024e-05,0.02974937637869766,4849,1344566.0,1399792
2020,advmod->nmod,advmod,nmod,7,1.9606788654503734e-06,0.0020512531984898086,14066,3412548.0,3570192
2021,advmod->nmod,advmod,nmod,4,1.1846772657767174e-06,0.0012433620011165392,12748,3217084.0,3376447
2022,advmod->nmod,advmod,nmod,12,4.11869813443568e-06,0.004303655919840105,10523,2788327.0,2913542
2023,advmod->nmod,advmod,nmod,11,3.591699517112326e-06,0.0037322852171647117,11046,2947256.0,3062617
2024,advmod->nmod,advmod,nmod,6,1.6639396544551984e-06,0.0017229175311166084,12862,3482465.0,3605900
2025,advmod->nmod,advmod,nmod,17,4.073273884300333e-06,0.004224613242870282,15004,4024037.0,4173547
2026,advmod->nmod,advmod,nmod,6,4.286351115022804e-06,0.004462406456804649,4849,1344566.0,1399792
2019,advmod->npadvmod,advmod,npadvmod,35,0.0001424223187981184,0.14713857511003864,912,237871.0,245748
2020,advmod->npadvmod,advmod,npadvmod,648,0.00018150284354454885,0.18988743894591373,14066,3412548.0,3570192
2021,advmod->npadvmod,advmod,npadvmod,704,0.00020850319877670226,0.21883171219651087,12748,3217084.0,3376447
2022,advmod->npadvmod,advmod,npadvmod,542,0.00018602786573867821,0.19438179237944472,10523,2788327.0,2913542
2023,advmod->npadvmod,advmod,npadvmod,526,0.00017174854054555303,0.1784710931116944,11046,2947256.0,3062617
2024,advmod->npadvmod,advmod,npadvmod,548,0.00015197315510690813,0.15735980117531692,12862,3482465.0,3605900
2025,advmod->npadvmod,advmod,npadvmod,593,0.00014208537725824102,0.14736445017776922,15004,4024037.0,4173547
2026,advmod->npadvmod,advmod,npadvmod,216,0.0001543086401408209,0.16064663244496738,4849,1344566.0,1399792
2020,advmod->nsubj,advmod,nsubj,23,6.4422305579083705e-06,0.006739831937895086,14066,3412548.0,3570192
2021,advmod->nsubj,advmod,nsubj,28,8.292740860437022e-06,0.008703534007815773,12748,3217084.0,3376447
2022,advmod->nsubj,advmod,nsubj,26,8.923845957943974e-06,0.009324587826320226,10523,2788327.0,2913542
2023,advmod->nsubj,advmod,nsubj,19,6.203844620466744e-06,0.0064466744660117755,11046,2947256.0,3062617
2024,advmod->nsubj,advmod,nsubj,19,5.2691422391081285e-06,0.005455905515202594,12862,3482465.0,3605900
2025,advmod->nsubj,advmod,nsubj,26,6.2297129995181555e-06,0.0064611731949780786,15004,4024037.0,4173547
2026,advmod->nsubj,advmod,nsubj,9,6.429526672534205e-06,0.006693609685206974,4849,1344566.0,1399792
2023,advmod->nsubjpass,advmod,nsubjpass,1,3.2651813791930233e-07,0.0003392986561058829,11046,2947256.0,3062617
2019,advmod->nummod,advmod,nummod,4,1.6276836434070675e-05,0.016815837155432986,912,237871.0,245748
2020,advmod->nummod,advmod,nummod,53,1.4845139981267113e-05,0.015530917074279981,14066,3412548.0,3570192
2021,advmod->nummod,advmod,nummod,47,1.3919957872876429e-05,0.014609503513119333,12748,3217084.0,3376447
2022,advmod->nummod,advmod,nummod,38,1.3042544092379654e-05,0.013628243746160333,10523,2788327.0,2913542
2023,advmod->nummod,advmod,nummod,47,1.5346352482207212e-05,0.015947036836976493,11046,2947256.0,3062617
2024,advmod->nummod,advmod,nummod,50,1.3866163787126654e-05,0.014357646092638406,12862,3482465.0,3605900
2025,advmod->nummod,advmod,nummod,74,1.773072161401321e-05,0.01838949293955299,15004,4024037.0,4173547
2026,advmod->nummod,advmod,nummod,26,1.8574188165098813e-05,0.01933709464615348,4849,1344566.0,1399792
2020,advmod->oprd,advmod,oprd,2,5.601939615572496e-07,0.0005860723424256596,14066,3412548.0,3570192
2025,advmod->oprd,advmod,oprd,1,2.3960434613531366e-07,0.00024850666134531066,15004,4024037.0,4173547
2019,advmod->parataxis,advmod,parataxis,1,4.069209108517669e-06,0.0042039592888582465,912,237871.0,245748
2020,advmod->parataxis,advmod,parataxis,5,1.400484903893124e-06,0.0014651808560641492,14066,3412548.0,3570192
2021,advmod->parataxis,advmod,parataxis,7,2.0731852151092556e-06,0.0021758835019539432,12748,3217084.0,3376447
2022,advmod->parataxis,advmod,parataxis,9,3.08902360082676e-06,0.0032277419398800784,10523,2788327.0,2913542
2023,advmod->parataxis,advmod,parataxis,6,1.9591088275158142e-06,0.002035791936635297,11046,2947256.0,3062617
2024,advmod->parataxis,advmod,parataxis,3,8.319698272275992e-07,0.0008614587655583042,12862,3482465.0,3605900
2025,advmod->parataxis,advmod,parataxis,6,1.437626076811882e-06,0.0014910399680718642,15004,4024037.0,4173547
2026,advmod->parataxis,advmod,parataxis,3,2.143175557511402e-06,0.0022312032284023246,4849,1344566.0,1399792
2020,advmod->pcomp,advmod,pcomp,8,2.2407758462289984e-06,0.0023442893697026386,14066,3412548.0,3570192
2021,advmod->pcomp,advmod,pcomp,8,2.369354531553435e-06,0.0024867240022330784,12748,3217084.0,3376447
2022,advmod->pcomp,advmod,pcomp,5,1.7161242226815333e-06,0.0017931899666000436,10523,2788327.0,2913542
2023,advmod->pcomp,advmod,pcomp,3,9.795544137579071e-07,0.0010178959683176485,11046,2947256.0,3062617
2024,advmod->pcomp,advmod,pcomp,2,5.546465514850662e-07,0.0005743058437055362,12862,3482465.0,3605900
2025,advmod->pcomp,advmod,pcomp,3,7.18813038405941e-07,0.0007455199840359321,15004,4024037.0,4173547
2026,advmod->pcomp,advmod,pcomp,1,7.143918525038006e-07,0.0007437344094674415,4849,1344566.0,1399792
2019,advmod->pobj,advmod,pobj,3,1.2207627325553006e-05,0.01261187786657474,912,237871.0,245748
2020,advmod->pobj,advmod,pobj,39,1.0923782250366367e-05,0.011428410677300363,14066,3412548.0,3570192
2021,advmod->pobj,advmod,pobj,50,1.4808465822208968e-05,0.015542025013956738,12748,3217084.0,3376447
2022,advmod->pobj,advmod,pobj,28,9.610295647016586e-06,0.010041863812960244,10523,2788327.0,2913542
2023,advmod->pobj,advmod,pobj,39,1.2734207378852792e-05,0.013232647588129432,11046,2947256.0,3062617
2024,advmod->pobj,advmod,pobj,53,1.4698133614354253e-05,0.015219104858196709,12862,3482465.0,3605900
2025,advmod->pobj,advmod,pobj,71,1.701190857560727e-05,0.017643972955517062,15004,4024037.0,4173547
2026,advmod->pobj,advmod,pobj,21,1.5002228902579811e-05,0.01561842259881627,4849,1344566.0,1399792
2019,advmod->poss,advmod,poss,1,4.069209108517669e-06,0.0042039592888582465,912,237871.0,245748
2021,advmod->poss,advmod,poss,2,5.923386328883587e-07,0.0006216810005582696,12748,3217084.0,3376447
2022,advmod->poss,advmod,poss,1,3.4322484453630666e-07,0.00035863799332000874,10523,2788327.0,2913542
2019,advmod->preconj,advmod,preconj,1,4.069209108517669e-06,0.0042039592888582465,912,237871.0,245748
2020,advmod->preconj,advmod,preconj,40,1.1203879231144992e-05,0.011721446848513194,14066,3412548.0,3570192
2021,advmod->preconj,advmod,preconj,34,1.0069756759102097e-05,0.010568577009490581,12748,3217084.0,3376447
2022,advmod->preconj,advmod,preconj,33,1.132641986969812e-05,0.01183505377956029,10523,2788327.0,2913542
2023,advmod->preconj,advmod,preconj,40,1.3060725516772094e-05,0.013571946244235316,11046,2947256.0,3062617
2024,advmod->preconj,advmod,preconj,44,1.2202224132671455e-05,0.012634728561521796,12862,3482465.0,3605900
2025,advmod->preconj,advmod,preconj,33,7.906943422465351e-06,0.008200719824395252,15004,4024037.0,4173547
2026,advmod->preconj,advmod,preconj,18,1.285905334506841e-05,0.013387219370413948,4849,1344566.0,1399792
2021,advmod->predet,advmod,predet,1,2.9616931644417936e-07,0.0003108405002791348,12748,3217084.0,3376447
2019,advmod->prep,advmod,prep,135,0.0005493432296498853,0.5675345039958634,912,237871.0,245748
2020,advmod->prep,advmod,prep,2033,0.0005694371619229442,0.595742536075683,14066,3412548.0,3570192
2021,advmod->prep,advmod,prep,2026,0.0006000390351159074,0.6297628535655271,12748,3217084.0,3376447
2022,advmod->prep,advmod,prep,1679,0.0005762745139764589,0.6021531907842946,10523,2788327.0,2913542
2023,advmod->prep,advmod,prep,1539,0.0005025114142578063,0.5221806317469538,11046,2947256.0,3062617
2024,advmod->prep,advmod,prep,1677,0.00046507113342022794,0.48155544994709204,12862,3482465.0,3605900
2025,advmod->prep,advmod,prep,1691,0.00040517094931481545,0.42022476433492034,15004,4024037.0,4173547
2026,advmod->prep,advmod,prep,562,0.00040148822110713594,0.41797873812070213,4849,1344566.0,1399792
2020,advmod->prt,advmod,prt,1,2.800969807786248e-07,0.0002930361712128298,14066,3412548.0,3570192
2021,advmod->prt,advmod,prt,1,2.9616931644417936e-07,0.0003108405002791348,12748,3217084.0,3376447
2022,advmod->prt,advmod,prt,1,3.4322484453630666e-07,0.00035863799332000874,10523,2788327.0,2913542
2023,advmod->prt,advmod,prt,1,3.2651813791930233e-07,0.0003392986561058829,11046,2947256.0,3062617
2024,advmod->prt,advmod,prt,2,5.546465514850662e-07,0.0005743058437055362,12862,3482465.0,3605900
2025,advmod->prt,advmod,prt,2,4.792086922706273e-07,0.0004970133226906213,15004,4024037.0,4173547
2026,advmod->prt,advmod,prt,1,7.143918525038006e-07,0.0007437344094674415,4849,1344566.0,1399792
2019,advmod->quantmod,advmod,quantmod,1,4.069209108517669e-06,0.0042039592888582465,912,237871.0,245748
2020,advmod->quantmod,advmod,quantmod,9,2.520872827007623e-06,0.0026373255409154685,14066,3412548.0,3570192
2021,advmod->quantmod,advmod,quantmod,7,2.0731852151092556e-06,0.0021758835019539432,12748,3217084.0,3376447
2022,advmod->quantmod,advmod,quantmod,4,1.3728993781452266e-06,0.001434551973280035,10523,2788327.0,2913542
2023,advmod->quantmod,advmod,quantmod,3,9.795544137579071e-07,0.0010178959683176485,11046,2947256.0,3062617
2024,advmod->quantmod,advmod,quantmod,7,1.9412629301977313e-06,0.0020100704529693765,12862,3482465.0,3605900
2025,advmod->quantmod,advmod,quantmod,12,2.875252153623764e-06,0.0029820799361437284,15004,4024037.0,4173547
2026,advmod->quantmod,advmod,quantmod,3,2.143175557511402e-06,0.0022312032284023246,4849,1344566.0,1399792
2019,advmod->relcl,advmod,relcl,1,4.069209108517669e-06,0.0042039592888582465,912,237871.0,245748
2020,advmod->relcl,advmod,relcl,2,5.601939615572496e-07,0.0005860723424256596,14066,3412548.0,3570192
2021,advmod->relcl,advmod,relcl,8,2.369354531553435e-06,0.0024867240022330784,12748,3217084.0,3376447
2022,advmod->relcl,advmod,relcl,2,6.864496890726133e-07,0.0007172759866400175,10523,2788327.0,2913542
2023,advmod->relcl,advmod,relcl,5,1.6325906895965118e-06,0.0016964932805294145,11046,2947256.0,3062617
2024,advmod->relcl,advmod,relcl,2,5.546465514850662e-07,0.0005743058437055362,12862,3482465.0,3605900
2025,advmod->relcl,advmod,relcl,8,1.9168347690825093e-06,0.0019880532907624853,15004,4024037.0,4173547
2026,advmod->relcl,advmod,relcl,1,7.143918525038006e-07,0.0007437344094674415,4849,1344566.0,1399792
2020,advmod->xcomp,advmod,xcomp,23,6.4422305579083705e-06,0.006739831937895086,14066,3412548.0,3570192
2021,advmod->xcomp,advmod,xcomp,14,4.146370430218511e-06,0.0043517670039078865,12748,3217084.0,3376447
2022,advmod->xcomp,advmod,xcomp,18,6.17804720165352e-06,0.006455483879760157,10523,2788327.0,2913542
2023,advmod->xcomp,advmod,xcomp,14,4.5712539308702325e-06,0.00475018118548236,11046,2947256.0,3062617
2024,advmod->xcomp,advmod,xcomp,19,5.2691422391081285e-06,0.005455905515202594,12862,3482465.0,3605900
2025,advmod->xcomp,advmod,xcomp,26,6.2297129995181555e-06,0.0064611731949780786,15004,4024037.0,4173547
2026,advmod->xcomp,advmod,xcomp,12,8.572702230045608e-06,0.008924812913609298,4849,1344566.0,1399792
2021,agent->advcl,agent,advcl,1,2.9616931644417936e-07,0.0003108405002791348,12748,3217084.0,3376447
2019,agent->advmod,agent,advmod,3,1.2207627325553006e-05,0.01261187786657474,912,237871.0,245748
2020,agent->advmod,agent,advmod,28,7.842715461801493e-06,0.008205012793959235,14066,3412548.0,3570192
2021,agent->advmod,agent,advmod,16,4.73870906310687e-06,0.004973448004466157,12748,3217084.0,3376447
2022,agent->advmod,agent,advmod,24,8.23739626887136e-06,0.00860731183968021,10523,2788327.0,2913542
2023,agent->advmod,agent,advmod,24,7.836435310063257e-06,0.008143167746541188,11046,2947256.0,3062617
2024,agent->advmod,agent,advmod,27,7.487728445048393e-06,0.0077531288900247386,12862,3482465.0,3605900
2025,agent->advmod,agent,advmod,35,8.38615211473598e-06,0.008697733147085874,15004,4024037.0,4173547
2026,agent->advmod,agent,advmod,28,2.0002971870106415e-05,0.02082456346508836,4849,1344566.0,1399792
2020,agent->agent,agent,agent,1,2.800969807786248e-07,0.0002930361712128298,14066,3412548.0,3570192
2020,agent->amod,agent,amod,15,4.201454711679372e-06,0.004395542568192448,14066,3412548.0,3570192
2021,agent->amod,agent,amod,10,2.9616931644417935e-06,0.0031084050027913477,12748,3217084.0,3376447
2022,agent->amod,agent,amod,7,2.4025739117541465e-06,0.002510465953240061,10523,2788327.0,2913542
2023,agent->amod,agent,amod,10,3.2651813791930236e-06,0.003392986561058829,11046,2947256.0,3062617
2024,agent->amod,agent,amod,6,1.6639396544551984e-06,0.0017229175311166084,12862,3482465.0,3605900
2025,agent->amod,agent,amod,9,2.156439115217823e-06,0.002236559952107796,15004,4024037.0,4173547
2026,agent->amod,agent,amod,3,2.143175557511402e-06,0.0022312032284023246,4849,1344566.0,1399792
2020,agent->appos,agent,appos,1,2.800969807786248e-07,0.0002930361712128298,14066,3412548.0,3570192
2024,agent->appos,agent,appos,3,8.319698272275992e-07,0.0008614587655583042,12862,3482465.0,3605900
2025,agent->appos,agent,appos,1,2.3960434613531366e-07,0.00024850666134531066,15004,4024037.0,4173547
2026,agent->attr,agent,attr,1,7.143918525038006e-07,0.0007437344094674415,4849,1344566.0,1399792
2021,agent->aux,agent,aux,1,2.9616931644417936e-07,0.0003108405002791348,12748,3217084.0,3376447
2020,agent->case,agent,case,1,2.800969807786248e-07,0.0002930361712128298,14066,3412548.0,3570192
2019,agent->cc,agent,cc,4,1.6276836434070675e-05,0.016815837155432986,912,237871.0,245748
2020,agent->cc,agent,cc,54,1.512523696204574e-05,0.01582395324549281,14066,3412548.0,3570192
2021,agent->cc,agent,cc,41,1.2142941974211354e-05,0.012744460511444525,12748,3217084.0,3376447
2022,agent->cc,agent,cc,45,1.54451180041338e-05,0.016138709699400393,10523,2788327.0,2913542
2023,agent->cc,agent,cc,38,1.2407689240933488e-05,0.012893348932023551,11046,2947256.0,3062617
2024,agent->cc,agent,cc,46,1.275687068415652e-05,0.01320903440522733,12862,3482465.0,3605900
2025,agent->cc,agent,cc,52,1.2459425999036311e-05,0.012922346389956157,15004,4024037.0,4173547
2026,agent->cc,agent,cc,28,2.0002971870106415e-05,0.02082456346508836,4849,1344566.0,1399792
2024,agent->compound,agent,compound,1,2.773232757425331e-07,0.0002871529218527681,12862,3482465.0,3605900
2019,agent->conj,agent,conj,3,1.2207627325553006e-05,0.01261187786657474,912,237871.0,245748
2020,agent->conj,agent,conj,46,1.2884461115816741e-05,0.013479663875790172,14066,3412548.0,3570192
2021,agent->conj,agent,conj,33,9.773587442657917e-06,0.010257736509211447,12748,3217084.0,3376447
2022,agent->conj,agent,conj,40,1.3728993781452266e-05,0.01434551973280035,10523,2788327.0,2913542
2023,agent->conj,agent,conj,28,9.142507861740465e-06,0.00950036237096472,11046,2947256.0,3062617
2024,agent->conj,agent,conj,42,1.1647577581186389e-05,0.012060422717816259,12862,3482465.0,3605900
2025,agent->conj,agent,conj,35,8.38615211473598e-06,0.008697733147085874,15004,4024037.0,4173547
2026,agent->conj,agent,conj,19,1.3573445197572211e-05,0.014130953779881389,4849,1344566.0,1399792
2022,agent->dep,agent,dep,3,1.02967453360892e-06,0.0010759139799600263,10523,2788327.0,2913542
2023,agent->dep,agent,dep,3,9.795544137579071e-07,0.0010178959683176485,11046,2947256.0,3062617
2024,agent->dep,agent,dep,2,5.546465514850662e-07,0.0005743058437055362,12862,3482465.0,3605900
2025,agent->dep,agent,dep,1,2.3960434613531366e-07,0.00024850666134531066,15004,4024037.0,4173547
2024,agent->det,agent,det,1,2.773232757425331e-07,0.0002871529218527681,12862,3482465.0,3605900
2020,agent->dobj,agent,dobj,1,2.800969807786248e-07,0.0002930361712128298,14066,3412548.0,3570192
2021,agent->dobj,agent,dobj,2,5.923386328883587e-07,0.0006216810005582696,12748,3217084.0,3376447
2023,agent->dobj,agent,dobj,2,6.530362758386047e-07,0.0006785973122117658,11046,2947256.0,3062617
2025,agent->dobj,agent,dobj,3,7.18813038405941e-07,0.0007455199840359321,15004,4024037.0,4173547
2026,agent->dobj,agent,dobj,1,7.143918525038006e-07,0.0007437344094674415,4849,1344566.0,1399792
2019,agent->intj,agent,intj,1,4.069209108517669e-06,0.0042039592888582465,912,237871.0,245748
2021,agent->intj,agent,intj,1,2.9616931644417936e-07,0.0003108405002791348,12748,3217084.0,3376447
2022,agent->intj,agent,intj,2,6.864496890726133e-07,0.0007172759866400175,10523,2788327.0,2913542
2023,agent->intj,agent,intj,1,3.2651813791930233e-07,0.0003392986561058829,11046,2947256.0,3062617
2025,agent->intj,agent,intj,3,7.18813038405941e-07,0.0007455199840359321,15004,4024037.0,4173547
2026,agent->mark,agent,mark,1,7.143918525038006e-07,0.0007437344094674415,4849,1344566.0,1399792
2023,agent->neg,agent,neg,1,3.2651813791930233e-07,0.0003392986561058829,11046,2947256.0,3062617
2024,agent->neg,agent,neg,1,2.773232757425331e-07,0.0002871529218527681,12862,3482465.0,3605900
2025,agent->neg,agent,neg,3,7.18813038405941e-07,0.0007455199840359321,15004,4024037.0,4173547
2026,agent->neg,agent,neg,4,2.8575674100152022e-06,0.002974937637869766,4849,1344566.0,1399792
2021,agent->nmod,agent,nmod,1,2.9616931644417936e-07,0.0003108405002791348,12748,3217084.0,3376447
2022,agent->nmod,agent,nmod,2,6.864496890726133e-07,0.0007172759866400175,10523,2788327.0,2913542
2024,agent->nmod,agent,nmod,2,5.546465514850662e-07,0.0005743058437055362,12862,3482465.0,3605900
2025,agent->nmod,agent,nmod,1,2.3960434613531366e-07,0.00024850666134531066,15004,4024037.0,4173547
2024,agent->npadvmod,agent,npadvmod,2,5.546465514850662e-07,0.0005743058437055362,12862,3482465.0,3605900
2025,agent->npadvmod,agent,npadvmod,1,2.3960434613531366e-07,0.00024850666134531066,15004,4024037.0,4173547
2020,agent->nsubj,agent,nsubj,1,2.800969807786248e-07,0.0002930361712128298,14066,3412548.0,3570192
2026,agent->nsubj,agent,nsubj,2,1.4287837050076011e-06,0.001487468818934883,4849,1344566.0,1399792
2022,agent->nummod,agent,nummod,1,3.4322484453630666e-07,0.00035863799332000874,10523,2788327.0,2913542
2025,agent->oprd,agent,oprd,1,2.3960434613531366e-07,0.00024850666134531066,15004,4024037.0,4173547
2020,agent->parataxis,agent,parataxis,1,2.800969807786248e-07,0.0002930361712128298,14066,3412548.0,3570192
2019,agent->pcomp,agent,pcomp,22,8.95226003873887e-05,0.09248710435488142,912,237871.0,245748
2020,agent->pcomp,agent,pcomp,298,8.346890027203019e-05,0.08732477902142328,14066,3412548.0,3570192
2021,agent->pcomp,agent,pcomp,290,8.588910176881201e-05,0.09014374508094908,12748,3217084.0,3376447
2022,agent->pcomp,agent,pcomp,262,8.992490926851235e-05,0.09396315424984229,10523,2788327.0,2913542
2023,agent->pcomp,agent,pcomp,250,8.162953447982559e-05,0.08482466402647072,11046,2947256.0,3062617
2024,agent->pcomp,agent,pcomp,275,7.62639008291966e-05,0.07896705350951122,12862,3482465.0,3605900
2025,agent->pcomp,agent,pcomp,269,6.445356911039938e-05,0.06684829190188857,15004,4024037.0,4173547
2026,agent->pcomp,agent,pcomp,89,6.358087487283825e-05,0.06619236244260229,4849,1344566.0,1399792
2019,agent->pobj,agent,pobj,663,0.0026978856389472143,2.7872250085130177,912,237871.0,245748
2020,agent->pobj,agent,pobj,10006,0.0028026503896709195,2.9321199291555753,14066,3412548.0,3570192
2021,agent->pobj,agent,pobj,9338,0.002765629076955747,2.9026285916065606,12748,3217084.0,3376447
2022,agent->pobj,agent,pobj,8010,0.0027492310047358163,2.87269032649327,10523,2788327.0,2913542
2023,agent->pobj,agent,pobj,8032,0.0026225936837678365,2.7252468058424517,11046,2947256.0,3062617
2024,agent->pobj,agent,pobj,9245,0.0025638536842397183,2.6547287625288405,12862,3482465.0,3605900
2025,agent->pobj,agent,pobj,10610,0.002542202112495678,2.6366556768737466,15004,4024037.0,4173547
2026,agent->pobj,agent,pobj,3791,0.002708259512841908,2.819497146291071,4849,1344566.0,1399792
2020,agent->preconj,agent,preconj,10,2.800969807786248e-06,0.0029303617121282984,14066,3412548.0,3570192
2021,agent->preconj,agent,preconj,12,3.554031797330152e-06,0.003730086003349617,12748,3217084.0,3376447
2022,agent->preconj,agent,preconj,11,3.7754732898993733e-06,0.003945017926520096,10523,2788327.0,2913542
2023,agent->preconj,agent,preconj,6,1.9591088275158142e-06,0.002035791936635297,11046,2947256.0,3062617
2024,agent->preconj,agent,preconj,6,1.6639396544551984e-06,0.0017229175311166084,12862,3482465.0,3605900
2025,agent->preconj,agent,preconj,11,2.6356478074884506e-06,0.0027335732747984175,15004,4024037.0,4173547
2026,agent->preconj,agent,preconj,5,3.571959262519003e-06,0.0037186720473372076,4849,1344566.0,1399792
2020,agent->prep,agent,prep,12,3.3611637693434976e-06,0.003516434054553958,14066,3412548.0,3570192
2021,agent->prep,agent,prep,9,2.665523847997614e-06,0.002797564502512213,12748,3217084.0,3376447
2022,agent->prep,agent,prep,9,3.08902360082676e-06,0.0032277419398800784,10523,2788327.0,2913542
2023,agent->prep,agent,prep,13,4.2447357929509305e-06,0.004410882529376477,11046,2947256.0,3062617
2024,agent->prep,agent,prep,18,4.991818963365595e-06,0.005168752593349825,12862,3482465.0,3605900
2025,agent->prep,agent,prep,18,4.312878230435646e-06,0.004473119904215592,15004,4024037.0,4173547
2026,agent->prep,agent,prep,6,4.286351115022804e-06,0.004462406456804649,4849,1344566.0,1399792
2019,amod->acl,amod,acl,2,8.138418217035338e-06,0.008407918577716493,912,237871.0,245748
2020,amod->acl,amod,acl,7,1.9606788654503734e-06,0.0020512531984898086,14066,3412548.0,3570192
2021,amod->acl,amod,acl,10,2.9616931644417935e-06,0.0031084050027913477,12748,3217084.0,3376447
2022,amod->acl,amod,acl,13,4.461922978971987e-06,0.004662293913160113,10523,2788327.0,2913542
2023,amod->acl,amod,acl,7,2.2856269654351162e-06,0.00237509059274118,11046,2947256.0,3062617
2024,amod->acl,amod,acl,12,3.3278793089103968e-06,0.003445835062233217,12862,3482465.0,3605900
2025,amod->acl,amod,acl,10,2.396043461353137e-06,0.0024850666134531066,15004,4024037.0,4173547
2026,amod->acl,amod,acl,3,2.143175557511402e-06,0.0022312032284023246,4849,1344566.0,1399792
2019,amod->acomp,amod,acomp,1,4.069209108517669e-06,0.0042039592888582465,912,237871.0,245748
2020,amod->acomp,amod,acomp,6,1.6805818846717488e-06,0.001758217027276979,14066,3412548.0,3570192
2021,amod->acomp,amod,acomp,6,1.777015898665076e-06,0.0018650430016748086,12748,3217084.0,3376447
2022,amod->acomp,amod,acomp,7,2.4025739117541465e-06,0.002510465953240061,10523,2788327.0,2913542
2023,amod->acomp,amod,acomp,11,3.591699517112326e-06,0.0037322852171647117,11046,2947256.0,3062617
2024,amod->acomp,amod,acomp,13,3.60520258465293e-06,0.003732987984085985,12862,3482465.0,3605900
2025,amod->acomp,amod,acomp,18,4.312878230435646e-06,0.004473119904215592,15004,4024037.0,4173547
2026,amod->acomp,amod,acomp,4,2.8575674100152022e-06,0.002974937637869766,4849,1344566.0,1399792
2019,amod->advcl,amod,advcl,5,2.034604554258834e-05,0.021019796444291236,912,237871.0,245748
2020,amod->advcl,amod,advcl,53,1.4845139981267113e-05,0.015530917074279981,14066,3412548.0,3570192
2021,amod->advcl,amod,advcl,41,1.2142941974211354e-05,0.012744460511444525,12748,3217084.0,3376447
2022,amod->advcl,amod,advcl,45,1.54451180041338e-05,0.016138709699400393,10523,2788327.0,2913542
2023,amod->advcl,amod,advcl,46,1.5019834344287908e-05,0.015607738180870615,11046,2947256.0,3062617
2024,amod->advcl,amod,advcl,32,8.874344823761059e-06,0.00918889349928858,12862,3482465.0,3605900
2025,amod->advcl,amod,advcl,38,9.10496515314192e-06,0.009443253131121807,15004,4024037.0,4173547
2026,amod->advcl,amod,advcl,14,1.0001485935053207e-05,0.01041228173254418,4849,1344566.0,1399792
2019,amod->advmod,amod,advmod,1219,0.004960365903283038,5.124626373118202,912,237871.0,245748
2020,amod->advmod,amod,advmod,16087,0.004505920129785737,4.7140728863007935,14066,3412548.0,3570192
2021,amod->advmod,amod,advmod,15491,0.004587958881036782,4.815230189824077,12748,3217084.0,3376447
2022,amod->advmod,amod,advmod,13342,0.004579305875803403,4.784948106875556,10523,2788327.0,2913542
2023,amod->advmod,amod,advmod,13737,0.004485379660597456,4.660945638926513,11046,2947256.0,3062617
2024,amod->advmod,amod,advmod,16178,0.0044865359549627,4.645559969734082,12862,3482465.0,3605900
2025,amod->advmod,amod,advmod,20194,0.004838570165856524,5.018343519207204,15004,4024037.0,4173547
2026,amod->advmod,amod,advmod,7670,0.005479385508704151,5.704442920615277,4849,1344566.0,1399792
2019,amod->agent,amod,agent,1,4.069209108517669e-06,0.0042039592888582465,912,237871.0,245748
2020,amod->agent,amod,agent,10,2.800969807786248e-06,0.0029303617121282984,14066,3412548.0,3570192
2021,amod->agent,amod,agent,14,4.146370430218511e-06,0.0043517670039078865,12748,3217084.0,3376447
2022,amod->agent,amod,agent,9,3.08902360082676e-06,0.0032277419398800784,10523,2788327.0,2913542
2023,amod->agent,amod,agent,6,1.9591088275158142e-06,0.002035791936635297,11046,2947256.0,3062617
2024,amod->agent,amod,agent,8,2.2185862059402647e-06,0.002297223374822145,12862,3482465.0,3605900
2025,amod->agent,amod,agent,11,2.6356478074884506e-06,0.0027335732747984175,15004,4024037.0,4173547
2026,amod->agent,amod,agent,6,4.286351115022804e-06,0.004462406456804649,4849,1344566.0,1399792
2019,amod->amod,amod,amod,323,0.0013143545420512069,1.3578788503012136,912,237871.0,245748
2020,amod->amod,amod,amod,4343,0.0012164611875215676,1.27265609157732,14066,3412548.0,3570192
2021,amod->amod,amod,amod,4667,0.001382222199844985,1.450692614802722,12748,3217084.0,3376447
2022,amod->amod,amod,amod,3962,0.001359856834052847,1.4209237295338746,10523,2788327.0,2913542
2023,amod->amod,amod,amod,4425,0.0014448427602929128,1.5013965532685318,11046,2947256.0,3062617
2024,amod->amod,amod,amod,5421,0.0015033694778002718,1.5566559893638556,12862,3482465.0,3605900
2025,amod->amod,amod,amod,6667,0.0015974421756841362,1.6567939111891863,15004,4024037.0,4173547
2026,amod->amod,amod,amod,2497,0.00178383645570199,1.8571048204402014,4849,1344566.0,1399792
2019,amod->appos,amod,appos,19,7.73149730618357e-05,0.07987522648830668,912,237871.0,245748
2020,amod->appos,amod,appos,191,5.349852332871734e-05,0.0559699087016505,14066,3412548.0,3570192
2021,amod->appos,amod,appos,228,6.752660414927289e-05,0.07087163406364273,12748,3217084.0,3376447
2022,amod->appos,amod,appos,183,6.281014655014412e-05,0.0656307527775616,10523,2788327.0,2913542
2023,amod->appos,amod,appos,187,6.105889179090953e-05,0.06344884869180009,11046,2947256.0,3062617
2024,amod->appos,amod,appos,247,6.849884910840566e-05,0.07092677169763371,12862,3482465.0,3605900
2025,amod->appos,amod,appos,279,6.684961257175252e-05,0.06933335851534167,15004,4024037.0,4173547
2026,amod->appos,amod,appos,103,7.358236080789146e-05,0.07660464417514648,4849,1344566.0,1399792
2021,amod->attr,amod,attr,2,5.923386328883587e-07,0.0006216810005582696,12748,3217084.0,3376447
2024,amod->attr,amod,attr,2,5.546465514850662e-07,0.0005743058437055362,12862,3482465.0,3605900
2025,amod->attr,amod,attr,10,2.396043461353137e-06,0.0024850666134531066,15004,4024037.0,4173547
2026,amod->attr,amod,attr,1,7.143918525038006e-07,0.0007437344094674415,4849,1344566.0,1399792
2019,amod->aux,amod,aux,17,6.917655484480037e-05,0.0714673079105902,912,237871.0,245748
2020,amod->aux,amod,aux,226,6.330191765596921e-05,0.06622617469409954,14066,3412548.0,3570192
2021,amod->aux,amod,aux,243,7.196914389593557e-05,0.07553424156782974,12748,3217084.0,3376447
2022,amod->aux,amod,aux,225,7.7225590020669e-05,0.08069354849700196,10523,2788327.0,2913542
2023,amod->aux,amod,aux,189,6.171192806674815e-05,0.06412744600401186,11046,2947256.0,3062617
2024,amod->aux,amod,aux,228,6.322970686929754e-05,0.06547086618243113,12862,3482465.0,3605900
2025,amod->aux,amod,aux,281,6.732882126402314e-05,0.0698303718380323,15004,4024037.0,4173547
2026,amod->aux,amod,aux,103,7.358236080789146e-05,0.07660464417514648,4849,1344566.0,1399792
2019,amod->auxpass,amod,auxpass,3,1.2207627325553006e-05,0.01261187786657474,912,237871.0,245748
2020,amod->auxpass,amod,auxpass,67,1.8766497712167862e-05,0.019633423471259598,14066,3412548.0,3570192
2021,amod->auxpass,amod,auxpass,81,2.3989714631978526e-05,0.025178080522609916,12748,3217084.0,3376447
2022,amod->auxpass,amod,auxpass,56,1.9220591294033172e-05,0.020083727625920488,10523,2788327.0,2913542
2023,amod->auxpass,amod,auxpass,77,2.5141896619786282e-05,0.026125996520152985,11046,2947256.0,3062617
2024,amod->auxpass,amod,auxpass,76,2.1076568956432514e-05,0.021823622060810375,12862,3482465.0,3605900
2025,amod->auxpass,amod,auxpass,128,3.066935630532015e-05,0.031808852652199765,15004,4024037.0,4173547
2026,amod->auxpass,amod,auxpass,69,4.929303782276224e-05,0.05131767425325347,4849,1344566.0,1399792
2020,amod->case,amod,case,11,3.0810667885648726e-06,0.003223397883341128,14066,3412548.0,3570192
2021,amod->case,amod,case,20,5.923386328883587e-06,0.0062168100055826955,12748,3217084.0,3376447
2022,amod->case,amod,case,7,2.4025739117541465e-06,0.002510465953240061,10523,2788327.0,2913542
2023,amod->case,amod,case,8,2.6121451033544187e-06,0.0027143892488470634,11046,2947256.0,3062617
2024,amod->case,amod,case,8,2.2185862059402647e-06,0.002297223374822145,12862,3482465.0,3605900
2025,amod->case,amod,case,4,9.584173845412547e-07,0.0009940266453812427,15004,4024037.0,4173547
2026,amod->case,amod,case,1,7.143918525038006e-07,0.0007437344094674415,4849,1344566.0,1399792
2019,amod->cc,amod,cc,915,0.003723326334293667,3.846622749305296,912,237871.0,245748
2020,amod->cc,amod,cc,12271,0.003437070051134505,3.595846856952635,14066,3412548.0,3570192
2021,amod->cc,amod,cc,12688,0.0037577962870437476,3.943944267541662,12748,3217084.0,3376447
2022,amod->cc,amod,cc,10990,0.00377204104145401,3.941431546586896,10523,2788327.0,2913542
2023,amod->cc,amod,cc,11447,0.003737653124762254,3.883951716444041,11046,2947256.0,3062617
2024,amod->cc,amod,cc,13660,0.003788235946643002,3.922508912508812,12862,3482465.0,3605900
2025,amod->cc,amod,cc,17285,0.004141561122948897,4.295437641353695,15004,4024037.0,4173547
2026,amod->cc,amod,cc,5846,0.004176334769737218,4.347871357746664,4849,1344566.0,1399792
2019,amod->ccomp,amod,ccomp,4,1.6276836434070675e-05,0.016815837155432986,912,237871.0,245748
2020,amod->ccomp,amod,ccomp,18,5.041745654015246e-06,0.005274651081830937,14066,3412548.0,3570192
2021,amod->ccomp,amod,ccomp,29,8.5889101768812e-06,0.009014374508094909,12748,3217084.0,3376447
2022,amod->ccomp,amod,ccomp,13,4.461922978971987e-06,0.004662293913160113,10523,2788327.0,2913542
2023,amod->ccomp,amod,ccomp,15,4.897772068789535e-06,0.005089479841588244,11046,2947256.0,3062617
2024,amod->ccomp,amod,ccomp,9,2.4959094816827976e-06,0.0025843762966749127,12862,3482465.0,3605900
2025,amod->ccomp,amod,ccomp,22,5.271295614976901e-06,0.005467146549596835,15004,4024037.0,4173547
2026,amod->ccomp,amod,ccomp,11,7.858310377541807e-06,0.008181078504141856,4849,1344566.0,1399792
2019,amod->compound,amod,compound,93,0.00037843644709214315,0.39096821386381697,912,237871.0,245748
2020,amod->compound,amod,compound,951,0.00026637222872047216,0.2786773988234012,14066,3412548.0,3570192
2021,amod->compound,amod,compound,963,0.0002852110517357447,0.2993394017688068,12748,3217084.0,3376447
2022,amod->compound,amod,compound,904,0.0003102752594608212,0.3242087459612879,10523,2788327.0,2913542
2023,amod->compound,amod,compound,943,0.0003079066040579021,0.3199586327078476,11046,2947256.0,3062617
2024,amod->compound,amod,compound,1231,0.0003413849524390582,0.35348524680075755,12862,3482465.0,3605900
2025,amod->compound,amod,compound,1476,0.000353656014895723,0.36679583214567857,15004,4024037.0,4173547
2026,amod->compound,amod,compound,514,0.0003671974121869535,0.382279486466265,4849,1344566.0,1399792
2019,amod->conj,amod,conj,1009,0.004105831990494328,4.241794922457971,912,237871.0,245748
2020,amod->conj,amod,conj,13495,0.0037799087556075416,3.9545231305171384,14066,3412548.0,3570192
2021,amod->conj,amod,conj,13806,0.00408891358282834,4.291463946853735,12748,3217084.0,3376447
2022,amod->conj,amod,conj,11965,0.004106685264876909,4.291103590073905,10523,2788327.0,2913542
2023,amod->conj,amod,conj,12470,0.0040716811798537,4.23105424164036,11046,2947256.0,3062617
2024,amod->conj,amod,conj,14923,0.004138495243905821,4.285183052808858,12862,3482465.0,3605900
2025,amod->conj,amod,conj,19047,0.00456374398083932,4.733306378644133,15004,4024037.0,4173547
2026,amod->conj,amod,conj,6393,0.004567107113056797,4.754694079725353,4849,1344566.0,1399792
2020,amod->csubj,amod,csubj,3,8.402909423358744e-07,0.0008791085136384895,14066,3412548.0,3570192
2021,amod->csubj,amod,csubj,4,1.1846772657767174e-06,0.0012433620011165392,12748,3217084.0,3376447
2022,amod->csubj,amod,csubj,2,6.864496890726133e-07,0.0007172759866400175,10523,2788327.0,2913542
2023,amod->csubj,amod,csubj,6,1.9591088275158142e-06,0.002035791936635297,11046,2947256.0,3062617
2024,amod->csubj,amod,csubj,4,1.1092931029701323e-06,0.0011486116874110724,12862,3482465.0,3605900
2025,amod->csubj,amod,csubj,2,4.792086922706273e-07,0.0004970133226906213,15004,4024037.0,4173547
2026,amod->csubj,amod,csubj,1,7.143918525038006e-07,0.0007437344094674415,4849,1344566.0,1399792
2020,amod->csubjpass,amod,csubjpass,1,2.800969807786248e-07,0.0002930361712128298,14066,3412548.0,3570192
2020,amod->dative,amod,dative,1,2.800969807786248e-07,0.0002930361712128298,14066,3412548.0,3570192
2021,amod->dative,amod,dative,4,1.1846772657767174e-06,0.0012433620011165392,12748,3217084.0,3376447
2022,amod->dative,amod,dative,1,3.4322484453630666e-07,0.00035863799332000874,10523,2788327.0,2913542
2023,amod->dative,amod,dative,5,1.6325906895965118e-06,0.0016964932805294145,11046,2947256.0,3062617
2024,amod->dative,amod,dative,1,2.773232757425331e-07,0.0002871529218527681,12862,3482465.0,3605900
2025,amod->dative,amod,dative,4,9.584173845412547e-07,0.0009940266453812427,15004,4024037.0,4173547
2026,amod->dative,amod,dative,2,1.4287837050076011e-06,0.001487468818934883,4849,1344566.0,1399792
2019,amod->dep,amod,dep,10,4.069209108517668e-05,0.04203959288858247,912,237871.0,245748
2020,amod->dep,amod,dep,96,2.688931015474798e-05,0.028131472436431663,14066,3412548.0,3570192
2021,amod->dep,amod,dep,126,3.7317333871966595e-05,0.03916590303517098,12748,3217084.0,3376447
2022,amod->dep,amod,dep,116,3.981408196621157e-05,0.041602007225121015,10523,2788327.0,2913542
2023,amod->dep,amod,dep,98,3.199877751609163e-05,0.03325126829837652,11046,2947256.0,3062617
2024,amod->dep,amod,dep,152,4.215313791286503e-05,0.04364724412162075,12862,3482465.0,3605900
2025,amod->dep,amod,dep,168,4.0253530150732697e-05,0.0417491191060122,15004,4024037.0,4173547
2026,amod->dep,amod,dep,80,5.715134820030405e-05,0.05949875275739532,4849,1344566.0,1399792
2019,amod->det,amod,det,17,6.917655484480037e-05,0.0714673079105902,912,237871.0,245748
2020,amod->det,amod,det,246,6.890385727154169e-05,0.07208689811835614,14066,3412548.0,3570192
2021,amod->det,amod,det,266,7.878103817415171e-05,0.08268357307424985,12748,3217084.0,3376447
2022,amod->det,amod,det,212,7.276366704169702e-05,0.07603125458384184,10523,2788327.0,2913542
2023,amod->det,amod,det,247,8.064998006606768e-05,0.08380676805815308,11046,2947256.0,3062617
2024,amod->det,amod,det,234,6.489364652375274e-05,0.06719378371354773,12862,3482465.0,3605900
2025,amod->det,amod,det,253,6.061989957223436e-05,0.06287218532036361,15004,4024037.0,4173547
2026,amod->det,amod,det,98,7.001040154537245e-05,0.07288597212780927,4849,1344566.0,1399792
2019,amod->dobj,amod,dobj,17,6.917655484480037e-05,0.0714673079105902,912,237871.0,245748
2020,amod->dobj,amod,dobj,190,5.321842634793871e-05,0.05567687253043767,14066,3412548.0,3570192
2021,amod->dobj,amod,dobj,212,6.278789508616601e-05,0.06589818605917656,12748,3217084.0,3376447
2022,amod->dobj,amod,dobj,186,6.383982108375304e-05,0.06670666675752163,10523,2788327.0,2913542
2023,amod->dobj,amod,dobj,220,7.183399034224651e-05,0.07464570434329423,11046,2947256.0,3062617
2024,amod->dobj,amod,dobj,279,7.737319393216673e-05,0.0801156651969223,12862,3482465.0,3605900
2025,amod->dobj,amod,dobj,378,9.057044283914857e-05,0.09393551798852744,15004,4024037.0,4173547
2026,amod->dobj,amod,dobj,145,0.00010358681861305108,0.10784148937277901,4849,1344566.0,1399792
2019,amod->expl,amod,expl,1,4.069209108517669e-06,0.0042039592888582465,912,237871.0,245748
2020,amod->expl,amod,expl,3,8.402909423358744e-07,0.0008791085136384895,14066,3412548.0,3570192
2022,amod->expl,amod,expl,3,1.02967453360892e-06,0.0010759139799600263,10523,2788327.0,2913542
2025,amod->expl,amod,expl,1,2.3960434613531366e-07,0.00024850666134531066,15004,4024037.0,4173547
2019,amod->intj,amod,intj,2,8.138418217035338e-06,0.008407918577716493,912,237871.0,245748
2020,amod->intj,amod,intj,9,2.520872827007623e-06,0.0026373255409154685,14066,3412548.0,3570192
2021,amod->intj,amod,intj,15,4.44253974666269e-06,0.004662607504187022,12748,3217084.0,3376447
2022,amod->intj,amod,intj,12,4.11869813443568e-06,0.004303655919840105,10523,2788327.0,2913542
2023,amod->intj,amod,intj,16,5.224290206708837e-06,0.005428778497694127,11046,2947256.0,3062617
2024,amod->intj,amod,intj,18,4.991818963365595e-06,0.005168752593349825,12862,3482465.0,3605900
2025,amod->intj,amod,intj,28,6.708921691788783e-06,0.0069581865176686995,15004,4024037.0,4173547
2026,amod->intj,amod,intj,7,5.000742967526604e-06,0.00520614086627209,4849,1344566.0,1399792
2019,amod->mark,amod,mark,4,1.6276836434070675e-05,0.016815837155432986,912,237871.0,245748
2020,amod->mark,amod,mark,75,2.100727355839686e-05,0.021977712840962237,14066,3412548.0,3570192
2021,amod->mark,amod,mark,72,2.1324190783980913e-05,0.022380516020097704,12748,3217084.0,3376447
2022,amod->mark,amod,mark,54,1.853414160496056e-05,0.019366451639280472,10523,2788327.0,2913542
2023,amod->mark,amod,mark,56,1.828501572348093e-05,0.01900072474192944,11046,2947256.0,3062617
2024,amod->mark,amod,mark,67,1.8580659474749716e-05,0.019239245764135462,12862,3482465.0,3605900
2025,amod->mark,amod,mark,89,2.1324786806042917e-05,0.02211709285973265,15004,4024037.0,4173547
2026,amod->mark,amod,mark,24,1.7145404460091215e-05,0.017849625827218597,4849,1344566.0,1399792
2019,amod->meta,amod,meta,1,4.069209108517669e-06,0.0042039592888582465,912,237871.0,245748
2020,amod->meta,amod,meta,18,5.041745654015246e-06,0.005274651081830937,14066,3412548.0,3570192
2021,amod->meta,amod,meta,20,5.923386328883587e-06,0.0062168100055826955,12748,3217084.0,3376447
2022,amod->meta,amod,meta,15,5.1483726680446e-06,0.005379569899800131,10523,2788327.0,2913542
2023,amod->meta,amod,meta,11,3.591699517112326e-06,0.0037322852171647117,11046,2947256.0,3062617
2024,amod->meta,amod,meta,21,5.823788790593194e-06,0.0060302113589081295,12862,3482465.0,3605900
2025,amod->meta,amod,meta,30,7.18813038405941e-06,0.007455199840359321,15004,4024037.0,4173547
2026,amod->meta,amod,meta,12,8.572702230045608e-06,0.008924812913609298,4849,1344566.0,1399792
2019,amod->neg,amod,neg,9,3.662288197665902e-05,0.03783563359972422,912,237871.0,245748
2020,amod->neg,amod,neg,115,3.221115278954185e-05,0.033699159689475434,14066,3412548.0,3570192
2021,amod->neg,amod,neg,142,4.2056042935073464e-05,0.044139351039637134,12748,3217084.0,3376447
2022,amod->neg,amod,neg,99,3.397925960909436e-05,0.03550516133868087,10523,2788327.0,2913542
2023,amod->neg,amod,neg,90,2.9386632412737212e-05,0.030536879049529463,11046,2947256.0,3062617
2024,amod->neg,amod,neg,105,2.9118943952965972e-05,0.030151056794540648,12862,3482465.0,3605900
2025,amod->neg,amod,neg,139,3.33050041128086e-05,0.03454242592699819,15004,4024037.0,4173547
2026,amod->neg,amod,neg,49,3.5005200772686224e-05,0.036442986063904635,4849,1344566.0,1399792
2019,amod->nmod,amod,nmod,15,6.103813662776503e-05,0.0630593893328737,912,237871.0,245748
2020,amod->nmod,amod,nmod,293,8.206841536813706e-05,0.08585959816535914,14066,3412548.0,3570192
2021,amod->nmod,amod,nmod,360,0.00010662095391990457,0.11190258010048852,12748,3217084.0,3376447
2022,amod->nmod,amod,nmod,345,0.0001184125713650258,0.123730107695403,10523,2788327.0,2913542
2023,amod->nmod,amod,nmod,337,0.00011003661247880488,0.11434364710768254,11046,2947256.0,3062617
2024,amod->nmod,amod,nmod,372,0.0001031642585762223,0.10682088692922972,12862,3482465.0,3605900
2025,amod->nmod,amod,nmod,504,0.0001207605904521981,0.12524735731803657,15004,4024037.0,4173547
2026,amod->nmod,amod,nmod,165,0.0001178746556631271,0.12271617756212785,4849,1344566.0,1399792
2019,amod->npadvmod,amod,npadvmod,1530,0.006225889936032033,6.432057711953117,912,237871.0,245748
2020,amod->npadvmod,amod,npadvmod,16590,0.004646808911117385,4.861470080420847,14066,3412548.0,3570192
2021,amod->npadvmod,amod,npadvmod,18845,0.005581310768390559,5.8577892277602945,12748,3217084.0,3376447
2022,amod->npadvmod,amod,npadvmod,17441,0.005986184513557724,6.255005241494272,10523,2788327.0,2913542
2023,amod->npadvmod,amod,npadvmod,18594,0.0060712782564715075,6.308919211632786,11046,2947256.0,3062617
2024,amod->npadvmod,amod,npadvmod,23067,0.0063970160015530105,6.623756448377802,12862,3482465.0,3605900
2025,amod->npadvmod,amod,npadvmod,31915,0.007646972706908536,7.9310900968355895,15004,4024037.0,4173547
2026,amod->npadvmod,amod,npadvmod,12865,0.009190651182461394,9.568143177798635,4849,1344566.0,1399792
2019,amod->nsubj,amod,nsubj,48,0.0001953220372088481,0.20179004586519583,912,237871.0,245748
2020,amod->nsubj,amod,nsubj,625,0.0001750606129866405,0.18314760700801866,14066,3412548.0,3570192
2021,amod->nsubj,amod,nsubj,653,0.0001933985636380491,0.202978846682275,12748,3217084.0,3376447
2022,amod->nsubj,amod,nsubj,565,0.00019392203716301327,0.20263046622580494,10523,2788327.0,2913542
2023,amod->nsubj,amod,nsubj,565,0.00018448274792440584,0.19170374069982385,11046,2947256.0,3062617
2024,amod->nsubj,amod,nsubj,789,0.00021880806456085858,0.226563655341834,12862,3482465.0,3605900
2025,amod->nsubj,amod,nsubj,955,0.00022882215055922456,0.2373238615847717,15004,4024037.0,4173547
2026,amod->nsubj,amod,nsubj,370,0.0002643249854264062,0.2751817315029534,4849,1344566.0,1399792
2019,amod->nsubjpass,amod,nsubjpass,2,8.138418217035338e-06,0.008407918577716493,912,237871.0,245748
2020,amod->nsubjpass,amod,nsubjpass,23,6.4422305579083705e-06,0.006739831937895086,14066,3412548.0,3570192
2021,amod->nsubjpass,amod,nsubjpass,41,1.2142941974211354e-05,0.012744460511444525,12748,3217084.0,3376447
2022,amod->nsubjpass,amod,nsubjpass,22,7.550946579798747e-06,0.007890035853040192,10523,2788327.0,2913542
2023,amod->nsubjpass,amod,nsubjpass,32,1.0448580413417675e-05,0.010857556995388254,11046,2947256.0,3062617
2024,amod->nsubjpass,amod,nsubjpass,33,9.151668099503591e-06,0.009476046421141348,12862,3482465.0,3605900
2025,amod->nsubjpass,amod,nsubjpass,36,8.625756460871292e-06,0.008946239808431185,15004,4024037.0,4173547
2026,amod->nsubjpass,amod,nsubjpass,10,7.143918525038006e-06,0.007437344094674415,4849,1344566.0,1399792
2019,amod->nummod,amod,nummod,13,5.289971841072969e-05,0.05465147075515721,912,237871.0,245748
2020,amod->nummod,amod,nummod,233,6.526259652141958e-05,0.06827742789258935,14066,3412548.0,3570192
2021,amod->nummod,amod,nummod,275,8.144656202214933e-05,0.08548113757676207,12748,3217084.0,3376447
2022,amod->nummod,amod,nummod,172,5.9034673260244746e-05,0.0616857348510415,10523,2788327.0,2913542
2023,amod->nummod,amod,nummod,148,4.8324684412056746e-05,0.05021620110367067,11046,2947256.0,3062617
2024,amod->nummod,amod,nummod,178,4.936354308217088e-05,0.05111322008979272,12862,3482465.0,3605900
2025,amod->nummod,amod,nummod,235,5.630702134179871e-05,0.05839906541614801,15004,4024037.0,4173547
2026,amod->nummod,amod,nummod,83,5.9294523757815444e-05,0.06172995598579765,4849,1344566.0,1399792
2020,amod->oprd,amod,oprd,14,3.921357730900747e-06,0.004102506396979617,14066,3412548.0,3570192
2021,amod->oprd,amod,oprd,8,2.369354531553435e-06,0.0024867240022330784,12748,3217084.0,3376447
2022,amod->oprd,amod,oprd,15,5.1483726680446e-06,0.005379569899800131,10523,2788327.0,2913542
2023,amod->oprd,amod,oprd,8,2.6121451033544187e-06,0.0027143892488470634,11046,2947256.0,3062617
2024,amod->oprd,amod,oprd,19,5.2691422391081285e-06,0.005455905515202594,12862,3482465.0,3605900
2025,amod->oprd,amod,oprd,11,2.6356478074884506e-06,0.0027335732747984175,15004,4024037.0,4173547
2026,amod->oprd,amod,oprd,4,2.8575674100152022e-06,0.002974937637869766,4849,1344566.0,1399792
2019,amod->parataxis,amod,parataxis,1,4.069209108517669e-06,0.0042039592888582465,912,237871.0,245748
2020,amod->parataxis,amod,parataxis,32,8.963103384915993e-06,0.009377157478810554,14066,3412548.0,3570192
2021,amod->parataxis,amod,parataxis,28,8.292740860437022e-06,0.008703534007815773,12748,3217084.0,3376447
2022,amod->parataxis,amod,parataxis,42,1.441544347052488e-05,0.015062795719440367,10523,2788327.0,2913542
2023,amod->parataxis,amod,parataxis,22,7.183399034224652e-06,0.007464570434329423,11046,2947256.0,3062617
2024,amod->parataxis,amod,parataxis,34,9.428991375246124e-06,0.009763199342994116,12862,3482465.0,3605900
2025,amod->parataxis,amod,parataxis,45,1.0782195576089116e-05,0.011182799760538981,15004,4024037.0,4173547
2026,amod->parataxis,amod,parataxis,11,7.858310377541807e-06,0.008181078504141856,4849,1344566.0,1399792
2019,amod->pcomp,amod,pcomp,2,8.138418217035338e-06,0.008407918577716493,912,237871.0,245748
2020,amod->pcomp,amod,pcomp,149,4.1734450136015095e-05,0.04366238951071164,14066,3412548.0,3570192
2021,amod->pcomp,amod,pcomp,130,3.8502011137743314e-05,0.04040926503628752,12748,3217084.0,3376447
2022,amod->pcomp,amod,pcomp,106,3.638183352084851e-05,0.03801562729192092,10523,2788327.0,2913542
2023,amod->pcomp,amod,pcomp,100,3.2651813791930236e-05,0.033929865610588285,11046,2947256.0,3062617
2024,amod->pcomp,amod,pcomp,131,3.6329349122271834e-05,0.03761703276271262,12862,3482465.0,3605900
2025,amod->pcomp,amod,pcomp,138,3.3065399766673286e-05,0.034293919265652874,15004,4024037.0,4173547
2026,amod->pcomp,amod,pcomp,41,2.929006595265582e-05,0.030493110788165103,4849,1344566.0,1399792
2019,amod->pobj,amod,pobj,2,8.138418217035338e-06,0.008407918577716493,912,237871.0,245748
2020,amod->pobj,amod,pobj,71,1.988688563528236e-05,0.02080556815611092,14066,3412548.0,3570192
2021,amod->pobj,amod,pobj,68,2.0139513518204194e-05,0.021137154018981162,12748,3217084.0,3376447
2022,amod->pobj,amod,pobj,50,1.7161242226815334e-05,0.01793189966600044,10523,2788327.0,2913542
2023,amod->pobj,amod,pobj,45,1.4693316206368606e-05,0.015268439524764732,11046,2947256.0,3062617
2024,amod->pobj,amod,pobj,63,1.7471366371779583e-05,0.01809063407672439,12862,3482465.0,3605900
2025,amod->pobj,amod,pobj,73,1.74911172678779e-05,0.01814098627820768,15004,4024037.0,4173547
2026,amod->pobj,amod,pobj,25,1.7859796312595013e-05,0.01859336023668604,4849,1344566.0,1399792
2019,amod->poss,amod,poss,1,4.069209108517669e-06,0.0042039592888582465,912,237871.0,245748
2020,amod->poss,amod,poss,7,1.9606788654503734e-06,0.0020512531984898086,14066,3412548.0,3570192
2021,amod->poss,amod,poss,8,2.369354531553435e-06,0.0024867240022330784,12748,3217084.0,3376447
2022,amod->poss,amod,poss,9,3.08902360082676e-06,0.0032277419398800784,10523,2788327.0,2913542
2023,amod->poss,amod,poss,5,1.6325906895965118e-06,0.0016964932805294145,11046,2947256.0,3062617
2024,amod->poss,amod,poss,6,1.6639396544551984e-06,0.0017229175311166084,12862,3482465.0,3605900
2025,amod->poss,amod,poss,7,1.6772304229471957e-06,0.0017395466294171749,15004,4024037.0,4173547
2026,amod->poss,amod,poss,2,1.4287837050076011e-06,0.001487468818934883,4849,1344566.0,1399792
2019,amod->preconj,amod,preconj,22,8.95226003873887e-05,0.09248710435488142,912,237871.0,245748
2020,amod->preconj,amod,preconj,292,8.178831838735844e-05,0.08556656199414632,14066,3412548.0,3570192
2021,amod->preconj,amod,preconj,384,0.00011372901751456487,0.11936275210718775,12748,3217084.0,3376447
2022,amod->preconj,amod,preconj,337,0.00011566677260873534,0.12086100374884294,10523,2788327.0,2913542
2023,amod->preconj,amod,preconj,355,0.00011591393896135233,0.12045102291758843,11046,2947256.0,3062617
2024,amod->preconj,amod,preconj,453,0.00012562744391136747,0.13008027359930394,12862,3482465.0,3605900
2025,amod->preconj,amod,preconj,527,0.00012627149041331031,0.13096301052897874,15004,4024037.0,4173547
2026,amod->preconj,amod,preconj,149,0.00010644438602306628,0.1108164270106488,4849,1344566.0,1399792
2020,amod->predet,amod,predet,2,5.601939615572496e-07,0.0005860723424256596,14066,3412548.0,3570192
2021,amod->predet,amod,predet,1,2.9616931644417936e-07,0.0003108405002791348,12748,3217084.0,3376447
2022,amod->predet,amod,predet,2,6.864496890726133e-07,0.0007172759866400175,10523,2788327.0,2913542
2023,amod->predet,amod,predet,1,3.2651813791930233e-07,0.0003392986561058829,11046,2947256.0,3062617
2024,amod->predet,amod,predet,4,1.1092931029701323e-06,0.0011486116874110724,12862,3482465.0,3605900
2026,amod->predet,amod,predet,1,7.143918525038006e-07,0.0007437344094674415,4849,1344566.0,1399792
2019,amod->prep,amod,prep,243,0.0009888178133697935,1.021562107192554,912,237871.0,245748
2020,amod->prep,amod,prep,3100,0.0008683006404137368,0.9084121307597725,14066,3412548.0,3570192
2021,amod->prep,amod,prep,3187,0.0009438916115075995,0.9906486743896026,12748,3217084.0,3376447
2022,amod->prep,amod,prep,2618,0.0008985626429960508,0.9389142665117829,10523,2788327.0,2913542
2023,amod->prep,amod,prep,2657,0.0008675586924515863,0.9015165292733309,11046,2947256.0,3062617
2024,amod->prep,amod,prep,3192,0.0008852158961701656,0.9165921265540358,12862,3482465.0,3605900
2025,amod->prep,amod,prep,3819,0.000915048997890763,0.9490469396777415,15004,4024037.0,4173547
2026,amod->prep,amod,prep,1470,0.0010501560231805868,1.093289581917139,4849,1344566.0,1399792
2019,amod->prt,amod,prt,36,0.00014649152790663608,0.1513425343988969,912,237871.0,245748
2020,amod->prt,amod,prt,485,0.00013584703567763302,0.14212254303822247,14066,3412548.0,3570192
2021,amod->prt,amod,prt,528,0.00015637739908252668,0.16412378414738316,12748,3217084.0,3376447
2022,amod->prt,amod,prt,516,0.00017710401978073424,0.18505720455312452,10523,2788327.0,2913542
2023,amod->prt,amod,prt,561,0.00018317667537272862,0.1903465460754003,11046,2947256.0,3062617
2024,amod->prt,amod,prt,620,0.0001719404309603705,0.1780348115487162,12862,3482465.0,3605900
2025,amod->prt,amod,prt,764,0.00018305772044737966,0.1898590892678174,15004,4024037.0,4173547
2026,amod->prt,amod,prt,276,0.00019717215129104896,0.20527069701301387,4849,1344566.0,1399792
2019,amod->quantmod,amod,quantmod,2,8.138418217035338e-06,0.008407918577716493,912,237871.0,245748
2020,amod->quantmod,amod,quantmod,48,1.344465507737399e-05,0.014065736218215831,14066,3412548.0,3570192
2021,amod->quantmod,amod,quantmod,36,1.0662095391990457e-05,0.011190258010048852,12748,3217084.0,3376447
2022,amod->quantmod,amod,quantmod,33,1.132641986969812e-05,0.01183505377956029,10523,2788327.0,2913542
2023,amod->quantmod,amod,quantmod,34,1.110161668925628e-05,0.011536154307600018,11046,2947256.0,3062617
2024,amod->quantmod,amod,quantmod,31,8.597021548018524e-06,0.008901740577435811,12862,3482465.0,3605900
2025,amod->quantmod,amod,quantmod,23,5.510899961112214e-06,0.005715653210942146,15004,4024037.0,4173547
2026,amod->quantmod,amod,quantmod,3,2.143175557511402e-06,0.0022312032284023246,4849,1344566.0,1399792
2019,amod->relcl,amod,relcl,1,4.069209108517669e-06,0.0042039592888582465,912,237871.0,245748
2020,amod->relcl,amod,relcl,5,1.400484903893124e-06,0.0014651808560641492,14066,3412548.0,3570192
2021,amod->relcl,amod,relcl,2,5.923386328883587e-07,0.0006216810005582696,12748,3217084.0,3376447
2022,amod->relcl,amod,relcl,1,3.4322484453630666e-07,0.00035863799332000874,10523,2788327.0,2913542
2023,amod->relcl,amod,relcl,2,6.530362758386047e-07,0.0006785973122117658,11046,2947256.0,3062617
2024,amod->relcl,amod,relcl,1,2.773232757425331e-07,0.0002871529218527681,12862,3482465.0,3605900
2025,amod->relcl,amod,relcl,4,9.584173845412547e-07,0.0009940266453812427,15004,4024037.0,4173547
2026,amod->relcl,amod,relcl,3,2.143175557511402e-06,0.0022312032284023246,4849,1344566.0,1399792
2019,amod->xcomp,amod,xcomp,27,0.00010986864592997705,0.11350690079917267,912,237871.0,245748
2020,amod->xcomp,amod,xcomp,229,6.414220859830508e-05,0.06710528320773802,14066,3412548.0,3570192
2021,amod->xcomp,amod,xcomp,259,7.670785295904245e-05,0.0805076895722959,12748,3217084.0,3376447
2022,amod->xcomp,amod,xcomp,215,7.379334157530594e-05,0.07710716856380188,10523,2788327.0,2913542
2023,amod->xcomp,amod,xcomp,216,7.05279177905693e-05,0.0732885097188707,11046,2947256.0,3062617
2024,amod->xcomp,amod,xcomp,259,7.182672841731606e-05,0.07437260675986693,12862,3482465.0,3605900
2025,amod->xcomp,amod,xcomp,268,6.421396476426406e-05,0.06659978524054326,15004,4024037.0,4173547
2026,amod->xcomp,amod,xcomp,103,7.358236080789146e-05,0.07660464417514648,4849,1344566.0,1399792
2019,appos->acl,appos,acl,67,0.00027263701027068377,0.2816652723535025,912,237871.0,245748
2020,appos->acl,appos,acl,1021,0.0002859790173749759,0.29918993080829925,14066,3412548.0,3570192
2021,appos->acl,appos,acl,994,0.00029439230054551424,0.30897545727745995,12748,3217084.0,3376447
2022,appos->acl,appos,acl,880,0.0003020378631919499,0.3156014341216077,10523,2788327.0,2913542
2023,appos->acl,appos,acl,1016,0.0003317424281260112,0.344727434603577,11046,2947256.0,3062617
2024,appos->acl,appos,acl,1208,0.0003350065170969799,0.3468807295981438,12862,3482465.0,3605900
2025,appos->acl,appos,acl,1740,0.00041691156227544583,0.4324015907408406,15004,4024037.0,4173547
2026,appos->acl,appos,acl,627,0.00044792369151988294,0.4663214747360859,4849,1344566.0,1399792
2020,appos->acomp,appos,acomp,6,1.6805818846717488e-06,0.001758217027276979,14066,3412548.0,3570192
2021,appos->acomp,appos,acomp,7,2.0731852151092556e-06,0.0021758835019539432,12748,3217084.0,3376447
2022,appos->acomp,appos,acomp,1,3.4322484453630666e-07,0.00035863799332000874,10523,2788327.0,2913542
2023,appos->acomp,appos,acomp,2,6.530362758386047e-07,0.0006785973122117658,11046,2947256.0,3062617
2024,appos->acomp,appos,acomp,7,1.9412629301977313e-06,0.0020100704529693765,12862,3482465.0,3605900
2025,appos->acomp,appos,acomp,9,2.156439115217823e-06,0.002236559952107796,15004,4024037.0,4173547
2026,appos->acomp,appos,acomp,1,7.143918525038006e-07,0.0007437344094674415,4849,1344566.0,1399792
2019,appos->advcl,appos,advcl,4,1.6276836434070675e-05,0.016815837155432986,912,237871.0,245748
2020,appos->advcl,appos,advcl,37,1.0363588288809118e-05,0.010842338334874703,14066,3412548.0,3570192
2021,appos->advcl,appos,advcl,40,1.1846772657767174e-05,0.012433620011165391,12748,3217084.0,3376447
2022,appos->advcl,appos,advcl,27,9.26707080248028e-06,0.009683225819640236,10523,2788327.0,2913542
2023,appos->advcl,appos,advcl,38,1.2407689240933488e-05,0.012893348932023551,11046,2947256.0,3062617
2024,appos->advcl,appos,advcl,31,8.597021548018524e-06,0.008901740577435811,12862,3482465.0,3605900
2025,appos->advcl,appos,advcl,53,1.2699030345171625e-05,0.013170853051301466,15004,4024037.0,4173547
2026,appos->advcl,appos,advcl,18,1.285905334506841e-05,0.013387219370413948,4849,1344566.0,1399792
2019,appos->advmod,appos,advmod,114,0.0004638898383710142,0.4792513589298401,912,237871.0,245748
2020,appos->advmod,appos,advmod,1459,0.00040866149495601356,0.4275397737995187,14066,3412548.0,3570192
2021,appos->advmod,appos,advmod,1416,0.00041937575208495794,0.44015014839525485,12748,3217084.0,3376447
2022,appos->advmod,appos,advmod,1270,0.00043589555256110944,0.4554702515164111,10523,2788327.0,2913542
2023,appos->advmod,appos,advmod,1334,0.00043557519598434936,0.4526244072452478,11046,2947256.0,3062617
2024,appos->advmod,appos,advmod,1635,0.00045342355583904157,0.46949502722927583,12862,3482465.0,3605900
2025,appos->advmod,appos,advmod,1982,0.0004748958140401917,0.4925402027864058,15004,4024037.0,4173547
2026,appos->advmod,appos,advmod,613,0.00043792220558482974,0.45590919300354166,4849,1344566.0,1399792
2020,appos->agent,appos,agent,3,8.402909423358744e-07,0.0008791085136384895,14066,3412548.0,3570192
2021,appos->agent,appos,agent,1,2.9616931644417936e-07,0.0003108405002791348,12748,3217084.0,3376447
2022,appos->agent,appos,agent,1,3.4322484453630666e-07,0.00035863799332000874,10523,2788327.0,2913542
2023,appos->agent,appos,agent,3,9.795544137579071e-07,0.0010178959683176485,11046,2947256.0,3062617
2024,appos->agent,appos,agent,2,5.546465514850662e-07,0.0005743058437055362,12862,3482465.0,3605900
2025,appos->agent,appos,agent,2,4.792086922706273e-07,0.0004970133226906213,15004,4024037.0,4173547
2019,appos->amod,appos,amod,751,0.003055976040496769,3.1571734259325432,912,237871.0,245748
2020,appos->amod,appos,amod,9815,0.0027491518663422024,2.8761500204539248,14066,3412548.0,3570192
2021,appos->amod,appos,amod,9851,0.002917563936291611,3.062089768249757,12748,3217084.0,3376447
2022,appos->amod,appos,amod,8891,0.0030516120927723024,3.1886503986081975,10523,2788327.0,2913542
2023,appos->amod,appos,amod,9590,0.0031313089426461094,3.253874112055417,11046,2947256.0,3062617
2024,appos->amod,appos,amod,11568,0.0032080756537896226,3.321784999992821,12862,3482465.0,3605900
2025,appos->amod,appos,amod,15048,0.0036055662006442,3.739528239924235,15004,4024037.0,4173547
2026,appos->amod,appos,amod,5493,0.003924154445803377,4.0853331112046565,4849,1344566.0,1399792
2019,appos->appos,appos,appos,930,0.0037843644709214318,3.90968213863817,912,237871.0,245748
2020,appos->appos,appos,appos,11130,0.003117479396066094,3.261492585598796,14066,3412548.0,3570192
2021,appos->appos,appos,appos,11418,0.0033816612551596397,3.549176832187161,12748,3217084.0,3376447
2022,appos->appos,appos,appos,10266,0.003523546254009724,3.6817776394232093,10523,2788327.0,2913542
2023,appos->appos,appos,appos,10966,0.0035805979004230695,3.7207490628571116,11046,2947256.0,3062617
2024,appos->appos,appos,appos,12468,0.0034576666019579022,3.5802226296603124,12862,3482465.0,3605900
2025,appos->appos,appos,appos,15562,0.0037287228345577513,3.867260663855725,15004,4024037.0,4173547
2026,appos->appos,appos,appos,5475,0.0039112953924583084,4.071945891834242,4849,1344566.0,1399792
2020,appos->attr,appos,attr,2,5.601939615572496e-07,0.0005860723424256596,14066,3412548.0,3570192
2021,appos->attr,appos,attr,4,1.1846772657767174e-06,0.0012433620011165392,12748,3217084.0,3376447
2022,appos->attr,appos,attr,2,6.864496890726133e-07,0.0007172759866400175,10523,2788327.0,2913542
2023,appos->attr,appos,attr,4,1.3060725516772093e-06,0.0013571946244235317,11046,2947256.0,3062617
2024,appos->attr,appos,attr,7,1.9412629301977313e-06,0.0020100704529693765,12862,3482465.0,3605900
2025,appos->attr,appos,attr,4,9.584173845412547e-07,0.0009940266453812427,15004,4024037.0,4173547
2026,appos->attr,appos,attr,2,1.4287837050076011e-06,0.001487468818934883,4849,1344566.0,1399792
2019,appos->aux,appos,aux,1,4.069209108517669e-06,0.0042039592888582465,912,237871.0,245748
2020,appos->aux,appos,aux,20,5.601939615572496e-06,0.005860723424256597,14066,3412548.0,3570192
2021,appos->aux,appos,aux,15,4.44253974666269e-06,0.004662607504187022,12748,3217084.0,3376447
2022,appos->aux,appos,aux,19,6.521272046189827e-06,0.0068141218730801666,10523,2788327.0,2913542
2023,appos->aux,appos,aux,22,7.183399034224652e-06,0.007464570434329423,11046,2947256.0,3062617
2024,appos->aux,appos,aux,26,7.21040516930586e-06,0.00746597596817197,12862,3482465.0,3605900
2025,appos->aux,appos,aux,26,6.2297129995181555e-06,0.0064611731949780786,15004,4024037.0,4173547
2026,appos->aux,appos,aux,11,7.858310377541807e-06,0.008181078504141856,4849,1344566.0,1399792
2023,appos->auxpass,appos,auxpass,1,3.2651813791930233e-07,0.0003392986561058829,11046,2947256.0,3062617
2025,appos->auxpass,appos,auxpass,1,2.3960434613531366e-07,0.00024850666134531066,15004,4024037.0,4173547
2020,appos->case,appos,case,9,2.520872827007623e-06,0.0026373255409154685,14066,3412548.0,3570192
2021,appos->case,appos,case,16,4.73870906310687e-06,0.004973448004466157,12748,3217084.0,3376447
2022,appos->case,appos,case,5,1.7161242226815333e-06,0.0017931899666000436,10523,2788327.0,2913542
2023,appos->case,appos,case,1,3.2651813791930233e-07,0.0003392986561058829,11046,2947256.0,3062617
2024,appos->case,appos,case,3,8.319698272275992e-07,0.0008614587655583042,12862,3482465.0,3605900
2025,appos->case,appos,case,9,2.156439115217823e-06,0.002236559952107796,15004,4024037.0,4173547
2026,appos->case,appos,case,2,1.4287837050076011e-06,0.001487468818934883,4849,1344566.0,1399792
2019,appos->cc,appos,cc,404,0.001643960479841138,1.6983995526987317,912,237871.0,245748
2020,appos->cc,appos,cc,5278,0.0014783518645495816,1.546644911661316,14066,3412548.0,3570192
2021,appos->cc,appos,cc,5290,0.0015667356839897087,1.6443462464766228,12748,3217084.0,3376447
2022,appos->cc,appos,cc,4642,0.0015932497283375356,1.6647975649914806,10523,2788327.0,2913542
2023,appos->cc,appos,cc,4937,0.0016120200469075957,1.6751174651947438,11046,2947256.0,3062617
2024,appos->cc,appos,cc,5592,0.001550791757952245,1.6057591390006791,12862,3482465.0,3605900
2025,appos->cc,appos,cc,6850,0.0016412897710268988,1.7022706302153783,15004,4024037.0,4173547
2026,appos->cc,appos,cc,2302,0.0016445300444637488,1.7120766105940504,4849,1344566.0,1399792
2019,appos->ccomp,appos,ccomp,1,4.069209108517669e-06,0.0042039592888582465,912,237871.0,245748
2020,appos->ccomp,appos,ccomp,3,8.402909423358744e-07,0.0008791085136384895,14066,3412548.0,3570192
2021,appos->ccomp,appos,ccomp,1,2.9616931644417936e-07,0.0003108405002791348,12748,3217084.0,3376447
2022,appos->ccomp,appos,ccomp,3,1.02967453360892e-06,0.0010759139799600263,10523,2788327.0,2913542
2023,appos->ccomp,appos,ccomp,5,1.6325906895965118e-06,0.0016964932805294145,11046,2947256.0,3062617
2024,appos->ccomp,appos,ccomp,2,5.546465514850662e-07,0.0005743058437055362,12862,3482465.0,3605900
2025,appos->ccomp,appos,ccomp,2,4.792086922706273e-07,0.0004970133226906213,15004,4024037.0,4173547
2026,appos->ccomp,appos,ccomp,3,2.143175557511402e-06,0.0022312032284023246,4849,1344566.0,1399792
2019,appos->compound,appos,compound,904,0.0036785650340999724,3.800379197127855,912,237871.0,245748
2020,appos->compound,appos,compound,12399,0.0034729224646741687,3.633355486867877,14066,3412548.0,3570192
2021,appos->compound,appos,compound,12685,0.0037569077790944147,3.9430117460408245,12748,3217084.0,3376447
2022,appos->compound,appos,compound,11618,0.0039875862438228105,4.1666562063918615,10523,2788327.0,2913542
2023,appos->compound,appos,compound,12074,0.003942379997237656,4.0966919738224306,11046,2947256.0,3062617
2024,appos->compound,appos,compound,14138,0.003920796472447932,4.0597680091544355,12862,3482465.0,3605900
2025,appos->compound,appos,compound,17875,0.004282927687168732,4.442056571547429,15004,4024037.0,4173547
2026,appos->compound,appos,compound,6642,0.004744990684330244,4.9398839476827465,4849,1344566.0,1399792
2019,appos->conj,appos,conj,649,0.002640916711427967,2.7283695784690023,912,237871.0,245748
2020,appos->conj,appos,conj,8560,0.0023976301554650284,2.5083896255818234,14066,3412548.0,3570192
2021,appos->conj,appos,conj,8460,0.002505592417117757,2.62971063236148,12748,3217084.0,3376447
2022,appos->conj,appos,conj,7543,0.0025889450023373613,2.705206383612826,10523,2788327.0,2913542
2023,appos->conj,appos,conj,8191,0.0026745100676970057,2.779195292163287,11046,2947256.0,3062617
2024,appos->conj,appos,conj,9316,0.002583543636817438,2.675116619980387,12862,3482465.0,3605900
2025,appos->conj,appos,conj,11518,0.002759762858786543,2.8622997253752884,15004,4024037.0,4173547
2026,appos->conj,appos,conj,4057,0.002898287745607919,3.01733049920941,4849,1344566.0,1399792
2024,appos->csubj,appos,csubj,1,2.773232757425331e-07,0.0002871529218527681,12862,3482465.0,3605900
2021,appos->dative,appos,dative,1,2.9616931644417936e-07,0.0003108405002791348,12748,3217084.0,3376447
2025,appos->dative,appos,dative,2,4.792086922706273e-07,0.0004970133226906213,15004,4024037.0,4173547
2019,appos->dep,appos,dep,17,6.917655484480037e-05,0.0714673079105902,912,237871.0,245748
2020,appos->dep,appos,dep,205,5.741988105961808e-05,0.060072415098630115,14066,3412548.0,3570192
2021,appos->dep,appos,dep,216,6.397257235194274e-05,0.06714154806029311,12748,3217084.0,3376447
2022,appos->dep,appos,dep,212,7.276366704169702e-05,0.07603125458384184,10523,2788327.0,2913542
2023,appos->dep,appos,dep,233,7.607872613519745e-05,0.07905658687267071,11046,2947256.0,3062617
2024,appos->dep,appos,dep,302,8.375162927424498e-05,0.08672018239953595,12862,3482465.0,3605900
2025,appos->dep,appos,dep,435,0.00010422789056886146,0.10810039768521015,15004,4024037.0,4173547
2026,appos->dep,appos,dep,162,0.0001157314801056157,0.12048497433372553,4849,1344566.0,1399792
2019,appos->det,appos,det,228,0.0009277796767420284,0.9585027178596802,912,237871.0,245748
2020,appos->det,appos,det,3308,0.0009265608124156908,0.9693636543720411,14066,3412548.0,3570192
2021,appos->det,appos,det,3023,0.0008953198436107542,0.9396708323438244,12748,3217084.0,3376447
2022,appos->det,appos,det,2540,0.0008717911051222189,0.9109405030328221,10523,2788327.0,2913542
2023,appos->det,appos,det,2858,0.0009331888381733662,0.9697155591506132,11046,2947256.0,3062617
2024,appos->det,appos,det,3419,0.0009481682797637205,0.9817758398146141,12862,3482465.0,3605900
2025,appos->det,appos,det,4255,0.0010195164928057598,1.057395844024297,15004,4024037.0,4173547
2026,appos->det,appos,det,1402,0.0010015773772103283,1.042715642073353,4849,1344566.0,1399792
2019,appos->dobj,appos,dobj,11,4.476130019369435e-05,0.04624355217744071,912,237871.0,245748
2020,appos->dobj,appos,dobj,81,2.2687855443068607e-05,0.023735929868239216,14066,3412548.0,3570192
2021,appos->dobj,appos,dobj,88,2.6062899847087782e-05,0.02735396402456386,12748,3217084.0,3376447
2022,appos->dobj,appos,dobj,94,3.226313538641283e-05,0.033711971372080825,10523,2788327.0,2913542
2023,appos->dobj,appos,dobj,75,2.4488860343947675e-05,0.02544739920794122,11046,2947256.0,3062617
2024,appos->dobj,appos,dobj,127,3.52200560193017e-05,0.03646842107530155,12862,3482465.0,3605900
2025,appos->dobj,appos,dobj,152,3.641986061256768e-05,0.037773012524487226,15004,4024037.0,4173547
2026,appos->dobj,appos,dobj,58,4.143472744522043e-05,0.04313659574911161,4849,1344566.0,1399792
2019,appos->intj,appos,intj,6,2.441525465110601e-05,0.02522375573314948,912,237871.0,245748
2020,appos->intj,appos,intj,43,1.2044170173480866e-05,0.012600555362151683,14066,3412548.0,3570192
2021,appos->intj,appos,intj,60,1.777015898665076e-05,0.018650430016748088,12748,3217084.0,3376447
2022,appos->intj,appos,intj,57,1.956381613856948e-05,0.0204423656192405,10523,2788327.0,2913542
2023,appos->intj,appos,intj,51,1.665242503388442e-05,0.017304231461400026,11046,2947256.0,3062617
2024,appos->intj,appos,intj,76,2.1076568956432514e-05,0.021823622060810375,12862,3482465.0,3605900
2025,appos->intj,appos,intj,89,2.1324786806042917e-05,0.02211709285973265,15004,4024037.0,4173547
2026,appos->intj,appos,intj,23,1.6431012607587414e-05,0.017105891417751155,4849,1344566.0,1399792
2019,appos->mark,appos,mark,1,4.069209108517669e-06,0.0042039592888582465,912,237871.0,245748
2020,appos->mark,appos,mark,5,1.400484903893124e-06,0.0014651808560641492,14066,3412548.0,3570192
2021,appos->mark,appos,mark,9,2.665523847997614e-06,0.002797564502512213,12748,3217084.0,3376447
2022,appos->mark,appos,mark,10,3.4322484453630665e-06,0.0035863799332000873,10523,2788327.0,2913542
2023,appos->mark,appos,mark,10,3.2651813791930236e-06,0.003392986561058829,11046,2947256.0,3062617
2024,appos->mark,appos,mark,10,2.7732327574253305e-06,0.0028715292185276806,12862,3482465.0,3605900
2025,appos->mark,appos,mark,4,9.584173845412547e-07,0.0009940266453812427,15004,4024037.0,4173547
2026,appos->mark,appos,mark,1,7.143918525038006e-07,0.0007437344094674415,4849,1344566.0,1399792
2019,appos->meta,appos,meta,5,2.034604554258834e-05,0.021019796444291236,912,237871.0,245748
2020,appos->meta,appos,meta,73,2.044707959683961e-05,0.02139164049853658,14066,3412548.0,3570192
2021,appos->meta,appos,meta,75,2.221269873331345e-05,0.02331303752093511,12748,3217084.0,3376447
2022,appos->meta,appos,meta,69,2.368251427300516e-05,0.0247460215390806,10523,2788327.0,2913542
2023,appos->meta,appos,meta,58,1.8938051999319537e-05,0.019679322054141208,11046,2947256.0,3062617
2024,appos->meta,appos,meta,93,2.5791064644055575e-05,0.02670522173230743,12862,3482465.0,3605900
2025,appos->meta,appos,meta,135,3.234658672826735e-05,0.033548399281616945,15004,4024037.0,4173547
2026,appos->meta,appos,meta,59,4.214911929772423e-05,0.043880330158579055,4849,1344566.0,1399792
2019,appos->neg,appos,neg,2,8.138418217035338e-06,0.008407918577716493,912,237871.0,245748
2020,appos->neg,appos,neg,15,4.201454711679372e-06,0.004395542568192448,14066,3412548.0,3570192
2021,appos->neg,appos,neg,12,3.554031797330152e-06,0.003730086003349617,12748,3217084.0,3376447
2022,appos->neg,appos,neg,10,3.4322484453630665e-06,0.0035863799332000873,10523,2788327.0,2913542
2023,appos->neg,appos,neg,17,5.55080834462814e-06,0.005768077153800009,11046,2947256.0,3062617
2024,appos->neg,appos,neg,15,4.159849136137996e-06,0.004307293827791521,12862,3482465.0,3605900
2025,appos->neg,appos,neg,16,3.833669538165019e-06,0.003976106581524971,15004,4024037.0,4173547
2026,appos->neg,appos,neg,13,9.287094082549407e-06,0.00966854732307674,4849,1344566.0,1399792
2019,appos->nmod,appos,nmod,344,0.001399807933330078,1.4461619953672369,912,237871.0,245748
2020,appos->nmod,appos,nmod,4173,0.0011688447007892012,1.2228399424711387,14066,3412548.0,3570192
2021,appos->nmod,appos,nmod,4214,0.0012480574994957717,1.3098818681762738,12748,3217084.0,3376447
2022,appos->nmod,appos,nmod,3949,0.001355394911073875,1.4162614356207144,10523,2788327.0,2913542
2023,appos->nmod,appos,nmod,4497,0.0014683520662231028,1.5258260565081554,11046,2947256.0,3062617
2024,appos->nmod,appos,nmod,5553,0.001539976150198286,1.594560175048421,12862,3482465.0,3605900
2025,appos->nmod,appos,nmod,7094,0.0016997532314839152,1.762906255583634,15004,4024037.0,4173547
2026,appos->nmod,appos,nmod,2554,0.0018245567912947066,1.8994976817798457,4849,1344566.0,1399792
2019,appos->npadvmod,appos,npadvmod,181,0.000736526848641698,0.7609166312833427,912,237871.0,245748
2020,appos->npadvmod,appos,npadvmod,1801,0.0005044546623823033,0.5277581443543066,14066,3412548.0,3570192
2021,appos->npadvmod,appos,npadvmod,1857,0.000549986420636841,0.5772308090183532,12748,3217084.0,3376447
2022,appos->npadvmod,appos,npadvmod,1655,0.0005680371177075876,0.5935458789446145,10523,2788327.0,2913542
2023,appos->npadvmod,appos,npadvmod,1895,0.0006187518713570779,0.6429709533206481,11046,2947256.0,3062617
2024,appos->npadvmod,appos,npadvmod,2052,0.0005690673618236778,0.5892377956418802,12862,3482465.0,3605900
2025,appos->npadvmod,appos,npadvmod,2633,0.0006308782433742809,0.654318039322203,15004,4024037.0,4173547
2026,appos->npadvmod,appos,npadvmod,896,0.0006400950998434053,0.6663860308828276,4849,1344566.0,1399792
2019,appos->nsubj,appos,nsubj,8,3.255367286814135e-05,0.03363167431086597,912,237871.0,245748
2020,appos->nsubj,appos,nsubj,93,2.6049019212412105e-05,0.027252363922793177,14066,3412548.0,3570192
2021,appos->nsubj,appos,nsubj,96,2.8432254378641217e-05,0.029840688026796937,12748,3217084.0,3376447
2022,appos->nsubj,appos,nsubj,85,2.9174111785586066e-05,0.030484229432200742,10523,2788327.0,2913542
2023,appos->nsubj,appos,nsubj,92,3.0039668688575816e-05,0.03121547636174123,11046,2947256.0,3062617
2024,appos->nsubj,appos,nsubj,110,3.050556033167864e-05,0.03158682140380449,12862,3482465.0,3605900
2025,appos->nsubj,appos,nsubj,152,3.641986061256768e-05,0.037773012524487226,15004,4024037.0,4173547
2026,appos->nsubj,appos,nsubj,57,4.072033559271663e-05,0.04239286133964417,4849,1344566.0,1399792
2019,appos->nummod,appos,nummod,1523,0.006197405472272409,6.402629996931109,912,237871.0,245748
2020,appos->nummod,appos,nummod,22303,0.006247002962305669,6.535585726559744,14066,3412548.0,3570192
2021,appos->nummod,appos,nummod,20961,0.006208005041986443,6.515527726350944,12748,3217084.0,3376447
2022,appos->nummod,appos,nummod,17889,0.00613994924390999,6.415675062501637,10523,2788327.0,2913542
2023,appos->nummod,appos,nummod,18337,0.005987363095026247,6.221719457013574,11046,2947256.0,3062617
2024,appos->nummod,appos,nummod,20591,0.0057103635708144985,5.912765813870347,12862,3482465.0,3605900
2025,appos->nummod,appos,nummod,25898,0.006205273356212354,6.435825515520856,15004,4024037.0,4173547
2026,appos->nummod,appos,nummod,9548,0.006821013407706288,7.101176141595132,4849,1344566.0,1399792
2020,appos->oprd,appos,oprd,1,2.800969807786248e-07,0.0002930361712128298,14066,3412548.0,3570192
2021,appos->oprd,appos,oprd,4,1.1846772657767174e-06,0.0012433620011165392,12748,3217084.0,3376447
2022,appos->oprd,appos,oprd,5,1.7161242226815333e-06,0.0017931899666000436,10523,2788327.0,2913542
2023,appos->oprd,appos,oprd,7,2.2856269654351162e-06,0.00237509059274118,11046,2947256.0,3062617
2024,appos->oprd,appos,oprd,1,2.773232757425331e-07,0.0002871529218527681,12862,3482465.0,3605900
2025,appos->oprd,appos,oprd,4,9.584173845412547e-07,0.0009940266453812427,15004,4024037.0,4173547
2026,appos->oprd,appos,oprd,2,1.4287837050076011e-06,0.001487468818934883,4849,1344566.0,1399792
2019,appos->parataxis,appos,parataxis,5,2.034604554258834e-05,0.021019796444291236,912,237871.0,245748
2020,appos->parataxis,appos,parataxis,63,1.764610978905336e-05,0.01846127878640828,14066,3412548.0,3570192
2021,appos->parataxis,appos,parataxis,78,2.3101206682645988e-05,0.024245559021772514,12748,3217084.0,3376447
2022,appos->parataxis,appos,parataxis,54,1.853414160496056e-05,0.019366451639280472,10523,2788327.0,2913542
2023,appos->parataxis,appos,parataxis,86,2.808055986106e-05,0.029179684425105927,11046,2947256.0,3062617
2024,appos->parataxis,appos,parataxis,79,2.1908538783660113e-05,0.02268508082636868,12862,3482465.0,3605900
2025,appos->parataxis,appos,parataxis,129,3.090896065145547e-05,0.03205735931354508,15004,4024037.0,4173547
2026,appos->parataxis,appos,parataxis,41,2.929006595265582e-05,0.030493110788165103,4849,1344566.0,1399792
2019,appos->pobj,appos,pobj,5,2.034604554258834e-05,0.021019796444291236,912,237871.0,245748
2020,appos->pobj,appos,pobj,43,1.2044170173480866e-05,0.012600555362151683,14066,3412548.0,3570192
2021,appos->pobj,appos,pobj,57,1.6881651037318222e-05,0.017717908515910683,12748,3217084.0,3376447
2022,appos->pobj,appos,pobj,40,1.3728993781452266e-05,0.01434551973280035,10523,2788327.0,2913542
2023,appos->pobj,appos,pobj,43,1.404027993053e-05,0.014589842212552964,11046,2947256.0,3062617
2024,appos->pobj,appos,pobj,57,1.5807426717324385e-05,0.016367716545607782,12862,3482465.0,3605900
2025,appos->pobj,appos,pobj,76,1.820993030628384e-05,0.018886506262243613,15004,4024037.0,4173547
2026,appos->pobj,appos,pobj,29,2.0717363722610216e-05,0.021568297874555806,4849,1344566.0,1399792
2019,appos->poss,appos,poss,4,1.6276836434070675e-05,0.016815837155432986,912,237871.0,245748
2020,appos->poss,appos,poss,79,2.2127661481511357e-05,0.023149857525813555,14066,3412548.0,3570192
2021,appos->poss,appos,poss,74,2.1916529416869273e-05,0.023002197020655972,12748,3217084.0,3376447
2022,appos->poss,appos,poss,54,1.853414160496056e-05,0.019366451639280472,10523,2788327.0,2913542
2023,appos->poss,appos,poss,63,2.0570642688916047e-05,0.021375815334670624,11046,2947256.0,3062617
2024,appos->poss,appos,poss,92,2.551374136831304e-05,0.02641806881045466,12862,3482465.0,3605900
2025,appos->poss,appos,poss,87,2.084557811377229e-05,0.02162007953704203,15004,4024037.0,4173547
2026,appos->poss,appos,poss,30,2.1431755575114016e-05,0.022312032284023245,4849,1344566.0,1399792
2019,appos->preconj,appos,preconj,3,1.2207627325553006e-05,0.01261187786657474,912,237871.0,245748
2020,appos->preconj,appos,preconj,27,7.56261848102287e-06,0.007911976622746404,14066,3412548.0,3570192
2021,appos->preconj,appos,preconj,23,6.8118942782161244e-06,0.0071493315064200995,12748,3217084.0,3376447
2022,appos->preconj,appos,preconj,23,7.894171424335053e-06,0.0082486738463602,10523,2788327.0,2913542
2023,appos->preconj,appos,preconj,26,8.489471585901861e-06,0.008821765058752954,11046,2947256.0,3062617
2024,appos->preconj,appos,preconj,30,8.319698272275992e-06,0.008614587655583043,12862,3482465.0,3605900
2025,appos->preconj,appos,preconj,30,7.18813038405941e-06,0.007455199840359321,15004,4024037.0,4173547
2026,appos->preconj,appos,preconj,20,1.4287837050076012e-05,0.01487468818934883,4849,1344566.0,1399792
2020,appos->predet,appos,predet,3,8.402909423358744e-07,0.0008791085136384895,14066,3412548.0,3570192
2021,appos->predet,appos,predet,7,2.0731852151092556e-06,0.0021758835019539432,12748,3217084.0,3376447
2022,appos->predet,appos,predet,1,3.4322484453630666e-07,0.00035863799332000874,10523,2788327.0,2913542
2023,appos->predet,appos,predet,4,1.3060725516772093e-06,0.0013571946244235317,11046,2947256.0,3062617
2024,appos->predet,appos,predet,3,8.319698272275992e-07,0.0008614587655583042,12862,3482465.0,3605900
2025,appos->predet,appos,predet,6,1.437626076811882e-06,0.0014910399680718642,15004,4024037.0,4173547
2019,appos->prep,appos,prep,861,0.0035035890424337125,3.6196089477069506,912,237871.0,245748
2020,appos->prep,appos,prep,10684,0.0029925561426388273,3.130798453237874,14066,3412548.0,3570192
2021,appos->prep,appos,prep,10476,0.0031026697590692226,3.256365080924216,12748,3217084.0,3376447
2022,appos->prep,appos,prep,9189,0.003153893096444122,3.29552452061756,10523,2788327.0,2913542
2023,appos->prep,appos,prep,9941,0.0032459168090557848,3.3729679403485817,11046,2947256.0,3062617
2024,appos->prep,appos,prep,10987,0.003046950830583211,3.1549491523963633,12862,3482465.0,3605900
2025,appos->prep,appos,prep,13882,0.0033261875330504245,3.449769472795603,15004,4024037.0,4173547
2026,appos->prep,appos,prep,4528,0.003234766308137209,3.3676294060685756,4849,1344566.0,1399792
2020,appos->prt,appos,prt,11,3.0810667885648726e-06,0.003223397883341128,14066,3412548.0,3570192
2021,appos->prt,appos,prt,8,2.369354531553435e-06,0.0024867240022330784,12748,3217084.0,3376447
2022,appos->prt,appos,prt,10,3.4322484453630665e-06,0.0035863799332000873,10523,2788327.0,2913542
2023,appos->prt,appos,prt,8,2.6121451033544187e-06,0.0027143892488470634,11046,2947256.0,3062617
2024,appos->prt,appos,prt,5,1.3866163787126653e-06,0.0014357646092638403,12862,3482465.0,3605900
2025,appos->prt,appos,prt,14,3.3544608458943914e-06,0.0034790932588343497,15004,4024037.0,4173547
2026,appos->prt,appos,prt,6,4.286351115022804e-06,0.004462406456804649,4849,1344566.0,1399792
2019,appos->quantmod,appos,quantmod,61,0.0002482217556195778,0.256441516620353,912,237871.0,245748
2020,appos->quantmod,appos,quantmod,1016,0.0002845785324710828,0.2977247499522351,14066,3412548.0,3570192
2021,appos->quantmod,appos,quantmod,1026,0.000303869718671728,0.3189223532863923,12748,3217084.0,3376447
2022,appos->quantmod,appos,quantmod,705,0.0002419735153980962,0.2528397852906062,10523,2788327.0,2913542
2023,appos->quantmod,appos,quantmod,606,0.00019786999157909722,0.20561498560016503,11046,2947256.0,3062617
2024,appos->quantmod,appos,quantmod,763,0.00021159765939155273,0.21909767937366206,12862,3482465.0,3605900
2025,appos->quantmod,appos,quantmod,713,0.00017083789879447864,0.17718524953920653,15004,4024037.0,4173547
2026,appos->quantmod,appos,quantmod,277,0.00019788654314355277,0.20601443142248133,4849,1344566.0,1399792
2019,appos->relcl,appos,relcl,44,0.0001790452007747774,0.18497420870976283,912,237871.0,245748
2020,appos->relcl,appos,relcl,670,0.0001876649771216786,0.19633423471259598,14066,3412548.0,3570192
2021,appos->relcl,appos,relcl,699,0.00020702235219448135,0.2172775096951152,12748,3217084.0,3376447
2022,appos->relcl,appos,relcl,552,0.00018946011418404128,0.1979681723126448,10523,2788327.0,2913542
2023,appos->relcl,appos,relcl,586,0.00019133962882071116,0.19882901247804738,11046,2947256.0,3062617
2024,appos->relcl,appos,relcl,720,0.0001996727585346238,0.20675010373399302,12862,3482465.0,3605900
2025,appos->relcl,appos,relcl,912,0.00021851916367540607,0.22663807514692336,15004,4024037.0,4173547
2026,appos->relcl,appos,relcl,311,0.00022217586612868198,0.23130140134437432,4849,1344566.0,1399792
2020,appos->xcomp,appos,xcomp,4,1.1203879231144992e-06,0.0011721446848513193,14066,3412548.0,3570192
2021,appos->xcomp,appos,xcomp,6,1.777015898665076e-06,0.0018650430016748086,12748,3217084.0,3376447
2022,appos->xcomp,appos,xcomp,11,3.7754732898993733e-06,0.003945017926520096,10523,2788327.0,2913542
2023,appos->xcomp,appos,xcomp,14,4.5712539308702325e-06,0.00475018118548236,11046,2947256.0,3062617
2024,appos->xcomp,appos,xcomp,7,1.9412629301977313e-06,0.0020100704529693765,12862,3482465.0,3605900
2025,appos->xcomp,appos,xcomp,11,2.6356478074884506e-06,0.0027335732747984175,15004,4024037.0,4173547
2026,appos->xcomp,appos,xcomp,3,2.143175557511402e-06,0.0022312032284023246,4849,1344566.0,1399792
2019,attr->acl,attr,acl,143,0.0005818969025180266,0.6011661783067292,912,237871.0,245748
2020,attr->acl,attr,acl,2187,0.0006125720969628524,0.6408701064424588,14066,3412548.0,3570192
2021,attr->acl,attr,acl,2030,0.000601223712381684,0.6310062155666436,12748,3217084.0,3376447
2022,attr->acl,attr,acl,1842,0.0006322201636358768,0.660611183695456,10523,2788327.0,2913542
2023,attr->acl,attr,acl,1944,0.0006347512601151238,0.6595965874698364,11046,2947256.0,3062617
2024,attr->acl,attr,acl,2259,0.0006264732799023822,0.6486784504654032,12862,3482465.0,3605900
2025,attr->acl,attr,acl,2377,0.0005695395307636406,0.5907003340178035,15004,4024037.0,4173547
2026,attr->acl,attr,acl,703,0.0005022174723101718,0.5228452898556114,4849,1344566.0,1399792
2019,attr->acomp,attr,acomp,1,4.069209108517669e-06,0.0042039592888582465,912,237871.0,245748
2021,attr->acomp,attr,acomp,3,8.88507949332538e-07,0.0009325215008374043,12748,3217084.0,3376447
2022,attr->acomp,attr,acomp,1,3.4322484453630666e-07,0.00035863799332000874,10523,2788327.0,2913542
2024,attr->acomp,attr,acomp,2,5.546465514850662e-07,0.0005743058437055362,12862,3482465.0,3605900
2025,attr->acomp,attr,acomp,2,4.792086922706273e-07,0.0004970133226906213,15004,4024037.0,4173547
2026,attr->acomp,attr,acomp,1,7.143918525038006e-07,0.0007437344094674415,4849,1344566.0,1399792
2019,attr->advcl,attr,advcl,2,8.138418217035338e-06,0.008407918577716493,912,237871.0,245748
2020,attr->advcl,attr,advcl,37,1.0363588288809118e-05,0.010842338334874703,14066,3412548.0,3570192
2021,attr->advcl,attr,advcl,42,1.2439111290655532e-05,0.01305530101172366,12748,3217084.0,3376447
2022,attr->advcl,attr,advcl,33,1.132641986969812e-05,0.01183505377956029,10523,2788327.0,2913542
2023,attr->advcl,attr,advcl,37,1.2081171103014186e-05,0.012554050275917668,11046,2947256.0,3062617
2024,attr->advcl,attr,advcl,43,1.1924900856928921e-05,0.012347575639669027,12862,3482465.0,3605900
2025,attr->advcl,attr,advcl,27,6.46931734565347e-06,0.006709679856323389,15004,4024037.0,4173547
2026,attr->advcl,attr,advcl,6,4.286351115022804e-06,0.004462406456804649,4849,1344566.0,1399792
2019,attr->advmod,attr,advmod,32,0.0001302146914725654,0.1345266972434639,912,237871.0,245748
2020,attr->advmod,attr,advmod,339,9.495287648395381e-05,0.0993392620411493,14066,3412548.0,3570192
2021,attr->advmod,attr,advmod,262,7.759636090837498e-05,0.08144021107313332,12748,3217084.0,3376447
2022,attr->advmod,attr,advmod,280,9.610295647016587e-05,0.10041863812960244,10523,2788327.0,2913542
2023,attr->advmod,attr,advmod,268,8.750686096237304e-05,0.09093203983637661,11046,2947256.0,3062617
2024,attr->advmod,attr,advmod,343,9.512188357968884e-05,0.09849345219549945,12862,3482465.0,3605900
2025,attr->advmod,attr,advmod,332,7.954864291692414e-05,0.08250421156664314,15004,4024037.0,4173547
2026,attr->advmod,attr,advmod,102,7.286796895538765e-05,0.07586090976567904,4849,1344566.0,1399792
2020,attr->agent,attr,agent,2,5.601939615572496e-07,0.0005860723424256596,14066,3412548.0,3570192
2021,attr->agent,attr,agent,1,2.9616931644417936e-07,0.0003108405002791348,12748,3217084.0,3376447
2019,attr->amod,attr,amod,997,0.004057001481192116,4.191347410991672,912,237871.0,245748
2020,attr->amod,attr,amod,13143,0.0036813146183734655,3.8513743982502224,14066,3412548.0,3570192
2021,attr->amod,attr,amod,12219,0.0036188928776314275,3.798160072910748,12748,3217084.0,3376447
2022,attr->amod,attr,amod,11012,0.003779591988033809,3.949321582439936,10523,2788327.0,2913542
2023,attr->amod,attr,amod,12140,0.00396393019434033,4.119085685125418,11046,2947256.0,3062617
2024,attr->amod,attr,amod,13156,0.003648465015668765,3.777783839895017,12862,3482465.0,3605900
2025,attr->amod,attr,amod,14720,0.003526975975111817,3.6580180550029735,15004,4024037.0,4173547
2026,attr->amod,attr,amod,4536,0.0032404814429572394,3.373579281344315,4849,1344566.0,1399792
2019,attr->appos,attr,appos,222,0.0009033644220909224,0.9332789621265307,912,237871.0,245748
2020,attr->appos,attr,appos,3514,0.0009842607904560876,1.029729105641884,14066,3412548.0,3570192
2021,attr->appos,attr,appos,3181,0.0009421145956089344,0.9887836313879277,12748,3217084.0,3376447
2022,attr->appos,attr,appos,2795,0.0009593134404789771,1.0023931913294244,10523,2788327.0,2913542
2023,attr->appos,attr,appos,2661,0.0008688647650032635,0.9028737238977543,11046,2947256.0,3062617
2024,attr->appos,attr,appos,2974,0.0008247594220582934,0.8539927895901323,12862,3482465.0,3605900
2025,attr->appos,attr,appos,3138,0.0007518784381726143,0.779813903301585,15004,4024037.0,4173547
2026,attr->appos,attr,appos,1068,0.000762970498474059,0.7943083493112276,4849,1344566.0,1399792
2021,attr->attr,attr,attr,1,2.9616931644417936e-07,0.0003108405002791348,12748,3217084.0,3376447
2026,attr->attr,attr,attr,1,7.143918525038006e-07,0.0007437344094674415,4849,1344566.0,1399792
2020,attr->aux,attr,aux,1,2.800969807786248e-07,0.0002930361712128298,14066,3412548.0,3570192
2021,attr->aux,attr,aux,3,8.88507949332538e-07,0.0009325215008374043,12748,3217084.0,3376447
2022,attr->aux,attr,aux,3,1.02967453360892e-06,0.0010759139799600263,10523,2788327.0,2913542
2024,attr->aux,attr,aux,2,5.546465514850662e-07,0.0005743058437055362,12862,3482465.0,3605900
2025,attr->aux,attr,aux,2,4.792086922706273e-07,0.0004970133226906213,15004,4024037.0,4173547
2026,attr->aux,attr,aux,1,7.143918525038006e-07,0.0007437344094674415,4849,1344566.0,1399792
2021,attr->case,attr,case,1,2.9616931644417936e-07,0.0003108405002791348,12748,3217084.0,3376447
2022,attr->case,attr,case,2,6.864496890726133e-07,0.0007172759866400175,10523,2788327.0,2913542
2023,attr->case,attr,case,1,3.2651813791930233e-07,0.0003392986561058829,11046,2947256.0,3062617
2019,attr->cc,attr,cc,117,0.0004760974656965672,0.49186323679641486,912,237871.0,245748
2020,attr->cc,attr,cc,1637,0.00045851875753460876,0.47970021227540244,14066,3412548.0,3570192
2021,attr->cc,attr,cc,1337,0.00039597837608586775,0.4155937488732032,12748,3217084.0,3376447
2022,attr->cc,attr,cc,1275,0.000437611676783791,0.4572634414830111,10523,2788327.0,2913542
2023,attr->cc,attr,cc,1278,0.0004172901802608684,0.43362368250331834,11046,2947256.0,3062617
2024,attr->cc,attr,cc,1420,0.00039379905155439694,0.4077571490309307,12862,3482465.0,3605900
2025,attr->cc,attr,cc,1298,0.00031100644128363714,0.3225616464262133,15004,4024037.0,4173547
2026,attr->cc,attr,cc,405,0.00028932870026403924,0.30121243583431384,4849,1344566.0,1399792
2019,attr->ccomp,attr,ccomp,1,4.069209108517669e-06,0.0042039592888582465,912,237871.0,245748
2020,attr->ccomp,attr,ccomp,5,1.400484903893124e-06,0.0014651808560641492,14066,3412548.0,3570192
2021,attr->ccomp,attr,ccomp,4,1.1846772657767174e-06,0.0012433620011165392,12748,3217084.0,3376447
2022,attr->ccomp,attr,ccomp,1,3.4322484453630666e-07,0.00035863799332000874,10523,2788327.0,2913542
2023,attr->ccomp,attr,ccomp,2,6.530362758386047e-07,0.0006785973122117658,11046,2947256.0,3062617
2025,attr->ccomp,attr,ccomp,1,2.3960434613531366e-07,0.00024850666134531066,15004,4024037.0,4173547
2019,attr->compound,attr,compound,246,0.0010010254406953465,1.0341739850591287,912,237871.0,245748
2020,attr->compound,attr,compound,3363,0.0009419661463585152,0.9854806437887467,14066,3412548.0,3570192
2021,attr->compound,attr,compound,3196,0.0009465571353555972,0.9934462388921147,12748,3217084.0,3376447
2022,attr->compound,attr,compound,2809,0.0009641185883024854,1.0074141232359044,10523,2788327.0,2913542
2023,attr->compound,attr,compound,3106,0.001014165336377353,1.0538616258648723,11046,2947256.0,3062617
2024,attr->compound,attr,compound,3272,0.0009074017582295682,0.9395643603022572,12862,3482465.0,3605900
2025,attr->compound,attr,compound,3723,0.0008920469806617728,0.9251903001885917,15004,4024037.0,4173547
2026,attr->compound,attr,compound,1274,0.0009101352200898419,0.9475176376615205,4849,1344566.0,1399792
2019,attr->conj,attr,conj,153,0.0006225889936032033,0.6432057711953117,912,237871.0,245748
2020,attr->conj,attr,conj,2157,0.0006041691875394937,0.6320790213060739,14066,3412548.0,3570192
2021,attr->conj,attr,conj,1812,0.0005366588013968529,0.5632429865057922,12748,3217084.0,3376447
2022,attr->conj,attr,conj,1645,0.0005646048692622245,0.5899594990114143,10523,2788327.0,2913542
2023,attr->conj,attr,conj,1640,0.0005354897461876558,0.556449796013648,11046,2947256.0,3062617
2024,attr->conj,attr,conj,1839,0.0005099975040905183,0.5280742232872405,12862,3482465.0,3605900
2025,attr->conj,attr,conj,1744,0.00041786997965998705,0.43339561738622184,15004,4024037.0,4173547
2026,attr->conj,attr,conj,539,0.00038505720849954853,0.400872846702951,4849,1344566.0,1399792
2019,attr->dep,attr,dep,2,8.138418217035338e-06,0.008407918577716493,912,237871.0,245748
2020,attr->dep,attr,dep,25,7.00242451946562e-06,0.007325904280320746,14066,3412548.0,3570192
2021,attr->dep,attr,dep,18,5.331047695995228e-06,0.005595129005024426,12748,3217084.0,3376447
2022,attr->dep,attr,dep,23,7.894171424335053e-06,0.0082486738463602,10523,2788327.0,2913542
2023,attr->dep,attr,dep,20,6.530362758386047e-06,0.006785973122117658,11046,2947256.0,3062617
2024,attr->dep,attr,dep,28,7.765051720790925e-06,0.008040281811877506,12862,3482465.0,3605900
2025,attr->dep,attr,dep,18,4.312878230435646e-06,0.004473119904215592,15004,4024037.0,4173547
2026,attr->dep,attr,dep,11,7.858310377541807e-06,0.008181078504141856,4849,1344566.0,1399792
2019,attr->det,attr,det,786,0.0031983983592948875,3.304312001042582,912,237871.0,245748
2020,attr->det,attr,det,10698,0.002996477500369728,3.1349009596348534,14066,3412548.0,3570192
2021,attr->det,attr,det,9449,0.0027985038710810505,2.9371318871375443,12748,3217084.0,3376447
2022,attr->det,attr,det,8543,0.002932169846873668,3.0638443769328347,10523,2788327.0,2913542
2023,attr->det,attr,det,9287,0.0030323739468565607,3.1510666192553347,11046,2947256.0,3062617
2024,attr->det,attr,det,10209,0.00283119332205552,2.9315441791949093,12862,3482465.0,3605900
2025,attr->det,attr,det,10620,0.0025445981559570315,2.6391407434871996,15004,4024037.0,4173547
2026,attr->det,attr,det,3152,0.0022517631190919793,2.344250858641376,4849,1344566.0,1399792
2019,attr->dobj,attr,dobj,1,4.069209108517669e-06,0.0042039592888582465,912,237871.0,245748
2020,attr->dobj,attr,dobj,25,7.00242451946562e-06,0.007325904280320746,14066,3412548.0,3570192
2021,attr->dobj,attr,dobj,21,6.219555645327766e-06,0.00652765050586183,12748,3217084.0,3376447
2022,attr->dobj,attr,dobj,15,5.1483726680446e-06,0.005379569899800131,10523,2788327.0,2913542
2023,attr->dobj,attr,dobj,18,5.877326482547442e-06,0.006107375809905892,11046,2947256.0,3062617
2024,attr->dobj,attr,dobj,21,5.823788790593194e-06,0.0060302113589081295,12862,3482465.0,3605900
2025,attr->dobj,attr,dobj,19,4.55248257657096e-06,0.004721626565560903,15004,4024037.0,4173547
2026,attr->dobj,attr,dobj,7,5.000742967526604e-06,0.00520614086627209,4849,1344566.0,1399792
2020,attr->intj,attr,intj,6,1.6805818846717488e-06,0.001758217027276979,14066,3412548.0,3570192
2021,attr->intj,attr,intj,7,2.0731852151092556e-06,0.0021758835019539432,12748,3217084.0,3376447
2022,attr->intj,attr,intj,10,3.4322484453630665e-06,0.0035863799332000873,10523,2788327.0,2913542
2023,attr->intj,attr,intj,12,3.9182176550316284e-06,0.004071583873270594,11046,2947256.0,3062617
2024,attr->intj,attr,intj,17,4.714495687623062e-06,0.004881599671497058,12862,3482465.0,3605900
2025,attr->intj,attr,intj,8,1.9168347690825093e-06,0.0019880532907624853,15004,4024037.0,4173547
2026,attr->intj,attr,intj,5,3.571959262519003e-06,0.0037186720473372076,4849,1344566.0,1399792
2020,attr->mark,attr,mark,1,2.800969807786248e-07,0.0002930361712128298,14066,3412548.0,3570192
2021,attr->mark,attr,mark,4,1.1846772657767174e-06,0.0012433620011165392,12748,3217084.0,3376447
2022,attr->mark,attr,mark,3,1.02967453360892e-06,0.0010759139799600263,10523,2788327.0,2913542
2023,attr->mark,attr,mark,3,9.795544137579071e-07,0.0010178959683176485,11046,2947256.0,3062617
2024,attr->mark,attr,mark,1,2.773232757425331e-07,0.0002871529218527681,12862,3482465.0,3605900
2025,attr->mark,attr,mark,2,4.792086922706273e-07,0.0004970133226906213,15004,4024037.0,4173547
2019,attr->meta,attr,meta,4,1.6276836434070675e-05,0.016815837155432986,912,237871.0,245748
2020,attr->meta,attr,meta,17,4.761648673236621e-06,0.004981614910618107,14066,3412548.0,3570192
2021,attr->meta,attr,meta,12,3.554031797330152e-06,0.003730086003349617,12748,3217084.0,3376447
2022,attr->meta,attr,meta,16,5.4915975125809066e-06,0.00573820789312014,10523,2788327.0,2913542
2023,attr->meta,attr,meta,20,6.530362758386047e-06,0.006785973122117658,11046,2947256.0,3062617
2024,attr->meta,attr,meta,14,3.882525860395463e-06,0.004020140905938753,12862,3482465.0,3605900
2025,attr->meta,attr,meta,17,4.073273884300333e-06,0.004224613242870282,15004,4024037.0,4173547
2026,attr->meta,attr,meta,6,4.286351115022804e-06,0.004462406456804649,4849,1344566.0,1399792
2020,attr->neg,attr,neg,1,2.800969807786248e-07,0.0002930361712128298,14066,3412548.0,3570192
2021,attr->neg,attr,neg,2,5.923386328883587e-07,0.0006216810005582696,12748,3217084.0,3376447
2022,attr->neg,attr,neg,3,1.02967453360892e-06,0.0010759139799600263,10523,2788327.0,2913542
2023,attr->neg,attr,neg,7,2.2856269654351162e-06,0.00237509059274118,11046,2947256.0,3062617
2024,attr->neg,attr,neg,4,1.1092931029701323e-06,0.0011486116874110724,12862,3482465.0,3605900
2025,attr->neg,attr,neg,4,9.584173845412547e-07,0.0009940266453812427,15004,4024037.0,4173547
2026,attr->neg,attr,neg,1,7.143918525038006e-07,0.0007437344094674415,4849,1344566.0,1399792
2019,attr->nmod,attr,nmod,33,0.00013428390058108306,0.13873065653232214,912,237871.0,245748
2020,attr->nmod,attr,nmod,664,0.00018598439523700687,0.194576017685319,14066,3412548.0,3570192
2021,attr->nmod,attr,nmod,654,0.0001936947329544933,0.20328968718255414,12748,3217084.0,3376447
2022,attr->nmod,attr,nmod,578,0.00019838396014198526,0.20729276013896505,10523,2788327.0,2913542
2023,attr->nmod,attr,nmod,645,0.00021060419895795003,0.21884763318829448,11046,2947256.0,3062617
2024,attr->nmod,attr,nmod,671,0.0001860839180232397,0.19267961056320737,12862,3482465.0,3605900
2025,attr->nmod,attr,nmod,738,0.0001768280074478615,0.18339791607283928,15004,4024037.0,4173547
2026,attr->nmod,attr,nmod,268,0.00019145701647101855,0.19932082173727433,4849,1344566.0,1399792
2019,attr->npadvmod,attr,npadvmod,13,5.289971841072969e-05,0.05465147075515721,912,237871.0,245748
2020,attr->npadvmod,attr,npadvmod,208,5.8260172001953954e-05,0.060951523612268604,14066,3412548.0,3570192
2021,attr->npadvmod,attr,npadvmod,213,6.30840644026102e-05,0.0662090265594557,12748,3217084.0,3376447
2022,attr->npadvmod,attr,npadvmod,165,5.66320993484906e-05,0.05917526889780144,10523,2788327.0,2913542
2023,attr->npadvmod,attr,npadvmod,224,7.314006289392372e-05,0.07600289896771777,11046,2947256.0,3062617
2024,attr->npadvmod,attr,npadvmod,180,4.991818963365595e-05,0.051687525933498256,12862,3482465.0,3605900
2025,attr->npadvmod,attr,npadvmod,184,4.4087199688897714e-05,0.04572522568753717,15004,4024037.0,4173547
2026,attr->npadvmod,attr,npadvmod,51,3.6433984477693826e-05,0.03793045488283952,4849,1344566.0,1399792
2020,attr->nsubj,attr,nsubj,17,4.761648673236621e-06,0.004981614910618107,14066,3412548.0,3570192
2021,attr->nsubj,attr,nsubj,23,6.8118942782161244e-06,0.0071493315064200995,12748,3217084.0,3376447
2022,attr->nsubj,attr,nsubj,10,3.4322484453630665e-06,0.0035863799332000873,10523,2788327.0,2913542
2023,attr->nsubj,attr,nsubj,10,3.2651813791930236e-06,0.003392986561058829,11046,2947256.0,3062617
2024,attr->nsubj,attr,nsubj,10,2.7732327574253305e-06,0.0028715292185276806,12862,3482465.0,3605900
2025,attr->nsubj,attr,nsubj,7,1.6772304229471957e-06,0.0017395466294171749,15004,4024037.0,4173547
2026,attr->nsubj,attr,nsubj,12,8.572702230045608e-06,0.008924812913609298,4849,1344566.0,1399792
2019,attr->nummod,attr,nummod,231,0.0009399873040675814,0.971114595726255,912,237871.0,245748
2020,attr->nummod,attr,nummod,4376,0.001225704387887262,1.2823262852273434,14066,3412548.0,3570192
2021,attr->nummod,attr,nummod,3501,0.001036888776871072,1.088252591477251,12748,3217084.0,3376447
2022,attr->nummod,attr,nummod,3106,0.0010660563671297685,1.1139296072519471,10523,2788327.0,2913542
2023,attr->nummod,attr,nummod,2840,0.0009273115116908186,0.9636081833407074,11046,2947256.0,3062617
2024,attr->nummod,attr,nummod,3019,0.0008372389694667073,0.8669146710735068,12862,3482465.0,3605900
2025,attr->nummod,attr,nummod,3080,0.0007379813860967662,0.7654005169435569,15004,4024037.0,4173547
2026,attr->nummod,attr,nummod,1065,0.0007608273229165476,0.7920771460828253,4849,1344566.0,1399792
2020,attr->oprd,attr,oprd,1,2.800969807786248e-07,0.0002930361712128298,14066,3412548.0,3570192
2021,attr->oprd,attr,oprd,2,5.923386328883587e-07,0.0006216810005582696,12748,3217084.0,3376447
2023,attr->oprd,attr,oprd,1,3.2651813791930233e-07,0.0003392986561058829,11046,2947256.0,3062617
2024,attr->oprd,attr,oprd,1,2.773232757425331e-07,0.0002871529218527681,12862,3482465.0,3605900
2019,attr->parataxis,attr,parataxis,4,1.6276836434070675e-05,0.016815837155432986,912,237871.0,245748
2020,attr->parataxis,attr,parataxis,26,7.282521500244244e-06,0.0076189404515335755,14066,3412548.0,3570192
2021,attr->parataxis,attr,parataxis,23,6.8118942782161244e-06,0.0071493315064200995,12748,3217084.0,3376447
2022,attr->parataxis,attr,parataxis,14,4.805147823508293e-06,0.005020931906480122,10523,2788327.0,2913542
2023,attr->parataxis,attr,parataxis,17,5.55080834462814e-06,0.005768077153800009,11046,2947256.0,3062617
2024,attr->parataxis,attr,parataxis,35,9.706314650988658e-06,0.010050352264846883,12862,3482465.0,3605900
2025,attr->parataxis,attr,parataxis,20,4.792086922706274e-06,0.004970133226906213,15004,4024037.0,4173547
2026,attr->parataxis,attr,parataxis,9,6.429526672534205e-06,0.006693609685206974,4849,1344566.0,1399792
2019,attr->pobj,attr,pobj,1,4.069209108517669e-06,0.0042039592888582465,912,237871.0,245748
2020,attr->pobj,attr,pobj,3,8.402909423358744e-07,0.0008791085136384895,14066,3412548.0,3570192
2021,attr->pobj,attr,pobj,1,2.9616931644417936e-07,0.0003108405002791348,12748,3217084.0,3376447
2022,attr->pobj,attr,pobj,3,1.02967453360892e-06,0.0010759139799600263,10523,2788327.0,2913542
2023,attr->pobj,attr,pobj,1,3.2651813791930233e-07,0.0003392986561058829,11046,2947256.0,3062617
2024,attr->pobj,attr,pobj,1,2.773232757425331e-07,0.0002871529218527681,12862,3482465.0,3605900
2025,attr->pobj,attr,pobj,2,4.792086922706273e-07,0.0004970133226906213,15004,4024037.0,4173547
2026,attr->pobj,attr,pobj,1,7.143918525038006e-07,0.0007437344094674415,4849,1344566.0,1399792
2019,attr->poss,attr,poss,1,4.069209108517669e-06,0.0042039592888582465,912,237871.0,245748
2020,attr->poss,attr,poss,47,1.3164558096595366e-05,0.013772700047003001,14066,3412548.0,3570192
2021,attr->poss,attr,poss,36,1.0662095391990457e-05,0.011190258010048852,12748,3217084.0,3376447
2022,attr->poss,attr,poss,38,1.3042544092379654e-05,0.013628243746160333,10523,2788327.0,2913542
2023,attr->poss,attr,poss,26,8.489471585901861e-06,0.008821765058752954,11046,2947256.0,3062617
2024,attr->poss,attr,poss,30,8.319698272275992e-06,0.008614587655583043,12862,3482465.0,3605900
2025,attr->poss,attr,poss,31,7.427734730194724e-06,0.007703706501704632,15004,4024037.0,4173547
2026,attr->poss,attr,poss,11,7.858310377541807e-06,0.008181078504141856,4849,1344566.0,1399792
2020,attr->preconj,attr,preconj,14,3.921357730900747e-06,0.004102506396979617,14066,3412548.0,3570192
2021,attr->preconj,attr,preconj,16,4.73870906310687e-06,0.004973448004466157,12748,3217084.0,3376447
2022,attr->preconj,attr,preconj,11,3.7754732898993733e-06,0.003945017926520096,10523,2788327.0,2913542
2023,attr->preconj,attr,preconj,9,2.938663241273721e-06,0.003053687904952946,11046,2947256.0,3062617
2024,attr->preconj,attr,preconj,13,3.60520258465293e-06,0.003732987984085985,12862,3482465.0,3605900
2025,attr->preconj,attr,preconj,15,3.594065192029705e-06,0.0037275999201796606,15004,4024037.0,4173547
2026,attr->preconj,attr,preconj,5,3.571959262519003e-06,0.0037186720473372076,4849,1344566.0,1399792
2019,attr->predet,attr,predet,3,1.2207627325553006e-05,0.01261187786657474,912,237871.0,245748
2020,attr->predet,attr,predet,7,1.9606788654503734e-06,0.0020512531984898086,14066,3412548.0,3570192
2021,attr->predet,attr,predet,11,3.2578624808859728e-06,0.0034192455030704824,12748,3217084.0,3376447
2022,attr->predet,attr,predet,5,1.7161242226815333e-06,0.0017931899666000436,10523,2788327.0,2913542
2023,attr->predet,attr,predet,5,1.6325906895965118e-06,0.0016964932805294145,11046,2947256.0,3062617
2024,attr->predet,attr,predet,7,1.9412629301977313e-06,0.0020100704529693765,12862,3482465.0,3605900
2025,attr->predet,attr,predet,5,1.1980217306765685e-06,0.0012425333067265533,15004,4024037.0,4173547
2026,attr->predet,attr,predet,1,7.143918525038006e-07,0.0007437344094674415,4849,1344566.0,1399792
2019,attr->prep,attr,prep,894,0.0036378729430147955,3.7583396042392727,912,237871.0,245748
2020,attr->prep,attr,prep,11670,0.0032687317656865515,3.419732118053724,14066,3412548.0,3570192
2021,attr->prep,attr,prep,10746,0.0031826354745091512,3.3402920159995824,12748,3217084.0,3376447
2022,attr->prep,attr,prep,9780,0.0033567389795650794,3.5074795746696856,10523,2788327.0,2913542
2023,attr->prep,attr,prep,10072,0.0032886906851232133,3.4174160642984526,11046,2947256.0,3062617
2024,attr->prep,attr,prep,10862,0.0030122854211153943,3.1190550371647667,12862,3482465.0,3605900
2025,attr->prep,attr,prep,10924,0.0026174378771821665,2.7146867685361737,15004,4024037.0,4173547
2026,attr->prep,attr,prep,3206,0.0022903402791271846,2.3844125167526173,4849,1344566.0,1399792
2020,attr->prt,attr,prt,1,2.800969807786248e-07,0.0002930361712128298,14066,3412548.0,3570192
2021,attr->prt,attr,prt,1,2.9616931644417936e-07,0.0003108405002791348,12748,3217084.0,3376447
2022,attr->prt,attr,prt,2,6.864496890726133e-07,0.0007172759866400175,10523,2788327.0,2913542
2023,attr->prt,attr,prt,2,6.530362758386047e-07,0.0006785973122117658,11046,2947256.0,3062617
2024,attr->prt,attr,prt,1,2.773232757425331e-07,0.0002871529218527681,12862,3482465.0,3605900
2025,attr->prt,attr,prt,1,2.3960434613531366e-07,0.00024850666134531066,15004,4024037.0,4173547
2019,attr->quantmod,attr,quantmod,2,8.138418217035338e-06,0.008407918577716493,912,237871.0,245748
2020,attr->quantmod,attr,quantmod,104,2.9130086000976977e-05,0.030475761806134302,14066,3412548.0,3570192
2021,attr->quantmod,attr,quantmod,92,2.7247577112864498e-05,0.028597326025680398,12748,3217084.0,3376447
2022,attr->quantmod,attr,quantmod,60,2.05934906721784e-05,0.021518279599200524,10523,2788327.0,2913542
2023,attr->quantmod,attr,quantmod,48,1.5672870620126514e-05,0.016286335493082376,11046,2947256.0,3062617
2024,attr->quantmod,attr,quantmod,49,1.3588840511384121e-05,0.014070493170785637,12862,3482465.0,3605900
2025,attr->quantmod,attr,quantmod,77,1.8449534652419152e-05,0.01913501292358892,15004,4024037.0,4173547
2026,attr->quantmod,attr,quantmod,11,7.858310377541807e-06,0.008181078504141856,4849,1344566.0,1399792
2019,attr->relcl,attr,relcl,143,0.0005818969025180266,0.6011661783067292,912,237871.0,245748
2020,attr->relcl,attr,relcl,1902,0.0005327444574409443,0.5573547976468024,14066,3412548.0,3570192
2021,attr->relcl,attr,relcl,1641,0.0004860138482848983,0.5100892609580602,12748,3217084.0,3376447
2022,attr->relcl,attr,relcl,1521,0.0005220449885397225,0.5454883878397333,10523,2788327.0,2913542
2023,attr->relcl,attr,relcl,1578,0.0005152456216366591,0.5354132793350832,11046,2947256.0,3062617
2024,attr->relcl,attr,relcl,1701,0.00047172689203804874,0.48844712007155855,12862,3482465.0,3605900
2025,attr->relcl,attr,relcl,1658,0.00039726400589235007,0.41202404451052516,15004,4024037.0,4173547
2026,attr->relcl,attr,relcl,453,0.0003236195091842217,0.336911687488751,4849,1344566.0,1399792
2020,attr->xcomp,attr,xcomp,11,3.0810667885648726e-06,0.003223397883341128,14066,3412548.0,3570192
2021,attr->xcomp,attr,xcomp,11,3.2578624808859728e-06,0.0034192455030704824,12748,3217084.0,3376447
2022,attr->xcomp,attr,xcomp,11,3.7754732898993733e-06,0.003945017926520096,10523,2788327.0,2913542
2023,attr->xcomp,attr,xcomp,6,1.9591088275158142e-06,0.002035791936635297,11046,2947256.0,3062617
2024,attr->xcomp,attr,xcomp,10,2.7732327574253305e-06,0.0028715292185276806,12862,3482465.0,3605900
2025,attr->xcomp,attr,xcomp,8,1.9168347690825093e-06,0.0019880532907624853,15004,4024037.0,4173547
2026,attr->xcomp,attr,xcomp,3,2.143175557511402e-06,0.0022312032284023246,4849,1344566.0,1399792
2020,aux->acomp,aux,acomp,4,1.1203879231144992e-06,0.0011721446848513193,14066,3412548.0,3570192
2021,aux->acomp,aux,acomp,1,2.9616931644417936e-07,0.0003108405002791348,12748,3217084.0,3376447
2022,aux->acomp,aux,acomp,2,6.864496890726133e-07,0.0007172759866400175,10523,2788327.0,2913542
2023,aux->acomp,aux,acomp,5,1.6325906895965118e-06,0.0016964932805294145,11046,2947256.0,3062617
2024,aux->acomp,aux,acomp,5,1.3866163787126653e-06,0.0014357646092638403,12862,3482465.0,3605900
2025,aux->acomp,aux,acomp,3,7.18813038405941e-07,0.0007455199840359321,15004,4024037.0,4173547
2026,aux->acomp,aux,acomp,1,7.143918525038006e-07,0.0007437344094674415,4849,1344566.0,1399792
2019,aux->advcl,aux,advcl,2,8.138418217035338e-06,0.008407918577716493,912,237871.0,245748
2020,aux->advcl,aux,advcl,9,2.520872827007623e-06,0.0026373255409154685,14066,3412548.0,3570192
2021,aux->advcl,aux,advcl,6,1.777015898665076e-06,0.0018650430016748086,12748,3217084.0,3376447
2022,aux->advcl,aux,advcl,10,3.4322484453630665e-06,0.0035863799332000873,10523,2788327.0,2913542
2023,aux->advcl,aux,advcl,6,1.9591088275158142e-06,0.002035791936635297,11046,2947256.0,3062617
2024,aux->advcl,aux,advcl,9,2.4959094816827976e-06,0.0025843762966749127,12862,3482465.0,3605900
2025,aux->advcl,aux,advcl,6,1.437626076811882e-06,0.0014910399680718642,15004,4024037.0,4173547
2026,aux->advcl,aux,advcl,3,2.143175557511402e-06,0.0022312032284023246,4849,1344566.0,1399792
2019,aux->advmod,aux,advmod,3,1.2207627325553006e-05,0.01261187786657474,912,237871.0,245748
2020,aux->advmod,aux,advmod,39,1.0923782250366367e-05,0.011428410677300363,14066,3412548.0,3570192
2021,aux->advmod,aux,advmod,46,1.3623788556432249e-05,0.014298663012840199,12748,3217084.0,3376447
2022,aux->advmod,aux,advmod,34,1.1669644714234427e-05,0.012193691772880298,10523,2788327.0,2913542
2023,aux->advmod,aux,advmod,23,7.509917172143954e-06,0.007803869090435307,11046,2947256.0,3062617
2024,aux->advmod,aux,advmod,49,1.3588840511384121e-05,0.014070493170785637,12862,3482465.0,3605900
2025,aux->advmod,aux,advmod,42,1.0063382537683174e-05,0.01043727977650305,15004,4024037.0,4173547
2026,aux->advmod,aux,advmod,16,1.1430269640060809e-05,0.011899750551479064,4849,1344566.0,1399792
2020,aux->amod,aux,amod,1,2.800969807786248e-07,0.0002930361712128298,14066,3412548.0,3570192
2022,aux->amod,aux,amod,1,3.4322484453630666e-07,0.00035863799332000874,10523,2788327.0,2913542
2023,aux->amod,aux,amod,1,3.2651813791930233e-07,0.0003392986561058829,11046,2947256.0,3062617
2024,aux->amod,aux,amod,2,5.546465514850662e-07,0.0005743058437055362,12862,3482465.0,3605900
2025,aux->amod,aux,amod,6,1.437626076811882e-06,0.0014910399680718642,15004,4024037.0,4173547
2026,aux->amod,aux,amod,1,7.143918525038006e-07,0.0007437344094674415,4849,1344566.0,1399792
2020,aux->appos,aux,appos,1,2.800969807786248e-07,0.0002930361712128298,14066,3412548.0,3570192
2021,aux->appos,aux,appos,1,2.9616931644417936e-07,0.0003108405002791348,12748,3217084.0,3376447
2022,aux->appos,aux,appos,2,6.864496890726133e-07,0.0007172759866400175,10523,2788327.0,2913542
2024,aux->appos,aux,appos,2,5.546465514850662e-07,0.0005743058437055362,12862,3482465.0,3605900
2020,aux->attr,aux,attr,12,3.3611637693434976e-06,0.003516434054553958,14066,3412548.0,3570192
2021,aux->attr,aux,attr,15,4.44253974666269e-06,0.004662607504187022,12748,3217084.0,3376447
2022,aux->attr,aux,attr,9,3.08902360082676e-06,0.0032277419398800784,10523,2788327.0,2913542
2023,aux->attr,aux,attr,6,1.9591088275158142e-06,0.002035791936635297,11046,2947256.0,3062617
2024,aux->attr,aux,attr,17,4.714495687623062e-06,0.004881599671497058,12862,3482465.0,3605900
2025,aux->attr,aux,attr,15,3.594065192029705e-06,0.0037275999201796606,15004,4024037.0,4173547
2026,aux->attr,aux,attr,3,2.143175557511402e-06,0.0022312032284023246,4849,1344566.0,1399792
2019,aux->aux,aux,aux,1,4.069209108517669e-06,0.0042039592888582465,912,237871.0,245748
2020,aux->aux,aux,aux,42,1.1764073192702241e-05,0.012307519190938853,14066,3412548.0,3570192
2021,aux->aux,aux,aux,44,1.3031449923543891e-05,0.01367698201228193,12748,3217084.0,3376447
2022,aux->aux,aux,aux,29,9.953520491552893e-06,0.010400501806280254,10523,2788327.0,2913542
2023,aux->aux,aux,aux,26,8.489471585901861e-06,0.008821765058752954,11046,2947256.0,3062617
2024,aux->aux,aux,aux,49,1.3588840511384121e-05,0.014070493170785637,12862,3482465.0,3605900
2025,aux->aux,aux,aux,42,1.0063382537683174e-05,0.01043727977650305,15004,4024037.0,4173547
2026,aux->aux,aux,aux,13,9.287094082549407e-06,0.00966854732307674,4849,1344566.0,1399792
2025,aux->auxpass,aux,auxpass,1,2.3960434613531366e-07,0.00024850666134531066,15004,4024037.0,4173547
2020,aux->cc,aux,cc,7,1.9606788654503734e-06,0.0020512531984898086,14066,3412548.0,3570192
2021,aux->cc,aux,cc,9,2.665523847997614e-06,0.002797564502512213,12748,3217084.0,3376447
2022,aux->cc,aux,cc,8,2.7457987562904533e-06,0.00286910394656007,10523,2788327.0,2913542
2023,aux->cc,aux,cc,13,4.2447357929509305e-06,0.004410882529376477,11046,2947256.0,3062617
2024,aux->cc,aux,cc,4,1.1092931029701323e-06,0.0011486116874110724,12862,3482465.0,3605900
2025,aux->cc,aux,cc,5,1.1980217306765685e-06,0.0012425333067265533,15004,4024037.0,4173547
2026,aux->cc,aux,cc,1,7.143918525038006e-07,0.0007437344094674415,4849,1344566.0,1399792
2020,aux->ccomp,aux,ccomp,9,2.520872827007623e-06,0.0026373255409154685,14066,3412548.0,3570192
2021,aux->ccomp,aux,ccomp,7,2.0731852151092556e-06,0.0021758835019539432,12748,3217084.0,3376447
2022,aux->ccomp,aux,ccomp,5,1.7161242226815333e-06,0.0017931899666000436,10523,2788327.0,2913542
2023,aux->ccomp,aux,ccomp,6,1.9591088275158142e-06,0.002035791936635297,11046,2947256.0,3062617
2024,aux->ccomp,aux,ccomp,7,1.9412629301977313e-06,0.0020100704529693765,12862,3482465.0,3605900
2025,aux->ccomp,aux,ccomp,9,2.156439115217823e-06,0.002236559952107796,15004,4024037.0,4173547
2026,aux->ccomp,aux,ccomp,3,2.143175557511402e-06,0.0022312032284023246,4849,1344566.0,1399792
2020,aux->compound,aux,compound,2,5.601939615572496e-07,0.0005860723424256596,14066,3412548.0,3570192
2021,aux->compound,aux,compound,2,5.923386328883587e-07,0.0006216810005582696,12748,3217084.0,3376447
2022,aux->compound,aux,compound,2,6.864496890726133e-07,0.0007172759866400175,10523,2788327.0,2913542
2023,aux->compound,aux,compound,3,9.795544137579071e-07,0.0010178959683176485,11046,2947256.0,3062617
2024,aux->compound,aux,compound,5,1.3866163787126653e-06,0.0014357646092638403,12862,3482465.0,3605900
2025,aux->compound,aux,compound,4,9.584173845412547e-07,0.0009940266453812427,15004,4024037.0,4173547
2026,aux->compound,aux,compound,1,7.143918525038006e-07,0.0007437344094674415,4849,1344566.0,1399792
2021,aux->conj,aux,conj,6,1.777015898665076e-06,0.0018650430016748086,12748,3217084.0,3376447
2022,aux->conj,aux,conj,6,2.05934906721784e-06,0.0021518279599200526,10523,2788327.0,2913542
2023,aux->conj,aux,conj,9,2.938663241273721e-06,0.003053687904952946,11046,2947256.0,3062617
2024,aux->conj,aux,conj,5,1.3866163787126653e-06,0.0014357646092638403,12862,3482465.0,3605900
2025,aux->conj,aux,conj,4,9.584173845412547e-07,0.0009940266453812427,15004,4024037.0,4173547
2020,aux->csubj,aux,csubj,3,8.402909423358744e-07,0.0008791085136384895,14066,3412548.0,3570192
2021,aux->csubj,aux,csubj,4,1.1846772657767174e-06,0.0012433620011165392,12748,3217084.0,3376447
2022,aux->csubj,aux,csubj,7,2.4025739117541465e-06,0.002510465953240061,10523,2788327.0,2913542
2023,aux->csubj,aux,csubj,6,1.9591088275158142e-06,0.002035791936635297,11046,2947256.0,3062617
2024,aux->csubj,aux,csubj,5,1.3866163787126653e-06,0.0014357646092638403,12862,3482465.0,3605900
2025,aux->csubj,aux,csubj,4,9.584173845412547e-07,0.0009940266453812427,15004,4024037.0,4173547
2026,aux->csubj,aux,csubj,2,1.4287837050076011e-06,0.001487468818934883,4849,1344566.0,1399792
2020,aux->dep,aux,dep,5,1.400484903893124e-06,0.0014651808560641492,14066,3412548.0,3570192
2021,aux->dep,aux,dep,4,1.1846772657767174e-06,0.0012433620011165392,12748,3217084.0,3376447
2022,aux->dep,aux,dep,9,3.08902360082676e-06,0.0032277419398800784,10523,2788327.0,2913542
2023,aux->dep,aux,dep,3,9.795544137579071e-07,0.0010178959683176485,11046,2947256.0,3062617
2024,aux->dep,aux,dep,4,1.1092931029701323e-06,0.0011486116874110724,12862,3482465.0,3605900
2025,aux->dep,aux,dep,8,1.9168347690825093e-06,0.0019880532907624853,15004,4024037.0,4173547
2026,aux->dep,aux,dep,2,1.4287837050076011e-06,0.001487468818934883,4849,1344566.0,1399792
2020,aux->det,aux,det,1,2.800969807786248e-07,0.0002930361712128298,14066,3412548.0,3570192
2023,aux->det,aux,det,1,3.2651813791930233e-07,0.0003392986561058829,11046,2947256.0,3062617
2024,aux->det,aux,det,1,2.773232757425331e-07,0.0002871529218527681,12862,3482465.0,3605900
2025,aux->det,aux,det,1,2.3960434613531366e-07,0.00024850666134531066,15004,4024037.0,4173547
2019,aux->dobj,aux,dobj,2,8.138418217035338e-06,0.008407918577716493,912,237871.0,245748
2020,aux->dobj,aux,dobj,23,6.4422305579083705e-06,0.006739831937895086,14066,3412548.0,3570192
2021,aux->dobj,aux,dobj,29,8.5889101768812e-06,0.009014374508094909,12748,3217084.0,3376447
2022,aux->dobj,aux,dobj,30,1.02967453360892e-05,0.010759139799600262,10523,2788327.0,2913542
2023,aux->dobj,aux,dobj,26,8.489471585901861e-06,0.008821765058752954,11046,2947256.0,3062617
2024,aux->dobj,aux,dobj,22,6.101112066335728e-06,0.006317364280760898,12862,3482465.0,3605900
2025,aux->dobj,aux,dobj,19,4.55248257657096e-06,0.004721626565560903,15004,4024037.0,4173547
2026,aux->dobj,aux,dobj,7,5.000742967526604e-06,0.00520614086627209,4849,1344566.0,1399792
2019,aux->expl,aux,expl,2,8.138418217035338e-06,0.008407918577716493,912,237871.0,245748
2020,aux->expl,aux,expl,15,4.201454711679372e-06,0.004395542568192448,14066,3412548.0,3570192
2021,aux->expl,aux,expl,12,3.554031797330152e-06,0.003730086003349617,12748,3217084.0,3376447
2022,aux->expl,aux,expl,10,3.4322484453630665e-06,0.0035863799332000873,10523,2788327.0,2913542
2023,aux->expl,aux,expl,9,2.938663241273721e-06,0.003053687904952946,11046,2947256.0,3062617
2024,aux->expl,aux,expl,10,2.7732327574253305e-06,0.0028715292185276806,12862,3482465.0,3605900
2025,aux->expl,aux,expl,15,3.594065192029705e-06,0.0037275999201796606,15004,4024037.0,4173547
2026,aux->expl,aux,expl,5,3.571959262519003e-06,0.0037186720473372076,4849,1344566.0,1399792
2020,aux->intj,aux,intj,1,2.800969807786248e-07,0.0002930361712128298,14066,3412548.0,3570192
2021,aux->intj,aux,intj,3,8.88507949332538e-07,0.0009325215008374043,12748,3217084.0,3376447
2024,aux->intj,aux,intj,1,2.773232757425331e-07,0.0002871529218527681,12862,3482465.0,3605900
2025,aux->intj,aux,intj,3,7.18813038405941e-07,0.0007455199840359321,15004,4024037.0,4173547
2019,aux->mark,aux,mark,2,8.138418217035338e-06,0.008407918577716493,912,237871.0,245748
2020,aux->mark,aux,mark,26,7.282521500244244e-06,0.0076189404515335755,14066,3412548.0,3570192
2021,aux->mark,aux,mark,23,6.8118942782161244e-06,0.0071493315064200995,12748,3217084.0,3376447
2022,aux->mark,aux,mark,19,6.521272046189827e-06,0.0068141218730801666,10523,2788327.0,2913542
2023,aux->mark,aux,mark,20,6.530362758386047e-06,0.006785973122117658,11046,2947256.0,3062617
2024,aux->mark,aux,mark,17,4.714495687623062e-06,0.004881599671497058,12862,3482465.0,3605900
2025,aux->mark,aux,mark,26,6.2297129995181555e-06,0.0064611731949780786,15004,4024037.0,4173547
2026,aux->mark,aux,mark,8,5.7151348200304045e-06,0.005949875275739532,4849,1344566.0,1399792
2020,aux->meta,aux,meta,3,8.402909423358744e-07,0.0008791085136384895,14066,3412548.0,3570192
2021,aux->meta,aux,meta,1,2.9616931644417936e-07,0.0003108405002791348,12748,3217084.0,3376447
2022,aux->meta,aux,meta,2,6.864496890726133e-07,0.0007172759866400175,10523,2788327.0,2913542
2024,aux->meta,aux,meta,1,2.773232757425331e-07,0.0002871529218527681,12862,3482465.0,3605900
2025,aux->meta,aux,meta,4,9.584173845412547e-07,0.0009940266453812427,15004,4024037.0,4173547
2019,aux->neg,aux,neg,2,8.138418217035338e-06,0.008407918577716493,912,237871.0,245748
2020,aux->neg,aux,neg,9,2.520872827007623e-06,0.0026373255409154685,14066,3412548.0,3570192
2021,aux->neg,aux,neg,14,4.146370430218511e-06,0.0043517670039078865,12748,3217084.0,3376447
2022,aux->neg,aux,neg,4,1.3728993781452266e-06,0.001434551973280035,10523,2788327.0,2913542
2023,aux->neg,aux,neg,5,1.6325906895965118e-06,0.0016964932805294145,11046,2947256.0,3062617
2024,aux->neg,aux,neg,7,1.9412629301977313e-06,0.0020100704529693765,12862,3482465.0,3605900
2025,aux->neg,aux,neg,7,1.6772304229471957e-06,0.0017395466294171749,15004,4024037.0,4173547
2026,aux->neg,aux,neg,2,1.4287837050076011e-06,0.001487468818934883,4849,1344566.0,1399792
2022,aux->nmod,aux,nmod,1,3.4322484453630666e-07,0.00035863799332000874,10523,2788327.0,2913542
2024,aux->nmod,aux,nmod,2,5.546465514850662e-07,0.0005743058437055362,12862,3482465.0,3605900
2021,aux->npadvmod,aux,npadvmod,4,1.1846772657767174e-06,0.0012433620011165392,12748,3217084.0,3376447
2022,aux->npadvmod,aux,npadvmod,2,6.864496890726133e-07,0.0007172759866400175,10523,2788327.0,2913542
2023,aux->npadvmod,aux,npadvmod,1,3.2651813791930233e-07,0.0003392986561058829,11046,2947256.0,3062617
2024,aux->npadvmod,aux,npadvmod,2,5.546465514850662e-07,0.0005743058437055362,12862,3482465.0,3605900
2025,aux->npadvmod,aux,npadvmod,3,7.18813038405941e-07,0.0007455199840359321,15004,4024037.0,4173547
2019,aux->nsubj,aux,nsubj,17,6.917655484480037e-05,0.0714673079105902,912,237871.0,245748
2020,aux->nsubj,aux,nsubj,254,7.11446331177707e-05,0.07443118748805877,14066,3412548.0,3570192
2021,aux->nsubj,aux,nsubj,290,8.588910176881201e-05,0.09014374508094908,12748,3217084.0,3376447
2022,aux->nsubj,aux,nsubj,205,7.036109312994287e-05,0.0735207886306018,10523,2788327.0,2913542
2023,aux->nsubj,aux,nsubj,202,6.595666385969907e-05,0.06853832853338834,11046,2947256.0,3062617
2024,aux->nsubj,aux,nsubj,248,6.87761723841482e-05,0.07121392461948649,12862,3482465.0,3605900
2025,aux->nsubj,aux,nsubj,290,6.948526037924097e-05,0.0720669317901401,15004,4024037.0,4173547
2026,aux->nsubj,aux,nsubj,102,7.286796895538765e-05,0.07586090976567904,4849,1344566.0,1399792
2020,aux->nummod,aux,nummod,9,2.520872827007623e-06,0.0026373255409154685,14066,3412548.0,3570192
2021,aux->nummod,aux,nummod,7,2.0731852151092556e-06,0.0021758835019539432,12748,3217084.0,3376447
2022,aux->nummod,aux,nummod,4,1.3728993781452266e-06,0.001434551973280035,10523,2788327.0,2913542
2024,aux->nummod,aux,nummod,1,2.773232757425331e-07,0.0002871529218527681,12862,3482465.0,3605900
2025,aux->nummod,aux,nummod,1,2.3960434613531366e-07,0.00024850666134531066,15004,4024037.0,4173547
2026,aux->nummod,aux,nummod,1,7.143918525038006e-07,0.0007437344094674415,4849,1344566.0,1399792
2023,aux->parataxis,aux,parataxis,1,3.2651813791930233e-07,0.0003392986561058829,11046,2947256.0,3062617
2020,aux->pcomp,aux,pcomp,1,2.800969807786248e-07,0.0002930361712128298,14066,3412548.0,3570192
2021,aux->pcomp,aux,pcomp,2,5.923386328883587e-07,0.0006216810005582696,12748,3217084.0,3376447
2022,aux->pcomp,aux,pcomp,2,6.864496890726133e-07,0.0007172759866400175,10523,2788327.0,2913542
2019,aux->pobj,aux,pobj,3,1.2207627325553006e-05,0.01261187786657474,912,237871.0,245748
2020,aux->pobj,aux,pobj,30,8.402909423358744e-06,0.008791085136384895,14066,3412548.0,3570192
2021,aux->pobj,aux,pobj,44,1.3031449923543891e-05,0.01367698201228193,12748,3217084.0,3376447
2022,aux->pobj,aux,pobj,20,6.864496890726133e-06,0.007172759866400175,10523,2788327.0,2913542
2023,aux->pobj,aux,pobj,34,1.110161668925628e-05,0.011536154307600018,11046,2947256.0,3062617
2024,aux->pobj,aux,pobj,40,1.1092931029701322e-05,0.011486116874110722,12862,3482465.0,3605900
2025,aux->pobj,aux,pobj,36,8.625756460871292e-06,0.008946239808431185,15004,4024037.0,4173547
2026,aux->pobj,aux,pobj,17,1.214466149256461e-05,0.012643484960946506,4849,1344566.0,1399792
2022,aux->preconj,aux,preconj,1,3.4322484453630666e-07,0.00035863799332000874,10523,2788327.0,2913542
2025,aux->preconj,aux,preconj,3,7.18813038405941e-07,0.0007455199840359321,15004,4024037.0,4173547
2019,aux->prep,aux,prep,3,1.2207627325553006e-05,0.01261187786657474,912,237871.0,245748
2020,aux->prep,aux,prep,44,1.232426715425949e-05,0.012893591533364512,14066,3412548.0,3570192
2021,aux->prep,aux,prep,59,1.7473989670206582e-05,0.01833958951646895,12748,3217084.0,3376447
2022,aux->prep,aux,prep,41,1.4072218625988573e-05,0.014704157726120357,10523,2788327.0,2913542
2023,aux->prep,aux,prep,37,1.2081171103014186e-05,0.012554050275917668,11046,2947256.0,3062617
2024,aux->prep,aux,prep,38,1.0538284478216257e-05,0.010911811030405187,12862,3482465.0,3605900
2025,aux->prep,aux,prep,44,1.0542591229953802e-05,0.01093429309919367,15004,4024037.0,4173547
2026,aux->prep,aux,prep,12,8.572702230045608e-06,0.008924812913609298,4849,1344566.0,1399792
2026,aux->prt,aux,prt,1,7.143918525038006e-07,0.0007437344094674415,4849,1344566.0,1399792
2023,aux->relcl,aux,relcl,1,3.2651813791930233e-07,0.0003392986561058829,11046,2947256.0,3062617
2021,aux->xcomp,aux,xcomp,1,2.9616931644417936e-07,0.0003108405002791348,12748,3217084.0,3376447
2019,auxpass->acomp,auxpass,acomp,2,8.138418217035338e-06,0.008407918577716493,912,237871.0,245748
2020,auxpass->acomp,auxpass,acomp,61,1.708591582749611e-05,0.01787520644398262,14066,3412548.0,3570192
2021,auxpass->acomp,auxpass,acomp,53,1.5696973771541504e-05,0.01647454651479414,12748,3217084.0,3376447
2022,auxpass->acomp,auxpass,acomp,58,1.9907040983105785e-05,0.020801003612560508,10523,2788327.0,2913542
2023,auxpass->acomp,auxpass,acomp,59,1.926457013723884e-05,0.02001862071024709,11046,2947256.0,3062617
2024,auxpass->acomp,auxpass,acomp,63,1.7471366371779583e-05,0.01809063407672439,12862,3482465.0,3605900
2025,auxpass->acomp,auxpass,acomp,74,1.773072161401321e-05,0.01838949293955299,15004,4024037.0,4173547
2026,auxpass->acomp,auxpass,acomp,45,3.214763336267103e-05,0.03346804842603487,4849,1344566.0,1399792
2019,auxpass->advcl,auxpass,advcl,2,8.138418217035338e-06,0.008407918577716493,912,237871.0,245748
2020,auxpass->advcl,auxpass,advcl,14,3.921357730900747e-06,0.004102506396979617,14066,3412548.0,3570192
2021,auxpass->advcl,auxpass,advcl,9,2.665523847997614e-06,0.002797564502512213,12748,3217084.0,3376447
2022,auxpass->advcl,auxpass,advcl,9,3.08902360082676e-06,0.0032277419398800784,10523,2788327.0,2913542
2023,auxpass->advcl,auxpass,advcl,13,4.2447357929509305e-06,0.004410882529376477,11046,2947256.0,3062617
2024,auxpass->advcl,auxpass,advcl,12,3.3278793089103968e-06,0.003445835062233217,12862,3482465.0,3605900
2025,auxpass->advcl,auxpass,advcl,24,5.750504307247528e-06,0.005964159872287457,15004,4024037.0,4173547
2026,auxpass->advcl,auxpass,advcl,8,5.7151348200304045e-06,0.005949875275739532,4849,1344566.0,1399792
2019,auxpass->advmod,auxpass,advmod,2,8.138418217035338e-06,0.008407918577716493,912,237871.0,245748
2020,auxpass->advmod,auxpass,advmod,84,2.3528146385404482e-05,0.024615038381877705,14066,3412548.0,3570192
2021,auxpass->advmod,auxpass,advmod,100,2.9616931644417936e-05,0.031084050027913476,12748,3217084.0,3376447
2022,auxpass->advmod,auxpass,advmod,87,2.986056147465868e-05,0.03120150541884076,10523,2788327.0,2913542
2023,auxpass->advmod,auxpass,advmod,43,1.404027993053e-05,0.014589842212552964,11046,2947256.0,3062617
2024,auxpass->advmod,auxpass,advmod,87,2.4127124989600377e-05,0.024982304201190825,12862,3482465.0,3605900
2025,auxpass->advmod,auxpass,advmod,81,1.9407952036960408e-05,0.020129039568970167,15004,4024037.0,4173547
2026,auxpass->advmod,auxpass,advmod,33,2.357493113262542e-05,0.02454323551242557,4849,1344566.0,1399792
2020,auxpass->amod,auxpass,amod,4,1.1203879231144992e-06,0.0011721446848513193,14066,3412548.0,3570192
2021,auxpass->amod,auxpass,amod,4,1.1846772657767174e-06,0.0012433620011165392,12748,3217084.0,3376447
2022,auxpass->amod,auxpass,amod,5,1.7161242226815333e-06,0.0017931899666000436,10523,2788327.0,2913542
2023,auxpass->amod,auxpass,amod,2,6.530362758386047e-07,0.0006785973122117658,11046,2947256.0,3062617
2024,auxpass->amod,auxpass,amod,7,1.9412629301977313e-06,0.0020100704529693765,12862,3482465.0,3605900
2025,auxpass->amod,auxpass,amod,7,1.6772304229471957e-06,0.0017395466294171749,15004,4024037.0,4173547
2026,auxpass->amod,auxpass,amod,1,7.143918525038006e-07,0.0007437344094674415,4849,1344566.0,1399792
2021,auxpass->appos,auxpass,appos,1,2.9616931644417936e-07,0.0003108405002791348,12748,3217084.0,3376447
2026,auxpass->appos,auxpass,appos,1,7.143918525038006e-07,0.0007437344094674415,4849,1344566.0,1399792
2019,auxpass->attr,auxpass,attr,3,1.2207627325553006e-05,0.01261187786657474,912,237871.0,245748
2020,auxpass->attr,auxpass,attr,52,1.4565043000488489e-05,0.015237880903067151,14066,3412548.0,3570192
2021,auxpass->attr,auxpass,attr,72,2.1324190783980913e-05,0.022380516020097704,12748,3217084.0,3376447
2022,auxpass->attr,auxpass,attr,50,1.7161242226815334e-05,0.01793189966600044,10523,2788327.0,2913542
2023,auxpass->attr,auxpass,attr,60,1.959108827515814e-05,0.020357919366352974,11046,2947256.0,3062617
2024,auxpass->attr,auxpass,attr,40,1.1092931029701322e-05,0.011486116874110722,12862,3482465.0,3605900
2025,auxpass->attr,auxpass,attr,73,1.74911172678779e-05,0.01814098627820768,15004,4024037.0,4173547
2026,auxpass->attr,auxpass,attr,17,1.214466149256461e-05,0.012643484960946506,4849,1344566.0,1399792
2019,auxpass->aux,auxpass,aux,6,2.441525465110601e-05,0.02522375573314948,912,237871.0,245748
2020,auxpass->aux,auxpass,aux,82,2.2967952423847233e-05,0.024028966039452048,14066,3412548.0,3570192
2021,auxpass->aux,auxpass,aux,61,1.806632830309494e-05,0.018961270517027222,12748,3217084.0,3376447
2022,auxpass->aux,auxpass,aux,59,2.0250265827642092e-05,0.021159641605880516,10523,2788327.0,2913542
2023,auxpass->aux,auxpass,aux,78,2.5468414757705584e-05,0.026465295176258865,11046,2947256.0,3062617
2024,auxpass->aux,auxpass,aux,72,1.996727585346238e-05,0.0206750103733993,12862,3482465.0,3605900
2025,auxpass->aux,auxpass,aux,55,1.3178239037442253e-05,0.013667866373992088,15004,4024037.0,4173547
2026,auxpass->aux,auxpass,aux,25,1.7859796312595013e-05,0.01859336023668604,4849,1344566.0,1399792
2020,auxpass->auxpass,auxpass,auxpass,2,5.601939615572496e-07,0.0005860723424256596,14066,3412548.0,3570192
2021,auxpass->auxpass,auxpass,auxpass,2,5.923386328883587e-07,0.0006216810005582696,12748,3217084.0,3376447
2022,auxpass->auxpass,auxpass,auxpass,2,6.864496890726133e-07,0.0007172759866400175,10523,2788327.0,2913542
2023,auxpass->auxpass,auxpass,auxpass,3,9.795544137579071e-07,0.0010178959683176485,11046,2947256.0,3062617
2025,auxpass->auxpass,auxpass,auxpass,2,4.792086922706273e-07,0.0004970133226906213,15004,4024037.0,4173547
2026,auxpass->auxpass,auxpass,auxpass,2,1.4287837050076011e-06,0.001487468818934883,4849,1344566.0,1399792
2020,auxpass->cc,auxpass,cc,11,3.0810667885648726e-06,0.003223397883341128,14066,3412548.0,3570192
2021,auxpass->cc,auxpass,cc,13,3.850201113774331e-06,0.004040926503628753,12748,3217084.0,3376447
2022,auxpass->cc,auxpass,cc,13,4.461922978971987e-06,0.004662293913160113,10523,2788327.0,2913542
2023,auxpass->cc,auxpass,cc,4,1.3060725516772093e-06,0.0013571946244235317,11046,2947256.0,3062617
2024,auxpass->cc,auxpass,cc,6,1.6639396544551984e-06,0.0017229175311166084,12862,3482465.0,3605900
2025,auxpass->cc,auxpass,cc,7,1.6772304229471957e-06,0.0017395466294171749,15004,4024037.0,4173547
2026,auxpass->cc,auxpass,cc,5,3.571959262519003e-06,0.0037186720473372076,4849,1344566.0,1399792
2020,auxpass->ccomp,auxpass,ccomp,4,1.1203879231144992e-06,0.0011721446848513193,14066,3412548.0,3570192
2021,auxpass->ccomp,auxpass,ccomp,3,8.88507949332538e-07,0.0009325215008374043,12748,3217084.0,3376447
2022,auxpass->ccomp,auxpass,ccomp,7,2.4025739117541465e-06,0.002510465953240061,10523,2788327.0,2913542
2023,auxpass->ccomp,auxpass,ccomp,3,9.795544137579071e-07,0.0010178959683176485,11046,2947256.0,3062617
2024,auxpass->ccomp,auxpass,ccomp,1,2.773232757425331e-07,0.0002871529218527681,12862,3482465.0,3605900
2025,auxpass->ccomp,auxpass,ccomp,4,9.584173845412547e-07,0.0009940266453812427,15004,4024037.0,4173547
2026,auxpass->ccomp,auxpass,ccomp,1,7.143918525038006e-07,0.0007437344094674415,4849,1344566.0,1399792
2020,auxpass->compound,auxpass,compound,1,2.800969807786248e-07,0.0002930361712128298,14066,3412548.0,3570192
2021,auxpass->compound,auxpass,compound,5,1.4808465822208967e-06,0.0015542025013956739,12748,3217084.0,3376447
2022,auxpass->compound,auxpass,compound,3,1.02967453360892e-06,0.0010759139799600263,10523,2788327.0,2913542
2023,auxpass->compound,auxpass,compound,2,6.530362758386047e-07,0.0006785973122117658,11046,2947256.0,3062617
2024,auxpass->compound,auxpass,compound,8,2.2185862059402647e-06,0.002297223374822145,12862,3482465.0,3605900
2025,auxpass->compound,auxpass,compound,6,1.437626076811882e-06,0.0014910399680718642,15004,4024037.0,4173547
2026,auxpass->compound,auxpass,compound,5,3.571959262519003e-06,0.0037186720473372076,4849,1344566.0,1399792
2020,auxpass->conj,auxpass,conj,13,3.641260750122122e-06,0.0038094702257667878,14066,3412548.0,3570192
2021,auxpass->conj,auxpass,conj,13,3.850201113774331e-06,0.004040926503628753,12748,3217084.0,3376447
2022,auxpass->conj,auxpass,conj,14,4.805147823508293e-06,0.005020931906480122,10523,2788327.0,2913542
2023,auxpass->conj,auxpass,conj,5,1.6325906895965118e-06,0.0016964932805294145,11046,2947256.0,3062617
2024,auxpass->conj,auxpass,conj,5,1.3866163787126653e-06,0.0014357646092638403,12862,3482465.0,3605900
2025,auxpass->conj,auxpass,conj,6,1.437626076811882e-06,0.0014910399680718642,15004,4024037.0,4173547
2026,auxpass->conj,auxpass,conj,4,2.8575674100152022e-06,0.002974937637869766,4849,1344566.0,1399792
2020,auxpass->csubj,auxpass,csubj,6,1.6805818846717488e-06,0.001758217027276979,14066,3412548.0,3570192
2021,auxpass->csubj,auxpass,csubj,9,2.665523847997614e-06,0.002797564502512213,12748,3217084.0,3376447
2022,auxpass->csubj,auxpass,csubj,5,1.7161242226815333e-06,0.0017931899666000436,10523,2788327.0,2913542
2023,auxpass->csubj,auxpass,csubj,13,4.2447357929509305e-06,0.004410882529376477,11046,2947256.0,3062617
2024,auxpass->csubj,auxpass,csubj,13,3.60520258465293e-06,0.003732987984085985,12862,3482465.0,3605900
2025,auxpass->csubj,auxpass,csubj,11,2.6356478074884506e-06,0.0027335732747984175,15004,4024037.0,4173547
2026,auxpass->csubj,auxpass,csubj,4,2.8575674100152022e-06,0.002974937637869766,4849,1344566.0,1399792
2020,auxpass->dep,auxpass,dep,8,2.2407758462289984e-06,0.0023442893697026386,14066,3412548.0,3570192
2021,auxpass->dep,auxpass,dep,7,2.0731852151092556e-06,0.0021758835019539432,12748,3217084.0,3376447
2022,auxpass->dep,auxpass,dep,13,4.461922978971987e-06,0.004662293913160113,10523,2788327.0,2913542
2023,auxpass->dep,auxpass,dep,10,3.2651813791930236e-06,0.003392986561058829,11046,2947256.0,3062617
2024,auxpass->dep,auxpass,dep,8,2.2185862059402647e-06,0.002297223374822145,12862,3482465.0,3605900
2025,auxpass->dep,auxpass,dep,10,2.396043461353137e-06,0.0024850666134531066,15004,4024037.0,4173547
2026,auxpass->dep,auxpass,dep,7,5.000742967526604e-06,0.00520614086627209,4849,1344566.0,1399792
2020,auxpass->det,auxpass,det,1,2.800969807786248e-07,0.0002930361712128298,14066,3412548.0,3570192
2021,auxpass->det,auxpass,det,1,2.9616931644417936e-07,0.0003108405002791348,12748,3217084.0,3376447
2022,auxpass->det,auxpass,det,1,3.4322484453630666e-07,0.00035863799332000874,10523,2788327.0,2913542
2020,auxpass->dobj,auxpass,dobj,2,5.601939615572496e-07,0.0005860723424256596,14066,3412548.0,3570192
2021,auxpass->dobj,auxpass,dobj,2,5.923386328883587e-07,0.0006216810005582696,12748,3217084.0,3376447
2022,auxpass->dobj,auxpass,dobj,1,3.4322484453630666e-07,0.00035863799332000874,10523,2788327.0,2913542
2023,auxpass->dobj,auxpass,dobj,2,6.530362758386047e-07,0.0006785973122117658,11046,2947256.0,3062617
2024,auxpass->dobj,auxpass,dobj,2,5.546465514850662e-07,0.0005743058437055362,12862,3482465.0,3605900
2025,auxpass->dobj,auxpass,dobj,1,2.3960434613531366e-07,0.00024850666134531066,15004,4024037.0,4173547
2026,auxpass->dobj,auxpass,dobj,3,2.143175557511402e-06,0.0022312032284023246,4849,1344566.0,1399792
2020,auxpass->expl,auxpass,expl,3,8.402909423358744e-07,0.0008791085136384895,14066,3412548.0,3570192
2021,auxpass->expl,auxpass,expl,8,2.369354531553435e-06,0.0024867240022330784,12748,3217084.0,3376447
2022,auxpass->expl,auxpass,expl,7,2.4025739117541465e-06,0.002510465953240061,10523,2788327.0,2913542
2023,auxpass->expl,auxpass,expl,8,2.6121451033544187e-06,0.0027143892488470634,11046,2947256.0,3062617
2024,auxpass->expl,auxpass,expl,6,1.6639396544551984e-06,0.0017229175311166084,12862,3482465.0,3605900
2025,auxpass->expl,auxpass,expl,5,1.1980217306765685e-06,0.0012425333067265533,15004,4024037.0,4173547
2026,auxpass->expl,auxpass,expl,5,3.571959262519003e-06,0.0037186720473372076,4849,1344566.0,1399792
2021,auxpass->intj,auxpass,intj,1,2.9616931644417936e-07,0.0003108405002791348,12748,3217084.0,3376447
2025,auxpass->intj,auxpass,intj,2,4.792086922706273e-07,0.0004970133226906213,15004,4024037.0,4173547
2019,auxpass->mark,auxpass,mark,2,8.138418217035338e-06,0.008407918577716493,912,237871.0,245748
2020,auxpass->mark,auxpass,mark,31,8.683006404137369e-06,0.009084121307597726,14066,3412548.0,3570192
2021,auxpass->mark,auxpass,mark,25,7.404232911104484e-06,0.007771012506978369,12748,3217084.0,3376447
2022,auxpass->mark,auxpass,mark,27,9.26707080248028e-06,0.009683225819640236,10523,2788327.0,2913542
2023,auxpass->mark,auxpass,mark,18,5.877326482547442e-06,0.006107375809905892,11046,2947256.0,3062617
2024,auxpass->mark,auxpass,mark,23,6.37843534207826e-06,0.006604517202613665,12862,3482465.0,3605900
2025,auxpass->mark,auxpass,mark,38,9.10496515314192e-06,0.009443253131121807,15004,4024037.0,4173547
2026,auxpass->mark,auxpass,mark,9,6.429526672534205e-06,0.006693609685206974,4849,1344566.0,1399792
2020,auxpass->meta,auxpass,meta,1,2.800969807786248e-07,0.0002930361712128298,14066,3412548.0,3570192
2022,auxpass->meta,auxpass,meta,1,3.4322484453630666e-07,0.00035863799332000874,10523,2788327.0,2913542
2025,auxpass->meta,auxpass,meta,1,2.3960434613531366e-07,0.00024850666134531066,15004,4024037.0,4173547
2019,auxpass->neg,auxpass,neg,5,2.034604554258834e-05,0.021019796444291236,912,237871.0,245748
2020,auxpass->neg,auxpass,neg,41,1.1483976211923616e-05,0.012014483019726024,14066,3412548.0,3570192
2021,auxpass->neg,auxpass,neg,45,1.332761923998807e-05,0.013987822512561065,12748,3217084.0,3376447
2022,auxpass->neg,auxpass,neg,54,1.853414160496056e-05,0.019366451639280472,10523,2788327.0,2913542
2023,auxpass->neg,auxpass,neg,56,1.828501572348093e-05,0.01900072474192944,11046,2947256.0,3062617
2024,auxpass->neg,auxpass,neg,53,1.4698133614354253e-05,0.015219104858196709,12862,3482465.0,3605900
2025,auxpass->neg,auxpass,neg,65,1.557428249879539e-05,0.016152932987445197,15004,4024037.0,4173547
2026,auxpass->neg,auxpass,neg,26,1.8574188165098813e-05,0.01933709464615348,4849,1344566.0,1399792
2020,auxpass->nmod,auxpass,nmod,2,5.601939615572496e-07,0.0005860723424256596,14066,3412548.0,3570192
2021,auxpass->nmod,auxpass,nmod,1,2.9616931644417936e-07,0.0003108405002791348,12748,3217084.0,3376447
2023,auxpass->nmod,auxpass,nmod,1,3.2651813791930233e-07,0.0003392986561058829,11046,2947256.0,3062617
2024,auxpass->nmod,auxpass,nmod,2,5.546465514850662e-07,0.0005743058437055362,12862,3482465.0,3605900
2025,auxpass->nmod,auxpass,nmod,1,2.3960434613531366e-07,0.00024850666134531066,15004,4024037.0,4173547
2026,auxpass->nmod,auxpass,nmod,1,7.143918525038006e-07,0.0007437344094674415,4849,1344566.0,1399792
2019,auxpass->npadvmod,auxpass,npadvmod,1,4.069209108517669e-06,0.0042039592888582465,912,237871.0,245748
2020,auxpass->npadvmod,auxpass,npadvmod,1,2.800969807786248e-07,0.0002930361712128298,14066,3412548.0,3570192
2021,auxpass->npadvmod,auxpass,npadvmod,3,8.88507949332538e-07,0.0009325215008374043,12748,3217084.0,3376447
2022,auxpass->npadvmod,auxpass,npadvmod,1,3.4322484453630666e-07,0.00035863799332000874,10523,2788327.0,2913542
2023,auxpass->npadvmod,auxpass,npadvmod,3,9.795544137579071e-07,0.0010178959683176485,11046,2947256.0,3062617
2024,auxpass->npadvmod,auxpass,npadvmod,4,1.1092931029701323e-06,0.0011486116874110724,12862,3482465.0,3605900
2025,auxpass->npadvmod,auxpass,npadvmod,1,2.3960434613531366e-07,0.00024850666134531066,15004,4024037.0,4173547
2026,auxpass->npadvmod,auxpass,npadvmod,2,1.4287837050076011e-06,0.001487468818934883,4849,1344566.0,1399792
2019,auxpass->nsubj,auxpass,nsubj,27,0.00010986864592997705,0.11350690079917267,912,237871.0,245748
2020,auxpass->nsubj,auxpass,nsubj,340,9.523297346473243e-05,0.09963229821236214,14066,3412548.0,3570192
2021,auxpass->nsubj,auxpass,nsubj,336,9.951289032524425e-05,0.10444240809378928,12748,3217084.0,3376447
2022,auxpass->nsubj,auxpass,nsubj,325,0.00011154807447429966,0.11655734782900284,10523,2788327.0,2913542
2023,auxpass->nsubj,auxpass,nsubj,332,0.00010840402178920838,0.11264715382715312,11046,2947256.0,3062617
2024,auxpass->nsubj,auxpass,nsubj,332,9.207132754652097e-05,0.095334770055119,12862,3482465.0,3605900
2025,auxpass->nsubj,auxpass,nsubj,455,0.00010901997749156772,0.11307053091211637,15004,4024037.0,4173547
2026,auxpass->nsubj,auxpass,nsubj,189,0.0001350200601232183,0.14056580338934643,4849,1344566.0,1399792
2020,auxpass->nsubjpass,auxpass,nsubjpass,2,5.601939615572496e-07,0.0005860723424256596,14066,3412548.0,3570192
2021,auxpass->nsubjpass,auxpass,nsubjpass,1,2.9616931644417936e-07,0.0003108405002791348,12748,3217084.0,3376447
2022,auxpass->nsubjpass,auxpass,nsubjpass,1,3.4322484453630666e-07,0.00035863799332000874,10523,2788327.0,2913542
2023,auxpass->nsubjpass,auxpass,nsubjpass,1,3.2651813791930233e-07,0.0003392986561058829,11046,2947256.0,3062617
2025,auxpass->nsubjpass,auxpass,nsubjpass,1,2.3960434613531366e-07,0.00024850666134531066,15004,4024037.0,4173547
2026,auxpass->nsubjpass,auxpass,nsubjpass,1,7.143918525038006e-07,0.0007437344094674415,4849,1344566.0,1399792
2020,auxpass->nummod,auxpass,nummod,3,8.402909423358744e-07,0.0008791085136384895,14066,3412548.0,3570192
2022,auxpass->nummod,auxpass,nummod,1,3.4322484453630666e-07,0.00035863799332000874,10523,2788327.0,2913542
2023,auxpass->nummod,auxpass,nummod,3,9.795544137579071e-07,0.0010178959683176485,11046,2947256.0,3062617
2025,auxpass->nummod,auxpass,nummod,2,4.792086922706273e-07,0.0004970133226906213,15004,4024037.0,4173547
2023,auxpass->parataxis,auxpass,parataxis,1,3.2651813791930233e-07,0.0003392986561058829,11046,2947256.0,3062617
2025,auxpass->parataxis,auxpass,parataxis,1,2.3960434613531366e-07,0.00024850666134531066,15004,4024037.0,4173547
2026,auxpass->parataxis,auxpass,parataxis,2,1.4287837050076011e-06,0.001487468818934883,4849,1344566.0,1399792
2021,auxpass->poss,auxpass,poss,1,2.9616931644417936e-07,0.0003108405002791348,12748,3217084.0,3376447
2020,auxpass->preconj,auxpass,preconj,1,2.800969807786248e-07,0.0002930361712128298,14066,3412548.0,3570192
2019,auxpass->prep,auxpass,prep,2,8.138418217035338e-06,0.008407918577716493,912,237871.0,245748
2020,auxpass->prep,auxpass,prep,41,1.1483976211923616e-05,0.012014483019726024,14066,3412548.0,3570192
2021,auxpass->prep,auxpass,prep,36,1.0662095391990457e-05,0.011190258010048852,12748,3217084.0,3376447
2022,auxpass->prep,auxpass,prep,47,1.6131567693206414e-05,0.016855985686040412,10523,2788327.0,2913542
2023,auxpass->prep,auxpass,prep,47,1.5346352482207212e-05,0.015947036836976493,11046,2947256.0,3062617
2024,auxpass->prep,auxpass,prep,36,9.98363792673119e-06,0.01033750518669965,12862,3482465.0,3605900
2025,auxpass->prep,auxpass,prep,64,1.5334678152660074e-05,0.015904426326099882,15004,4024037.0,4173547
2026,auxpass->prep,auxpass,prep,25,1.7859796312595013e-05,0.01859336023668604,4849,1344566.0,1399792
2020,auxpass->xcomp,auxpass,xcomp,1,2.800969807786248e-07,0.0002930361712128298,14066,3412548.0,3570192
2022,auxpass->xcomp,auxpass,xcomp,2,6.864496890726133e-07,0.0007172759866400175,10523,2788327.0,2913542
2023,auxpass->xcomp,auxpass,xcomp,2,6.530362758386047e-07,0.0006785973122117658,11046,2947256.0,3062617
2025,auxpass->xcomp,auxpass,xcomp,2,4.792086922706273e-07,0.0004970133226906213,15004,4024037.0,4173547
2020,case->advmod,case,advmod,1,2.800969807786248e-07,0.0002930361712128298,14066,3412548.0,3570192
2021,case->cc,case,cc,2,5.923386328883587e-07,0.0006216810005582696,12748,3217084.0,3376447
2024,case->cc,case,cc,2,5.546465514850662e-07,0.0005743058437055362,12862,3482465.0,3605900
2023,case->compound,case,compound,1,3.2651813791930233e-07,0.0003392986561058829,11046,2947256.0,3062617
2021,case->conj,case,conj,1,2.9616931644417936e-07,0.0003108405002791348,12748,3217084.0,3376447
2024,case->conj,case,conj,1,2.773232757425331e-07,0.0002871529218527681,12862,3482465.0,3605900
2020,case->nmod,case,nmod,2,5.601939615572496e-07,0.0005860723424256596,14066,3412548.0,3570192
2020,case->npadvmod,case,npadvmod,1,2.800969807786248e-07,0.0002930361712128298,14066,3412548.0,3570192
2021,case->nsubj,case,nsubj,2,5.923386328883587e-07,0.0006216810005582696,12748,3217084.0,3376447
2024,case->nsubj,case,nsubj,1,2.773232757425331e-07,0.0002871529218527681,12862,3482465.0,3605900
2022,cc->acl,cc,acl,1,3.4322484453630666e-07,0.00035863799332000874,10523,2788327.0,2913542
2025,cc->advcl,cc,advcl,1,2.3960434613531366e-07,0.00024850666134531066,15004,4024037.0,4173547
2019,cc->advmod,cc,advmod,252,0.0010254406953464524,1.059397740792278,912,237871.0,245748
2020,cc->advmod,cc,advmod,4028,0.0011282306385763006,1.1803496976452785,14066,3412548.0,3570192
2021,cc->advmod,cc,advmod,3449,0.0010214879724159745,1.0720888854627357,12748,3217084.0,3376447
2022,cc->advmod,cc,advmod,2926,0.0010042758951132333,1.0493747684543455,10523,2788327.0,2913542
2023,cc->advmod,cc,advmod,3039,0.0009922886211367599,1.031128615905778,11046,2947256.0,3062617
2024,cc->advmod,cc,advmod,3288,0.0009118389306414488,0.9441588070519015,12862,3482465.0,3605900
2025,cc->advmod,cc,advmod,3399,0.0008144151725139312,0.8446741419127111,15004,4024037.0,4173547
2026,cc->advmod,cc,advmod,1015,0.0007251077302913576,0.7548904256094532,4849,1344566.0,1399792
2021,cc->agent,cc,agent,2,5.923386328883587e-07,0.0006216810005582696,12748,3217084.0,3376447
2024,cc->agent,cc,agent,1,2.773232757425331e-07,0.0002871529218527681,12862,3482465.0,3605900
2025,cc->agent,cc,agent,4,9.584173845412547e-07,0.0009940266453812427,15004,4024037.0,4173547
2026,cc->agent,cc,agent,1,7.143918525038006e-07,0.0007437344094674415,4849,1344566.0,1399792
2020,cc->amod,cc,amod,9,2.520872827007623e-06,0.0026373255409154685,14066,3412548.0,3570192
2021,cc->amod,cc,amod,6,1.777015898665076e-06,0.0018650430016748086,12748,3217084.0,3376447
2022,cc->amod,cc,amod,7,2.4025739117541465e-06,0.002510465953240061,10523,2788327.0,2913542
2023,cc->amod,cc,amod,1,3.2651813791930233e-07,0.0003392986561058829,11046,2947256.0,3062617
2024,cc->amod,cc,amod,10,2.7732327574253305e-06,0.0028715292185276806,12862,3482465.0,3605900
2025,cc->amod,cc,amod,9,2.156439115217823e-06,0.002236559952107796,15004,4024037.0,4173547
2026,cc->amod,cc,amod,1,7.143918525038006e-07,0.0007437344094674415,4849,1344566.0,1399792
2020,cc->appos,cc,appos,3,8.402909423358744e-07,0.0008791085136384895,14066,3412548.0,3570192
2021,cc->appos,cc,appos,1,2.9616931644417936e-07,0.0003108405002791348,12748,3217084.0,3376447
2022,cc->appos,cc,appos,2,6.864496890726133e-07,0.0007172759866400175,10523,2788327.0,2913542
2024,cc->appos,cc,appos,1,2.773232757425331e-07,0.0002871529218527681,12862,3482465.0,3605900
2026,cc->appos,cc,appos,1,7.143918525038006e-07,0.0007437344094674415,4849,1344566.0,1399792
2025,cc->attr,cc,attr,1,2.3960434613531366e-07,0.00024850666134531066,15004,4024037.0,4173547
2022,cc->aux,cc,aux,1,3.4322484453630666e-07,0.00035863799332000874,10523,2788327.0,2913542
2024,cc->aux,cc,aux,1,2.773232757425331e-07,0.0002871529218527681,12862,3482465.0,3605900
2026,cc->auxpass,cc,auxpass,1,7.143918525038006e-07,0.0007437344094674415,4849,1344566.0,1399792
2020,cc->cc,cc,cc,27,7.56261848102287e-06,0.007911976622746404,14066,3412548.0,3570192
2021,cc->cc,cc,cc,25,7.404232911104484e-06,0.007771012506978369,12748,3217084.0,3376447
2022,cc->cc,cc,cc,13,4.461922978971987e-06,0.004662293913160113,10523,2788327.0,2913542
2023,cc->cc,cc,cc,18,5.877326482547442e-06,0.006107375809905892,11046,2947256.0,3062617
2024,cc->cc,cc,cc,15,4.159849136137996e-06,0.004307293827791521,12862,3482465.0,3605900
2025,cc->cc,cc,cc,17,4.073273884300333e-06,0.004224613242870282,15004,4024037.0,4173547
2026,cc->cc,cc,cc,6,4.286351115022804e-06,0.004462406456804649,4849,1344566.0,1399792
2020,cc->ccomp,cc,ccomp,1,2.800969807786248e-07,0.0002930361712128298,14066,3412548.0,3570192
2020,cc->compound,cc,compound,1,2.800969807786248e-07,0.0002930361712128298,14066,3412548.0,3570192
2023,cc->compound,cc,compound,1,3.2651813791930233e-07,0.0003392986561058829,11046,2947256.0,3062617
2024,cc->compound,cc,compound,4,1.1092931029701323e-06,0.0011486116874110724,12862,3482465.0,3605900
2025,cc->compound,cc,compound,3,7.18813038405941e-07,0.0007455199840359321,15004,4024037.0,4173547
2020,cc->conj,cc,conj,23,6.4422305579083705e-06,0.006739831937895086,14066,3412548.0,3570192
2021,cc->conj,cc,conj,28,8.292740860437022e-06,0.008703534007815773,12748,3217084.0,3376447
2022,cc->conj,cc,conj,12,4.11869813443568e-06,0.004303655919840105,10523,2788327.0,2913542
2023,cc->conj,cc,conj,17,5.55080834462814e-06,0.005768077153800009,11046,2947256.0,3062617
2024,cc->conj,cc,conj,15,4.159849136137996e-06,0.004307293827791521,12862,3482465.0,3605900
2025,cc->conj,cc,conj,15,3.594065192029705e-06,0.0037275999201796606,15004,4024037.0,4173547
2026,cc->conj,cc,conj,5,3.571959262519003e-06,0.0037186720473372076,4849,1344566.0,1399792
2020,cc->dep,cc,dep,2,5.601939615572496e-07,0.0005860723424256596,14066,3412548.0,3570192
2021,cc->dep,cc,dep,2,5.923386328883587e-07,0.0006216810005582696,12748,3217084.0,3376447
2022,cc->dep,cc,dep,6,2.05934906721784e-06,0.0021518279599200526,10523,2788327.0,2913542
2023,cc->dep,cc,dep,1,3.2651813791930233e-07,0.0003392986561058829,11046,2947256.0,3062617
2024,cc->dep,cc,dep,10,2.7732327574253305e-06,0.0028715292185276806,12862,3482465.0,3605900
2025,cc->dep,cc,dep,3,7.18813038405941e-07,0.0007455199840359321,15004,4024037.0,4173547
2026,cc->dep,cc,dep,3,2.143175557511402e-06,0.0022312032284023246,4849,1344566.0,1399792
2020,cc->det,cc,det,2,5.601939615572496e-07,0.0005860723424256596,14066,3412548.0,3570192
2021,cc->det,cc,det,1,2.9616931644417936e-07,0.0003108405002791348,12748,3217084.0,3376447
2022,cc->det,cc,det,1,3.4322484453630666e-07,0.00035863799332000874,10523,2788327.0,2913542
2023,cc->det,cc,det,4,1.3060725516772093e-06,0.0013571946244235317,11046,2947256.0,3062617
2024,cc->det,cc,det,2,5.546465514850662e-07,0.0005743058437055362,12862,3482465.0,3605900
2025,cc->det,cc,det,3,7.18813038405941e-07,0.0007455199840359321,15004,4024037.0,4173547
2022,cc->dobj,cc,dobj,2,6.864496890726133e-07,0.0007172759866400175,10523,2788327.0,2913542
2023,cc->dobj,cc,dobj,1,3.2651813791930233e-07,0.0003392986561058829,11046,2947256.0,3062617
2024,cc->dobj,cc,dobj,2,5.546465514850662e-07,0.0005743058437055362,12862,3482465.0,3605900
2026,cc->dobj,cc,dobj,1,7.143918525038006e-07,0.0007437344094674415,4849,1344566.0,1399792
2020,cc->intj,cc,intj,1,2.800969807786248e-07,0.0002930361712128298,14066,3412548.0,3570192
2023,cc->intj,cc,intj,2,6.530362758386047e-07,0.0006785973122117658,11046,2947256.0,3062617
2024,cc->intj,cc,intj,1,2.773232757425331e-07,0.0002871529218527681,12862,3482465.0,3605900
2026,cc->intj,cc,intj,1,7.143918525038006e-07,0.0007437344094674415,4849,1344566.0,1399792
2020,cc->neg,cc,neg,1,2.800969807786248e-07,0.0002930361712128298,14066,3412548.0,3570192
2021,cc->neg,cc,neg,3,8.88507949332538e-07,0.0009325215008374043,12748,3217084.0,3376447
2022,cc->neg,cc,neg,4,1.3728993781452266e-06,0.001434551973280035,10523,2788327.0,2913542
2023,cc->neg,cc,neg,4,1.3060725516772093e-06,0.0013571946244235317,11046,2947256.0,3062617
2024,cc->neg,cc,neg,3,8.319698272275992e-07,0.0008614587655583042,12862,3482465.0,3605900
2025,cc->neg,cc,neg,3,7.18813038405941e-07,0.0007455199840359321,15004,4024037.0,4173547
2026,cc->neg,cc,neg,2,1.4287837050076011e-06,0.001487468818934883,4849,1344566.0,1399792
2024,cc->nmod,cc,nmod,4,1.1092931029701323e-06,0.0011486116874110724,12862,3482465.0,3605900
2025,cc->nmod,cc,nmod,1,2.3960434613531366e-07,0.00024850666134531066,15004,4024037.0,4173547
2026,cc->nmod,cc,nmod,1,7.143918525038006e-07,0.0007437344094674415,4849,1344566.0,1399792
2020,cc->npadvmod,cc,npadvmod,4,1.1203879231144992e-06,0.0011721446848513193,14066,3412548.0,3570192
2021,cc->npadvmod,cc,npadvmod,4,1.1846772657767174e-06,0.0012433620011165392,12748,3217084.0,3376447
2022,cc->npadvmod,cc,npadvmod,7,2.4025739117541465e-06,0.002510465953240061,10523,2788327.0,2913542
2023,cc->npadvmod,cc,npadvmod,2,6.530362758386047e-07,0.0006785973122117658,11046,2947256.0,3062617
2024,cc->npadvmod,cc,npadvmod,6,1.6639396544551984e-06,0.0017229175311166084,12862,3482465.0,3605900
2025,cc->npadvmod,cc,npadvmod,9,2.156439115217823e-06,0.002236559952107796,15004,4024037.0,4173547
2026,cc->npadvmod,cc,npadvmod,1,7.143918525038006e-07,0.0007437344094674415,4849,1344566.0,1399792
2020,cc->nsubj,cc,nsubj,2,5.601939615572496e-07,0.0005860723424256596,14066,3412548.0,3570192
2021,cc->nsubj,cc,nsubj,1,2.9616931644417936e-07,0.0003108405002791348,12748,3217084.0,3376447
2022,cc->nsubj,cc,nsubj,1,3.4322484453630666e-07,0.00035863799332000874,10523,2788327.0,2913542
2023,cc->nsubj,cc,nsubj,1,3.2651813791930233e-07,0.0003392986561058829,11046,2947256.0,3062617
2024,cc->nsubj,cc,nsubj,3,8.319698272275992e-07,0.0008614587655583042,12862,3482465.0,3605900
2025,cc->nsubj,cc,nsubj,1,2.3960434613531366e-07,0.00024850666134531066,15004,4024037.0,4173547
2026,cc->nsubj,cc,nsubj,1,7.143918525038006e-07,0.0007437344094674415,4849,1344566.0,1399792
2020,cc->nummod,cc,nummod,1,2.800969807786248e-07,0.0002930361712128298,14066,3412548.0,3570192
2021,cc->nummod,cc,nummod,1,2.9616931644417936e-07,0.0003108405002791348,12748,3217084.0,3376447
2025,cc->nummod,cc,nummod,1,2.3960434613531366e-07,0.00024850666134531066,15004,4024037.0,4173547
2026,cc->nummod,cc,nummod,1,7.143918525038006e-07,0.0007437344094674415,4849,1344566.0,1399792
2022,cc->parataxis,cc,parataxis,1,3.4322484453630666e-07,0.00035863799332000874,10523,2788327.0,2913542
2019,cc->pcomp,cc,pcomp,4,1.6276836434070675e-05,0.016815837155432986,912,237871.0,245748
2020,cc->pcomp,cc,pcomp,29,8.12281244258012e-06,0.008498048965172065,14066,3412548.0,3570192
2021,cc->pcomp,cc,pcomp,26,7.700402227548663e-06,0.008081853007257505,12748,3217084.0,3376447
2022,cc->pcomp,cc,pcomp,23,7.894171424335053e-06,0.0082486738463602,10523,2788327.0,2913542
2023,cc->pcomp,cc,pcomp,23,7.509917172143954e-06,0.007803869090435307,11046,2947256.0,3062617
2024,cc->pcomp,cc,pcomp,22,6.101112066335728e-06,0.006317364280760898,12862,3482465.0,3605900
2025,cc->pcomp,cc,pcomp,54,1.293863469130694e-05,0.013419359712646777,15004,4024037.0,4173547
2026,cc->pcomp,cc,pcomp,29,2.0717363722610216e-05,0.021568297874555806,4849,1344566.0,1399792
2019,cc->pobj,cc,pobj,11,4.476130019369435e-05,0.04624355217744071,912,237871.0,245748
2020,cc->pobj,cc,pobj,115,3.221115278954185e-05,0.033699159689475434,14066,3412548.0,3570192
2021,cc->pobj,cc,pobj,122,3.613265660618988e-05,0.037922541034054444,12748,3217084.0,3376447
2022,cc->pobj,cc,pobj,89,3.054701116373129e-05,0.031918781405480774,10523,2788327.0,2913542
2023,cc->pobj,cc,pobj,87,2.8407077998979306e-05,0.02951898308121181,11046,2947256.0,3062617
2024,cc->pobj,cc,pobj,125,3.4665409467816635e-05,0.03589411523159601,12862,3482465.0,3605900
2025,cc->pobj,cc,pobj,181,4.336838665049178e-05,0.04497970570350124,15004,4024037.0,4173547
2026,cc->pobj,cc,pobj,107,7.643992821790666e-05,0.07957958181301623,4849,1344566.0,1399792
2024,cc->preconj,cc,preconj,1,2.773232757425331e-07,0.0002871529218527681,12862,3482465.0,3605900
2019,cc->prep,cc,prep,3,1.2207627325553006e-05,0.01261187786657474,912,237871.0,245748
2020,cc->prep,cc,prep,48,1.344465507737399e-05,0.014065736218215831,14066,3412548.0,3570192
2021,cc->prep,cc,prep,51,1.5104635138653146e-05,0.015852865514235873,12748,3217084.0,3376447
2022,cc->prep,cc,prep,46,1.5788342848670107e-05,0.0164973476927204,10523,2788327.0,2913542
2023,cc->prep,cc,prep,36,1.1754652965094884e-05,0.012214751619811785,11046,2947256.0,3062617
2024,cc->prep,cc,prep,42,1.1647577581186389e-05,0.012060422717816259,12862,3482465.0,3605900
2025,cc->prep,cc,prep,49,1.174061296063037e-05,0.012176826405920224,15004,4024037.0,4173547
2026,cc->prep,cc,prep,17,1.214466149256461e-05,0.012643484960946506,4849,1344566.0,1399792
2024,cc->relcl,cc,relcl,1,2.773232757425331e-07,0.0002871529218527681,12862,3482465.0,3605900
2026,cc->relcl,cc,relcl,1,7.143918525038006e-07,0.0007437344094674415,4849,1344566.0,1399792
2019,ccomp->acl,ccomp,acl,2,8.138418217035338e-06,0.008407918577716493,912,237871.0,245748
2020,ccomp->acl,ccomp,acl,32,8.963103384915993e-06,0.009377157478810554,14066,3412548.0,3570192
2021,ccomp->acl,ccomp,acl,29,8.5889101768812e-06,0.009014374508094909,12748,3217084.0,3376447
2022,ccomp->acl,ccomp,acl,33,1.132641986969812e-05,0.01183505377956029,10523,2788327.0,2913542
2023,ccomp->acl,ccomp,acl,29,9.469025999659769e-06,0.009839661027070604,11046,2947256.0,3062617
2024,ccomp->acl,ccomp,acl,47,1.3034193959899055e-05,0.013496187327080099,12862,3482465.0,3605900
2025,ccomp->acl,ccomp,acl,45,1.0782195576089116e-05,0.011182799760538981,15004,4024037.0,4173547
2026,ccomp->acl,ccomp,acl,14,1.0001485935053207e-05,0.01041228173254418,4849,1344566.0,1399792
2019,ccomp->acomp,ccomp,acomp,232,0.0009440565131760991,0.9753185550151132,912,237871.0,245748
2020,ccomp->acomp,ccomp,acomp,3780,0.0010587665873432017,1.1076767271844967,14066,3412548.0,3570192
2021,ccomp->acomp,ccomp,acomp,3248,0.0009619579398106945,1.0096099449066298,12748,3217084.0,3376447
2022,ccomp->acomp,ccomp,acomp,2553,0.0008762530281011909,0.9156027969459823,10523,2788327.0,2913542
2023,ccomp->acomp,ccomp,acomp,2526,0.0008247848163841577,0.8570684053234602,11046,2947256.0,3062617
2024,ccomp->acomp,ccomp,acomp,2644,0.0007332427410632575,0.7592323253787189,12862,3482465.0,3605900
2025,ccomp->acomp,ccomp,acomp,2801,0.0006711317735250136,0.6960671584282153,15004,4024037.0,4173547
2026,ccomp->acomp,ccomp,acomp,951,0.0006793866517311143,0.7072914234035369,4849,1344566.0,1399792
2019,ccomp->advcl,ccomp,advcl,190,0.000773149730618357,0.7987522648830668,912,237871.0,245748
2020,ccomp->advcl,ccomp,advcl,3056,0.0008559763732594774,0.895518539226408,14066,3412548.0,3570192
2021,ccomp->advcl,ccomp,advcl,2611,0.0007732980852357522,0.8116045462288209,12748,3217084.0,3376447
2022,ccomp->advcl,ccomp,advcl,2202,0.0007557811076689473,0.7897208612906593,10523,2788327.0,2913542
2023,ccomp->advcl,ccomp,advcl,2170,0.0007085443592848861,0.7362780837497659,11046,2947256.0,3062617
2024,ccomp->advcl,ccomp,advcl,2610,0.0007238137496880113,0.7494691260357247,12862,3482465.0,3605900
2025,ccomp->advcl,ccomp,advcl,3396,0.0008136963594755252,0.8439286219286751,15004,4024037.0,4173547
2026,ccomp->advcl,ccomp,advcl,1232,0.0008801307622846823,0.916280792463888,4849,1344566.0,1399792
2019,ccomp->advmod,ccomp,advmod,319,0.0012980777056171362,1.3410630131457806,912,237871.0,245748
2020,ccomp->advmod,ccomp,advmod,4749,0.001330180561717689,1.3916287770897289,14066,3412548.0,3570192
2021,ccomp->advmod,ccomp,advmod,4169,0.0012347298802557836,1.295894045663713,12748,3217084.0,3376447
2022,ccomp->advmod,ccomp,advmod,3436,0.0011793205658267498,1.23228014504755,10523,2788327.0,2913542
2023,ccomp->advmod,ccomp,advmod,3419,0.0011163655135460948,1.1600621052260136,11046,2947256.0,3062617
2024,ccomp->advmod,ccomp,advmod,3919,0.0010868299176349872,1.125352300740998,12862,3482465.0,3605900
2025,ccomp->advmod,ccomp,advmod,4856,0.0011635187048330833,1.2067483474928287,15004,4024037.0,4173547
2026,ccomp->advmod,ccomp,advmod,1701,0.0012151805411089647,1.265092230504118,4849,1344566.0,1399792
2019,ccomp->agent,ccomp,agent,33,0.00013428390058108306,0.13873065653232214,912,237871.0,245748
2020,ccomp->agent,ccomp,agent,576,0.00016133586092848787,0.16878883461858998,14066,3412548.0,3570192
2021,ccomp->agent,ccomp,agent,528,0.00015637739908252668,0.16412378414738316,12748,3217084.0,3376447
2022,ccomp->agent,ccomp,agent,457,0.00015685375395309214,0.163897562947244,10523,2788327.0,2913542
2023,ccomp->agent,ccomp,agent,399,0.00013028073702980164,0.1353801637862473,11046,2947256.0,3062617
2024,ccomp->agent,ccomp,agent,413,0.00011453451288166616,0.11859415672519322,12862,3482465.0,3605900
2025,ccomp->agent,ccomp,agent,450,0.00010782195576089115,0.11182799760538982,15004,4024037.0,4173547
2026,ccomp->agent,ccomp,agent,170,0.00012144661492564609,0.12643484960946505,4849,1344566.0,1399792
2019,ccomp->amod,ccomp,amod,11,4.476130019369435e-05,0.04624355217744071,912,237871.0,245748
2020,ccomp->amod,ccomp,amod,227,6.358201463674783e-05,0.06651921086531237,14066,3412548.0,3570192
2021,ccomp->amod,ccomp,amod,206,6.1010879187500946e-05,0.06403314305750175,12748,3217084.0,3376447
2022,ccomp->amod,ccomp,amod,163,5.5945649659417984e-05,0.058457992911161424,10523,2788327.0,2913542
2023,ccomp->amod,ccomp,amod,169,5.51815653083621e-05,0.05734147288189421,11046,2947256.0,3062617
2024,ccomp->amod,ccomp,amod,256,7.099475859008847e-05,0.07351114799430863,12862,3482465.0,3605900
2025,ccomp->amod,ccomp,amod,300,7.188130384059411e-05,0.07455199840359321,15004,4024037.0,4173547
2026,ccomp->amod,ccomp,amod,95,6.786722598786105e-05,0.07065476889940694,4849,1344566.0,1399792
2019,ccomp->appos,ccomp,appos,8,3.255367286814135e-05,0.03363167431086597,912,237871.0,245748
2020,ccomp->appos,ccomp,appos,57,1.5965527904381613e-05,0.0167030617591313,14066,3412548.0,3570192
2021,ccomp->appos,ccomp,appos,50,1.4808465822208968e-05,0.015542025013956738,12748,3217084.0,3376447
2022,ccomp->appos,ccomp,appos,53,1.8190916760424255e-05,0.01900781364596046,10523,2788327.0,2913542
2023,ccomp->appos,ccomp,appos,45,1.4693316206368606e-05,0.015268439524764732,11046,2947256.0,3062617
2024,ccomp->appos,ccomp,appos,64,1.7748689647522117e-05,0.01837778699857716,12862,3482465.0,3605900
2025,ccomp->appos,ccomp,appos,48,1.1501008614495057e-05,0.011928319744574914,15004,4024037.0,4173547
2026,ccomp->appos,ccomp,appos,23,1.6431012607587414e-05,0.017105891417751155,4849,1344566.0,1399792
2019,ccomp->attr,ccomp,attr,158,0.0006429350391457916,0.664225567639603,912,237871.0,245748
2020,ccomp->attr,ccomp,attr,2776,0.0007775492186414625,0.8134684112868156,14066,3412548.0,3570192
2021,ccomp->attr,ccomp,attr,2080,0.000616032178203893,0.6465482405806003,12748,3217084.0,3376447
2022,ccomp->attr,ccomp,attr,1855,0.0006366820866148488,0.6652734776086162,10523,2788327.0,2913542
2023,ccomp->attr,ccomp,attr,1875,0.000612221508598692,0.6361849801985304,11046,2947256.0,3062617
2024,ccomp->attr,ccomp,attr,1874,0.0005197038187415069,0.5381245755520874,12862,3482465.0,3605900
2025,ccomp->attr,ccomp,attr,1795,0.00043008980131288804,0.4460694571148327,15004,4024037.0,4173547
2026,ccomp->attr,ccomp,attr,572,0.0004086321396321739,0.4254160822153766,4849,1344566.0,1399792
2019,ccomp->aux,ccomp,aux,456,0.0018555593534840568,1.9170054357193604,912,237871.0,245748
2020,ccomp->aux,ccomp,aux,7143,0.002000732733701717,2.0931573709732434,14066,3412548.0,3570192
2021,ccomp->aux,ccomp,aux,5787,0.0017139318342624659,1.798833975115353,12748,3217084.0,3376447
2022,ccomp->aux,ccomp,aux,4587,0.0015743723618880387,1.6450724753588801,10523,2788327.0,2913542
2023,ccomp->aux,ccomp,aux,4511,0.0014729233201539729,1.5305762376936378,11046,2947256.0,3062617
2024,ccomp->aux,ccomp,aux,5021,0.0013924401675032587,1.4417948206227484,12862,3482465.0,3605900
2025,ccomp->aux,ccomp,aux,5356,0.00128332087790074,1.331001678165484,15004,4024037.0,4173547
2026,ccomp->aux,ccomp,aux,1841,0.0013151954004594968,1.3692150478295597,4849,1344566.0,1399792
2019,ccomp->auxpass,ccomp,auxpass,337,0.0013713234695704544,1.4167342803452292,912,237871.0,245748
2020,ccomp->auxpass,ccomp,auxpass,5161,0.0014455805177984826,1.5123596796294148,14066,3412548.0,3570192
2021,ccomp->auxpass,ccomp,auxpass,4581,0.0013567516386307856,1.4239603317787164,12748,3217084.0,3376447
2022,ccomp->auxpass,ccomp,auxpass,4066,0.0013955522178846229,1.4582220808391555,10523,2788327.0,2913542
2023,ccomp->auxpass,ccomp,auxpass,4001,0.0013063990698151287,1.3575339230796375,11046,2947256.0,3062617
2024,ccomp->auxpass,ccomp,auxpass,4192,0.0011625391719126987,1.2037450484068037,12862,3482465.0,3605900
2025,ccomp->auxpass,ccomp,auxpass,4447,0.00106552052726374,1.1051091230025964,15004,4024037.0,4173547
2026,ccomp->auxpass,ccomp,auxpass,1595,0.0011394550047435618,1.1862563831005692,4849,1344566.0,1399792
2019,ccomp->cc,ccomp,cc,161,0.0006551426664713446,0.6768374455061777,912,237871.0,245748
2020,ccomp->cc,ccomp,cc,3005,0.0008416914272397675,0.8805736944945536,14066,3412548.0,3570192
2021,ccomp->cc,ccomp,cc,2584,0.0007653015136917594,0.8032118527212843,12748,3217084.0,3376447
2022,ccomp->cc,ccomp,cc,2204,0.0007564675573580199,0.7904381372772993,10523,2788327.0,2913542
2023,ccomp->cc,ccomp,cc,2145,0.0007003814058369035,0.7277956173471188,11046,2947256.0,3062617
2024,ccomp->cc,ccomp,cc,2338,0.0006483818186860423,0.6713635312917717,12862,3482465.0,3605900
2025,ccomp->cc,ccomp,cc,2671,0.0006399832085274229,0.6637612924533248,15004,4024037.0,4173547
2026,ccomp->cc,ccomp,cc,989,0.0007065335421262588,0.7355533309632997,4849,1344566.0,1399792
2019,ccomp->ccomp,ccomp,ccomp,79,0.0003214675195728958,0.3321127838198015,912,237871.0,245748
2020,ccomp->ccomp,ccomp,ccomp,1038,0.0002907406660482125,0.30417154571891736,14066,3412548.0,3570192
2021,ccomp->ccomp,ccomp,ccomp,808,0.0002393048076868969,0.25115912422554093,12748,3217084.0,3376447
2022,ccomp->ccomp,ccomp,ccomp,697,0.00023922771664180574,0.2499706813440461,10523,2788327.0,2913542
2023,ccomp->ccomp,ccomp,ccomp,723,0.0002360726137156556,0.24531292836455335,11046,2947256.0,3062617
2024,ccomp->ccomp,ccomp,ccomp,709,0.00019662220250145595,0.20359142159361257,12862,3482465.0,3605900
2025,ccomp->ccomp,ccomp,ccomp,788,0.00018880822475462718,0.19582324914010482,15004,4024037.0,4173547
2026,ccomp->ccomp,ccomp,ccomp,294,0.00021003120463611736,0.2186579163834278,4849,1344566.0,1399792
2019,ccomp->compound,ccomp,compound,13,5.289971841072969e-05,0.05465147075515721,912,237871.0,245748
2020,ccomp->compound,ccomp,compound,195,5.4618911251831836e-05,0.05714205338650182,14066,3412548.0,3570192
2021,ccomp->compound,ccomp,compound,171,5.064495311195467e-05,0.053153725547732046,12748,3217084.0,3376447
2022,ccomp->compound,ccomp,compound,143,4.9081152768691855e-05,0.05128523304476125,10523,2788327.0,2913542
2023,ccomp->compound,ccomp,compound,188,6.138540992882885e-05,0.06378814734790597,11046,2947256.0,3062617
2024,ccomp->compound,ccomp,compound,217,6.017915083612968e-05,0.06231218404205068,12862,3482465.0,3605900
2025,ccomp->compound,ccomp,compound,260,6.229712999518156e-05,0.06461173194978079,15004,4024037.0,4173547
2026,ccomp->compound,ccomp,compound,82,5.858013190531164e-05,0.060986221576330206,4849,1344566.0,1399792
2019,ccomp->conj,ccomp,conj,188,0.0007650113124013217,0.7903443463053504,912,237871.0,245748
2020,ccomp->conj,ccomp,conj,3442,0.0009640938078400265,1.0086305013145604,14066,3412548.0,3570192
2021,ccomp->conj,ccomp,conj,2973,0.0008805113777885452,0.9241288073298677,12748,3217084.0,3376447
2022,ccomp->conj,ccomp,conj,2546,0.0008738504541894367,0.9130923309927422,10523,2788327.0,2913542
2023,ccomp->conj,ccomp,conj,2503,0.0008172748992120138,0.8492645362330249,11046,2947256.0,3062617
2024,ccomp->conj,ccomp,conj,2699,0.0007484955212290967,0.7750257360806211,12862,3482465.0,3605900
2025,ccomp->conj,ccomp,conj,3115,0.0007463675382115021,0.7740982500906428,15004,4024037.0,4173547
2026,ccomp->conj,ccomp,conj,1124,0.0008029764422142719,0.8359574762414043,4849,1344566.0,1399792
2019,ccomp->csubj,ccomp,csubj,38,0.0001546299461236714,0.15975045297661336,912,237871.0,245748
2020,ccomp->csubj,ccomp,csubj,499,0.00013976839340853377,0.1462250494352021,14066,3412548.0,3570192
2021,ccomp->csubj,ccomp,csubj,473,0.00014008808667809682,0.14702755663203074,12748,3217084.0,3376447
2022,ccomp->csubj,ccomp,csubj,370,0.00012699319247843347,0.13269605752840322,10523,2788327.0,2913542
2023,ccomp->csubj,ccomp,csubj,414,0.00013517850909859118,0.1404696436278355,11046,2947256.0,3062617
2024,ccomp->csubj,ccomp,csubj,529,0.0001467040128678,0.15190389566011434,12862,3482465.0,3605900
2025,ccomp->csubj,ccomp,csubj,628,0.000150471529372977,0.1560621833248551,15004,4024037.0,4173547
2026,ccomp->csubj,ccomp,csubj,265,0.00018931384091350716,0.197089618508872,4849,1344566.0,1399792
2019,ccomp->csubjpass,ccomp,csubjpass,7,2.848446375962368e-05,0.029427715022007726,912,237871.0,245748
2020,ccomp->csubjpass,ccomp,csubjpass,37,1.0363588288809118e-05,0.010842338334874703,14066,3412548.0,3570192
2021,ccomp->csubjpass,ccomp,csubjpass,32,9.47741812621374e-06,0.009946896008932313,12748,3217084.0,3376447
2022,ccomp->csubjpass,ccomp,csubjpass,39,1.338576893691596e-05,0.013986881739480341,10523,2788327.0,2913542
2023,ccomp->csubjpass,ccomp,csubjpass,41,1.3387243654691396e-05,0.013911244900341199,11046,2947256.0,3062617
2024,ccomp->csubjpass,ccomp,csubjpass,48,1.3311517235641587e-05,0.013783340248932867,12862,3482465.0,3605900
2025,ccomp->csubjpass,ccomp,csubjpass,41,9.82377819154786e-06,0.01018877311515774,15004,4024037.0,4173547
2026,ccomp->csubjpass,ccomp,csubjpass,12,8.572702230045608e-06,0.008924812913609298,4849,1344566.0,1399792
2019,ccomp->dative,ccomp,dative,7,2.848446375962368e-05,0.029427715022007726,912,237871.0,245748
2020,ccomp->dative,ccomp,dative,17,4.761648673236621e-06,0.004981614910618107,14066,3412548.0,3570192
2021,ccomp->dative,ccomp,dative,17,5.034878379551049e-06,0.0052842885047452905,12748,3217084.0,3376447
2022,ccomp->dative,ccomp,dative,13,4.461922978971987e-06,0.004662293913160113,10523,2788327.0,2913542
2023,ccomp->dative,ccomp,dative,16,5.224290206708837e-06,0.005428778497694127,11046,2947256.0,3062617
2024,ccomp->dative,ccomp,dative,26,7.21040516930586e-06,0.00746597596817197,12862,3482465.0,3605900
2025,ccomp->dative,ccomp,dative,14,3.3544608458943914e-06,0.0034790932588343497,15004,4024037.0,4173547
2026,ccomp->dative,ccomp,dative,8,5.7151348200304045e-06,0.005949875275739532,4849,1344566.0,1399792
2019,ccomp->dep,ccomp,dep,30,0.00012207627325553006,0.1261187786657474,912,237871.0,245748
2020,ccomp->dep,ccomp,dep,390,0.00010923782250366367,0.11428410677300364,14066,3412548.0,3570192
2021,ccomp->dep,ccomp,dep,317,9.388567331280486e-05,0.09853643858848572,12748,3217084.0,3376447
2022,ccomp->dep,ccomp,dep,282,9.678940615923848e-05,0.10113591411624245,10523,2788327.0,2913542
2023,ccomp->dep,ccomp,dep,274,8.946596978988884e-05,0.0929678317730119,11046,2947256.0,3062617
2024,ccomp->dep,ccomp,dep,302,8.375162927424498e-05,0.08672018239953595,12862,3482465.0,3605900
2025,ccomp->dep,ccomp,dep,375,8.985162980074264e-05,0.09318999800449151,15004,4024037.0,4173547
2026,ccomp->dep,ccomp,dep,147,0.00010501560231805868,0.1093289581917139,4849,1344566.0,1399792
2019,ccomp->det,ccomp,det,4,1.6276836434070675e-05,0.016815837155432986,912,237871.0,245748
2020,ccomp->det,ccomp,det,170,4.761648673236622e-05,0.04981614910618107,14066,3412548.0,3570192
2021,ccomp->det,ccomp,det,135,3.998285771996421e-05,0.041963467537683194,12748,3217084.0,3376447
2022,ccomp->det,ccomp,det,113,3.878440743260265e-05,0.04052609324516099,10523,2788327.0,2913542
2023,ccomp->det,ccomp,det,122,3.983521282615489e-05,0.041394436044917715,11046,2947256.0,3062617
2024,ccomp->det,ccomp,det,149,4.132116808563743e-05,0.04278578535606244,12862,3482465.0,3605900
2025,ccomp->det,ccomp,det,191,4.5764430111844914e-05,0.04746477231695435,15004,4024037.0,4173547
2026,ccomp->det,ccomp,det,42,3.0004457805159622e-05,0.03123684519763254,4849,1344566.0,1399792
2019,ccomp->dobj,ccomp,dobj,557,0.0022665494734443415,2.3416053238940435,912,237871.0,245748
2020,ccomp->dobj,ccomp,dobj,8157,0.0022847510722112424,2.390296048583053,14066,3412548.0,3570192
2021,ccomp->dobj,ccomp,dobj,7598,0.002250294466342875,2.361766121120866,12748,3217084.0,3376447
2022,ccomp->dobj,ccomp,dobj,6317,0.002168151342935849,2.265516203802495,10523,2788327.0,2913542
2023,ccomp->dobj,ccomp,dobj,6573,0.002146203720543574,2.230210066583968,11046,2947256.0,3062617
2024,ccomp->dobj,ccomp,dobj,7798,0.002162566904240273,2.2392184846078855,12862,3482465.0,3605900
2025,ccomp->dobj,ccomp,dobj,9737,0.0023330275183195493,2.41970936151929,15004,4024037.0,4173547
2026,ccomp->dobj,ccomp,dobj,3572,0.0025518076971435756,2.656619310617701,4849,1344566.0,1399792
2019,ccomp->expl,ccomp,expl,36,0.00014649152790663608,0.1513425343988969,912,237871.0,245748
2020,ccomp->expl,ccomp,expl,505,0.0001414489752932055,0.14798326646247906,14066,3412548.0,3570192
2021,ccomp->expl,ccomp,expl,369,0.00010928647776790218,0.11470014460300072,12748,3217084.0,3376447
2022,ccomp->expl,ccomp,expl,334,0.00011463709807512642,0.11978508976888291,10523,2788327.0,2913542
2023,ccomp->expl,ccomp,expl,339,0.0001106896487546435,0.1150222444198943,11046,2947256.0,3062617
2024,ccomp->expl,ccomp,expl,294,8.153304306830472e-05,0.08442295902471382,12862,3482465.0,3605900
2025,ccomp->expl,ccomp,expl,221,5.2952560495904325e-05,0.05491997215731366,15004,4024037.0,4173547
2026,ccomp->expl,ccomp,expl,45,3.214763336267103e-05,0.03346804842603487,4849,1344566.0,1399792
2020,ccomp->intj,ccomp,intj,14,3.921357730900747e-06,0.004102506396979617,14066,3412548.0,3570192
2021,ccomp->intj,ccomp,intj,22,6.5157249617719455e-06,0.006838491006140965,12748,3217084.0,3376447
2022,ccomp->intj,ccomp,intj,15,5.1483726680446e-06,0.005379569899800131,10523,2788327.0,2913542
2023,ccomp->intj,ccomp,intj,14,4.5712539308702325e-06,0.00475018118548236,11046,2947256.0,3062617
2024,ccomp->intj,ccomp,intj,27,7.487728445048393e-06,0.0077531288900247386,12862,3482465.0,3605900
2025,ccomp->intj,ccomp,intj,25,5.990108653382842e-06,0.006212666533632767,15004,4024037.0,4173547
2026,ccomp->intj,ccomp,intj,9,6.429526672534205e-06,0.006693609685206974,4849,1344566.0,1399792
2019,ccomp->mark,ccomp,mark,713,0.002901346094373098,2.99742297295593,912,237871.0,245748
2020,ccomp->mark,ccomp,mark,11967,0.003351920568977803,3.5067638609039347,14066,3412548.0,3570192
2021,ccomp->mark,ccomp,mark,10263,0.0030395856946666125,3.1901560543647602,12748,3217084.0,3376447
2022,ccomp->mark,ccomp,mark,8353,0.0028669571264117698,2.9957031582020326,10523,2788327.0,2913542
2023,ccomp->mark,ccomp,mark,8467,0.002764629073762733,2.872841721248511,11046,2947256.0,3062617
2024,ccomp->mark,ccomp,mark,9202,0.0025519287833827894,2.6423811868891716,12862,3482465.0,3605900
2025,ccomp->mark,ccomp,mark,10063,0.0024111385351596615,2.5007225331178615,15004,4024037.0,4173547
2026,ccomp->mark,ccomp,mark,3533,0.0025239464148959275,2.627613668648471,4849,1344566.0,1399792
2019,ccomp->meta,ccomp,meta,2,8.138418217035338e-06,0.008407918577716493,912,237871.0,245748
2020,ccomp->meta,ccomp,meta,65,1.820630375061061e-05,0.019047351128833937,14066,3412548.0,3570192
2021,ccomp->meta,ccomp,meta,50,1.4808465822208968e-05,0.015542025013956738,12748,3217084.0,3376447
2022,ccomp->meta,ccomp,meta,50,1.7161242226815334e-05,0.01793189966600044,10523,2788327.0,2913542
2023,ccomp->meta,ccomp,meta,46,1.5019834344287908e-05,0.015607738180870615,11046,2947256.0,3062617
2024,ccomp->meta,ccomp,meta,59,1.636207326880945e-05,0.016942022389313315,12862,3482465.0,3605900
2025,ccomp->meta,ccomp,meta,58,1.3897052075848194e-05,0.014413386358028019,15004,4024037.0,4173547
2026,ccomp->meta,ccomp,meta,15,1.0715877787557008e-05,0.011156016142011622,4849,1344566.0,1399792
2019,ccomp->neg,ccomp,neg,47,0.00019125282810033043,0.1975860865763376,912,237871.0,245748
2020,ccomp->neg,ccomp,neg,827,0.0002316402031039227,0.24234091359301027,14066,3412548.0,3570192
2021,ccomp->neg,ccomp,neg,737,0.00021827678621936017,0.22908944870572232,12748,3217084.0,3376447
2022,ccomp->neg,ccomp,neg,566,0.00019426526200754958,0.20298910421912494,10523,2788327.0,2913542
2023,ccomp->neg,ccomp,neg,541,0.00017664631261434256,0.18356057295328265,11046,2947256.0,3062617
2024,ccomp->neg,ccomp,neg,540,0.00014975456890096786,0.15506257780049476,12862,3482465.0,3605900
2025,ccomp->neg,ccomp,neg,577,0.000138251707720076,0.14338834359624428,15004,4024037.0,4173547
2026,ccomp->neg,ccomp,neg,230,0.00016431012607587414,0.17105891417751154,4849,1344566.0,1399792
2019,ccomp->nmod,ccomp,nmod,5,2.034604554258834e-05,0.021019796444291236,912,237871.0,245748
2020,ccomp->nmod,ccomp,nmod,33,9.243200365694618e-06,0.009670193650023385,14066,3412548.0,3570192
2021,ccomp->nmod,ccomp,nmod,40,1.1846772657767174e-05,0.012433620011165391,12748,3217084.0,3376447
2022,ccomp->nmod,ccomp,nmod,42,1.441544347052488e-05,0.015062795719440367,10523,2788327.0,2913542
2023,ccomp->nmod,ccomp,nmod,43,1.404027993053e-05,0.014589842212552964,11046,2947256.0,3062617
2024,ccomp->nmod,ccomp,nmod,45,1.2479547408413988e-05,0.012921881483374564,12862,3482465.0,3605900
2025,ccomp->nmod,ccomp,nmod,49,1.174061296063037e-05,0.012176826405920224,15004,4024037.0,4173547
2026,ccomp->nmod,ccomp,nmod,20,1.4287837050076012e-05,0.01487468818934883,4849,1344566.0,1399792
2019,ccomp->npadvmod,ccomp,npadvmod,42,0.00017090678255774207,0.17656629013204636,912,237871.0,245748
2020,ccomp->npadvmod,ccomp,npadvmod,721,0.0002019499231413885,0.2112790794444503,14066,3412548.0,3570192
2021,ccomp->npadvmod,ccomp,npadvmod,663,0.0001963602568024909,0.20608725168506636,12748,3217084.0,3376447
2022,ccomp->npadvmod,ccomp,npadvmod,518,0.00017779046946980685,0.1857744805397645,10523,2788327.0,2913542
2023,ccomp->npadvmod,ccomp,npadvmod,520,0.0001697894317180372,0.1764353011750591,11046,2947256.0,3062617
2024,ccomp->npadvmod,ccomp,npadvmod,539,0.00014947724562522534,0.154775424878642,12862,3482465.0,3605900
2025,ccomp->npadvmod,ccomp,npadvmod,683,0.00016364976841041926,0.16973004969884722,15004,4024037.0,4173547
2026,ccomp->npadvmod,ccomp,npadvmod,258,0.00018431309794598056,0.19188347764259994,4849,1344566.0,1399792
2019,ccomp->nsubj,ccomp,nsubj,1177,0.0047894591207252955,4.9480600829861565,912,237871.0,245748
2020,ccomp->nsubj,ccomp,nsubj,18339,0.0051366985304992,5.373990343872086,14066,3412548.0,3570192
2021,ccomp->nsubj,ccomp,nsubj,16150,0.0047831344605734965,5.020074079508026,12748,3217084.0,3376447
2022,ccomp->nsubj,ccomp,nsubj,13222,0.004538118894459047,4.741911547677156,10523,2788327.0,2913542
2023,ccomp->nsubj,ccomp,nsubj,13313,0.004346935970119672,4.517083008737619,11046,2947256.0,3062617
2024,ccomp->nsubj,ccomp,nsubj,14958,0.00414820155855681,4.295233405073706,12862,3482465.0,3605900
2025,ccomp->nsubj,ccomp,nsubj,17646,0.004228058291903745,4.3851485460993525,15004,4024037.0,4173547
2026,ccomp->nsubj,ccomp,nsubj,6266,0.004476379347788814,4.660239809722988,4849,1344566.0,1399792
2019,ccomp->nsubjpass,ccomp,nsubjpass,329,0.001338769796702313,1.3831026060343632,912,237871.0,245748
2020,ccomp->nsubjpass,ccomp,nsubjpass,4931,0.001381158212219399,1.4449613602504638,14066,3412548.0,3570192
2021,ccomp->nsubjpass,ccomp,nsubjpass,4359,0.0012910020503801778,1.3549537407167485,12748,3217084.0,3376447
2022,ccomp->nsubjpass,ccomp,nsubjpass,3895,0.0013368607694689144,1.396894983981434,10523,2788327.0,2913542
2023,ccomp->nsubjpass,ccomp,nsubjpass,3828,0.0012499114319550894,1.2988352555733198,11046,2947256.0,3062617
2024,ccomp->nsubjpass,ccomp,nsubjpass,4012,0.0011126209822790428,1.1520575224733054,12862,3482465.0,3605900
2025,ccomp->nsubjpass,ccomp,nsubjpass,4285,0.0010267046231898192,1.0648510438646563,15004,4024037.0,4173547
2026,ccomp->nsubjpass,ccomp,nsubjpass,1535,0.0010965914935933338,1.1416323185325228,4849,1344566.0,1399792
2019,ccomp->nummod,ccomp,nummod,1,4.069209108517669e-06,0.0042039592888582465,912,237871.0,245748
2020,ccomp->nummod,ccomp,nummod,37,1.0363588288809118e-05,0.010842338334874703,14066,3412548.0,3570192
2021,ccomp->nummod,ccomp,nummod,14,4.146370430218511e-06,0.0043517670039078865,12748,3217084.0,3376447
2022,ccomp->nummod,ccomp,nummod,20,6.864496890726133e-06,0.007172759866400175,10523,2788327.0,2913542
2023,ccomp->nummod,ccomp,nummod,28,9.142507861740465e-06,0.00950036237096472,11046,2947256.0,3062617
2024,ccomp->nummod,ccomp,nummod,21,5.823788790593194e-06,0.0060302113589081295,12862,3482465.0,3605900
2025,ccomp->nummod,ccomp,nummod,25,5.990108653382842e-06,0.006212666533632767,15004,4024037.0,4173547
2026,ccomp->nummod,ccomp,nummod,8,5.7151348200304045e-06,0.005949875275739532,4849,1344566.0,1399792
2019,ccomp->oprd,ccomp,oprd,13,5.289971841072969e-05,0.05465147075515721,912,237871.0,245748
2020,ccomp->oprd,ccomp,oprd,114,3.1931055808763226e-05,0.0334061235182626,14066,3412548.0,3570192
2021,ccomp->oprd,ccomp,oprd,101,2.9913100960862114e-05,0.031394890528192616,12748,3217084.0,3376447
2022,ccomp->oprd,ccomp,oprd,84,2.883088694104976e-05,0.030125591438880734,10523,2788327.0,2913542
2023,ccomp->oprd,ccomp,oprd,82,2.6774487309382792e-05,0.027822489800682398,11046,2947256.0,3062617
2024,ccomp->oprd,ccomp,oprd,86,2.3849801713857842e-05,0.024695151279338055,12862,3482465.0,3605900
2025,ccomp->oprd,ccomp,oprd,87,2.084557811377229e-05,0.02162007953704203,15004,4024037.0,4173547
2026,ccomp->oprd,ccomp,oprd,26,1.8574188165098813e-05,0.01933709464615348,4849,1344566.0,1399792
2019,ccomp->parataxis,ccomp,parataxis,5,2.034604554258834e-05,0.021019796444291236,912,237871.0,245748
2020,ccomp->parataxis,ccomp,parataxis,50,1.400484903893124e-05,0.014651808560641492,14066,3412548.0,3570192
2021,ccomp->parataxis,ccomp,parataxis,34,1.0069756759102097e-05,0.010568577009490581,12748,3217084.0,3376447
2022,ccomp->parataxis,ccomp,parataxis,40,1.3728993781452266e-05,0.01434551973280035,10523,2788327.0,2913542
2023,ccomp->parataxis,ccomp,parataxis,33,1.0775098551336977e-05,0.011196855651494135,11046,2947256.0,3062617
2024,ccomp->parataxis,ccomp,parataxis,34,9.428991375246124e-06,0.009763199342994116,12862,3482465.0,3605900
2025,ccomp->parataxis,ccomp,parataxis,50,1.1980217306765685e-05,0.012425333067265534,15004,4024037.0,4173547
2026,ccomp->parataxis,ccomp,parataxis,23,1.6431012607587414e-05,0.017105891417751155,4849,1344566.0,1399792
2022,ccomp->pcomp,ccomp,pcomp,2,6.864496890726133e-07,0.0007172759866400175,10523,2788327.0,2913542
2023,ccomp->pcomp,ccomp,pcomp,1,3.2651813791930233e-07,0.0003392986561058829,11046,2947256.0,3062617
2024,ccomp->pcomp,ccomp,pcomp,1,2.773232757425331e-07,0.0002871529218527681,12862,3482465.0,3605900
2025,ccomp->pcomp,ccomp,pcomp,1,2.3960434613531366e-07,0.00024850666134531066,15004,4024037.0,4173547
2019,ccomp->pobj,ccomp,pobj,1,4.069209108517669e-06,0.0042039592888582465,912,237871.0,245748
2020,ccomp->pobj,ccomp,pobj,11,3.0810667885648726e-06,0.003223397883341128,14066,3412548.0,3570192
2021,ccomp->pobj,ccomp,pobj,5,1.4808465822208967e-06,0.0015542025013956739,12748,3217084.0,3376447
2022,ccomp->pobj,ccomp,pobj,6,2.05934906721784e-06,0.0021518279599200526,10523,2788327.0,2913542
2023,ccomp->pobj,ccomp,pobj,7,2.2856269654351162e-06,0.00237509059274118,11046,2947256.0,3062617
2024,ccomp->pobj,ccomp,pobj,7,1.9412629301977313e-06,0.0020100704529693765,12862,3482465.0,3605900
2025,ccomp->pobj,ccomp,pobj,16,3.833669538165019e-06,0.003976106581524971,15004,4024037.0,4173547
2026,ccomp->pobj,ccomp,pobj,4,2.8575674100152022e-06,0.002974937637869766,4849,1344566.0,1399792
2020,ccomp->poss,ccomp,poss,2,5.601939615572496e-07,0.0005860723424256596,14066,3412548.0,3570192
2021,ccomp->poss,ccomp,poss,4,1.1846772657767174e-06,0.0012433620011165392,12748,3217084.0,3376447
2022,ccomp->poss,ccomp,poss,2,6.864496890726133e-07,0.0007172759866400175,10523,2788327.0,2913542
2023,ccomp->poss,ccomp,poss,4,1.3060725516772093e-06,0.0013571946244235317,11046,2947256.0,3062617
2024,ccomp->poss,ccomp,poss,1,2.773232757425331e-07,0.0002871529218527681,12862,3482465.0,3605900
2025,ccomp->poss,ccomp,poss,3,7.18813038405941e-07,0.0007455199840359321,15004,4024037.0,4173547
2026,ccomp->poss,ccomp,poss,4,2.8575674100152022e-06,0.002974937637869766,4849,1344566.0,1399792
2019,ccomp->preconj,ccomp,preconj,1,4.069209108517669e-06,0.0042039592888582465,912,237871.0,245748
2020,ccomp->preconj,ccomp,preconj,43,1.2044170173480866e-05,0.012600555362151683,14066,3412548.0,3570192
2021,ccomp->preconj,ccomp,preconj,37,1.0958264708434636e-05,0.011501098510327986,12748,3217084.0,3376447
2022,ccomp->preconj,ccomp,preconj,28,9.610295647016586e-06,0.010041863812960244,10523,2788327.0,2913542
2023,ccomp->preconj,ccomp,preconj,25,8.162953447982559e-06,0.008482466402647071,11046,2947256.0,3062617
2024,ccomp->preconj,ccomp,preconj,27,7.487728445048393e-06,0.0077531288900247386,12862,3482465.0,3605900
2025,ccomp->preconj,ccomp,preconj,32,7.667339076330037e-06,0.007952213163049941,15004,4024037.0,4173547
2026,ccomp->preconj,ccomp,preconj,11,7.858310377541807e-06,0.008181078504141856,4849,1344566.0,1399792
2020,ccomp->predet,ccomp,predet,3,8.402909423358744e-07,0.0008791085136384895,14066,3412548.0,3570192
2021,ccomp->predet,ccomp,predet,1,2.9616931644417936e-07,0.0003108405002791348,12748,3217084.0,3376447
2019,ccomp->prep,ccomp,prep,707,0.002876930839721992,2.9721992172227805,912,237871.0,245748
2020,ccomp->prep,ccomp,prep,12646,0.003542106418926489,3.705735421157446,14066,3412548.0,3570192
2021,ccomp->prep,ccomp,prep,11282,0.003341382228123231,3.5069025241491985,12748,3217084.0,3376447
2022,ccomp->prep,ccomp,prep,9198,0.003156982120044949,3.2987522625574406,10523,2788327.0,2913542
2023,ccomp->prep,ccomp,prep,9148,0.002986987925685778,3.103904106056617,11046,2947256.0,3062617
2024,ccomp->prep,ccomp,prep,10055,0.00278848553759117,2.8873226292295833,12862,3482465.0,3605900
2025,ccomp->prep,ccomp,prep,11444,0.0027420321371725296,2.8439102324357353,15004,4024037.0,4173547
2026,ccomp->prep,ccomp,prep,4008,0.0028632825448352325,2.9808875131455057,4849,1344566.0,1399792
2019,ccomp->prt,ccomp,prt,6,2.441525465110601e-05,0.02522375573314948,912,237871.0,245748
2020,ccomp->prt,ccomp,prt,121,3.38917346742136e-05,0.035457376716752406,14066,3412548.0,3570192
2021,ccomp->prt,ccomp,prt,65,1.9251005568871657e-05,0.02020463251814376,12748,3217084.0,3376447
2022,ccomp->prt,ccomp,prt,55,1.8877366449496868e-05,0.01972508963260048,10523,2788327.0,2913542
2023,ccomp->prt,ccomp,prt,45,1.4693316206368606e-05,0.015268439524764732,11046,2947256.0,3062617
2024,ccomp->prt,ccomp,prt,50,1.3866163787126654e-05,0.014357646092638406,12862,3482465.0,3605900
2025,ccomp->prt,ccomp,prt,46,1.1021799922224429e-05,0.011431306421884292,15004,4024037.0,4173547
2026,ccomp->prt,ccomp,prt,14,1.0001485935053207e-05,0.01041228173254418,4849,1344566.0,1399792
2019,ccomp->quantmod,ccomp,quantmod,1,4.069209108517669e-06,0.0042039592888582465,912,237871.0,245748
2020,ccomp->quantmod,ccomp,quantmod,5,1.400484903893124e-06,0.0014651808560641492,14066,3412548.0,3570192
2025,ccomp->quantmod,ccomp,quantmod,3,7.18813038405941e-07,0.0007455199840359321,15004,4024037.0,4173547
2019,ccomp->relcl,ccomp,relcl,1,4.069209108517669e-06,0.0042039592888582465,912,237871.0,245748
2020,ccomp->relcl,ccomp,relcl,15,4.201454711679372e-06,0.004395542568192448,14066,3412548.0,3570192
2021,ccomp->relcl,ccomp,relcl,19,5.627217012439407e-06,0.00590596950530356,12748,3217084.0,3376447
2022,ccomp->relcl,ccomp,relcl,17,5.834822357117213e-06,0.006096845886440149,10523,2788327.0,2913542
2023,ccomp->relcl,ccomp,relcl,14,4.5712539308702325e-06,0.00475018118548236,11046,2947256.0,3062617
2024,ccomp->relcl,ccomp,relcl,9,2.4959094816827976e-06,0.0025843762966749127,12862,3482465.0,3605900
2025,ccomp->relcl,ccomp,relcl,8,1.9168347690825093e-06,0.0019880532907624853,15004,4024037.0,4173547
2026,ccomp->relcl,ccomp,relcl,8,5.7151348200304045e-06,0.005949875275739532,4849,1344566.0,1399792
2019,ccomp->xcomp,ccomp,xcomp,92,0.0003743672379836255,0.3867642545749587,912,237871.0,245748
2020,ccomp->xcomp,ccomp,xcomp,1363,0.0003817721848012656,0.3994083013630871,14066,3412548.0,3570192
2021,ccomp->xcomp,ccomp,xcomp,1198,0.00035481084110012683,0.3723869193344035,12748,3217084.0,3376447
2022,ccomp->xcomp,ccomp,xcomp,993,0.0003408222706245525,0.35612752736676867,10523,2788327.0,2913542
2023,ccomp->xcomp,ccomp,xcomp,945,0.0003085596403337407,0.32063723002005934,11046,2947256.0,3062617
2024,ccomp->xcomp,ccomp,xcomp,1028,0.000285088327463324,0.29519320366464563,12862,3482465.0,3605900
2025,ccomp->xcomp,ccomp,xcomp,1068,0.000255897441672515,0.26540511431679187,15004,4024037.0,4173547
2026,ccomp->xcomp,ccomp,xcomp,354,0.0002528947157863454,0.2632819809514743,4849,1344566.0,1399792
2019,compound->acl,compound,acl,1,4.069209108517669e-06,0.0042039592888582465,912,237871.0,245748
2020,compound->acl,compound,acl,22,6.162133577129745e-06,0.006446795766682256,14066,3412548.0,3570192
2021,compound->acl,compound,acl,11,3.2578624808859728e-06,0.0034192455030704824,12748,3217084.0,3376447
2022,compound->acl,compound,acl,11,3.7754732898993733e-06,0.003945017926520096,10523,2788327.0,2913542
2023,compound->acl,compound,acl,8,2.6121451033544187e-06,0.0027143892488470634,11046,2947256.0,3062617
2024,compound->acl,compound,acl,10,2.7732327574253305e-06,0.0028715292185276806,12862,3482465.0,3605900
2025,compound->acl,compound,acl,17,4.073273884300333e-06,0.004224613242870282,15004,4024037.0,4173547
2026,compound->acl,compound,acl,7,5.000742967526604e-06,0.00520614086627209,4849,1344566.0,1399792
2024,compound->acomp,compound,acomp,2,5.546465514850662e-07,0.0005743058437055362,12862,3482465.0,3605900
2020,compound->advcl,compound,advcl,3,8.402909423358744e-07,0.0008791085136384895,14066,3412548.0,3570192
2021,compound->advcl,compound,advcl,5,1.4808465822208967e-06,0.0015542025013956739,12748,3217084.0,3376447
2022,compound->advcl,compound,advcl,3,1.02967453360892e-06,0.0010759139799600263,10523,2788327.0,2913542
2023,compound->advcl,compound,advcl,2,6.530362758386047e-07,0.0006785973122117658,11046,2947256.0,3062617
2024,compound->advcl,compound,advcl,5,1.3866163787126653e-06,0.0014357646092638403,12862,3482465.0,3605900
2026,compound->advcl,compound,advcl,1,7.143918525038006e-07,0.0007437344094674415,4849,1344566.0,1399792
2019,compound->advmod,compound,advmod,16,6.51073457362827e-05,0.06726334862173194,912,237871.0,245748
2020,compound->advmod,compound,advmod,243,6.806356632920582e-05,0.07120778960471766,14066,3412548.0,3570192
2021,compound->advmod,compound,advmod,230,6.811894278216125e-05,0.071493315064201,12748,3217084.0,3376447
2022,compound->advmod,compound,advmod,220,7.550946579798747e-05,0.07890035853040192,10523,2788327.0,2913542
2023,compound->advmod,compound,advmod,239,7.803783496271327e-05,0.08109237880930602,11046,2947256.0,3062617
2024,compound->advmod,compound,advmod,288,7.986910341384952e-05,0.0827000414935972,12862,3482465.0,3605900
2025,compound->advmod,compound,advmod,353,8.458033418576572e-05,0.08772285145489468,15004,4024037.0,4173547
2026,compound->advmod,compound,advmod,128,9.144215712048647e-05,0.09519800441183252,4849,1344566.0,1399792
2019,compound->amod,compound,amod,1783,0.007255399840487003,7.495659412034254,912,237871.0,245748
2020,compound->amod,compound,amod,24438,0.006845010016268032,7.161217952099135,14066,3412548.0,3570192
2021,compound->amod,compound,amod,24611,0.007289023047007698,7.650095552369786,12748,3217084.0,3376447
2022,compound->amod,compound,amod,21827,0.007491568681693966,7.827991480195831,10523,2788327.0,2913542
2023,compound->amod,compound,amod,23661,0.007725745661308613,8.028145502121294,11046,2947256.0,3062617
2024,compound->amod,compound,amod,28505,0.007905099975040904,8.185294037413154,12862,3482465.0,3605900
2025,compound->amod,compound,amod,36440,0.00873118237317083,9.055582739423121,15004,4024037.0,4173547
2026,compound->amod,compound,amod,13822,0.009874324185307532,10.279897007658978,4849,1344566.0,1399792
2019,compound->appos,compound,appos,1,4.069209108517669e-06,0.0042039592888582465,912,237871.0,245748
2020,compound->appos,compound,appos,55,1.5405333942824364e-05,0.01611698941670564,14066,3412548.0,3570192
2021,compound->appos,compound,appos,47,1.3919957872876429e-05,0.014609503513119333,12748,3217084.0,3376447
2022,compound->appos,compound,appos,47,1.6131567693206414e-05,0.016855985686040412,10523,2788327.0,2913542
2023,compound->appos,compound,appos,44,1.4366798068449304e-05,0.014929140868658847,11046,2947256.0,3062617
2024,compound->appos,compound,appos,42,1.1647577581186389e-05,0.012060422717816259,12862,3482465.0,3605900
2025,compound->appos,compound,appos,80,1.9168347690825096e-05,0.019880532907624853,15004,4024037.0,4173547
2026,compound->appos,compound,appos,13,9.287094082549407e-06,0.00966854732307674,4849,1344566.0,1399792
2023,compound->attr,compound,attr,1,3.2651813791930233e-07,0.0003392986561058829,11046,2947256.0,3062617
2019,compound->aux,compound,aux,8,3.255367286814135e-05,0.03363167431086597,912,237871.0,245748
2020,compound->aux,compound,aux,58,1.624562488516024e-05,0.01699609793034413,14066,3412548.0,3570192
2021,compound->aux,compound,aux,72,2.1324190783980913e-05,0.022380516020097704,12748,3217084.0,3376447
2022,compound->aux,compound,aux,42,1.441544347052488e-05,0.015062795719440367,10523,2788327.0,2913542
2023,compound->aux,compound,aux,48,1.5672870620126514e-05,0.016286335493082376,11046,2947256.0,3062617
2024,compound->aux,compound,aux,60,1.6639396544551984e-05,0.017229175311166085,12862,3482465.0,3605900
2025,compound->aux,compound,aux,82,1.964755638309572e-05,0.02037754623031548,15004,4024037.0,4173547
2026,compound->aux,compound,aux,32,2.2860539280121618e-05,0.02379950110295813,4849,1344566.0,1399792
2020,compound->auxpass,compound,auxpass,3,8.402909423358744e-07,0.0008791085136384895,14066,3412548.0,3570192
2023,compound->auxpass,compound,auxpass,1,3.2651813791930233e-07,0.0003392986561058829,11046,2947256.0,3062617
2024,compound->auxpass,compound,auxpass,1,2.773232757425331e-07,0.0002871529218527681,12862,3482465.0,3605900
2025,compound->auxpass,compound,auxpass,1,2.3960434613531366e-07,0.00024850666134531066,15004,4024037.0,4173547
2026,compound->auxpass,compound,auxpass,1,7.143918525038006e-07,0.0007437344094674415,4849,1344566.0,1399792
2022,compound->case,compound,case,2,6.864496890726133e-07,0.0007172759866400175,10523,2788327.0,2913542
2023,compound->case,compound,case,1,3.2651813791930233e-07,0.0003392986561058829,11046,2947256.0,3062617
2024,compound->case,compound,case,1,2.773232757425331e-07,0.0002871529218527681,12862,3482465.0,3605900
2025,compound->case,compound,case,1,2.3960434613531366e-07,0.00024850666134531066,15004,4024037.0,4173547
2020,compound->cc,compound,cc,23,6.4422305579083705e-06,0.006739831937895086,14066,3412548.0,3570192
2021,compound->cc,compound,cc,8,2.369354531553435e-06,0.0024867240022330784,12748,3217084.0,3376447
2022,compound->cc,compound,cc,17,5.834822357117213e-06,0.006096845886440149,10523,2788327.0,2913542
2023,compound->cc,compound,cc,17,5.55080834462814e-06,0.005768077153800009,11046,2947256.0,3062617
2024,compound->cc,compound,cc,20,5.546465514850661e-06,0.005743058437055361,12862,3482465.0,3605900
2025,compound->cc,compound,cc,20,4.792086922706274e-06,0.004970133226906213,15004,4024037.0,4173547
2026,compound->cc,compound,cc,12,8.572702230045608e-06,0.008924812913609298,4849,1344566.0,1399792
2020,compound->ccomp,compound,ccomp,2,5.601939615572496e-07,0.0005860723424256596,14066,3412548.0,3570192
2021,compound->ccomp,compound,ccomp,1,2.9616931644417936e-07,0.0003108405002791348,12748,3217084.0,3376447
2022,compound->ccomp,compound,ccomp,1,3.4322484453630666e-07,0.00035863799332000874,10523,2788327.0,2913542
2023,compound->ccomp,compound,ccomp,2,6.530362758386047e-07,0.0006785973122117658,11046,2947256.0,3062617
2024,compound->ccomp,compound,ccomp,3,8.319698272275992e-07,0.0008614587655583042,12862,3482465.0,3605900
2025,compound->ccomp,compound,ccomp,3,7.18813038405941e-07,0.0007455199840359321,15004,4024037.0,4173547
2026,compound->ccomp,compound,ccomp,3,2.143175557511402e-06,0.0022312032284023246,4849,1344566.0,1399792
2019,compound->compound,compound,compound,2262,0.009204551003466966,9.509355911397353,912,237871.0,245748
2020,compound->compound,compound,compound,27764,0.007776612574337738,8.135856257553007,14066,3412548.0,3570192
2021,compound->compound,compound,compound,29120,0.008624450494854502,9.051675368128405,12748,3217084.0,3376447
2022,compound->compound,compound,compound,26239,0.00900587669578815,9.41030230672371,10523,2788327.0,2913542
2023,compound->compound,compound,compound,28123,0.00918266959270454,9.542096105665745,11046,2947256.0,3062617
2024,compound->compound,compound,compound,33543,0.009302254638231786,9.6319704577074,12862,3482465.0,3605900
2025,compound->compound,compound,compound,40910,0.009802213800395683,10.16640751563666,15004,4024037.0,4173547
2026,compound->compound,compound,compound,15016,0.01072730805719707,11.167915892563101,4849,1344566.0,1399792
2020,compound->conj,compound,conj,37,1.0363588288809118e-05,0.010842338334874703,14066,3412548.0,3570192
2021,compound->conj,compound,conj,15,4.44253974666269e-06,0.004662607504187022,12748,3217084.0,3376447
2022,compound->conj,compound,conj,25,8.580621113407667e-06,0.00896594983300022,10523,2788327.0,2913542
2023,compound->conj,compound,conj,27,8.815989723821163e-06,0.009161063714858838,11046,2947256.0,3062617
2024,compound->conj,compound,conj,30,8.319698272275992e-06,0.008614587655583043,12862,3482465.0,3605900
2025,compound->conj,compound,conj,35,8.38615211473598e-06,0.008697733147085874,15004,4024037.0,4173547
2026,compound->conj,compound,conj,22,1.5716620755083614e-05,0.016362157008283713,4849,1344566.0,1399792
2019,compound->csubj,compound,csubj,1,4.069209108517669e-06,0.0042039592888582465,912,237871.0,245748
2020,compound->csubj,compound,csubj,1,2.800969807786248e-07,0.0002930361712128298,14066,3412548.0,3570192
2021,compound->csubj,compound,csubj,1,2.9616931644417936e-07,0.0003108405002791348,12748,3217084.0,3376447
2023,compound->csubj,compound,csubj,2,6.530362758386047e-07,0.0006785973122117658,11046,2947256.0,3062617
2024,compound->csubj,compound,csubj,2,5.546465514850662e-07,0.0005743058437055362,12862,3482465.0,3605900
2025,compound->csubj,compound,csubj,2,4.792086922706273e-07,0.0004970133226906213,15004,4024037.0,4173547
2026,compound->csubj,compound,csubj,1,7.143918525038006e-07,0.0007437344094674415,4849,1344566.0,1399792
2020,compound->dative,compound,dative,1,2.800969807786248e-07,0.0002930361712128298,14066,3412548.0,3570192
2020,compound->dep,compound,dep,21,5.8820365963511205e-06,0.006153759595469426,14066,3412548.0,3570192
2021,compound->dep,compound,dep,6,1.777015898665076e-06,0.0018650430016748086,12748,3217084.0,3376447
2022,compound->dep,compound,dep,12,4.11869813443568e-06,0.004303655919840105,10523,2788327.0,2913542
2023,compound->dep,compound,dep,17,5.55080834462814e-06,0.005768077153800009,11046,2947256.0,3062617
2024,compound->dep,compound,dep,17,4.714495687623062e-06,0.004881599671497058,12862,3482465.0,3605900
2025,compound->dep,compound,dep,22,5.271295614976901e-06,0.005467146549596835,15004,4024037.0,4173547
2026,compound->dep,compound,dep,11,7.858310377541807e-06,0.008181078504141856,4849,1344566.0,1399792
2019,compound->det,compound,det,65,0.00026449859205364846,0.273257353775786,912,237871.0,245748
2020,compound->det,compound,det,1034,0.000289620278125098,0.3029994010340661,14066,3412548.0,3570192
2021,compound->det,compound,det,1115,0.00033022878783526,0.3465871578112352,12748,3217084.0,3376447
2022,compound->det,compound,det,874,0.00029997851412473205,0.3134496061616876,10523,2788327.0,2913542
2023,compound->det,compound,det,1117,0.0003647207600558607,0.37899659887027115,11046,2947256.0,3062617
2024,compound->det,compound,det,1107,0.0003069968662469841,0.31787828449101424,12862,3482465.0,3605900
2025,compound->det,compound,det,1347,0.0003227470542442675,0.3347384728321335,15004,4024037.0,4173547
2026,compound->det,compound,det,462,0.00033004903585675583,0.343605297173958,4849,1344566.0,1399792
2020,compound->dobj,compound,dobj,33,9.243200365694618e-06,0.009670193650023385,14066,3412548.0,3570192
2021,compound->dobj,compound,dobj,31,9.18124880976956e-06,0.009636055508653178,12748,3217084.0,3376447
2022,compound->dobj,compound,dobj,15,5.1483726680446e-06,0.005379569899800131,10523,2788327.0,2913542
2023,compound->dobj,compound,dobj,26,8.489471585901861e-06,0.008821765058752954,11046,2947256.0,3062617
2024,compound->dobj,compound,dobj,34,9.428991375246124e-06,0.009763199342994116,12862,3482465.0,3605900
2025,compound->dobj,compound,dobj,30,7.18813038405941e-06,0.007455199840359321,15004,4024037.0,4173547
2026,compound->dobj,compound,dobj,14,1.0001485935053207e-05,0.01041228173254418,4849,1344566.0,1399792
2020,compound->intj,compound,intj,1,2.800969807786248e-07,0.0002930361712128298,14066,3412548.0,3570192
2021,compound->intj,compound,intj,3,8.88507949332538e-07,0.0009325215008374043,12748,3217084.0,3376447
2022,compound->intj,compound,intj,1,3.4322484453630666e-07,0.00035863799332000874,10523,2788327.0,2913542
2023,compound->intj,compound,intj,5,1.6325906895965118e-06,0.0016964932805294145,11046,2947256.0,3062617
2024,compound->intj,compound,intj,1,2.773232757425331e-07,0.0002871529218527681,12862,3482465.0,3605900
2025,compound->intj,compound,intj,2,4.792086922706273e-07,0.0004970133226906213,15004,4024037.0,4173547
2026,compound->intj,compound,intj,1,7.143918525038006e-07,0.0007437344094674415,4849,1344566.0,1399792
2020,compound->mark,compound,mark,1,2.800969807786248e-07,0.0002930361712128298,14066,3412548.0,3570192
2021,compound->mark,compound,mark,3,8.88507949332538e-07,0.0009325215008374043,12748,3217084.0,3376447
2022,compound->mark,compound,mark,2,6.864496890726133e-07,0.0007172759866400175,10523,2788327.0,2913542
2023,compound->mark,compound,mark,1,3.2651813791930233e-07,0.0003392986561058829,11046,2947256.0,3062617
2025,compound->mark,compound,mark,6,1.437626076811882e-06,0.0014910399680718642,15004,4024037.0,4173547
2026,compound->mark,compound,mark,1,7.143918525038006e-07,0.0007437344094674415,4849,1344566.0,1399792
2019,compound->meta,compound,meta,1,4.069209108517669e-06,0.0042039592888582465,912,237871.0,245748
2020,compound->meta,compound,meta,16,4.481551692457997e-06,0.004688578739405277,14066,3412548.0,3570192
2021,compound->meta,compound,meta,22,6.5157249617719455e-06,0.006838491006140965,12748,3217084.0,3376447
2022,compound->meta,compound,meta,13,4.461922978971987e-06,0.004662293913160113,10523,2788327.0,2913542
2023,compound->meta,compound,meta,15,4.897772068789535e-06,0.005089479841588244,11046,2947256.0,3062617
2024,compound->meta,compound,meta,10,2.7732327574253305e-06,0.0028715292185276806,12862,3482465.0,3605900
2025,compound->meta,compound,meta,19,4.55248257657096e-06,0.004721626565560903,15004,4024037.0,4173547
2026,compound->meta,compound,meta,5,3.571959262519003e-06,0.0037186720473372076,4849,1344566.0,1399792
2019,compound->neg,compound,neg,1,4.069209108517669e-06,0.0042039592888582465,912,237871.0,245748
2020,compound->neg,compound,neg,16,4.481551692457997e-06,0.004688578739405277,14066,3412548.0,3570192
2021,compound->neg,compound,neg,15,4.44253974666269e-06,0.004662607504187022,12748,3217084.0,3376447
2022,compound->neg,compound,neg,12,4.11869813443568e-06,0.004303655919840105,10523,2788327.0,2913542
2023,compound->neg,compound,neg,14,4.5712539308702325e-06,0.00475018118548236,11046,2947256.0,3062617
2024,compound->neg,compound,neg,17,4.714495687623062e-06,0.004881599671497058,12862,3482465.0,3605900
2025,compound->neg,compound,neg,16,3.833669538165019e-06,0.003976106581524971,15004,4024037.0,4173547
2026,compound->neg,compound,neg,5,3.571959262519003e-06,0.0037186720473372076,4849,1344566.0,1399792
2019,compound->nmod,compound,nmod,161,0.0006551426664713446,0.6768374455061777,912,237871.0,245748
2020,compound->nmod,compound,nmod,1537,0.0004305090594567463,0.45039659515411945,14066,3412548.0,3570192
2021,compound->nmod,compound,nmod,1849,0.0005476170661052876,0.5747440850161202,12748,3217084.0,3376447
2022,compound->nmod,compound,nmod,1619,0.0005556810233042805,0.5806349111850941,10523,2788327.0,2913542
2023,compound->nmod,compound,nmod,1634,0.0005335306373601401,0.5544140040770127,11046,2947256.0,3062617
2024,compound->nmod,compound,nmod,1908,0.0005291328101167531,0.5478877748950816,12862,3482465.0,3605900
2025,compound->nmod,compound,nmod,2376,0.0005692999264175053,0.5904518273564582,15004,4024037.0,4173547
2026,compound->nmod,compound,nmod,782,0.0005586544286579721,0.5816003082035393,4849,1344566.0,1399792
2019,compound->npadvmod,compound,npadvmod,17,6.917655484480037e-05,0.0714673079105902,912,237871.0,245748
2020,compound->npadvmod,compound,npadvmod,235,6.582279048297683e-05,0.06886350023501502,14066,3412548.0,3570192
2021,compound->npadvmod,compound,npadvmod,216,6.397257235194274e-05,0.06714154806029311,12748,3217084.0,3376447
2022,compound->npadvmod,compound,npadvmod,220,7.550946579798747e-05,0.07890035853040192,10523,2788327.0,2913542
2023,compound->npadvmod,compound,npadvmod,236,7.705828054895536e-05,0.08007448284098836,11046,2947256.0,3062617
2024,compound->npadvmod,compound,npadvmod,263,7.29360215202862e-05,0.07552121844727801,12862,3482465.0,3605900
2025,compound->npadvmod,compound,npadvmod,314,7.52357646864885e-05,0.07803109166242755,15004,4024037.0,4173547
2026,compound->npadvmod,compound,npadvmod,132,9.429972453050167e-05,0.09817294204970228,4849,1344566.0,1399792
2019,compound->nsubj,compound,nsubj,17,6.917655484480037e-05,0.0714673079105902,912,237871.0,245748
2020,compound->nsubj,compound,nsubj,153,4.2854838059129594e-05,0.044834534195562964,14066,3412548.0,3570192
2021,compound->nsubj,compound,nsubj,185,5.479132354217318e-05,0.057505492551639927,12748,3217084.0,3376447
2022,compound->nsubj,compound,nsubj,153,5.251340121405492e-05,0.05487161297796134,10523,2788327.0,2913542
2023,compound->nsubj,compound,nsubj,192,6.269148248050605e-05,0.0651453419723295,11046,2947256.0,3062617
2024,compound->nsubj,compound,nsubj,198,5.491000859702155e-05,0.05685627852684808,12862,3482465.0,3605900
2025,compound->nsubj,compound,nsubj,285,6.82872386485644e-05,0.07082439848341354,15004,4024037.0,4173547
2026,compound->nsubj,compound,nsubj,92,6.572405043034966e-05,0.06842356567100462,4849,1344566.0,1399792
2020,compound->nsubjpass,compound,nsubjpass,1,2.800969807786248e-07,0.0002930361712128298,14066,3412548.0,3570192
2024,compound->nsubjpass,compound,nsubjpass,1,2.773232757425331e-07,0.0002871529218527681,12862,3482465.0,3605900
2026,compound->nsubjpass,compound,nsubjpass,1,7.143918525038006e-07,0.0007437344094674415,4849,1344566.0,1399792
2019,compound->nummod,compound,nummod,678,0.002758923775574979,2.8502843978458916,912,237871.0,245748
2020,compound->nummod,compound,nummod,10143,0.002841023676037591,2.972265884611733,14066,3412548.0,3570192
2021,compound->nummod,compound,nummod,9967,0.0029519195769991354,3.0981472662821363,12748,3217084.0,3376447
2022,compound->nummod,compound,nummod,9062,0.003110303541188011,3.249977495465919,10523,2788327.0,2913542
2023,compound->nummod,compound,nummod,9599,0.0031342476058873834,3.2569277999603696,11046,2947256.0,3062617
2024,compound->nummod,compound,nummod,11123,0.0030846667960841953,3.194001949768339,12862,3482465.0,3605900
2025,compound->nummod,compound,nummod,13919,0.003335052893857431,3.4589642192653796,15004,4024037.0,4173547
2026,compound->nummod,compound,nummod,5248,0.003749128441939945,3.903118180885133,4849,1344566.0,1399792
2023,compound->parataxis,compound,parataxis,2,6.530362758386047e-07,0.0006785973122117658,11046,2947256.0,3062617
2022,compound->pobj,compound,pobj,3,1.02967453360892e-06,0.0010759139799600263,10523,2788327.0,2913542
2023,compound->pobj,compound,pobj,1,3.2651813791930233e-07,0.0003392986561058829,11046,2947256.0,3062617
2025,compound->pobj,compound,pobj,1,2.3960434613531366e-07,0.00024850666134531066,15004,4024037.0,4173547
2026,compound->pobj,compound,pobj,1,7.143918525038006e-07,0.0007437344094674415,4849,1344566.0,1399792
2019,compound->poss,compound,poss,7,2.848446375962368e-05,0.029427715022007726,912,237871.0,245748
2020,compound->poss,compound,poss,38,1.0643685269587743e-05,0.011135374506087533,14066,3412548.0,3570192
2021,compound->poss,compound,poss,42,1.2439111290655532e-05,0.01305530101172366,12748,3217084.0,3376447
2022,compound->poss,compound,poss,43,1.4758668315061186e-05,0.015421433712760375,10523,2788327.0,2913542
2023,compound->poss,compound,poss,28,9.142507861740465e-06,0.00950036237096472,11046,2947256.0,3062617
2024,compound->poss,compound,poss,42,1.1647577581186389e-05,0.012060422717816259,12862,3482465.0,3605900
2025,compound->poss,compound,poss,43,1.0302986883818488e-05,0.01068578643784836,15004,4024037.0,4173547
2026,compound->poss,compound,poss,14,1.0001485935053207e-05,0.01041228173254418,4849,1344566.0,1399792
2020,compound->preconj,compound,preconj,9,2.520872827007623e-06,0.0026373255409154685,14066,3412548.0,3570192
2021,compound->preconj,compound,preconj,13,3.850201113774331e-06,0.004040926503628753,12748,3217084.0,3376447
2022,compound->preconj,compound,preconj,8,2.7457987562904533e-06,0.00286910394656007,10523,2788327.0,2913542
2023,compound->preconj,compound,preconj,10,3.2651813791930236e-06,0.003392986561058829,11046,2947256.0,3062617
2024,compound->preconj,compound,preconj,15,4.159849136137996e-06,0.004307293827791521,12862,3482465.0,3605900
2025,compound->preconj,compound,preconj,10,2.396043461353137e-06,0.0024850666134531066,15004,4024037.0,4173547
2020,compound->predet,compound,predet,7,1.9606788654503734e-06,0.0020512531984898086,14066,3412548.0,3570192
2021,compound->predet,compound,predet,2,5.923386328883587e-07,0.0006216810005582696,12748,3217084.0,3376447
2022,compound->predet,compound,predet,5,1.7161242226815333e-06,0.0017931899666000436,10523,2788327.0,2913542
2024,compound->predet,compound,predet,3,8.319698272275992e-07,0.0008614587655583042,12862,3482465.0,3605900
2025,compound->predet,compound,predet,1,2.3960434613531366e-07,0.00024850666134531066,15004,4024037.0,4173547
2026,compound->predet,compound,predet,1,7.143918525038006e-07,0.0007437344094674415,4849,1344566.0,1399792
2019,compound->prep,compound,prep,2,8.138418217035338e-06,0.008407918577716493,912,237871.0,245748
2020,compound->prep,compound,prep,32,8.963103384915993e-06,0.009377157478810554,14066,3412548.0,3570192
2021,compound->prep,compound,prep,27,7.996571543992842e-06,0.00839269350753664,12748,3217084.0,3376447
2022,compound->prep,compound,prep,25,8.580621113407667e-06,0.00896594983300022,10523,2788327.0,2913542
2023,compound->prep,compound,prep,27,8.815989723821163e-06,0.009161063714858838,11046,2947256.0,3062617
2024,compound->prep,compound,prep,39,1.081560775395879e-05,0.011198963952257956,12862,3482465.0,3605900
2025,compound->prep,compound,prep,33,7.906943422465351e-06,0.008200719824395252,15004,4024037.0,4173547
2026,compound->prep,compound,prep,10,7.143918525038006e-06,0.007437344094674415,4849,1344566.0,1399792
2020,compound->prt,compound,prt,1,2.800969807786248e-07,0.0002930361712128298,14066,3412548.0,3570192
2021,compound->prt,compound,prt,2,5.923386328883587e-07,0.0006216810005582696,12748,3217084.0,3376447
2022,compound->prt,compound,prt,4,1.3728993781452266e-06,0.001434551973280035,10523,2788327.0,2913542
2023,compound->prt,compound,prt,2,6.530362758386047e-07,0.0006785973122117658,11046,2947256.0,3062617
2024,compound->prt,compound,prt,4,1.1092931029701323e-06,0.0011486116874110724,12862,3482465.0,3605900
2025,compound->prt,compound,prt,5,1.1980217306765685e-06,0.0012425333067265533,15004,4024037.0,4173547
2019,compound->quantmod,compound,quantmod,1,4.069209108517669e-06,0.0042039592888582465,912,237871.0,245748
2020,compound->quantmod,compound,quantmod,10,2.800969807786248e-06,0.0029303617121282984,14066,3412548.0,3570192
2021,compound->quantmod,compound,quantmod,7,2.0731852151092556e-06,0.0021758835019539432,12748,3217084.0,3376447
2022,compound->quantmod,compound,quantmod,7,2.4025739117541465e-06,0.002510465953240061,10523,2788327.0,2913542
2023,compound->quantmod,compound,quantmod,15,4.897772068789535e-06,0.005089479841588244,11046,2947256.0,3062617
2024,compound->quantmod,compound,quantmod,17,4.714495687623062e-06,0.004881599671497058,12862,3482465.0,3605900
2025,compound->quantmod,compound,quantmod,15,3.594065192029705e-06,0.0037275999201796606,15004,4024037.0,4173547
2026,compound->quantmod,compound,quantmod,7,5.000742967526604e-06,0.00520614086627209,4849,1344566.0,1399792
2020,compound->relcl,compound,relcl,3,8.402909423358744e-07,0.0008791085136384895,14066,3412548.0,3570192
2021,compound->relcl,compound,relcl,1,2.9616931644417936e-07,0.0003108405002791348,12748,3217084.0,3376447
2022,compound->relcl,compound,relcl,1,3.4322484453630666e-07,0.00035863799332000874,10523,2788327.0,2913542
2025,compound->relcl,compound,relcl,2,4.792086922706273e-07,0.0004970133226906213,15004,4024037.0,4173547
2024,compound->xcomp,compound,xcomp,1,2.773232757425331e-07,0.0002871529218527681,12862,3482465.0,3605900
2019,conj->acl,conj,acl,146,0.0005941045298435796,0.613778056173304,912,237871.0,245748
2020,conj->acl,conj,acl,2117,0.0005929653083083487,0.6203575744575607,14066,3412548.0,3570192
2021,conj->acl,conj,acl,2163,0.0006406142314687599,0.6723480021037684,12748,3217084.0,3376447
2022,conj->acl,conj,acl,1889,0.0006483517313290833,0.6774671693814965,10523,2788327.0,2913542
2023,conj->acl,conj,acl,2059,0.0006723008459758435,0.6986159329220128,11046,2947256.0,3062617
2024,conj->acl,conj,acl,2576,0.0007143847583127652,0.7397059266927306,12862,3482465.0,3605900
2025,conj->acl,conj,acl,3106,0.0007442110990962843,0.771861690138535,15004,4024037.0,4173547
2026,conj->acl,conj,acl,995,0.0007108198932412815,0.7400157374201044,4849,1344566.0,1399792
2019,conj->acomp,conj,acomp,211,0.0008586031218972281,0.88703540994909,912,237871.0,245748
2020,conj->acomp,conj,acomp,3231,0.0009049933448957367,0.9467998691886531,14066,3412548.0,3570192
2021,conj->acomp,conj,acomp,3046,0.0009021317378889702,0.9468201638502445,12748,3217084.0,3376447
2022,conj->acomp,conj,acomp,2610,0.0008958168442397604,0.9360451625652229,10523,2788327.0,2913542
2023,conj->acomp,conj,acomp,2534,0.0008273969614875121,0.8597827945723072,11046,2947256.0,3062617
2024,conj->acomp,conj,acomp,2798,0.0007759505255276075,0.8034538753440451,12862,3482465.0,3605900
2025,conj->acomp,conj,acomp,3634,0.00087072219385573,0.9030732073288591,15004,4024037.0,4173547
2026,conj->acomp,conj,acomp,1448,0.0010344394024255031,1.0769274249088554,4849,1344566.0,1399792
2019,conj->advcl,conj,advcl,210,0.0008545339127887104,0.8828314506602318,912,237871.0,245748
2020,conj->advcl,conj,advcl,3021,0.0008461729789322255,0.8852622732339589,14066,3412548.0,3570192
2021,conj->advcl,conj,advcl,2763,0.0008183158213352675,0.8588523022712494,12748,3217084.0,3376447
2022,conj->advcl,conj,advcl,2531,0.0008687020815213921,0.9077127610929421,10523,2788327.0,2913542
2023,conj->advcl,conj,advcl,2678,0.0008744155733478916,0.9086418010515543,11046,2947256.0,3062617
2024,conj->advcl,conj,advcl,3289,0.0009121162539171912,0.9444459599737542,12862,3482465.0,3605900
2025,conj->advcl,conj,advcl,4176,0.0010005877494610699,1.0377638177780175,15004,4024037.0,4173547
2026,conj->advcl,conj,advcl,1498,0.0010701589950506932,1.1141141453822274,4849,1344566.0,1399792
2019,conj->advmod,conj,advmod,585,0.002380487328482836,2.4593161839820743,912,237871.0,245748
2020,conj->advmod,conj,advmod,8641,0.0024203180109080968,2.532125555450062,14066,3412548.0,3570192
2021,conj->advmod,conj,advmod,7845,0.002323448287504587,2.4385437246898123,12748,3217084.0,3376447
2022,conj->advmod,conj,advmod,6764,0.0023215728484435785,2.425827386816539,10523,2788327.0,2913542
2023,conj->advmod,conj,advmod,6609,0.002157958373508669,2.24242481820378,11046,2947256.0,3062617
2024,conj->advmod,conj,advmod,7650,0.002121523059430378,2.196719852173676,12862,3482465.0,3605900
2025,conj->advmod,conj,advmod,8780,0.002103726159068054,2.181888486611828,15004,4024037.0,4173547
2026,conj->advmod,conj,advmod,3091,0.0022081852160892477,2.298883059663862,4849,1344566.0,1399792
2019,conj->agent,conj,agent,46,0.00018718361899181275,0.19338212728747936,912,237871.0,245748
2020,conj->agent,conj,agent,765,0.00021427419029564798,0.22417267097781482,14066,3412548.0,3570192
2021,conj->agent,conj,agent,757,0.00022420017254824376,0.23530625871130503,12748,3217084.0,3376447
2022,conj->agent,conj,agent,674,0.0002313335452174707,0.24172200749768588,10523,2788327.0,2913542
2023,conj->agent,conj,agent,684,0.0002233384063368028,0.2320802807764239,11046,2947256.0,3062617
2024,conj->agent,conj,agent,776,0.00021520286197620567,0.22283066735774804,12862,3482465.0,3605900
2025,conj->agent,conj,agent,900,0.0002156439115217823,0.22365599521077964,15004,4024037.0,4173547
2026,conj->agent,conj,agent,335,0.0002393212705887732,0.2491510271715929,4849,1344566.0,1399792
2019,conj->amod,conj,amod,2775,0.01129205527613653,11.665987026581636,912,237871.0,245748
2020,conj->amod,conj,amod,36555,0.010238945132362629,10.711937238684994,14066,3412548.0,3570192
2021,conj->amod,conj,amod,35888,0.010628924428548708,11.155443874017589,12748,3217084.0,3376447
2022,conj->amod,conj,amod,32277,0.01107826830709837,11.575758510389921,10523,2788327.0,2913542
2023,conj->amod,conj,amod,36256,0.011838241608402226,12.301612075774889,11046,2947256.0,3062617
2024,conj->amod,conj,amod,44095,0.012228569843866995,12.662008089097808,12862,3482465.0,3605900
2025,conj->amod,conj,amod,57277,0.013723818133592362,14.233716041875361,15004,4024037.0,4173547
2026,conj->amod,conj,amod,20619,0.014730045606775865,15.335059788809177,4849,1344566.0,1399792
2019,conj->appos,conj,appos,927,0.0037721568435958785,3.897070260771595,912,237871.0,245748
2020,conj->appos,conj,appos,11820,0.003310746312803345,3.4636875437356487,14066,3412548.0,3570192
2021,conj->appos,conj,appos,11665,0.003454815076321352,3.6259544357561073,12748,3217084.0,3376447
2022,conj->appos,conj,appos,10846,0.003722616663840782,3.8897876755488148,10523,2788327.0,2913542
2023,conj->appos,conj,appos,11969,0.00390809559275613,4.061065614931312,11046,2947256.0,3062617
2024,conj->appos,conj,appos,13787,0.0038234560026623034,3.958977333584113,12862,3482465.0,3605900
2025,conj->appos,conj,appos,17581,0.00421248400940495,4.368995613111907,15004,4024037.0,4173547
2026,conj->appos,conj,appos,6054,0.004324928275058009,4.502568114915891,4849,1344566.0,1399792
2019,conj->attr,conj,attr,124,0.0005045819294561909,0.5212909518184226,912,237871.0,245748
2020,conj->attr,conj,attr,1920,0.0005377862030949596,0.5626294487286333,14066,3412548.0,3570192
2021,conj->attr,conj,attr,1645,0.000487198525550675,0.5113326229591767,12748,3217084.0,3376447
2022,conj->attr,conj,attr,1485,0.0005096888941364154,0.532577420080213,10523,2788327.0,2913542
2023,conj->attr,conj,attr,1504,0.0004910832794306308,0.5103051787832478,11046,2947256.0,3062617
2024,conj->attr,conj,attr,1570,0.0004353975429157769,0.4508300873088459,12862,3482465.0,3605900
2025,conj->attr,conj,attr,1492,0.000357489684433888,0.37077193872720354,15004,4024037.0,4173547
2026,conj->attr,conj,attr,496,0.0003543383588418851,0.36889226709585105,4849,1344566.0,1399792
2019,conj->aux,conj,aux,383,0.001558507088562267,1.6101164076327084,912,237871.0,245748
2020,conj->aux,conj,aux,5803,0.0016254027794583596,1.7004889015480515,14066,3412548.0,3570192
2021,conj->aux,conj,aux,4790,0.001418651025767619,1.4889259963370556,12748,3217084.0,3376447
2022,conj->aux,conj,aux,4179,0.0014343366253172255,1.4987481740843165,10523,2788327.0,2913542
2023,conj->aux,conj,aux,3993,0.0013037869247117743,1.3548195338307905,11046,2947256.0,3062617
2024,conj->aux,conj,aux,4318,0.0011974819046562577,1.2399263165602525,12862,3482465.0,3605900
2025,conj->aux,conj,aux,4617,0.0011062532661067432,1.1473552554312993,15004,4024037.0,4173547
2026,conj->aux,conj,aux,1633,0.0011666018951387064,1.214518290660332,4849,1344566.0,1399792
2019,conj->auxpass,conj,auxpass,393,0.0015991991796474438,1.652156000521291,912,237871.0,245748
2020,conj->auxpass,conj,auxpass,5769,0.0016158794821118864,1.6905256717268153,14066,3412548.0,3570192
2021,conj->auxpass,conj,auxpass,5088,0.0015069094820679846,1.5815564654202376,12748,3217084.0,3376447
2022,conj->auxpass,conj,auxpass,4598,0.001578147835177938,1.6490174932854003,10523,2788327.0,2913542
2023,conj->auxpass,conj,auxpass,4746,0.001549655082565009,1.6103114218785204,11046,2947256.0,3062617
2024,conj->auxpass,conj,auxpass,5211,0.0014451315898943399,1.4963538757747745,12862,3482465.0,3605900
2025,conj->auxpass,conj,auxpass,5952,0.001426125068197387,1.4791116483272893,15004,4024037.0,4173547
2026,conj->auxpass,conj,auxpass,2055,0.0014680752568953103,1.5283742114555923,4849,1344566.0,1399792
2020,conj->case,conj,case,13,3.641260750122122e-06,0.0038094702257667878,14066,3412548.0,3570192
2021,conj->case,conj,case,8,2.369354531553435e-06,0.0024867240022330784,12748,3217084.0,3376447
2022,conj->case,conj,case,8,2.7457987562904533e-06,0.00286910394656007,10523,2788327.0,2913542
2023,conj->case,conj,case,4,1.3060725516772093e-06,0.0013571946244235317,11046,2947256.0,3062617
2024,conj->case,conj,case,6,1.6639396544551984e-06,0.0017229175311166084,12862,3482465.0,3605900
2025,conj->case,conj,case,7,1.6772304229471957e-06,0.0017395466294171749,15004,4024037.0,4173547
2019,conj->cc,conj,cc,1600,0.00651073457362827,6.726334862173195,912,237871.0,245748
2020,conj->cc,conj,cc,22650,0.006344196614635852,6.637269277970596,14066,3412548.0,3570192
2021,conj->cc,conj,cc,22169,0.006565777576251011,6.891023050688139,12748,3217084.0,3376447
2022,conj->cc,conj,cc,19798,0.006795165472129799,7.100314991749533,10523,2788327.0,2913542
2023,conj->cc,conj,cc,21719,0.007091647437469328,7.369227511963671,11046,2947256.0,3062617
2024,conj->cc,conj,cc,26734,0.007413960453700879,7.676746212811902,12862,3482465.0,3605900
2025,conj->cc,conj,cc,34163,0.008185603277020722,8.489733071539849,15004,4024037.0,4173547
2026,conj->cc,conj,cc,11380,0.00812977928149325,8.463697579739485,4849,1344566.0,1399792
2019,conj->ccomp,conj,ccomp,101,0.0004109901199602845,0.4245998881746829,912,237871.0,245748
2020,conj->ccomp,conj,ccomp,1512,0.0004235066349372807,0.4430706908737987,14066,3412548.0,3570192
2021,conj->ccomp,conj,ccomp,1309,0.00038768563522543077,0.4068902148653874,12748,3217084.0,3376447
2022,conj->ccomp,conj,ccomp,1049,0.0003600428619185857,0.37621125499268915,10523,2788327.0,2913542
2023,conj->ccomp,conj,ccomp,1081,0.00035296610709076586,0.3667818472504594,11046,2947256.0,3062617
2024,conj->ccomp,conj,ccomp,1219,0.00033805707313014783,0.3500394117385243,12862,3482465.0,3605900
2025,conj->ccomp,conj,ccomp,1322,0.0003167569455908847,0.32852580629850076,15004,4024037.0,4173547
2026,conj->ccomp,conj,ccomp,519,0.0003707693714494725,0.3859981585136022,4849,1344566.0,1399792
2019,conj->compound,conj,compound,2276,0.009261519930986213,9.56821134144137,912,237871.0,245748
2020,conj->compound,conj,compound,29705,0.00832028081402905,8.70463946587711,14066,3412548.0,3570192
2021,conj->compound,conj,compound,28996,0.008587725499615425,9.013131146093793,12748,3217084.0,3376447
2022,conj->compound,conj,compound,26630,0.009140077610001846,9.550529762111832,10523,2788327.0,2913542
2023,conj->compound,conj,compound,29706,0.009699547805030795,10.079205878281359,11046,2947256.0,3062617
2024,conj->compound,conj,compound,36097,0.010010538284478216,10.365359020119369,12862,3482465.0,3605900
2025,conj->compound,conj,compound,46382,0.011113328782448119,11.5262359665182,15004,4024037.0,4173547
2026,conj->compound,conj,compound,16389,0.011708168070684788,12.1890632367619,4849,1344566.0,1399792
2019,conj->conj,conj,conj,2407,0.009794586324202027,10.1189300082818,912,237871.0,245748
2020,conj->conj,conj,conj,34322,0.00961348857428396,10.057587468366744,14066,3412548.0,3570192
2021,conj->conj,conj,conj,32714,0.009688883018154883,10.168836126131614,12748,3217084.0,3376447
2022,conj->conj,conj,conj,29375,0.010082229808254009,10.534991053775258,10523,2788327.0,2913542
2023,conj->conj,conj,conj,32372,0.010570045160723655,10.98377609545964,11046,2947256.0,3062617
2024,conj->conj,conj,conj,39436,0.010936520702182534,11.324162626185762,12862,3482465.0,3605900
2025,conj->conj,conj,conj,49357,0.011826151712200677,12.2655432840205,15004,4024037.0,4173547
2026,conj->conj,conj,conj,16705,0.01193391589607599,12.42408331015361,4849,1344566.0,1399792
2019,conj->csubj,conj,csubj,12,4.883050930221202e-05,0.05044751146629896,912,237871.0,245748
2020,conj->csubj,conj,csubj,159,4.4535419943801345e-05,0.04659275122283994,14066,3412548.0,3570192
2021,conj->csubj,conj,csubj,172,5.0941122428398845e-05,0.053464566048011176,12748,3217084.0,3376447
2022,conj->csubj,conj,csubj,129,4.427600494518356e-05,0.04626430113828113,10523,2788327.0,2913542
2023,conj->csubj,conj,csubj,144,4.701861186037954e-05,0.04885900647924714,11046,2947256.0,3062617
2024,conj->csubj,conj,csubj,185,5.130480601236862e-05,0.053123290542762096,12862,3482465.0,3605900
2025,conj->csubj,conj,csubj,237,5.678623003406934e-05,0.058896078738838634,15004,4024037.0,4173547
2026,conj->csubj,conj,csubj,103,7.358236080789146e-05,0.07660464417514648,4849,1344566.0,1399792
2020,conj->csubjpass,conj,csubjpass,16,4.481551692457997e-06,0.004688578739405277,14066,3412548.0,3570192
2021,conj->csubjpass,conj,csubjpass,12,3.554031797330152e-06,0.003730086003349617,12748,3217084.0,3376447
2022,conj->csubjpass,conj,csubjpass,10,3.4322484453630665e-06,0.0035863799332000873,10523,2788327.0,2913542
2023,conj->csubjpass,conj,csubjpass,8,2.6121451033544187e-06,0.0027143892488470634,11046,2947256.0,3062617
2024,conj->csubjpass,conj,csubjpass,7,1.9412629301977313e-06,0.0020100704529693765,12862,3482465.0,3605900
2025,conj->csubjpass,conj,csubjpass,25,5.990108653382842e-06,0.006212666533632767,15004,4024037.0,4173547
2026,conj->csubjpass,conj,csubjpass,8,5.7151348200304045e-06,0.005949875275739532,4849,1344566.0,1399792
2019,conj->dative,conj,dative,2,8.138418217035338e-06,0.008407918577716493,912,237871.0,245748
2020,conj->dative,conj,dative,49,1.3724752058152615e-05,0.014358772389428662,14066,3412548.0,3570192
2021,conj->dative,conj,dative,41,1.2142941974211354e-05,0.012744460511444525,12748,3217084.0,3376447
2022,conj->dative,conj,dative,45,1.54451180041338e-05,0.016138709699400393,10523,2788327.0,2913542
2023,conj->dative,conj,dative,40,1.3060725516772094e-05,0.013571946244235316,11046,2947256.0,3062617
2024,conj->dative,conj,dative,61,1.6916719820294518e-05,0.017516328233018852,12862,3482465.0,3605900
2025,conj->dative,conj,dative,31,7.427734730194724e-06,0.007703706501704632,15004,4024037.0,4173547
2026,conj->dative,conj,dative,13,9.287094082549407e-06,0.00966854732307674,4849,1344566.0,1399792
2019,conj->dep,conj,dep,37,0.00015056073701515374,0.1555464936877551,912,237871.0,245748
2020,conj->dep,conj,dep,398,0.00011147859834989267,0.11662839614270627,14066,3412548.0,3570192
2021,conj->dep,conj,dep,397,0.0001175792186283392,0.1234036786108165,12748,3217084.0,3376447
2022,conj->dep,conj,dep,402,0.0001379763875035953,0.1441724733146435,10523,2788327.0,2913542
2023,conj->dep,conj,dep,418,0.00013648458165026837,0.14182683825225906,11046,2947256.0,3062617
2024,conj->dep,conj,dep,455,0.00012618209046285256,0.13065457944300948,12862,3482465.0,3605900
2025,conj->dep,conj,dep,591,0.00014160616856597039,0.14686743685507864,15004,4024037.0,4173547
2026,conj->dep,conj,dep,215,0.00015359424828831713,0.15990289803549992,4849,1344566.0,1399792
2019,conj->det,conj,det,514,0.0020915734817780816,2.160835074473139,912,237871.0,245748
2020,conj->det,conj,det,8288,0.002321443776693242,2.4286837870119333,14066,3412548.0,3570192
2021,conj->det,conj,det,7441,0.0022037958836611383,2.312964162577042,12748,3217084.0,3376447
2022,conj->det,conj,det,6569,0.0022546440037589984,2.3558929781191376,10523,2788327.0,2913542
2023,conj->det,conj,det,6832,0.002230771918264674,2.318088418515392,11046,2947256.0,3062617
2024,conj->det,conj,det,7939,0.00220166948611997,2.279707046589126,12862,3482465.0,3605900
2025,conj->det,conj,det,8264,0.001980090316462232,2.0536590493576474,15004,4024037.0,4173547
2026,conj->det,conj,det,2581,0.0018438453713123092,1.9195785108354668,4849,1344566.0,1399792
2019,conj->dobj,conj,dobj,1335,0.005432394159871088,5.6122856506257595,912,237871.0,245748
2020,conj->dobj,conj,dobj,20154,0.005645074550612404,5.905850994623372,14066,3412548.0,3570192
2021,conj->dobj,conj,dobj,18581,0.005503122068849296,5.775727335686603,12748,3217084.0,3376447
2022,conj->dobj,conj,dobj,16730,0.005742151649092411,6.000013628243746,10523,2788327.0,2913542
2023,conj->dobj,conj,dobj,17982,0.0058714491560648945,6.101268434095987,11046,2947256.0,3062617
2024,conj->dobj,conj,dobj,22524,0.0062464294628248145,6.467832411811749,12862,3482465.0,3605900
2025,conj->dobj,conj,dobj,28328,0.006787511917321166,7.0396967025899615,15004,4024037.0,4173547
2026,conj->dobj,conj,dobj,9657,0.006898882119629202,7.182243192227083,4849,1344566.0,1399792
2019,conj->expl,conj,expl,33,0.00013428390058108306,0.13873065653232214,912,237871.0,245748
2020,conj->expl,conj,expl,325,9.103151875305306e-05,0.0952367556441697,14066,3412548.0,3570192
2021,conj->expl,conj,expl,300,8.88507949332538e-05,0.09325215008374044,12748,3217084.0,3376447
2022,conj->expl,conj,expl,256,8.78655602012945e-05,0.09181132628992224,10523,2788327.0,2913542
2023,conj->expl,conj,expl,287,9.371070558283978e-05,0.09737871430238838,11046,2947256.0,3062617
2024,conj->expl,conj,expl,268,7.432263789899887e-05,0.07695698305654185,12862,3482465.0,3605900
2025,conj->expl,conj,expl,222,5.319216484203964e-05,0.055168478818658974,15004,4024037.0,4173547
2026,conj->expl,conj,expl,54,3.857716003520523e-05,0.040161658111241845,4849,1344566.0,1399792
2019,conj->intj,conj,intj,12,4.883050930221202e-05,0.05044751146629896,912,237871.0,245748
2020,conj->intj,conj,intj,92,2.5768922231633482e-05,0.026959327751580345,14066,3412548.0,3570192
2021,conj->intj,conj,intj,95,2.813608506219704e-05,0.029529847526517803,12748,3217084.0,3376447
2022,conj->intj,conj,intj,94,3.226313538641283e-05,0.033711971372080825,10523,2788327.0,2913542
2023,conj->intj,conj,intj,103,3.3631368205688145e-05,0.03494776157890594,11046,2947256.0,3062617
2024,conj->intj,conj,intj,134,3.716131894949943e-05,0.038478491528270924,12862,3482465.0,3605900
2025,conj->intj,conj,intj,148,3.546144322802642e-05,0.03677898587910598,15004,4024037.0,4173547
2026,conj->intj,conj,intj,66,4.714986226525084e-05,0.04908647102485114,4849,1344566.0,1399792
2019,conj->mark,conj,mark,38,0.0001546299461236714,0.15975045297661336,912,237871.0,245748
2020,conj->mark,conj,mark,599,0.00016777809148639625,0.17552866655648508,14066,3412548.0,3570192
2021,conj->mark,conj,mark,582,0.00017237054217051237,0.18090917116245642,12748,3217084.0,3376447
2022,conj->mark,conj,mark,463,0.00015891310302030998,0.16604939090716403,10523,2788327.0,2913542
2023,conj->mark,conj,mark,448,0.00014628012578784744,0.15200579793543553,11046,2947256.0,3062617
2024,conj->mark,conj,mark,451,0.0001250727973598824,0.1295059677555984,12862,3482465.0,3605900
2025,conj->mark,conj,mark,436,0.00010446749491499676,0.10834890434655546,15004,4024037.0,4173547
2026,conj->mark,conj,mark,182,0.0001300193171556917,0.13535966252307438,4849,1344566.0,1399792
2019,conj->meta,conj,meta,25,0.00010173022771294171,0.10509898222145617,912,237871.0,245748
2020,conj->meta,conj,meta,297,8.318880329125157e-05,0.08703174285021047,14066,3412548.0,3570192
2021,conj->meta,conj,meta,337,9.980905964168843e-05,0.10475324859406841,12748,3217084.0,3376447
2022,conj->meta,conj,meta,298,0.00010228100367181939,0.10687412200936261,10523,2788327.0,2913542
2023,conj->meta,conj,meta,293,9.566981441035558e-05,0.09941450623902369,11046,2947256.0,3062617
2024,conj->meta,conj,meta,377,0.00010455087495493497,0.10825665153849356,12862,3482465.0,3605900
2025,conj->meta,conj,meta,434,0.00010398828622272614,0.10785189102386485,15004,4024037.0,4173547
2026,conj->meta,conj,meta,167,0.0001193034393681347,0.12420364638106275,4849,1344566.0,1399792
2019,conj->neg,conj,neg,133,0.0005412048114328499,0.5591265854181469,912,237871.0,245748
2020,conj->neg,conj,neg,1598,0.0004475949752842424,0.46827180159810206,14066,3412548.0,3570192
2021,conj->neg,conj,neg,1595,0.00047239005972846604,0.49579059794522,12748,3217084.0,3376447
2022,conj->neg,conj,neg,1364,0.0004681586879475223,0.48918222288849195,10523,2788327.0,2913542
2023,conj->neg,conj,neg,1439,0.00046985960046587607,0.4882507661363655,11046,2947256.0,3062617
2024,conj->neg,conj,neg,1473,0.0004084971851687512,0.42297625388912735,12862,3482465.0,3605900
2025,conj->neg,conj,neg,1531,0.00036683425393316526,0.38046369851967066,15004,4024037.0,4173547
2026,conj->neg,conj,neg,599,0.00042792071964977655,0.4454969112709975,4849,1344566.0,1399792
2019,conj->nmod,conj,nmod,292,0.0011882090596871593,1.227556112346608,912,237871.0,245748
2020,conj->nmod,conj,nmod,3939,0.001103302007287003,1.1542694784073366,14066,3412548.0,3570192
2021,conj->nmod,conj,nmod,4256,0.0012604966107864274,1.3229371691879976,12748,3217084.0,3376447
2022,conj->nmod,conj,nmod,3930,0.0013488736390276852,1.4094473137476342,10523,2788327.0,2913542
2023,conj->nmod,conj,nmod,4185,0.0013664784071922803,1.4199648758031198,11046,2947256.0,3062617
2024,conj->nmod,conj,nmod,4895,0.0013574974347596994,1.4056135524692996,12862,3482465.0,3605900
2025,conj->nmod,conj,nmod,5798,0.0013892259988925488,1.4408416224801113,15004,4024037.0,4173547
2026,conj->nmod,conj,nmod,2135,0.0015252266050956142,1.5878729642129876,4849,1344566.0,1399792
2019,conj->npadvmod,conj,npadvmod,218,0.0008870875856568517,0.9164631249710977,912,237871.0,245748
2020,conj->npadvmod,conj,npadvmod,2564,0.000718168658716394,0.7513447429896957,14066,3412548.0,3570192
2021,conj->npadvmod,conj,npadvmod,2578,0.0007635244977930943,0.8013468097196095,12748,3217084.0,3376447
2022,conj->npadvmod,conj,npadvmod,2382,0.0008175615796854825,0.8542757000882608,10523,2788327.0,2913542
2023,conj->npadvmod,conj,npadvmod,2486,0.0008117240908673857,0.8434964590792249,11046,2947256.0,3062617
2024,conj->npadvmod,conj,npadvmod,2984,0.0008275326548157186,0.85686431880866,12862,3482465.0,3605900
2025,conj->npadvmod,conj,npadvmod,3817,0.0009145697891984923,0.948549926355051,15004,4024037.0,4173547
2026,conj->npadvmod,conj,npadvmod,1477,0.0010551567661481135,1.0984957227834111,4849,1344566.0,1399792
2019,conj->nsubj,conj,nsubj,558,0.002270618682552859,2.3458092831829016,912,237871.0,245748
2020,conj->nsubj,conj,nsubj,8839,0.0024757772131022643,2.590146717350203,14066,3412548.0,3570192
2021,conj->nsubj,conj,nsubj,7821,0.0023163402239099267,2.4310835526831127,12748,3217084.0,3376447
2022,conj->nsubj,conj,nsubj,6971,0.0023926203912625938,2.5000654514337812,10523,2788327.0,2913542
2023,conj->nsubj,conj,nsubj,6952,0.00226995409481499,2.3588042572480976,11046,2947256.0,3062617
2024,conj->nsubj,conj,nsubj,7813,0.002166726753376411,2.2435257784356772,12862,3482465.0,3605900
2025,conj->nsubj,conj,nsubj,9492,0.0022743244535163975,2.358825229489689,15004,4024037.0,4173547
2026,conj->nsubj,conj,nsubj,3665,0.002618246139426429,2.725786610698173,4849,1344566.0,1399792
2019,conj->nsubjpass,conj,nsubjpass,229,0.0009318488858505461,0.9627066771485385,912,237871.0,245748
2020,conj->nsubjpass,conj,nsubjpass,3362,0.0009416860493777366,0.985187607617534,14066,3412548.0,3570192
2021,conj->nsubjpass,conj,nsubjpass,2847,0.0008431940439165786,0.8849629042946967,12748,3217084.0,3376447
2022,conj->nsubjpass,conj,nsubjpass,2673,0.0009174400094455477,0.9586393561443833,10523,2788327.0,2913542
2023,conj->nsubjpass,conj,nsubjpass,2842,0.0009279645479666573,0.9642867806529192,11046,2947256.0,3062617
2024,conj->nsubjpass,conj,nsubjpass,3109,0.0008621980642835353,0.892758434040256,12862,3482465.0,3605900
2025,conj->nsubjpass,conj,nsubjpass,3562,0.0008534706809339873,0.8851807277119967,15004,4024037.0,4173547
2026,conj->nsubjpass,conj,nsubjpass,1209,0.0008636997496770949,0.8991749010461367,4849,1344566.0,1399792
2019,conj->nummod,conj,nummod,589,0.002396764164916907,2.4761320211375075,912,237871.0,245748
2020,conj->nummod,conj,nummod,8200,0.0022967952423847233,2.4028966039452047,14066,3412548.0,3570192
2021,conj->nummod,conj,nummod,8216,0.0024333271039053772,2.5538655502933714,12748,3217084.0,3376447
2022,conj->nummod,conj,nummod,7134,0.0024485660409220115,2.5585234443449423,10523,2788327.0,2913542
2023,conj->nummod,conj,nummod,6899,0.002252648633505267,2.340821428474486,11046,2947256.0,3062617
2024,conj->nummod,conj,nummod,8006,0.00222025014559472,2.2989462923532615,12862,3482465.0,3605900
2025,conj->nummod,conj,nummod,9002,0.002156918323910094,2.2370569654304866,15004,4024037.0,4173547
2026,conj->nummod,conj,nummod,2973,0.002123886977493799,2.2111223993467037,4849,1344566.0,1399792
2019,conj->oprd,conj,oprd,10,4.069209108517668e-05,0.04203959288858247,912,237871.0,245748
2020,conj->oprd,conj,oprd,220,6.162133577129746e-05,0.06446795766682256,14066,3412548.0,3570192
2021,conj->oprd,conj,oprd,217,6.426874166838692e-05,0.06745238856057224,12748,3217084.0,3376447
2022,conj->oprd,conj,oprd,167,5.731854903756321e-05,0.059892544884441457,10523,2788327.0,2913542
2023,conj->oprd,conj,oprd,181,5.909978296339372e-05,0.061413056755164806,11046,2947256.0,3062617
2024,conj->oprd,conj,oprd,188,5.213677583959622e-05,0.053984749308320396,12862,3482465.0,3605900
2025,conj->oprd,conj,oprd,220,5.271295614976901e-05,0.05467146549596835,15004,4024037.0,4173547
2026,conj->oprd,conj,oprd,71,5.072182152776984e-05,0.052805143072188344,4849,1344566.0,1399792
2019,conj->parataxis,conj,parataxis,25,0.00010173022771294171,0.10509898222145617,912,237871.0,245748
2020,conj->parataxis,conj,parataxis,192,5.377862030949596e-05,0.056262944872863326,14066,3412548.0,3570192
2021,conj->parataxis,conj,parataxis,221,6.545341893416363e-05,0.06869575056168879,12748,3217084.0,3376447
2022,conj->parataxis,conj,parataxis,213,7.310689188623333e-05,0.07638989257716186,10523,2788327.0,2913542
2023,conj->parataxis,conj,parataxis,229,7.477265358352024e-05,0.07769939224824718,11046,2947256.0,3062617
2024,conj->parataxis,conj,parataxis,269,7.45999611747414e-05,0.0772441359783946,12862,3482465.0,3605900
2025,conj->parataxis,conj,parataxis,332,7.954864291692414e-05,0.08250421156664314,15004,4024037.0,4173547
2026,conj->parataxis,conj,parataxis,120,8.572702230045607e-05,0.08924812913609298,4849,1344566.0,1399792
2019,conj->pcomp,conj,pcomp,23,9.359180949590637e-05,0.09669106364373968,912,237871.0,245748
2020,conj->pcomp,conj,pcomp,218,6.106114180974021e-05,0.0638818853243969,14066,3412548.0,3570192
2021,conj->pcomp,conj,pcomp,203,6.0122371238168405e-05,0.06310062155666436,12748,3217084.0,3376447
2022,conj->pcomp,conj,pcomp,173,5.937789810478105e-05,0.06204437284436151,10523,2788327.0,2913542
2023,conj->pcomp,conj,pcomp,153,4.995727510165326e-05,0.051912694384200084,11046,2947256.0,3062617
2024,conj->pcomp,conj,pcomp,219,6.073379738761474e-05,0.06288648988575621,12862,3482465.0,3605900
2025,conj->pcomp,conj,pcomp,219,5.2473351803633694e-05,0.054422958834623045,15004,4024037.0,4173547
2026,conj->pcomp,conj,pcomp,93,6.643844228285345e-05,0.06916730008047206,4849,1344566.0,1399792
2019,conj->pobj,conj,pobj,305,0.001241108778097889,1.2822075831017652,912,237871.0,245748
2020,conj->pobj,conj,pobj,3968,0.0011114248197295832,1.1627675273725089,14066,3412548.0,3570192
2021,conj->pobj,conj,pobj,3809,0.0011281089263358792,1.1839914655632244,12748,3217084.0,3376447
2022,conj->pobj,conj,pobj,3290,0.001129209738524449,1.1799189980228286,10523,2788327.0,2913542
2023,conj->pobj,conj,pobj,3302,0.0010781628914095364,1.1203641624616254,11046,2947256.0,3062617
2024,conj->pobj,conj,pobj,3555,0.000985884245264705,1.0208286371865904,12862,3482465.0,3605900
2025,conj->pobj,conj,pobj,3607,0.0008642528765100765,0.8963635274725357,15004,4024037.0,4173547
2026,conj->pobj,conj,pobj,1176,0.0008401248185444694,0.8746316655337112,4849,1344566.0,1399792
2019,conj->poss,conj,poss,97,0.00039471328352621383,0.4077840510192499,912,237871.0,245748
2020,conj->poss,conj,poss,1254,0.0003512416138963955,0.3674673587008886,14066,3412548.0,3570192
2021,conj->poss,conj,poss,1214,0.00035954955016323373,0.3773603673388696,12748,3217084.0,3376447
2022,conj->poss,conj,poss,1138,0.000390589873082317,0.40813003639816997,10523,2788327.0,2913542
2023,conj->poss,conj,poss,1260,0.00041141285377832093,0.42751630669341245,11046,2947256.0,3062617
2024,conj->poss,conj,poss,1570,0.0004353975429157769,0.4508300873088459,12862,3482465.0,3605900
2025,conj->poss,conj,poss,1654,0.00039630558850780885,0.41103001786514387,15004,4024037.0,4173547
2026,conj->poss,conj,poss,423,0.00030218775360910767,0.31459965520472777,4849,1344566.0,1399792
2019,conj->preconj,conj,preconj,8,3.255367286814135e-05,0.03363167431086597,912,237871.0,245748
2020,conj->preconj,conj,preconj,62,1.7366012808274738e-05,0.01816824261519545,14066,3412548.0,3570192
2021,conj->preconj,conj,preconj,69,2.0435682834648376e-05,0.0214479945192603,12748,3217084.0,3376447
2022,conj->preconj,conj,preconj,57,1.956381613856948e-05,0.0204423656192405,10523,2788327.0,2913542
2023,conj->preconj,conj,preconj,69,2.2529751516431863e-05,0.02341160727130592,11046,2947256.0,3062617
2024,conj->preconj,conj,preconj,80,2.2185862059402644e-05,0.022972233748221445,12862,3482465.0,3605900
2025,conj->preconj,conj,preconj,71,1.701190857560727e-05,0.017643972955517062,15004,4024037.0,4173547
2026,conj->preconj,conj,preconj,29,2.0717363722610216e-05,0.021568297874555806,4849,1344566.0,1399792
2019,conj->predet,conj,predet,1,4.069209108517669e-06,0.0042039592888582465,912,237871.0,245748
2020,conj->predet,conj,predet,11,3.0810667885648726e-06,0.003223397883341128,14066,3412548.0,3570192
2021,conj->predet,conj,predet,11,3.2578624808859728e-06,0.0034192455030704824,12748,3217084.0,3376447
2022,conj->predet,conj,predet,7,2.4025739117541465e-06,0.002510465953240061,10523,2788327.0,2913542
2023,conj->predet,conj,predet,4,1.3060725516772093e-06,0.0013571946244235317,11046,2947256.0,3062617
2024,conj->predet,conj,predet,7,1.9412629301977313e-06,0.0020100704529693765,12862,3482465.0,3605900
2025,conj->predet,conj,predet,4,9.584173845412547e-07,0.0009940266453812427,15004,4024037.0,4173547
2026,conj->predet,conj,predet,1,7.143918525038006e-07,0.0007437344094674415,4849,1344566.0,1399792
2019,conj->prep,conj,prep,2599,0.01057587447303742,10.926090191742583,912,237871.0,245748
2020,conj->prep,conj,prep,38136,0.010681778458973635,11.175227425372478,14066,3412548.0,3570192
2021,conj->prep,conj,prep,36703,0.010870302421450715,11.408778881745082,12748,3217084.0,3376447
2022,conj->prep,conj,prep,31887,0.010944410617729211,11.435889692995119,10523,2788327.0,2913542
2023,conj->prep,conj,prep,32848,0.010725467794373243,11.145282255766041,11046,2947256.0,3062617
2024,conj->prep,conj,prep,38228,0.010601514185085554,10.977281896587618,12862,3482465.0,3605900
2025,conj->prep,conj,prep,43243,0.010361210739929369,10.74617355655527,15004,4024037.0,4173547
2026,conj->prep,conj,prep,14482,0.01034582280796004,10.770761717907488,4849,1344566.0,1399792
2019,conj->prt,conj,prt,23,9.359180949590637e-05,0.09669106364373968,912,237871.0,245748
2020,conj->prt,conj,prt,297,8.318880329125157e-05,0.08703174285021047,14066,3412548.0,3570192
2021,conj->prt,conj,prt,272,8.055805407281678e-05,0.08454861607592465,12748,3217084.0,3376447
2022,conj->prt,conj,prt,201,6.898819375179764e-05,0.07208623665732175,10523,2788327.0,2913542
2023,conj->prt,conj,prt,218,7.118095406640791e-05,0.07396710703108247,11046,2947256.0,3062617
2024,conj->prt,conj,prt,224,6.21204137663274e-05,0.06432225449502005,12862,3482465.0,3605900
2025,conj->prt,conj,prt,213,5.103572572682181e-05,0.05293191886655118,15004,4024037.0,4173547
2026,conj->prt,conj,prt,59,4.214911929772423e-05,0.043880330158579055,4849,1344566.0,1399792
2019,conj->quantmod,conj,quantmod,15,6.103813662776503e-05,0.0630593893328737,912,237871.0,245748
2020,conj->quantmod,conj,quantmod,151,4.229464409757234e-05,0.04424846185313731,14066,3412548.0,3570192
2021,conj->quantmod,conj,quantmod,157,4.6498582681736155e-05,0.04880195854382416,12748,3217084.0,3376447
2022,conj->quantmod,conj,quantmod,110,3.7754732898993737e-05,0.03945017926520096,10523,2788327.0,2913542
2023,conj->quantmod,conj,quantmod,91,2.9713150550656514e-05,0.030876177705635343,11046,2947256.0,3062617
2024,conj->quantmod,conj,quantmod,101,2.8009650849995842e-05,0.029002445107129578,12862,3482465.0,3605900
2025,conj->quantmod,conj,quantmod,140,3.354460845894392e-05,0.034790932588343496,15004,4024037.0,4173547
2026,conj->quantmod,conj,quantmod,61,4.3577903002731834e-05,0.04536779897751393,4849,1344566.0,1399792
2019,conj->relcl,conj,relcl,76,0.0003092598922473428,0.3195009059532267,912,237871.0,245748
2020,conj->relcl,conj,relcl,1032,0.0002890600841635408,0.3024133286916404,14066,3412548.0,3570192
2021,conj->relcl,conj,relcl,954,0.00028254552788774706,0.2965418372662946,12748,3217084.0,3376447
2022,conj->relcl,conj,relcl,905,0.0003106184843053575,0.3245673839546079,10523,2788327.0,2913542
2023,conj->relcl,conj,relcl,890,0.0002906011427481791,0.3019758039342358,11046,2947256.0,3062617
2024,conj->relcl,conj,relcl,997,0.0002764913059153055,0.28629146308720976,12862,3482465.0,3605900
2025,conj->relcl,conj,relcl,1113,0.0002666796372486041,0.2765879140773308,15004,4024037.0,4173547
2026,conj->relcl,conj,relcl,364,0.0002600386343113834,0.27071932504614876,4849,1344566.0,1399792
2019,conj->xcomp,conj,xcomp,141,0.0005737584843009913,0.5927582597290127,912,237871.0,245748
2020,conj->xcomp,conj,xcomp,2314,0.0006481444135217378,0.6780857001864883,14066,3412548.0,3570192
2021,conj->xcomp,conj,xcomp,2063,0.000610997299824342,0.641263952075855,12748,3217084.0,3376447
2022,conj->xcomp,conj,xcomp,1842,0.0006322201636358768,0.660611183695456,10523,2788327.0,2913542
2023,conj->xcomp,conj,xcomp,1808,0.0005903447933580986,0.6134519702394363,11046,2947256.0,3062617
2024,conj->xcomp,conj,xcomp,2106,0.0005840428187137746,0.6047440534219296,12862,3482465.0,3605900
2025,conj->xcomp,conj,xcomp,2359,0.0005652266525332049,0.5862272141135879,15004,4024037.0,4173547
2026,conj->xcomp,conj,xcomp,804,0.0005743710494130556,0.5979624652118231,4849,1344566.0,1399792
2020,csubj->acl,csubj,acl,2,5.601939615572496e-07,0.0005860723424256596,14066,3412548.0,3570192
2021,csubj->acl,csubj,acl,2,5.923386328883587e-07,0.0006216810005582696,12748,3217084.0,3376447
2022,csubj->acl,csubj,acl,6,2.05934906721784e-06,0.0021518279599200526,10523,2788327.0,2913542
2023,csubj->acl,csubj,acl,1,3.2651813791930233e-07,0.0003392986561058829,11046,2947256.0,3062617
2024,csubj->acl,csubj,acl,3,8.319698272275992e-07,0.0008614587655583042,12862,3482465.0,3605900
2025,csubj->acl,csubj,acl,10,2.396043461353137e-06,0.0024850666134531066,15004,4024037.0,4173547
2026,csubj->acl,csubj,acl,1,7.143918525038006e-07,0.0007437344094674415,4849,1344566.0,1399792
2019,csubj->acomp,csubj,acomp,4,1.6276836434070675e-05,0.016815837155432986,912,237871.0,245748
2020,csubj->acomp,csubj,acomp,41,1.1483976211923616e-05,0.012014483019726024,14066,3412548.0,3570192
2021,csubj->acomp,csubj,acomp,29,8.5889101768812e-06,0.009014374508094909,12748,3217084.0,3376447
2022,csubj->acomp,csubj,acomp,29,9.953520491552893e-06,0.010400501806280254,10523,2788327.0,2913542
2023,csubj->acomp,csubj,acomp,37,1.2081171103014186e-05,0.012554050275917668,11046,2947256.0,3062617
2024,csubj->acomp,csubj,acomp,37,1.0260961202473723e-05,0.01062465810855242,12862,3482465.0,3605900
2025,csubj->acomp,csubj,acomp,43,1.0302986883818488e-05,0.01068578643784836,15004,4024037.0,4173547
2026,csubj->acomp,csubj,acomp,19,1.3573445197572211e-05,0.014130953779881389,4849,1344566.0,1399792
2019,csubj->advcl,csubj,advcl,7,2.848446375962368e-05,0.029427715022007726,912,237871.0,245748
2020,csubj->advcl,csubj,advcl,119,3.333154071265635e-05,0.03487130437432675,14066,3412548.0,3570192
2021,csubj->advcl,csubj,advcl,107,3.169011685952719e-05,0.033259933529867426,12748,3217084.0,3376447
2022,csubj->advcl,csubj,advcl,81,2.780121240744084e-05,0.029049677458920706,10523,2788327.0,2913542
2023,csubj->advcl,csubj,advcl,102,3.330485006776884e-05,0.03460846292280005,11046,2947256.0,3062617
2024,csubj->advcl,csubj,advcl,132,3.6606672398014365e-05,0.03790418568456539,12862,3482465.0,3605900
2025,csubj->advcl,csubj,advcl,140,3.354460845894392e-05,0.034790932588343496,15004,4024037.0,4173547
2026,csubj->advcl,csubj,advcl,54,3.857716003520523e-05,0.040161658111241845,4849,1344566.0,1399792
2019,csubj->advmod,csubj,advmod,30,0.00012207627325553006,0.1261187786657474,912,237871.0,245748
2020,csubj->advmod,csubj,advmod,323,9.04713247914958e-05,0.09465068330174405,14066,3412548.0,3570192
2021,csubj->advmod,csubj,advmod,304,9.003547219903052e-05,0.09449551208485696,12748,3217084.0,3376447
2022,csubj->advmod,csubj,advmod,373,0.0001280228670120424,0.13377197150836326,10523,2788327.0,2913542
2023,csubj->advmod,csubj,advmod,373,0.00012179126544389977,0.12655839872749433,11046,2947256.0,3062617
2024,csubj->advmod,csubj,advmod,493,0.0001367203749410688,0.14156639047341468,12862,3482465.0,3605900
2025,csubj->advmod,csubj,advmod,565,0.00013537645556645222,0.14040626366010053,15004,4024037.0,4173547
2026,csubj->advmod,csubj,advmod,190,0.0001357344519757221,0.1413095377988139,4849,1344566.0,1399792
2019,csubj->agent,csubj,agent,1,4.069209108517669e-06,0.0042039592888582465,912,237871.0,245748
2020,csubj->agent,csubj,agent,8,2.2407758462289984e-06,0.0023442893697026386,14066,3412548.0,3570192
2021,csubj->agent,csubj,agent,9,2.665523847997614e-06,0.002797564502512213,12748,3217084.0,3376447
2022,csubj->agent,csubj,agent,1,3.4322484453630666e-07,0.00035863799332000874,10523,2788327.0,2913542
2023,csubj->agent,csubj,agent,4,1.3060725516772093e-06,0.0013571946244235317,11046,2947256.0,3062617
2024,csubj->agent,csubj,agent,7,1.9412629301977313e-06,0.0020100704529693765,12862,3482465.0,3605900
2025,csubj->agent,csubj,agent,8,1.9168347690825093e-06,0.0019880532907624853,15004,4024037.0,4173547
2026,csubj->agent,csubj,agent,2,1.4287837050076011e-06,0.001487468818934883,4849,1344566.0,1399792
2020,csubj->amod,csubj,amod,20,5.601939615572496e-06,0.005860723424256597,14066,3412548.0,3570192
2021,csubj->amod,csubj,amod,4,1.1846772657767174e-06,0.0012433620011165392,12748,3217084.0,3376447
2022,csubj->amod,csubj,amod,15,5.1483726680446e-06,0.005379569899800131,10523,2788327.0,2913542
2023,csubj->amod,csubj,amod,18,5.877326482547442e-06,0.006107375809905892,11046,2947256.0,3062617
2024,csubj->amod,csubj,amod,12,3.3278793089103968e-06,0.003445835062233217,12862,3482465.0,3605900
2025,csubj->amod,csubj,amod,26,6.2297129995181555e-06,0.0064611731949780786,15004,4024037.0,4173547
2026,csubj->amod,csubj,amod,8,5.7151348200304045e-06,0.005949875275739532,4849,1344566.0,1399792
2019,csubj->appos,csubj,appos,1,4.069209108517669e-06,0.0042039592888582465,912,237871.0,245748
2020,csubj->appos,csubj,appos,3,8.402909423358744e-07,0.0008791085136384895,14066,3412548.0,3570192
2021,csubj->appos,csubj,appos,1,2.9616931644417936e-07,0.0003108405002791348,12748,3217084.0,3376447
2022,csubj->appos,csubj,appos,3,1.02967453360892e-06,0.0010759139799600263,10523,2788327.0,2913542
2023,csubj->appos,csubj,appos,6,1.9591088275158142e-06,0.002035791936635297,11046,2947256.0,3062617
2024,csubj->appos,csubj,appos,2,5.546465514850662e-07,0.0005743058437055362,12862,3482465.0,3605900
2025,csubj->appos,csubj,appos,6,1.437626076811882e-06,0.0014910399680718642,15004,4024037.0,4173547
2019,csubj->attr,csubj,attr,9,3.662288197665902e-05,0.03783563359972422,912,237871.0,245748
2020,csubj->attr,csubj,attr,77,2.1567467519954108e-05,0.022563785183387895,14066,3412548.0,3570192
2021,csubj->attr,csubj,attr,85,2.5174391897755245e-05,0.026421442523726454,12748,3217084.0,3376447
2022,csubj->attr,csubj,attr,34,1.1669644714234427e-05,0.012193691772880298,10523,2788327.0,2913542
2023,csubj->attr,csubj,attr,132,4.310039420534791e-05,0.04478742260597654,11046,2947256.0,3062617
2024,csubj->attr,csubj,attr,128,3.5497379295044235e-05,0.03675557399715432,12862,3482465.0,3605900
2025,csubj->attr,csubj,attr,113,2.7075291113290447e-05,0.028081252732020105,15004,4024037.0,4173547
2026,csubj->attr,csubj,attr,45,3.214763336267103e-05,0.03346804842603487,4849,1344566.0,1399792
2019,csubj->aux,csubj,aux,11,4.476130019369435e-05,0.04624355217744071,912,237871.0,245748
2020,csubj->aux,csubj,aux,106,2.9690279962534226e-05,0.031061834148559963,14066,3412548.0,3570192
2021,csubj->aux,csubj,aux,122,3.613265660618988e-05,0.037922541034054444,12748,3217084.0,3376447
2022,csubj->aux,csubj,aux,164,5.628887450395429e-05,0.05881663090448143,10523,2788327.0,2913542
2023,csubj->aux,csubj,aux,185,6.040585551507094e-05,0.06277025137958833,11046,2947256.0,3062617
2024,csubj->aux,csubj,aux,215,5.962450428464461e-05,0.061737878198345135,12862,3482465.0,3605900
2025,csubj->aux,csubj,aux,255,6.109910826450499e-05,0.06336919864305424,15004,4024037.0,4173547
2026,csubj->aux,csubj,aux,84,6.0008915610319245e-05,0.06247369039526508,4849,1344566.0,1399792
2019,csubj->auxpass,csubj,auxpass,7,2.848446375962368e-05,0.029427715022007726,912,237871.0,245748
2020,csubj->auxpass,csubj,auxpass,77,2.1567467519954108e-05,0.022563785183387895,14066,3412548.0,3570192
2021,csubj->auxpass,csubj,auxpass,86,2.5470561214199423e-05,0.026732283024005588,12748,3217084.0,3376447
2022,csubj->auxpass,csubj,auxpass,97,3.329280992002175e-05,0.03478788535204085,10523,2788327.0,2913542
2023,csubj->auxpass,csubj,auxpass,82,2.6774487309382792e-05,0.027822489800682398,11046,2947256.0,3062617
2024,csubj->auxpass,csubj,auxpass,130,3.6052025846529296e-05,0.03732987984085985,12862,3482465.0,3605900
2025,csubj->auxpass,csubj,auxpass,134,3.210698238213203e-05,0.03329989262027163,15004,4024037.0,4173547
2026,csubj->auxpass,csubj,auxpass,47,3.357641706767863e-05,0.03495551724496975,4849,1344566.0,1399792
2019,csubj->cc,csubj,cc,15,6.103813662776503e-05,0.0630593893328737,912,237871.0,245748
2020,csubj->cc,csubj,cc,178,4.985726257859521e-05,0.05216043847588371,14066,3412548.0,3570192
2021,csubj->cc,csubj,cc,149,4.4129228150182724e-05,0.04631523454159108,12748,3217084.0,3376447
2022,csubj->cc,csubj,cc,121,4.1530206188893105e-05,0.04339519719172105,10523,2788327.0,2913542
2023,csubj->cc,csubj,cc,125,4.0814767239912796e-05,0.04241233201323536,11046,2947256.0,3062617
2024,csubj->cc,csubj,cc,174,4.825424997920075e-05,0.04996460840238165,12862,3482465.0,3605900
2025,csubj->cc,csubj,cc,226,5.4150582226580894e-05,0.05616250546404021,15004,4024037.0,4173547
2026,csubj->cc,csubj,cc,81,5.786574005280785e-05,0.060242487166862764,4849,1344566.0,1399792
2019,csubj->ccomp,csubj,ccomp,3,1.2207627325553006e-05,0.01261187786657474,912,237871.0,245748
2020,csubj->ccomp,csubj,ccomp,72,2.0166982616060984e-05,0.021098604327323748,14066,3412548.0,3570192
2021,csubj->ccomp,csubj,ccomp,65,1.9251005568871657e-05,0.02020463251814376,12748,3217084.0,3376447
2022,csubj->ccomp,csubj,ccomp,51,1.750446707135164e-05,0.018290537659320445,10523,2788327.0,2913542
2023,csubj->ccomp,csubj,ccomp,63,2.0570642688916047e-05,0.021375815334670624,11046,2947256.0,3062617
2024,csubj->ccomp,csubj,ccomp,85,2.357247843811531e-05,0.024407998357485288,12862,3482465.0,3605900
2025,csubj->ccomp,csubj,ccomp,109,2.611687372874919e-05,0.027087226086638865,15004,4024037.0,4173547
2026,csubj->ccomp,csubj,ccomp,33,2.357493113262542e-05,0.02454323551242557,4849,1344566.0,1399792
2020,csubj->compound,csubj,compound,9,2.520872827007623e-06,0.0026373255409154685,14066,3412548.0,3570192
2021,csubj->compound,csubj,compound,5,1.4808465822208967e-06,0.0015542025013956739,12748,3217084.0,3376447
2022,csubj->compound,csubj,compound,8,2.7457987562904533e-06,0.00286910394656007,10523,2788327.0,2913542
2023,csubj->compound,csubj,compound,15,4.897772068789535e-06,0.005089479841588244,11046,2947256.0,3062617
2024,csubj->compound,csubj,compound,8,2.2185862059402647e-06,0.002297223374822145,12862,3482465.0,3605900
2025,csubj->compound,csubj,compound,15,3.594065192029705e-06,0.0037275999201796606,15004,4024037.0,4173547
2026,csubj->compound,csubj,compound,8,5.7151348200304045e-06,0.005949875275739532,4849,1344566.0,1399792
2019,csubj->conj,csubj,conj,16,6.51073457362827e-05,0.06726334862173194,912,237871.0,245748
2020,csubj->conj,csubj,conj,205,5.741988105961808e-05,0.060072415098630115,14066,3412548.0,3570192
2021,csubj->conj,csubj,conj,178,5.271813832706392e-05,0.055329609049685986,12748,3217084.0,3376447
2022,csubj->conj,csubj,conj,147,5.045405214683708e-05,0.05271978501804128,10523,2788327.0,2913542
2023,csubj->conj,csubj,conj,166,5.420201089460419e-05,0.05632357691357656,11046,2947256.0,3062617
2024,csubj->conj,csubj,conj,222,6.156576721484234e-05,0.06374794865131451,12862,3482465.0,3605900
2025,csubj->conj,csubj,conj,299,7.164169949445879e-05,0.0743034917422479,15004,4024037.0,4173547
2026,csubj->conj,csubj,conj,106,7.572553636540285e-05,0.0788358474035488,4849,1344566.0,1399792
2020,csubj->csubj,csubj,csubj,24,6.722327538686995e-06,0.007032868109107916,14066,3412548.0,3570192
2021,csubj->csubj,csubj,csubj,7,2.0731852151092556e-06,0.0021758835019539432,12748,3217084.0,3376447
2022,csubj->csubj,csubj,csubj,12,4.11869813443568e-06,0.004303655919840105,10523,2788327.0,2913542
2023,csubj->csubj,csubj,csubj,11,3.591699517112326e-06,0.0037322852171647117,11046,2947256.0,3062617
2024,csubj->csubj,csubj,csubj,19,5.2691422391081285e-06,0.005455905515202594,12862,3482465.0,3605900
2025,csubj->csubj,csubj,csubj,12,2.875252153623764e-06,0.0029820799361437284,15004,4024037.0,4173547
2026,csubj->csubj,csubj,csubj,6,4.286351115022804e-06,0.004462406456804649,4849,1344566.0,1399792
2020,csubj->csubjpass,csubj,csubjpass,1,2.800969807786248e-07,0.0002930361712128298,14066,3412548.0,3570192
2022,csubj->csubjpass,csubj,csubjpass,1,3.4322484453630666e-07,0.00035863799332000874,10523,2788327.0,2913542
2023,csubj->csubjpass,csubj,csubjpass,1,3.2651813791930233e-07,0.0003392986561058829,11046,2947256.0,3062617
2025,csubj->csubjpass,csubj,csubjpass,3,7.18813038405941e-07,0.0007455199840359321,15004,4024037.0,4173547
2019,csubj->dative,csubj,dative,1,4.069209108517669e-06,0.0042039592888582465,912,237871.0,245748
2020,csubj->dative,csubj,dative,6,1.6805818846717488e-06,0.001758217027276979,14066,3412548.0,3570192
2021,csubj->dative,csubj,dative,13,3.850201113774331e-06,0.004040926503628753,12748,3217084.0,3376447
2022,csubj->dative,csubj,dative,9,3.08902360082676e-06,0.0032277419398800784,10523,2788327.0,2913542
2023,csubj->dative,csubj,dative,9,2.938663241273721e-06,0.003053687904952946,11046,2947256.0,3062617
2024,csubj->dative,csubj,dative,7,1.9412629301977313e-06,0.0020100704529693765,12862,3482465.0,3605900
2025,csubj->dative,csubj,dative,8,1.9168347690825093e-06,0.0019880532907624853,15004,4024037.0,4173547
2026,csubj->dative,csubj,dative,1,7.143918525038006e-07,0.0007437344094674415,4849,1344566.0,1399792
2019,csubj->dep,csubj,dep,2,8.138418217035338e-06,0.008407918577716493,912,237871.0,245748
2020,csubj->dep,csubj,dep,22,6.162133577129745e-06,0.006446795766682256,14066,3412548.0,3570192
2021,csubj->dep,csubj,dep,14,4.146370430218511e-06,0.0043517670039078865,12748,3217084.0,3376447
2022,csubj->dep,csubj,dep,23,7.894171424335053e-06,0.0082486738463602,10523,2788327.0,2913542
2023,csubj->dep,csubj,dep,19,6.203844620466744e-06,0.0064466744660117755,11046,2947256.0,3062617
2024,csubj->dep,csubj,dep,25,6.933081893563327e-06,0.007178823046319203,12862,3482465.0,3605900
2025,csubj->dep,csubj,dep,29,6.948526037924097e-06,0.0072066931790140095,15004,4024037.0,4173547
2026,csubj->dep,csubj,dep,13,9.287094082549407e-06,0.00966854732307674,4849,1344566.0,1399792
2019,csubj->det,csubj,det,4,1.6276836434070675e-05,0.016815837155432986,912,237871.0,245748
2020,csubj->det,csubj,det,53,1.4845139981267113e-05,0.015530917074279981,14066,3412548.0,3570192
2021,csubj->det,csubj,det,51,1.5104635138653146e-05,0.015852865514235873,12748,3217084.0,3376447
2022,csubj->det,csubj,det,68,2.3339289428468854e-05,0.024387383545760595,10523,2788327.0,2913542
2023,csubj->det,csubj,det,66,2.1550197102673953e-05,0.02239371130298827,11046,2947256.0,3062617
2024,csubj->det,csubj,det,94,2.606838791979811e-05,0.026992374654160198,12862,3482465.0,3605900
2025,csubj->det,csubj,det,137,3.2825795420537973e-05,0.03404541260430756,15004,4024037.0,4173547
2026,csubj->det,csubj,det,39,2.7861282247648223e-05,0.029005641969230223,4849,1344566.0,1399792
2019,csubj->dobj,csubj,dobj,183,0.0007446652668587333,0.7693245498610591,912,237871.0,245748
2020,csubj->dobj,csubj,dobj,2723,0.0007627040786601953,0.7979374942125357,14066,3412548.0,3570192
2021,csubj->dobj,csubj,dobj,2620,0.0007759636090837499,0.8144021107313331,12748,3217084.0,3376447
2022,csubj->dobj,csubj,dobj,2249,0.0007719126753621537,0.8065768469766996,10523,2788327.0,2913542
2023,csubj->dobj,csubj,dobj,2618,0.0008548244850727335,0.8882838816852014,11046,2947256.0,3062617
2024,csubj->dobj,csubj,dobj,3362,0.0009323608530463961,0.9654081232690063,12862,3482465.0,3605900
2025,csubj->dobj,csubj,dobj,4239,0.0010156828232675947,1.053419737442772,15004,4024037.0,4173547
2026,csubj->dobj,csubj,dobj,1469,0.001049441631328083,1.0925458475076715,4849,1344566.0,1399792
2020,csubj->expl,csubj,expl,3,8.402909423358744e-07,0.0008791085136384895,14066,3412548.0,3570192
2021,csubj->expl,csubj,expl,1,2.9616931644417936e-07,0.0003108405002791348,12748,3217084.0,3376447
2022,csubj->expl,csubj,expl,2,6.864496890726133e-07,0.0007172759866400175,10523,2788327.0,2913542
2023,csubj->expl,csubj,expl,3,9.795544137579071e-07,0.0010178959683176485,11046,2947256.0,3062617
2025,csubj->expl,csubj,expl,3,7.18813038405941e-07,0.0007455199840359321,15004,4024037.0,4173547
2020,csubj->intj,csubj,intj,1,2.800969807786248e-07,0.0002930361712128298,14066,3412548.0,3570192
2021,csubj->intj,csubj,intj,1,2.9616931644417936e-07,0.0003108405002791348,12748,3217084.0,3376447
2023,csubj->intj,csubj,intj,1,3.2651813791930233e-07,0.0003392986561058829,11046,2947256.0,3062617
2024,csubj->intj,csubj,intj,1,2.773232757425331e-07,0.0002871529218527681,12862,3482465.0,3605900
2025,csubj->intj,csubj,intj,1,2.3960434613531366e-07,0.00024850666134531066,15004,4024037.0,4173547
2019,csubj->mark,csubj,mark,9,3.662288197665902e-05,0.03783563359972422,912,237871.0,245748
2020,csubj->mark,csubj,mark,91,2.5488825250854856e-05,0.026666291580367516,14066,3412548.0,3570192
2021,csubj->mark,csubj,mark,96,2.8432254378641217e-05,0.029840688026796937,12748,3217084.0,3376447
2022,csubj->mark,csubj,mark,88,3.0203786319194987e-05,0.03156014341216077,10523,2788327.0,2913542
2023,csubj->mark,csubj,mark,89,2.906011427481791e-05,0.030197580393423577,11046,2947256.0,3062617
2024,csubj->mark,csubj,mark,83,2.3017831886630243e-05,0.02383369251377975,12862,3482465.0,3605900
2025,csubj->mark,csubj,mark,139,3.33050041128086e-05,0.03454242592699819,15004,4024037.0,4173547
2026,csubj->mark,csubj,mark,75,5.3579388937785044e-05,0.05578008071005811,4849,1344566.0,1399792
2020,csubj->meta,csubj,meta,10,2.800969807786248e-06,0.0029303617121282984,14066,3412548.0,3570192
2021,csubj->meta,csubj,meta,8,2.369354531553435e-06,0.0024867240022330784,12748,3217084.0,3376447
2022,csubj->meta,csubj,meta,7,2.4025739117541465e-06,0.002510465953240061,10523,2788327.0,2913542
2023,csubj->meta,csubj,meta,2,6.530362758386047e-07,0.0006785973122117658,11046,2947256.0,3062617
2024,csubj->meta,csubj,meta,9,2.4959094816827976e-06,0.0025843762966749127,12862,3482465.0,3605900
2025,csubj->meta,csubj,meta,10,2.396043461353137e-06,0.0024850666134531066,15004,4024037.0,4173547
2026,csubj->meta,csubj,meta,3,2.143175557511402e-06,0.0022312032284023246,4849,1344566.0,1399792
2019,csubj->neg,csubj,neg,1,4.069209108517669e-06,0.0042039592888582465,912,237871.0,245748
2020,csubj->neg,csubj,neg,16,4.481551692457997e-06,0.004688578739405277,14066,3412548.0,3570192
2021,csubj->neg,csubj,neg,15,4.44253974666269e-06,0.004662607504187022,12748,3217084.0,3376447
2022,csubj->neg,csubj,neg,9,3.08902360082676e-06,0.0032277419398800784,10523,2788327.0,2913542
2023,csubj->neg,csubj,neg,12,3.9182176550316284e-06,0.004071583873270594,11046,2947256.0,3062617
2024,csubj->neg,csubj,neg,13,3.60520258465293e-06,0.003732987984085985,12862,3482465.0,3605900
2025,csubj->neg,csubj,neg,10,2.396043461353137e-06,0.0024850666134531066,15004,4024037.0,4173547
2026,csubj->neg,csubj,neg,2,1.4287837050076011e-06,0.001487468818934883,4849,1344566.0,1399792
2022,csubj->nmod,csubj,nmod,1,3.4322484453630666e-07,0.00035863799332000874,10523,2788327.0,2913542
2024,csubj->nmod,csubj,nmod,1,2.773232757425331e-07,0.0002871529218527681,12862,3482465.0,3605900
2025,csubj->nmod,csubj,nmod,3,7.18813038405941e-07,0.0007455199840359321,15004,4024037.0,4173547
2026,csubj->nmod,csubj,nmod,2,1.4287837050076011e-06,0.001487468818934883,4849,1344566.0,1399792
2019,csubj->npadvmod,csubj,npadvmod,5,2.034604554258834e-05,0.021019796444291236,912,237871.0,245748
2020,csubj->npadvmod,csubj,npadvmod,40,1.1203879231144992e-05,0.011721446848513194,14066,3412548.0,3570192
2021,csubj->npadvmod,csubj,npadvmod,24,7.108063594660304e-06,0.007460172006699234,12748,3217084.0,3376447
2022,csubj->npadvmod,csubj,npadvmod,28,9.610295647016586e-06,0.010041863812960244,10523,2788327.0,2913542
2023,csubj->npadvmod,csubj,npadvmod,44,1.4366798068449304e-05,0.014929140868658847,11046,2947256.0,3062617
2024,csubj->npadvmod,csubj,npadvmod,34,9.428991375246124e-06,0.009763199342994116,12862,3482465.0,3605900
2025,csubj->npadvmod,csubj,npadvmod,45,1.0782195576089116e-05,0.011182799760538981,15004,4024037.0,4173547
2026,csubj->npadvmod,csubj,npadvmod,24,1.7145404460091215e-05,0.017849625827218597,4849,1344566.0,1399792
2019,csubj->nsubj,csubj,nsubj,34,0.00013835310968960074,0.1429346158211804,912,237871.0,245748
2020,csubj->nsubj,csubj,nsubj,468,0.0001310853870043964,0.13714092812760437,14066,3412548.0,3570192
2021,csubj->nsubj,csubj,nsubj,490,0.0001451229650576479,0.15231184513677604,12748,3217084.0,3376447
2022,csubj->nsubj,csubj,nsubj,466,0.0001599427775539189,0.16712530488712407,10523,2788327.0,2913542
2023,csubj->nsubj,csubj,nsubj,546,0.00017827890330393908,0.18525706623381205,11046,2947256.0,3062617
2024,csubj->nsubj,csubj,nsubj,600,0.00016639396544551984,0.17229175311166084,12862,3482465.0,3605900
2025,csubj->nsubj,csubj,nsubj,731,0.0001751507770249143,0.1816583694434221,15004,4024037.0,4173547
2026,csubj->nsubj,csubj,nsubj,277,0.00019788654314355277,0.20601443142248133,4849,1344566.0,1399792
2019,csubj->nsubjpass,csubj,nsubjpass,7,2.848446375962368e-05,0.029427715022007726,912,237871.0,245748
2020,csubj->nsubjpass,csubj,nsubjpass,70,1.9606788654503734e-05,0.020512531984898087,14066,3412548.0,3570192
2021,csubj->nsubjpass,csubj,nsubjpass,77,2.280503736620181e-05,0.023934718521493377,12748,3217084.0,3376447
2022,csubj->nsubjpass,csubj,nsubjpass,84,2.883088694104976e-05,0.030125591438880734,10523,2788327.0,2913542
2023,csubj->nsubjpass,csubj,nsubjpass,78,2.5468414757705584e-05,0.026465295176258865,11046,2947256.0,3062617
2024,csubj->nsubjpass,csubj,nsubjpass,129,3.5774702570786765e-05,0.03704272691900708,12862,3482465.0,3605900
2025,csubj->nsubjpass,csubj,nsubjpass,127,3.0429751959184836e-05,0.03156034599085446,15004,4024037.0,4173547
2026,csubj->nsubjpass,csubj,nsubjpass,42,3.0004457805159622e-05,0.03123684519763254,4849,1344566.0,1399792
2022,csubj->nummod,csubj,nummod,1,3.4322484453630666e-07,0.00035863799332000874,10523,2788327.0,2913542
2020,csubj->oprd,csubj,oprd,5,1.400484903893124e-06,0.0014651808560641492,14066,3412548.0,3570192
2021,csubj->oprd,csubj,oprd,7,2.0731852151092556e-06,0.0021758835019539432,12748,3217084.0,3376447
2022,csubj->oprd,csubj,oprd,11,3.7754732898993733e-06,0.003945017926520096,10523,2788327.0,2913542
2023,csubj->oprd,csubj,oprd,5,1.6325906895965118e-06,0.0016964932805294145,11046,2947256.0,3062617
2024,csubj->oprd,csubj,oprd,10,2.7732327574253305e-06,0.0028715292185276806,12862,3482465.0,3605900
2025,csubj->oprd,csubj,oprd,6,1.437626076811882e-06,0.0014910399680718642,15004,4024037.0,4173547
2026,csubj->oprd,csubj,oprd,5,3.571959262519003e-06,0.0037186720473372076,4849,1344566.0,1399792
2020,csubj->parataxis,csubj,parataxis,3,8.402909423358744e-07,0.0008791085136384895,14066,3412548.0,3570192
2021,csubj->parataxis,csubj,parataxis,4,1.1846772657767174e-06,0.0012433620011165392,12748,3217084.0,3376447
2022,csubj->parataxis,csubj,parataxis,3,1.02967453360892e-06,0.0010759139799600263,10523,2788327.0,2913542
2023,csubj->parataxis,csubj,parataxis,1,3.2651813791930233e-07,0.0003392986561058829,11046,2947256.0,3062617
2024,csubj->parataxis,csubj,parataxis,4,1.1092931029701323e-06,0.0011486116874110724,12862,3482465.0,3605900
2025,csubj->parataxis,csubj,parataxis,3,7.18813038405941e-07,0.0007455199840359321,15004,4024037.0,4173547
2026,csubj->parataxis,csubj,parataxis,1,7.143918525038006e-07,0.0007437344094674415,4849,1344566.0,1399792
2019,csubj->pcomp,csubj,pcomp,1,4.069209108517669e-06,0.0042039592888582465,912,237871.0,245748
2021,csubj->pcomp,csubj,pcomp,1,2.9616931644417936e-07,0.0003108405002791348,12748,3217084.0,3376447
2023,csubj->pcomp,csubj,pcomp,1,3.2651813791930233e-07,0.0003392986561058829,11046,2947256.0,3062617
2019,csubj->pobj,csubj,pobj,4,1.6276836434070675e-05,0.016815837155432986,912,237871.0,245748
2020,csubj->pobj,csubj,pobj,15,4.201454711679372e-06,0.004395542568192448,14066,3412548.0,3570192
2021,csubj->pobj,csubj,pobj,19,5.627217012439407e-06,0.00590596950530356,12748,3217084.0,3376447
2022,csubj->pobj,csubj,pobj,18,6.17804720165352e-06,0.006455483879760157,10523,2788327.0,2913542
2023,csubj->pobj,csubj,pobj,11,3.591699517112326e-06,0.0037322852171647117,11046,2947256.0,3062617
2024,csubj->pobj,csubj,pobj,10,2.7732327574253305e-06,0.0028715292185276806,12862,3482465.0,3605900
2025,csubj->pobj,csubj,pobj,19,4.55248257657096e-06,0.004721626565560903,15004,4024037.0,4173547
2026,csubj->pobj,csubj,pobj,3,2.143175557511402e-06,0.0022312032284023246,4849,1344566.0,1399792
2025,csubj->poss,csubj,poss,3,7.18813038405941e-07,0.0007455199840359321,15004,4024037.0,4173547
2019,csubj->preconj,csubj,preconj,1,4.069209108517669e-06,0.0042039592888582465,912,237871.0,245748
2020,csubj->preconj,csubj,preconj,1,2.800969807786248e-07,0.0002930361712128298,14066,3412548.0,3570192
2022,csubj->preconj,csubj,preconj,1,3.4322484453630666e-07,0.00035863799332000874,10523,2788327.0,2913542
2023,csubj->preconj,csubj,preconj,2,6.530362758386047e-07,0.0006785973122117658,11046,2947256.0,3062617
2024,csubj->preconj,csubj,preconj,1,2.773232757425331e-07,0.0002871529218527681,12862,3482465.0,3605900
2025,csubj->preconj,csubj,preconj,2,4.792086922706273e-07,0.0004970133226906213,15004,4024037.0,4173547
2026,csubj->preconj,csubj,preconj,1,7.143918525038006e-07,0.0007437344094674415,4849,1344566.0,1399792
2019,csubj->prep,csubj,prep,80,0.00032553672868141346,0.3363167431086598,912,237871.0,245748
2020,csubj->prep,csubj,prep,1018,0.00028513872643264005,0.29831082229466077,14066,3412548.0,3570192
2021,csubj->prep,csubj,prep,953,0.0002822493585713029,0.29623099676601544,12748,3217084.0,3376447
2022,csubj->prep,csubj,prep,880,0.0003020378631919499,0.3156014341216077,10523,2788327.0,2913542
2023,csubj->prep,csubj,prep,924,0.00030170275943743535,0.3135119582418358,11046,2947256.0,3062617
2024,csubj->prep,csubj,prep,1085,0.0003008957541806484,0.3115609202102534,12862,3482465.0,3605900
2025,csubj->prep,csubj,prep,1241,0.00029734899355392426,0.3083967667295306,15004,4024037.0,4173547
2026,csubj->prep,csubj,prep,558,0.0003986306536971207,0.41500380048283236,4849,1344566.0,1399792
2019,csubj->prt,csubj,prt,1,4.069209108517669e-06,0.0042039592888582465,912,237871.0,245748
2020,csubj->prt,csubj,prt,16,4.481551692457997e-06,0.004688578739405277,14066,3412548.0,3570192
2021,csubj->prt,csubj,prt,23,6.8118942782161244e-06,0.0071493315064200995,12748,3217084.0,3376447
2022,csubj->prt,csubj,prt,15,5.1483726680446e-06,0.005379569899800131,10523,2788327.0,2913542
2023,csubj->prt,csubj,prt,9,2.938663241273721e-06,0.003053687904952946,11046,2947256.0,3062617
2024,csubj->prt,csubj,prt,27,7.487728445048393e-06,0.0077531288900247386,12862,3482465.0,3605900
2025,csubj->prt,csubj,prt,17,4.073273884300333e-06,0.004224613242870282,15004,4024037.0,4173547
2026,csubj->prt,csubj,prt,6,4.286351115022804e-06,0.004462406456804649,4849,1344566.0,1399792
2020,csubj->relcl,csubj,relcl,3,8.402909423358744e-07,0.0008791085136384895,14066,3412548.0,3570192
2021,csubj->relcl,csubj,relcl,1,2.9616931644417936e-07,0.0003108405002791348,12748,3217084.0,3376447
2019,csubj->xcomp,csubj,xcomp,13,5.289971841072969e-05,0.05465147075515721,912,237871.0,245748
2020,csubj->xcomp,csubj,xcomp,77,2.1567467519954108e-05,0.022563785183387895,14066,3412548.0,3570192
2021,csubj->xcomp,csubj,xcomp,96,2.8432254378641217e-05,0.029840688026796937,12748,3217084.0,3376447
2022,csubj->xcomp,csubj,xcomp,59,2.0250265827642092e-05,0.021159641605880516,10523,2788327.0,2913542
2023,csubj->xcomp,csubj,xcomp,93,3.0366186826495118e-05,0.031554775017847106,11046,2947256.0,3062617
2024,csubj->xcomp,csubj,xcomp,94,2.606838791979811e-05,0.026992374654160198,12862,3482465.0,3605900
2025,csubj->xcomp,csubj,xcomp,123,2.9471334574643584e-05,0.030566319345473214,15004,4024037.0,4173547
2026,csubj->xcomp,csubj,xcomp,42,3.0004457805159622e-05,0.03123684519763254,4849,1344566.0,1399792
2022,csubjpass->acl,csubjpass,acl,2,6.864496890726133e-07,0.0007172759866400175,10523,2788327.0,2913542
2023,csubjpass->acl,csubjpass,acl,1,3.2651813791930233e-07,0.0003392986561058829,11046,2947256.0,3062617
2025,csubjpass->acl,csubjpass,acl,1,2.3960434613531366e-07,0.00024850666134531066,15004,4024037.0,4173547
2019,csubjpass->acomp,csubjpass,acomp,1,4.069209108517669e-06,0.0042039592888582465,912,237871.0,245748
2020,csubjpass->acomp,csubjpass,acomp,15,4.201454711679372e-06,0.004395542568192448,14066,3412548.0,3570192
2021,csubjpass->acomp,csubjpass,acomp,10,2.9616931644417935e-06,0.0031084050027913477,12748,3217084.0,3376447
2022,csubjpass->acomp,csubjpass,acomp,10,3.4322484453630665e-06,0.0035863799332000873,10523,2788327.0,2913542
2023,csubjpass->acomp,csubjpass,acomp,8,2.6121451033544187e-06,0.0027143892488470634,11046,2947256.0,3062617
2024,csubjpass->acomp,csubjpass,acomp,10,2.7732327574253305e-06,0.0028715292185276806,12862,3482465.0,3605900
2025,csubjpass->acomp,csubjpass,acomp,7,1.6772304229471957e-06,0.0017395466294171749,15004,4024037.0,4173547
2026,csubjpass->acomp,csubjpass,acomp,3,2.143175557511402e-06,0.0022312032284023246,4849,1344566.0,1399792
2019,csubjpass->advcl,csubjpass,advcl,1,4.069209108517669e-06,0.0042039592888582465,912,237871.0,245748
2020,csubjpass->advcl,csubjpass,advcl,20,5.601939615572496e-06,0.005860723424256597,14066,3412548.0,3570192
2021,csubjpass->advcl,csubjpass,advcl,17,5.034878379551049e-06,0.0052842885047452905,12748,3217084.0,3376447
2022,csubjpass->advcl,csubjpass,advcl,13,4.461922978971987e-06,0.004662293913160113,10523,2788327.0,2913542
2023,csubjpass->advcl,csubjpass,advcl,17,5.55080834462814e-06,0.005768077153800009,11046,2947256.0,3062617
2024,csubjpass->advcl,csubjpass,advcl,31,8.597021548018524e-06,0.008901740577435811,12862,3482465.0,3605900
2025,csubjpass->advcl,csubjpass,advcl,17,4.073273884300333e-06,0.004224613242870282,15004,4024037.0,4173547
2026,csubjpass->advcl,csubjpass,advcl,9,6.429526672534205e-06,0.006693609685206974,4849,1344566.0,1399792
2019,csubjpass->advmod,csubjpass,advmod,4,1.6276836434070675e-05,0.016815837155432986,912,237871.0,245748
2020,csubjpass->advmod,csubjpass,advmod,60,1.680581884671749e-05,0.01758217027276979,14066,3412548.0,3570192
2021,csubjpass->advmod,csubjpass,advmod,44,1.3031449923543891e-05,0.01367698201228193,12748,3217084.0,3376447
2022,csubjpass->advmod,csubjpass,advmod,72,2.471218880661408e-05,0.025821935519040627,10523,2788327.0,2913542
2023,csubjpass->advmod,csubjpass,advmod,72,2.350930593018977e-05,0.02442950323962357,11046,2947256.0,3062617
2024,csubjpass->advmod,csubjpass,advmod,82,2.2740508610887712e-05,0.02354653959192698,12862,3482465.0,3605900
2025,csubjpass->advmod,csubjpass,advmod,74,1.773072161401321e-05,0.01838949293955299,15004,4024037.0,4173547
2026,csubjpass->advmod,csubjpass,advmod,26,1.8574188165098813e-05,0.01933709464615348,4849,1344566.0,1399792
2020,csubjpass->agent,csubjpass,agent,2,5.601939615572496e-07,0.0005860723424256596,14066,3412548.0,3570192
2021,csubjpass->agent,csubjpass,agent,1,2.9616931644417936e-07,0.0003108405002791348,12748,3217084.0,3376447
2023,csubjpass->agent,csubjpass,agent,1,3.2651813791930233e-07,0.0003392986561058829,11046,2947256.0,3062617
2025,csubjpass->agent,csubjpass,agent,2,4.792086922706273e-07,0.0004970133226906213,15004,4024037.0,4173547
2020,csubjpass->amod,csubjpass,amod,2,5.601939615572496e-07,0.0005860723424256596,14066,3412548.0,3570192
2022,csubjpass->amod,csubjpass,amod,5,1.7161242226815333e-06,0.0017931899666000436,10523,2788327.0,2913542
2023,csubjpass->amod,csubjpass,amod,2,6.530362758386047e-07,0.0006785973122117658,11046,2947256.0,3062617
2024,csubjpass->amod,csubjpass,amod,1,2.773232757425331e-07,0.0002871529218527681,12862,3482465.0,3605900
2025,csubjpass->amod,csubjpass,amod,2,4.792086922706273e-07,0.0004970133226906213,15004,4024037.0,4173547
2023,csubjpass->appos,csubjpass,appos,1,3.2651813791930233e-07,0.0003392986561058829,11046,2947256.0,3062617
2025,csubjpass->appos,csubjpass,appos,1,2.3960434613531366e-07,0.00024850666134531066,15004,4024037.0,4173547
2019,csubjpass->attr,csubjpass,attr,1,4.069209108517669e-06,0.0042039592888582465,912,237871.0,245748
2020,csubjpass->attr,csubjpass,attr,22,6.162133577129745e-06,0.006446795766682256,14066,3412548.0,3570192
2021,csubjpass->attr,csubjpass,attr,15,4.44253974666269e-06,0.004662607504187022,12748,3217084.0,3376447
2022,csubjpass->attr,csubjpass,attr,17,5.834822357117213e-06,0.006096845886440149,10523,2788327.0,2913542
2023,csubjpass->attr,csubjpass,attr,18,5.877326482547442e-06,0.006107375809905892,11046,2947256.0,3062617
2024,csubjpass->attr,csubjpass,attr,19,5.2691422391081285e-06,0.005455905515202594,12862,3482465.0,3605900
2025,csubjpass->attr,csubjpass,attr,14,3.3544608458943914e-06,0.0034790932588343497,15004,4024037.0,4173547
2026,csubjpass->attr,csubjpass,attr,5,3.571959262519003e-06,0.0037186720473372076,4849,1344566.0,1399792
2019,csubjpass->aux,csubjpass,aux,5,2.034604554258834e-05,0.021019796444291236,912,237871.0,245748
2020,csubjpass->aux,csubjpass,aux,35,9.803394327251867e-06,0.010256265992449044,14066,3412548.0,3570192
2021,csubjpass->aux,csubjpass,aux,32,9.47741812621374e-06,0.009946896008932313,12748,3217084.0,3376447
2022,csubjpass->aux,csubjpass,aux,40,1.3728993781452266e-05,0.01434551973280035,10523,2788327.0,2913542
2023,csubjpass->aux,csubjpass,aux,40,1.3060725516772094e-05,0.013571946244235316,11046,2947256.0,3062617
2024,csubjpass->aux,csubjpass,aux,40,1.1092931029701322e-05,0.011486116874110722,12862,3482465.0,3605900
2025,csubjpass->aux,csubjpass,aux,35,8.38615211473598e-06,0.008697733147085874,15004,4024037.0,4173547
2026,csubjpass->aux,csubjpass,aux,11,7.858310377541807e-06,0.008181078504141856,4849,1344566.0,1399792
2019,csubjpass->auxpass,csubjpass,auxpass,1,4.069209108517669e-06,0.0042039592888582465,912,237871.0,245748
2020,csubjpass->auxpass,csubjpass,auxpass,19,5.321842634793871e-06,0.0055676872530437665,14066,3412548.0,3570192
2021,csubjpass->auxpass,csubjpass,auxpass,23,6.8118942782161244e-06,0.0071493315064200995,12748,3217084.0,3376447
2022,csubjpass->auxpass,csubjpass,auxpass,22,7.550946579798747e-06,0.007890035853040192,10523,2788327.0,2913542
2023,csubjpass->auxpass,csubjpass,auxpass,32,1.0448580413417675e-05,0.010857556995388254,11046,2947256.0,3062617
2024,csubjpass->auxpass,csubjpass,auxpass,27,7.487728445048393e-06,0.0077531288900247386,12862,3482465.0,3605900
2025,csubjpass->auxpass,csubjpass,auxpass,45,1.0782195576089116e-05,0.011182799760538981,15004,4024037.0,4173547
2026,csubjpass->auxpass,csubjpass,auxpass,13,9.287094082549407e-06,0.00966854732307674,4849,1344566.0,1399792
2019,csubjpass->cc,csubjpass,cc,3,1.2207627325553006e-05,0.01261187786657474,912,237871.0,245748
2020,csubjpass->cc,csubjpass,cc,14,3.921357730900747e-06,0.004102506396979617,14066,3412548.0,3570192
2021,csubjpass->cc,csubjpass,cc,13,3.850201113774331e-06,0.004040926503628753,12748,3217084.0,3376447
2022,csubjpass->cc,csubjpass,cc,20,6.864496890726133e-06,0.007172759866400175,10523,2788327.0,2913542
2023,csubjpass->cc,csubjpass,cc,15,4.897772068789535e-06,0.005089479841588244,11046,2947256.0,3062617
2024,csubjpass->cc,csubjpass,cc,19,5.2691422391081285e-06,0.005455905515202594,12862,3482465.0,3605900
2025,csubjpass->cc,csubjpass,cc,20,4.792086922706274e-06,0.004970133226906213,15004,4024037.0,4173547
2026,csubjpass->cc,csubjpass,cc,8,5.7151348200304045e-06,0.005949875275739532,4849,1344566.0,1399792
2019,csubjpass->ccomp,csubjpass,ccomp,1,4.069209108517669e-06,0.0042039592888582465,912,237871.0,245748
2020,csubjpass->ccomp,csubjpass,ccomp,2,5.601939615572496e-07,0.0005860723424256596,14066,3412548.0,3570192
2021,csubjpass->ccomp,csubjpass,ccomp,4,1.1846772657767174e-06,0.0012433620011165392,12748,3217084.0,3376447
2022,csubjpass->ccomp,csubjpass,ccomp,3,1.02967453360892e-06,0.0010759139799600263,10523,2788327.0,2913542
2023,csubjpass->ccomp,csubjpass,ccomp,6,1.9591088275158142e-06,0.002035791936635297,11046,2947256.0,3062617
2024,csubjpass->ccomp,csubjpass,ccomp,7,1.9412629301977313e-06,0.0020100704529693765,12862,3482465.0,3605900
2025,csubjpass->ccomp,csubjpass,ccomp,4,9.584173845412547e-07,0.0009940266453812427,15004,4024037.0,4173547
2026,csubjpass->ccomp,csubjpass,ccomp,4,2.8575674100152022e-06,0.002974937637869766,4849,1344566.0,1399792
2020,csubjpass->compound,csubjpass,compound,2,5.601939615572496e-07,0.0005860723424256596,14066,3412548.0,3570192
2021,csubjpass->compound,csubjpass,compound,1,2.9616931644417936e-07,0.0003108405002791348,12748,3217084.0,3376447
2022,csubjpass->compound,csubjpass,compound,2,6.864496890726133e-07,0.0007172759866400175,10523,2788327.0,2913542
2023,csubjpass->compound,csubjpass,compound,1,3.2651813791930233e-07,0.0003392986561058829,11046,2947256.0,3062617
2026,csubjpass->compound,csubjpass,compound,1,7.143918525038006e-07,0.0007437344094674415,4849,1344566.0,1399792
2019,csubjpass->conj,csubjpass,conj,3,1.2207627325553006e-05,0.01261187786657474,912,237871.0,245748
2020,csubjpass->conj,csubjpass,conj,21,5.8820365963511205e-06,0.006153759595469426,14066,3412548.0,3570192
2021,csubjpass->conj,csubjpass,conj,24,7.108063594660304e-06,0.007460172006699234,12748,3217084.0,3376447
2022,csubjpass->conj,csubjpass,conj,25,8.580621113407667e-06,0.00896594983300022,10523,2788327.0,2913542
2023,csubjpass->conj,csubjpass,conj,19,6.203844620466744e-06,0.0064466744660117755,11046,2947256.0,3062617
2024,csubjpass->conj,csubjpass,conj,22,6.101112066335728e-06,0.006317364280760898,12862,3482465.0,3605900
2025,csubjpass->conj,csubjpass,conj,30,7.18813038405941e-06,0.007455199840359321,15004,4024037.0,4173547
2026,csubjpass->conj,csubjpass,conj,8,5.7151348200304045e-06,0.005949875275739532,4849,1344566.0,1399792
2020,csubjpass->csubj,csubjpass,csubj,1,2.800969807786248e-07,0.0002930361712128298,14066,3412548.0,3570192
2022,csubjpass->csubj,csubjpass,csubj,1,3.4322484453630666e-07,0.00035863799332000874,10523,2788327.0,2913542
2025,csubjpass->csubj,csubjpass,csubj,1,2.3960434613531366e-07,0.00024850666134531066,15004,4024037.0,4173547
2026,csubjpass->csubj,csubjpass,csubj,1,7.143918525038006e-07,0.0007437344094674415,4849,1344566.0,1399792
2020,csubjpass->dative,csubjpass,dative,2,5.601939615572496e-07,0.0005860723424256596,14066,3412548.0,3570192
2021,csubjpass->dative,csubjpass,dative,2,5.923386328883587e-07,0.0006216810005582696,12748,3217084.0,3376447
2023,csubjpass->dative,csubjpass,dative,1,3.2651813791930233e-07,0.0003392986561058829,11046,2947256.0,3062617
2024,csubjpass->dative,csubjpass,dative,1,2.773232757425331e-07,0.0002871529218527681,12862,3482465.0,3605900
2025,csubjpass->dative,csubjpass,dative,3,7.18813038405941e-07,0.0007455199840359321,15004,4024037.0,4173547
2020,csubjpass->dep,csubjpass,dep,9,2.520872827007623e-06,0.0026373255409154685,14066,3412548.0,3570192
2021,csubjpass->dep,csubjpass,dep,7,2.0731852151092556e-06,0.0021758835019539432,12748,3217084.0,3376447
2022,csubjpass->dep,csubjpass,dep,23,7.894171424335053e-06,0.0082486738463602,10523,2788327.0,2913542
2023,csubjpass->dep,csubjpass,dep,7,2.2856269654351162e-06,0.00237509059274118,11046,2947256.0,3062617
2024,csubjpass->dep,csubjpass,dep,7,1.9412629301977313e-06,0.0020100704529693765,12862,3482465.0,3605900
2025,csubjpass->dep,csubjpass,dep,15,3.594065192029705e-06,0.0037275999201796606,15004,4024037.0,4173547
2026,csubjpass->dep,csubjpass,dep,6,4.286351115022804e-06,0.004462406456804649,4849,1344566.0,1399792
2019,csubjpass->det,csubjpass,det,1,4.069209108517669e-06,0.0042039592888582465,912,237871.0,245748
2020,csubjpass->det,csubjpass,det,6,1.6805818846717488e-06,0.001758217027276979,14066,3412548.0,3570192
2022,csubjpass->det,csubjpass,det,2,6.864496890726133e-07,0.0007172759866400175,10523,2788327.0,2913542
2023,csubjpass->det,csubjpass,det,3,9.795544137579071e-07,0.0010178959683176485,11046,2947256.0,3062617
2024,csubjpass->det,csubjpass,det,3,8.319698272275992e-07,0.0008614587655583042,12862,3482465.0,3605900
2025,csubjpass->det,csubjpass,det,5,1.1980217306765685e-06,0.0012425333067265533,15004,4024037.0,4173547
2026,csubjpass->det,csubjpass,det,3,2.143175557511402e-06,0.0022312032284023246,4849,1344566.0,1399792
2019,csubjpass->dobj,csubjpass,dobj,22,8.95226003873887e-05,0.09248710435488142,912,237871.0,245748
2020,csubjpass->dobj,csubjpass,dobj,316,8.851064592604543e-05,0.09259943010325422,14066,3412548.0,3570192
2021,csubjpass->dobj,csubjpass,dobj,287,8.500059381947948e-05,0.08921122358011169,12748,3217084.0,3376447
2022,csubjpass->dobj,csubjpass,dobj,311,0.00010674292665079138,0.11153641592252271,10523,2788327.0,2913542
2023,csubjpass->dobj,csubjpass,dobj,298,9.73024050999521e-05,0.1011109995195531,11046,2947256.0,3062617
2024,csubjpass->dobj,csubjpass,dobj,323,8.957541806483818e-05,0.0927503937584441,12862,3482465.0,3605900
2025,csubjpass->dobj,csubjpass,dobj,368,8.817439937779543e-05,0.09145045137507433,15004,4024037.0,4173547
2026,csubjpass->dobj,csubjpass,dobj,127,9.072776526798268e-05,0.09445427000236507,4849,1344566.0,1399792
2022,csubjpass->intj,csubjpass,intj,1,3.4322484453630666e-07,0.00035863799332000874,10523,2788327.0,2913542
2023,csubjpass->intj,csubjpass,intj,1,3.2651813791930233e-07,0.0003392986561058829,11046,2947256.0,3062617
2019,csubjpass->mark,csubjpass,mark,1,4.069209108517669e-06,0.0042039592888582465,912,237871.0,245748
2020,csubjpass->mark,csubjpass,mark,13,3.641260750122122e-06,0.0038094702257667878,14066,3412548.0,3570192
2021,csubjpass->mark,csubjpass,mark,8,2.369354531553435e-06,0.0024867240022330784,12748,3217084.0,3376447
2022,csubjpass->mark,csubjpass,mark,8,2.7457987562904533e-06,0.00286910394656007,10523,2788327.0,2913542
2023,csubjpass->mark,csubjpass,mark,5,1.6325906895965118e-06,0.0016964932805294145,11046,2947256.0,3062617
2024,csubjpass->mark,csubjpass,mark,4,1.1092931029701323e-06,0.0011486116874110724,12862,3482465.0,3605900
2025,csubjpass->mark,csubjpass,mark,4,9.584173845412547e-07,0.0009940266453812427,15004,4024037.0,4173547
2026,csubjpass->mark,csubjpass,mark,3,2.143175557511402e-06,0.0022312032284023246,4849,1344566.0,1399792
2021,csubjpass->meta,csubjpass,meta,1,2.9616931644417936e-07,0.0003108405002791348,12748,3217084.0,3376447
2022,csubjpass->meta,csubjpass,meta,1,3.4322484453630666e-07,0.00035863799332000874,10523,2788327.0,2913542
2024,csubjpass->meta,csubjpass,meta,1,2.773232757425331e-07,0.0002871529218527681,12862,3482465.0,3605900
2026,csubjpass->meta,csubjpass,meta,1,7.143918525038006e-07,0.0007437344094674415,4849,1344566.0,1399792
2020,csubjpass->neg,csubjpass,neg,2,5.601939615572496e-07,0.0005860723424256596,14066,3412548.0,3570192
2021,csubjpass->neg,csubjpass,neg,1,2.9616931644417936e-07,0.0003108405002791348,12748,3217084.0,3376447
2022,csubjpass->neg,csubjpass,neg,1,3.4322484453630666e-07,0.00035863799332000874,10523,2788327.0,2913542
2024,csubjpass->neg,csubjpass,neg,5,1.3866163787126653e-06,0.0014357646092638403,12862,3482465.0,3605900
2025,csubjpass->neg,csubjpass,neg,2,4.792086922706273e-07,0.0004970133226906213,15004,4024037.0,4173547
2026,csubjpass->neg,csubjpass,neg,1,7.143918525038006e-07,0.0007437344094674415,4849,1344566.0,1399792
2020,csubjpass->nmod,csubjpass,nmod,1,2.800969807786248e-07,0.0002930361712128298,14066,3412548.0,3570192
2021,csubjpass->nmod,csubjpass,nmod,1,2.9616931644417936e-07,0.0003108405002791348,12748,3217084.0,3376447
2020,csubjpass->npadvmod,csubjpass,npadvmod,10,2.800969807786248e-06,0.0029303617121282984,14066,3412548.0,3570192
2021,csubjpass->npadvmod,csubjpass,npadvmod,13,3.850201113774331e-06,0.004040926503628753,12748,3217084.0,3376447
2022,csubjpass->npadvmod,csubjpass,npadvmod,15,5.1483726680446e-06,0.005379569899800131,10523,2788327.0,2913542
2023,csubjpass->npadvmod,csubjpass,npadvmod,12,3.9182176550316284e-06,0.004071583873270594,11046,2947256.0,3062617
2024,csubjpass->npadvmod,csubjpass,npadvmod,16,4.437172411880529e-06,0.00459444674964429,12862,3482465.0,3605900
2025,csubjpass->npadvmod,csubjpass,npadvmod,12,2.875252153623764e-06,0.0029820799361437284,15004,4024037.0,4173547
2026,csubjpass->npadvmod,csubjpass,npadvmod,4,2.8575674100152022e-06,0.002974937637869766,4849,1344566.0,1399792
2019,csubjpass->nsubj,csubjpass,nsubj,8,3.255367286814135e-05,0.03363167431086597,912,237871.0,245748
2020,csubjpass->nsubj,csubjpass,nsubj,98,2.744950411630523e-05,0.028717544778857323,14066,3412548.0,3570192
2021,csubjpass->nsubj,csubjpass,nsubj,88,2.6062899847087782e-05,0.02735396402456386,12748,3217084.0,3376447
2022,csubjpass->nsubj,csubjpass,nsubj,100,3.432248445363067e-05,0.03586379933200088,10523,2788327.0,2913542
2023,csubjpass->nsubj,csubjpass,nsubj,88,2.8733596136898608e-05,0.029858281737317693,11046,2947256.0,3062617
2024,csubjpass->nsubj,csubjpass,nsubj,109,3.0228237055936105e-05,0.03129966848195172,12862,3482465.0,3605900
2025,csubjpass->nsubj,csubjpass,nsubj,86,2.0605973767636976e-05,0.02137157287569672,15004,4024037.0,4173547
2026,csubjpass->nsubj,csubjpass,nsubj,32,2.2860539280121618e-05,0.02379950110295813,4849,1344566.0,1399792
2019,csubjpass->nsubjpass,csubjpass,nsubjpass,2,8.138418217035338e-06,0.008407918577716493,912,237871.0,245748
2020,csubjpass->nsubjpass,csubjpass,nsubjpass,20,5.601939615572496e-06,0.005860723424256597,14066,3412548.0,3570192
2021,csubjpass->nsubjpass,csubjpass,nsubjpass,20,5.923386328883587e-06,0.0062168100055826955,12748,3217084.0,3376447
2022,csubjpass->nsubjpass,csubjpass,nsubjpass,21,7.20772173526244e-06,0.0075313978597201835,10523,2788327.0,2913542
2023,csubjpass->nsubjpass,csubjpass,nsubjpass,31,1.0122062275498373e-05,0.01051825833928237,11046,2947256.0,3062617
2024,csubjpass->nsubjpass,csubjpass,nsubjpass,26,7.21040516930586e-06,0.00746597596817197,12862,3482465.0,3605900
2025,csubjpass->nsubjpass,csubjpass,nsubjpass,44,1.0542591229953802e-05,0.01093429309919367,15004,4024037.0,4173547
2026,csubjpass->nsubjpass,csubjpass,nsubjpass,13,9.287094082549407e-06,0.00966854732307674,4849,1344566.0,1399792
2022,csubjpass->oprd,csubjpass,oprd,2,6.864496890726133e-07,0.0007172759866400175,10523,2788327.0,2913542
2025,csubjpass->oprd,csubjpass,oprd,2,4.792086922706273e-07,0.0004970133226906213,15004,4024037.0,4173547
2020,csubjpass->parataxis,csubjpass,parataxis,1,2.800969807786248e-07,0.0002930361712128298,14066,3412548.0,3570192
2022,csubjpass->parataxis,csubjpass,parataxis,1,3.4322484453630666e-07,0.00035863799332000874,10523,2788327.0,2913542
2023,csubjpass->parataxis,csubjpass,parataxis,2,6.530362758386047e-07,0.0006785973122117658,11046,2947256.0,3062617
2026,csubjpass->parataxis,csubjpass,parataxis,1,7.143918525038006e-07,0.0007437344094674415,4849,1344566.0,1399792
2019,csubjpass->pobj,csubjpass,pobj,1,4.069209108517669e-06,0.0042039592888582465,912,237871.0,245748
2020,csubjpass->pobj,csubjpass,pobj,1,2.800969807786248e-07,0.0002930361712128298,14066,3412548.0,3570192
2022,csubjpass->pobj,csubjpass,pobj,1,3.4322484453630666e-07,0.00035863799332000874,10523,2788327.0,2913542
2025,csubjpass->pobj,csubjpass,pobj,2,4.792086922706273e-07,0.0004970133226906213,15004,4024037.0,4173547
2019,csubjpass->prep,csubjpass,prep,17,6.917655484480037e-05,0.0714673079105902,912,237871.0,245748
2020,csubjpass->prep,csubjpass,prep,173,4.845677767470209e-05,0.050695257619819564,14066,3412548.0,3570192
2021,csubjpass->prep,csubjpass,prep,161,4.7683259947512874e-05,0.050045320544940694,12748,3217084.0,3376447
2022,csubjpass->prep,csubjpass,prep,142,4.873792792415555e-05,0.05092659505144124,10523,2788327.0,2913542
2023,csubjpass->prep,csubjpass,prep,156,5.093682951541117e-05,0.05293059035251773,11046,2947256.0,3062617
2024,csubjpass->prep,csubjpass,prep,153,4.243046118860756e-05,0.043934397043473516,12862,3482465.0,3605900
2025,csubjpass->prep,csubjpass,prep,182,4.360799099662709e-05,0.045228212364846546,15004,4024037.0,4173547
2026,csubjpass->prep,csubjpass,prep,76,5.4293780790288845e-05,0.056523815119525554,4849,1344566.0,1399792
2020,csubjpass->prt,csubjpass,prt,5,1.400484903893124e-06,0.0014651808560641492,14066,3412548.0,3570192
2021,csubjpass->prt,csubjpass,prt,3,8.88507949332538e-07,0.0009325215008374043,12748,3217084.0,3376447
2022,csubjpass->prt,csubjpass,prt,1,3.4322484453630666e-07,0.00035863799332000874,10523,2788327.0,2913542
2023,csubjpass->prt,csubjpass,prt,1,3.2651813791930233e-07,0.0003392986561058829,11046,2947256.0,3062617
2024,csubjpass->prt,csubjpass,prt,2,5.546465514850662e-07,0.0005743058437055362,12862,3482465.0,3605900
2026,csubjpass->prt,csubjpass,prt,1,7.143918525038006e-07,0.0007437344094674415,4849,1344566.0,1399792
2019,csubjpass->xcomp,csubjpass,xcomp,1,4.069209108517669e-06,0.0042039592888582465,912,237871.0,245748
2020,csubjpass->xcomp,csubjpass,xcomp,13,3.641260750122122e-06,0.0038094702257667878,14066,3412548.0,3570192
2021,csubjpass->xcomp,csubjpass,xcomp,7,2.0731852151092556e-06,0.0021758835019539432,12748,3217084.0,3376447
2022,csubjpass->xcomp,csubjpass,xcomp,11,3.7754732898993733e-06,0.003945017926520096,10523,2788327.0,2913542
2023,csubjpass->xcomp,csubjpass,xcomp,8,2.6121451033544187e-06,0.0027143892488470634,11046,2947256.0,3062617
2024,csubjpass->xcomp,csubjpass,xcomp,14,3.882525860395463e-06,0.004020140905938753,12862,3482465.0,3605900
2025,csubjpass->xcomp,csubjpass,xcomp,5,1.1980217306765685e-06,0.0012425333067265533,15004,4024037.0,4173547
2026,csubjpass->xcomp,csubjpass,xcomp,4,2.8575674100152022e-06,0.002974937637869766,4849,1344566.0,1399792
2020,dative->acl,dative,acl,1,2.800969807786248e-07,0.0002930361712128298,14066,3412548.0,3570192
2022,dative->acl,dative,acl,1,3.4322484453630666e-07,0.00035863799332000874,10523,2788327.0,2913542
2025,dative->acl,dative,acl,1,2.3960434613531366e-07,0.00024850666134531066,15004,4024037.0,4173547
2022,dative->advcl,dative,advcl,2,6.864496890726133e-07,0.0007172759866400175,10523,2788327.0,2913542
2026,dative->advcl,dative,advcl,1,7.143918525038006e-07,0.0007437344094674415,4849,1344566.0,1399792
2020,dative->advmod,dative,advmod,2,5.601939615572496e-07,0.0005860723424256596,14066,3412548.0,3570192
2021,dative->advmod,dative,advmod,6,1.777015898665076e-06,0.0018650430016748086,12748,3217084.0,3376447
2022,dative->advmod,dative,advmod,2,6.864496890726133e-07,0.0007172759866400175,10523,2788327.0,2913542
2023,dative->advmod,dative,advmod,1,3.2651813791930233e-07,0.0003392986561058829,11046,2947256.0,3062617
2024,dative->advmod,dative,advmod,2,5.546465514850662e-07,0.0005743058437055362,12862,3482465.0,3605900
2025,dative->advmod,dative,advmod,2,4.792086922706273e-07,0.0004970133226906213,15004,4024037.0,4173547
2020,dative->amod,dative,amod,9,2.520872827007623e-06,0.0026373255409154685,14066,3412548.0,3570192
2021,dative->amod,dative,amod,14,4.146370430218511e-06,0.0043517670039078865,12748,3217084.0,3376447
2022,dative->amod,dative,amod,9,3.08902360082676e-06,0.0032277419398800784,10523,2788327.0,2913542
2023,dative->amod,dative,amod,10,3.2651813791930236e-06,0.003392986561058829,11046,2947256.0,3062617
2024,dative->amod,dative,amod,10,2.7732327574253305e-06,0.0028715292185276806,12862,3482465.0,3605900
2025,dative->amod,dative,amod,14,3.3544608458943914e-06,0.0034790932588343497,15004,4024037.0,4173547
2026,dative->amod,dative,amod,4,2.8575674100152022e-06,0.002974937637869766,4849,1344566.0,1399792
2020,dative->appos,dative,appos,8,2.2407758462289984e-06,0.0023442893697026386,14066,3412548.0,3570192
2021,dative->appos,dative,appos,15,4.44253974666269e-06,0.004662607504187022,12748,3217084.0,3376447
2022,dative->appos,dative,appos,8,2.7457987562904533e-06,0.00286910394656007,10523,2788327.0,2913542
2023,dative->appos,dative,appos,5,1.6325906895965118e-06,0.0016964932805294145,11046,2947256.0,3062617
2024,dative->appos,dative,appos,10,2.7732327574253305e-06,0.0028715292185276806,12862,3482465.0,3605900
2025,dative->appos,dative,appos,7,1.6772304229471957e-06,0.0017395466294171749,15004,4024037.0,4173547
2026,dative->appos,dative,appos,3,2.143175557511402e-06,0.0022312032284023246,4849,1344566.0,1399792
2020,dative->attr,dative,attr,1,2.800969807786248e-07,0.0002930361712128298,14066,3412548.0,3570192
2023,dative->auxpass,dative,auxpass,1,3.2651813791930233e-07,0.0003392986561058829,11046,2947256.0,3062617
2020,dative->cc,dative,cc,5,1.400484903893124e-06,0.0014651808560641492,14066,3412548.0,3570192
2021,dative->cc,dative,cc,9,2.665523847997614e-06,0.002797564502512213,12748,3217084.0,3376447
2022,dative->cc,dative,cc,4,1.3728993781452266e-06,0.001434551973280035,10523,2788327.0,2913542
2023,dative->cc,dative,cc,6,1.9591088275158142e-06,0.002035791936635297,11046,2947256.0,3062617
2024,dative->cc,dative,cc,5,1.3866163787126653e-06,0.0014357646092638403,12862,3482465.0,3605900
2025,dative->cc,dative,cc,8,1.9168347690825093e-06,0.0019880532907624853,15004,4024037.0,4173547
2026,dative->cc,dative,cc,3,2.143175557511402e-06,0.0022312032284023246,4849,1344566.0,1399792
2019,dative->compound,dative,compound,1,4.069209108517669e-06,0.0042039592888582465,912,237871.0,245748
2020,dative->compound,dative,compound,21,5.8820365963511205e-06,0.006153759595469426,14066,3412548.0,3570192
2021,dative->compound,dative,compound,13,3.850201113774331e-06,0.004040926503628753,12748,3217084.0,3376447
2022,dative->compound,dative,compound,7,2.4025739117541465e-06,0.002510465953240061,10523,2788327.0,2913542
2023,dative->compound,dative,compound,16,5.224290206708837e-06,0.005428778497694127,11046,2947256.0,3062617
2024,dative->compound,dative,compound,15,4.159849136137996e-06,0.004307293827791521,12862,3482465.0,3605900
2025,dative->compound,dative,compound,22,5.271295614976901e-06,0.005467146549596835,15004,4024037.0,4173547
2026,dative->compound,dative,compound,4,2.8575674100152022e-06,0.002974937637869766,4849,1344566.0,1399792
2020,dative->conj,dative,conj,7,1.9606788654503734e-06,0.0020512531984898086,14066,3412548.0,3570192
2021,dative->conj,dative,conj,10,2.9616931644417935e-06,0.0031084050027913477,12748,3217084.0,3376447
2022,dative->conj,dative,conj,6,2.05934906721784e-06,0.0021518279599200526,10523,2788327.0,2913542
2023,dative->conj,dative,conj,5,1.6325906895965118e-06,0.0016964932805294145,11046,2947256.0,3062617
2024,dative->conj,dative,conj,6,1.6639396544551984e-06,0.0017229175311166084,12862,3482465.0,3605900
2025,dative->conj,dative,conj,8,1.9168347690825093e-06,0.0019880532907624853,15004,4024037.0,4173547
2026,dative->conj,dative,conj,1,7.143918525038006e-07,0.0007437344094674415,4849,1344566.0,1399792
2024,dative->dative,dative,dative,1,2.773232757425331e-07,0.0002871529218527681,12862,3482465.0,3605900
2021,dative->dep,dative,dep,3,8.88507949332538e-07,0.0009325215008374043,12748,3217084.0,3376447
2022,dative->dep,dative,dep,2,6.864496890726133e-07,0.0007172759866400175,10523,2788327.0,2913542
2023,dative->dep,dative,dep,1,3.2651813791930233e-07,0.0003392986561058829,11046,2947256.0,3062617
2025,dative->dep,dative,dep,1,2.3960434613531366e-07,0.00024850666134531066,15004,4024037.0,4173547
2019,dative->det,dative,det,1,4.069209108517669e-06,0.0042039592888582465,912,237871.0,245748
2020,dative->det,dative,det,25,7.00242451946562e-06,0.007325904280320746,14066,3412548.0,3570192
2021,dative->det,dative,det,21,6.219555645327766e-06,0.00652765050586183,12748,3217084.0,3376447
2022,dative->det,dative,det,23,7.894171424335053e-06,0.0082486738463602,10523,2788327.0,2913542
2023,dative->det,dative,det,35,1.1428134827175582e-05,0.011875452963705901,11046,2947256.0,3062617
2024,dative->det,dative,det,31,8.597021548018524e-06,0.008901740577435811,12862,3482465.0,3605900
2025,dative->det,dative,det,34,8.146547768600665e-06,0.008449226485740565,15004,4024037.0,4173547
2026,dative->det,dative,det,7,5.000742967526604e-06,0.00520614086627209,4849,1344566.0,1399792
2020,dative->dobj,dative,dobj,7,1.9606788654503734e-06,0.0020512531984898086,14066,3412548.0,3570192
2021,dative->dobj,dative,dobj,2,5.923386328883587e-07,0.0006216810005582696,12748,3217084.0,3376447
2022,dative->dobj,dative,dobj,6,2.05934906721784e-06,0.0021518279599200526,10523,2788327.0,2913542
2023,dative->dobj,dative,dobj,3,9.795544137579071e-07,0.0010178959683176485,11046,2947256.0,3062617
2024,dative->dobj,dative,dobj,6,1.6639396544551984e-06,0.0017229175311166084,12862,3482465.0,3605900
2025,dative->dobj,dative,dobj,11,2.6356478074884506e-06,0.0027335732747984175,15004,4024037.0,4173547
2026,dative->dobj,dative,dobj,3,2.143175557511402e-06,0.0022312032284023246,4849,1344566.0,1399792
2024,dative->mark,dative,mark,1,2.773232757425331e-07,0.0002871529218527681,12862,3482465.0,3605900
2025,dative->mark,dative,mark,2,4.792086922706273e-07,0.0004970133226906213,15004,4024037.0,4173547
2025,dative->neg,dative,neg,1,2.3960434613531366e-07,0.00024850666134531066,15004,4024037.0,4173547
2020,dative->nmod,dative,nmod,3,8.402909423358744e-07,0.0008791085136384895,14066,3412548.0,3570192
2021,dative->nmod,dative,nmod,1,2.9616931644417936e-07,0.0003108405002791348,12748,3217084.0,3376447
2022,dative->nmod,dative,nmod,4,1.3728993781452266e-06,0.001434551973280035,10523,2788327.0,2913542
2023,dative->nmod,dative,nmod,7,2.2856269654351162e-06,0.00237509059274118,11046,2947256.0,3062617
2024,dative->nmod,dative,nmod,4,1.1092931029701323e-06,0.0011486116874110724,12862,3482465.0,3605900
2025,dative->nmod,dative,nmod,5,1.1980217306765685e-06,0.0012425333067265533,15004,4024037.0,4173547
2026,dative->nmod,dative,nmod,2,1.4287837050076011e-06,0.001487468818934883,4849,1344566.0,1399792
2020,dative->npadvmod,dative,npadvmod,2,5.601939615572496e-07,0.0005860723424256596,14066,3412548.0,3570192
2022,dative->npadvmod,dative,npadvmod,2,6.864496890726133e-07,0.0007172759866400175,10523,2788327.0,2913542
2023,dative->npadvmod,dative,npadvmod,2,6.530362758386047e-07,0.0006785973122117658,11046,2947256.0,3062617
2025,dative->npadvmod,dative,npadvmod,1,2.3960434613531366e-07,0.00024850666134531066,15004,4024037.0,4173547
2021,dative->nsubj,dative,nsubj,1,2.9616931644417936e-07,0.0003108405002791348,12748,3217084.0,3376447
2022,dative->nsubj,dative,nsubj,1,3.4322484453630666e-07,0.00035863799332000874,10523,2788327.0,2913542
2023,dative->nsubj,dative,nsubj,1,3.2651813791930233e-07,0.0003392986561058829,11046,2947256.0,3062617
2024,dative->nsubj,dative,nsubj,3,8.319698272275992e-07,0.0008614587655583042,12862,3482465.0,3605900
2025,dative->nsubj,dative,nsubj,2,4.792086922706273e-07,0.0004970133226906213,15004,4024037.0,4173547
2026,dative->nsubj,dative,nsubj,2,1.4287837050076011e-06,0.001487468818934883,4849,1344566.0,1399792
2020,dative->nummod,dative,nummod,9,2.520872827007623e-06,0.0026373255409154685,14066,3412548.0,3570192
2021,dative->nummod,dative,nummod,9,2.665523847997614e-06,0.002797564502512213,12748,3217084.0,3376447
2022,dative->nummod,dative,nummod,3,1.02967453360892e-06,0.0010759139799600263,10523,2788327.0,2913542
2023,dative->nummod,dative,nummod,6,1.9591088275158142e-06,0.002035791936635297,11046,2947256.0,3062617
2024,dative->nummod,dative,nummod,6,1.6639396544551984e-06,0.0017229175311166084,12862,3482465.0,3605900
2025,dative->nummod,dative,nummod,13,3.1148564997590778e-06,0.0032305865974890393,15004,4024037.0,4173547
2023,dative->oprd,dative,oprd,1,3.2651813791930233e-07,0.0003392986561058829,11046,2947256.0,3062617
2022,dative->parataxis,dative,parataxis,1,3.4322484453630666e-07,0.00035863799332000874,10523,2788327.0,2913542
2023,dative->parataxis,dative,parataxis,1,3.2651813791930233e-07,0.0003392986561058829,11046,2947256.0,3062617
2024,dative->parataxis,dative,parataxis,1,2.773232757425331e-07,0.0002871529218527681,12862,3482465.0,3605900
2020,dative->pcomp,dative,pcomp,1,2.800969807786248e-07,0.0002930361712128298,14066,3412548.0,3570192
2021,dative->pcomp,dative,pcomp,2,5.923386328883587e-07,0.0006216810005582696,12748,3217084.0,3376447
2022,dative->pcomp,dative,pcomp,4,1.3728993781452266e-06,0.001434551973280035,10523,2788327.0,2913542
2023,dative->pcomp,dative,pcomp,1,3.2651813791930233e-07,0.0003392986561058829,11046,2947256.0,3062617
2024,dative->pcomp,dative,pcomp,1,2.773232757425331e-07,0.0002871529218527681,12862,3482465.0,3605900
2025,dative->pcomp,dative,pcomp,3,7.18813038405941e-07,0.0007455199840359321,15004,4024037.0,4173547
2019,dative->pobj,dative,pobj,23,9.359180949590637e-05,0.09669106364373968,912,237871.0,245748
2020,dative->pobj,dative,pobj,267,7.478589386789281e-05,0.07824065771382556,14066,3412548.0,3570192
2021,dative->pobj,dative,pobj,273,8.085422338926096e-05,0.08485945657620379,12748,3217084.0,3376447
2022,dative->pobj,dative,pobj,232,7.962816393242314e-05,0.08320401445024203,10523,2788327.0,2913542
2023,dative->pobj,dative,pobj,242,7.901738937647116e-05,0.08211027477762367,11046,2947256.0,3062617
2024,dative->pobj,dative,pobj,254,7.04401120386034e-05,0.0729368421506031,12862,3482465.0,3605900
2025,dative->pobj,dative,pobj,235,5.630702134179871e-05,0.05839906541614801,15004,4024037.0,4173547
2026,dative->pobj,dative,pobj,64,4.5721078560243236e-05,0.04759900220591626,4849,1344566.0,1399792
2020,dative->poss,dative,poss,5,1.400484903893124e-06,0.0014651808560641492,14066,3412548.0,3570192
2021,dative->poss,dative,poss,2,5.923386328883587e-07,0.0006216810005582696,12748,3217084.0,3376447
2023,dative->poss,dative,poss,2,6.530362758386047e-07,0.0006785973122117658,11046,2947256.0,3062617
2024,dative->poss,dative,poss,6,1.6639396544551984e-06,0.0017229175311166084,12862,3482465.0,3605900
2025,dative->poss,dative,poss,2,4.792086922706273e-07,0.0004970133226906213,15004,4024037.0,4173547
2019,dative->preconj,dative,preconj,1,4.069209108517669e-06,0.0042039592888582465,912,237871.0,245748
2020,dative->preconj,dative,preconj,1,2.800969807786248e-07,0.0002930361712128298,14066,3412548.0,3570192
2021,dative->preconj,dative,preconj,2,5.923386328883587e-07,0.0006216810005582696,12748,3217084.0,3376447
2023,dative->preconj,dative,preconj,2,6.530362758386047e-07,0.0006785973122117658,11046,2947256.0,3062617
2024,dative->preconj,dative,preconj,1,2.773232757425331e-07,0.0002871529218527681,12862,3482465.0,3605900
2025,dative->preconj,dative,preconj,2,4.792086922706273e-07,0.0004970133226906213,15004,4024037.0,4173547
2020,dative->prep,dative,prep,1,2.800969807786248e-07,0.0002930361712128298,14066,3412548.0,3570192
2021,dative->prep,dative,prep,4,1.1846772657767174e-06,0.0012433620011165392,12748,3217084.0,3376447
2022,dative->prep,dative,prep,8,2.7457987562904533e-06,0.00286910394656007,10523,2788327.0,2913542
2023,dative->prep,dative,prep,2,6.530362758386047e-07,0.0006785973122117658,11046,2947256.0,3062617
2024,dative->prep,dative,prep,3,8.319698272275992e-07,0.0008614587655583042,12862,3482465.0,3605900
2025,dative->prep,dative,prep,3,7.18813038405941e-07,0.0007455199840359321,15004,4024037.0,4173547
2022,dative->prt,dative,prt,2,6.864496890726133e-07,0.0007172759866400175,10523,2788327.0,2913542
2024,dative->prt,dative,prt,2,5.546465514850662e-07,0.0005743058437055362,12862,3482465.0,3605900
2020,dative->relcl,dative,relcl,1,2.800969807786248e-07,0.0002930361712128298,14066,3412548.0,3570192
2021,dative->relcl,dative,relcl,1,2.9616931644417936e-07,0.0003108405002791348,12748,3217084.0,3376447
2019,dep->acl,dep,acl,14,5.696892751924736e-05,0.05885543004401545,912,237871.0,245748
2020,dep->acl,dep,acl,103,2.8849989020198354e-05,0.03018272563492147,14066,3412548.0,3570192
2021,dep->acl,dep,acl,131,3.879818045418749e-05,0.04072010553656666,12748,3217084.0,3376447
2022,dep->acl,dep,acl,116,3.981408196621157e-05,0.041602007225121015,10523,2788327.0,2913542
2023,dep->acl,dep,acl,109,3.559047703320396e-05,0.03698355351554124,11046,2947256.0,3062617
2024,dep->acl,dep,acl,119,3.300146981336144e-05,0.034171197700479404,12862,3482465.0,3605900
2025,dep->acl,dep,acl,150,3.5940651920297054e-05,0.037275999201796604,15004,4024037.0,4173547
2026,dep->acl,dep,acl,48,3.429080892018243e-05,0.03569925165443719,4849,1344566.0,1399792
2019,dep->acomp,dep,acomp,1,4.069209108517669e-06,0.0042039592888582465,912,237871.0,245748
2020,dep->acomp,dep,acomp,10,2.800969807786248e-06,0.0029303617121282984,14066,3412548.0,3570192
2021,dep->acomp,dep,acomp,16,4.73870906310687e-06,0.004973448004466157,12748,3217084.0,3376447
2022,dep->acomp,dep,acomp,8,2.7457987562904533e-06,0.00286910394656007,10523,2788327.0,2913542
2023,dep->acomp,dep,acomp,10,3.2651813791930236e-06,0.003392986561058829,11046,2947256.0,3062617
2024,dep->acomp,dep,acomp,13,3.60520258465293e-06,0.003732987984085985,12862,3482465.0,3605900
2025,dep->acomp,dep,acomp,13,3.1148564997590778e-06,0.0032305865974890393,15004,4024037.0,4173547
2026,dep->acomp,dep,acomp,6,4.286351115022804e-06,0.004462406456804649,4849,1344566.0,1399792
2019,dep->advcl,dep,advcl,1,4.069209108517669e-06,0.0042039592888582465,912,237871.0,245748
2020,dep->advcl,dep,advcl,34,9.523297346473243e-06,0.009963229821236213,14066,3412548.0,3570192
2021,dep->advcl,dep,advcl,43,1.2735280607099711e-05,0.013366141512002794,12748,3217084.0,3376447
2022,dep->advcl,dep,advcl,35,1.2012869558770734e-05,0.012552329766200306,10523,2788327.0,2913542
2023,dep->advcl,dep,advcl,38,1.2407689240933488e-05,0.012893348932023551,11046,2947256.0,3062617
2024,dep->advcl,dep,advcl,46,1.275687068415652e-05,0.01320903440522733,12862,3482465.0,3605900
2025,dep->advcl,dep,advcl,49,1.174061296063037e-05,0.012176826405920224,15004,4024037.0,4173547
2026,dep->advcl,dep,advcl,21,1.5002228902579811e-05,0.01561842259881627,4849,1344566.0,1399792
2019,dep->advmod,dep,advmod,16,6.51073457362827e-05,0.06726334862173194,912,237871.0,245748
2020,dep->advmod,dep,advmod,220,6.162133577129746e-05,0.06446795766682256,14066,3412548.0,3570192
2021,dep->advmod,dep,advmod,255,7.552317569326574e-05,0.07926432757117936,12748,3217084.0,3376447
2022,dep->advmod,dep,advmod,202,6.933141859633395e-05,0.07244487465064177,10523,2788327.0,2913542
2023,dep->advmod,dep,advmod,238,7.771131682479395e-05,0.08075308015320014,11046,2947256.0,3062617
2024,dep->advmod,dep,advmod,274,7.598657755345406e-05,0.07867990058765846,12862,3482465.0,3605900
2025,dep->advmod,dep,advmod,284,6.804763430242908e-05,0.07057589182206825,15004,4024037.0,4173547
2026,dep->advmod,dep,advmod,110,7.858310377541806e-05,0.08181078504141857,4849,1344566.0,1399792
2020,dep->agent,dep,agent,11,3.0810667885648726e-06,0.003223397883341128,14066,3412548.0,3570192
2021,dep->agent,dep,agent,3,8.88507949332538e-07,0.0009325215008374043,12748,3217084.0,3376447
2022,dep->agent,dep,agent,9,3.08902360082676e-06,0.0032277419398800784,10523,2788327.0,2913542
2023,dep->agent,dep,agent,7,2.2856269654351162e-06,0.00237509059274118,11046,2947256.0,3062617
2024,dep->agent,dep,agent,6,1.6639396544551984e-06,0.0017229175311166084,12862,3482465.0,3605900
2025,dep->agent,dep,agent,4,9.584173845412547e-07,0.0009940266453812427,15004,4024037.0,4173547
2026,dep->agent,dep,agent,3,2.143175557511402e-06,0.0022312032284023246,4849,1344566.0,1399792
2019,dep->amod,dep,amod,50,0.00020346045542588343,0.21019796444291233,912,237871.0,245748
2020,dep->amod,dep,amod,657,0.00018402371637155649,0.1925247644868292,14066,3412548.0,3570192
2021,dep->amod,dep,amod,657,0.00019458324090382582,0.20422220868339155,12748,3217084.0,3376447
2022,dep->amod,dep,amod,544,0.00018671431542775083,0.19509906836608476,10523,2788327.0,2913542
2023,dep->amod,dep,amod,635,0.000207339017578757,0.21545464662723562,11046,2947256.0,3062617
2024,dep->amod,dep,amod,737,0.00020438725422224687,0.21163170340549006,12862,3482465.0,3605900
2025,dep->amod,dep,amod,928,0.0002223528332135711,0.2306141817284483,15004,4024037.0,4173547
2026,dep->amod,dep,amod,352,0.0002514659320813378,0.2617945121325394,4849,1344566.0,1399792
2019,dep->appos,dep,appos,82,0.00033367514689844883,0.3447246616863762,912,237871.0,245748
2020,dep->appos,dep,appos,1225,0.00034311880145381537,0.3589693097357165,14066,3412548.0,3570192
2021,dep->appos,dep,appos,1129,0.00033437515826547845,0.35093892481514316,12748,3217084.0,3376447
2022,dep->appos,dep,appos,1118,0.00038372537619159086,0.40095727653176977,10523,2788327.0,2913542
2023,dep->appos,dep,appos,1272,0.00041533107143335257,0.43158789056668306,11046,2947256.0,3062617
2024,dep->appos,dep,appos,1371,0.00038021021104301284,0.393686655860145,12862,3482465.0,3605900
2025,dep->appos,dep,appos,1669,0.0003998996536998385,0.4147576177853235,15004,4024037.0,4173547
2026,dep->appos,dep,appos,619,0.00044220855669985254,0.46037159946034634,4849,1344566.0,1399792
2019,dep->attr,dep,attr,3,1.2207627325553006e-05,0.01261187786657474,912,237871.0,245748
2020,dep->attr,dep,attr,8,2.2407758462289984e-06,0.0023442893697026386,14066,3412548.0,3570192
2021,dep->attr,dep,attr,9,2.665523847997614e-06,0.002797564502512213,12748,3217084.0,3376447
2022,dep->attr,dep,attr,8,2.7457987562904533e-06,0.00286910394656007,10523,2788327.0,2913542
2023,dep->attr,dep,attr,13,4.2447357929509305e-06,0.004410882529376477,11046,2947256.0,3062617
2024,dep->attr,dep,attr,9,2.4959094816827976e-06,0.0025843762966749127,12862,3482465.0,3605900
2025,dep->attr,dep,attr,13,3.1148564997590778e-06,0.0032305865974890393,15004,4024037.0,4173547
2026,dep->attr,dep,attr,6,4.286351115022804e-06,0.004462406456804649,4849,1344566.0,1399792
2019,dep->aux,dep,aux,1,4.069209108517669e-06,0.0042039592888582465,912,237871.0,245748
2020,dep->aux,dep,aux,24,6.722327538686995e-06,0.007032868109107916,14066,3412548.0,3570192
2021,dep->aux,dep,aux,23,6.8118942782161244e-06,0.0071493315064200995,12748,3217084.0,3376447
2022,dep->aux,dep,aux,29,9.953520491552893e-06,0.010400501806280254,10523,2788327.0,2913542
2023,dep->aux,dep,aux,28,9.142507861740465e-06,0.00950036237096472,11046,2947256.0,3062617
2024,dep->aux,dep,aux,29,8.04237499653346e-06,0.008327434733730274,12862,3482465.0,3605900
2025,dep->aux,dep,aux,21,5.031691268841587e-06,0.005218639888251525,15004,4024037.0,4173547
2026,dep->aux,dep,aux,5,3.571959262519003e-06,0.0037186720473372076,4849,1344566.0,1399792
2020,dep->auxpass,dep,auxpass,12,3.3611637693434976e-06,0.003516434054553958,14066,3412548.0,3570192
2021,dep->auxpass,dep,auxpass,4,1.1846772657767174e-06,0.0012433620011165392,12748,3217084.0,3376447
2022,dep->auxpass,dep,auxpass,2,6.864496890726133e-07,0.0007172759866400175,10523,2788327.0,2913542
2023,dep->auxpass,dep,auxpass,3,9.795544137579071e-07,0.0010178959683176485,11046,2947256.0,3062617
2024,dep->auxpass,dep,auxpass,3,8.319698272275992e-07,0.0008614587655583042,12862,3482465.0,3605900
2025,dep->auxpass,dep,auxpass,2,4.792086922706273e-07,0.0004970133226906213,15004,4024037.0,4173547
2026,dep->auxpass,dep,auxpass,4,2.8575674100152022e-06,0.002974937637869766,4849,1344566.0,1399792
2020,dep->case,dep,case,2,5.601939615572496e-07,0.0005860723424256596,14066,3412548.0,3570192
2021,dep->case,dep,case,1,2.9616931644417936e-07,0.0003108405002791348,12748,3217084.0,3376447
2022,dep->case,dep,case,2,6.864496890726133e-07,0.0007172759866400175,10523,2788327.0,2913542
2023,dep->case,dep,case,1,3.2651813791930233e-07,0.0003392986561058829,11046,2947256.0,3062617
2024,dep->case,dep,case,1,2.773232757425331e-07,0.0002871529218527681,12862,3482465.0,3605900
2019,dep->cc,dep,cc,72,0.00029298305581327216,0.3026850687977938,912,237871.0,245748
2020,dep->cc,dep,cc,901,0.00025236737968154096,0.2640255902627597,14066,3412548.0,3570192
2021,dep->cc,dep,cc,902,0.00026714472343264975,0.2803781312517795,12748,3217084.0,3376447
2022,dep->cc,dep,cc,842,0.00028899531909957023,0.3019731903754474,10523,2788327.0,2913542
2023,dep->cc,dep,cc,954,0.0003114983035750144,0.32369091792501226,11046,2947256.0,3062617
2024,dep->cc,dep,cc,1075,0.00029812252142322307,0.30868939099172565,12862,3482465.0,3605900
2025,dep->cc,dep,cc,1209,0.00028968165447759426,0.3004445535664806,15004,4024037.0,4173547
2026,dep->cc,dep,cc,450,0.00032147633362671025,0.3346804842603487,4849,1344566.0,1399792
2019,dep->ccomp,dep,ccomp,5,2.034604554258834e-05,0.021019796444291236,912,237871.0,245748
2020,dep->ccomp,dep,ccomp,33,9.243200365694618e-06,0.009670193650023385,14066,3412548.0,3570192
2021,dep->ccomp,dep,ccomp,19,5.627217012439407e-06,0.00590596950530356,12748,3217084.0,3376447
2022,dep->ccomp,dep,ccomp,30,1.02967453360892e-05,0.010759139799600262,10523,2788327.0,2913542
2023,dep->ccomp,dep,ccomp,22,7.183399034224652e-06,0.007464570434329423,11046,2947256.0,3062617
2024,dep->ccomp,dep,ccomp,27,7.487728445048393e-06,0.0077531288900247386,12862,3482465.0,3605900
2025,dep->ccomp,dep,ccomp,32,7.667339076330037e-06,0.007952213163049941,15004,4024037.0,4173547
2026,dep->ccomp,dep,ccomp,8,5.7151348200304045e-06,0.005949875275739532,4849,1344566.0,1399792
2019,dep->compound,dep,compound,60,0.0002441525465110601,0.2522375573314948,912,237871.0,245748
2020,dep->compound,dep,compound,786,0.00022015622689199908,0.23032643057328422,14066,3412548.0,3570192
2021,dep->compound,dep,compound,771,0.00022834654297846228,0.2396580257152129,12748,3217084.0,3376447
2022,dep->compound,dep,compound,681,0.00023373611912922484,0.24423247345092597,10523,2788327.0,2913542
2023,dep->compound,dep,compound,727,0.0002373786862673328,0.24667012298897686,11046,2947256.0,3062617
2024,dep->compound,dep,compound,825,0.00022879170248758977,0.23690116052853366,12862,3482465.0,3605900
2025,dep->compound,dep,compound,937,0.00022450927232878893,0.23285074168055614,15004,4024037.0,4173547
2026,dep->compound,dep,compound,396,0.000282899173591505,0.29451882614910685,4849,1344566.0,1399792
2019,dep->conj,dep,conj,98,0.0003987824926347315,0.41198801030810817,912,237871.0,245748
2020,dep->conj,dep,conj,1126,0.0003153892003567315,0.3299587287856464,14066,3412548.0,3570192
2021,dep->conj,dep,conj,1077,0.00031897435381038114,0.33477521880062816,12748,3217084.0,3376447
2022,dep->conj,dep,conj,1068,0.0003665641339647755,0.3830253768657693,10523,2788327.0,2913542
2023,dep->conj,dep,conj,1164,0.00038006711253806794,0.39494363570724766,11046,2947256.0,3062617
2024,dep->conj,dep,conj,1349,0.00037410909897667713,0.38736929157938416,12862,3482465.0,3605900
2025,dep->conj,dep,conj,1535,0.0003677926713177065,0.3814577251650519,15004,4024037.0,4173547
2026,dep->conj,dep,conj,575,0.00041077531518968533,0.4276472854437789,4849,1344566.0,1399792
2020,dep->csubj,dep,csubj,2,5.601939615572496e-07,0.0005860723424256596,14066,3412548.0,3570192
2021,dep->csubj,dep,csubj,1,2.9616931644417936e-07,0.0003108405002791348,12748,3217084.0,3376447
2022,dep->csubj,dep,csubj,1,3.4322484453630666e-07,0.00035863799332000874,10523,2788327.0,2913542
2023,dep->csubj,dep,csubj,1,3.2651813791930233e-07,0.0003392986561058829,11046,2947256.0,3062617
2024,dep->csubj,dep,csubj,2,5.546465514850662e-07,0.0005743058437055362,12862,3482465.0,3605900
2025,dep->csubj,dep,csubj,1,2.3960434613531366e-07,0.00024850666134531066,15004,4024037.0,4173547
2021,dep->dative,dep,dative,4,1.1846772657767174e-06,0.0012433620011165392,12748,3217084.0,3376447
2024,dep->dative,dep,dative,1,2.773232757425331e-07,0.0002871529218527681,12862,3482465.0,3605900
2025,dep->dative,dep,dative,1,2.3960434613531366e-07,0.00024850666134531066,15004,4024037.0,4173547
2019,dep->dep,dep,dep,12,4.883050930221202e-05,0.05044751146629896,912,237871.0,245748
2020,dep->dep,dep,dep,213,5.966065690584708e-05,0.06241670446833276,14066,3412548.0,3570192
2021,dep->dep,dep,dep,218,6.45649109848311e-05,0.06776322906085137,12748,3217084.0,3376447
2022,dep->dep,dep,dep,198,6.795851921818872e-05,0.07101032267736174,10523,2788327.0,2913542
2023,dep->dep,dep,dep,243,7.934390751439047e-05,0.08244957343372955,11046,2947256.0,3062617
2024,dep->dep,dep,dep,205,5.685127152721928e-05,0.058866348979817455,12862,3482465.0,3605900
2025,dep->dep,dep,dep,354,8.481993853190104e-05,0.08797135811623998,15004,4024037.0,4173547
2026,dep->dep,dep,dep,121,8.644141415295987e-05,0.08999186354556044,4849,1344566.0,1399792
2019,dep->det,dep,det,9,3.662288197665902e-05,0.03783563359972422,912,237871.0,245748
2020,dep->det,dep,det,165,4.621600182847309e-05,0.04835096825011692,14066,3412548.0,3570192
2021,dep->det,dep,det,134,3.968668840352003e-05,0.041652627037404064,12748,3217084.0,3376447
2022,dep->det,dep,det,155,5.319985090312754e-05,0.05558888896460136,10523,2788327.0,2913542
2023,dep->det,dep,det,128,4.17943216536707e-05,0.043430227981553014,11046,2947256.0,3062617
2024,dep->det,dep,det,130,3.6052025846529296e-05,0.03732987984085985,12862,3482465.0,3605900
2025,dep->det,dep,det,184,4.4087199688897714e-05,0.04572522568753717,15004,4024037.0,4173547
2026,dep->det,dep,det,48,3.429080892018243e-05,0.03569925165443719,4849,1344566.0,1399792
2019,dep->dobj,dep,dobj,15,6.103813662776503e-05,0.0630593893328737,912,237871.0,245748
2020,dep->dobj,dep,dobj,221,6.190143275207608e-05,0.0647609938380354,14066,3412548.0,3570192
2021,dep->dobj,dep,dobj,207,6.130704850394512e-05,0.0643439835577809,12748,3217084.0,3376447
2022,dep->dobj,dep,dobj,210,7.20772173526244e-05,0.07531397859720183,10523,2788327.0,2913542
2023,dep->dobj,dep,dobj,190,6.203844620466744e-05,0.06446674466011774,11046,2947256.0,3062617
2024,dep->dobj,dep,dobj,279,7.737319393216673e-05,0.0801156651969223,12862,3482465.0,3605900
2025,dep->dobj,dep,dobj,300,7.188130384059411e-05,0.07455199840359321,15004,4024037.0,4173547
2026,dep->dobj,dep,dobj,117,8.358384674294467e-05,0.08701692590769065,4849,1344566.0,1399792
2022,dep->expl,dep,expl,1,3.4322484453630666e-07,0.00035863799332000874,10523,2788327.0,2913542
2024,dep->expl,dep,expl,1,2.773232757425331e-07,0.0002871529218527681,12862,3482465.0,3605900
2019,dep->intj,dep,intj,4,1.6276836434070675e-05,0.016815837155432986,912,237871.0,245748
2020,dep->intj,dep,intj,30,8.402909423358744e-06,0.008791085136384895,14066,3412548.0,3570192
2021,dep->intj,dep,intj,33,9.773587442657917e-06,0.010257736509211447,12748,3217084.0,3376447
2022,dep->intj,dep,intj,11,3.7754732898993733e-06,0.003945017926520096,10523,2788327.0,2913542
2023,dep->intj,dep,intj,25,8.162953447982559e-06,0.008482466402647071,11046,2947256.0,3062617
2024,dep->intj,dep,intj,29,8.04237499653346e-06,0.008327434733730274,12862,3482465.0,3605900
2025,dep->intj,dep,intj,26,6.2297129995181555e-06,0.0064611731949780786,15004,4024037.0,4173547
2026,dep->intj,dep,intj,16,1.1430269640060809e-05,0.011899750551479064,4849,1344566.0,1399792
2020,dep->mark,dep,mark,12,3.3611637693434976e-06,0.003516434054553958,14066,3412548.0,3570192
2021,dep->mark,dep,mark,18,5.331047695995228e-06,0.005595129005024426,12748,3217084.0,3376447
2022,dep->mark,dep,mark,18,6.17804720165352e-06,0.006455483879760157,10523,2788327.0,2913542
2023,dep->mark,dep,mark,15,4.897772068789535e-06,0.005089479841588244,11046,2947256.0,3062617
2024,dep->mark,dep,mark,16,4.437172411880529e-06,0.00459444674964429,12862,3482465.0,3605900
2025,dep->mark,dep,mark,13,3.1148564997590778e-06,0.0032305865974890393,15004,4024037.0,4173547
2026,dep->mark,dep,mark,5,3.571959262519003e-06,0.0037186720473372076,4849,1344566.0,1399792
2019,dep->meta,dep,meta,6,2.441525465110601e-05,0.02522375573314948,912,237871.0,245748
2020,dep->meta,dep,meta,24,6.722327538686995e-06,0.007032868109107916,14066,3412548.0,3570192
2021,dep->meta,dep,meta,33,9.773587442657917e-06,0.010257736509211447,12748,3217084.0,3376447
2022,dep->meta,dep,meta,19,6.521272046189827e-06,0.0068141218730801666,10523,2788327.0,2913542
2023,dep->meta,dep,meta,18,5.877326482547442e-06,0.006107375809905892,11046,2947256.0,3062617
2024,dep->meta,dep,meta,19,5.2691422391081285e-06,0.005455905515202594,12862,3482465.0,3605900
2025,dep->meta,dep,meta,48,1.1501008614495057e-05,0.011928319744574914,15004,4024037.0,4173547
2026,dep->meta,dep,meta,13,9.287094082549407e-06,0.00966854732307674,4849,1344566.0,1399792
2019,dep->neg,dep,neg,2,8.138418217035338e-06,0.008407918577716493,912,237871.0,245748
2020,dep->neg,dep,neg,30,8.402909423358744e-06,0.008791085136384895,14066,3412548.0,3570192
2021,dep->neg,dep,neg,25,7.404232911104484e-06,0.007771012506978369,12748,3217084.0,3376447
2022,dep->neg,dep,neg,27,9.26707080248028e-06,0.009683225819640236,10523,2788327.0,2913542
2023,dep->neg,dep,neg,29,9.469025999659769e-06,0.009839661027070604,11046,2947256.0,3062617
2024,dep->neg,dep,neg,39,1.081560775395879e-05,0.011198963952257956,12862,3482465.0,3605900
2025,dep->neg,dep,neg,32,7.667339076330037e-06,0.007952213163049941,15004,4024037.0,4173547
2026,dep->neg,dep,neg,7,5.000742967526604e-06,0.00520614086627209,4849,1344566.0,1399792
2019,dep->nmod,dep,nmod,19,7.73149730618357e-05,0.07987522648830668,912,237871.0,245748
2020,dep->nmod,dep,nmod,317,8.879074290682405e-05,0.09289246627446705,14066,3412548.0,3570192
2021,dep->nmod,dep,nmod,283,8.381591655370275e-05,0.08796786157899514,12748,3217084.0,3376447
2022,dep->nmod,dep,nmod,293,0.00010056487944913786,0.10508093204276257,10523,2788327.0,2913542
2023,dep->nmod,dep,nmod,280,9.142507861740466e-05,0.09500362370964721,11046,2947256.0,3062617
2024,dep->nmod,dep,nmod,344,9.539920685543137e-05,0.09878060511735222,12862,3482465.0,3605900
2025,dep->nmod,dep,nmod,371,8.889321241620137e-05,0.09219597135911026,15004,4024037.0,4173547
2026,dep->nmod,dep,nmod,160,0.0001143026964006081,0.11899750551479064,4849,1344566.0,1399792
2019,dep->npadvmod,dep,npadvmod,29,0.00011800706414701239,0.12191481937688915,912,237871.0,245748
2020,dep->npadvmod,dep,npadvmod,401,0.00011231888929222854,0.11750750465634476,14066,3412548.0,3570192
2021,dep->npadvmod,dep,npadvmod,366,0.00010839796981856963,0.11376762310216333,12748,3217084.0,3376447
2022,dep->npadvmod,dep,npadvmod,365,0.00012527706825575193,0.1309028675618032,10523,2788327.0,2913542
2023,dep->npadvmod,dep,npadvmod,380,0.0001240768924093349,0.1289334893202355,11046,2947256.0,3062617
2024,dep->npadvmod,dep,npadvmod,463,0.0001284006766687928,0.13295180281783164,12862,3482465.0,3605900
2025,dep->npadvmod,dep,npadvmod,528,0.00012651109475944562,0.13121151719032403,15004,4024037.0,4173547
2026,dep->npadvmod,dep,npadvmod,200,0.0001428783705007601,0.1487468818934883,4849,1344566.0,1399792
2019,dep->nsubj,dep,nsubj,13,5.289971841072969e-05,0.05465147075515721,912,237871.0,245748
2020,dep->nsubj,dep,nsubj,109,3.0530570904870105e-05,0.03194094266219845,14066,3412548.0,3570192
2021,dep->nsubj,dep,nsubj,106,3.139394754308301e-05,0.03294909302958828,12748,3217084.0,3376447
2022,dep->nsubj,dep,nsubj,85,2.9174111785586066e-05,0.030484229432200742,10523,2788327.0,2913542
2023,dep->nsubj,dep,nsubj,92,3.0039668688575816e-05,0.03121547636174123,11046,2947256.0,3062617
2024,dep->nsubj,dep,nsubj,116,3.216949998613384e-05,0.0333097389349211,12862,3482465.0,3605900
2025,dep->nsubj,dep,nsubj,156,3.7378277997108935e-05,0.03876703916986847,15004,4024037.0,4173547
2026,dep->nsubj,dep,nsubj,54,3.857716003520523e-05,0.040161658111241845,4849,1344566.0,1399792
2020,dep->nsubjpass,dep,nsubjpass,3,8.402909423358744e-07,0.0008791085136384895,14066,3412548.0,3570192
2021,dep->nsubjpass,dep,nsubjpass,1,2.9616931644417936e-07,0.0003108405002791348,12748,3217084.0,3376447
2023,dep->nsubjpass,dep,nsubjpass,2,6.530362758386047e-07,0.0006785973122117658,11046,2947256.0,3062617
2019,dep->nummod,dep,nummod,40,0.00016276836434070673,0.1681583715543299,912,237871.0,245748
2020,dep->nummod,dep,nummod,505,0.0001414489752932055,0.14798326646247906,14066,3412548.0,3570192
2021,dep->nummod,dep,nummod,504,0.00014926933548786638,0.15666361214068392,12748,3217084.0,3376447
2022,dep->nummod,dep,nummod,387,0.00013282801483555068,0.13879290341484338,10523,2788327.0,2913542
2023,dep->nummod,dep,nummod,454,0.00014823923461536326,0.15404158987207084,11046,2947256.0,3062617
2024,dep->nummod,dep,nummod,460,0.0001275687068415652,0.13209034405227332,12862,3482465.0,3605900
2025,dep->nummod,dep,nummod,573,0.00013729329033553475,0.14239431695086302,15004,4024037.0,4173547
2026,dep->nummod,dep,nummod,233,0.00016645330163338553,0.17329011740591388,4849,1344566.0,1399792
2020,dep->oprd,dep,oprd,7,1.9606788654503734e-06,0.0020512531984898086,14066,3412548.0,3570192
2021,dep->oprd,dep,oprd,5,1.4808465822208967e-06,0.0015542025013956739,12748,3217084.0,3376447
2022,dep->oprd,dep,oprd,3,1.02967453360892e-06,0.0010759139799600263,10523,2788327.0,2913542
2023,dep->oprd,dep,oprd,7,2.2856269654351162e-06,0.00237509059274118,11046,2947256.0,3062617
2024,dep->oprd,dep,oprd,6,1.6639396544551984e-06,0.0017229175311166084,12862,3482465.0,3605900
2025,dep->oprd,dep,oprd,4,9.584173845412547e-07,0.0009940266453812427,15004,4024037.0,4173547
2026,dep->oprd,dep,oprd,3,2.143175557511402e-06,0.0022312032284023246,4849,1344566.0,1399792
2019,dep->parataxis,dep,parataxis,2,8.138418217035338e-06,0.008407918577716493,912,237871.0,245748
2020,dep->parataxis,dep,parataxis,12,3.3611637693434976e-06,0.003516434054553958,14066,3412548.0,3570192
2021,dep->parataxis,dep,parataxis,20,5.923386328883587e-06,0.0062168100055826955,12748,3217084.0,3376447
2022,dep->parataxis,dep,parataxis,28,9.610295647016586e-06,0.010041863812960244,10523,2788327.0,2913542
2023,dep->parataxis,dep,parataxis,27,8.815989723821163e-06,0.009161063714858838,11046,2947256.0,3062617
2024,dep->parataxis,dep,parataxis,26,7.21040516930586e-06,0.00746597596817197,12862,3482465.0,3605900
2025,dep->parataxis,dep,parataxis,36,8.625756460871292e-06,0.008946239808431185,15004,4024037.0,4173547
2026,dep->parataxis,dep,parataxis,11,7.858310377541807e-06,0.008181078504141856,4849,1344566.0,1399792
2019,dep->pcomp,dep,pcomp,1,4.069209108517669e-06,0.0042039592888582465,912,237871.0,245748
2020,dep->pcomp,dep,pcomp,1,2.800969807786248e-07,0.0002930361712128298,14066,3412548.0,3570192
2022,dep->pcomp,dep,pcomp,3,1.02967453360892e-06,0.0010759139799600263,10523,2788327.0,2913542
2023,dep->pcomp,dep,pcomp,1,3.2651813791930233e-07,0.0003392986561058829,11046,2947256.0,3062617
2019,dep->pobj,dep,pobj,10,4.069209108517668e-05,0.04203959288858247,912,237871.0,245748
2020,dep->pobj,dep,pobj,131,3.669270448199985e-05,0.038387738428880706,14066,3412548.0,3570192
2021,dep->pobj,dep,pobj,126,3.7317333871966595e-05,0.03916590303517098,12748,3217084.0,3376447
2022,dep->pobj,dep,pobj,108,3.706828320992112e-05,0.038732903278560944,10523,2788327.0,2913542
2023,dep->pobj,dep,pobj,113,3.6896549584881165e-05,0.03834074813996477,11046,2947256.0,3062617
2024,dep->pobj,dep,pobj,145,4.021187498266729e-05,0.04163717366865138,12862,3482465.0,3605900
2025,dep->pobj,dep,pobj,150,3.5940651920297054e-05,0.037275999201796604,15004,4024037.0,4173547
2026,dep->pobj,dep,pobj,55,3.929155188770903e-05,0.04090539252070929,4849,1344566.0,1399792
2019,dep->poss,dep,poss,1,4.069209108517669e-06,0.0042039592888582465,912,237871.0,245748
2020,dep->poss,dep,poss,5,1.400484903893124e-06,0.0014651808560641492,14066,3412548.0,3570192
2021,dep->poss,dep,poss,13,3.850201113774331e-06,0.004040926503628753,12748,3217084.0,3376447
2022,dep->poss,dep,poss,7,2.4025739117541465e-06,0.002510465953240061,10523,2788327.0,2913542
2023,dep->poss,dep,poss,9,2.938663241273721e-06,0.003053687904952946,11046,2947256.0,3062617
2024,dep->poss,dep,poss,11,3.050556033167864e-06,0.003158682140380449,12862,3482465.0,3605900
2025,dep->poss,dep,poss,16,3.833669538165019e-06,0.003976106581524971,15004,4024037.0,4173547
2026,dep->poss,dep,poss,2,1.4287837050076011e-06,0.001487468818934883,4849,1344566.0,1399792
2019,dep->preconj,dep,preconj,1,4.069209108517669e-06,0.0042039592888582465,912,237871.0,245748
2020,dep->preconj,dep,preconj,15,4.201454711679372e-06,0.004395542568192448,14066,3412548.0,3570192
2021,dep->preconj,dep,preconj,10,2.9616931644417935e-06,0.0031084050027913477,12748,3217084.0,3376447
2022,dep->preconj,dep,preconj,12,4.11869813443568e-06,0.004303655919840105,10523,2788327.0,2913542
2023,dep->preconj,dep,preconj,8,2.6121451033544187e-06,0.0027143892488470634,11046,2947256.0,3062617
2024,dep->preconj,dep,preconj,12,3.3278793089103968e-06,0.003445835062233217,12862,3482465.0,3605900
2025,dep->preconj,dep,preconj,12,2.875252153623764e-06,0.0029820799361437284,15004,4024037.0,4173547
2026,dep->preconj,dep,preconj,4,2.8575674100152022e-06,0.002974937637869766,4849,1344566.0,1399792
2022,dep->predet,dep,predet,1,3.4322484453630666e-07,0.00035863799332000874,10523,2788327.0,2913542
2019,dep->prep,dep,prep,82,0.00033367514689844883,0.3447246616863762,912,237871.0,245748
2020,dep->prep,dep,prep,1062,0.0002974629935868995,0.3112044138280253,14066,3412548.0,3570192
2021,dep->prep,dep,prep,1087,0.00032193604697482295,0.33788362380341946,12748,3217084.0,3376447
2022,dep->prep,dep,prep,980,0.0003363603476455805,0.3514652334536086,10523,2788327.0,2913542
2023,dep->prep,dep,prep,1023,0.0003340280550914463,0.3471025251963182,11046,2947256.0,3062617
2024,dep->prep,dep,prep,1146,0.0003178124740009429,0.32907724844327224,12862,3482465.0,3605900
2025,dep->prep,dep,prep,1378,0.00033017478897446223,0.34244217933383814,15004,4024037.0,4173547
2026,dep->prep,dep,prep,436,0.00031147484769165706,0.3242682025278045,4849,1344566.0,1399792
2020,dep->prt,dep,prt,5,1.400484903893124e-06,0.0014651808560641492,14066,3412548.0,3570192
2021,dep->prt,dep,prt,2,5.923386328883587e-07,0.0006216810005582696,12748,3217084.0,3376447
2022,dep->prt,dep,prt,8,2.7457987562904533e-06,0.00286910394656007,10523,2788327.0,2913542
2023,dep->prt,dep,prt,8,2.6121451033544187e-06,0.0027143892488470634,11046,2947256.0,3062617
2024,dep->prt,dep,prt,7,1.9412629301977313e-06,0.0020100704529693765,12862,3482465.0,3605900
2025,dep->prt,dep,prt,5,1.1980217306765685e-06,0.0012425333067265533,15004,4024037.0,4173547
2026,dep->prt,dep,prt,2,1.4287837050076011e-06,0.001487468818934883,4849,1344566.0,1399792
2019,dep->quantmod,dep,quantmod,4,1.6276836434070675e-05,0.016815837155432986,912,237871.0,245748
2020,dep->quantmod,dep,quantmod,7,1.9606788654503734e-06,0.0020512531984898086,14066,3412548.0,3570192
2021,dep->quantmod,dep,quantmod,15,4.44253974666269e-06,0.004662607504187022,12748,3217084.0,3376447
2022,dep->quantmod,dep,quantmod,2,6.864496890726133e-07,0.0007172759866400175,10523,2788327.0,2913542
2023,dep->quantmod,dep,quantmod,4,1.3060725516772093e-06,0.0013571946244235317,11046,2947256.0,3062617
2024,dep->quantmod,dep,quantmod,13,3.60520258465293e-06,0.003732987984085985,12862,3482465.0,3605900
2025,dep->quantmod,dep,quantmod,11,2.6356478074884506e-06,0.0027335732747984175,15004,4024037.0,4173547
2019,dep->relcl,dep,relcl,2,8.138418217035338e-06,0.008407918577716493,912,237871.0,245748
2020,dep->relcl,dep,relcl,51,1.4284946019709864e-05,0.014944844731854322,14066,3412548.0,3570192
2021,dep->relcl,dep,relcl,50,1.4808465822208968e-05,0.015542025013956738,12748,3217084.0,3376447
2022,dep->relcl,dep,relcl,45,1.54451180041338e-05,0.016138709699400393,10523,2788327.0,2913542
2023,dep->relcl,dep,relcl,49,1.5999388758045816e-05,0.01662563414918826,11046,2947256.0,3062617
2024,dep->relcl,dep,relcl,55,1.525278016583932e-05,0.015793410701902245,12862,3482465.0,3605900
2025,dep->relcl,dep,relcl,60,1.437626076811882e-05,0.014910399680718642,15004,4024037.0,4173547
2026,dep->relcl,dep,relcl,9,6.429526672534205e-06,0.006693609685206974,4849,1344566.0,1399792
2019,dep->xcomp,dep,xcomp,1,4.069209108517669e-06,0.0042039592888582465,912,237871.0,245748
2020,dep->xcomp,dep,xcomp,23,6.4422305579083705e-06,0.006739831937895086,14066,3412548.0,3570192
2021,dep->xcomp,dep,xcomp,12,3.554031797330152e-06,0.003730086003349617,12748,3217084.0,3376447
2022,dep->xcomp,dep,xcomp,19,6.521272046189827e-06,0.0068141218730801666,10523,2788327.0,2913542
2023,dep->xcomp,dep,xcomp,11,3.591699517112326e-06,0.0037322852171647117,11046,2947256.0,3062617
2024,dep->xcomp,dep,xcomp,11,3.050556033167864e-06,0.003158682140380449,12862,3482465.0,3605900
2025,dep->xcomp,dep,xcomp,20,4.792086922706274e-06,0.004970133226906213,15004,4024037.0,4173547
2026,dep->xcomp,dep,xcomp,6,4.286351115022804e-06,0.004462406456804649,4849,1344566.0,1399792
2020,det->acl,det,acl,7,1.9606788654503734e-06,0.0020512531984898086,14066,3412548.0,3570192
2021,det->acl,det,acl,5,1.4808465822208967e-06,0.0015542025013956739,12748,3217084.0,3376447
2022,det->acl,det,acl,7,2.4025739117541465e-06,0.002510465953240061,10523,2788327.0,2913542
2023,det->acl,det,acl,6,1.9591088275158142e-06,0.002035791936635297,11046,2947256.0,3062617
2024,det->acl,det,acl,3,8.319698272275992e-07,0.0008614587655583042,12862,3482465.0,3605900
2025,det->acl,det,acl,11,2.6356478074884506e-06,0.0027335732747984175,15004,4024037.0,4173547
2026,det->acl,det,acl,1,7.143918525038006e-07,0.0007437344094674415,4849,1344566.0,1399792
2019,det->advmod,det,advmod,5,2.034604554258834e-05,0.021019796444291236,912,237871.0,245748
2020,det->advmod,det,advmod,51,1.4284946019709864e-05,0.014944844731854322,14066,3412548.0,3570192
2021,det->advmod,det,advmod,42,1.2439111290655532e-05,0.01305530101172366,12748,3217084.0,3376447
2022,det->advmod,det,advmod,34,1.1669644714234427e-05,0.012193691772880298,10523,2788327.0,2913542
2023,det->advmod,det,advmod,35,1.1428134827175582e-05,0.011875452963705901,11046,2947256.0,3062617
2024,det->advmod,det,advmod,33,9.151668099503591e-06,0.009476046421141348,12862,3482465.0,3605900
2025,det->advmod,det,advmod,39,9.344569499277234e-06,0.009691759792467117,15004,4024037.0,4173547
2026,det->advmod,det,advmod,16,1.1430269640060809e-05,0.011899750551479064,4849,1344566.0,1399792
2020,det->amod,det,amod,13,3.641260750122122e-06,0.0038094702257667878,14066,3412548.0,3570192
2021,det->amod,det,amod,15,4.44253974666269e-06,0.004662607504187022,12748,3217084.0,3376447
2022,det->amod,det,amod,18,6.17804720165352e-06,0.006455483879760157,10523,2788327.0,2913542
2023,det->amod,det,amod,9,2.938663241273721e-06,0.003053687904952946,11046,2947256.0,3062617
2024,det->amod,det,amod,11,3.050556033167864e-06,0.003158682140380449,12862,3482465.0,3605900
2025,det->amod,det,amod,12,2.875252153623764e-06,0.0029820799361437284,15004,4024037.0,4173547
2026,det->amod,det,amod,7,5.000742967526604e-06,0.00520614086627209,4849,1344566.0,1399792
2020,det->appos,det,appos,7,1.9606788654503734e-06,0.0020512531984898086,14066,3412548.0,3570192
2021,det->appos,det,appos,5,1.4808465822208967e-06,0.0015542025013956739,12748,3217084.0,3376447
2022,det->appos,det,appos,7,2.4025739117541465e-06,0.002510465953240061,10523,2788327.0,2913542
2023,det->appos,det,appos,2,6.530362758386047e-07,0.0006785973122117658,11046,2947256.0,3062617
2024,det->appos,det,appos,7,1.9412629301977313e-06,0.0020100704529693765,12862,3482465.0,3605900
2025,det->appos,det,appos,12,2.875252153623764e-06,0.0029820799361437284,15004,4024037.0,4173547
2026,det->appos,det,appos,2,1.4287837050076011e-06,0.001487468818934883,4849,1344566.0,1399792
2020,det->aux,det,aux,1,2.800969807786248e-07,0.0002930361712128298,14066,3412548.0,3570192
2026,det->case,det,case,1,7.143918525038006e-07,0.0007437344094674415,4849,1344566.0,1399792
2019,det->cc,det,cc,1,4.069209108517669e-06,0.0042039592888582465,912,237871.0,245748
2020,det->cc,det,cc,66,1.8486400731389236e-05,0.01934038730004677,14066,3412548.0,3570192
2021,det->cc,det,cc,76,2.250886804975763e-05,0.02362387802121424,12748,3217084.0,3376447
2022,det->cc,det,cc,62,2.1279940361251013e-05,0.02223555558584054,10523,2788327.0,2913542
2023,det->cc,det,cc,49,1.5999388758045816e-05,0.01662563414918826,11046,2947256.0,3062617
2024,det->cc,det,cc,57,1.5807426717324385e-05,0.016367716545607782,12862,3482465.0,3605900
2025,det->cc,det,cc,81,1.9407952036960408e-05,0.020129039568970167,15004,4024037.0,4173547
2026,det->cc,det,cc,20,1.4287837050076012e-05,0.01487468818934883,4849,1344566.0,1399792
2019,det->compound,det,compound,2,8.138418217035338e-06,0.008407918577716493,912,237871.0,245748
2020,det->compound,det,compound,15,4.201454711679372e-06,0.004395542568192448,14066,3412548.0,3570192
2021,det->compound,det,compound,15,4.44253974666269e-06,0.004662607504187022,12748,3217084.0,3376447
2022,det->compound,det,compound,13,4.461922978971987e-06,0.004662293913160113,10523,2788327.0,2913542
2023,det->compound,det,compound,5,1.6325906895965118e-06,0.0016964932805294145,11046,2947256.0,3062617
2024,det->compound,det,compound,10,2.7732327574253305e-06,0.0028715292185276806,12862,3482465.0,3605900
2025,det->compound,det,compound,12,2.875252153623764e-06,0.0029820799361437284,15004,4024037.0,4173547
2026,det->compound,det,compound,9,6.429526672534205e-06,0.006693609685206974,4849,1344566.0,1399792
2020,det->conj,det,conj,43,1.2044170173480866e-05,0.012600555362151683,14066,3412548.0,3570192
2021,det->conj,det,conj,50,1.4808465822208968e-05,0.015542025013956738,12748,3217084.0,3376447
2022,det->conj,det,conj,31,1.0639970180625506e-05,0.01111777779292027,10523,2788327.0,2913542
2023,det->conj,det,conj,34,1.110161668925628e-05,0.011536154307600018,11046,2947256.0,3062617
2024,det->conj,det,conj,35,9.706314650988658e-06,0.010050352264846883,12862,3482465.0,3605900
2025,det->conj,det,conj,50,1.1980217306765685e-05,0.012425333067265534,15004,4024037.0,4173547
2026,det->conj,det,conj,17,1.214466149256461e-05,0.012643484960946506,4849,1344566.0,1399792
2022,det->dative,det,dative,1,3.4322484453630666e-07,0.00035863799332000874,10523,2788327.0,2913542
2019,det->dep,det,dep,3,1.2207627325553006e-05,0.01261187786657474,912,237871.0,245748
2020,det->dep,det,dep,16,4.481551692457997e-06,0.004688578739405277,14066,3412548.0,3570192
2021,det->dep,det,dep,21,6.219555645327766e-06,0.00652765050586183,12748,3217084.0,3376447
2022,det->dep,det,dep,23,7.894171424335053e-06,0.0082486738463602,10523,2788327.0,2913542
2023,det->dep,det,dep,11,3.591699517112326e-06,0.0037322852171647117,11046,2947256.0,3062617
2024,det->dep,det,dep,8,2.2185862059402647e-06,0.002297223374822145,12862,3482465.0,3605900
2025,det->dep,det,dep,15,3.594065192029705e-06,0.0037275999201796606,15004,4024037.0,4173547
2026,det->dep,det,dep,6,4.286351115022804e-06,0.004462406456804649,4849,1344566.0,1399792
2023,det->det,det,det,1,3.2651813791930233e-07,0.0003392986561058829,11046,2947256.0,3062617
2020,det->dobj,det,dobj,1,2.800969807786248e-07,0.0002930361712128298,14066,3412548.0,3570192
2022,det->dobj,det,dobj,2,6.864496890726133e-07,0.0007172759866400175,10523,2788327.0,2913542
2023,det->dobj,det,dobj,4,1.3060725516772093e-06,0.0013571946244235317,11046,2947256.0,3062617
2024,det->dobj,det,dobj,3,8.319698272275992e-07,0.0008614587655583042,12862,3482465.0,3605900
2025,det->dobj,det,dobj,1,2.3960434613531366e-07,0.00024850666134531066,15004,4024037.0,4173547
2026,det->dobj,det,dobj,2,1.4287837050076011e-06,0.001487468818934883,4849,1344566.0,1399792
2020,det->intj,det,intj,1,2.800969807786248e-07,0.0002930361712128298,14066,3412548.0,3570192
2022,det->intj,det,intj,1,3.4322484453630666e-07,0.00035863799332000874,10523,2788327.0,2913542
2023,det->intj,det,intj,3,9.795544137579071e-07,0.0010178959683176485,11046,2947256.0,3062617
2024,det->intj,det,intj,1,2.773232757425331e-07,0.0002871529218527681,12862,3482465.0,3605900
2020,det->mark,det,mark,1,2.800969807786248e-07,0.0002930361712128298,14066,3412548.0,3570192
2022,det->mark,det,mark,1,3.4322484453630666e-07,0.00035863799332000874,10523,2788327.0,2913542
2024,det->meta,det,meta,3,8.319698272275992e-07,0.0008614587655583042,12862,3482465.0,3605900
2019,det->neg,det,neg,1,4.069209108517669e-06,0.0042039592888582465,912,237871.0,245748
2020,det->neg,det,neg,12,3.3611637693434976e-06,0.003516434054553958,14066,3412548.0,3570192
2021,det->neg,det,neg,3,8.88507949332538e-07,0.0009325215008374043,12748,3217084.0,3376447
2022,det->neg,det,neg,2,6.864496890726133e-07,0.0007172759866400175,10523,2788327.0,2913542
2023,det->neg,det,neg,1,3.2651813791930233e-07,0.0003392986561058829,11046,2947256.0,3062617
2024,det->neg,det,neg,9,2.4959094816827976e-06,0.0025843762966749127,12862,3482465.0,3605900
2025,det->neg,det,neg,7,1.6772304229471957e-06,0.0017395466294171749,15004,4024037.0,4173547
2026,det->neg,det,neg,3,2.143175557511402e-06,0.0022312032284023246,4849,1344566.0,1399792
2020,det->nmod,det,nmod,3,8.402909423358744e-07,0.0008791085136384895,14066,3412548.0,3570192
2021,det->nmod,det,nmod,4,1.1846772657767174e-06,0.0012433620011165392,12748,3217084.0,3376447
2022,det->nmod,det,nmod,1,3.4322484453630666e-07,0.00035863799332000874,10523,2788327.0,2913542
2023,det->nmod,det,nmod,1,3.2651813791930233e-07,0.0003392986561058829,11046,2947256.0,3062617
2024,det->nmod,det,nmod,2,5.546465514850662e-07,0.0005743058437055362,12862,3482465.0,3605900
2025,det->nmod,det,nmod,2,4.792086922706273e-07,0.0004970133226906213,15004,4024037.0,4173547
2026,det->nmod,det,nmod,1,7.143918525038006e-07,0.0007437344094674415,4849,1344566.0,1399792
2021,det->npadvmod,det,npadvmod,1,2.9616931644417936e-07,0.0003108405002791348,12748,3217084.0,3376447
2023,det->npadvmod,det,npadvmod,1,3.2651813791930233e-07,0.0003392986561058829,11046,2947256.0,3062617
2024,det->npadvmod,det,npadvmod,1,2.773232757425331e-07,0.0002871529218527681,12862,3482465.0,3605900
2025,det->npadvmod,det,npadvmod,2,4.792086922706273e-07,0.0004970133226906213,15004,4024037.0,4173547
2026,det->npadvmod,det,npadvmod,1,7.143918525038006e-07,0.0007437344094674415,4849,1344566.0,1399792
2022,det->nsubj,det,nsubj,1,3.4322484453630666e-07,0.00035863799332000874,10523,2788327.0,2913542
2024,det->nsubj,det,nsubj,1,2.773232757425331e-07,0.0002871529218527681,12862,3482465.0,3605900
2025,det->nsubj,det,nsubj,2,4.792086922706273e-07,0.0004970133226906213,15004,4024037.0,4173547
2020,det->nummod,det,nummod,3,8.402909423358744e-07,0.0008791085136384895,14066,3412548.0,3570192
2021,det->nummod,det,nummod,3,8.88507949332538e-07,0.0009325215008374043,12748,3217084.0,3376447
2022,det->nummod,det,nummod,1,3.4322484453630666e-07,0.00035863799332000874,10523,2788327.0,2913542
2024,det->nummod,det,nummod,1,2.773232757425331e-07,0.0002871529218527681,12862,3482465.0,3605900
2025,det->nummod,det,nummod,3,7.18813038405941e-07,0.0007455199840359321,15004,4024037.0,4173547
2026,det->nummod,det,nummod,1,7.143918525038006e-07,0.0007437344094674415,4849,1344566.0,1399792
2020,det->parataxis,det,parataxis,1,2.800969807786248e-07,0.0002930361712128298,14066,3412548.0,3570192
2023,det->pcomp,det,pcomp,1,3.2651813791930233e-07,0.0003392986561058829,11046,2947256.0,3062617
2024,det->pcomp,det,pcomp,1,2.773232757425331e-07,0.0002871529218527681,12862,3482465.0,3605900
2020,det->pobj,det,pobj,6,1.6805818846717488e-06,0.001758217027276979,14066,3412548.0,3570192
2021,det->pobj,det,pobj,6,1.777015898665076e-06,0.0018650430016748086,12748,3217084.0,3376447
2022,det->pobj,det,pobj,6,2.05934906721784e-06,0.0021518279599200526,10523,2788327.0,2913542
2023,det->pobj,det,pobj,2,6.530362758386047e-07,0.0006785973122117658,11046,2947256.0,3062617
2024,det->pobj,det,pobj,5,1.3866163787126653e-06,0.0014357646092638403,12862,3482465.0,3605900
2025,det->pobj,det,pobj,7,1.6772304229471957e-06,0.0017395466294171749,15004,4024037.0,4173547
2026,det->pobj,det,pobj,3,2.143175557511402e-06,0.0022312032284023246,4849,1344566.0,1399792
2019,det->preconj,det,preconj,7,2.848446375962368e-05,0.029427715022007726,912,237871.0,245748
2020,det->preconj,det,preconj,58,1.624562488516024e-05,0.01699609793034413,14066,3412548.0,3570192
2021,det->preconj,det,preconj,62,1.836249761953912e-05,0.019272111017306356,12748,3217084.0,3376447
2022,det->preconj,det,preconj,50,1.7161242226815334e-05,0.01793189966600044,10523,2788327.0,2913542
2023,det->preconj,det,preconj,49,1.5999388758045816e-05,0.01662563414918826,11046,2947256.0,3062617
2024,det->preconj,det,preconj,76,2.1076568956432514e-05,0.021823622060810375,12862,3482465.0,3605900
2025,det->preconj,det,preconj,72,1.7251512921742583e-05,0.01789247961686237,15004,4024037.0,4173547
2026,det->preconj,det,preconj,24,1.7145404460091215e-05,0.017849625827218597,4849,1344566.0,1399792
2021,det->predet,det,predet,1,2.9616931644417936e-07,0.0003108405002791348,12748,3217084.0,3376447
2022,det->predet,det,predet,3,1.02967453360892e-06,0.0010759139799600263,10523,2788327.0,2913542
2024,det->predet,det,predet,1,2.773232757425331e-07,0.0002871529218527681,12862,3482465.0,3605900
2020,det->prep,det,prep,20,5.601939615572496e-06,0.005860723424256597,14066,3412548.0,3570192
2021,det->prep,det,prep,8,2.369354531553435e-06,0.0024867240022330784,12748,3217084.0,3376447
2022,det->prep,det,prep,15,5.1483726680446e-06,0.005379569899800131,10523,2788327.0,2913542
2023,det->prep,det,prep,9,2.938663241273721e-06,0.003053687904952946,11046,2947256.0,3062617
2024,det->prep,det,prep,23,6.37843534207826e-06,0.006604517202613665,12862,3482465.0,3605900
2025,det->prep,det,prep,17,4.073273884300333e-06,0.004224613242870282,15004,4024037.0,4173547
2026,det->prep,det,prep,5,3.571959262519003e-06,0.0037186720473372076,4849,1344566.0,1399792
2019,det->quantmod,det,quantmod,1,4.069209108517669e-06,0.0042039592888582465,912,237871.0,245748
2020,det->quantmod,det,quantmod,9,2.520872827007623e-06,0.0026373255409154685,14066,3412548.0,3570192
2021,det->quantmod,det,quantmod,7,2.0731852151092556e-06,0.0021758835019539432,12748,3217084.0,3376447
2022,det->quantmod,det,quantmod,8,2.7457987562904533e-06,0.00286910394656007,10523,2788327.0,2913542
2023,det->quantmod,det,quantmod,9,2.938663241273721e-06,0.003053687904952946,11046,2947256.0,3062617
2024,det->quantmod,det,quantmod,8,2.2185862059402647e-06,0.002297223374822145,12862,3482465.0,3605900
2025,det->quantmod,det,quantmod,3,7.18813038405941e-07,0.0007455199840359321,15004,4024037.0,4173547
2026,det->quantmod,det,quantmod,3,2.143175557511402e-06,0.0022312032284023246,4849,1344566.0,1399792
2021,det->relcl,det,relcl,3,8.88507949332538e-07,0.0009325215008374043,12748,3217084.0,3376447
2022,det->relcl,det,relcl,2,6.864496890726133e-07,0.0007172759866400175,10523,2788327.0,2913542
2023,det->relcl,det,relcl,2,6.530362758386047e-07,0.0006785973122117658,11046,2947256.0,3062617
2024,det->relcl,det,relcl,3,8.319698272275992e-07,0.0008614587655583042,12862,3482465.0,3605900
2025,det->relcl,det,relcl,1,2.3960434613531366e-07,0.00024850666134531066,15004,4024037.0,4173547
2026,det->relcl,det,relcl,1,7.143918525038006e-07,0.0007437344094674415,4849,1344566.0,1399792
2019,dobj->acl,dobj,acl,657,0.0026734703842961082,2.7620012527798683,912,237871.0,245748
2020,dobj->acl,dobj,acl,9972,0.0027931270923244465,2.922156699334339,14066,3412548.0,3570192
2021,dobj->acl,dobj,acl,9805,0.0029039401477351785,3.0477911052369167,12748,3217084.0,3376447
2022,dobj->acl,dobj,acl,8564,0.0029393775686089303,3.0713757747925547,10523,2788327.0,2913542
2023,dobj->acl,dobj,acl,9609,0.0031375127872665764,3.260320786521429,11046,2947256.0,3062617
2024,dobj->acl,dobj,acl,12061,0.0033447960287306916,3.4633513904662356,12862,3482465.0,3605900
2025,dobj->acl,dobj,acl,14676,0.0035164333838818636,3.64708376190378,15004,4024037.0,4173547
2026,dobj->acl,dobj,acl,4800,0.003429080892018243,3.569925165443719,4849,1344566.0,1399792
2020,dobj->acomp,dobj,acomp,4,1.1203879231144992e-06,0.0011721446848513193,14066,3412548.0,3570192
2021,dobj->acomp,dobj,acomp,5,1.4808465822208967e-06,0.0015542025013956739,12748,3217084.0,3376447
2022,dobj->acomp,dobj,acomp,7,2.4025739117541465e-06,0.002510465953240061,10523,2788327.0,2913542
2023,dobj->acomp,dobj,acomp,8,2.6121451033544187e-06,0.0027143892488470634,11046,2947256.0,3062617
2024,dobj->acomp,dobj,acomp,13,3.60520258465293e-06,0.003732987984085985,12862,3482465.0,3605900
2025,dobj->acomp,dobj,acomp,7,1.6772304229471957e-06,0.0017395466294171749,15004,4024037.0,4173547
2026,dobj->acomp,dobj,acomp,3,2.143175557511402e-06,0.0022312032284023246,4849,1344566.0,1399792
2019,dobj->advcl,dobj,advcl,9,3.662288197665902e-05,0.03783563359972422,912,237871.0,245748
2020,dobj->advcl,dobj,advcl,158,4.4255322963022715e-05,0.04629971505162711,14066,3412548.0,3570192
2021,dobj->advcl,dobj,advcl,167,4.946027584617795e-05,0.051910363546615504,12748,3217084.0,3376447
2022,dobj->advcl,dobj,advcl,134,4.5992129167865093e-05,0.048057491104881174,10523,2788327.0,2913542
2023,dobj->advcl,dobj,advcl,131,4.277387606742861e-05,0.04444812394987065,11046,2947256.0,3062617
2024,dobj->advcl,dobj,advcl,198,5.491000859702155e-05,0.05685627852684808,12862,3482465.0,3605900
2025,dobj->advcl,dobj,advcl,233,5.582781264952809e-05,0.05790205209345739,15004,4024037.0,4173547
2026,dobj->advcl,dobj,advcl,83,5.9294523757815444e-05,0.06172995598579765,4849,1344566.0,1399792
2019,dobj->advmod,dobj,advmod,52,0.00021159887364291877,0.21860588302062883,912,237871.0,245748
2020,dobj->advmod,dobj,advmod,827,0.0002316402031039227,0.24234091359301027,14066,3412548.0,3570192
2021,dobj->advmod,dobj,advmod,722,0.0002138342464726975,0.2244268412015353,12748,3217084.0,3376447
2022,dobj->advmod,dobj,advmod,631,0.0002165748769024095,0.22630057378492552,10523,2788327.0,2913542
2023,dobj->advmod,dobj,advmod,638,0.0002083185719925149,0.2164725425955533,11046,2947256.0,3062617
2024,dobj->advmod,dobj,advmod,768,0.0002129842757702654,0.22053344398292588,12862,3482465.0,3605900
2025,dobj->advmod,dobj,advmod,1039,0.0002489489156345909,0.2581984211377778,15004,4024037.0,4173547
2026,dobj->advmod,dobj,advmod,332,0.00023717809503126178,0.2469198239431906,4849,1344566.0,1399792
2020,dobj->agent,dobj,agent,2,5.601939615572496e-07,0.0005860723424256596,14066,3412548.0,3570192
2021,dobj->agent,dobj,agent,3,8.88507949332538e-07,0.0009325215008374043,12748,3217084.0,3376447
2023,dobj->agent,dobj,agent,2,6.530362758386047e-07,0.0006785973122117658,11046,2947256.0,3062617
2025,dobj->agent,dobj,agent,2,4.792086922706273e-07,0.0004970133226906213,15004,4024037.0,4173547
2026,dobj->agent,dobj,agent,1,7.143918525038006e-07,0.0007437344094674415,4849,1344566.0,1399792
2019,dobj->amod,dobj,amod,6192,0.025196542799941404,26.030915916610265,912,237871.0,245748
2020,dobj->amod,dobj,amod,83198,0.023303508606820025,24.380023372565013,14066,3412548.0,3570192
2021,dobj->amod,dobj,amod,80241,0.023764922120797394,24.94215258289805,12748,3217084.0,3376447
2022,dobj->amod,dobj,amod,70047,0.024041870685234674,25.12151551808665,10523,2788327.0,2913542
2023,dobj->amod,dobj,amod,79018,0.025800810222107434,26.810701208174653,11046,2947256.0,3062617
2024,dobj->amod,dobj,amod,100435,0.02785296319920131,28.840203706282765,12862,3482465.0,3605900
2025,dobj->amod,dobj,amod,130631,0.031299755340002164,32.46267367819928,15004,4024037.0,4173547
2026,dobj->amod,dobj,amod,46892,0.03349926274760821,34.875193928747265,4849,1344566.0,1399792
2019,dobj->appos,dobj,appos,807,0.0032838517505737585,3.3925951461086052,912,237871.0,245748
2020,dobj->appos,dobj,appos,10031,0.0028096528141903854,2.939445833435896,14066,3412548.0,3570192
2021,dobj->appos,dobj,appos,10089,0.0029880522336053253,3.1360698073161903,12748,3217084.0,3376447
2022,dobj->appos,dobj,appos,9121,0.003130553807015653,3.2711371370717996,10523,2788327.0,2913542
2023,dobj->appos,dobj,appos,10418,0.003401665960843292,3.534813399311088,11046,2947256.0,3062617
2024,dobj->appos,dobj,appos,13349,0.0037019884078870737,3.833204353812601,12862,3482465.0,3605900
2025,dobj->appos,dobj,appos,18110,0.004339234708510531,4.500455636963577,15004,4024037.0,4173547
2026,dobj->appos,dobj,appos,6326,0.004519242858939042,4.704863874291036,4849,1344566.0,1399792
2020,dobj->attr,dobj,attr,1,2.800969807786248e-07,0.0002930361712128298,14066,3412548.0,3570192
2022,dobj->attr,dobj,attr,3,1.02967453360892e-06,0.0010759139799600263,10523,2788327.0,2913542
2023,dobj->attr,dobj,attr,2,6.530362758386047e-07,0.0006785973122117658,11046,2947256.0,3062617
2024,dobj->attr,dobj,attr,1,2.773232757425331e-07,0.0002871529218527681,12862,3482465.0,3605900
2025,dobj->attr,dobj,attr,2,4.792086922706273e-07,0.0004970133226906213,15004,4024037.0,4173547
2020,dobj->aux,dobj,aux,25,7.00242451946562e-06,0.007325904280320746,14066,3412548.0,3570192
2021,dobj->aux,dobj,aux,22,6.5157249617719455e-06,0.006838491006140965,12748,3217084.0,3376447
2022,dobj->aux,dobj,aux,27,9.26707080248028e-06,0.009683225819640236,10523,2788327.0,2913542
2023,dobj->aux,dobj,aux,17,5.55080834462814e-06,0.005768077153800009,11046,2947256.0,3062617
2024,dobj->aux,dobj,aux,32,8.874344823761059e-06,0.00918889349928858,12862,3482465.0,3605900
2025,dobj->aux,dobj,aux,39,9.344569499277234e-06,0.009691759792467117,15004,4024037.0,4173547
2026,dobj->aux,dobj,aux,11,7.858310377541807e-06,0.008181078504141856,4849,1344566.0,1399792
2022,dobj->auxpass,dobj,auxpass,1,3.4322484453630666e-07,0.00035863799332000874,10523,2788327.0,2913542
2023,dobj->auxpass,dobj,auxpass,1,3.2651813791930233e-07,0.0003392986561058829,11046,2947256.0,3062617
2020,dobj->case,dobj,case,5,1.400484903893124e-06,0.0014651808560641492,14066,3412548.0,3570192
2021,dobj->case,dobj,case,2,5.923386328883587e-07,0.0006216810005582696,12748,3217084.0,3376447
2022,dobj->case,dobj,case,2,6.864496890726133e-07,0.0007172759866400175,10523,2788327.0,2913542
2023,dobj->case,dobj,case,4,1.3060725516772093e-06,0.0013571946244235317,11046,2947256.0,3062617
2024,dobj->case,dobj,case,3,8.319698272275992e-07,0.0008614587655583042,12862,3482465.0,3605900
2025,dobj->case,dobj,case,2,4.792086922706273e-07,0.0004970133226906213,15004,4024037.0,4173547
2026,dobj->case,dobj,case,1,7.143918525038006e-07,0.0007437344094674415,4849,1344566.0,1399792
2019,dobj->cc,dobj,cc,969,0.00394306362615362,4.0736365509036405,912,237871.0,245748
2020,dobj->cc,dobj,cc,12658,0.0035454675826958326,3.709251855212,14066,3412548.0,3570192
2021,dobj->cc,dobj,cc,12415,0.0036769420636544865,3.859084810965458,12748,3217084.0,3376447
2022,dobj->cc,dobj,cc,11214,0.003848923406630143,4.021766457090577,10523,2788327.0,2913542
2023,dobj->cc,dobj,cc,12366,0.004037723293510093,4.195767181405348,11046,2947256.0,3062617
2024,dobj->cc,dobj,cc,15778,0.004375606644665687,4.530698800992975,12862,3482465.0,3605900
2025,dobj->cc,dobj,cc,19864,0.004759500731631871,4.936336320963252,15004,4024037.0,4173547
2026,dobj->cc,dobj,cc,6327,0.004519957250791546,4.705607608700503,4849,1344566.0,1399792
2019,dobj->ccomp,dobj,ccomp,1,4.069209108517669e-06,0.0042039592888582465,912,237871.0,245748
2020,dobj->ccomp,dobj,ccomp,10,2.800969807786248e-06,0.0029303617121282984,14066,3412548.0,3570192
2021,dobj->ccomp,dobj,ccomp,9,2.665523847997614e-06,0.002797564502512213,12748,3217084.0,3376447
2022,dobj->ccomp,dobj,ccomp,8,2.7457987562904533e-06,0.00286910394656007,10523,2788327.0,2913542
2023,dobj->ccomp,dobj,ccomp,6,1.9591088275158142e-06,0.002035791936635297,11046,2947256.0,3062617
2024,dobj->ccomp,dobj,ccomp,8,2.2185862059402647e-06,0.002297223374822145,12862,3482465.0,3605900
2025,dobj->ccomp,dobj,ccomp,14,3.3544608458943914e-06,0.0034790932588343497,15004,4024037.0,4173547
2019,dobj->compound,dobj,compound,2984,0.012142519979816723,12.544614517953008,912,237871.0,245748
2020,dobj->compound,dobj,compound,41886,0.011732142136893478,12.27411306742059,14066,3412548.0,3570192
2021,dobj->compound,dobj,compound,41435,0.012271775626864571,12.879676129065949,12748,3217084.0,3376447
2022,dobj->compound,dobj,compound,36646,0.012577817652877495,13.14264790320504,10523,2788327.0,2913542
2023,dobj->compound,dobj,compound,40417,0.013196883580284443,13.71343378383147,11046,2947256.0,3062617
2024,dobj->compound,dobj,compound,51470,0.014273829002468177,14.779760887761972,12862,3482465.0,3605900
2025,dobj->compound,dobj,compound,66000,0.015813886844930704,16.401439648790504,15004,4024037.0,4173547
2026,dobj->compound,dobj,compound,23360,0.01668819367448878,17.373635805159434,4849,1344566.0,1399792
2019,dobj->conj,dobj,conj,1155,0.004699936520337907,4.855572978631275,912,237871.0,245748
2020,dobj->conj,dobj,conj,15567,0.004360269699780852,4.561694077270121,14066,3412548.0,3570192
2021,dobj->conj,dobj,conj,15256,0.0045183590916724,4.74218267225848,12748,3217084.0,3376447
2022,dobj->conj,dobj,conj,14050,0.004822309065735109,5.038863806146123,10523,2788327.0,2913542
2023,dobj->conj,dobj,conj,15575,0.005085519998093134,5.2845765688491255,11046,2947256.0,3062617
2024,dobj->conj,dobj,conj,20290,0.005626889264815996,5.826332784392664,12862,3482465.0,3605900
2025,dobj->conj,dobj,conj,26446,0.006336576537894506,6.5720071659380865,15004,4024037.0,4173547
2026,dobj->conj,dobj,conj,8630,0.006165201687107799,6.41842795370402,4849,1344566.0,1399792
2020,dobj->csubj,dobj,csubj,4,1.1203879231144992e-06,0.0011721446848513193,14066,3412548.0,3570192
2021,dobj->csubj,dobj,csubj,2,5.923386328883587e-07,0.0006216810005582696,12748,3217084.0,3376447
2023,dobj->csubj,dobj,csubj,1,3.2651813791930233e-07,0.0003392986561058829,11046,2947256.0,3062617
2024,dobj->csubj,dobj,csubj,5,1.3866163787126653e-06,0.0014357646092638403,12862,3482465.0,3605900
2025,dobj->csubj,dobj,csubj,1,2.3960434613531366e-07,0.00024850666134531066,15004,4024037.0,4173547
2026,dobj->csubj,dobj,csubj,3,2.143175557511402e-06,0.0022312032284023246,4849,1344566.0,1399792
2024,dobj->dative,dobj,dative,1,2.773232757425331e-07,0.0002871529218527681,12862,3482465.0,3605900
2019,dobj->dep,dobj,dep,5,2.034604554258834e-05,0.021019796444291236,912,237871.0,245748
2020,dobj->dep,dobj,dep,55,1.5405333942824364e-05,0.01611698941670564,14066,3412548.0,3570192
2021,dobj->dep,dobj,dep,61,1.806632830309494e-05,0.018961270517027222,12748,3217084.0,3376447
2022,dobj->dep,dobj,dep,64,2.1966390050323626e-05,0.02295283157248056,10523,2788327.0,2913542
2023,dobj->dep,dobj,dep,59,1.926457013723884e-05,0.02001862071024709,11046,2947256.0,3062617
2024,dobj->dep,dobj,dep,94,2.606838791979811e-05,0.026992374654160198,12862,3482465.0,3605900
2025,dobj->dep,dobj,dep,114,2.731489545942576e-05,0.02832975939336542,15004,4024037.0,4173547
2026,dobj->dep,dobj,dep,48,3.429080892018243e-05,0.03569925165443719,4849,1344566.0,1399792
2019,dobj->det,dobj,det,4086,0.016626788417403192,17.177377654274796,912,237871.0,245748
2020,dobj->det,dobj,det,64430,0.018046648471566794,18.880320511242626,14066,3412548.0,3570192
2021,dobj->det,dobj,det,56539,0.016745116982437455,17.574611045282,12748,3217084.0,3376447
2022,dobj->det,dobj,det,47637,0.01635020191917604,17.084438087785255,10523,2788327.0,2913542
2023,dobj->det,dobj,det,52089,0.01700800328607854,17.673727697899334,11046,2947256.0,3062617
2024,dobj->det,dobj,det,63684,0.017661055492387476,18.287046675271682,12862,3482465.0,3605900
2025,dobj->det,dobj,det,69000,0.016532699883336645,17.146959632826437,15004,4024037.0,4173547
2026,dobj->det,dobj,det,20827,0.014878639112096654,15.489756545978405,4849,1344566.0,1399792
2019,dobj->dobj,dobj,dobj,9,3.662288197665902e-05,0.03783563359972422,912,237871.0,245748
2020,dobj->dobj,dobj,dobj,107,2.9970376943312853e-05,0.03135487031977279,14066,3412548.0,3570192
2021,dobj->dobj,dobj,dobj,117,3.4651810023968986e-05,0.03636833853265877,12748,3217084.0,3376447
2022,dobj->dobj,dobj,dobj,100,3.432248445363067e-05,0.03586379933200088,10523,2788327.0,2913542
2023,dobj->dobj,dobj,dobj,110,3.5916995171123256e-05,0.03732285217164712,11046,2947256.0,3062617
2024,dobj->dobj,dobj,dobj,162,4.4926370670290357e-05,0.04651877334014843,12862,3482465.0,3605900
2025,dobj->dobj,dobj,dobj,217,5.199414311136307e-05,0.05392594551193242,15004,4024037.0,4173547
2026,dobj->dobj,dobj,dobj,96,6.858161784036486e-05,0.07139850330887439,4849,1344566.0,1399792
2020,dobj->intj,dobj,intj,32,8.963103384915993e-06,0.009377157478810554,14066,3412548.0,3570192
2021,dobj->intj,dobj,intj,49,1.4512296505764788e-05,0.015231184513677604,12748,3217084.0,3376447
2022,dobj->intj,dobj,intj,41,1.4072218625988573e-05,0.014704157726120357,10523,2788327.0,2913542
2023,dobj->intj,dobj,intj,65,2.122367896475465e-05,0.022054412646882387,11046,2947256.0,3062617
2024,dobj->intj,dobj,intj,49,1.3588840511384121e-05,0.014070493170785637,12862,3482465.0,3605900
2025,dobj->intj,dobj,intj,86,2.0605973767636976e-05,0.02137157287569672,15004,4024037.0,4173547
2026,dobj->intj,dobj,intj,34,2.428932298512922e-05,0.025286969921893013,4849,1344566.0,1399792
2019,dobj->mark,dobj,mark,13,5.289971841072969e-05,0.05465147075515721,912,237871.0,245748
2020,dobj->mark,dobj,mark,119,3.333154071265635e-05,0.03487130437432675,14066,3412548.0,3570192
2021,dobj->mark,dobj,mark,103,3.0505439593750473e-05,0.03201657152875088,12748,3217084.0,3376447
2022,dobj->mark,dobj,mark,89,3.054701116373129e-05,0.031918781405480774,10523,2788327.0,2913542
2023,dobj->mark,dobj,mark,78,2.5468414757705584e-05,0.026465295176258865,11046,2947256.0,3062617
2024,dobj->mark,dobj,mark,120,3.327879308910397e-05,0.03445835062233217,12862,3482465.0,3605900
2025,dobj->mark,dobj,mark,145,3.4742630189620486e-05,0.03603346589507005,15004,4024037.0,4173547
2026,dobj->mark,dobj,mark,61,4.3577903002731834e-05,0.04536779897751393,4849,1344566.0,1399792
2019,dobj->meta,dobj,meta,2,8.138418217035338e-06,0.008407918577716493,912,237871.0,245748
2020,dobj->meta,dobj,meta,39,1.0923782250366367e-05,0.011428410677300363,14066,3412548.0,3570192
2021,dobj->meta,dobj,meta,29,8.5889101768812e-06,0.009014374508094909,12748,3217084.0,3376447
2022,dobj->meta,dobj,meta,42,1.441544347052488e-05,0.015062795719440367,10523,2788327.0,2913542
2023,dobj->meta,dobj,meta,28,9.142507861740465e-06,0.00950036237096472,11046,2947256.0,3062617
2024,dobj->meta,dobj,meta,35,9.706314650988658e-06,0.010050352264846883,12862,3482465.0,3605900
2025,dobj->meta,dobj,meta,39,9.344569499277234e-06,0.009691759792467117,15004,4024037.0,4173547
2026,dobj->meta,dobj,meta,18,1.285905334506841e-05,0.013387219370413948,4849,1344566.0,1399792
2019,dobj->neg,dobj,neg,1,4.069209108517669e-06,0.0042039592888582465,912,237871.0,245748
2020,dobj->neg,dobj,neg,11,3.0810667885648726e-06,0.003223397883341128,14066,3412548.0,3570192
2021,dobj->neg,dobj,neg,9,2.665523847997614e-06,0.002797564502512213,12748,3217084.0,3376447
2022,dobj->neg,dobj,neg,6,2.05934906721784e-06,0.0021518279599200526,10523,2788327.0,2913542
2023,dobj->neg,dobj,neg,3,9.795544137579071e-07,0.0010178959683176485,11046,2947256.0,3062617
2024,dobj->neg,dobj,neg,10,2.7732327574253305e-06,0.0028715292185276806,12862,3482465.0,3605900
2025,dobj->neg,dobj,neg,11,2.6356478074884506e-06,0.0027335732747984175,15004,4024037.0,4173547
2026,dobj->neg,dobj,neg,6,4.286351115022804e-06,0.004462406456804649,4849,1344566.0,1399792
2019,dobj->nmod,dobj,nmod,438,0.001782313589530739,1.841334168519912,912,237871.0,245748
2020,dobj->nmod,dobj,nmod,6962,0.0019500351801807858,2.040117823983721,14066,3412548.0,3570192
2021,dobj->nmod,dobj,nmod,7364,0.0021809908462949367,2.2890294440555485,12748,3217084.0,3376447
2022,dobj->nmod,dobj,nmod,6232,0.0021389772311502632,2.2350319743702944,10523,2788327.0,2913542
2023,dobj->nmod,dobj,nmod,6609,0.002157958373508669,2.24242481820378,11046,2947256.0,3062617
2024,dobj->nmod,dobj,nmod,8173,0.002266563132643723,2.3469008303026735,12862,3482465.0,3605900
2025,dobj->nmod,dobj,nmod,10566,0.0025316595212657245,2.6257213837745526,15004,4024037.0,4173547
2026,dobj->nmod,dobj,nmod,3702,0.0026446786379690696,2.7533047838484688,4849,1344566.0,1399792
2019,dobj->npadvmod,dobj,npadvmod,23,9.359180949590637e-05,0.09669106364373968,912,237871.0,245748
2020,dobj->npadvmod,dobj,npadvmod,194,5.433881427105321e-05,0.05684901721528898,14066,3412548.0,3570192
2021,dobj->npadvmod,dobj,npadvmod,185,5.479132354217318e-05,0.057505492551639927,12748,3217084.0,3376447
2022,dobj->npadvmod,dobj,npadvmod,180,6.17804720165352e-05,0.06455483879760157,10523,2788327.0,2913542
2023,dobj->npadvmod,dobj,npadvmod,195,6.367103689426396e-05,0.06616323794064716,11046,2947256.0,3062617
2024,dobj->npadvmod,dobj,npadvmod,238,6.600293962672287e-05,0.06834239540095881,12862,3482465.0,3605900
2025,dobj->npadvmod,dobj,npadvmod,348,8.338231245508915e-05,0.08648031814816812,15004,4024037.0,4173547
2026,dobj->npadvmod,dobj,npadvmod,106,7.572553636540285e-05,0.0788358474035488,4849,1344566.0,1399792
2019,dobj->nsubj,dobj,nsubj,8,3.255367286814135e-05,0.03363167431086597,912,237871.0,245748
2020,dobj->nsubj,dobj,nsubj,132,3.697280146277847e-05,0.03868077460009354,14066,3412548.0,3570192
2021,dobj->nsubj,dobj,nsubj,138,4.087136566929675e-05,0.0428959890385206,12748,3217084.0,3376447
2022,dobj->nsubj,dobj,nsubj,109,3.741150805445743e-05,0.03909154127188095,10523,2788327.0,2913542
2023,dobj->nsubj,dobj,nsubj,118,3.852914027447768e-05,0.04003724142049418,11046,2947256.0,3062617
2024,dobj->nsubj,dobj,nsubj,176,4.880889653068582e-05,0.05053891424608718,12862,3482465.0,3605900
2025,dobj->nsubj,dobj,nsubj,202,4.8400077919333364e-05,0.05019834559175276,15004,4024037.0,4173547
2026,dobj->nsubj,dobj,nsubj,65,4.643547041274704e-05,0.0483427366153837,4849,1344566.0,1399792
2023,dobj->nsubjpass,dobj,nsubjpass,2,6.530362758386047e-07,0.0006785973122117658,11046,2947256.0,3062617
2019,dobj->nummod,dobj,nummod,551,0.0022421342187932355,2.316381568160894,912,237871.0,245748
2020,dobj->nummod,dobj,nummod,7758,0.002172992376880571,2.2733746162691335,14066,3412548.0,3570192
2021,dobj->nummod,dobj,nummod,7999,0.0023690583622369907,2.486413161732799,12748,3217084.0,3376447
2022,dobj->nummod,dobj,nummod,7009,0.0024056629353549734,2.5136936951799416,10523,2788327.0,2913542
2023,dobj->nummod,dobj,nummod,7478,0.002441702635360543,2.5372753503597925,11046,2947256.0,3062617
2024,dobj->nummod,dobj,nummod,9348,0.002592417981641199,2.684305513479676,12862,3482465.0,3605900
2025,dobj->nummod,dobj,nummod,11835,0.0028357174365114374,2.941076337021752,15004,4024037.0,4173547
2026,dobj->nummod,dobj,nummod,4255,0.0030397373324036712,3.164589912283964,4849,1344566.0,1399792
2020,dobj->oprd,dobj,oprd,2,5.601939615572496e-07,0.0005860723424256596,14066,3412548.0,3570192
2021,dobj->oprd,dobj,oprd,3,8.88507949332538e-07,0.0009325215008374043,12748,3217084.0,3376447
2022,dobj->oprd,dobj,oprd,1,3.4322484453630666e-07,0.00035863799332000874,10523,2788327.0,2913542
2023,dobj->oprd,dobj,oprd,2,6.530362758386047e-07,0.0006785973122117658,11046,2947256.0,3062617
2025,dobj->oprd,dobj,oprd,1,2.3960434613531366e-07,0.00024850666134531066,15004,4024037.0,4173547
2026,dobj->oprd,dobj,oprd,1,7.143918525038006e-07,0.0007437344094674415,4849,1344566.0,1399792
2019,dobj->parataxis,dobj,parataxis,14,5.696892751924736e-05,0.05885543004401545,912,237871.0,245748
2020,dobj->parataxis,dobj,parataxis,108,3.025047392409148e-05,0.03164790649098562,14066,3412548.0,3570192
2021,dobj->parataxis,dobj,parataxis,77,2.280503736620181e-05,0.023934718521493377,12748,3217084.0,3376447
2022,dobj->parataxis,dobj,parataxis,104,3.5695383831775896e-05,0.037298351305280905,10523,2788327.0,2913542
2023,dobj->parataxis,dobj,parataxis,110,3.5916995171123256e-05,0.03732285217164712,11046,2947256.0,3062617
2024,dobj->parataxis,dobj,parataxis,138,3.827061205246956e-05,0.039627103215682,12862,3482465.0,3605900
2025,dobj->parataxis,dobj,parataxis,158,3.785748668937956e-05,0.03926405249255909,15004,4024037.0,4173547
2026,dobj->parataxis,dobj,parataxis,48,3.429080892018243e-05,0.03569925165443719,4849,1344566.0,1399792
2020,dobj->pcomp,dobj,pcomp,2,5.601939615572496e-07,0.0005860723424256596,14066,3412548.0,3570192
2021,dobj->pcomp,dobj,pcomp,4,1.1846772657767174e-06,0.0012433620011165392,12748,3217084.0,3376447
2022,dobj->pcomp,dobj,pcomp,4,1.3728993781452266e-06,0.001434551973280035,10523,2788327.0,2913542
2023,dobj->pcomp,dobj,pcomp,1,3.2651813791930233e-07,0.0003392986561058829,11046,2947256.0,3062617
2024,dobj->pcomp,dobj,pcomp,3,8.319698272275992e-07,0.0008614587655583042,12862,3482465.0,3605900
2025,dobj->pcomp,dobj,pcomp,7,1.6772304229471957e-06,0.0017395466294171749,15004,4024037.0,4173547
2026,dobj->pcomp,dobj,pcomp,1,7.143918525038006e-07,0.0007437344094674415,4849,1344566.0,1399792
2019,dobj->pobj,dobj,pobj,3,1.2207627325553006e-05,0.01261187786657474,912,237871.0,245748
2020,dobj->pobj,dobj,pobj,28,7.842715461801493e-06,0.008205012793959235,14066,3412548.0,3570192
2021,dobj->pobj,dobj,pobj,18,5.331047695995228e-06,0.005595129005024426,12748,3217084.0,3376447
2022,dobj->pobj,dobj,pobj,15,5.1483726680446e-06,0.005379569899800131,10523,2788327.0,2913542
2023,dobj->pobj,dobj,pobj,23,7.509917172143954e-06,0.007803869090435307,11046,2947256.0,3062617
2024,dobj->pobj,dobj,pobj,23,6.37843534207826e-06,0.006604517202613665,12862,3482465.0,3605900
2025,dobj->pobj,dobj,pobj,31,7.427734730194724e-06,0.007703706501704632,15004,4024037.0,4173547
2026,dobj->pobj,dobj,pobj,15,1.0715877787557008e-05,0.011156016142011622,4849,1344566.0,1399792
2019,dobj->poss,dobj,poss,188,0.0007650113124013217,0.7903443463053504,912,237871.0,245748
2020,dobj->poss,dobj,poss,2834,0.0007937948435266227,0.8304645092171598,14066,3412548.0,3570192
2021,dobj->poss,dobj,poss,2632,0.0007795176408810801,0.8181321967346827,12748,3217084.0,3376447
2022,dobj->poss,dobj,poss,2321,0.0007966248641687678,0.8323987824957403,10523,2788327.0,2913542
2023,dobj->poss,dobj,poss,2649,0.000864946547348232,0.8988021400244838,11046,2947256.0,3062617
2024,dobj->poss,dobj,poss,3613,0.001001968995257772,1.037483506654051,12862,3482465.0,3605900
2025,dobj->poss,dobj,poss,4009,0.0009605738236564725,0.9962632053333507,15004,4024037.0,4173547
2026,dobj->poss,dobj,poss,1064,0.0007601129310640438,0.7913334116733578,4849,1344566.0,1399792
2019,dobj->preconj,dobj,preconj,16,6.51073457362827e-05,0.06726334862173194,912,237871.0,245748
2020,dobj->preconj,dobj,preconj,242,6.77834693484272e-05,0.07091475343350481,14066,3412548.0,3570192
2021,dobj->preconj,dobj,preconj,253,7.493083706037737e-05,0.0786426465706211,12748,3217084.0,3376447
2022,dobj->preconj,dobj,preconj,216,7.413656641984225e-05,0.07746580655712189,10523,2788327.0,2913542
2023,dobj->preconj,dobj,preconj,209,6.824229082513419e-05,0.07091341912612953,11046,2947256.0,3062617
2024,dobj->preconj,dobj,preconj,273,7.570925427771153e-05,0.07839274766580569,12862,3482465.0,3605900
2025,dobj->preconj,dobj,preconj,432,0.00010350907753045551,0.10735487770117422,15004,4024037.0,4173547
2026,dobj->preconj,dobj,preconj,142,0.00010144364305553968,0.10561028614437669,4849,1344566.0,1399792
2019,dobj->predet,dobj,predet,10,4.069209108517668e-05,0.04203959288858247,912,237871.0,245748
2020,dobj->predet,dobj,predet,147,4.117425617445784e-05,0.043076317168285985,14066,3412548.0,3570192
2021,dobj->predet,dobj,predet,115,3.405947139108062e-05,0.0357466575321005,12748,3217084.0,3376447
2022,dobj->predet,dobj,predet,65,2.2309614894859933e-05,0.023311469565800567,10523,2788327.0,2913542
2023,dobj->predet,dobj,predet,75,2.4488860343947675e-05,0.02544739920794122,11046,2947256.0,3062617
2024,dobj->predet,dobj,predet,99,2.7455004298510773e-05,0.02842813926342404,12862,3482465.0,3605900
2025,dobj->predet,dobj,predet,78,1.8689138998554467e-05,0.019383519584934235,15004,4024037.0,4173547
2026,dobj->predet,dobj,predet,34,2.428932298512922e-05,0.025286969921893013,4849,1344566.0,1399792
2019,dobj->prep,dobj,prep,4962,0.02019141559646467,20.86004599131462,912,237871.0,245748
2020,dobj->prep,dobj,prep,72249,0.020236726764274862,21.171570333955742,14066,3412548.0,3570192
2021,dobj->prep,dobj,prep,67280,0.019926271610364386,20.91334885878019,12748,3217084.0,3376447
2022,dobj->prep,dobj,prep,57646,0.019785539388139935,20.674045762925225,10523,2788327.0,2913542
2023,dobj->prep,dobj,prep,63371,0.02069178091808411,21.501695136085903,11046,2947256.0,3062617
2024,dobj->prep,dobj,prep,78649,0.021811198313874482,22.584290150798356,12862,3482465.0,3605900
2025,dobj->prep,dobj,prep,88484,0.021201150963437096,21.98886342247847,15004,4024037.0,4173547
2026,dobj->prep,dobj,prep,27678,0.019772937693600192,20.58508098523985,4849,1344566.0,1399792
2019,dobj->prt,dobj,prt,1,4.069209108517669e-06,0.0042039592888582465,912,237871.0,245748
2020,dobj->prt,dobj,prt,20,5.601939615572496e-06,0.005860723424256597,14066,3412548.0,3570192
2021,dobj->prt,dobj,prt,19,5.627217012439407e-06,0.00590596950530356,12748,3217084.0,3376447
2022,dobj->prt,dobj,prt,13,4.461922978971987e-06,0.004662293913160113,10523,2788327.0,2913542
2023,dobj->prt,dobj,prt,11,3.591699517112326e-06,0.0037322852171647117,11046,2947256.0,3062617
2024,dobj->prt,dobj,prt,19,5.2691422391081285e-06,0.005455905515202594,12862,3482465.0,3605900
2025,dobj->prt,dobj,prt,26,6.2297129995181555e-06,0.0064611731949780786,15004,4024037.0,4173547
2026,dobj->prt,dobj,prt,13,9.287094082549407e-06,0.00966854732307674,4849,1344566.0,1399792
2019,dobj->quantmod,dobj,quantmod,11,4.476130019369435e-05,0.04624355217744071,912,237871.0,245748
2020,dobj->quantmod,dobj,quantmod,177,4.957716559781659e-05,0.05186740230467088,14066,3412548.0,3570192
2021,dobj->quantmod,dobj,quantmod,132,3.909434977063167e-05,0.04103094603684579,12748,3217084.0,3376447
2022,dobj->quantmod,dobj,quantmod,94,3.226313538641283e-05,0.033711971372080825,10523,2788327.0,2913542
2023,dobj->quantmod,dobj,quantmod,82,2.6774487309382792e-05,0.027822489800682398,11046,2947256.0,3062617
2024,dobj->quantmod,dobj,quantmod,134,3.716131894949943e-05,0.038478491528270924,12862,3482465.0,3605900
2025,dobj->quantmod,dobj,quantmod,169,4.049313449686801e-05,0.04199762576735751,15004,4024037.0,4173547
2026,dobj->quantmod,dobj,quantmod,65,4.643547041274704e-05,0.0483427366153837,4849,1344566.0,1399792
2019,dobj->relcl,dobj,relcl,464,0.0018881130263521983,1.9506371100302264,912,237871.0,245748
2020,dobj->relcl,dobj,relcl,6192,0.0017343605049812446,1.8144799721498424,14066,3412548.0,3570192
2021,dobj->relcl,dobj,relcl,5682,0.001682834056035827,1.7661957225860436,12748,3217084.0,3376447
2022,dobj->relcl,dobj,relcl,4879,0.0016745940164926403,1.7497947694083227,10523,2788327.0,2913542
2023,dobj->relcl,dobj,relcl,5175,0.0016897313637323896,1.755870545347944,11046,2947256.0,3062617
2024,dobj->relcl,dobj,relcl,6053,0.0016786377880695527,1.7381366359748054,12862,3482465.0,3605900
2025,dobj->relcl,dobj,relcl,6697,0.0016046303060681956,1.6642491110295456,15004,4024037.0,4173547
2026,dobj->relcl,dobj,relcl,2166,0.001547372752523232,1.6109287309064784,4849,1344566.0,1399792
2019,dobj->xcomp,dobj,xcomp,1,4.069209108517669e-06,0.0042039592888582465,912,237871.0,245748
2020,dobj->xcomp,dobj,xcomp,44,1.232426715425949e-05,0.012893591533364512,14066,3412548.0,3570192
2021,dobj->xcomp,dobj,xcomp,47,1.3919957872876429e-05,0.014609503513119333,12748,3217084.0,3376447
2022,dobj->xcomp,dobj,xcomp,27,9.26707080248028e-06,0.009683225819640236,10523,2788327.0,2913542
2023,dobj->xcomp,dobj,xcomp,37,1.2081171103014186e-05,0.012554050275917668,11046,2947256.0,3062617
2024,dobj->xcomp,dobj,xcomp,52,1.442081033861172e-05,0.01493195193634394,12862,3482465.0,3605900
2025,dobj->xcomp,dobj,xcomp,63,1.5095073806524762e-05,0.01565591966475457,15004,4024037.0,4173547
2026,dobj->xcomp,dobj,xcomp,16,1.1430269640060809e-05,0.011899750551479064,4849,1344566.0,1399792
2022,expl->amod,expl,amod,3,1.02967453360892e-06,0.0010759139799600263,10523,2788327.0,2913542
2023,expl->amod,expl,amod,2,6.530362758386047e-07,0.0006785973122117658,11046,2947256.0,3062617
2025,expl->amod,expl,amod,1,2.3960434613531366e-07,0.00024850666134531066,15004,4024037.0,4173547
2020,expl->cc,expl,cc,1,2.800969807786248e-07,0.0002930361712128298,14066,3412548.0,3570192
2022,expl->compound,expl,compound,1,3.4322484453630666e-07,0.00035863799332000874,10523,2788327.0,2913542
2020,expl->conj,expl,conj,1,2.800969807786248e-07,0.0002930361712128298,14066,3412548.0,3570192
2022,expl->det,expl,det,1,3.4322484453630666e-07,0.00035863799332000874,10523,2788327.0,2913542
2024,expl->quantmod,expl,quantmod,1,2.773232757425331e-07,0.0002871529218527681,12862,3482465.0,3605900
2024,intj->advcl,intj,advcl,1,2.773232757425331e-07,0.0002871529218527681,12862,3482465.0,3605900
2019,intj->advmod,intj,advmod,1,4.069209108517669e-06,0.0042039592888582465,912,237871.0,245748
2020,intj->advmod,intj,advmod,2,5.601939615572496e-07,0.0005860723424256596,14066,3412548.0,3570192
2021,intj->advmod,intj,advmod,5,1.4808465822208967e-06,0.0015542025013956739,12748,3217084.0,3376447
2023,intj->advmod,intj,advmod,4,1.3060725516772093e-06,0.0013571946244235317,11046,2947256.0,3062617
2024,intj->advmod,intj,advmod,5,1.3866163787126653e-06,0.0014357646092638403,12862,3482465.0,3605900
2025,intj->advmod,intj,advmod,5,1.1980217306765685e-06,0.0012425333067265533,15004,4024037.0,4173547
2026,intj->advmod,intj,advmod,3,2.143175557511402e-06,0.0022312032284023246,4849,1344566.0,1399792
2020,intj->amod,intj,amod,4,1.1203879231144992e-06,0.0011721446848513193,14066,3412548.0,3570192
2021,intj->amod,intj,amod,3,8.88507949332538e-07,0.0009325215008374043,12748,3217084.0,3376447
2022,intj->amod,intj,amod,5,1.7161242226815333e-06,0.0017931899666000436,10523,2788327.0,2913542
2023,intj->amod,intj,amod,4,1.3060725516772093e-06,0.0013571946244235317,11046,2947256.0,3062617
2024,intj->amod,intj,amod,14,3.882525860395463e-06,0.004020140905938753,12862,3482465.0,3605900
2025,intj->amod,intj,amod,9,2.156439115217823e-06,0.002236559952107796,15004,4024037.0,4173547
2026,intj->amod,intj,amod,2,1.4287837050076011e-06,0.001487468818934883,4849,1344566.0,1399792
2019,intj->appos,intj,appos,3,1.2207627325553006e-05,0.01261187786657474,912,237871.0,245748
2020,intj->appos,intj,appos,26,7.282521500244244e-06,0.0076189404515335755,14066,3412548.0,3570192
2021,intj->appos,intj,appos,35,1.0365926075546277e-05,0.010879417509769718,12748,3217084.0,3376447
2022,intj->appos,intj,appos,40,1.3728993781452266e-05,0.01434551973280035,10523,2788327.0,2913542
2023,intj->appos,intj,appos,27,8.815989723821163e-06,0.009161063714858838,11046,2947256.0,3062617
2024,intj->appos,intj,appos,37,1.0260961202473723e-05,0.01062465810855242,12862,3482465.0,3605900
2025,intj->appos,intj,appos,46,1.1021799922224429e-05,0.011431306421884292,15004,4024037.0,4173547
2026,intj->appos,intj,appos,11,7.858310377541807e-06,0.008181078504141856,4849,1344566.0,1399792
2020,intj->aux,intj,aux,2,5.601939615572496e-07,0.0005860723424256596,14066,3412548.0,3570192
2026,intj->aux,intj,aux,1,7.143918525038006e-07,0.0007437344094674415,4849,1344566.0,1399792
2019,intj->cc,intj,cc,1,4.069209108517669e-06,0.0042039592888582465,912,237871.0,245748
2020,intj->cc,intj,cc,26,7.282521500244244e-06,0.0076189404515335755,14066,3412548.0,3570192
2021,intj->cc,intj,cc,32,9.47741812621374e-06,0.009946896008932313,12748,3217084.0,3376447
2022,intj->cc,intj,cc,28,9.610295647016586e-06,0.010041863812960244,10523,2788327.0,2913542
2023,intj->cc,intj,cc,33,1.0775098551336977e-05,0.011196855651494135,11046,2947256.0,3062617
2024,intj->cc,intj,cc,23,6.37843534207826e-06,0.006604517202613665,12862,3482465.0,3605900
2025,intj->cc,intj,cc,29,6.948526037924097e-06,0.0072066931790140095,15004,4024037.0,4173547
2026,intj->cc,intj,cc,11,7.858310377541807e-06,0.008181078504141856,4849,1344566.0,1399792
2022,intj->ccomp,intj,ccomp,1,3.4322484453630666e-07,0.00035863799332000874,10523,2788327.0,2913542
2020,intj->compound,intj,compound,4,1.1203879231144992e-06,0.0011721446848513193,14066,3412548.0,3570192
2021,intj->compound,intj,compound,10,2.9616931644417935e-06,0.0031084050027913477,12748,3217084.0,3376447
2022,intj->compound,intj,compound,5,1.7161242226815333e-06,0.0017931899666000436,10523,2788327.0,2913542
2023,intj->compound,intj,compound,7,2.2856269654351162e-06,0.00237509059274118,11046,2947256.0,3062617
2024,intj->compound,intj,compound,6,1.6639396544551984e-06,0.0017229175311166084,12862,3482465.0,3605900
2025,intj->compound,intj,compound,10,2.396043461353137e-06,0.0024850666134531066,15004,4024037.0,4173547
2026,intj->compound,intj,compound,1,7.143918525038006e-07,0.0007437344094674415,4849,1344566.0,1399792
2019,intj->conj,intj,conj,1,4.069209108517669e-06,0.0042039592888582465,912,237871.0,245748
2020,intj->conj,intj,conj,40,1.1203879231144992e-05,0.011721446848513194,14066,3412548.0,3570192
2021,intj->conj,intj,conj,57,1.6881651037318222e-05,0.017717908515910683,12748,3217084.0,3376447
2022,intj->conj,intj,conj,45,1.54451180041338e-05,0.016138709699400393,10523,2788327.0,2913542
2023,intj->conj,intj,conj,50,1.6325906895965118e-05,0.016964932805294142,11046,2947256.0,3062617
2024,intj->conj,intj,conj,40,1.1092931029701322e-05,0.011486116874110722,12862,3482465.0,3605900
2025,intj->conj,intj,conj,54,1.293863469130694e-05,0.013419359712646777,15004,4024037.0,4173547
2026,intj->conj,intj,conj,20,1.4287837050076012e-05,0.01487468818934883,4849,1344566.0,1399792
2024,intj->csubj,intj,csubj,1,2.773232757425331e-07,0.0002871529218527681,12862,3482465.0,3605900
2025,intj->csubj,intj,csubj,1,2.3960434613531366e-07,0.00024850666134531066,15004,4024037.0,4173547
2019,intj->dep,intj,dep,2,8.138418217035338e-06,0.008407918577716493,912,237871.0,245748
2020,intj->dep,intj,dep,6,1.6805818846717488e-06,0.001758217027276979,14066,3412548.0,3570192
2021,intj->dep,intj,dep,4,1.1846772657767174e-06,0.0012433620011165392,12748,3217084.0,3376447
2022,intj->dep,intj,dep,5,1.7161242226815333e-06,0.0017931899666000436,10523,2788327.0,2913542
2023,intj->dep,intj,dep,7,2.2856269654351162e-06,0.00237509059274118,11046,2947256.0,3062617
2024,intj->dep,intj,dep,8,2.2185862059402647e-06,0.002297223374822145,12862,3482465.0,3605900
2025,intj->dep,intj,dep,9,2.156439115217823e-06,0.002236559952107796,15004,4024037.0,4173547
2026,intj->dep,intj,dep,2,1.4287837050076011e-06,0.001487468818934883,4849,1344566.0,1399792
2021,intj->det,intj,det,1,2.9616931644417936e-07,0.0003108405002791348,12748,3217084.0,3376447
2023,intj->det,intj,det,2,6.530362758386047e-07,0.0006785973122117658,11046,2947256.0,3062617
2025,intj->det,intj,det,1,2.3960434613531366e-07,0.00024850666134531066,15004,4024037.0,4173547
2019,intj->dobj,intj,dobj,1,4.069209108517669e-06,0.0042039592888582465,912,237871.0,245748
2020,intj->dobj,intj,dobj,1,2.800969807786248e-07,0.0002930361712128298,14066,3412548.0,3570192
2021,intj->dobj,intj,dobj,1,2.9616931644417936e-07,0.0003108405002791348,12748,3217084.0,3376447
2022,intj->dobj,intj,dobj,2,6.864496890726133e-07,0.0007172759866400175,10523,2788327.0,2913542
2023,intj->dobj,intj,dobj,4,1.3060725516772093e-06,0.0013571946244235317,11046,2947256.0,3062617
2024,intj->dobj,intj,dobj,5,1.3866163787126653e-06,0.0014357646092638403,12862,3482465.0,3605900
2025,intj->dobj,intj,dobj,9,2.156439115217823e-06,0.002236559952107796,15004,4024037.0,4173547
2026,intj->dobj,intj,dobj,1,7.143918525038006e-07,0.0007437344094674415,4849,1344566.0,1399792
2019,intj->intj,intj,intj,1,4.069209108517669e-06,0.0042039592888582465,912,237871.0,245748
2020,intj->intj,intj,intj,12,3.3611637693434976e-06,0.003516434054553958,14066,3412548.0,3570192
2021,intj->intj,intj,intj,11,3.2578624808859728e-06,0.0034192455030704824,12748,3217084.0,3376447
2022,intj->intj,intj,intj,18,6.17804720165352e-06,0.006455483879760157,10523,2788327.0,2913542
2023,intj->intj,intj,intj,19,6.203844620466744e-06,0.0064466744660117755,11046,2947256.0,3062617
2024,intj->intj,intj,intj,14,3.882525860395463e-06,0.004020140905938753,12862,3482465.0,3605900
2025,intj->intj,intj,intj,21,5.031691268841587e-06,0.005218639888251525,15004,4024037.0,4173547
2026,intj->intj,intj,intj,10,7.143918525038006e-06,0.007437344094674415,4849,1344566.0,1399792
2023,intj->mark,intj,mark,1,3.2651813791930233e-07,0.0003392986561058829,11046,2947256.0,3062617
2022,intj->meta,intj,meta,1,3.4322484453630666e-07,0.00035863799332000874,10523,2788327.0,2913542
2022,intj->neg,intj,neg,1,3.4322484453630666e-07,0.00035863799332000874,10523,2788327.0,2913542
2026,intj->neg,intj,neg,1,7.143918525038006e-07,0.0007437344094674415,4849,1344566.0,1399792
2019,intj->nmod,intj,nmod,1,4.069209108517669e-06,0.0042039592888582465,912,237871.0,245748
2020,intj->nmod,intj,nmod,5,1.400484903893124e-06,0.0014651808560641492,14066,3412548.0,3570192
2021,intj->nmod,intj,nmod,1,2.9616931644417936e-07,0.0003108405002791348,12748,3217084.0,3376447
2022,intj->nmod,intj,nmod,3,1.02967453360892e-06,0.0010759139799600263,10523,2788327.0,2913542
2023,intj->nmod,intj,nmod,7,2.2856269654351162e-06,0.00237509059274118,11046,2947256.0,3062617
2024,intj->nmod,intj,nmod,2,5.546465514850662e-07,0.0005743058437055362,12862,3482465.0,3605900
2025,intj->nmod,intj,nmod,7,1.6772304229471957e-06,0.0017395466294171749,15004,4024037.0,4173547
2026,intj->nmod,intj,nmod,3,2.143175557511402e-06,0.0022312032284023246,4849,1344566.0,1399792
2019,intj->npadvmod,intj,npadvmod,1,4.069209108517669e-06,0.0042039592888582465,912,237871.0,245748
2020,intj->npadvmod,intj,npadvmod,18,5.041745654015246e-06,0.005274651081830937,14066,3412548.0,3570192
2021,intj->npadvmod,intj,npadvmod,24,7.108063594660304e-06,0.007460172006699234,12748,3217084.0,3376447
2022,intj->npadvmod,intj,npadvmod,33,1.132641986969812e-05,0.01183505377956029,10523,2788327.0,2913542
2023,intj->npadvmod,intj,npadvmod,22,7.183399034224652e-06,0.007464570434329423,11046,2947256.0,3062617
2024,intj->npadvmod,intj,npadvmod,32,8.874344823761059e-06,0.00918889349928858,12862,3482465.0,3605900
2025,intj->npadvmod,intj,npadvmod,45,1.0782195576089116e-05,0.011182799760538981,15004,4024037.0,4173547
2026,intj->npadvmod,intj,npadvmod,11,7.858310377541807e-06,0.008181078504141856,4849,1344566.0,1399792
2020,intj->nsubj,intj,nsubj,2,5.601939615572496e-07,0.0005860723424256596,14066,3412548.0,3570192
2021,intj->nsubj,intj,nsubj,3,8.88507949332538e-07,0.0009325215008374043,12748,3217084.0,3376447
2022,intj->nsubj,intj,nsubj,2,6.864496890726133e-07,0.0007172759866400175,10523,2788327.0,2913542
2023,intj->nsubj,intj,nsubj,1,3.2651813791930233e-07,0.0003392986561058829,11046,2947256.0,3062617
2024,intj->nsubj,intj,nsubj,3,8.319698272275992e-07,0.0008614587655583042,12862,3482465.0,3605900
2025,intj->nsubj,intj,nsubj,4,9.584173845412547e-07,0.0009940266453812427,15004,4024037.0,4173547
2020,intj->nummod,intj,nummod,10,2.800969807786248e-06,0.0029303617121282984,14066,3412548.0,3570192
2021,intj->nummod,intj,nummod,11,3.2578624808859728e-06,0.0034192455030704824,12748,3217084.0,3376447
2022,intj->nummod,intj,nummod,10,3.4322484453630665e-06,0.0035863799332000873,10523,2788327.0,2913542
2023,intj->nummod,intj,nummod,9,2.938663241273721e-06,0.003053687904952946,11046,2947256.0,3062617
2024,intj->nummod,intj,nummod,10,2.7732327574253305e-06,0.0028715292185276806,12862,3482465.0,3605900
2025,intj->nummod,intj,nummod,12,2.875252153623764e-06,0.0029820799361437284,15004,4024037.0,4173547
2026,intj->nummod,intj,nummod,4,2.8575674100152022e-06,0.002974937637869766,4849,1344566.0,1399792
2021,intj->parataxis,intj,parataxis,2,5.923386328883587e-07,0.0006216810005582696,12748,3217084.0,3376447
2022,intj->parataxis,intj,parataxis,1,3.4322484453630666e-07,0.00035863799332000874,10523,2788327.0,2913542
2023,intj->parataxis,intj,parataxis,1,3.2651813791930233e-07,0.0003392986561058829,11046,2947256.0,3062617
2025,intj->parataxis,intj,parataxis,3,7.18813038405941e-07,0.0007455199840359321,15004,4024037.0,4173547
2022,intj->pcomp,intj,pcomp,2,6.864496890726133e-07,0.0007172759866400175,10523,2788327.0,2913542
2024,intj->pcomp,intj,pcomp,1,2.773232757425331e-07,0.0002871529218527681,12862,3482465.0,3605900
2025,intj->pcomp,intj,pcomp,1,2.3960434613531366e-07,0.00024850666134531066,15004,4024037.0,4173547
2020,intj->pobj,intj,pobj,7,1.9606788654503734e-06,0.0020512531984898086,14066,3412548.0,3570192
2021,intj->pobj,intj,pobj,5,1.4808465822208967e-06,0.0015542025013956739,12748,3217084.0,3376447
2022,intj->pobj,intj,pobj,8,2.7457987562904533e-06,0.00286910394656007,10523,2788327.0,2913542
2023,intj->pobj,intj,pobj,7,2.2856269654351162e-06,0.00237509059274118,11046,2947256.0,3062617
2024,intj->pobj,intj,pobj,7,1.9412629301977313e-06,0.0020100704529693765,12862,3482465.0,3605900
2025,intj->pobj,intj,pobj,12,2.875252153623764e-06,0.0029820799361437284,15004,4024037.0,4173547
2026,intj->pobj,intj,pobj,12,8.572702230045608e-06,0.008924812913609298,4849,1344566.0,1399792
2022,intj->preconj,intj,preconj,1,3.4322484453630666e-07,0.00035863799332000874,10523,2788327.0,2913542
2023,intj->preconj,intj,preconj,5,1.6325906895965118e-06,0.0016964932805294145,11046,2947256.0,3062617
2025,intj->preconj,intj,preconj,2,4.792086922706273e-07,0.0004970133226906213,15004,4024037.0,4173547
2020,intj->prep,intj,prep,10,2.800969807786248e-06,0.0029303617121282984,14066,3412548.0,3570192
2021,intj->prep,intj,prep,11,3.2578624808859728e-06,0.0034192455030704824,12748,3217084.0,3376447
2022,intj->prep,intj,prep,8,2.7457987562904533e-06,0.00286910394656007,10523,2788327.0,2913542
2023,intj->prep,intj,prep,12,3.9182176550316284e-06,0.004071583873270594,11046,2947256.0,3062617
2024,intj->prep,intj,prep,11,3.050556033167864e-06,0.003158682140380449,12862,3482465.0,3605900
2025,intj->prep,intj,prep,16,3.833669538165019e-06,0.003976106581524971,15004,4024037.0,4173547
2026,intj->prep,intj,prep,6,4.286351115022804e-06,0.004462406456804649,4849,1344566.0,1399792
2021,intj->prt,intj,prt,1,2.9616931644417936e-07,0.0003108405002791348,12748,3217084.0,3376447
2023,intj->prt,intj,prt,1,3.2651813791930233e-07,0.0003392986561058829,11046,2947256.0,3062617
2025,intj->prt,intj,prt,1,2.3960434613531366e-07,0.00024850666134531066,15004,4024037.0,4173547
2024,intj->relcl,intj,relcl,1,2.773232757425331e-07,0.0002871529218527681,12862,3482465.0,3605900
2024,intj->xcomp,intj,xcomp,1,2.773232757425331e-07,0.0002871529218527681,12862,3482465.0,3605900
2025,mark->advcl,mark,advcl,1,2.3960434613531366e-07,0.00024850666134531066,15004,4024037.0,4173547
2019,mark->advmod,mark,advmod,2,8.138418217035338e-06,0.008407918577716493,912,237871.0,245748
2020,mark->advmod,mark,advmod,36,1.0083491308030492e-05,0.010549302163661874,14066,3412548.0,3570192
2021,mark->advmod,mark,advmod,33,9.773587442657917e-06,0.010257736509211447,12748,3217084.0,3376447
2022,mark->advmod,mark,advmod,25,8.580621113407667e-06,0.00896594983300022,10523,2788327.0,2913542
2023,mark->advmod,mark,advmod,28,9.142507861740465e-06,0.00950036237096472,11046,2947256.0,3062617
2024,mark->advmod,mark,advmod,21,5.823788790593194e-06,0.0060302113589081295,12862,3482465.0,3605900
2025,mark->advmod,mark,advmod,13,3.1148564997590778e-06,0.0032305865974890393,15004,4024037.0,4173547
2026,mark->advmod,mark,advmod,9,6.429526672534205e-06,0.006693609685206974,4849,1344566.0,1399792
2020,mark->amod,mark,amod,17,4.761648673236621e-06,0.004981614910618107,14066,3412548.0,3570192
2021,mark->amod,mark,amod,10,2.9616931644417935e-06,0.0031084050027913477,12748,3217084.0,3376447
2022,mark->amod,mark,amod,13,4.461922978971987e-06,0.004662293913160113,10523,2788327.0,2913542
2023,mark->amod,mark,amod,18,5.877326482547442e-06,0.006107375809905892,11046,2947256.0,3062617
2024,mark->amod,mark,amod,11,3.050556033167864e-06,0.003158682140380449,12862,3482465.0,3605900
2025,mark->amod,mark,amod,18,4.312878230435646e-06,0.004473119904215592,15004,4024037.0,4173547
2026,mark->amod,mark,amod,9,6.429526672534205e-06,0.006693609685206974,4849,1344566.0,1399792
2020,mark->appos,mark,appos,1,2.800969807786248e-07,0.0002930361712128298,14066,3412548.0,3570192
2025,mark->appos,mark,appos,1,2.3960434613531366e-07,0.00024850666134531066,15004,4024037.0,4173547
2022,mark->aux,mark,aux,1,3.4322484453630666e-07,0.00035863799332000874,10523,2788327.0,2913542
2020,mark->cc,mark,cc,15,4.201454711679372e-06,0.004395542568192448,14066,3412548.0,3570192
2021,mark->cc,mark,cc,19,5.627217012439407e-06,0.00590596950530356,12748,3217084.0,3376447
2022,mark->cc,mark,cc,14,4.805147823508293e-06,0.005020931906480122,10523,2788327.0,2913542
2023,mark->cc,mark,cc,14,4.5712539308702325e-06,0.00475018118548236,11046,2947256.0,3062617
2024,mark->cc,mark,cc,23,6.37843534207826e-06,0.006604517202613665,12862,3482465.0,3605900
2025,mark->cc,mark,cc,12,2.875252153623764e-06,0.0029820799361437284,15004,4024037.0,4173547
2026,mark->cc,mark,cc,5,3.571959262519003e-06,0.0037186720473372076,4849,1344566.0,1399792
2020,mark->conj,mark,conj,3,8.402909423358744e-07,0.0008791085136384895,14066,3412548.0,3570192
2021,mark->conj,mark,conj,5,1.4808465822208967e-06,0.0015542025013956739,12748,3217084.0,3376447
2022,mark->conj,mark,conj,5,1.7161242226815333e-06,0.0017931899666000436,10523,2788327.0,2913542
2024,mark->conj,mark,conj,5,1.3866163787126653e-06,0.0014357646092638403,12862,3482465.0,3605900
2025,mark->conj,mark,conj,3,7.18813038405941e-07,0.0007455199840359321,15004,4024037.0,4173547
2026,mark->conj,mark,conj,1,7.143918525038006e-07,0.0007437344094674415,4849,1344566.0,1399792
2020,mark->dep,mark,dep,1,2.800969807786248e-07,0.0002930361712128298,14066,3412548.0,3570192
2021,mark->dep,mark,dep,1,2.9616931644417936e-07,0.0003108405002791348,12748,3217084.0,3376447
2022,mark->dep,mark,dep,3,1.02967453360892e-06,0.0010759139799600263,10523,2788327.0,2913542
2023,mark->dep,mark,dep,2,6.530362758386047e-07,0.0006785973122117658,11046,2947256.0,3062617
2024,mark->dep,mark,dep,6,1.6639396544551984e-06,0.0017229175311166084,12862,3482465.0,3605900
2025,mark->dep,mark,dep,1,2.3960434613531366e-07,0.00024850666134531066,15004,4024037.0,4173547
2026,mark->dep,mark,dep,1,7.143918525038006e-07,0.0007437344094674415,4849,1344566.0,1399792
2022,mark->det,mark,det,1,3.4322484453630666e-07,0.00035863799332000874,10523,2788327.0,2913542
2023,mark->det,mark,det,2,6.530362758386047e-07,0.0006785973122117658,11046,2947256.0,3062617
2024,mark->det,mark,det,3,8.319698272275992e-07,0.0008614587655583042,12862,3482465.0,3605900
2020,mark->intj,mark,intj,1,2.800969807786248e-07,0.0002930361712128298,14066,3412548.0,3570192
2021,mark->intj,mark,intj,1,2.9616931644417936e-07,0.0003108405002791348,12748,3217084.0,3376447
2022,mark->intj,mark,intj,1,3.4322484453630666e-07,0.00035863799332000874,10523,2788327.0,2913542
2023,mark->intj,mark,intj,1,3.2651813791930233e-07,0.0003392986561058829,11046,2947256.0,3062617
2024,mark->intj,mark,intj,2,5.546465514850662e-07,0.0005743058437055362,12862,3482465.0,3605900
2025,mark->intj,mark,intj,3,7.18813038405941e-07,0.0007455199840359321,15004,4024037.0,4173547
2022,mark->mark,mark,mark,1,3.4322484453630666e-07,0.00035863799332000874,10523,2788327.0,2913542
2023,mark->mark,mark,mark,1,3.2651813791930233e-07,0.0003392986561058829,11046,2947256.0,3062617
2024,mark->mark,mark,mark,1,2.773232757425331e-07,0.0002871529218527681,12862,3482465.0,3605900
2020,mark->neg,mark,neg,4,1.1203879231144992e-06,0.0011721446848513193,14066,3412548.0,3570192
2021,mark->neg,mark,neg,2,5.923386328883587e-07,0.0006216810005582696,12748,3217084.0,3376447
2022,mark->neg,mark,neg,4,1.3728993781452266e-06,0.001434551973280035,10523,2788327.0,2913542
2023,mark->neg,mark,neg,4,1.3060725516772093e-06,0.0013571946244235317,11046,2947256.0,3062617
2024,mark->neg,mark,neg,2,5.546465514850662e-07,0.0005743058437055362,12862,3482465.0,3605900
2025,mark->neg,mark,neg,2,4.792086922706273e-07,0.0004970133226906213,15004,4024037.0,4173547
2019,mark->npadvmod,mark,npadvmod,1,4.069209108517669e-06,0.0042039592888582465,912,237871.0,245748
2020,mark->npadvmod,mark,npadvmod,30,8.402909423358744e-06,0.008791085136384895,14066,3412548.0,3570192
2021,mark->npadvmod,mark,npadvmod,45,1.332761923998807e-05,0.013987822512561065,12748,3217084.0,3376447
2022,mark->npadvmod,mark,npadvmod,22,7.550946579798747e-06,0.007890035853040192,10523,2788327.0,2913542
2023,mark->npadvmod,mark,npadvmod,7,2.2856269654351162e-06,0.00237509059274118,11046,2947256.0,3062617
2024,mark->npadvmod,mark,npadvmod,10,2.7732327574253305e-06,0.0028715292185276806,12862,3482465.0,3605900
2025,mark->npadvmod,mark,npadvmod,15,3.594065192029705e-06,0.0037275999201796606,15004,4024037.0,4173547
2026,mark->npadvmod,mark,npadvmod,3,2.143175557511402e-06,0.0022312032284023246,4849,1344566.0,1399792
2020,mark->nsubj,mark,nsubj,7,1.9606788654503734e-06,0.0020512531984898086,14066,3412548.0,3570192
2021,mark->nsubj,mark,nsubj,5,1.4808465822208967e-06,0.0015542025013956739,12748,3217084.0,3376447
2022,mark->nsubj,mark,nsubj,4,1.3728993781452266e-06,0.001434551973280035,10523,2788327.0,2913542
2023,mark->nsubj,mark,nsubj,8,2.6121451033544187e-06,0.0027143892488470634,11046,2947256.0,3062617
2024,mark->nsubj,mark,nsubj,7,1.9412629301977313e-06,0.0020100704529693765,12862,3482465.0,3605900
2025,mark->nsubj,mark,nsubj,6,1.437626076811882e-06,0.0014910399680718642,15004,4024037.0,4173547
2026,mark->nsubj,mark,nsubj,3,2.143175557511402e-06,0.0022312032284023246,4849,1344566.0,1399792
2020,mark->nummod,mark,nummod,1,2.800969807786248e-07,0.0002930361712128298,14066,3412548.0,3570192
2020,mark->parataxis,mark,parataxis,2,5.601939615572496e-07,0.0005860723424256596,14066,3412548.0,3570192
2019,mark->pcomp,mark,pcomp,2,8.138418217035338e-06,0.008407918577716493,912,237871.0,245748
2020,mark->pcomp,mark,pcomp,15,4.201454711679372e-06,0.004395542568192448,14066,3412548.0,3570192
2021,mark->pcomp,mark,pcomp,11,3.2578624808859728e-06,0.0034192455030704824,12748,3217084.0,3376447
2022,mark->pcomp,mark,pcomp,11,3.7754732898993733e-06,0.003945017926520096,10523,2788327.0,2913542
2023,mark->pcomp,mark,pcomp,17,5.55080834462814e-06,0.005768077153800009,11046,2947256.0,3062617
2024,mark->pcomp,mark,pcomp,11,3.050556033167864e-06,0.003158682140380449,12862,3482465.0,3605900
2025,mark->pcomp,mark,pcomp,18,4.312878230435646e-06,0.004473119904215592,15004,4024037.0,4173547
2026,mark->pcomp,mark,pcomp,3,2.143175557511402e-06,0.0022312032284023246,4849,1344566.0,1399792
2019,mark->pobj,mark,pobj,4,1.6276836434070675e-05,0.016815837155432986,912,237871.0,245748
2020,mark->pobj,mark,pobj,163,4.565580786691584e-05,0.04776489590769126,14066,3412548.0,3570192
2021,mark->pobj,mark,pobj,164,4.8571767896845414e-05,0.0509778420457781,12748,3217084.0,3376447
2022,mark->pobj,mark,pobj,137,4.7021803701474014e-05,0.0491334050848412,10523,2788327.0,2913542
2023,mark->pobj,mark,pobj,131,4.277387606742861e-05,0.04444812394987065,11046,2947256.0,3062617
2024,mark->pobj,mark,pobj,160,4.437172411880529e-05,0.04594446749644289,12862,3482465.0,3605900
2025,mark->pobj,mark,pobj,174,4.169115622754458e-05,0.04324015907408406,15004,4024037.0,4173547
2026,mark->pobj,mark,pobj,47,3.357641706767863e-05,0.03495551724496975,4849,1344566.0,1399792
2020,mark->preconj,mark,preconj,6,1.6805818846717488e-06,0.001758217027276979,14066,3412548.0,3570192
2021,mark->preconj,mark,preconj,12,3.554031797330152e-06,0.003730086003349617,12748,3217084.0,3376447
2022,mark->preconj,mark,preconj,6,2.05934906721784e-06,0.0021518279599200526,10523,2788327.0,2913542
2023,mark->preconj,mark,preconj,7,2.2856269654351162e-06,0.00237509059274118,11046,2947256.0,3062617
2024,mark->preconj,mark,preconj,12,3.3278793089103968e-06,0.003445835062233217,12862,3482465.0,3605900
2025,mark->preconj,mark,preconj,10,2.396043461353137e-06,0.0024850666134531066,15004,4024037.0,4173547
2026,mark->preconj,mark,preconj,1,7.143918525038006e-07,0.0007437344094674415,4849,1344566.0,1399792
2019,mark->prep,mark,prep,3,1.2207627325553006e-05,0.01261187786657474,912,237871.0,245748
2020,mark->prep,mark,prep,55,1.5405333942824364e-05,0.01611698941670564,14066,3412548.0,3570192
2021,mark->prep,mark,prep,44,1.3031449923543891e-05,0.01367698201228193,12748,3217084.0,3376447
2022,mark->prep,mark,prep,35,1.2012869558770734e-05,0.012552329766200306,10523,2788327.0,2913542
2023,mark->prep,mark,prep,29,9.469025999659769e-06,0.009839661027070604,11046,2947256.0,3062617
2024,mark->prep,mark,prep,58,1.608474999306692e-05,0.01665486946746055,12862,3482465.0,3605900
2025,mark->prep,mark,prep,50,1.1980217306765685e-05,0.012425333067265534,15004,4024037.0,4173547
2026,mark->prep,mark,prep,17,1.214466149256461e-05,0.012643484960946506,4849,1344566.0,1399792
2024,meta->acl,meta,acl,1,2.773232757425331e-07,0.0002871529218527681,12862,3482465.0,3605900
2020,meta->acomp,meta,acomp,1,2.800969807786248e-07,0.0002930361712128298,14066,3412548.0,3570192
2021,meta->acomp,meta,acomp,1,2.9616931644417936e-07,0.0003108405002791348,12748,3217084.0,3376447
2020,meta->advcl,meta,advcl,1,2.800969807786248e-07,0.0002930361712128298,14066,3412548.0,3570192
2025,meta->advcl,meta,advcl,2,4.792086922706273e-07,0.0004970133226906213,15004,4024037.0,4173547
2019,meta->advmod,meta,advmod,1,4.069209108517669e-06,0.0042039592888582465,912,237871.0,245748
2020,meta->advmod,meta,advmod,7,1.9606788654503734e-06,0.0020512531984898086,14066,3412548.0,3570192
2021,meta->advmod,meta,advmod,2,5.923386328883587e-07,0.0006216810005582696,12748,3217084.0,3376447
2022,meta->advmod,meta,advmod,2,6.864496890726133e-07,0.0007172759866400175,10523,2788327.0,2913542
2023,meta->advmod,meta,advmod,7,2.2856269654351162e-06,0.00237509059274118,11046,2947256.0,3062617
2024,meta->advmod,meta,advmod,5,1.3866163787126653e-06,0.0014357646092638403,12862,3482465.0,3605900
2025,meta->advmod,meta,advmod,4,9.584173845412547e-07,0.0009940266453812427,15004,4024037.0,4173547
2026,meta->advmod,meta,advmod,3,2.143175557511402e-06,0.0022312032284023246,4849,1344566.0,1399792
2020,meta->amod,meta,amod,1,2.800969807786248e-07,0.0002930361712128298,14066,3412548.0,3570192
2021,meta->amod,meta,amod,10,2.9616931644417935e-06,0.0031084050027913477,12748,3217084.0,3376447
2022,meta->amod,meta,amod,2,6.864496890726133e-07,0.0007172759866400175,10523,2788327.0,2913542
2023,meta->amod,meta,amod,7,2.2856269654351162e-06,0.00237509059274118,11046,2947256.0,3062617
2024,meta->amod,meta,amod,4,1.1092931029701323e-06,0.0011486116874110724,12862,3482465.0,3605900
2025,meta->amod,meta,amod,2,4.792086922706273e-07,0.0004970133226906213,15004,4024037.0,4173547
2026,meta->amod,meta,amod,1,7.143918525038006e-07,0.0007437344094674415,4849,1344566.0,1399792
2019,meta->appos,meta,appos,2,8.138418217035338e-06,0.008407918577716493,912,237871.0,245748
2020,meta->appos,meta,appos,80,2.2407758462289984e-05,0.023442893697026387,14066,3412548.0,3570192
2021,meta->appos,meta,appos,93,2.754374642930868e-05,0.028908166525959535,12748,3217084.0,3376447
2022,meta->appos,meta,appos,51,1.750446707135164e-05,0.018290537659320445,10523,2788327.0,2913542
2023,meta->appos,meta,appos,60,1.959108827515814e-05,0.020357919366352974,11046,2947256.0,3062617
2024,meta->appos,meta,appos,72,1.996727585346238e-05,0.0206750103733993,12862,3482465.0,3605900
2025,meta->appos,meta,appos,87,2.084557811377229e-05,0.02162007953704203,15004,4024037.0,4173547
2026,meta->appos,meta,appos,15,1.0715877787557008e-05,0.011156016142011622,4849,1344566.0,1399792
2021,meta->attr,meta,attr,1,2.9616931644417936e-07,0.0003108405002791348,12748,3217084.0,3376447
2022,meta->aux,meta,aux,2,6.864496890726133e-07,0.0007172759866400175,10523,2788327.0,2913542
2023,meta->aux,meta,aux,3,9.795544137579071e-07,0.0010178959683176485,11046,2947256.0,3062617
2024,meta->aux,meta,aux,3,8.319698272275992e-07,0.0008614587655583042,12862,3482465.0,3605900
2025,meta->aux,meta,aux,4,9.584173845412547e-07,0.0009940266453812427,15004,4024037.0,4173547
2026,meta->aux,meta,aux,1,7.143918525038006e-07,0.0007437344094674415,4849,1344566.0,1399792
2019,meta->cc,meta,cc,1,4.069209108517669e-06,0.0042039592888582465,912,237871.0,245748
2020,meta->cc,meta,cc,14,3.921357730900747e-06,0.004102506396979617,14066,3412548.0,3570192
2021,meta->cc,meta,cc,15,4.44253974666269e-06,0.004662607504187022,12748,3217084.0,3376447
2022,meta->cc,meta,cc,6,2.05934906721784e-06,0.0021518279599200526,10523,2788327.0,2913542
2023,meta->cc,meta,cc,11,3.591699517112326e-06,0.0037322852171647117,11046,2947256.0,3062617
2024,meta->cc,meta,cc,12,3.3278793089103968e-06,0.003445835062233217,12862,3482465.0,3605900
2025,meta->cc,meta,cc,6,1.437626076811882e-06,0.0014910399680718642,15004,4024037.0,4173547
2026,meta->cc,meta,cc,6,4.286351115022804e-06,0.004462406456804649,4849,1344566.0,1399792
2021,meta->ccomp,meta,ccomp,3,8.88507949332538e-07,0.0009325215008374043,12748,3217084.0,3376447
2020,meta->compound,meta,compound,2,5.601939615572496e-07,0.0005860723424256596,14066,3412548.0,3570192
2021,meta->compound,meta,compound,5,1.4808465822208967e-06,0.0015542025013956739,12748,3217084.0,3376447
2022,meta->compound,meta,compound,2,6.864496890726133e-07,0.0007172759866400175,10523,2788327.0,2913542
2023,meta->compound,meta,compound,7,2.2856269654351162e-06,0.00237509059274118,11046,2947256.0,3062617
2024,meta->compound,meta,compound,4,1.1092931029701323e-06,0.0011486116874110724,12862,3482465.0,3605900
2025,meta->compound,meta,compound,2,4.792086922706273e-07,0.0004970133226906213,15004,4024037.0,4173547
2026,meta->compound,meta,compound,5,3.571959262519003e-06,0.0037186720473372076,4849,1344566.0,1399792
2020,meta->conj,meta,conj,13,3.641260750122122e-06,0.0038094702257667878,14066,3412548.0,3570192
2021,meta->conj,meta,conj,21,6.219555645327766e-06,0.00652765050586183,12748,3217084.0,3376447
2022,meta->conj,meta,conj,4,1.3728993781452266e-06,0.001434551973280035,10523,2788327.0,2913542
2023,meta->conj,meta,conj,12,3.9182176550316284e-06,0.004071583873270594,11046,2947256.0,3062617
2024,meta->conj,meta,conj,12,3.3278793089103968e-06,0.003445835062233217,12862,3482465.0,3605900
2025,meta->conj,meta,conj,13,3.1148564997590778e-06,0.0032305865974890393,15004,4024037.0,4173547
2026,meta->conj,meta,conj,6,4.286351115022804e-06,0.004462406456804649,4849,1344566.0,1399792
2020,meta->dep,meta,dep,7,1.9606788654503734e-06,0.0020512531984898086,14066,3412548.0,3570192
2021,meta->dep,meta,dep,13,3.850201113774331e-06,0.004040926503628753,12748,3217084.0,3376447
2022,meta->dep,meta,dep,6,2.05934906721784e-06,0.0021518279599200526,10523,2788327.0,2913542
2023,meta->dep,meta,dep,9,2.938663241273721e-06,0.003053687904952946,11046,2947256.0,3062617
2024,meta->dep,meta,dep,6,1.6639396544551984e-06,0.0017229175311166084,12862,3482465.0,3605900
2025,meta->dep,meta,dep,10,2.396043461353137e-06,0.0024850666134531066,15004,4024037.0,4173547
2021,meta->det,meta,det,2,5.923386328883587e-07,0.0006216810005582696,12748,3217084.0,3376447
2023,meta->det,meta,det,4,1.3060725516772093e-06,0.0013571946244235317,11046,2947256.0,3062617
2025,meta->det,meta,det,2,4.792086922706273e-07,0.0004970133226906213,15004,4024037.0,4173547
2024,meta->dobj,meta,dobj,1,2.773232757425331e-07,0.0002871529218527681,12862,3482465.0,3605900
2023,meta->intj,meta,intj,2,6.530362758386047e-07,0.0006785973122117658,11046,2947256.0,3062617
2025,meta->intj,meta,intj,1,2.3960434613531366e-07,0.00024850666134531066,15004,4024037.0,4173547
2026,meta->intj,meta,intj,1,7.143918525038006e-07,0.0007437344094674415,4849,1344566.0,1399792
2022,meta->mark,meta,mark,2,6.864496890726133e-07,0.0007172759866400175,10523,2788327.0,2913542
2025,meta->mark,meta,mark,1,2.3960434613531366e-07,0.00024850666134531066,15004,4024037.0,4173547
2020,meta->meta,meta,meta,3,8.402909423358744e-07,0.0008791085136384895,14066,3412548.0,3570192
2021,meta->meta,meta,meta,2,5.923386328883587e-07,0.0006216810005582696,12748,3217084.0,3376447
2023,meta->meta,meta,meta,1,3.2651813791930233e-07,0.0003392986561058829,11046,2947256.0,3062617
2024,meta->neg,meta,neg,1,2.773232757425331e-07,0.0002871529218527681,12862,3482465.0,3605900
2026,meta->neg,meta,neg,1,7.143918525038006e-07,0.0007437344094674415,4849,1344566.0,1399792
2019,meta->nmod,meta,nmod,1,4.069209108517669e-06,0.0042039592888582465,912,237871.0,245748
2020,meta->nmod,meta,nmod,31,8.683006404137369e-06,0.009084121307597726,14066,3412548.0,3570192
2021,meta->nmod,meta,nmod,35,1.0365926075546277e-05,0.010879417509769718,12748,3217084.0,3376447
2022,meta->nmod,meta,nmod,30,1.02967453360892e-05,0.010759139799600262,10523,2788327.0,2913542
2023,meta->nmod,meta,nmod,33,1.0775098551336977e-05,0.011196855651494135,11046,2947256.0,3062617
2024,meta->nmod,meta,nmod,51,1.4143487062869186e-05,0.014644799014491172,12862,3482465.0,3605900
2025,meta->nmod,meta,nmod,65,1.557428249879539e-05,0.016152932987445197,15004,4024037.0,4173547
2026,meta->nmod,meta,nmod,10,7.143918525038006e-06,0.007437344094674415,4849,1344566.0,1399792
2020,meta->npadvmod,meta,npadvmod,15,4.201454711679372e-06,0.004395542568192448,14066,3412548.0,3570192
2021,meta->npadvmod,meta,npadvmod,22,6.5157249617719455e-06,0.006838491006140965,12748,3217084.0,3376447
2022,meta->npadvmod,meta,npadvmod,15,5.1483726680446e-06,0.005379569899800131,10523,2788327.0,2913542
2023,meta->npadvmod,meta,npadvmod,17,5.55080834462814e-06,0.005768077153800009,11046,2947256.0,3062617
2024,meta->npadvmod,meta,npadvmod,17,4.714495687623062e-06,0.004881599671497058,12862,3482465.0,3605900
2025,meta->npadvmod,meta,npadvmod,38,9.10496515314192e-06,0.009443253131121807,15004,4024037.0,4173547
2026,meta->npadvmod,meta,npadvmod,10,7.143918525038006e-06,0.007437344094674415,4849,1344566.0,1399792
2020,meta->nsubj,meta,nsubj,6,1.6805818846717488e-06,0.001758217027276979,14066,3412548.0,3570192
2021,meta->nsubj,meta,nsubj,3,8.88507949332538e-07,0.0009325215008374043,12748,3217084.0,3376447
2023,meta->nsubj,meta,nsubj,3,9.795544137579071e-07,0.0010178959683176485,11046,2947256.0,3062617
2024,meta->nsubj,meta,nsubj,3,8.319698272275992e-07,0.0008614587655583042,12862,3482465.0,3605900
2025,meta->nsubj,meta,nsubj,1,2.3960434613531366e-07,0.00024850666134531066,15004,4024037.0,4173547
2026,meta->nsubj,meta,nsubj,1,7.143918525038006e-07,0.0007437344094674415,4849,1344566.0,1399792
2019,meta->nummod,meta,nummod,1,4.069209108517669e-06,0.0042039592888582465,912,237871.0,245748
2020,meta->nummod,meta,nummod,7,1.9606788654503734e-06,0.0020512531984898086,14066,3412548.0,3570192
2021,meta->nummod,meta,nummod,3,8.88507949332538e-07,0.0009325215008374043,12748,3217084.0,3376447
2022,meta->nummod,meta,nummod,3,1.02967453360892e-06,0.0010759139799600263,10523,2788327.0,2913542
2023,meta->nummod,meta,nummod,9,2.938663241273721e-06,0.003053687904952946,11046,2947256.0,3062617
2024,meta->nummod,meta,nummod,5,1.3866163787126653e-06,0.0014357646092638403,12862,3482465.0,3605900
2025,meta->nummod,meta,nummod,8,1.9168347690825093e-06,0.0019880532907624853,15004,4024037.0,4173547
2026,meta->nummod,meta,nummod,3,2.143175557511402e-06,0.0022312032284023246,4849,1344566.0,1399792
2020,meta->parataxis,meta,parataxis,1,2.800969807786248e-07,0.0002930361712128298,14066,3412548.0,3570192
2022,meta->parataxis,meta,parataxis,1,3.4322484453630666e-07,0.00035863799332000874,10523,2788327.0,2913542
2020,meta->pcomp,meta,pcomp,1,2.800969807786248e-07,0.0002930361712128298,14066,3412548.0,3570192
2019,meta->pobj,meta,pobj,1,4.069209108517669e-06,0.0042039592888582465,912,237871.0,245748
2021,meta->pobj,meta,pobj,3,8.88507949332538e-07,0.0009325215008374043,12748,3217084.0,3376447
2022,meta->pobj,meta,pobj,1,3.4322484453630666e-07,0.00035863799332000874,10523,2788327.0,2913542
2023,meta->pobj,meta,pobj,2,6.530362758386047e-07,0.0006785973122117658,11046,2947256.0,3062617
2025,meta->pobj,meta,pobj,2,4.792086922706273e-07,0.0004970133226906213,15004,4024037.0,4173547
2023,meta->preconj,meta,preconj,1,3.2651813791930233e-07,0.0003392986561058829,11046,2947256.0,3062617
2024,meta->preconj,meta,preconj,1,2.773232757425331e-07,0.0002871529218527681,12862,3482465.0,3605900
2019,meta->prep,meta,prep,4,1.6276836434070675e-05,0.016815837155432986,912,237871.0,245748
2020,meta->prep,meta,prep,41,1.1483976211923616e-05,0.012014483019726024,14066,3412548.0,3570192
2021,meta->prep,meta,prep,43,1.2735280607099711e-05,0.013366141512002794,12748,3217084.0,3376447
2022,meta->prep,meta,prep,31,1.0639970180625506e-05,0.01111777779292027,10523,2788327.0,2913542
2023,meta->prep,meta,prep,30,9.79554413757907e-06,0.010178959683176487,11046,2947256.0,3062617
2024,meta->prep,meta,prep,43,1.1924900856928921e-05,0.012347575639669027,12862,3482465.0,3605900
2025,meta->prep,meta,prep,53,1.2699030345171625e-05,0.013170853051301466,15004,4024037.0,4173547
2026,meta->prep,meta,prep,15,1.0715877787557008e-05,0.011156016142011622,4849,1344566.0,1399792
2020,meta->quantmod,meta,quantmod,11,3.0810667885648726e-06,0.003223397883341128,14066,3412548.0,3570192
2021,meta->quantmod,meta,quantmod,10,2.9616931644417935e-06,0.0031084050027913477,12748,3217084.0,3376447
2022,meta->quantmod,meta,quantmod,1,3.4322484453630666e-07,0.00035863799332000874,10523,2788327.0,2913542
2023,meta->quantmod,meta,quantmod,2,6.530362758386047e-07,0.0006785973122117658,11046,2947256.0,3062617
2024,meta->quantmod,meta,quantmod,1,2.773232757425331e-07,0.0002871529218527681,12862,3482465.0,3605900
2025,meta->quantmod,meta,quantmod,6,1.437626076811882e-06,0.0014910399680718642,15004,4024037.0,4173547
2026,meta->quantmod,meta,quantmod,1,7.143918525038006e-07,0.0007437344094674415,4849,1344566.0,1399792
2020,meta->relcl,meta,relcl,1,2.800969807786248e-07,0.0002930361712128298,14066,3412548.0,3570192
2021,meta->relcl,meta,relcl,3,8.88507949332538e-07,0.0009325215008374043,12748,3217084.0,3376447
2022,meta->relcl,meta,relcl,3,1.02967453360892e-06,0.0010759139799600263,10523,2788327.0,2913542
2023,meta->relcl,meta,relcl,2,6.530362758386047e-07,0.0006785973122117658,11046,2947256.0,3062617
2021,meta->xcomp,meta,xcomp,1,2.9616931644417936e-07,0.0003108405002791348,12748,3217084.0,3376447
2022,meta->xcomp,meta,xcomp,1,3.4322484453630666e-07,0.00035863799332000874,10523,2788327.0,2913542
2024,meta->xcomp,meta,xcomp,1,2.773232757425331e-07,0.0002871529218527681,12862,3482465.0,3605900
2019,neg->advmod,neg,advmod,1,4.069209108517669e-06,0.0042039592888582465,912,237871.0,245748
2020,neg->advmod,neg,advmod,22,6.162133577129745e-06,0.006446795766682256,14066,3412548.0,3570192
2021,neg->advmod,neg,advmod,16,4.73870906310687e-06,0.004973448004466157,12748,3217084.0,3376447
2022,neg->advmod,neg,advmod,15,5.1483726680446e-06,0.005379569899800131,10523,2788327.0,2913542
2023,neg->advmod,neg,advmod,15,4.897772068789535e-06,0.005089479841588244,11046,2947256.0,3062617
2024,neg->advmod,neg,advmod,16,4.437172411880529e-06,0.00459444674964429,12862,3482465.0,3605900
2025,neg->advmod,neg,advmod,18,4.312878230435646e-06,0.004473119904215592,15004,4024037.0,4173547
2026,neg->advmod,neg,advmod,7,5.000742967526604e-06,0.00520614086627209,4849,1344566.0,1399792
2023,neg->amod,neg,amod,1,3.2651813791930233e-07,0.0003392986561058829,11046,2947256.0,3062617
2025,neg->amod,neg,amod,1,2.3960434613531366e-07,0.00024850666134531066,15004,4024037.0,4173547
2020,neg->appos,neg,appos,1,2.800969807786248e-07,0.0002930361712128298,14066,3412548.0,3570192
2023,neg->appos,neg,appos,1,3.2651813791930233e-07,0.0003392986561058829,11046,2947256.0,3062617
2024,neg->appos,neg,appos,1,2.773232757425331e-07,0.0002871529218527681,12862,3482465.0,3605900
2020,neg->cc,neg,cc,3,8.402909423358744e-07,0.0008791085136384895,14066,3412548.0,3570192
2021,neg->cc,neg,cc,4,1.1846772657767174e-06,0.0012433620011165392,12748,3217084.0,3376447
2023,neg->cc,neg,cc,1,3.2651813791930233e-07,0.0003392986561058829,11046,2947256.0,3062617
2024,neg->cc,neg,cc,1,2.773232757425331e-07,0.0002871529218527681,12862,3482465.0,3605900
2020,neg->conj,neg,conj,3,8.402909423358744e-07,0.0008791085136384895,14066,3412548.0,3570192
2021,neg->conj,neg,conj,3,8.88507949332538e-07,0.0009325215008374043,12748,3217084.0,3376447
2023,neg->conj,neg,conj,1,3.2651813791930233e-07,0.0003392986561058829,11046,2947256.0,3062617
2021,neg->dep,neg,dep,1,2.9616931644417936e-07,0.0003108405002791348,12748,3217084.0,3376447
2022,neg->dep,neg,dep,2,6.864496890726133e-07,0.0007172759866400175,10523,2788327.0,2913542
2024,neg->dep,neg,dep,2,5.546465514850662e-07,0.0005743058437055362,12862,3482465.0,3605900
2024,neg->mark,neg,mark,1,2.773232757425331e-07,0.0002871529218527681,12862,3482465.0,3605900
2023,neg->npadvmod,neg,npadvmod,2,6.530362758386047e-07,0.0006785973122117658,11046,2947256.0,3062617
2020,neg->nummod,neg,nummod,2,5.601939615572496e-07,0.0005860723424256596,14066,3412548.0,3570192
2023,neg->nummod,neg,nummod,1,3.2651813791930233e-07,0.0003392986561058829,11046,2947256.0,3062617
2019,neg->prep,neg,prep,2,8.138418217035338e-06,0.008407918577716493,912,237871.0,245748
2020,neg->prep,neg,prep,4,1.1203879231144992e-06,0.0011721446848513193,14066,3412548.0,3570192
2021,neg->prep,neg,prep,2,5.923386328883587e-07,0.0006216810005582696,12748,3217084.0,3376447
2022,neg->prep,neg,prep,1,3.4322484453630666e-07,0.00035863799332000874,10523,2788327.0,2913542
2023,neg->prep,neg,prep,3,9.795544137579071e-07,0.0010178959683176485,11046,2947256.0,3062617
2024,neg->prep,neg,prep,1,2.773232757425331e-07,0.0002871529218527681,12862,3482465.0,3605900
2025,neg->prep,neg,prep,2,4.792086922706273e-07,0.0004970133226906213,15004,4024037.0,4173547
2019,nmod->acl,nmod,acl,2,8.138418217035338e-06,0.008407918577716493,912,237871.0,245748
2020,nmod->acl,nmod,acl,69,1.932669167372511e-05,0.02021949581368526,14066,3412548.0,3570192
2021,nmod->acl,nmod,acl,67,1.9843344201760016e-05,0.020826313518702032,12748,3217084.0,3376447
2022,nmod->acl,nmod,acl,60,2.05934906721784e-05,0.021518279599200524,10523,2788327.0,2913542
2023,nmod->acl,nmod,acl,58,1.8938051999319537e-05,0.019679322054141208,11046,2947256.0,3062617
2024,nmod->acl,nmod,acl,74,2.0521922404947446e-05,0.02124931621710484,12862,3482465.0,3605900
2025,nmod->acl,nmod,acl,96,2.3002017228990113e-05,0.023856639489149827,15004,4024037.0,4173547
2026,nmod->acl,nmod,acl,30,2.1431755575114016e-05,0.022312032284023245,4849,1344566.0,1399792
2019,nmod->acomp,nmod,acomp,1,4.069209108517669e-06,0.0042039592888582465,912,237871.0,245748
2020,nmod->acomp,nmod,acomp,6,1.6805818846717488e-06,0.001758217027276979,14066,3412548.0,3570192
2021,nmod->acomp,nmod,acomp,2,5.923386328883587e-07,0.0006216810005582696,12748,3217084.0,3376447
2022,nmod->acomp,nmod,acomp,8,2.7457987562904533e-06,0.00286910394656007,10523,2788327.0,2913542
2023,nmod->acomp,nmod,acomp,3,9.795544137579071e-07,0.0010178959683176485,11046,2947256.0,3062617
2024,nmod->acomp,nmod,acomp,5,1.3866163787126653e-06,0.0014357646092638403,12862,3482465.0,3605900
2025,nmod->acomp,nmod,acomp,6,1.437626076811882e-06,0.0014910399680718642,15004,4024037.0,4173547
2026,nmod->acomp,nmod,acomp,4,2.8575674100152022e-06,0.002974937637869766,4849,1344566.0,1399792
2019,nmod->advcl,nmod,advcl,2,8.138418217035338e-06,0.008407918577716493,912,237871.0,245748
2020,nmod->advcl,nmod,advcl,11,3.0810667885648726e-06,0.003223397883341128,14066,3412548.0,3570192
2021,nmod->advcl,nmod,advcl,13,3.850201113774331e-06,0.004040926503628753,12748,3217084.0,3376447
2022,nmod->advcl,nmod,advcl,11,3.7754732898993733e-06,0.003945017926520096,10523,2788327.0,2913542
2023,nmod->advcl,nmod,advcl,11,3.591699517112326e-06,0.0037322852171647117,11046,2947256.0,3062617
2024,nmod->advcl,nmod,advcl,11,3.050556033167864e-06,0.003158682140380449,12862,3482465.0,3605900
2025,nmod->advcl,nmod,advcl,26,6.2297129995181555e-06,0.0064611731949780786,15004,4024037.0,4173547
2026,nmod->advcl,nmod,advcl,9,6.429526672534205e-06,0.006693609685206974,4849,1344566.0,1399792
2019,nmod->advmod,nmod,advmod,22,8.95226003873887e-05,0.09248710435488142,912,237871.0,245748
2020,nmod->advmod,nmod,advmod,2419,0.0006775545965034933,0.7088544981638354,14066,3412548.0,3570192
2021,nmod->advmod,nmod,advmod,3071,0.0009095359708000747,0.9545911763572228,12748,3217084.0,3376447
2022,nmod->advmod,nmod,advmod,1888,0.000648008506484547,0.6771085313881765,10523,2788327.0,2913542
2023,nmod->advmod,nmod,advmod,1043,0.00034055841784983235,0.35388849831843583,11046,2947256.0,3062617
2024,nmod->advmod,nmod,advmod,863,0.00023932998696580605,0.24781297155893886,12862,3482465.0,3605900
2025,nmod->advmod,nmod,advmod,777,0.00018617257694713874,0.1930896758653064,15004,4024037.0,4173547
2026,nmod->advmod,nmod,advmod,260,0.00018574188165098815,0.1933709464615348,4849,1344566.0,1399792
2019,nmod->amod,nmod,amod,562,0.0022868955189869295,2.3626251203383344,912,237871.0,245748
2020,nmod->amod,nmod,amod,6969,0.0019519958590462363,2.042169077182211,14066,3412548.0,3570192
2021,nmod->amod,nmod,amod,7257,0.0021493007294354095,2.255769510525681,12748,3217084.0,3376447
2022,nmod->amod,nmod,amod,6538,0.002244004033578373,2.3447752003262172,10523,2788327.0,2913542
2023,nmod->amod,nmod,amod,7210,0.00235419577439817,2.4463433105234156,11046,2947256.0,3062617
2024,nmod->amod,nmod,amod,8860,0.002457084223078843,2.544174887615525,12862,3482465.0,3605900
2025,nmod->amod,nmod,amod,10934,0.00261983392064352,2.717171835149627,15004,4024037.0,4173547
2026,nmod->amod,nmod,amod,4024,0.0028747128144752934,2.9927872636969846,4849,1344566.0,1399792
2019,nmod->appos,nmod,appos,125,0.0005086511385647086,0.5254949111072809,912,237871.0,245748
2020,nmod->appos,nmod,appos,1794,0.0005024939835168528,0.5257068911558167,14066,3412548.0,3570192
2021,nmod->appos,nmod,appos,1868,0.000553244283117727,0.5806500545214238,12748,3217084.0,3376447
2022,nmod->appos,nmod,appos,1753,0.0006016731524721456,0.6286924022899754,10523,2788327.0,2913542
2023,nmod->appos,nmod,appos,1921,0.0006272413429429798,0.651792718379401,11046,2947256.0,3062617
2024,nmod->appos,nmod,appos,2404,0.0006666851548850495,0.6903156241340545,12862,3482465.0,3605900
2025,nmod->appos,nmod,appos,2611,0.000625606947759304,0.6488508927726062,15004,4024037.0,4173547
2026,nmod->appos,nmod,appos,844,0.0006029467235132077,0.6277118415905206,4849,1344566.0,1399792
2020,nmod->attr,nmod,attr,6,1.6805818846717488e-06,0.001758217027276979,14066,3412548.0,3570192
2021,nmod->attr,nmod,attr,3,8.88507949332538e-07,0.0009325215008374043,12748,3217084.0,3376447
2023,nmod->attr,nmod,attr,14,4.5712539308702325e-06,0.00475018118548236,11046,2947256.0,3062617
2024,nmod->attr,nmod,attr,12,3.3278793089103968e-06,0.003445835062233217,12862,3482465.0,3605900
2025,nmod->attr,nmod,attr,15,3.594065192029705e-06,0.0037275999201796606,15004,4024037.0,4173547
2026,nmod->attr,nmod,attr,3,2.143175557511402e-06,0.0022312032284023246,4849,1344566.0,1399792
2019,nmod->aux,nmod,aux,1,4.069209108517669e-06,0.0042039592888582465,912,237871.0,245748
2020,nmod->aux,nmod,aux,10,2.800969807786248e-06,0.0029303617121282984,14066,3412548.0,3570192
2021,nmod->aux,nmod,aux,20,5.923386328883587e-06,0.0062168100055826955,12748,3217084.0,3376447
2022,nmod->aux,nmod,aux,10,3.4322484453630665e-06,0.0035863799332000873,10523,2788327.0,2913542
2023,nmod->aux,nmod,aux,4,1.3060725516772093e-06,0.0013571946244235317,11046,2947256.0,3062617
2024,nmod->aux,nmod,aux,13,3.60520258465293e-06,0.003732987984085985,12862,3482465.0,3605900
2025,nmod->aux,nmod,aux,20,4.792086922706274e-06,0.004970133226906213,15004,4024037.0,4173547
2026,nmod->aux,nmod,aux,5,3.571959262519003e-06,0.0037186720473372076,4849,1344566.0,1399792
2019,nmod->auxpass,nmod,auxpass,1,4.069209108517669e-06,0.0042039592888582465,912,237871.0,245748
2020,nmod->auxpass,nmod,auxpass,2,5.601939615572496e-07,0.0005860723424256596,14066,3412548.0,3570192
2023,nmod->auxpass,nmod,auxpass,1,3.2651813791930233e-07,0.0003392986561058829,11046,2947256.0,3062617
2025,nmod->auxpass,nmod,auxpass,2,4.792086922706273e-07,0.0004970133226906213,15004,4024037.0,4173547
2020,nmod->case,nmod,case,149,4.1734450136015095e-05,0.04366238951071164,14066,3412548.0,3570192
2021,nmod->case,nmod,case,250,7.404232911104483e-05,0.0777101250697837,12748,3217084.0,3376447
2022,nmod->case,nmod,case,133,4.564890432332879e-05,0.04769885311156116,10523,2788327.0,2913542
2023,nmod->case,nmod,case,65,2.122367896475465e-05,0.022054412646882387,11046,2947256.0,3062617
2024,nmod->case,nmod,case,59,1.636207326880945e-05,0.016942022389313315,12862,3482465.0,3605900
2025,nmod->case,nmod,case,40,9.584173845412548e-06,0.009940266453812427,15004,4024037.0,4173547
2026,nmod->case,nmod,case,11,7.858310377541807e-06,0.008181078504141856,4849,1344566.0,1399792
2019,nmod->cc,nmod,cc,519,0.00211191952732067,2.18185487091743,912,237871.0,245748
2020,nmod->cc,nmod,cc,8112,0.0022721467080762045,2.3771094208784755,14066,3412548.0,3570192
2021,nmod->cc,nmod,cc,8119,0.002404598680210292,2.523714021766295,12748,3217084.0,3376447
2022,nmod->cc,nmod,cc,7182,0.0024650408334597543,2.575738068024303,10523,2788327.0,2913542
2023,nmod->cc,nmod,cc,7694,0.0025122305531511124,2.610563860078663,11046,2947256.0,3062617
2024,nmod->cc,nmod,cc,9404,0.002607948085082781,2.700386077103431,12862,3482465.0,3605900
2025,nmod->cc,nmod,cc,11209,0.002685725115830731,2.7855111670195876,15004,4024037.0,4173547
2026,nmod->cc,nmod,cc,3701,0.002643964246116566,2.7525610494390014,4849,1344566.0,1399792
2020,nmod->ccomp,nmod,ccomp,2,5.601939615572496e-07,0.0005860723424256596,14066,3412548.0,3570192
2021,nmod->ccomp,nmod,ccomp,6,1.777015898665076e-06,0.0018650430016748086,12748,3217084.0,3376447
2022,nmod->ccomp,nmod,ccomp,3,1.02967453360892e-06,0.0010759139799600263,10523,2788327.0,2913542
2023,nmod->ccomp,nmod,ccomp,2,6.530362758386047e-07,0.0006785973122117658,11046,2947256.0,3062617
2024,nmod->ccomp,nmod,ccomp,4,1.1092931029701323e-06,0.0011486116874110724,12862,3482465.0,3605900
2025,nmod->ccomp,nmod,ccomp,8,1.9168347690825093e-06,0.0019880532907624853,15004,4024037.0,4173547
2026,nmod->ccomp,nmod,ccomp,2,1.4287837050076011e-06,0.001487468818934883,4849,1344566.0,1399792
2019,nmod->compound,nmod,compound,282,0.0011475169686019826,1.1855165194580255,912,237871.0,245748
2020,nmod->compound,nmod,compound,3978,0.0011142257895373694,1.1656978890846372,14066,3412548.0,3570192
2021,nmod->compound,nmod,compound,4266,0.001263458303950869,1.326045574190789,12748,3217084.0,3376447
2022,nmod->compound,nmod,compound,3684,0.0012644403272717537,1.321222367390912,10523,2788327.0,2913542
2023,nmod->compound,nmod,compound,4136,0.0013504790184342345,1.4033392416539316,11046,2947256.0,3062617
2024,nmod->compound,nmod,compound,5076,0.0014076929476690978,1.4575882313246507,12862,3482465.0,3605900
2025,nmod->compound,nmod,compound,5842,0.0013997685901225025,1.451775915579305,15004,4024037.0,4173547
2026,nmod->compound,nmod,compound,2054,0.0014673608650428063,1.5276304770461249,4849,1344566.0,1399792
2019,nmod->conj,nmod,conj,499,0.0020305353451503167,2.097775685140265,912,237871.0,245748
2020,nmod->conj,nmod,conj,7664,0.0021466632606873806,2.2458292161751277,14066,3412548.0,3570192
2021,nmod->conj,nmod,conj,7559,0.002238743863001552,2.34964334160998,12748,3217084.0,3376447
2022,nmod->conj,nmod,conj,6791,0.0023308399192460585,2.4355106126361794,10523,2788327.0,2913542
2023,nmod->conj,nmod,conj,7274,0.002375092935225005,2.468058424514192,11046,2947256.0,3062617
2024,nmod->conj,nmod,conj,8742,0.0024243600765412243,2.5102908428368984,12862,3482465.0,3605900
2025,nmod->conj,nmod,conj,10500,0.0025158456344207937,2.609319944125762,15004,4024037.0,4173547
2026,nmod->conj,nmod,conj,3386,0.002418930812577869,2.5182847104567574,4849,1344566.0,1399792
2020,nmod->csubj,nmod,csubj,1,2.800969807786248e-07,0.0002930361712128298,14066,3412548.0,3570192
2022,nmod->csubj,nmod,csubj,1,3.4322484453630666e-07,0.00035863799332000874,10523,2788327.0,2913542
2024,nmod->csubj,nmod,csubj,1,2.773232757425331e-07,0.0002871529218527681,12862,3482465.0,3605900
2020,nmod->dative,nmod,dative,1,2.800969807786248e-07,0.0002930361712128298,14066,3412548.0,3570192
2021,nmod->dative,nmod,dative,4,1.1846772657767174e-06,0.0012433620011165392,12748,3217084.0,3376447
2022,nmod->dative,nmod,dative,1,3.4322484453630666e-07,0.00035863799332000874,10523,2788327.0,2913542
2023,nmod->dative,nmod,dative,4,1.3060725516772093e-06,0.0013571946244235317,11046,2947256.0,3062617
2024,nmod->dative,nmod,dative,2,5.546465514850662e-07,0.0005743058437055362,12862,3482465.0,3605900
2025,nmod->dative,nmod,dative,5,1.1980217306765685e-06,0.0012425333067265533,15004,4024037.0,4173547
2019,nmod->dep,nmod,dep,39,0.00015869915523218907,0.1639544122654716,912,237871.0,245748
2020,nmod->dep,nmod,dep,495,0.00013864800548541928,0.14505290475035076,14066,3412548.0,3570192
2021,nmod->dep,nmod,dep,434,0.00012853748333677384,0.1349047771211445,12748,3217084.0,3376447
2022,nmod->dep,nmod,dep,384,0.00013179834030194176,0.13771698943488336,10523,2788327.0,2913542
2023,nmod->dep,nmod,dep,501,0.00016358558709757048,0.16998862670904732,11046,2947256.0,3062617
2024,nmod->dep,nmod,dep,691,0.00019163038353809035,0.19842266900026276,12862,3482465.0,3605900
2025,nmod->dep,nmod,dep,1018,0.00024391722436574933,0.2529797812495263,15004,4024037.0,4173547
2026,nmod->dep,nmod,dep,371,0.00026503937727891,0.2759254659124208,4849,1344566.0,1399792
2019,nmod->det,nmod,det,74,0.00030112147403030747,0.3110929873755102,912,237871.0,245748
2020,nmod->det,nmod,det,1228,0.00034395909239615124,0.35984841824935504,14066,3412548.0,3570192
2021,nmod->det,nmod,det,1251,0.00037050781487166836,0.3888614658491976,12748,3217084.0,3376447
2022,nmod->det,nmod,det,1075,0.00036896670787652967,0.38553584281900943,10523,2788327.0,2913542
2023,nmod->det,nmod,det,1088,0.000355251734056201,0.3691569378432006,11046,2947256.0,3062617
2024,nmod->det,nmod,det,1247,0.00034582212485093875,0.3580796935504018,12862,3482465.0,3605900
2025,nmod->det,nmod,det,1395,0.00033424806285876256,0.3466667925767084,15004,4024037.0,4173547
2026,nmod->det,nmod,det,446,0.0003186187662166951,0.331705546622479,4849,1344566.0,1399792
2019,nmod->dobj,nmod,dobj,12,4.883050930221202e-05,0.05044751146629896,912,237871.0,245748
2020,nmod->dobj,nmod,dobj,110,3.081066788564873e-05,0.03223397883341128,14066,3412548.0,3570192
2021,nmod->dobj,nmod,dobj,105,3.109777822663883e-05,0.03263825252930915,12748,3217084.0,3376447
2022,nmod->dobj,nmod,dobj,107,3.6725058365384816e-05,0.03837426528524093,10523,2788327.0,2913542
2023,nmod->dobj,nmod,dobj,99,3.232529565401093e-05,0.033590566954482405,11046,2947256.0,3062617
2024,nmod->dobj,nmod,dobj,115,3.18921767103913e-05,0.03302258601306833,12862,3482465.0,3605900
2025,nmod->dobj,nmod,dobj,163,3.905550842005613e-05,0.04050658579928564,15004,4024037.0,4173547
2026,nmod->dobj,nmod,dobj,67,4.786425411775464e-05,0.049830205434318584,4849,1344566.0,1399792
2020,nmod->expl,nmod,expl,1,2.800969807786248e-07,0.0002930361712128298,14066,3412548.0,3570192
2022,nmod->expl,nmod,expl,1,3.4322484453630666e-07,0.00035863799332000874,10523,2788327.0,2913542
2023,nmod->expl,nmod,expl,1,3.2651813791930233e-07,0.0003392986561058829,11046,2947256.0,3062617
2026,nmod->expl,nmod,expl,1,7.143918525038006e-07,0.0007437344094674415,4849,1344566.0,1399792
2019,nmod->intj,nmod,intj,1,4.069209108517669e-06,0.0042039592888582465,912,237871.0,245748
2020,nmod->intj,nmod,intj,26,7.282521500244244e-06,0.0076189404515335755,14066,3412548.0,3570192
2021,nmod->intj,nmod,intj,20,5.923386328883587e-06,0.0062168100055826955,12748,3217084.0,3376447
2022,nmod->intj,nmod,intj,19,6.521272046189827e-06,0.0068141218730801666,10523,2788327.0,2913542
2023,nmod->intj,nmod,intj,32,1.0448580413417675e-05,0.010857556995388254,11046,2947256.0,3062617
2024,nmod->intj,nmod,intj,25,6.933081893563327e-06,0.007178823046319203,12862,3482465.0,3605900
2025,nmod->intj,nmod,intj,30,7.18813038405941e-06,0.007455199840359321,15004,4024037.0,4173547
2026,nmod->intj,nmod,intj,13,9.287094082549407e-06,0.00966854732307674,4849,1344566.0,1399792
2019,nmod->mark,nmod,mark,1,4.069209108517669e-06,0.0042039592888582465,912,237871.0,245748
2020,nmod->mark,nmod,mark,2,5.601939615572496e-07,0.0005860723424256596,14066,3412548.0,3570192
2021,nmod->mark,nmod,mark,6,1.777015898665076e-06,0.0018650430016748086,12748,3217084.0,3376447
2022,nmod->mark,nmod,mark,5,1.7161242226815333e-06,0.0017931899666000436,10523,2788327.0,2913542
2023,nmod->mark,nmod,mark,2,6.530362758386047e-07,0.0006785973122117658,11046,2947256.0,3062617
2024,nmod->mark,nmod,mark,4,1.1092931029701323e-06,0.0011486116874110724,12862,3482465.0,3605900
2025,nmod->mark,nmod,mark,6,1.437626076811882e-06,0.0014910399680718642,15004,4024037.0,4173547
2026,nmod->mark,nmod,mark,2,1.4287837050076011e-06,0.001487468818934883,4849,1344566.0,1399792
2019,nmod->meta,nmod,meta,2,8.138418217035338e-06,0.008407918577716493,912,237871.0,245748
2020,nmod->meta,nmod,meta,21,5.8820365963511205e-06,0.006153759595469426,14066,3412548.0,3570192
2021,nmod->meta,nmod,meta,25,7.404232911104484e-06,0.007771012506978369,12748,3217084.0,3376447
2022,nmod->meta,nmod,meta,22,7.550946579798747e-06,0.007890035853040192,10523,2788327.0,2913542
2023,nmod->meta,nmod,meta,23,7.509917172143954e-06,0.007803869090435307,11046,2947256.0,3062617
2024,nmod->meta,nmod,meta,27,7.487728445048393e-06,0.0077531288900247386,12862,3482465.0,3605900
2025,nmod->meta,nmod,meta,23,5.510899961112214e-06,0.005715653210942146,15004,4024037.0,4173547
2026,nmod->meta,nmod,meta,12,8.572702230045608e-06,0.008924812913609298,4849,1344566.0,1399792
2019,nmod->neg,nmod,neg,2,8.138418217035338e-06,0.008407918577716493,912,237871.0,245748
2020,nmod->neg,nmod,neg,11,3.0810667885648726e-06,0.003223397883341128,14066,3412548.0,3570192
2021,nmod->neg,nmod,neg,14,4.146370430218511e-06,0.0043517670039078865,12748,3217084.0,3376447
2022,nmod->neg,nmod,neg,8,2.7457987562904533e-06,0.00286910394656007,10523,2788327.0,2913542
2023,nmod->neg,nmod,neg,12,3.9182176550316284e-06,0.004071583873270594,11046,2947256.0,3062617
2024,nmod->neg,nmod,neg,8,2.2185862059402647e-06,0.002297223374822145,12862,3482465.0,3605900
2025,nmod->neg,nmod,neg,13,3.1148564997590778e-06,0.0032305865974890393,15004,4024037.0,4173547
2026,nmod->neg,nmod,neg,2,1.4287837050076011e-06,0.001487468818934883,4849,1344566.0,1399792
2019,nmod->nmod,nmod,nmod,187,0.000760942103292804,0.7861403870164921,912,237871.0,245748
2020,nmod->nmod,nmod,nmod,2698,0.0007557016541407297,0.7906115899322148,14066,3412548.0,3570192
2021,nmod->nmod,nmod,nmod,2960,0.0008766611766747709,0.9200878808262388,12748,3217084.0,3376447
2022,nmod->nmod,nmod,nmod,2539,0.0008714478802776826,0.9105818650395022,10523,2788327.0,2913542
2023,nmod->nmod,nmod,nmod,2723,0.0008891088895542603,0.9239102405763191,11046,2947256.0,3062617
2024,nmod->nmod,nmod,nmod,3030,0.0008402895254998752,0.8700733532138872,12862,3482465.0,3605900
2025,nmod->nmod,nmod,nmod,3627,0.0008690449634327827,0.9013336606994419,15004,4024037.0,4173547
2026,nmod->nmod,nmod,nmod,1249,0.0008922754237772469,0.9289242774248344,4849,1344566.0,1399792
2019,nmod->npadvmod,nmod,npadvmod,25,0.00010173022771294171,0.10509898222145617,912,237871.0,245748
2020,nmod->npadvmod,nmod,npadvmod,241,6.750337236764858e-05,0.07062171726229198,14066,3412548.0,3570192
2021,nmod->npadvmod,nmod,npadvmod,266,7.878103817415171e-05,0.08268357307424985,12748,3217084.0,3376447
2022,nmod->npadvmod,nmod,npadvmod,251,8.614943597861297e-05,0.0900181363233222,10523,2788327.0,2913542
2023,nmod->npadvmod,nmod,npadvmod,268,8.750686096237304e-05,0.09093203983637661,11046,2947256.0,3062617
2024,nmod->npadvmod,nmod,npadvmod,309,8.569289220444272e-05,0.08873025285250533,12862,3482465.0,3605900
2025,nmod->npadvmod,nmod,npadvmod,401,9.608134280026078e-05,0.09965117119946959,15004,4024037.0,4173547
2026,nmod->npadvmod,nmod,npadvmod,156,0.0001114451289905929,0.11602256787692089,4849,1344566.0,1399792
2019,nmod->nsubj,nmod,nsubj,7,2.848446375962368e-05,0.029427715022007726,912,237871.0,245748
2020,nmod->nsubj,nmod,nsubj,87,2.4368437327740358e-05,0.025494146895516195,14066,3412548.0,3570192
2021,nmod->nsubj,nmod,nsubj,72,2.1324190783980913e-05,0.022380516020097704,12748,3217084.0,3376447
2022,nmod->nsubj,nmod,nsubj,83,2.8487662096513452e-05,0.029766953445560726,10523,2788327.0,2913542
2023,nmod->nsubj,nmod,nsubj,76,2.4815378481866977e-05,0.025786697864047102,11046,2947256.0,3062617
2024,nmod->nsubj,nmod,nsubj,91,2.523641809257051e-05,0.026130915888601895,12862,3482465.0,3605900
2025,nmod->nsubj,nmod,nsubj,118,2.8273312843967015e-05,0.029323786038746663,15004,4024037.0,4173547
2026,nmod->nsubj,nmod,nsubj,42,3.0004457805159622e-05,0.03123684519763254,4849,1344566.0,1399792
2020,nmod->nsubjpass,nmod,nsubjpass,2,5.601939615572496e-07,0.0005860723424256596,14066,3412548.0,3570192
2019,nmod->nummod,nmod,nummod,205,0.000834187867246122,0.8618116542159406,912,237871.0,245748
2020,nmod->nummod,nmod,nummod,4748,0.0013299004647369106,1.391335740918516,14066,3412548.0,3570192
2021,nmod->nummod,nmod,nummod,5415,0.001603756848545231,1.6832013090115148,12748,3217084.0,3376447
2022,nmod->nummod,nmod,nummod,3826,0.0013131782551959092,1.3721489624423533,10523,2788327.0,2913542
2023,nmod->nummod,nmod,nummod,3433,0.001120936767476965,1.164812286411496,11046,2947256.0,3062617
2024,nmod->nummod,nmod,nummod,3557,0.0009864388918161902,1.021402943030296,12862,3482465.0,3605900
2025,nmod->nummod,nmod,nummod,4286,0.0010269442275359544,1.0650995505260017,15004,4024037.0,4173547
2026,nmod->nummod,nmod,nummod,1487,0.0010623006846731515,1.1059330668780856,4849,1344566.0,1399792
2020,nmod->oprd,nmod,oprd,2,5.601939615572496e-07,0.0005860723424256596,14066,3412548.0,3570192
2021,nmod->oprd,nmod,oprd,2,5.923386328883587e-07,0.0006216810005582696,12748,3217084.0,3376447
2019,nmod->parataxis,nmod,parataxis,5,2.034604554258834e-05,0.021019796444291236,912,237871.0,245748
2020,nmod->parataxis,nmod,parataxis,23,6.4422305579083705e-06,0.006739831937895086,14066,3412548.0,3570192
2021,nmod->parataxis,nmod,parataxis,26,7.700402227548663e-06,0.008081853007257505,12748,3217084.0,3376447
2022,nmod->parataxis,nmod,parataxis,44,1.5101893159597493e-05,0.015780071706080385,10523,2788327.0,2913542
2023,nmod->parataxis,nmod,parataxis,44,1.4366798068449304e-05,0.014929140868658847,11046,2947256.0,3062617
2024,nmod->parataxis,nmod,parataxis,52,1.442081033861172e-05,0.01493195193634394,12862,3482465.0,3605900
2025,nmod->parataxis,nmod,parataxis,80,1.9168347690825096e-05,0.019880532907624853,15004,4024037.0,4173547
2026,nmod->parataxis,nmod,parataxis,30,2.1431755575114016e-05,0.022312032284023245,4849,1344566.0,1399792
2020,nmod->pcomp,nmod,pcomp,1,2.800969807786248e-07,0.0002930361712128298,14066,3412548.0,3570192
2021,nmod->pcomp,nmod,pcomp,4,1.1846772657767174e-06,0.0012433620011165392,12748,3217084.0,3376447
2022,nmod->pcomp,nmod,pcomp,4,1.3728993781452266e-06,0.001434551973280035,10523,2788327.0,2913542
2023,nmod->pcomp,nmod,pcomp,5,1.6325906895965118e-06,0.0016964932805294145,11046,2947256.0,3062617
2024,nmod->pcomp,nmod,pcomp,1,2.773232757425331e-07,0.0002871529218527681,12862,3482465.0,3605900
2025,nmod->pcomp,nmod,pcomp,1,2.3960434613531366e-07,0.00024850666134531066,15004,4024037.0,4173547
2019,nmod->pobj,nmod,pobj,97,0.00039471328352621383,0.4077840510192499,912,237871.0,245748
2020,nmod->pobj,nmod,pobj,1241,0.0003476003531462734,0.3636578884751218,14066,3412548.0,3570192
2021,nmod->pobj,nmod,pobj,1329,0.00039360902155431433,0.4131070248709701,12748,3217084.0,3376447
2022,nmod->pobj,nmod,pobj,1083,0.0003717125066328201,0.38840494676556947,10523,2788327.0,2913542
2023,nmod->pobj,nmod,pobj,1192,0.0003892096203998084,0.4044439980782124,11046,2947256.0,3062617
2024,nmod->pobj,nmod,pobj,1386,0.0003843700601791508,0.39799394968793655,12862,3482465.0,3605900
2025,nmod->pobj,nmod,pobj,1616,0.0003872006233546669,0.4015867647340221,15004,4024037.0,4173547
2026,nmod->pobj,nmod,pobj,691,0.0004936447700801262,0.5139204769420022,4849,1344566.0,1399792
2019,nmod->poss,nmod,poss,6,2.441525465110601e-05,0.02522375573314948,912,237871.0,245748
2020,nmod->poss,nmod,poss,59,1.6525721865938862e-05,0.01728913410155696,14066,3412548.0,3570192
2021,nmod->poss,nmod,poss,59,1.7473989670206582e-05,0.01833958951646895,12748,3217084.0,3376447
2022,nmod->poss,nmod,poss,41,1.4072218625988573e-05,0.014704157726120357,10523,2788327.0,2913542
2023,nmod->poss,nmod,poss,47,1.5346352482207212e-05,0.015947036836976493,11046,2947256.0,3062617
2024,nmod->poss,nmod,poss,59,1.636207326880945e-05,0.016942022389313315,12862,3482465.0,3605900
2025,nmod->poss,nmod,poss,63,1.5095073806524762e-05,0.01565591966475457,15004,4024037.0,4173547
2026,nmod->poss,nmod,poss,15,1.0715877787557008e-05,0.011156016142011622,4849,1344566.0,1399792
2019,nmod->preconj,nmod,preconj,7,2.848446375962368e-05,0.029427715022007726,912,237871.0,245748
2020,nmod->preconj,nmod,preconj,85,2.380824336618311e-05,0.024908074553090534,14066,3412548.0,3570192
2021,nmod->preconj,nmod,preconj,105,3.109777822663883e-05,0.03263825252930915,12748,3217084.0,3376447
2022,nmod->preconj,nmod,preconj,81,2.780121240744084e-05,0.029049677458920706,10523,2788327.0,2913542
2023,nmod->preconj,nmod,preconj,100,3.2651813791930236e-05,0.033929865610588285,11046,2947256.0,3062617
2024,nmod->preconj,nmod,preconj,117,3.244682326187637e-05,0.033596891856773864,12862,3482465.0,3605900
2025,nmod->preconj,nmod,preconj,159,3.809709103551487e-05,0.0395125591539044,15004,4024037.0,4173547
2026,nmod->preconj,nmod,preconj,46,3.286202521517483e-05,0.03421178283550231,4849,1344566.0,1399792
2020,nmod->predet,nmod,predet,4,1.1203879231144992e-06,0.0011721446848513193,14066,3412548.0,3570192
2021,nmod->predet,nmod,predet,2,5.923386328883587e-07,0.0006216810005582696,12748,3217084.0,3376447
2022,nmod->predet,nmod,predet,2,6.864496890726133e-07,0.0007172759866400175,10523,2788327.0,2913542
2023,nmod->predet,nmod,predet,2,6.530362758386047e-07,0.0006785973122117658,11046,2947256.0,3062617
2024,nmod->predet,nmod,predet,2,5.546465514850662e-07,0.0005743058437055362,12862,3482465.0,3605900
2025,nmod->predet,nmod,predet,3,7.18813038405941e-07,0.0007455199840359321,15004,4024037.0,4173547
2019,nmod->prep,nmod,prep,153,0.0006225889936032033,0.6432057711953117,912,237871.0,245748
2020,nmod->prep,nmod,prep,2043,0.0005722381317307305,0.5986728977878113,14066,3412548.0,3570192
2021,nmod->prep,nmod,prep,1984,0.0005875999238252518,0.6167075525538034,12748,3217084.0,3376447
2022,nmod->prep,nmod,prep,1683,0.0005776474133546042,0.6035877427575747,10523,2788327.0,2913542
2023,nmod->prep,nmod,prep,1925,0.000628547415494657,0.6531499130038245,11046,2947256.0,3062617
2024,nmod->prep,nmod,prep,2264,0.0006278598962810948,0.6501142150746669,12862,3482465.0,3605900
2025,nmod->prep,nmod,prep,2899,0.0006946129994462744,0.7204208112400556,15004,4024037.0,4173547
2026,nmod->prep,nmod,prep,1153,0.000823693805936882,0.8575257741159601,4849,1344566.0,1399792
2019,nmod->prt,nmod,prt,7,2.848446375962368e-05,0.029427715022007726,912,237871.0,245748
2020,nmod->prt,nmod,prt,1121,0.0003139887154528384,0.32849354792958224,14066,3412548.0,3570192
2021,nmod->prt,nmod,prt,1358,0.00040219793173119553,0.422121399379065,12748,3217084.0,3376447
2022,nmod->prt,nmod,prt,798,0.00027389342593997273,0.286193118669367,10523,2788327.0,2913542
2023,nmod->prt,nmod,prt,387,0.00012636251937477,0.13130857991297668,11046,2947256.0,3062617
2024,nmod->prt,nmod,prt,320,8.874344823761058e-05,0.09188893499288578,12862,3482465.0,3605900
2025,nmod->prt,nmod,prt,278,6.66100082256172e-05,0.06908485185399638,15004,4024037.0,4173547
2026,nmod->prt,nmod,prt,99,7.072479339787626e-05,0.07362970653727671,4849,1344566.0,1399792
2020,nmod->quantmod,nmod,quantmod,3,8.402909423358744e-07,0.0008791085136384895,14066,3412548.0,3570192
2021,nmod->quantmod,nmod,quantmod,6,1.777015898665076e-06,0.0018650430016748086,12748,3217084.0,3376447
2022,nmod->quantmod,nmod,quantmod,9,3.08902360082676e-06,0.0032277419398800784,10523,2788327.0,2913542
2023,nmod->quantmod,nmod,quantmod,4,1.3060725516772093e-06,0.0013571946244235317,11046,2947256.0,3062617
2024,nmod->quantmod,nmod,quantmod,14,3.882525860395463e-06,0.004020140905938753,12862,3482465.0,3605900
2025,nmod->quantmod,nmod,quantmod,9,2.156439115217823e-06,0.002236559952107796,15004,4024037.0,4173547
2026,nmod->quantmod,nmod,quantmod,5,3.571959262519003e-06,0.0037186720473372076,4849,1344566.0,1399792
2020,nmod->relcl,nmod,relcl,14,3.921357730900747e-06,0.004102506396979617,14066,3412548.0,3570192
2021,nmod->relcl,nmod,relcl,13,3.850201113774331e-06,0.004040926503628753,12748,3217084.0,3376447
2022,nmod->relcl,nmod,relcl,19,6.521272046189827e-06,0.0068141218730801666,10523,2788327.0,2913542
2023,nmod->relcl,nmod,relcl,9,2.938663241273721e-06,0.003053687904952946,11046,2947256.0,3062617
2024,nmod->relcl,nmod,relcl,21,5.823788790593194e-06,0.0060302113589081295,12862,3482465.0,3605900
2025,nmod->relcl,nmod,relcl,15,3.594065192029705e-06,0.0037275999201796606,15004,4024037.0,4173547
2026,nmod->relcl,nmod,relcl,4,2.8575674100152022e-06,0.002974937637869766,4849,1344566.0,1399792
2020,nmod->xcomp,nmod,xcomp,6,1.6805818846717488e-06,0.001758217027276979,14066,3412548.0,3570192
2021,nmod->xcomp,nmod,xcomp,11,3.2578624808859728e-06,0.0034192455030704824,12748,3217084.0,3376447
2022,nmod->xcomp,nmod,xcomp,7,2.4025739117541465e-06,0.002510465953240061,10523,2788327.0,2913542
2023,nmod->xcomp,nmod,xcomp,12,3.9182176550316284e-06,0.004071583873270594,11046,2947256.0,3062617
2024,nmod->xcomp,nmod,xcomp,6,1.6639396544551984e-06,0.0017229175311166084,12862,3482465.0,3605900
2025,nmod->xcomp,nmod,xcomp,8,1.9168347690825093e-06,0.0019880532907624853,15004,4024037.0,4173547
2026,nmod->xcomp,nmod,xcomp,5,3.571959262519003e-06,0.0037186720473372076,4849,1344566.0,1399792
2019,npadvmod->acl,npadvmod,acl,12,4.883050930221202e-05,0.05044751146629896,912,237871.0,245748
2020,npadvmod->acl,npadvmod,acl,141,3.94936742897861e-05,0.041318100141009007,14066,3412548.0,3570192
2021,npadvmod->acl,npadvmod,acl,160,4.7387090631068695e-05,0.049734480044661564,12748,3217084.0,3376447
2022,npadvmod->acl,npadvmod,acl,118,4.0500531655284184e-05,0.04231928321176103,10523,2788327.0,2913542
2023,npadvmod->acl,npadvmod,acl,141,4.603905744662163e-05,0.047841110510929485,11046,2947256.0,3062617
2024,npadvmod->acl,npadvmod,acl,205,5.685127152721928e-05,0.058866348979817455,12862,3482465.0,3605900
2025,npadvmod->acl,npadvmod,acl,212,5.07961213806865e-05,0.052683412205205865,15004,4024037.0,4173547
2026,npadvmod->acl,npadvmod,acl,71,5.072182152776984e-05,0.052805143072188344,4849,1344566.0,1399792
2023,npadvmod->acomp,npadvmod,acomp,1,3.2651813791930233e-07,0.0003392986561058829,11046,2947256.0,3062617
2024,npadvmod->acomp,npadvmod,acomp,1,2.773232757425331e-07,0.0002871529218527681,12862,3482465.0,3605900
2025,npadvmod->acomp,npadvmod,acomp,3,7.18813038405941e-07,0.0007455199840359321,15004,4024037.0,4173547
2020,npadvmod->advcl,npadvmod,advcl,9,2.520872827007623e-06,0.0026373255409154685,14066,3412548.0,3570192
2021,npadvmod->advcl,npadvmod,advcl,10,2.9616931644417935e-06,0.0031084050027913477,12748,3217084.0,3376447
2022,npadvmod->advcl,npadvmod,advcl,11,3.7754732898993733e-06,0.003945017926520096,10523,2788327.0,2913542
2023,npadvmod->advcl,npadvmod,advcl,4,1.3060725516772093e-06,0.0013571946244235317,11046,2947256.0,3062617
2024,npadvmod->advcl,npadvmod,advcl,11,3.050556033167864e-06,0.003158682140380449,12862,3482465.0,3605900
2025,npadvmod->advcl,npadvmod,advcl,12,2.875252153623764e-06,0.0029820799361437284,15004,4024037.0,4173547
2026,npadvmod->advcl,npadvmod,advcl,2,1.4287837050076011e-06,0.001487468818934883,4849,1344566.0,1399792
2019,npadvmod->advmod,npadvmod,advmod,19,7.73149730618357e-05,0.07987522648830668,912,237871.0,245748
2020,npadvmod->advmod,npadvmod,advmod,294,8.234851234891569e-05,0.08615263433657197,14066,3412548.0,3570192
2021,npadvmod->advmod,npadvmod,advmod,282,8.351974723725857e-05,0.08765702107871601,12748,3217084.0,3376447
2022,npadvmod->advmod,npadvmod,advmod,218,7.482301610891486e-05,0.0781830825437619,10523,2788327.0,2913542
2023,npadvmod->advmod,npadvmod,advmod,198,6.465059130802186e-05,0.06718113390896481,11046,2947256.0,3062617
2024,npadvmod->advmod,npadvmod,advmod,246,6.822152583266313e-05,0.07063961877578095,12862,3482465.0,3605900
2025,npadvmod->advmod,npadvmod,advmod,255,6.109910826450499e-05,0.06336919864305424,15004,4024037.0,4173547
2026,npadvmod->advmod,npadvmod,advmod,83,5.9294523757815444e-05,0.06172995598579765,4849,1344566.0,1399792
2022,npadvmod->agent,npadvmod,agent,1,3.4322484453630666e-07,0.00035863799332000874,10523,2788327.0,2913542
2024,npadvmod->agent,npadvmod,agent,1,2.773232757425331e-07,0.0002871529218527681,12862,3482465.0,3605900
2019,npadvmod->amod,npadvmod,amod,89,0.0003621596106580725,0.3741523767083839,912,237871.0,245748
2020,npadvmod->amod,npadvmod,amod,1439,0.00040305955534044105,0.4216790503752621,14066,3412548.0,3570192
2021,npadvmod->amod,npadvmod,amod,1367,0.0004048634555791932,0.42491896388157724,12748,3217084.0,3376447
2022,npadvmod->amod,npadvmod,amod,1168,0.0004008866184184062,0.4188891761977702,10523,2788327.0,2913542
2023,npadvmod->amod,npadvmod,amod,1126,0.00036765942329713443,0.3820502867752242,11046,2947256.0,3062617
2024,npadvmod->amod,npadvmod,amod,1356,0.00037605036190687486,0.3893793620323535,12862,3482465.0,3605900
2025,npadvmod->amod,npadvmod,amod,1688,0.0004044521362764095,0.41947924435088446,15004,4024037.0,4173547
2026,npadvmod->amod,npadvmod,amod,662,0.000472927406357516,0.49235217906744627,4849,1344566.0,1399792
2019,npadvmod->appos,npadvmod,appos,221,0.0008992952129824048,0.9290750028376725,912,237871.0,245748
2020,npadvmod->appos,npadvmod,appos,2365,0.0006624293595414476,0.6930305449183425,14066,3412548.0,3570192
2021,npadvmod->appos,npadvmod,appos,2467,0.0007306497036677905,0.7668435141886255,12748,3217084.0,3376447
2022,npadvmod->appos,npadvmod,appos,2260,0.0007756881486520531,0.8105218649032198,10523,2788327.0,2913542
2023,npadvmod->appos,npadvmod,appos,2390,0.0007803783496271326,0.8109237880930602,11046,2947256.0,3062617
2024,npadvmod->appos,npadvmod,appos,2813,0.0007801103746637455,0.8077611691718366,12862,3482465.0,3605900
2025,npadvmod->appos,npadvmod,appos,3586,0.0008592211852412349,0.8911448875842841,15004,4024037.0,4173547
2026,npadvmod->appos,npadvmod,appos,1253,0.0008951329911872621,0.9318992150627042,4849,1344566.0,1399792
2020,npadvmod->attr,npadvmod,attr,1,2.800969807786248e-07,0.0002930361712128298,14066,3412548.0,3570192
2025,npadvmod->attr,npadvmod,attr,1,2.3960434613531366e-07,0.00024850666134531066,15004,4024037.0,4173547
2019,npadvmod->aux,npadvmod,aux,1,4.069209108517669e-06,0.0042039592888582465,912,237871.0,245748
2020,npadvmod->aux,npadvmod,aux,5,1.400484903893124e-06,0.0014651808560641492,14066,3412548.0,3570192
2021,npadvmod->aux,npadvmod,aux,8,2.369354531553435e-06,0.0024867240022330784,12748,3217084.0,3376447
2022,npadvmod->aux,npadvmod,aux,7,2.4025739117541465e-06,0.002510465953240061,10523,2788327.0,2913542
2023,npadvmod->aux,npadvmod,aux,3,9.795544137579071e-07,0.0010178959683176485,11046,2947256.0,3062617
2024,npadvmod->aux,npadvmod,aux,7,1.9412629301977313e-06,0.0020100704529693765,12862,3482465.0,3605900
2025,npadvmod->aux,npadvmod,aux,8,1.9168347690825093e-06,0.0019880532907624853,15004,4024037.0,4173547
2026,npadvmod->aux,npadvmod,aux,3,2.143175557511402e-06,0.0022312032284023246,4849,1344566.0,1399792
2022,npadvmod->auxpass,npadvmod,auxpass,1,3.4322484453630666e-07,0.00035863799332000874,10523,2788327.0,2913542
2023,npadvmod->auxpass,npadvmod,auxpass,1,3.2651813791930233e-07,0.0003392986561058829,11046,2947256.0,3062617
2024,npadvmod->auxpass,npadvmod,auxpass,1,2.773232757425331e-07,0.0002871529218527681,12862,3482465.0,3605900
2020,npadvmod->case,npadvmod,case,4,1.1203879231144992e-06,0.0011721446848513193,14066,3412548.0,3570192
2021,npadvmod->case,npadvmod,case,1,2.9616931644417936e-07,0.0003108405002791348,12748,3217084.0,3376447
2023,npadvmod->case,npadvmod,case,1,3.2651813791930233e-07,0.0003392986561058829,11046,2947256.0,3062617
2024,npadvmod->case,npadvmod,case,2,5.546465514850662e-07,0.0005743058437055362,12862,3482465.0,3605900
2025,npadvmod->case,npadvmod,case,2,4.792086922706273e-07,0.0004970133226906213,15004,4024037.0,4173547
2026,npadvmod->case,npadvmod,case,1,7.143918525038006e-07,0.0007437344094674415,4849,1344566.0,1399792
2019,npadvmod->cc,npadvmod,cc,87,0.00035402119244103716,0.36574445813066747,912,237871.0,245748
2020,npadvmod->cc,npadvmod,cc,1151,0.0003223916248761971,0.3372846330659671,14066,3412548.0,3570192
2021,npadvmod->cc,npadvmod,cc,1250,0.0003702116455552242,0.3885506253489185,12748,3217084.0,3376447
2022,npadvmod->cc,npadvmod,cc,1101,0.00037789055383447365,0.39486043064532966,10523,2788327.0,2913542
2023,npadvmod->cc,npadvmod,cc,1088,0.000355251734056201,0.3691569378432006,11046,2947256.0,3062617
2024,npadvmod->cc,npadvmod,cc,1301,0.00036079758174103555,0.37358595133045125,12862,3482465.0,3605900
2025,npadvmod->cc,npadvmod,cc,1480,0.00035461443228026427,0.36778985879105985,15004,4024037.0,4173547
2026,npadvmod->cc,npadvmod,cc,490,0.0003500520077268623,0.36442986063904637,4849,1344566.0,1399792
2020,npadvmod->ccomp,npadvmod,ccomp,2,5.601939615572496e-07,0.0005860723424256596,14066,3412548.0,3570192
2022,npadvmod->ccomp,npadvmod,ccomp,1,3.4322484453630666e-07,0.00035863799332000874,10523,2788327.0,2913542
2024,npadvmod->ccomp,npadvmod,ccomp,1,2.773232757425331e-07,0.0002871529218527681,12862,3482465.0,3605900
2025,npadvmod->ccomp,npadvmod,ccomp,3,7.18813038405941e-07,0.0007455199840359321,15004,4024037.0,4173547
2019,npadvmod->compound,npadvmod,compound,117,0.0004760974656965672,0.49186323679641486,912,237871.0,245748
2020,npadvmod->compound,npadvmod,compound,1834,0.0005136978627479979,0.5374283380043299,14066,3412548.0,3570192
2021,npadvmod->compound,npadvmod,compound,1975,0.0005849343999772542,0.6139099880512913,12748,3217084.0,3376447
2022,npadvmod->compound,npadvmod,compound,1686,0.0005786770878882131,0.6046636567375347,10523,2788327.0,2913542
2023,npadvmod->compound,npadvmod,compound,1879,0.0006135275811503691,0.6375421748229539,11046,2947256.0,3062617
2024,npadvmod->compound,npadvmod,compound,2131,0.0005909759006073379,0.6119228764682487,12862,3482465.0,3605900
2025,npadvmod->compound,npadvmod,compound,2770,0.0006637040387948189,0.6883634519265106,15004,4024037.0,4173547
2026,npadvmod->compound,npadvmod,compound,1018,0.0007272509058488689,0.7571216288378555,4849,1344566.0,1399792
2019,npadvmod->conj,npadvmod,conj,107,0.00043540537461139056,0.4498236439078324,912,237871.0,245748
2020,npadvmod->conj,npadvmod,conj,1558,0.00043639109605309745,0.4565503547495889,14066,3412548.0,3570192
2021,npadvmod->conj,npadvmod,conj,1609,0.00047653643015868456,0.5001423649491279,12748,3217084.0,3376447
2022,npadvmod->conj,npadvmod,conj,1416,0.00048600637986341024,0.5078313985411324,10523,2788327.0,2913542
2023,npadvmod->conj,npadvmod,conj,1469,0.00047965514460345513,0.4984297258195419,11046,2947256.0,3062617
2024,npadvmod->conj,npadvmod,conj,1751,0.0004855930558251754,0.5028047661641969,12862,3482465.0,3605900
2025,npadvmod->conj,npadvmod,conj,1965,0.0004708225401558914,0.48831558954353554,15004,4024037.0,4173547
2026,npadvmod->conj,npadvmod,conj,661,0.0004722130145050122,0.49160844465797887,4849,1344566.0,1399792
2019,npadvmod->dep,npadvmod,dep,7,2.848446375962368e-05,0.029427715022007726,912,237871.0,245748
2020,npadvmod->dep,npadvmod,dep,95,2.6609213173969354e-05,0.027838436265218834,14066,3412548.0,3570192
2021,npadvmod->dep,npadvmod,dep,94,2.7839915745752857e-05,0.029219007026238666,12748,3217084.0,3376447
2022,npadvmod->dep,npadvmod,dep,81,2.780121240744084e-05,0.029049677458920706,10523,2788327.0,2913542
2023,npadvmod->dep,npadvmod,dep,74,2.4162342206028373e-05,0.025108100551835336,11046,2947256.0,3062617
2024,npadvmod->dep,npadvmod,dep,120,3.327879308910397e-05,0.03445835062233217,12862,3482465.0,3605900
2025,npadvmod->dep,npadvmod,dep,179,4.2889177958221146e-05,0.044482692380810616,15004,4024037.0,4173547
2026,npadvmod->dep,npadvmod,dep,43,3.0718849657663426e-05,0.03198057960709999,4849,1344566.0,1399792
2019,npadvmod->det,npadvmod,det,36,0.00014649152790663608,0.1513425343988969,912,237871.0,245748
2020,npadvmod->det,npadvmod,det,775,0.0002170751601034342,0.2271030326899431,14066,3412548.0,3570192
2021,npadvmod->det,npadvmod,det,666,0.00019724876475182344,0.20701977318590375,12748,3217084.0,3376447
2022,npadvmod->det,npadvmod,det,528,0.00018122271791516992,0.18936086047296463,10523,2788327.0,2913542
2023,npadvmod->det,npadvmod,det,537,0.00017534024006266537,0.1822033783288591,11046,2947256.0,3062617
2024,npadvmod->det,npadvmod,det,668,0.0001852519481960121,0.19181815179764908,12862,3482465.0,3605900
2025,npadvmod->det,npadvmod,det,664,0.0001590972858338483,0.16500842313328629,15004,4024037.0,4173547
2026,npadvmod->det,npadvmod,det,207,0.00014787911346828673,0.15395302275976042,4849,1344566.0,1399792
2019,npadvmod->dobj,npadvmod,dobj,2,8.138418217035338e-06,0.008407918577716493,912,237871.0,245748
2020,npadvmod->dobj,npadvmod,dobj,26,7.282521500244244e-06,0.0076189404515335755,14066,3412548.0,3570192
2021,npadvmod->dobj,npadvmod,dobj,31,9.18124880976956e-06,0.009636055508653178,12748,3217084.0,3376447
2022,npadvmod->dobj,npadvmod,dobj,24,8.23739626887136e-06,0.00860731183968021,10523,2788327.0,2913542
2023,npadvmod->dobj,npadvmod,dobj,42,1.3713761792610698e-05,0.01425054355644708,11046,2947256.0,3062617
2024,npadvmod->dobj,npadvmod,dobj,40,1.1092931029701322e-05,0.011486116874110722,12862,3482465.0,3605900
2025,npadvmod->dobj,npadvmod,dobj,45,1.0782195576089116e-05,0.011182799760538981,15004,4024037.0,4173547
2026,npadvmod->dobj,npadvmod,dobj,24,1.7145404460091215e-05,0.017849625827218597,4849,1344566.0,1399792
2019,npadvmod->intj,npadvmod,intj,3,1.2207627325553006e-05,0.01261187786657474,912,237871.0,245748
2020,npadvmod->intj,npadvmod,intj,13,3.641260750122122e-06,0.0038094702257667878,14066,3412548.0,3570192
2021,npadvmod->intj,npadvmod,intj,16,4.73870906310687e-06,0.004973448004466157,12748,3217084.0,3376447
2022,npadvmod->intj,npadvmod,intj,17,5.834822357117213e-06,0.006096845886440149,10523,2788327.0,2913542
2023,npadvmod->intj,npadvmod,intj,16,5.224290206708837e-06,0.005428778497694127,11046,2947256.0,3062617
2024,npadvmod->intj,npadvmod,intj,12,3.3278793089103968e-06,0.003445835062233217,12862,3482465.0,3605900
2025,npadvmod->intj,npadvmod,intj,22,5.271295614976901e-06,0.005467146549596835,15004,4024037.0,4173547
2026,npadvmod->intj,npadvmod,intj,4,2.8575674100152022e-06,0.002974937637869766,4849,1344566.0,1399792
2020,npadvmod->mark,npadvmod,mark,6,1.6805818846717488e-06,0.001758217027276979,14066,3412548.0,3570192
2021,npadvmod->mark,npadvmod,mark,3,8.88507949332538e-07,0.0009325215008374043,12748,3217084.0,3376447
2022,npadvmod->mark,npadvmod,mark,3,1.02967453360892e-06,0.0010759139799600263,10523,2788327.0,2913542
2023,npadvmod->mark,npadvmod,mark,3,9.795544137579071e-07,0.0010178959683176485,11046,2947256.0,3062617
2024,npadvmod->mark,npadvmod,mark,6,1.6639396544551984e-06,0.0017229175311166084,12862,3482465.0,3605900
2025,npadvmod->mark,npadvmod,mark,4,9.584173845412547e-07,0.0009940266453812427,15004,4024037.0,4173547
2019,npadvmod->meta,npadvmod,meta,2,8.138418217035338e-06,0.008407918577716493,912,237871.0,245748
2020,npadvmod->meta,npadvmod,meta,23,6.4422305579083705e-06,0.006739831937895086,14066,3412548.0,3570192
2021,npadvmod->meta,npadvmod,meta,24,7.108063594660304e-06,0.007460172006699234,12748,3217084.0,3376447
2022,npadvmod->meta,npadvmod,meta,20,6.864496890726133e-06,0.007172759866400175,10523,2788327.0,2913542
2023,npadvmod->meta,npadvmod,meta,24,7.836435310063257e-06,0.008143167746541188,11046,2947256.0,3062617
2024,npadvmod->meta,npadvmod,meta,27,7.487728445048393e-06,0.0077531288900247386,12862,3482465.0,3605900
2025,npadvmod->meta,npadvmod,meta,38,9.10496515314192e-06,0.009443253131121807,15004,4024037.0,4173547
2026,npadvmod->meta,npadvmod,meta,4,2.8575674100152022e-06,0.002974937637869766,4849,1344566.0,1399792
2020,npadvmod->neg,npadvmod,neg,4,1.1203879231144992e-06,0.0011721446848513193,14066,3412548.0,3570192
2021,npadvmod->neg,npadvmod,neg,3,8.88507949332538e-07,0.0009325215008374043,12748,3217084.0,3376447
2022,npadvmod->neg,npadvmod,neg,2,6.864496890726133e-07,0.0007172759866400175,10523,2788327.0,2913542
2023,npadvmod->neg,npadvmod,neg,4,1.3060725516772093e-06,0.0013571946244235317,11046,2947256.0,3062617
2024,npadvmod->neg,npadvmod,neg,9,2.4959094816827976e-06,0.0025843762966749127,12862,3482465.0,3605900
2025,npadvmod->neg,npadvmod,neg,4,9.584173845412547e-07,0.0009940266453812427,15004,4024037.0,4173547
2026,npadvmod->neg,npadvmod,neg,2,1.4287837050076011e-06,0.001487468818934883,4849,1344566.0,1399792
2019,npadvmod->nmod,npadvmod,nmod,75,0.00030519068313882513,0.31529694666436847,912,237871.0,245748
2020,npadvmod->nmod,npadvmod,nmod,905,0.00025348776760465545,0.265197734947611,14066,3412548.0,3570192
2021,npadvmod->nmod,npadvmod,nmod,992,0.0002937999619126259,0.3083537762769017,12748,3217084.0,3376447
2022,npadvmod->nmod,npadvmod,nmod,882,0.0003027243128810225,0.3163187101082477,10523,2788327.0,2913542
2023,npadvmod->nmod,npadvmod,nmod,997,0.00032553858350554445,0.33828076013756525,11046,2947256.0,3062617
2024,npadvmod->nmod,npadvmod,nmod,1074,0.0002978451981474805,0.30840223806987294,12862,3482465.0,3605900
2025,npadvmod->nmod,npadvmod,nmod,1555,0.00037258475824041275,0.3864278583919581,15004,4024037.0,4173547
2026,npadvmod->nmod,npadvmod,nmod,623,0.00044506612410986777,0.46334653709821605,4849,1344566.0,1399792
2019,npadvmod->npadvmod,npadvmod,npadvmod,25,0.00010173022771294171,0.10509898222145617,912,237871.0,245748
2020,npadvmod->npadvmod,npadvmod,npadvmod,332,9.299219761850344e-05,0.0972880088426595,14066,3412548.0,3570192
2021,npadvmod->npadvmod,npadvmod,npadvmod,370,0.00010958264708434636,0.11501098510327985,12748,3217084.0,3376447
2022,npadvmod->npadvmod,npadvmod,npadvmod,331,0.0001136074235415175,0.11870917578892289,10523,2788327.0,2913542
2023,npadvmod->npadvmod,npadvmod,npadvmod,350,0.00011428134827175582,0.11875452963705901,11046,2947256.0,3062617
2024,npadvmod->npadvmod,npadvmod,npadvmod,412,0.00011425718960592363,0.11830700380334044,12862,3482465.0,3605900
2025,npadvmod->npadvmod,npadvmod,npadvmod,506,0.00012123979914446872,0.12574437064072722,15004,4024037.0,4173547
2026,npadvmod->npadvmod,npadvmod,npadvmod,202,0.00014430715420576772,0.1502343507124232,4849,1344566.0,1399792
2019,npadvmod->nsubj,npadvmod,nsubj,2,8.138418217035338e-06,0.008407918577716493,912,237871.0,245748
2020,npadvmod->nsubj,npadvmod,nsubj,20,5.601939615572496e-06,0.005860723424256597,14066,3412548.0,3570192
2021,npadvmod->nsubj,npadvmod,nsubj,19,5.627217012439407e-06,0.00590596950530356,12748,3217084.0,3376447
2022,npadvmod->nsubj,npadvmod,nsubj,17,5.834822357117213e-06,0.006096845886440149,10523,2788327.0,2913542
2023,npadvmod->nsubj,npadvmod,nsubj,26,8.489471585901861e-06,0.008821765058752954,11046,2947256.0,3062617
2024,npadvmod->nsubj,npadvmod,nsubj,23,6.37843534207826e-06,0.006604517202613665,12862,3482465.0,3605900
2025,npadvmod->nsubj,npadvmod,nsubj,30,7.18813038405941e-06,0.007455199840359321,15004,4024037.0,4173547
2026,npadvmod->nsubj,npadvmod,nsubj,8,5.7151348200304045e-06,0.005949875275739532,4849,1344566.0,1399792
2022,npadvmod->nsubjpass,npadvmod,nsubjpass,1,3.4322484453630666e-07,0.00035863799332000874,10523,2788327.0,2913542
2023,npadvmod->nsubjpass,npadvmod,nsubjpass,1,3.2651813791930233e-07,0.0003392986561058829,11046,2947256.0,3062617
2019,npadvmod->nummod,npadvmod,nummod,521,0.0021200579455377053,2.1902627894951463,912,237871.0,245748
2020,npadvmod->nummod,npadvmod,nummod,7497,0.00209988706489735,2.196892175582585,14066,3412548.0,3570192
2021,npadvmod->nummod,npadvmod,nummod,8294,0.0024564283105880233,2.578111109315144,12748,3217084.0,3376447
2022,npadvmod->nummod,npadvmod,nummod,6876,0.002360014031031645,2.4659948420683797,10523,2788327.0,2913542
2023,npadvmod->nummod,npadvmod,nummod,6276,0.0020492278335815417,2.129438365720521,11046,2947256.0,3062617
2024,npadvmod->nummod,npadvmod,nummod,7084,0.0019645580853601043,2.034191298405009,12862,3482465.0,3605900
2025,npadvmod->nummod,npadvmod,nummod,8507,0.0020383141725731136,2.114046168064558,15004,4024037.0,4173547
2026,npadvmod->nummod,npadvmod,nummod,3160,0.0022574782539120097,2.350200733917115,4849,1344566.0,1399792
2020,npadvmod->oprd,npadvmod,oprd,1,2.800969807786248e-07,0.0002930361712128298,14066,3412548.0,3570192
2022,npadvmod->oprd,npadvmod,oprd,2,6.864496890726133e-07,0.0007172759866400175,10523,2788327.0,2913542
2023,npadvmod->oprd,npadvmod,oprd,2,6.530362758386047e-07,0.0006785973122117658,11046,2947256.0,3062617
2019,npadvmod->parataxis,npadvmod,parataxis,3,1.2207627325553006e-05,0.01261187786657474,912,237871.0,245748
2020,npadvmod->parataxis,npadvmod,parataxis,15,4.201454711679372e-06,0.004395542568192448,14066,3412548.0,3570192
2021,npadvmod->parataxis,npadvmod,parataxis,31,9.18124880976956e-06,0.009636055508653178,12748,3217084.0,3376447
2022,npadvmod->parataxis,npadvmod,parataxis,25,8.580621113407667e-06,0.00896594983300022,10523,2788327.0,2913542
2023,npadvmod->parataxis,npadvmod,parataxis,13,4.2447357929509305e-06,0.004410882529376477,11046,2947256.0,3062617
2024,npadvmod->parataxis,npadvmod,parataxis,27,7.487728445048393e-06,0.0077531288900247386,12862,3482465.0,3605900
2025,npadvmod->parataxis,npadvmod,parataxis,28,6.708921691788783e-06,0.0069581865176686995,15004,4024037.0,4173547
2026,npadvmod->parataxis,npadvmod,parataxis,10,7.143918525038006e-06,0.007437344094674415,4849,1344566.0,1399792
2019,npadvmod->pobj,npadvmod,pobj,2,8.138418217035338e-06,0.008407918577716493,912,237871.0,245748
2020,npadvmod->pobj,npadvmod,pobj,10,2.800969807786248e-06,0.0029303617121282984,14066,3412548.0,3570192
2021,npadvmod->pobj,npadvmod,pobj,21,6.219555645327766e-06,0.00652765050586183,12748,3217084.0,3376447
2022,npadvmod->pobj,npadvmod,pobj,11,3.7754732898993733e-06,0.003945017926520096,10523,2788327.0,2913542
2023,npadvmod->pobj,npadvmod,pobj,19,6.203844620466744e-06,0.0064466744660117755,11046,2947256.0,3062617
2024,npadvmod->pobj,npadvmod,pobj,8,2.2185862059402647e-06,0.002297223374822145,12862,3482465.0,3605900
2025,npadvmod->pobj,npadvmod,pobj,15,3.594065192029705e-06,0.0037275999201796606,15004,4024037.0,4173547
2026,npadvmod->pobj,npadvmod,pobj,5,3.571959262519003e-06,0.0037186720473372076,4849,1344566.0,1399792
2020,npadvmod->poss,npadvmod,poss,8,2.2407758462289984e-06,0.0023442893697026386,14066,3412548.0,3570192
2021,npadvmod->poss,npadvmod,poss,23,6.8118942782161244e-06,0.0071493315064200995,12748,3217084.0,3376447
2022,npadvmod->poss,npadvmod,poss,10,3.4322484453630665e-06,0.0035863799332000873,10523,2788327.0,2913542
2023,npadvmod->poss,npadvmod,poss,8,2.6121451033544187e-06,0.0027143892488470634,11046,2947256.0,3062617
2024,npadvmod->poss,npadvmod,poss,11,3.050556033167864e-06,0.003158682140380449,12862,3482465.0,3605900
2025,npadvmod->poss,npadvmod,poss,6,1.437626076811882e-06,0.0014910399680718642,15004,4024037.0,4173547
2026,npadvmod->poss,npadvmod,poss,1,7.143918525038006e-07,0.0007437344094674415,4849,1344566.0,1399792
2019,npadvmod->preconj,npadvmod,preconj,1,4.069209108517669e-06,0.0042039592888582465,912,237871.0,245748
2020,npadvmod->preconj,npadvmod,preconj,7,1.9606788654503734e-06,0.0020512531984898086,14066,3412548.0,3570192
2021,npadvmod->preconj,npadvmod,preconj,4,1.1846772657767174e-06,0.0012433620011165392,12748,3217084.0,3376447
2022,npadvmod->preconj,npadvmod,preconj,5,1.7161242226815333e-06,0.0017931899666000436,10523,2788327.0,2913542
2023,npadvmod->preconj,npadvmod,preconj,6,1.9591088275158142e-06,0.002035791936635297,11046,2947256.0,3062617
2024,npadvmod->preconj,npadvmod,preconj,8,2.2185862059402647e-06,0.002297223374822145,12862,3482465.0,3605900
2025,npadvmod->preconj,npadvmod,preconj,12,2.875252153623764e-06,0.0029820799361437284,15004,4024037.0,4173547
2026,npadvmod->preconj,npadvmod,preconj,1,7.143918525038006e-07,0.0007437344094674415,4849,1344566.0,1399792
2019,npadvmod->predet,npadvmod,predet,1,4.069209108517669e-06,0.0042039592888582465,912,237871.0,245748
2020,npadvmod->predet,npadvmod,predet,12,3.3611637693434976e-06,0.003516434054553958,14066,3412548.0,3570192
2021,npadvmod->predet,npadvmod,predet,21,6.219555645327766e-06,0.00652765050586183,12748,3217084.0,3376447
2022,npadvmod->predet,npadvmod,predet,11,3.7754732898993733e-06,0.003945017926520096,10523,2788327.0,2913542
2023,npadvmod->predet,npadvmod,predet,16,5.224290206708837e-06,0.005428778497694127,11046,2947256.0,3062617
2024,npadvmod->predet,npadvmod,predet,9,2.4959094816827976e-06,0.0025843762966749127,12862,3482465.0,3605900
2025,npadvmod->predet,npadvmod,predet,6,1.437626076811882e-06,0.0014910399680718642,15004,4024037.0,4173547
2019,npadvmod->prep,npadvmod,prep,264,0.0010742712046486645,1.109845252258577,912,237871.0,245748
2020,npadvmod->prep,npadvmod,prep,3642,0.0010201132039957515,1.0672377355571263,14066,3412548.0,3570192
2021,npadvmod->prep,npadvmod,prep,3848,0.0011396595296772022,1.1961142450741107,12748,3217084.0,3376447
2022,npadvmod->prep,npadvmod,prep,3233,0.0011096459223858795,1.1594766324035883,10523,2788327.0,2913542
2023,npadvmod->prep,npadvmod,prep,3496,0.001141507410165881,1.1861881017461666,11046,2947256.0,3062617
2024,npadvmod->prep,npadvmod,prep,3892,0.0010793421891899387,1.1175991718509732,12862,3482465.0,3605900
2025,npadvmod->prep,npadvmod,prep,5051,0.0012102415523294694,1.2552071464551644,15004,4024037.0,4173547
2026,npadvmod->prep,npadvmod,prep,1714,0.001224467635191514,1.2747607778271948,4849,1344566.0,1399792
2020,npadvmod->prt,npadvmod,prt,10,2.800969807786248e-06,0.0029303617121282984,14066,3412548.0,3570192
2021,npadvmod->prt,npadvmod,prt,6,1.777015898665076e-06,0.0018650430016748086,12748,3217084.0,3376447
2022,npadvmod->prt,npadvmod,prt,7,2.4025739117541465e-06,0.002510465953240061,10523,2788327.0,2913542
2023,npadvmod->prt,npadvmod,prt,2,6.530362758386047e-07,0.0006785973122117658,11046,2947256.0,3062617
2024,npadvmod->prt,npadvmod,prt,2,5.546465514850662e-07,0.0005743058437055362,12862,3482465.0,3605900
2025,npadvmod->prt,npadvmod,prt,2,4.792086922706273e-07,0.0004970133226906213,15004,4024037.0,4173547
2026,npadvmod->prt,npadvmod,prt,2,1.4287837050076011e-06,0.001487468818934883,4849,1344566.0,1399792
2019,npadvmod->quantmod,npadvmod,quantmod,26,0.00010579943682145938,0.10930294151031442,912,237871.0,245748
2020,npadvmod->quantmod,npadvmod,quantmod,390,0.00010923782250366367,0.11428410677300364,14066,3412548.0,3570192
2021,npadvmod->quantmod,npadvmod,quantmod,404,0.00011965240384344845,0.12557956211277047,12748,3217084.0,3376447
2022,npadvmod->quantmod,npadvmod,quantmod,269,9.23274831802665e-05,0.09647362020308235,10523,2788327.0,2913542
2023,npadvmod->quantmod,npadvmod,quantmod,314,0.00010252669530666093,0.10653977801724723,11046,2947256.0,3062617
2024,npadvmod->quantmod,npadvmod,quantmod,355,9.844976288859924e-05,0.10193928725773267,12862,3482465.0,3605900
2025,npadvmod->quantmod,npadvmod,quantmod,338,8.098626899373602e-05,0.08399525153471502,15004,4024037.0,4173547
2026,npadvmod->quantmod,npadvmod,quantmod,87,6.215209116783065e-05,0.06470489362366741,4849,1344566.0,1399792
2019,npadvmod->relcl,npadvmod,relcl,8,3.255367286814135e-05,0.03363167431086597,912,237871.0,245748
2020,npadvmod->relcl,npadvmod,relcl,151,4.229464409757234e-05,0.04424846185313731,14066,3412548.0,3570192
2021,npadvmod->relcl,npadvmod,relcl,133,3.9390519087075855e-05,0.041341786537124926,12748,3217084.0,3376447
2022,npadvmod->relcl,npadvmod,relcl,132,4.530567947879248e-05,0.04734021511824116,10523,2788327.0,2913542
2023,npadvmod->relcl,npadvmod,relcl,114,3.722306772280047e-05,0.03868004679607065,11046,2947256.0,3062617
2024,npadvmod->relcl,npadvmod,relcl,117,3.244682326187637e-05,0.033596891856773864,12862,3482465.0,3605900
2025,npadvmod->relcl,npadvmod,relcl,128,3.066935630532015e-05,0.031808852652199765,15004,4024037.0,4173547
2026,npadvmod->relcl,npadvmod,relcl,56,4.000594374021283e-05,0.04164912693017672,4849,1344566.0,1399792
2020,npadvmod->xcomp,npadvmod,xcomp,1,2.800969807786248e-07,0.0002930361712128298,14066,3412548.0,3570192
2022,npadvmod->xcomp,npadvmod,xcomp,1,3.4322484453630666e-07,0.00035863799332000874,10523,2788327.0,2913542
2025,npadvmod->xcomp,npadvmod,xcomp,1,2.3960434613531366e-07,0.00024850666134531066,15004,4024037.0,4173547
2019,nsubj->acl,nsubj,acl,303,0.0012329703598808535,1.2737996645240488,912,237871.0,245748
2020,nsubj->acl,nsubj,acl,4580,0.0012828441719661015,1.3421056641547606,14066,3412548.0,3570192
2021,nsubj->acl,nsubj,acl,4499,0.001332465754682363,1.3984714107558271,12748,3217084.0,3376447
2022,nsubj->acl,nsubj,acl,3644,0.0012507113334903014,1.3068768476581119,10523,2788327.0,2913542
2023,nsubj->acl,nsubj,acl,3712,0.0012120353279564504,1.2594766114650373,11046,2947256.0,3062617
2024,nsubj->acl,nsubj,acl,4619,0.0012809562106547603,1.3263593460379357,12862,3482465.0,3605900
2025,nsubj->acl,nsubj,acl,5458,0.0013077605212065422,1.3563493576227057,15004,4024037.0,4173547
2026,nsubj->acl,nsubj,acl,1768,0.0012630447952267194,1.3149224359384366,4849,1344566.0,1399792
2019,nsubj->acomp,nsubj,acomp,1,4.069209108517669e-06,0.0042039592888582465,912,237871.0,245748
2020,nsubj->acomp,nsubj,acomp,6,1.6805818846717488e-06,0.001758217027276979,14066,3412548.0,3570192
2021,nsubj->acomp,nsubj,acomp,5,1.4808465822208967e-06,0.0015542025013956739,12748,3217084.0,3376447
2022,nsubj->acomp,nsubj,acomp,5,1.7161242226815333e-06,0.0017931899666000436,10523,2788327.0,2913542
2023,nsubj->acomp,nsubj,acomp,7,2.2856269654351162e-06,0.00237509059274118,11046,2947256.0,3062617
2024,nsubj->acomp,nsubj,acomp,5,1.3866163787126653e-06,0.0014357646092638403,12862,3482465.0,3605900
2025,nsubj->acomp,nsubj,acomp,4,9.584173845412547e-07,0.0009940266453812427,15004,4024037.0,4173547
2026,nsubj->acomp,nsubj,acomp,2,1.4287837050076011e-06,0.001487468818934883,4849,1344566.0,1399792
2019,nsubj->advcl,nsubj,advcl,13,5.289971841072969e-05,0.05465147075515721,912,237871.0,245748
2020,nsubj->advcl,nsubj,advcl,182,5.097765050170971e-05,0.05333258316073503,14066,3412548.0,3570192
2021,nsubj->advcl,nsubj,advcl,177,5.242196901061974e-05,0.055018768549406856,12748,3217084.0,3376447
2022,nsubj->advcl,nsubj,advcl,129,4.427600494518356e-05,0.04626430113828113,10523,2788327.0,2913542
2023,nsubj->advcl,nsubj,advcl,140,4.571253930870233e-05,0.047501811854823606,11046,2947256.0,3062617
2024,nsubj->advcl,nsubj,advcl,151,4.187581463712249e-05,0.043360091199767976,12862,3482465.0,3605900
2025,nsubj->advcl,nsubj,advcl,181,4.336838665049178e-05,0.04497970570350124,15004,4024037.0,4173547
2026,nsubj->advcl,nsubj,advcl,61,4.3577903002731834e-05,0.04536779897751393,4849,1344566.0,1399792
2019,nsubj->advmod,nsubj,advmod,66,0.0002685678011621661,0.2774613130646443,912,237871.0,245748
2020,nsubj->advmod,nsubj,advmod,1110,0.0003109076486642735,0.3252701500462411,14066,3412548.0,3570192
2021,nsubj->advmod,nsubj,advmod,966,0.00028609955968507725,0.3002719232696442,12748,3217084.0,3376447
2022,nsubj->advmod,nsubj,advmod,826,0.0002835037215869893,0.2962349824823272,10523,2788327.0,2913542
2023,nsubj->advmod,nsubj,advmod,768,0.0002507659299220242,0.260581367889318,11046,2947256.0,3062617
2024,nsubj->advmod,nsubj,advmod,907,0.0002515322110984775,0.26044770012046065,12862,3482465.0,3605900
2025,nsubj->advmod,nsubj,advmod,1102,0.0002640439894411157,0.2738543408025324,15004,4024037.0,4173547
2026,nsubj->advmod,nsubj,advmod,398,0.00028432795729651264,0.2960062949680417,4849,1344566.0,1399792
2020,nsubj->agent,nsubj,agent,1,2.800969807786248e-07,0.0002930361712128298,14066,3412548.0,3570192
2021,nsubj->agent,nsubj,agent,1,2.9616931644417936e-07,0.0003108405002791348,12748,3217084.0,3376447
2023,nsubj->agent,nsubj,agent,2,6.530362758386047e-07,0.0006785973122117658,11046,2947256.0,3062617
2024,nsubj->agent,nsubj,agent,2,5.546465514850662e-07,0.0005743058437055362,12862,3482465.0,3605900
2025,nsubj->agent,nsubj,agent,2,4.792086922706273e-07,0.0004970133226906213,15004,4024037.0,4173547
2026,nsubj->agent,nsubj,agent,1,7.143918525038006e-07,0.0007437344094674415,4849,1344566.0,1399792
2019,nsubj->amod,nsubj,amod,2909,0.011837329296677898,12.22931757128864,912,237871.0,245748
2020,nsubj->amod,nsubj,amod,40878,0.011449804380268625,11.978732606838058,14066,3412548.0,3570192
2021,nsubj->amod,nsubj,amod,38344,0.011356316269735612,11.918868142703143,12748,3217084.0,3376447
2022,nsubj->amod,nsubj,amod,33217,0.011400899660962499,11.91287822411073,10523,2788327.0,2913542
2023,nsubj->amod,nsubj,amod,35120,0.0114673170037259,11.916168802438609,11046,2947256.0,3062617
2024,nsubj->amod,nsubj,amod,42348,0.011744086081144791,12.160351934621023,12862,3482465.0,3605900
2025,nsubj->amod,nsubj,amod,57396,0.013752331050782465,14.263288334575453,15004,4024037.0,4173547
2026,nsubj->amod,nsubj,amod,21482,0.015346565775486643,15.97690258417958,4849,1344566.0,1399792
2019,nsubj->appos,nsubj,appos,588,0.002392694955808389,2.471928061848649,912,237871.0,245748
2020,nsubj->appos,nsubj,appos,8948,0.0025063077840071345,2.6220876600124012,14066,3412548.0,3570192
2021,nsubj->appos,nsubj,appos,8154,0.0024149646062858383,2.534593439276065,12748,3217084.0,3376447
2022,nsubj->appos,nsubj,appos,7023,0.0024104680831784817,2.5187146270864216,10523,2788327.0,2913542
2023,nsubj->appos,nsubj,appos,7933,0.0025902683881138255,2.691656238887969,11046,2947256.0,3062617
2024,nsubj->appos,nsubj,appos,9269,0.002570509442857539,2.661620432653307,12862,3482465.0,3605900
2025,nsubj->appos,nsubj,appos,12065,0.0028908264361225595,2.9982328691311735,15004,4024037.0,4173547
2026,nsubj->appos,nsubj,appos,4150,0.0029647261878907724,3.0864977992898823,4849,1344566.0,1399792
2019,nsubj->attr,nsubj,attr,1,4.069209108517669e-06,0.0042039592888582465,912,237871.0,245748
2020,nsubj->attr,nsubj,attr,4,1.1203879231144992e-06,0.0011721446848513193,14066,3412548.0,3570192
2021,nsubj->attr,nsubj,attr,3,8.88507949332538e-07,0.0009325215008374043,12748,3217084.0,3376447
2022,nsubj->attr,nsubj,attr,2,6.864496890726133e-07,0.0007172759866400175,10523,2788327.0,2913542
2023,nsubj->attr,nsubj,attr,8,2.6121451033544187e-06,0.0027143892488470634,11046,2947256.0,3062617
2024,nsubj->attr,nsubj,attr,5,1.3866163787126653e-06,0.0014357646092638403,12862,3482465.0,3605900
2025,nsubj->attr,nsubj,attr,12,2.875252153623764e-06,0.0029820799361437284,15004,4024037.0,4173547
2026,nsubj->attr,nsubj,attr,1,7.143918525038006e-07,0.0007437344094674415,4849,1344566.0,1399792
2019,nsubj->aux,nsubj,aux,4,1.6276836434070675e-05,0.016815837155432986,912,237871.0,245748
2020,nsubj->aux,nsubj,aux,21,5.8820365963511205e-06,0.006153759595469426,14066,3412548.0,3570192
2021,nsubj->aux,nsubj,aux,35,1.0365926075546277e-05,0.010879417509769718,12748,3217084.0,3376447
2022,nsubj->aux,nsubj,aux,25,8.580621113407667e-06,0.00896594983300022,10523,2788327.0,2913542
2023,nsubj->aux,nsubj,aux,23,7.509917172143954e-06,0.007803869090435307,11046,2947256.0,3062617
2024,nsubj->aux,nsubj,aux,24,6.6557586178207936e-06,0.006891670124466434,12862,3482465.0,3605900
2025,nsubj->aux,nsubj,aux,24,5.750504307247528e-06,0.005964159872287457,15004,4024037.0,4173547
2026,nsubj->aux,nsubj,aux,13,9.287094082549407e-06,0.00966854732307674,4849,1344566.0,1399792
2020,nsubj->auxpass,nsubj,auxpass,2,5.601939615572496e-07,0.0005860723424256596,14066,3412548.0,3570192
2021,nsubj->auxpass,nsubj,auxpass,2,5.923386328883587e-07,0.0006216810005582696,12748,3217084.0,3376447
2022,nsubj->auxpass,nsubj,auxpass,2,6.864496890726133e-07,0.0007172759866400175,10523,2788327.0,2913542
2023,nsubj->auxpass,nsubj,auxpass,1,3.2651813791930233e-07,0.0003392986561058829,11046,2947256.0,3062617
2024,nsubj->auxpass,nsubj,auxpass,2,5.546465514850662e-07,0.0005743058437055362,12862,3482465.0,3605900
2025,nsubj->auxpass,nsubj,auxpass,1,2.3960434613531366e-07,0.00024850666134531066,15004,4024037.0,4173547
2026,nsubj->auxpass,nsubj,auxpass,1,7.143918525038006e-07,0.0007437344094674415,4849,1344566.0,1399792
2019,nsubj->case,nsubj,case,1,4.069209108517669e-06,0.0042039592888582465,912,237871.0,245748
2020,nsubj->case,nsubj,case,5,1.400484903893124e-06,0.0014651808560641492,14066,3412548.0,3570192
2021,nsubj->case,nsubj,case,5,1.4808465822208967e-06,0.0015542025013956739,12748,3217084.0,3376447
2022,nsubj->case,nsubj,case,4,1.3728993781452266e-06,0.001434551973280035,10523,2788327.0,2913542
2023,nsubj->case,nsubj,case,1,3.2651813791930233e-07,0.0003392986561058829,11046,2947256.0,3062617
2024,nsubj->case,nsubj,case,2,5.546465514850662e-07,0.0005743058437055362,12862,3482465.0,3605900
2025,nsubj->case,nsubj,case,3,7.18813038405941e-07,0.0007455199840359321,15004,4024037.0,4173547
2026,nsubj->case,nsubj,case,1,7.143918525038006e-07,0.0007437344094674415,4849,1344566.0,1399792
2019,nsubj->cc,nsubj,cc,407,0.001656168107166691,1.7110114305653064,912,237871.0,245748
2020,nsubj->cc,nsubj,cc,6230,0.0017450041902508325,1.82561534665593,14066,3412548.0,3570192
2021,nsubj->cc,nsubj,cc,6014,0.0017811622690952946,1.8693947686787165,12748,3217084.0,3376447
2022,nsubj->cc,nsubj,cc,5038,0.0017291667667739129,1.806818210346204,10523,2788327.0,2913542
2023,nsubj->cc,nsubj,cc,5389,0.0017596062452471203,1.8284804577546028,11046,2947256.0,3062617
2024,nsubj->cc,nsubj,cc,6140,0.001702764913059153,1.763118940175996,12862,3482465.0,3605900
2025,nsubj->cc,nsubj,cc,7510,0.0017994286394762058,1.8662850267032833,15004,4024037.0,4173547
2026,nsubj->cc,nsubj,cc,2515,0.0017966955090470585,1.8704920398106153,4849,1344566.0,1399792
2019,nsubj->ccomp,nsubj,ccomp,2,8.138418217035338e-06,0.008407918577716493,912,237871.0,245748
2020,nsubj->ccomp,nsubj,ccomp,31,8.683006404137369e-06,0.009084121307597726,14066,3412548.0,3570192
2021,nsubj->ccomp,nsubj,ccomp,27,7.996571543992842e-06,0.00839269350753664,12748,3217084.0,3376447
2022,nsubj->ccomp,nsubj,ccomp,26,8.923845957943974e-06,0.009324587826320226,10523,2788327.0,2913542
2023,nsubj->ccomp,nsubj,ccomp,23,7.509917172143954e-06,0.007803869090435307,11046,2947256.0,3062617
2024,nsubj->ccomp,nsubj,ccomp,32,8.874344823761059e-06,0.00918889349928858,12862,3482465.0,3605900
2025,nsubj->ccomp,nsubj,ccomp,32,7.667339076330037e-06,0.007952213163049941,15004,4024037.0,4173547
2026,nsubj->ccomp,nsubj,ccomp,9,6.429526672534205e-06,0.006693609685206974,4849,1344566.0,1399792
2019,nsubj->compound,nsubj,compound,2102,0.00855347754610414,8.836722425180035,912,237871.0,245748
2020,nsubj->compound,nsubj,compound,29578,0.008284708497470164,8.66742387213308,14066,3412548.0,3570192
2021,nsubj->compound,nsubj,compound,28789,0.008526418451111479,8.94878716253601,12748,3217084.0,3376447
2022,nsubj->compound,nsubj,compound,24739,0.008491039428983691,8.872345316743695,10523,2788327.0,2913542
2023,nsubj->compound,nsubj,compound,26471,0.008643261628861853,8.981574725778827,11046,2947256.0,3062617
2024,nsubj->compound,nsubj,compound,31924,0.008853268254804626,9.167069877227767,12862,3482465.0,3605900
2025,nsubj->compound,nsubj,compound,40995,0.009822580169817184,10.187530581851012,15004,4024037.0,4173547
2026,nsubj->compound,nsubj,compound,14702,0.010502989015510876,10.934383287990325,4849,1344566.0,1399792
2019,nsubj->conj,nsubj,conj,480,0.001953220372088481,2.017900458651958,912,237871.0,245748
2020,nsubj->conj,nsubj,conj,7221,0.0020225802982024497,2.116014192327844,14066,3412548.0,3570192
2021,nsubj->conj,nsubj,conj,6769,0.00200477010301065,2.104079346389463,12748,3217084.0,3376447
2022,nsubj->conj,nsubj,conj,5744,0.0019714835070165455,2.06001663363013,10523,2788327.0,2913542
2023,nsubj->conj,nsubj,conj,6071,0.0019822916153080846,2.0598821412188153,11046,2947256.0,3062617
2024,nsubj->conj,nsubj,conj,6992,0.0019390443439917912,2.0077732295945543,12862,3482465.0,3605900
2025,nsubj->conj,nsubj,conj,8604,0.002061555794148239,2.1381513142150532,15004,4024037.0,4173547
2026,nsubj->conj,nsubj,conj,2895,0.0020681644129985025,2.1531111154082434,4849,1344566.0,1399792
2020,nsubj->csubj,nsubj,csubj,5,1.400484903893124e-06,0.0014651808560641492,14066,3412548.0,3570192
2021,nsubj->csubj,nsubj,csubj,5,1.4808465822208967e-06,0.0015542025013956739,12748,3217084.0,3376447
2022,nsubj->csubj,nsubj,csubj,5,1.7161242226815333e-06,0.0017931899666000436,10523,2788327.0,2913542
2023,nsubj->csubj,nsubj,csubj,5,1.6325906895965118e-06,0.0016964932805294145,11046,2947256.0,3062617
2024,nsubj->csubj,nsubj,csubj,9,2.4959094816827976e-06,0.0025843762966749127,12862,3482465.0,3605900
2025,nsubj->csubj,nsubj,csubj,10,2.396043461353137e-06,0.0024850666134531066,15004,4024037.0,4173547
2026,nsubj->csubj,nsubj,csubj,7,5.000742967526604e-06,0.00520614086627209,4849,1344566.0,1399792
2020,nsubj->dative,nsubj,dative,3,8.402909423358744e-07,0.0008791085136384895,14066,3412548.0,3570192
2022,nsubj->dative,nsubj,dative,1,3.4322484453630666e-07,0.00035863799332000874,10523,2788327.0,2913542
2023,nsubj->dative,nsubj,dative,1,3.2651813791930233e-07,0.0003392986561058829,11046,2947256.0,3062617
2024,nsubj->dative,nsubj,dative,2,5.546465514850662e-07,0.0005743058437055362,12862,3482465.0,3605900
2025,nsubj->dative,nsubj,dative,3,7.18813038405941e-07,0.0007455199840359321,15004,4024037.0,4173547
2026,nsubj->dative,nsubj,dative,1,7.143918525038006e-07,0.0007437344094674415,4849,1344566.0,1399792
2019,nsubj->dep,nsubj,dep,5,2.034604554258834e-05,0.021019796444291236,912,237871.0,245748
2020,nsubj->dep,nsubj,dep,134,3.7532995424335725e-05,0.039266846942519196,14066,3412548.0,3570192
2021,nsubj->dep,nsubj,dep,132,3.909434977063167e-05,0.04103094603684579,12748,3217084.0,3376447
2022,nsubj->dep,nsubj,dep,106,3.638183352084851e-05,0.03801562729192092,10523,2788327.0,2913542
2023,nsubj->dep,nsubj,dep,129,4.2120839791590004e-05,0.043769526637658894,11046,2947256.0,3062617
2024,nsubj->dep,nsubj,dep,145,4.021187498266729e-05,0.04163717366865138,12862,3482465.0,3605900
2025,nsubj->dep,nsubj,dep,157,3.761788234324425e-05,0.03901554583121378,15004,4024037.0,4173547
2026,nsubj->dep,nsubj,dep,68,4.857864597025844e-05,0.050573939843786025,4849,1344566.0,1399792
2019,nsubj->det,nsubj,det,2334,0.009497534059280239,9.812040980195148,912,237871.0,245748
2020,nsubj->det,nsubj,det,40489,0.011340846654745738,11.864741536236266,14066,3412548.0,3570192
2021,nsubj->det,nsubj,det,34221,0.010135210178036261,10.637272760052271,12748,3217084.0,3376447
2022,nsubj->det,nsubj,det,28902,0.009919884456788335,10.365355282934893,10523,2788327.0,2913542
2023,nsubj->det,nsubj,det,30981,0.010115858430877906,10.511811664816358,11046,2947256.0,3062617
2024,nsubj->det,nsubj,det,36879,0.010227405086108877,10.589912605008234,12862,3482465.0,3605900
2025,nsubj->det,nsubj,det,41481,0.009939027882038947,10.308304819264832,15004,4024037.0,4173547
2026,nsubj->det,nsubj,det,13311,0.00950926994867809,9.899848724421114,4849,1344566.0,1399792
2019,nsubj->dobj,nsubj,dobj,38,0.0001546299461236714,0.15975045297661336,912,237871.0,245748
2020,nsubj->dobj,nsubj,dobj,518,0.00014509023604332763,0.15179273668824583,14066,3412548.0,3570192
2021,nsubj->dobj,nsubj,dobj,484,0.0001433459491589828,0.15044680213510123,12748,3217084.0,3376447
2022,nsubj->dobj,nsubj,dobj,459,0.00015754020364216475,0.164614838933884,10523,2788327.0,2913542
2023,nsubj->dobj,nsubj,dobj,473,0.00015444307923583,0.1604882643380826,11046,2947256.0,3062617
2024,nsubj->dobj,nsubj,dobj,532,0.00014753598269502758,0.1527653544256726,12862,3482465.0,3605900
2025,nsubj->dobj,nsubj,dobj,670,0.00016053491191066018,0.16649946310135816,15004,4024037.0,4173547
2026,nsubj->dobj,nsubj,dobj,283,0.00020217289425857556,0.21047683787928598,4849,1344566.0,1399792
2019,nsubj->intj,nsubj,intj,1,4.069209108517669e-06,0.0042039592888582465,912,237871.0,245748
2020,nsubj->intj,nsubj,intj,29,8.12281244258012e-06,0.008498048965172065,14066,3412548.0,3570192
2021,nsubj->intj,nsubj,intj,31,9.18124880976956e-06,0.009636055508653178,12748,3217084.0,3376447
2022,nsubj->intj,nsubj,intj,30,1.02967453360892e-05,0.010759139799600262,10523,2788327.0,2913542
2023,nsubj->intj,nsubj,intj,32,1.0448580413417675e-05,0.010857556995388254,11046,2947256.0,3062617
2024,nsubj->intj,nsubj,intj,40,1.1092931029701322e-05,0.011486116874110722,12862,3482465.0,3605900
2025,nsubj->intj,nsubj,intj,55,1.3178239037442253e-05,0.013667866373992088,15004,4024037.0,4173547
2026,nsubj->intj,nsubj,intj,14,1.0001485935053207e-05,0.01041228173254418,4849,1344566.0,1399792
2019,nsubj->mark,nsubj,mark,1,4.069209108517669e-06,0.0042039592888582465,912,237871.0,245748
2020,nsubj->mark,nsubj,mark,62,1.7366012808274738e-05,0.01816824261519545,14066,3412548.0,3570192
2021,nsubj->mark,nsubj,mark,42,1.2439111290655532e-05,0.01305530101172366,12748,3217084.0,3376447
2022,nsubj->mark,nsubj,mark,49,1.6818017382279027e-05,0.01757326167268043,10523,2788327.0,2913542
2023,nsubj->mark,nsubj,mark,41,1.3387243654691396e-05,0.013911244900341199,11046,2947256.0,3062617
2024,nsubj->mark,nsubj,mark,45,1.2479547408413988e-05,0.012921881483374564,12862,3482465.0,3605900
2025,nsubj->mark,nsubj,mark,71,1.701190857560727e-05,0.017643972955517062,15004,4024037.0,4173547
2026,nsubj->mark,nsubj,mark,28,2.0002971870106415e-05,0.02082456346508836,4849,1344566.0,1399792
2019,nsubj->meta,nsubj,meta,5,2.034604554258834e-05,0.021019796444291236,912,237871.0,245748
2020,nsubj->meta,nsubj,meta,100,2.800969807786248e-05,0.029303617121282984,14066,3412548.0,3570192
2021,nsubj->meta,nsubj,meta,75,2.221269873331345e-05,0.02331303752093511,12748,3217084.0,3376447
2022,nsubj->meta,nsubj,meta,55,1.8877366449496868e-05,0.01972508963260048,10523,2788327.0,2913542
2023,nsubj->meta,nsubj,meta,58,1.8938051999319537e-05,0.019679322054141208,11046,2947256.0,3062617
2024,nsubj->meta,nsubj,meta,54,1.4975456890096786e-05,0.015506257780049477,12862,3482465.0,3605900
2025,nsubj->meta,nsubj,meta,74,1.773072161401321e-05,0.01838949293955299,15004,4024037.0,4173547
2026,nsubj->meta,nsubj,meta,29,2.0717363722610216e-05,0.021568297874555806,4849,1344566.0,1399792
2019,nsubj->neg,nsubj,neg,6,2.441525465110601e-05,0.02522375573314948,912,237871.0,245748
2020,nsubj->neg,nsubj,neg,47,1.3164558096595366e-05,0.013772700047003001,14066,3412548.0,3570192
2021,nsubj->neg,nsubj,neg,35,1.0365926075546277e-05,0.010879417509769718,12748,3217084.0,3376447
2022,nsubj->neg,nsubj,neg,33,1.132641986969812e-05,0.01183505377956029,10523,2788327.0,2913542
2023,nsubj->neg,nsubj,neg,26,8.489471585901861e-06,0.008821765058752954,11046,2947256.0,3062617
2024,nsubj->neg,nsubj,neg,35,9.706314650988658e-06,0.010050352264846883,12862,3482465.0,3605900
2025,nsubj->neg,nsubj,neg,46,1.1021799922224429e-05,0.011431306421884292,15004,4024037.0,4173547
2026,nsubj->neg,nsubj,neg,18,1.285905334506841e-05,0.013387219370413948,4849,1344566.0,1399792
2019,nsubj->nmod,nsubj,nmod,316,0.0012858700782915832,1.328451135279206,912,237871.0,245748
2020,nsubj->nmod,nsubj,nmod,4756,0.0013321412405831396,1.3936800302882186,14066,3412548.0,3570192
2021,nsubj->nmod,nsubj,nmod,4941,0.00146337259255069,1.535862911879205,12748,3217084.0,3376447
2022,nsubj->nmod,nsubj,nmod,4100,0.0014072218625988573,1.470415772612036,10523,2788327.0,2913542
2023,nsubj->nmod,nsubj,nmod,4416,0.0014419040970516392,1.4983428653635789,11046,2947256.0,3062617
2024,nsubj->nmod,nsubj,nmod,5234,0.001451510025236418,1.5029583929773882,12862,3482465.0,3605900
2025,nsubj->nmod,nsubj,nmod,6547,0.0015686896541478987,1.6269731118277493,15004,4024037.0,4173547
2026,nsubj->nmod,nsubj,nmod,2374,0.0016959662578440225,1.7656254880757063,4849,1344566.0,1399792
2019,nsubj->npadvmod,nsubj,npadvmod,16,6.51073457362827e-05,0.06726334862173194,912,237871.0,245748
2020,nsubj->npadvmod,nsubj,npadvmod,258,7.22650210408852e-05,0.0756033321729101,14066,3412548.0,3570192
2021,nsubj->npadvmod,nsubj,npadvmod,229,6.782277346571707e-05,0.07118247456392186,12748,3217084.0,3376447
2022,nsubj->npadvmod,nsubj,npadvmod,206,7.070431797447918e-05,0.0738794266239218,10523,2788327.0,2913542
2023,nsubj->npadvmod,nsubj,npadvmod,206,6.726273641137629e-05,0.06989552315781188,11046,2947256.0,3062617
2024,nsubj->npadvmod,nsubj,npadvmod,264,7.321334479602873e-05,0.07580837136913078,12862,3482465.0,3605900
2025,nsubj->npadvmod,nsubj,npadvmod,297,7.116249080218816e-05,0.07380647841955727,15004,4024037.0,4173547
2026,nsubj->npadvmod,nsubj,npadvmod,111,7.929749562792187e-05,0.08255451945088602,4849,1344566.0,1399792
2019,nsubj->nsubj,nsubj,nsubj,31,0.00012614548236404772,0.13032273795460564,912,237871.0,245748
2020,nsubj->nsubj,nsubj,nsubj,498,0.00013948829642775515,0.14593201326398925,14066,3412548.0,3570192
2021,nsubj->nsubj,nsubj,nsubj,462,0.00013683022419721085,0.14360831112896025,12748,3217084.0,3376447
2022,nsubj->nsubj,nsubj,nsubj,411,0.00014106541110442205,0.1474002152545236,10523,2788327.0,2913542
2023,nsubj->nsubj,nsubj,nsubj,404,0.00013191332771939814,0.13707665706677669,11046,2947256.0,3062617
2024,nsubj->nsubj,nsubj,nsubj,495,0.00013727502149255387,0.1421406963171202,12862,3482465.0,3605900
2025,nsubj->nsubj,nsubj,nsubj,564,0.00013513685122031692,0.14015775699875524,15004,4024037.0,4173547
2026,nsubj->nsubj,nsubj,nsubj,214,0.00015287985643581332,0.15915916362603247,4849,1344566.0,1399792
2020,nsubj->nsubjpass,nsubj,nsubjpass,2,5.601939615572496e-07,0.0005860723424256596,14066,3412548.0,3570192
2021,nsubj->nsubjpass,nsubj,nsubjpass,3,8.88507949332538e-07,0.0009325215008374043,12748,3217084.0,3376447
2022,nsubj->nsubjpass,nsubj,nsubjpass,1,3.4322484453630666e-07,0.00035863799332000874,10523,2788327.0,2913542
2023,nsubj->nsubjpass,nsubj,nsubjpass,1,3.2651813791930233e-07,0.0003392986561058829,11046,2947256.0,3062617
2024,nsubj->nsubjpass,nsubj,nsubjpass,1,2.773232757425331e-07,0.0002871529218527681,12862,3482465.0,3605900
2025,nsubj->nsubjpass,nsubj,nsubjpass,2,4.792086922706273e-07,0.0004970133226906213,15004,4024037.0,4173547
2026,nsubj->nsubjpass,nsubj,nsubjpass,1,7.143918525038006e-07,0.0007437344094674415,4849,1344566.0,1399792
2019,nsubj->nummod,nsubj,nummod,381,0.0015503686703452317,1.601708489054992,912,237871.0,245748
2020,nsubj->nummod,nsubj,nummod,7537,0.002111090944128495,2.2086136224310984,14066,3412548.0,3570192
2021,nsubj->nummod,nsubj,nummod,6564,0.0019440553931395932,2.0403570438322407,12748,3217084.0,3376447
2022,nsubj->nummod,nsubj,nummod,5440,0.0018671431542775082,1.9509906836608475,10523,2788327.0,2913542
2023,nsubj->nummod,nsubj,nummod,5328,0.0017396886388340428,1.807783239732144,11046,2947256.0,3062617
2024,nsubj->nummod,nsubj,nummod,6327,0.0017546243656230067,1.8168165365624638,12862,3482465.0,3605900
2025,nsubj->nummod,nsubj,nummod,7524,0.0018027831003221,1.8697641199621176,15004,4024037.0,4173547
2026,nsubj->nummod,nsubj,nummod,2597,0.0018552756409523702,1.9314782613869457,4849,1344566.0,1399792
2020,nsubj->oprd,nsubj,oprd,1,2.800969807786248e-07,0.0002930361712128298,14066,3412548.0,3570192
2021,nsubj->oprd,nsubj,oprd,1,2.9616931644417936e-07,0.0003108405002791348,12748,3217084.0,3376447
2024,nsubj->oprd,nsubj,oprd,1,2.773232757425331e-07,0.0002871529218527681,12862,3482465.0,3605900
2025,nsubj->oprd,nsubj,oprd,1,2.3960434613531366e-07,0.00024850666134531066,15004,4024037.0,4173547
2019,nsubj->parataxis,nsubj,parataxis,2,8.138418217035338e-06,0.008407918577716493,912,237871.0,245748
2020,nsubj->parataxis,nsubj,parataxis,58,1.624562488516024e-05,0.01699609793034413,14066,3412548.0,3570192
2021,nsubj->parataxis,nsubj,parataxis,68,2.0139513518204194e-05,0.021137154018981162,12748,3217084.0,3376447
2022,nsubj->parataxis,nsubj,parataxis,66,2.265283973939624e-05,0.02367010755912058,10523,2788327.0,2913542
2023,nsubj->parataxis,nsubj,parataxis,77,2.5141896619786282e-05,0.026125996520152985,11046,2947256.0,3062617
2024,nsubj->parataxis,nsubj,parataxis,80,2.2185862059402644e-05,0.022972233748221445,12862,3482465.0,3605900
2025,nsubj->parataxis,nsubj,parataxis,110,2.6356478074884506e-05,0.027335732747984176,15004,4024037.0,4173547
2026,nsubj->parataxis,nsubj,parataxis,47,3.357641706767863e-05,0.03495551724496975,4849,1344566.0,1399792
2020,nsubj->pcomp,nsubj,pcomp,1,2.800969807786248e-07,0.0002930361712128298,14066,3412548.0,3570192
2024,nsubj->pcomp,nsubj,pcomp,2,5.546465514850662e-07,0.0005743058437055362,12862,3482465.0,3605900
2025,nsubj->pcomp,nsubj,pcomp,2,4.792086922706273e-07,0.0004970133226906213,15004,4024037.0,4173547
2026,nsubj->pcomp,nsubj,pcomp,2,1.4287837050076011e-06,0.001487468818934883,4849,1344566.0,1399792
2019,nsubj->pobj,nsubj,pobj,2,8.138418217035338e-06,0.008407918577716493,912,237871.0,245748
2020,nsubj->pobj,nsubj,pobj,44,1.232426715425949e-05,0.012893591533364512,14066,3412548.0,3570192
2021,nsubj->pobj,nsubj,pobj,50,1.4808465822208968e-05,0.015542025013956738,12748,3217084.0,3376447
2022,nsubj->pobj,nsubj,pobj,37,1.2699319247843347e-05,0.013269605752840323,10523,2788327.0,2913542
2023,nsubj->pobj,nsubj,pobj,44,1.4366798068449304e-05,0.014929140868658847,11046,2947256.0,3062617
2024,nsubj->pobj,nsubj,pobj,43,1.1924900856928921e-05,0.012347575639669027,12862,3482465.0,3605900
2025,nsubj->pobj,nsubj,pobj,56,1.3417843383577566e-05,0.013916373035337399,15004,4024037.0,4173547
2026,nsubj->pobj,nsubj,pobj,19,1.3573445197572211e-05,0.014130953779881389,4849,1344566.0,1399792
2019,nsubj->poss,nsubj,poss,258,0.0010498559499975584,1.0846214965254275,912,237871.0,245748
2020,nsubj->poss,nsubj,poss,4226,0.0011836898407704684,1.2383708595454188,14066,3412548.0,3570192
2021,nsubj->poss,nsubj,poss,4122,0.0012208099223829072,1.2812845421505934,12748,3217084.0,3376447
2022,nsubj->poss,nsubj,poss,3175,0.0010897388814027737,1.1386756287910278,10523,2788327.0,2913542
2023,nsubj->poss,nsubj,poss,3655,0.00119342379409505,1.2401365880670019,11046,2947256.0,3062617
2024,nsubj->poss,nsubj,poss,4650,0.0012895532322027788,1.3352610866153718,12862,3482465.0,3605900
2025,nsubj->poss,nsubj,poss,5017,0.0012020950045608686,1.2467579199694239,15004,4024037.0,4173547
2026,nsubj->poss,nsubj,poss,1458,0.0010415833209505413,1.0843647690035296,4849,1344566.0,1399792
2019,nsubj->preconj,nsubj,preconj,9,3.662288197665902e-05,0.03783563359972422,912,237871.0,245748
2020,nsubj->preconj,nsubj,preconj,109,3.0530570904870105e-05,0.03194094266219845,14066,3412548.0,3570192
2021,nsubj->preconj,nsubj,preconj,125,3.702116455552242e-05,0.03885506253489185,12748,3217084.0,3376447
2022,nsubj->preconj,nsubj,preconj,87,2.986056147465868e-05,0.03120150541884076,10523,2788327.0,2913542
2023,nsubj->preconj,nsubj,preconj,113,3.6896549584881165e-05,0.03834074813996477,11046,2947256.0,3062617
2024,nsubj->preconj,nsubj,preconj,104,2.884162067722344e-05,0.02986390387268788,12862,3482465.0,3605900
2025,nsubj->preconj,nsubj,preconj,133,3.186737803599672e-05,0.03305138595892632,15004,4024037.0,4173547
2026,nsubj->preconj,nsubj,preconj,32,2.2860539280121618e-05,0.02379950110295813,4849,1344566.0,1399792
2019,nsubj->predet,nsubj,predet,10,4.069209108517668e-05,0.04203959288858247,912,237871.0,245748
2020,nsubj->predet,nsubj,predet,152,4.257474107835097e-05,0.04454149802435013,14066,3412548.0,3570192
2021,nsubj->predet,nsubj,predet,118,3.4947979340413164e-05,0.0366791790329379,12748,3217084.0,3376447
2022,nsubj->predet,nsubj,predet,81,2.780121240744084e-05,0.029049677458920706,10523,2788327.0,2913542
2023,nsubj->predet,nsubj,predet,76,2.4815378481866977e-05,0.025786697864047102,11046,2947256.0,3062617
2024,nsubj->predet,nsubj,predet,87,2.4127124989600377e-05,0.024982304201190825,12862,3482465.0,3605900
2025,nsubj->predet,nsubj,predet,71,1.701190857560727e-05,0.017643972955517062,15004,4024037.0,4173547
2026,nsubj->predet,nsubj,predet,8,5.7151348200304045e-06,0.005949875275739532,4849,1344566.0,1399792
2019,nsubj->prep,nsubj,prep,2345,0.009542295359473933,9.858284532372588,912,237871.0,245748
2020,nsubj->prep,nsubj,prep,36475,0.010216537373900339,10.68849434498797,14066,3412548.0,3570192
2021,nsubj->prep,nsubj,prep,32849,0.009728865875874846,10.210799593669297,12748,3217084.0,3376447
2022,nsubj->prep,nsubj,prep,27398,0.00940367429060573,9.8259637409816,10523,2788327.0,2913542
2023,nsubj->prep,nsubj,prep,27577,0.0090043906894006,9.356839039431932,11046,2947256.0,3062617
2024,nsubj->prep,nsubj,prep,30433,0.008439779250672508,8.73892487074529,12862,3482465.0,3605900
2025,nsubj->prep,nsubj,prep,32460,0.007777557075552282,8.066526227268785,15004,4024037.0,4173547
2026,nsubj->prep,nsubj,prep,10269,0.007336089933361528,7.637408650821158,4849,1344566.0,1399792
2019,nsubj->prt,nsubj,prt,3,1.2207627325553006e-05,0.01261187786657474,912,237871.0,245748
2020,nsubj->prt,nsubj,prt,16,4.481551692457997e-06,0.004688578739405277,14066,3412548.0,3570192
2021,nsubj->prt,nsubj,prt,16,4.73870906310687e-06,0.004973448004466157,12748,3217084.0,3376447
2022,nsubj->prt,nsubj,prt,11,3.7754732898993733e-06,0.003945017926520096,10523,2788327.0,2913542
2023,nsubj->prt,nsubj,prt,14,4.5712539308702325e-06,0.00475018118548236,11046,2947256.0,3062617
2024,nsubj->prt,nsubj,prt,10,2.7732327574253305e-06,0.0028715292185276806,12862,3482465.0,3605900
2025,nsubj->prt,nsubj,prt,6,1.437626076811882e-06,0.0014910399680718642,15004,4024037.0,4173547
2026,nsubj->prt,nsubj,prt,1,7.143918525038006e-07,0.0007437344094674415,4849,1344566.0,1399792
2019,nsubj->quantmod,nsubj,quantmod,6,2.441525465110601e-05,0.02522375573314948,912,237871.0,245748
2020,nsubj->quantmod,nsubj,quantmod,131,3.669270448199985e-05,0.038387738428880706,14066,3412548.0,3570192
2021,nsubj->quantmod,nsubj,quantmod,119,3.524414865685734e-05,0.03699001953321704,12748,3217084.0,3376447
2022,nsubj->quantmod,nsubj,quantmod,118,4.0500531655284184e-05,0.04231928321176103,10523,2788327.0,2913542
2023,nsubj->quantmod,nsubj,quantmod,87,2.8407077998979306e-05,0.02951898308121181,11046,2947256.0,3062617
2024,nsubj->quantmod,nsubj,quantmod,124,3.43880861920741e-05,0.035606962309743244,12862,3482465.0,3605900
2025,nsubj->quantmod,nsubj,quantmod,133,3.186737803599672e-05,0.03305138595892632,15004,4024037.0,4173547
2026,nsubj->quantmod,nsubj,quantmod,52,3.7148376330197627e-05,0.03867418929230696,4849,1344566.0,1399792
2019,nsubj->relcl,nsubj,relcl,126,0.0005127203476732262,0.529698870396139,912,237871.0,245748
2020,nsubj->relcl,nsubj,relcl,1739,0.0004870886495740285,0.5095899017391111,14066,3412548.0,3570192
2021,nsubj->relcl,nsubj,relcl,1659,0.0004913448959808935,0.5156843899630846,12748,3217084.0,3376447
2022,nsubj->relcl,nsubj,relcl,1344,0.00046129419105679615,0.48200946302209174,10523,2788327.0,2913542
2023,nsubj->relcl,nsubj,relcl,1274,0.00041598410770919117,0.4322664878788948,11046,2947256.0,3062617
2024,nsubj->relcl,nsubj,relcl,1449,0.00040184142655093043,0.41608458376466095,12862,3482465.0,3605900
2025,nsubj->relcl,nsubj,relcl,1448,0.0003469470932039342,0.3598376456280099,15004,4024037.0,4173547
2026,nsubj->relcl,nsubj,relcl,461,0.0003293346440042521,0.3428615627644906,4849,1344566.0,1399792
2019,nsubj->xcomp,nsubj,xcomp,5,2.034604554258834e-05,0.021019796444291236,912,237871.0,245748
2020,nsubj->xcomp,nsubj,xcomp,31,8.683006404137369e-06,0.009084121307597726,14066,3412548.0,3570192
2021,nsubj->xcomp,nsubj,xcomp,36,1.0662095391990457e-05,0.011190258010048852,12748,3217084.0,3376447
2022,nsubj->xcomp,nsubj,xcomp,30,1.02967453360892e-05,0.010759139799600262,10523,2788327.0,2913542
2023,nsubj->xcomp,nsubj,xcomp,28,9.142507861740465e-06,0.00950036237096472,11046,2947256.0,3062617
2024,nsubj->xcomp,nsubj,xcomp,32,8.874344823761059e-06,0.00918889349928858,12862,3482465.0,3605900
2025,nsubj->xcomp,nsubj,xcomp,50,1.1980217306765685e-05,0.012425333067265534,15004,4024037.0,4173547
2026,nsubj->xcomp,nsubj,xcomp,23,1.6431012607587414e-05,0.017105891417751155,4849,1344566.0,1399792
2019,nsubjpass->acl,nsubjpass,acl,171,0.0006958347575565213,0.7188770383947601,912,237871.0,245748
2020,nsubjpass->acl,nsubjpass,acl,2013,0.0005638352223073717,0.5898818126514264,14066,3412548.0,3570192
2021,nsubjpass->acl,nsubjpass,acl,1832,0.0005425821877257365,0.5694597965113749,12748,3217084.0,3376447
2022,nsubjpass->acl,nsubjpass,acl,1721,0.0005906899574469838,0.617215986503735,10523,2788327.0,2913542
2023,nsubjpass->acl,nsubjpass,acl,1748,0.0005707537050829405,0.5930940508730833,11046,2947256.0,3062617
2024,nsubjpass->acl,nsubjpass,acl,2015,0.0005588064006212041,0.5786131375333277,12862,3482465.0,3605900
2025,nsubjpass->acl,nsubjpass,acl,2047,0.0004904700965389871,0.508693135773851,15004,4024037.0,4173547
2026,nsubjpass->acl,nsubjpass,acl,675,0.0004822145004400654,0.5020207263905231,4849,1344566.0,1399792
2020,nsubjpass->acomp,nsubjpass,acomp,4,1.1203879231144992e-06,0.0011721446848513193,14066,3412548.0,3570192
2021,nsubjpass->acomp,nsubjpass,acomp,9,2.665523847997614e-06,0.002797564502512213,12748,3217084.0,3376447
2022,nsubjpass->acomp,nsubjpass,acomp,8,2.7457987562904533e-06,0.00286910394656007,10523,2788327.0,2913542
2023,nsubjpass->acomp,nsubjpass,acomp,8,2.6121451033544187e-06,0.0027143892488470634,11046,2947256.0,3062617
2024,nsubjpass->acomp,nsubjpass,acomp,2,5.546465514850662e-07,0.0005743058437055362,12862,3482465.0,3605900
2025,nsubjpass->acomp,nsubjpass,acomp,7,1.6772304229471957e-06,0.0017395466294171749,15004,4024037.0,4173547
2026,nsubjpass->acomp,nsubjpass,acomp,3,2.143175557511402e-06,0.0022312032284023246,4849,1344566.0,1399792
2019,nsubjpass->advcl,nsubjpass,advcl,5,2.034604554258834e-05,0.021019796444291236,912,237871.0,245748
2020,nsubjpass->advcl,nsubjpass,advcl,83,2.324804940462586e-05,0.024322002210664877,14066,3412548.0,3570192
2021,nsubjpass->advcl,nsubjpass,advcl,90,2.665523847997614e-05,0.02797564502512213,12748,3217084.0,3376447
2022,nsubjpass->advcl,nsubjpass,advcl,79,2.7114762718368225e-05,0.02833240147228069,10523,2788327.0,2913542
2023,nsubjpass->advcl,nsubjpass,advcl,97,3.1672259378172326e-05,0.03291196964227064,11046,2947256.0,3062617
2024,nsubjpass->advcl,nsubjpass,advcl,73,2.0244599129204915e-05,0.020962163295252068,12862,3482465.0,3605900
2025,nsubjpass->advcl,nsubjpass,advcl,70,1.677230422947196e-05,0.017395466294171748,15004,4024037.0,4173547
2026,nsubjpass->advcl,nsubjpass,advcl,27,1.9288580017602614e-05,0.020080829055620922,4849,1344566.0,1399792
2019,nsubjpass->advmod,nsubjpass,advmod,30,0.00012207627325553006,0.1261187786657474,912,237871.0,245748
2020,nsubjpass->advmod,nsubjpass,advmod,416,0.00011652034400390791,0.12190304722453721,14066,3412548.0,3570192
2021,nsubjpass->advmod,nsubjpass,advmod,408,0.00012083708110922517,0.126822924113887,12748,3217084.0,3376447
2022,nsubjpass->advmod,nsubjpass,advmod,332,0.00011395064838605381,0.1190678137822429,10523,2788327.0,2913542
2023,nsubjpass->advmod,nsubjpass,advmod,313,0.00010220017716874164,0.10620047936114135,11046,2947256.0,3062617
2024,nsubjpass->advmod,nsubjpass,advmod,410,0.00011370254305443857,0.11773269795963491,12862,3482465.0,3605900
2025,nsubjpass->advmod,nsubjpass,advmod,375,8.985162980074264e-05,0.09318999800449151,15004,4024037.0,4173547
2026,nsubjpass->advmod,nsubjpass,advmod,122,8.715580600546367e-05,0.09073559795502786,4849,1344566.0,1399792
2020,nsubjpass->agent,nsubjpass,agent,1,2.800969807786248e-07,0.0002930361712128298,14066,3412548.0,3570192
2021,nsubjpass->agent,nsubjpass,agent,4,1.1846772657767174e-06,0.0012433620011165392,12748,3217084.0,3376447
2023,nsubjpass->agent,nsubjpass,agent,4,1.3060725516772093e-06,0.0013571946244235317,11046,2947256.0,3062617
2019,nsubjpass->amod,nsubjpass,amod,1657,0.0067426794928137765,6.965960541638115,912,237871.0,245748
2020,nsubjpass->amod,nsubjpass,amod,21902,0.00613468407301344,6.418078221903399,14066,3412548.0,3570192
2021,nsubjpass->amod,nsubjpass,amod,20222,0.005989135917134195,6.285816596644663,12748,3217084.0,3376447
2022,nsubjpass->amod,nsubjpass,amod,18240,0.006260421164342234,6.54155699815696,10523,2788327.0,2913542
2023,nsubjpass->amod,nsubjpass,amod,19597,0.0063987759488045685,6.649235763706987,11046,2947256.0,3062617
2024,nsubjpass->amod,nsubjpass,amod,22580,0.006261959566266397,6.483912975435504,12862,3482465.0,3605900
2025,nsubjpass->amod,nsubjpass,amod,26132,0.006261340773208017,6.4939760742756585,15004,4024037.0,4173547
2026,nsubjpass->amod,nsubjpass,amod,9237,0.0065988375415776054,6.869874740250757,4849,1344566.0,1399792
2019,nsubjpass->appos,nsubjpass,appos,340,0.0013835310968960072,1.4293461582118039,912,237871.0,245748
2020,nsubjpass->appos,nsubjpass,appos,4451,0.001246711661445659,1.3043039980683058,14066,3412548.0,3570192
2021,nsubjpass->appos,nsubjpass,appos,4107,0.0012163673826362446,1.2766219346464065,12748,3217084.0,3376447
2022,nsubjpass->appos,nsubjpass,appos,3614,0.0012404145881542122,1.2961177078585118,10523,2788327.0,2913542
2023,nsubjpass->appos,nsubjpass,appos,4229,0.0013808452052607295,1.4348940166717787,11046,2947256.0,3062617
2024,nsubjpass->appos,nsubjpass,appos,4449,0.0012338112537785297,1.2775433493229653,12862,3482465.0,3605900
2025,nsubjpass->appos,nsubjpass,appos,5725,0.0013717348816246707,1.4227006362019037,15004,4024037.0,4173547
2026,nsubjpass->appos,nsubjpass,appos,1933,0.0013809194508898465,1.4376386135005645,4849,1344566.0,1399792
2020,nsubjpass->attr,nsubjpass,attr,2,5.601939615572496e-07,0.0005860723424256596,14066,3412548.0,3570192
2021,nsubjpass->attr,nsubjpass,attr,5,1.4808465822208967e-06,0.0015542025013956739,12748,3217084.0,3376447
2022,nsubjpass->attr,nsubjpass,attr,4,1.3728993781452266e-06,0.001434551973280035,10523,2788327.0,2913542
2023,nsubjpass->attr,nsubjpass,attr,2,6.530362758386047e-07,0.0006785973122117658,11046,2947256.0,3062617
2024,nsubjpass->attr,nsubjpass,attr,3,8.319698272275992e-07,0.0008614587655583042,12862,3482465.0,3605900
2025,nsubjpass->attr,nsubjpass,attr,3,7.18813038405941e-07,0.0007455199840359321,15004,4024037.0,4173547
2026,nsubjpass->attr,nsubjpass,attr,2,1.4287837050076011e-06,0.001487468818934883,4849,1344566.0,1399792
2019,nsubjpass->aux,nsubjpass,aux,1,4.069209108517669e-06,0.0042039592888582465,912,237871.0,245748
2020,nsubjpass->aux,nsubjpass,aux,15,4.201454711679372e-06,0.004395542568192448,14066,3412548.0,3570192
2021,nsubjpass->aux,nsubjpass,aux,8,2.369354531553435e-06,0.0024867240022330784,12748,3217084.0,3376447
2022,nsubjpass->aux,nsubjpass,aux,11,3.7754732898993733e-06,0.003945017926520096,10523,2788327.0,2913542
2023,nsubjpass->aux,nsubjpass,aux,7,2.2856269654351162e-06,0.00237509059274118,11046,2947256.0,3062617
2024,nsubjpass->aux,nsubjpass,aux,7,1.9412629301977313e-06,0.0020100704529693765,12862,3482465.0,3605900
2025,nsubjpass->aux,nsubjpass,aux,9,2.156439115217823e-06,0.002236559952107796,15004,4024037.0,4173547
2026,nsubjpass->aux,nsubjpass,aux,4,2.8575674100152022e-06,0.002974937637869766,4849,1344566.0,1399792
2020,nsubjpass->auxpass,nsubjpass,auxpass,4,1.1203879231144992e-06,0.0011721446848513193,14066,3412548.0,3570192
2023,nsubjpass->auxpass,nsubjpass,auxpass,2,6.530362758386047e-07,0.0006785973122117658,11046,2947256.0,3062617
2024,nsubjpass->auxpass,nsubjpass,auxpass,1,2.773232757425331e-07,0.0002871529218527681,12862,3482465.0,3605900
2025,nsubjpass->auxpass,nsubjpass,auxpass,1,2.3960434613531366e-07,0.00024850666134531066,15004,4024037.0,4173547
2019,nsubjpass->case,nsubjpass,case,1,4.069209108517669e-06,0.0042039592888582465,912,237871.0,245748
2020,nsubjpass->case,nsubjpass,case,2,5.601939615572496e-07,0.0005860723424256596,14066,3412548.0,3570192
2021,nsubjpass->case,nsubjpass,case,1,2.9616931644417936e-07,0.0003108405002791348,12748,3217084.0,3376447
2022,nsubjpass->case,nsubjpass,case,1,3.4322484453630666e-07,0.00035863799332000874,10523,2788327.0,2913542
2025,nsubjpass->case,nsubjpass,case,3,7.18813038405941e-07,0.0007455199840359321,15004,4024037.0,4173547
2019,nsubjpass->cc,nsubjpass,cc,292,0.0011882090596871593,1.227556112346608,912,237871.0,245748
2020,nsubjpass->cc,nsubjpass,cc,3685,0.0010321573741692324,1.0798382909192779,14066,3412548.0,3570192
2021,nsubjpass->cc,nsubjpass,cc,3369,0.0009977944271004403,1.047221645440405,12748,3217084.0,3376447
2022,nsubjpass->cc,nsubjpass,cc,3109,0.0010670860416633775,1.115005521231907,10523,2788327.0,2913542
2023,nsubjpass->cc,nsubjpass,cc,3292,0.0010748977100303433,1.1169711759005665,11046,2947256.0,3062617
2024,nsubjpass->cc,nsubjpass,cc,3714,0.0010299786461077677,1.0664859517611807,12862,3482465.0,3605900
2025,nsubjpass->cc,nsubjpass,cc,3952,0.0009469163759267597,0.9820983256366679,15004,4024037.0,4173547
2026,nsubjpass->cc,nsubjpass,cc,1349,0.000963714609027627,1.0032977183715786,4849,1344566.0,1399792
2019,nsubjpass->ccomp,nsubjpass,ccomp,1,4.069209108517669e-06,0.0042039592888582465,912,237871.0,245748
2020,nsubjpass->ccomp,nsubjpass,ccomp,9,2.520872827007623e-06,0.0026373255409154685,14066,3412548.0,3570192
2021,nsubjpass->ccomp,nsubjpass,ccomp,14,4.146370430218511e-06,0.0043517670039078865,12748,3217084.0,3376447
2022,nsubjpass->ccomp,nsubjpass,ccomp,11,3.7754732898993733e-06,0.003945017926520096,10523,2788327.0,2913542
2023,nsubjpass->ccomp,nsubjpass,ccomp,12,3.9182176550316284e-06,0.004071583873270594,11046,2947256.0,3062617
2024,nsubjpass->ccomp,nsubjpass,ccomp,9,2.4959094816827976e-06,0.0025843762966749127,12862,3482465.0,3605900
2025,nsubjpass->ccomp,nsubjpass,ccomp,12,2.875252153623764e-06,0.0029820799361437284,15004,4024037.0,4173547
2026,nsubjpass->ccomp,nsubjpass,ccomp,2,1.4287837050076011e-06,0.001487468818934883,4849,1344566.0,1399792
2019,nsubjpass->compound,nsubjpass,compound,1159,0.004716213356771978,4.872388815786708,912,237871.0,245748
2020,nsubjpass->compound,nsubjpass,compound,14559,0.0040779319431559985,4.26631361668759,14066,3412548.0,3570192
2021,nsubjpass->compound,nsubjpass,compound,13851,0.004102241202068328,4.305451769366296,12748,3217084.0,3376447
2022,nsubjpass->compound,nsubjpass,compound,12682,0.004352777478409441,4.548247031284351,10523,2788327.0,2913542
2023,nsubjpass->compound,nsubjpass,compound,13482,0.004402117535428034,4.574424481619513,11046,2947256.0,3062617
2024,nsubjpass->compound,nsubjpass,compound,15399,0.004270501123159267,4.421867843610776,12862,3482465.0,3605900
2025,nsubjpass->compound,nsubjpass,compound,17752,0.0042534563525940886,4.411490252201955,15004,4024037.0,4173547
2026,nsubjpass->compound,nsubjpass,compound,6187,0.004419942391441014,4.601484791375061,4849,1344566.0,1399792
2019,nsubjpass->conj,nsubjpass,conj,368,0.001497468951934502,1.5470570182998349,912,237871.0,245748
2020,nsubjpass->conj,nsubjpass,conj,4489,0.0012573553467152467,1.3154393725743931,14066,3412548.0,3570192
2021,nsubjpass->conj,nsubjpass,conj,4004,0.001185861943042494,1.2446053631176557,12748,3217084.0,3376447
2022,nsubjpass->conj,nsubjpass,conj,3745,0.0012853770427884684,1.3430992849834327,10523,2788327.0,2913542
2023,nsubjpass->conj,nsubjpass,conj,3955,0.0012913792354708408,1.341926184898767,11046,2947256.0,3062617
2024,nsubjpass->conj,nsubjpass,conj,4355,0.0012077428658587314,1.250550974668805,12862,3482465.0,3605900
2025,nsubjpass->conj,nsubjpass,conj,4871,0.001167112770025113,1.2104759474130085,15004,4024037.0,4173547
2026,nsubjpass->conj,nsubjpass,conj,1590,0.0011358830454810428,1.1825377110532322,4849,1344566.0,1399792
2020,nsubjpass->csubj,nsubjpass,csubj,4,1.1203879231144992e-06,0.0011721446848513193,14066,3412548.0,3570192
2021,nsubjpass->csubj,nsubjpass,csubj,5,1.4808465822208967e-06,0.0015542025013956739,12748,3217084.0,3376447
2022,nsubjpass->csubj,nsubjpass,csubj,2,6.864496890726133e-07,0.0007172759866400175,10523,2788327.0,2913542
2023,nsubjpass->csubj,nsubjpass,csubj,1,3.2651813791930233e-07,0.0003392986561058829,11046,2947256.0,3062617
2024,nsubjpass->csubj,nsubjpass,csubj,2,5.546465514850662e-07,0.0005743058437055362,12862,3482465.0,3605900
2026,nsubjpass->csubj,nsubjpass,csubj,3,2.143175557511402e-06,0.0022312032284023246,4849,1344566.0,1399792
2020,nsubjpass->dative,nsubjpass,dative,2,5.601939615572496e-07,0.0005860723424256596,14066,3412548.0,3570192
2021,nsubjpass->dative,nsubjpass,dative,2,5.923386328883587e-07,0.0006216810005582696,12748,3217084.0,3376447
2022,nsubjpass->dative,nsubjpass,dative,1,3.4322484453630666e-07,0.00035863799332000874,10523,2788327.0,2913542
2025,nsubjpass->dative,nsubjpass,dative,2,4.792086922706273e-07,0.0004970133226906213,15004,4024037.0,4173547
2026,nsubjpass->dative,nsubjpass,dative,1,7.143918525038006e-07,0.0007437344094674415,4849,1344566.0,1399792
2019,nsubjpass->dep,nsubjpass,dep,5,2.034604554258834e-05,0.021019796444291236,912,237871.0,245748
2020,nsubjpass->dep,nsubjpass,dep,100,2.800969807786248e-05,0.029303617121282984,14066,3412548.0,3570192
2021,nsubjpass->dep,nsubjpass,dep,80,2.3693545315534348e-05,0.024867240022330782,12748,3217084.0,3376447
2022,nsubjpass->dep,nsubjpass,dep,89,3.054701116373129e-05,0.031918781405480774,10523,2788327.0,2913542
2023,nsubjpass->dep,nsubjpass,dep,94,3.0692704964414423e-05,0.031894073673952986,11046,2947256.0,3062617
2024,nsubjpass->dep,nsubjpass,dep,95,2.634571119554064e-05,0.027279527576012968,12862,3482465.0,3605900
2025,nsubjpass->dep,nsubjpass,dep,107,2.5637665036478563e-05,0.026590212763948247,15004,4024037.0,4173547
2026,nsubjpass->dep,nsubjpass,dep,34,2.428932298512922e-05,0.025286969921893013,4849,1344566.0,1399792
2019,nsubjpass->det,nsubjpass,det,834,0.0033937203965037355,3.5061020469077775,912,237871.0,245748
2020,nsubjpass->det,nsubjpass,det,15150,0.004243469258796166,4.439497993874372,14066,3412548.0,3570192
2021,nsubjpass->det,nsubjpass,det,12194,0.003611488644720323,3.7903890604037698,12748,3217084.0,3376447
2022,nsubjpass->det,nsubjpass,det,11283,0.0038726059209031483,4.0465124786296585,10523,2788327.0,2913542
2023,nsubjpass->det,nsubjpass,det,11410,0.0037255719536592397,3.8713976661681238,11046,2947256.0,3062617
2024,nsubjpass->det,nsubjpass,det,12520,0.003472087412296514,3.5951545815966566,12862,3482465.0,3605900
2025,nsubjpass->det,nsubjpass,det,12123,0.0029047234881984076,3.0126462554892015,15004,4024037.0,4173547
2026,nsubjpass->det,nsubjpass,det,3608,0.0025775258038337125,2.683393749358529,4849,1344566.0,1399792
2019,nsubjpass->dobj,nsubjpass,dobj,37,0.00015056073701515374,0.1555464936877551,912,237871.0,245748
2020,nsubjpass->dobj,nsubjpass,dobj,491,0.00013752761756230476,0.14388076006549946,14066,3412548.0,3570192
2021,nsubjpass->dobj,nsubjpass,dobj,425,0.00012587195948877622,0.13210721261863226,12748,3217084.0,3376447
2022,nsubjpass->dobj,nsubjpass,dobj,409,0.00014037896141534943,0.1466829392678836,10523,2788327.0,2913542
2023,nsubjpass->dobj,nsubjpass,dobj,412,0.00013452547282275258,0.13979104631562375,11046,2947256.0,3062617
2024,nsubjpass->dobj,nsubjpass,dobj,454,0.00012590476718711002,0.1303674265211567,12862,3482465.0,3605900
2025,nsubjpass->dobj,nsubjpass,dobj,510,0.00012219821652900998,0.12673839728610847,15004,4024037.0,4173547
2026,nsubjpass->dobj,nsubjpass,dobj,206,0.00014716472161578292,0.15320928835029296,4849,1344566.0,1399792
2024,nsubjpass->expl,nsubjpass,expl,1,2.773232757425331e-07,0.0002871529218527681,12862,3482465.0,3605900
2020,nsubjpass->intj,nsubjpass,intj,9,2.520872827007623e-06,0.0026373255409154685,14066,3412548.0,3570192
2021,nsubjpass->intj,nsubjpass,intj,11,3.2578624808859728e-06,0.0034192455030704824,12748,3217084.0,3376447
2022,nsubjpass->intj,nsubjpass,intj,15,5.1483726680446e-06,0.005379569899800131,10523,2788327.0,2913542
2023,nsubjpass->intj,nsubjpass,intj,17,5.55080834462814e-06,0.005768077153800009,11046,2947256.0,3062617
2024,nsubjpass->intj,nsubjpass,intj,22,6.101112066335728e-06,0.006317364280760898,12862,3482465.0,3605900
2025,nsubjpass->intj,nsubjpass,intj,31,7.427734730194724e-06,0.007703706501704632,15004,4024037.0,4173547
2026,nsubjpass->intj,nsubjpass,intj,6,4.286351115022804e-06,0.004462406456804649,4849,1344566.0,1399792
2019,nsubjpass->mark,nsubjpass,mark,2,8.138418217035338e-06,0.008407918577716493,912,237871.0,245748
2020,nsubjpass->mark,nsubjpass,mark,40,1.1203879231144992e-05,0.011721446848513194,14066,3412548.0,3570192
2021,nsubjpass->mark,nsubjpass,mark,29,8.5889101768812e-06,0.009014374508094909,12748,3217084.0,3376447
2022,nsubjpass->mark,nsubjpass,mark,19,6.521272046189827e-06,0.0068141218730801666,10523,2788327.0,2913542
2023,nsubjpass->mark,nsubjpass,mark,23,7.509917172143954e-06,0.007803869090435307,11046,2947256.0,3062617
2024,nsubjpass->mark,nsubjpass,mark,15,4.159849136137996e-06,0.004307293827791521,12862,3482465.0,3605900
2025,nsubjpass->mark,nsubjpass,mark,33,7.906943422465351e-06,0.008200719824395252,15004,4024037.0,4173547
2026,nsubjpass->mark,nsubjpass,mark,8,5.7151348200304045e-06,0.005949875275739532,4849,1344566.0,1399792
2019,nsubjpass->meta,nsubjpass,meta,2,8.138418217035338e-06,0.008407918577716493,912,237871.0,245748
2020,nsubjpass->meta,nsubjpass,meta,23,6.4422305579083705e-06,0.006739831937895086,14066,3412548.0,3570192
2021,nsubjpass->meta,nsubjpass,meta,19,5.627217012439407e-06,0.00590596950530356,12748,3217084.0,3376447
2022,nsubjpass->meta,nsubjpass,meta,23,7.894171424335053e-06,0.0082486738463602,10523,2788327.0,2913542
2023,nsubjpass->meta,nsubjpass,meta,20,6.530362758386047e-06,0.006785973122117658,11046,2947256.0,3062617
2024,nsubjpass->meta,nsubjpass,meta,19,5.2691422391081285e-06,0.005455905515202594,12862,3482465.0,3605900
2025,nsubjpass->meta,nsubjpass,meta,26,6.2297129995181555e-06,0.0064611731949780786,15004,4024037.0,4173547
2026,nsubjpass->meta,nsubjpass,meta,6,4.286351115022804e-06,0.004462406456804649,4849,1344566.0,1399792
2019,nsubjpass->neg,nsubjpass,neg,6,2.441525465110601e-05,0.02522375573314948,912,237871.0,245748
2020,nsubjpass->neg,nsubjpass,neg,21,5.8820365963511205e-06,0.006153759595469426,14066,3412548.0,3570192
2021,nsubjpass->neg,nsubjpass,neg,23,6.8118942782161244e-06,0.0071493315064200995,12748,3217084.0,3376447
2022,nsubjpass->neg,nsubjpass,neg,8,2.7457987562904533e-06,0.00286910394656007,10523,2788327.0,2913542
2023,nsubjpass->neg,nsubjpass,neg,21,6.856880896305349e-06,0.00712527177822354,11046,2947256.0,3062617
2024,nsubjpass->neg,nsubjpass,neg,9,2.4959094816827976e-06,0.0025843762966749127,12862,3482465.0,3605900
2025,nsubjpass->neg,nsubjpass,neg,12,2.875252153623764e-06,0.0029820799361437284,15004,4024037.0,4173547
2026,nsubjpass->neg,nsubjpass,neg,5,3.571959262519003e-06,0.0037186720473372076,4849,1344566.0,1399792
2019,nsubjpass->nmod,nsubjpass,nmod,178,0.000724319221316145,0.7483047534167678,912,237871.0,245748
2020,nsubjpass->nmod,nsubjpass,nmod,2862,0.0008016375589884241,0.838669522011119,14066,3412548.0,3570192
2021,nsubjpass->nmod,nsubjpass,nmod,2645,0.0007833678419948544,0.8221731232383114,12748,3217084.0,3376447
2022,nsubjpass->nmod,nsubjpass,nmod,2202,0.0007557811076689473,0.7897208612906593,10523,2788327.0,2913542
2023,nsubjpass->nmod,nsubjpass,nmod,2335,0.0007624198520415709,0.7922623620072365,11046,2947256.0,3062617
2024,nsubjpass->nmod,nsubjpass,nmod,2686,0.0007448903186444438,0.771292748096535,12862,3482465.0,3605900
2025,nsubjpass->nmod,nsubjpass,nmod,2996,0.0007178546210213998,0.7445259573905508,15004,4024037.0,4173547
2026,nsubjpass->nmod,nsubjpass,nmod,1093,0.000780830294786654,0.8129017095479136,4849,1344566.0,1399792
2019,nsubjpass->npadvmod,nsubjpass,npadvmod,15,6.103813662776503e-05,0.0630593893328737,912,237871.0,245748
2020,nsubjpass->npadvmod,nsubjpass,npadvmod,174,4.8736874655480715e-05,0.05098829379103239,14066,3412548.0,3570192
2021,nsubjpass->npadvmod,nsubjpass,npadvmod,157,4.6498582681736155e-05,0.04880195854382416,12748,3217084.0,3376447
2022,nsubjpass->npadvmod,nsubjpass,npadvmod,119,4.084375649982049e-05,0.04267792120508104,10523,2788327.0,2913542
2023,nsubjpass->npadvmod,nsubjpass,npadvmod,157,5.126334765333047e-05,0.05326988900862362,11046,2947256.0,3062617
2024,nsubjpass->npadvmod,nsubjpass,npadvmod,155,4.298510774009263e-05,0.04450870288717905,12862,3482465.0,3605900
2025,nsubjpass->npadvmod,nsubjpass,npadvmod,158,3.785748668937956e-05,0.03926405249255909,15004,4024037.0,4173547
2026,nsubjpass->npadvmod,nsubjpass,npadvmod,55,3.929155188770903e-05,0.04090539252070929,4849,1344566.0,1399792
2019,nsubjpass->nsubj,nsubjpass,nsubj,24,9.766101860442404e-05,0.10089502293259792,912,237871.0,245748
2020,nsubjpass->nsubj,nsubjpass,nsubj,295,8.262860932969431e-05,0.0864456705077848,14066,3412548.0,3570192
2021,nsubjpass->nsubj,nsubjpass,nsubj,311,9.210865741413978e-05,0.09667139558681091,12748,3217084.0,3376447
2022,nsubjpass->nsubj,nsubjpass,nsubj,229,7.859848939881422e-05,0.082128100470282,10523,2788327.0,2913542
2023,nsubjpass->nsubj,nsubjpass,nsubj,240,7.836435310063257e-05,0.0814316774654119,11046,2947256.0,3062617
2024,nsubjpass->nsubj,nsubjpass,nsubj,270,7.487728445048393e-05,0.07753128890024738,12862,3482465.0,3605900
2025,nsubjpass->nsubj,nsubjpass,nsubj,255,6.109910826450499e-05,0.06336919864305424,15004,4024037.0,4173547
2026,nsubjpass->nsubj,nsubjpass,nsubj,93,6.643844228285345e-05,0.06916730008047206,4849,1344566.0,1399792
2020,nsubjpass->nsubjpass,nsubjpass,nsubjpass,2,5.601939615572496e-07,0.0005860723424256596,14066,3412548.0,3570192
2021,nsubjpass->nsubjpass,nsubjpass,nsubjpass,2,5.923386328883587e-07,0.0006216810005582696,12748,3217084.0,3376447
2023,nsubjpass->nsubjpass,nsubjpass,nsubjpass,4,1.3060725516772093e-06,0.0013571946244235317,11046,2947256.0,3062617
2024,nsubjpass->nsubjpass,nsubjpass,nsubjpass,2,5.546465514850662e-07,0.0005743058437055362,12862,3482465.0,3605900
2025,nsubjpass->nsubjpass,nsubjpass,nsubjpass,1,2.3960434613531366e-07,0.00024850666134531066,15004,4024037.0,4173547
2019,nsubjpass->nummod,nsubjpass,nummod,208,0.0008463954945716751,0.8744235320825153,912,237871.0,245748
2020,nsubjpass->nummod,nsubjpass,nummod,3227,0.0009038729569726222,0.9456277245038018,14066,3412548.0,3570192
2021,nsubjpass->nummod,nsubjpass,nummod,2870,0.0008500059381947947,0.8921122358011169,12748,3217084.0,3376447
2022,nsubjpass->nummod,nsubjpass,nummod,2546,0.0008738504541894367,0.9130923309927422,10523,2788327.0,2913542
2023,nsubjpass->nummod,nsubjpass,nummod,2598,0.0008482941223143475,0.8814979085630837,11046,2947256.0,3062617
2024,nsubjpass->nummod,nsubjpass,nummod,2847,0.0007895393660389917,0.8175243685148308,12862,3482465.0,3605900
2025,nsubjpass->nummod,nsubjpass,nummod,3161,0.0007573893381337266,0.7855295565125271,15004,4024037.0,4173547
2026,nsubjpass->nummod,nsubjpass,nummod,1057,0.0007551121880965172,0.7861272708070857,4849,1344566.0,1399792
2020,nsubjpass->oprd,nsubjpass,oprd,1,2.800969807786248e-07,0.0002930361712128298,14066,3412548.0,3570192
2021,nsubjpass->oprd,nsubjpass,oprd,3,8.88507949332538e-07,0.0009325215008374043,12748,3217084.0,3376447
2022,nsubjpass->oprd,nsubjpass,oprd,2,6.864496890726133e-07,0.0007172759866400175,10523,2788327.0,2913542
2023,nsubjpass->oprd,nsubjpass,oprd,1,3.2651813791930233e-07,0.0003392986561058829,11046,2947256.0,3062617
2024,nsubjpass->oprd,nsubjpass,oprd,2,5.546465514850662e-07,0.0005743058437055362,12862,3482465.0,3605900
2025,nsubjpass->oprd,nsubjpass,oprd,1,2.3960434613531366e-07,0.00024850666134531066,15004,4024037.0,4173547
2026,nsubjpass->oprd,nsubjpass,oprd,2,1.4287837050076011e-06,0.001487468818934883,4849,1344566.0,1399792
2019,nsubjpass->parataxis,nsubjpass,parataxis,3,1.2207627325553006e-05,0.01261187786657474,912,237871.0,245748
2020,nsubjpass->parataxis,nsubjpass,parataxis,30,8.402909423358744e-06,0.008791085136384895,14066,3412548.0,3570192
2021,nsubjpass->parataxis,nsubjpass,parataxis,36,1.0662095391990457e-05,0.011190258010048852,12748,3217084.0,3376447
2022,nsubjpass->parataxis,nsubjpass,parataxis,31,1.0639970180625506e-05,0.01111777779292027,10523,2788327.0,2913542
2023,nsubjpass->parataxis,nsubjpass,parataxis,40,1.3060725516772094e-05,0.013571946244235316,11046,2947256.0,3062617
2024,nsubjpass->parataxis,nsubjpass,parataxis,40,1.1092931029701322e-05,0.011486116874110722,12862,3482465.0,3605900
2025,nsubjpass->parataxis,nsubjpass,parataxis,59,1.4136656421983508e-05,0.014661893019373332,15004,4024037.0,4173547
2026,nsubjpass->parataxis,nsubjpass,parataxis,21,1.5002228902579811e-05,0.01561842259881627,4849,1344566.0,1399792
2020,nsubjpass->pcomp,nsubjpass,pcomp,1,2.800969807786248e-07,0.0002930361712128298,14066,3412548.0,3570192
2023,nsubjpass->pcomp,nsubjpass,pcomp,1,3.2651813791930233e-07,0.0003392986561058829,11046,2947256.0,3062617
2025,nsubjpass->pcomp,nsubjpass,pcomp,2,4.792086922706273e-07,0.0004970133226906213,15004,4024037.0,4173547
2026,nsubjpass->pcomp,nsubjpass,pcomp,1,7.143918525038006e-07,0.0007437344094674415,4849,1344566.0,1399792
2019,nsubjpass->pobj,nsubjpass,pobj,1,4.069209108517669e-06,0.0042039592888582465,912,237871.0,245748
2020,nsubjpass->pobj,nsubjpass,pobj,3,8.402909423358744e-07,0.0008791085136384895,14066,3412548.0,3570192
2021,nsubjpass->pobj,nsubjpass,pobj,12,3.554031797330152e-06,0.003730086003349617,12748,3217084.0,3376447
2022,nsubjpass->pobj,nsubjpass,pobj,16,5.4915975125809066e-06,0.00573820789312014,10523,2788327.0,2913542
2023,nsubjpass->pobj,nsubjpass,pobj,13,4.2447357929509305e-06,0.004410882529376477,11046,2947256.0,3062617
2024,nsubjpass->pobj,nsubjpass,pobj,17,4.714495687623062e-06,0.004881599671497058,12862,3482465.0,3605900
2025,nsubjpass->pobj,nsubjpass,pobj,23,5.510899961112214e-06,0.005715653210942146,15004,4024037.0,4173547
2026,nsubjpass->pobj,nsubjpass,pobj,6,4.286351115022804e-06,0.004462406456804649,4849,1344566.0,1399792
2019,nsubjpass->poss,nsubjpass,poss,38,0.0001546299461236714,0.15975045297661336,912,237871.0,245748
2020,nsubjpass->poss,nsubjpass,poss,624,0.00017478051600586188,0.1828545708368058,14066,3412548.0,3570192
2021,nsubjpass->poss,nsubjpass,poss,630,0.00018658666935983297,0.1958295151758549,12748,3217084.0,3376447
2022,nsubjpass->poss,nsubjpass,poss,477,0.00016371825084381827,0.17107032281364418,10523,2788327.0,2913542
2023,nsubjpass->poss,nsubjpass,poss,519,0.0001694629135801179,0.17609600251895322,11046,2947256.0,3062617
2024,nsubjpass->poss,nsubjpass,poss,499,0.000138384314595524,0.14328930800453127,12862,3482465.0,3605900
2025,nsubjpass->poss,nsubjpass,poss,668,0.00016005570321838954,0.16600244977866754,15004,4024037.0,4173547
2026,nsubjpass->poss,nsubjpass,poss,224,0.00016002377496085132,0.1665965077207069,4849,1344566.0,1399792
2019,nsubjpass->preconj,nsubjpass,preconj,8,3.255367286814135e-05,0.03363167431086597,912,237871.0,245748
2020,nsubjpass->preconj,nsubjpass,preconj,63,1.764610978905336e-05,0.01846127878640828,14066,3412548.0,3570192
2021,nsubjpass->preconj,nsubjpass,preconj,50,1.4808465822208968e-05,0.015542025013956738,12748,3217084.0,3376447
2022,nsubjpass->preconj,nsubjpass,preconj,34,1.1669644714234427e-05,0.012193691772880298,10523,2788327.0,2913542
2023,nsubjpass->preconj,nsubjpass,preconj,58,1.8938051999319537e-05,0.019679322054141208,11046,2947256.0,3062617
2024,nsubjpass->preconj,nsubjpass,preconj,56,1.553010344158185e-05,0.016080563623755012,12862,3482465.0,3605900
2025,nsubjpass->preconj,nsubjpass,preconj,55,1.3178239037442253e-05,0.013667866373992088,15004,4024037.0,4173547
2026,nsubjpass->preconj,nsubjpass,preconj,11,7.858310377541807e-06,0.008181078504141856,4849,1344566.0,1399792
2019,nsubjpass->predet,nsubjpass,predet,3,1.2207627325553006e-05,0.01261187786657474,912,237871.0,245748
2020,nsubjpass->predet,nsubjpass,predet,67,1.8766497712167862e-05,0.019633423471259598,14066,3412548.0,3570192
2021,nsubjpass->predet,nsubjpass,predet,52,1.5400804455097326e-05,0.01616370601451501,12748,3217084.0,3376447
2022,nsubjpass->predet,nsubjpass,predet,23,7.894171424335053e-06,0.0082486738463602,10523,2788327.0,2913542
2023,nsubjpass->predet,nsubjpass,predet,34,1.110161668925628e-05,0.011536154307600018,11046,2947256.0,3062617
2024,nsubjpass->predet,nsubjpass,predet,30,8.319698272275992e-06,0.008614587655583043,12862,3482465.0,3605900
2025,nsubjpass->predet,nsubjpass,predet,23,5.510899961112214e-06,0.005715653210942146,15004,4024037.0,4173547
2026,nsubjpass->predet,nsubjpass,predet,5,3.571959262519003e-06,0.0037186720473372076,4849,1344566.0,1399792
2019,nsubjpass->prep,nsubjpass,prep,1095,0.004455783973826847,4.6033354212997795,912,237871.0,245748
2020,nsubjpass->prep,nsubjpass,prep,16471,0.004613477370404729,4.82659877604652,14066,3412548.0,3570192
2021,nsubjpass->prep,nsubjpass,prep,14401,0.004265134326112627,4.47641404451982,12748,3217084.0,3376447
2022,nsubjpass->prep,nsubjpass,prep,12636,0.004336989135560771,4.53174968359163,10523,2788327.0,2913542
2023,nsubjpass->prep,nsubjpass,prep,13153,0.004294693068052584,4.462795223760677,11046,2947256.0,3062617
2024,nsubjpass->prep,nsubjpass,prep,14008,0.0038847444466014033,4.022438129313575,12862,3482465.0,3605900
2025,nsubjpass->prep,nsubjpass,prep,13976,0.003348710341587144,3.4731290989620622,15004,4024037.0,4173547
2026,nsubjpass->prep,nsubjpass,prep,4211,0.0030083040908935044,3.1318655982673964,4849,1344566.0,1399792
2019,nsubjpass->prt,nsubjpass,prt,2,8.138418217035338e-06,0.008407918577716493,912,237871.0,245748
2020,nsubjpass->prt,nsubjpass,prt,11,3.0810667885648726e-06,0.003223397883341128,14066,3412548.0,3570192
2021,nsubjpass->prt,nsubjpass,prt,13,3.850201113774331e-06,0.004040926503628753,12748,3217084.0,3376447
2022,nsubjpass->prt,nsubjpass,prt,9,3.08902360082676e-06,0.0032277419398800784,10523,2788327.0,2913542
2023,nsubjpass->prt,nsubjpass,prt,6,1.9591088275158142e-06,0.002035791936635297,11046,2947256.0,3062617
2024,nsubjpass->prt,nsubjpass,prt,5,1.3866163787126653e-06,0.0014357646092638403,12862,3482465.0,3605900
2025,nsubjpass->prt,nsubjpass,prt,3,7.18813038405941e-07,0.0007455199840359321,15004,4024037.0,4173547
2026,nsubjpass->prt,nsubjpass,prt,1,7.143918525038006e-07,0.0007437344094674415,4849,1344566.0,1399792
2019,nsubjpass->quantmod,nsubjpass,quantmod,2,8.138418217035338e-06,0.008407918577716493,912,237871.0,245748
2020,nsubjpass->quantmod,nsubjpass,quantmod,30,8.402909423358744e-06,0.008791085136384895,14066,3412548.0,3570192
2021,nsubjpass->quantmod,nsubjpass,quantmod,36,1.0662095391990457e-05,0.011190258010048852,12748,3217084.0,3376447
2022,nsubjpass->quantmod,nsubjpass,quantmod,39,1.338576893691596e-05,0.013986881739480341,10523,2788327.0,2913542
2023,nsubjpass->quantmod,nsubjpass,quantmod,25,8.162953447982559e-06,0.008482466402647071,11046,2947256.0,3062617
2024,nsubjpass->quantmod,nsubjpass,quantmod,43,1.1924900856928921e-05,0.012347575639669027,12862,3482465.0,3605900
2025,nsubjpass->quantmod,nsubjpass,quantmod,34,8.146547768600665e-06,0.008449226485740565,15004,4024037.0,4173547
2026,nsubjpass->quantmod,nsubjpass,quantmod,15,1.0715877787557008e-05,0.011156016142011622,4849,1344566.0,1399792
2019,nsubjpass->relcl,nsubjpass,relcl,46,0.00018718361899181275,0.19338212728747936,912,237871.0,245748
2020,nsubjpass->relcl,nsubjpass,relcl,734,0.00020559118389151058,0.2150885496702171,14066,3412548.0,3570192
2021,nsubjpass->relcl,nsubjpass,relcl,666,0.00019724876475182344,0.20701977318590375,12748,3217084.0,3376447
2022,nsubjpass->relcl,nsubjpass,relcl,591,0.00020284588312095725,0.21195505405212517,10523,2788327.0,2913542
2023,nsubjpass->relcl,nsubjpass,relcl,563,0.00018382971164856721,0.1910251433876121,11046,2947256.0,3062617
2024,nsubjpass->relcl,nsubjpass,relcl,640,0.00017748689647522115,0.18377786998577156,12862,3482465.0,3605900
2025,nsubjpass->relcl,nsubjpass,relcl,546,0.00013082397298988126,0.13568463709453965,15004,4024037.0,4173547
2026,nsubjpass->relcl,nsubjpass,relcl,148,0.00010572999417056249,0.11007269260118135,4849,1344566.0,1399792
2019,nsubjpass->xcomp,nsubjpass,xcomp,5,2.034604554258834e-05,0.021019796444291236,912,237871.0,245748
2020,nsubjpass->xcomp,nsubjpass,xcomp,33,9.243200365694618e-06,0.009670193650023385,14066,3412548.0,3570192
2021,nsubjpass->xcomp,nsubjpass,xcomp,29,8.5889101768812e-06,0.009014374508094909,12748,3217084.0,3376447
2022,nsubjpass->xcomp,nsubjpass,xcomp,25,8.580621113407667e-06,0.00896594983300022,10523,2788327.0,2913542
2023,nsubjpass->xcomp,nsubjpass,xcomp,30,9.79554413757907e-06,0.010178959683176487,11046,2947256.0,3062617
2024,nsubjpass->xcomp,nsubjpass,xcomp,26,7.21040516930586e-06,0.00746597596817197,12862,3482465.0,3605900
2025,nsubjpass->xcomp,nsubjpass,xcomp,22,5.271295614976901e-06,0.005467146549596835,15004,4024037.0,4173547
2026,nsubjpass->xcomp,nsubjpass,xcomp,10,7.143918525038006e-06,0.007437344094674415,4849,1344566.0,1399792
2019,nummod->acl,nummod,acl,1,4.069209108517669e-06,0.0042039592888582465,912,237871.0,245748
2020,nummod->acl,nummod,acl,7,1.9606788654503734e-06,0.0020512531984898086,14066,3412548.0,3570192
2021,nummod->acl,nummod,acl,6,1.777015898665076e-06,0.0018650430016748086,12748,3217084.0,3376447
2022,nummod->acl,nummod,acl,5,1.7161242226815333e-06,0.0017931899666000436,10523,2788327.0,2913542
2023,nummod->acl,nummod,acl,9,2.938663241273721e-06,0.003053687904952946,11046,2947256.0,3062617
2024,nummod->acl,nummod,acl,4,1.1092931029701323e-06,0.0011486116874110724,12862,3482465.0,3605900
2025,nummod->acl,nummod,acl,6,1.437626076811882e-06,0.0014910399680718642,15004,4024037.0,4173547
2026,nummod->acl,nummod,acl,6,4.286351115022804e-06,0.004462406456804649,4849,1344566.0,1399792
2020,nummod->acomp,nummod,acomp,1,2.800969807786248e-07,0.0002930361712128298,14066,3412548.0,3570192
2023,nummod->advcl,nummod,advcl,2,6.530362758386047e-07,0.0006785973122117658,11046,2947256.0,3062617
2019,nummod->advmod,nummod,advmod,155,0.0006307274118202386,0.6516136897730281,912,237871.0,245748
2020,nummod->advmod,nummod,advmod,2775,0.0007772691216606838,0.8131753751156027,14066,3412548.0,3570192
2021,nummod->advmod,nummod,advmod,2636,0.0007807023181468567,0.8193755587357993,12748,3217084.0,3376447
2022,nummod->advmod,nummod,advmod,1971,0.0006764961685810604,0.7068754848337372,10523,2788327.0,2913542
2023,nummod->advmod,nummod,advmod,1815,0.0005926304203235338,0.6158270608321775,11046,2947256.0,3062617
2024,nummod->advmod,nummod,advmod,2052,0.0005690673618236778,0.5892377956418802,12862,3482465.0,3605900
2025,nummod->advmod,nummod,advmod,2509,0.000601167304453502,0.6235032133153845,15004,4024037.0,4173547
2026,nummod->advmod,nummod,advmod,934,0.0006672419902385497,0.6946479384425904,4849,1344566.0,1399792
2019,nummod->amod,nummod,amod,91,0.00037029802887510784,0.38256029528610047,912,237871.0,245748
2020,nummod->amod,nummod,amod,1480,0.0004145435315523647,0.4336935333949881,14066,3412548.0,3570192
2021,nummod->amod,nummod,amod,1297,0.0003841316034281006,0.4031601288620378,12748,3217084.0,3376447
2022,nummod->amod,nummod,amod,948,0.0003253771526204187,0.33998881766736827,10523,2788327.0,2913542
2023,nummod->amod,nummod,amod,823,0.00026872442750758583,0.2792427939751416,11046,2947256.0,3062617
2024,nummod->amod,nummod,amod,877,0.0002432125128262015,0.2518331124648776,12862,3482465.0,3605900
2025,nummod->amod,nummod,amod,950,0.00022762412882854798,0.23608132827804515,15004,4024037.0,4173547
2026,nummod->amod,nummod,amod,347,0.0002478939728188188,0.25807584008520223,4849,1344566.0,1399792
2019,nummod->appos,nummod,appos,56,0.00022787571007698945,0.2354217201760618,912,237871.0,245748
2020,nummod->appos,nummod,appos,808,0.00022631836046912884,0.2367732263399665,14066,3412548.0,3570192
2021,nummod->appos,nummod,appos,664,0.00019665642611893508,0.2063980921853455,12748,3217084.0,3376447
2022,nummod->appos,nummod,appos,540,0.0001853414160496056,0.19366451639280471,10523,2788327.0,2913542
2023,nummod->appos,nummod,appos,581,0.00018970703813111467,0.19713251919751798,11046,2947256.0,3062617
2024,nummod->appos,nummod,appos,636,0.00017637760337225103,0.1826292582983605,12862,3482465.0,3605900
2025,nummod->appos,nummod,appos,624,0.00014951311198843574,0.15506815667947388,15004,4024037.0,4173547
2026,nummod->appos,nummod,appos,198,0.0001414495867957525,0.14725941307455342,4849,1344566.0,1399792
2022,nummod->attr,nummod,attr,1,3.4322484453630666e-07,0.00035863799332000874,10523,2788327.0,2913542
2020,nummod->aux,nummod,aux,1,2.800969807786248e-07,0.0002930361712128298,14066,3412548.0,3570192
2021,nummod->aux,nummod,aux,2,5.923386328883587e-07,0.0006216810005582696,12748,3217084.0,3376447
2024,nummod->aux,nummod,aux,1,2.773232757425331e-07,0.0002871529218527681,12862,3482465.0,3605900
2025,nummod->aux,nummod,aux,1,2.3960434613531366e-07,0.00024850666134531066,15004,4024037.0,4173547
2019,nummod->case,nummod,case,1,4.069209108517669e-06,0.0042039592888582465,912,237871.0,245748
2020,nummod->case,nummod,case,4,1.1203879231144992e-06,0.0011721446848513193,14066,3412548.0,3570192
2021,nummod->case,nummod,case,7,2.0731852151092556e-06,0.0021758835019539432,12748,3217084.0,3376447
2022,nummod->case,nummod,case,4,1.3728993781452266e-06,0.001434551973280035,10523,2788327.0,2913542
2023,nummod->case,nummod,case,2,6.530362758386047e-07,0.0006785973122117658,11046,2947256.0,3062617
2024,nummod->case,nummod,case,3,8.319698272275992e-07,0.0008614587655583042,12862,3482465.0,3605900
2025,nummod->case,nummod,case,3,7.18813038405941e-07,0.0007455199840359321,15004,4024037.0,4173547
2026,nummod->case,nummod,case,4,2.8575674100152022e-06,0.002974937637869766,4849,1344566.0,1399792
2019,nummod->cc,nummod,cc,84,0.00034181356511548414,0.3531325802640927,912,237871.0,245748
2020,nummod->cc,nummod,cc,1265,0.00035432268068496034,0.37069075658422973,14066,3412548.0,3570192
2021,nummod->cc,nummod,cc,1343,0.00039775539198453285,0.417458791874878,12748,3217084.0,3376447
2022,nummod->cc,nummod,cc,1179,0.0004046620917083056,0.4228341941242903,10523,2788327.0,2913542
2023,nummod->cc,nummod,cc,1104,0.0003604760242629098,0.3745857163408947,11046,2947256.0,3062617
2024,nummod->cc,nummod,cc,1117,0.00030977009900440944,0.320749813709542,12862,3482465.0,3605900
2025,nummod->cc,nummod,cc,1219,0.0002920776979389474,0.30292962017993375,15004,4024037.0,4173547
2026,nummod->cc,nummod,cc,391,0.00027932721432898604,0.2908001541017696,4849,1344566.0,1399792
2019,nummod->compound,nummod,compound,121,0.0004923743021306378,0.5086790739518479,912,237871.0,245748
2020,nummod->compound,nummod,compound,1702,0.0004767250612852194,0.49874756340423637,14066,3412548.0,3570192
2021,nummod->compound,nummod,compound,1533,0.0004540275621089269,0.4765184869279136,12748,3217084.0,3376447
2022,nummod->compound,nummod,compound,1258,0.00043177685442667376,0.451166595596571,10523,2788327.0,2913542
2023,nummod->compound,nummod,compound,1144,0.00037353674977968186,0.38815766258513,11046,2947256.0,3062617
2024,nummod->compound,nummod,compound,1315,0.000364680107601431,0.37760609223639,12862,3482465.0,3605900
2025,nummod->compound,nummod,compound,1701,0.00040756699277616856,0.4227098309483735,15004,4024037.0,4173547
2026,nummod->compound,nummod,compound,575,0.00041077531518968533,0.4276472854437789,4849,1344566.0,1399792
2019,nummod->conj,nummod,conj,68,0.0002767062193792015,0.2858692316423608,912,237871.0,245748
2020,nummod->conj,nummod,conj,1143,0.00032015084902996813,0.33494034369626446,14066,3412548.0,3570192
2021,nummod->conj,nummod,conj,1224,0.0003625112433276755,0.380468772341661,12748,3217084.0,3376447
2022,nummod->conj,nummod,conj,1049,0.0003600428619185857,0.37621125499268915,10523,2788327.0,2913542
2023,nummod->conj,nummod,conj,987,0.0003222734021263514,0.3348877735765064,11046,2947256.0,3062617
2024,nummod->conj,nummod,conj,994,0.00027565933608807787,0.2854300043216515,12862,3482465.0,3605900
2025,nummod->conj,nummod,conj,1101,0.00026380438509498034,0.27360583414118705,15004,4024037.0,4173547
2026,nummod->conj,nummod,conj,340,0.00024289322985129218,0.2528696992189301,4849,1344566.0,1399792
2019,nummod->dep,nummod,dep,2,8.138418217035338e-06,0.008407918577716493,912,237871.0,245748
2020,nummod->dep,nummod,dep,23,6.4422305579083705e-06,0.006739831937895086,14066,3412548.0,3570192
2021,nummod->dep,nummod,dep,24,7.108063594660304e-06,0.007460172006699234,12748,3217084.0,3376447
2022,nummod->dep,nummod,dep,25,8.580621113407667e-06,0.00896594983300022,10523,2788327.0,2913542
2023,nummod->dep,nummod,dep,35,1.1428134827175582e-05,0.011875452963705901,11046,2947256.0,3062617
2024,nummod->dep,nummod,dep,39,1.081560775395879e-05,0.011198963952257956,12862,3482465.0,3605900
2025,nummod->dep,nummod,dep,38,9.10496515314192e-06,0.009443253131121807,15004,4024037.0,4173547
2026,nummod->dep,nummod,dep,12,8.572702230045608e-06,0.008924812913609298,4849,1344566.0,1399792
2019,nummod->det,nummod,det,4,1.6276836434070675e-05,0.016815837155432986,912,237871.0,245748
2020,nummod->det,nummod,det,63,1.764610978905336e-05,0.01846127878640828,14066,3412548.0,3570192
2021,nummod->det,nummod,det,49,1.4512296505764788e-05,0.015231184513677604,12748,3217084.0,3376447
2022,nummod->det,nummod,det,49,1.6818017382279027e-05,0.01757326167268043,10523,2788327.0,2913542
2023,nummod->det,nummod,det,35,1.1428134827175582e-05,0.011875452963705901,11046,2947256.0,3062617
2024,nummod->det,nummod,det,56,1.553010344158185e-05,0.016080563623755012,12862,3482465.0,3605900
2025,nummod->det,nummod,det,66,1.5813886844930702e-05,0.016401439648790504,15004,4024037.0,4173547
2026,nummod->det,nummod,det,25,1.7859796312595013e-05,0.01859336023668604,4849,1344566.0,1399792
2020,nummod->dobj,nummod,dobj,1,2.800969807786248e-07,0.0002930361712128298,14066,3412548.0,3570192
2025,nummod->dobj,nummod,dobj,2,4.792086922706273e-07,0.0004970133226906213,15004,4024037.0,4173547
2020,nummod->intj,nummod,intj,5,1.400484903893124e-06,0.0014651808560641492,14066,3412548.0,3570192
2021,nummod->intj,nummod,intj,4,1.1846772657767174e-06,0.0012433620011165392,12748,3217084.0,3376447
2022,nummod->intj,nummod,intj,4,1.3728993781452266e-06,0.001434551973280035,10523,2788327.0,2913542
2023,nummod->intj,nummod,intj,5,1.6325906895965118e-06,0.0016964932805294145,11046,2947256.0,3062617
2024,nummod->intj,nummod,intj,4,1.1092931029701323e-06,0.0011486116874110724,12862,3482465.0,3605900
2025,nummod->intj,nummod,intj,6,1.437626076811882e-06,0.0014910399680718642,15004,4024037.0,4173547
2026,nummod->intj,nummod,intj,3,2.143175557511402e-06,0.0022312032284023246,4849,1344566.0,1399792
2022,nummod->mark,nummod,mark,2,6.864496890726133e-07,0.0007172759866400175,10523,2788327.0,2913542
2025,nummod->mark,nummod,mark,1,2.3960434613531366e-07,0.00024850666134531066,15004,4024037.0,4173547
2020,nummod->meta,nummod,meta,3,8.402909423358744e-07,0.0008791085136384895,14066,3412548.0,3570192
2022,nummod->meta,nummod,meta,3,1.02967453360892e-06,0.0010759139799600263,10523,2788327.0,2913542
2023,nummod->meta,nummod,meta,1,3.2651813791930233e-07,0.0003392986561058829,11046,2947256.0,3062617
2024,nummod->meta,nummod,meta,1,2.773232757425331e-07,0.0002871529218527681,12862,3482465.0,3605900
2025,nummod->meta,nummod,meta,4,9.584173845412547e-07,0.0009940266453812427,15004,4024037.0,4173547
2019,nummod->neg,nummod,neg,1,4.069209108517669e-06,0.0042039592888582465,912,237871.0,245748
2020,nummod->neg,nummod,neg,8,2.2407758462289984e-06,0.0023442893697026386,14066,3412548.0,3570192
2021,nummod->neg,nummod,neg,7,2.0731852151092556e-06,0.0021758835019539432,12748,3217084.0,3376447
2022,nummod->neg,nummod,neg,4,1.3728993781452266e-06,0.001434551973280035,10523,2788327.0,2913542
2023,nummod->neg,nummod,neg,5,1.6325906895965118e-06,0.0016964932805294145,11046,2947256.0,3062617
2025,nummod->neg,nummod,neg,4,9.584173845412547e-07,0.0009940266453812427,15004,4024037.0,4173547
2019,nummod->nmod,nummod,nmod,21,8.545339127887104e-05,0.08828314506602318,912,237871.0,245748
2020,nummod->nmod,nummod,nmod,355,9.94344281764118e-05,0.10402784078055459,14066,3412548.0,3570192
2021,nummod->nmod,nummod,nmod,363,0.0001075094618692371,0.11283510160132591,12748,3217084.0,3376447
2022,nummod->nmod,nummod,nmod,338,0.00011600999745327165,0.12121964174216296,10523,2788327.0,2913542
2023,nummod->nmod,nummod,nmod,366,0.00011950563847846465,0.12418330813475313,11046,2947256.0,3062617
2024,nummod->nmod,nummod,nmod,425,0.00011786239219057655,0.12203999178742644,12862,3482465.0,3605900
2025,nummod->nmod,nummod,nmod,540,0.0001293863469130694,0.13419359712646778,15004,4024037.0,4173547
2026,nummod->nmod,nummod,nmod,215,0.00015359424828831713,0.15990289803549992,4849,1344566.0,1399792
2019,nummod->npadvmod,nummod,npadvmod,6,2.441525465110601e-05,0.02522375573314948,912,237871.0,245748
2020,nummod->npadvmod,nummod,npadvmod,121,3.38917346742136e-05,0.035457376716752406,14066,3412548.0,3570192
2021,nummod->npadvmod,nummod,npadvmod,122,3.613265660618988e-05,0.037922541034054444,12748,3217084.0,3376447
2022,nummod->npadvmod,nummod,npadvmod,88,3.0203786319194987e-05,0.03156014341216077,10523,2788327.0,2913542
2023,nummod->npadvmod,nummod,npadvmod,103,3.3631368205688145e-05,0.03494776157890594,11046,2947256.0,3062617
2024,nummod->npadvmod,nummod,npadvmod,100,2.7732327574253308e-05,0.02871529218527681,12862,3482465.0,3605900
2025,nummod->npadvmod,nummod,npadvmod,128,3.066935630532015e-05,0.031808852652199765,15004,4024037.0,4173547
2026,nummod->npadvmod,nummod,npadvmod,53,3.786276818270143e-05,0.0394179237017744,4849,1344566.0,1399792
2020,nummod->nsubj,nummod,nsubj,2,5.601939615572496e-07,0.0005860723424256596,14066,3412548.0,3570192
2021,nummod->nsubj,nummod,nsubj,4,1.1846772657767174e-06,0.0012433620011165392,12748,3217084.0,3376447
2022,nummod->nsubj,nummod,nsubj,2,6.864496890726133e-07,0.0007172759866400175,10523,2788327.0,2913542
2023,nummod->nsubj,nummod,nsubj,2,6.530362758386047e-07,0.0006785973122117658,11046,2947256.0,3062617
2026,nummod->nsubj,nummod,nsubj,1,7.143918525038006e-07,0.0007437344094674415,4849,1344566.0,1399792
2019,nummod->nummod,nummod,nummod,11,4.476130019369435e-05,0.04624355217744071,912,237871.0,245748
2020,nummod->nummod,nummod,nummod,190,5.321842634793871e-05,0.05567687253043767,14066,3412548.0,3570192
2021,nummod->nummod,nummod,nummod,193,5.716067807372661e-05,0.05999221655387301,12748,3217084.0,3376447
2022,nummod->nummod,nummod,nummod,161,5.525919997034537e-05,0.05774071692452141,10523,2788327.0,2913542
2023,nummod->nummod,nummod,nummod,171,5.58346015842007e-05,0.058020070194105974,11046,2947256.0,3062617
2024,nummod->nummod,nummod,nummod,177,4.908621980642835e-05,0.05082606716793995,12862,3482465.0,3605900
2025,nummod->nummod,nummod,nummod,216,5.175453876522776e-05,0.05367743885058711,15004,4024037.0,4173547
2026,nummod->nummod,nummod,nummod,69,4.929303782276224e-05,0.05131767425325347,4849,1344566.0,1399792
2021,nummod->oprd,nummod,oprd,1,2.9616931644417936e-07,0.0003108405002791348,12748,3217084.0,3376447
2024,nummod->oprd,nummod,oprd,1,2.773232757425331e-07,0.0002871529218527681,12862,3482465.0,3605900
2020,nummod->parataxis,nummod,parataxis,6,1.6805818846717488e-06,0.001758217027276979,14066,3412548.0,3570192
2021,nummod->parataxis,nummod,parataxis,8,2.369354531553435e-06,0.0024867240022330784,12748,3217084.0,3376447
2022,nummod->parataxis,nummod,parataxis,7,2.4025739117541465e-06,0.002510465953240061,10523,2788327.0,2913542
2023,nummod->parataxis,nummod,parataxis,10,3.2651813791930236e-06,0.003392986561058829,11046,2947256.0,3062617
2024,nummod->parataxis,nummod,parataxis,12,3.3278793089103968e-06,0.003445835062233217,12862,3482465.0,3605900
2025,nummod->parataxis,nummod,parataxis,12,2.875252153623764e-06,0.0029820799361437284,15004,4024037.0,4173547
2026,nummod->parataxis,nummod,parataxis,8,5.7151348200304045e-06,0.005949875275739532,4849,1344566.0,1399792
2019,nummod->pobj,nummod,pobj,1,4.069209108517669e-06,0.0042039592888582465,912,237871.0,245748
2020,nummod->pobj,nummod,pobj,6,1.6805818846717488e-06,0.001758217027276979,14066,3412548.0,3570192
2021,nummod->pobj,nummod,pobj,5,1.4808465822208967e-06,0.0015542025013956739,12748,3217084.0,3376447
2022,nummod->pobj,nummod,pobj,2,6.864496890726133e-07,0.0007172759866400175,10523,2788327.0,2913542
2023,nummod->pobj,nummod,pobj,6,1.9591088275158142e-06,0.002035791936635297,11046,2947256.0,3062617
2024,nummod->pobj,nummod,pobj,4,1.1092931029701323e-06,0.0011486116874110724,12862,3482465.0,3605900
2025,nummod->pobj,nummod,pobj,5,1.1980217306765685e-06,0.0012425333067265533,15004,4024037.0,4173547
2026,nummod->pobj,nummod,pobj,1,7.143918525038006e-07,0.0007437344094674415,4849,1344566.0,1399792
2020,nummod->preconj,nummod,preconj,8,2.2407758462289984e-06,0.0023442893697026386,14066,3412548.0,3570192
2021,nummod->preconj,nummod,preconj,8,2.369354531553435e-06,0.0024867240022330784,12748,3217084.0,3376447
2022,nummod->preconj,nummod,preconj,4,1.3728993781452266e-06,0.001434551973280035,10523,2788327.0,2913542
2023,nummod->preconj,nummod,preconj,10,3.2651813791930236e-06,0.003392986561058829,11046,2947256.0,3062617
2024,nummod->preconj,nummod,preconj,5,1.3866163787126653e-06,0.0014357646092638403,12862,3482465.0,3605900
2025,nummod->preconj,nummod,preconj,13,3.1148564997590778e-06,0.0032305865974890393,15004,4024037.0,4173547
2026,nummod->preconj,nummod,preconj,4,2.8575674100152022e-06,0.002974937637869766,4849,1344566.0,1399792
2021,nummod->predet,nummod,predet,1,2.9616931644417936e-07,0.0003108405002791348,12748,3217084.0,3376447
2022,nummod->predet,nummod,predet,1,3.4322484453630666e-07,0.00035863799332000874,10523,2788327.0,2913542
2023,nummod->predet,nummod,predet,1,3.2651813791930233e-07,0.0003392986561058829,11046,2947256.0,3062617
2026,nummod->predet,nummod,predet,1,7.143918525038006e-07,0.0007437344094674415,4849,1344566.0,1399792
2019,nummod->prep,nummod,prep,274,0.0011149632957338411,1.1518848451471597,912,237871.0,245748
2020,nummod->prep,nummod,prep,3809,0.0010668893997857819,1.1161747761496688,14066,3412548.0,3570192
2021,nummod->prep,nummod,prep,3859,0.0011429173921580881,1.199533490577181,12748,3217084.0,3376447
2022,nummod->prep,nummod,prep,3400,0.0011669644714234428,1.2193691772880295,10523,2788327.0,2913542
2023,nummod->prep,nummod,prep,3338,0.0010899175443746312,1.132578914081437,11046,2947256.0,3062617
2024,nummod->prep,nummod,prep,3656,0.001013893896114701,1.0498310822937202,12862,3482465.0,3605900
2025,nummod->prep,nummod,prep,4558,0.0010921166096847597,1.1326933624119262,15004,4024037.0,4173547
2026,nummod->prep,nummod,prep,1848,0.0013201961434270233,1.374421188695832,4849,1344566.0,1399792
2020,nummod->prt,nummod,prt,2,5.601939615572496e-07,0.0005860723424256596,14066,3412548.0,3570192
2021,nummod->prt,nummod,prt,16,4.73870906310687e-06,0.004973448004466157,12748,3217084.0,3376447
2022,nummod->prt,nummod,prt,2,6.864496890726133e-07,0.0007172759866400175,10523,2788327.0,2913542
2023,nummod->prt,nummod,prt,4,1.3060725516772093e-06,0.0013571946244235317,11046,2947256.0,3062617
2024,nummod->prt,nummod,prt,5,1.3866163787126653e-06,0.0014357646092638403,12862,3482465.0,3605900
2025,nummod->prt,nummod,prt,7,1.6772304229471957e-06,0.0017395466294171749,15004,4024037.0,4173547
2026,nummod->prt,nummod,prt,4,2.8575674100152022e-06,0.002974937637869766,4849,1344566.0,1399792
2019,nummod->quantmod,nummod,quantmod,413,0.0016805833618177971,1.736235186298456,912,237871.0,245748
2020,nummod->quantmod,nummod,quantmod,7347,0.0020578725177805564,2.152936749900661,14066,3412548.0,3570192
2021,nummod->quantmod,nummod,quantmod,7344,0.0021750674599660532,2.2828126340499657,12748,3217084.0,3376447
2022,nummod->quantmod,nummod,quantmod,5719,0.0019629028859031376,2.05105068379713,10523,2788327.0,2913542
2023,nummod->quantmod,nummod,quantmod,5065,0.0016538143685612663,1.7185476931762969,11046,2947256.0,3062617
2024,nummod->quantmod,nummod,quantmod,5827,0.0016159627277517402,1.6732400756360795,12862,3482465.0,3605900
2025,nummod->quantmod,nummod,quantmod,6927,0.001659739305679318,1.721405643138967,15004,4024037.0,4173547
2026,nummod->quantmod,nummod,quantmod,2334,0.0016673905837438704,1.7358761116970085,4849,1344566.0,1399792
2020,nummod->relcl,nummod,relcl,6,1.6805818846717488e-06,0.001758217027276979,14066,3412548.0,3570192
2021,nummod->relcl,nummod,relcl,2,5.923386328883587e-07,0.0006216810005582696,12748,3217084.0,3376447
2022,nummod->relcl,nummod,relcl,5,1.7161242226815333e-06,0.0017931899666000436,10523,2788327.0,2913542
2023,nummod->relcl,nummod,relcl,6,1.9591088275158142e-06,0.002035791936635297,11046,2947256.0,3062617
2024,nummod->relcl,nummod,relcl,2,5.546465514850662e-07,0.0005743058437055362,12862,3482465.0,3605900
2025,nummod->relcl,nummod,relcl,2,4.792086922706273e-07,0.0004970133226906213,15004,4024037.0,4173547
2026,nummod->relcl,nummod,relcl,3,2.143175557511402e-06,0.0022312032284023246,4849,1344566.0,1399792
2020,oprd->acl,oprd,acl,19,5.321842634793871e-06,0.0055676872530437665,14066,3412548.0,3570192
2021,oprd->acl,oprd,acl,22,6.5157249617719455e-06,0.006838491006140965,12748,3217084.0,3376447
2022,oprd->acl,oprd,acl,9,3.08902360082676e-06,0.0032277419398800784,10523,2788327.0,2913542
2023,oprd->acl,oprd,acl,10,3.2651813791930236e-06,0.003392986561058829,11046,2947256.0,3062617
2024,oprd->acl,oprd,acl,24,6.6557586178207936e-06,0.006891670124466434,12862,3482465.0,3605900
2025,oprd->acl,oprd,acl,18,4.312878230435646e-06,0.004473119904215592,15004,4024037.0,4173547
2026,oprd->acl,oprd,acl,7,5.000742967526604e-06,0.00520614086627209,4849,1344566.0,1399792
2021,oprd->acomp,oprd,acomp,1,2.9616931644417936e-07,0.0003108405002791348,12748,3217084.0,3376447
2022,oprd->acomp,oprd,acomp,3,1.02967453360892e-06,0.0010759139799600263,10523,2788327.0,2913542
2019,oprd->advcl,oprd,advcl,1,4.069209108517669e-06,0.0042039592888582465,912,237871.0,245748
2020,oprd->advcl,oprd,advcl,12,3.3611637693434976e-06,0.003516434054553958,14066,3412548.0,3570192
2021,oprd->advcl,oprd,advcl,5,1.4808465822208967e-06,0.0015542025013956739,12748,3217084.0,3376447
2022,oprd->advcl,oprd,advcl,4,1.3728993781452266e-06,0.001434551973280035,10523,2788327.0,2913542
2023,oprd->advcl,oprd,advcl,7,2.2856269654351162e-06,0.00237509059274118,11046,2947256.0,3062617
2024,oprd->advcl,oprd,advcl,6,1.6639396544551984e-06,0.0017229175311166084,12862,3482465.0,3605900
2025,oprd->advcl,oprd,advcl,3,7.18813038405941e-07,0.0007455199840359321,15004,4024037.0,4173547
2026,oprd->advcl,oprd,advcl,2,1.4287837050076011e-06,0.001487468818934883,4849,1344566.0,1399792
2019,oprd->advmod,oprd,advmod,10,4.069209108517668e-05,0.04203959288858247,912,237871.0,245748
2020,oprd->advmod,oprd,advmod,185,5.181794144404559e-05,0.054211691674373515,14066,3412548.0,3570192
2021,oprd->advmod,oprd,advmod,204,6.041854055461258e-05,0.0634114620569435,12748,3217084.0,3376447
2022,oprd->advmod,oprd,advmod,169,5.8004998726635825e-05,0.06060982087108148,10523,2788327.0,2913542
2023,oprd->advmod,oprd,advmod,175,5.714067413587791e-05,0.05937726481852951,11046,2947256.0,3062617
2024,oprd->advmod,oprd,advmod,163,4.520369394603289e-05,0.046805926262001196,12862,3482465.0,3605900
2025,oprd->advmod,oprd,advmod,237,5.678623003406934e-05,0.058896078738838634,15004,4024037.0,4173547
2026,oprd->advmod,oprd,advmod,82,5.858013190531164e-05,0.060986221576330206,4849,1344566.0,1399792
2020,oprd->agent,oprd,agent,3,8.402909423358744e-07,0.0008791085136384895,14066,3412548.0,3570192
2021,oprd->agent,oprd,agent,3,8.88507949332538e-07,0.0009325215008374043,12748,3217084.0,3376447
2022,oprd->agent,oprd,agent,3,1.02967453360892e-06,0.0010759139799600263,10523,2788327.0,2913542
2023,oprd->agent,oprd,agent,2,6.530362758386047e-07,0.0006785973122117658,11046,2947256.0,3062617
2024,oprd->agent,oprd,agent,3,8.319698272275992e-07,0.0008614587655583042,12862,3482465.0,3605900
2025,oprd->agent,oprd,agent,4,9.584173845412547e-07,0.0009940266453812427,15004,4024037.0,4173547
2026,oprd->agent,oprd,agent,1,7.143918525038006e-07,0.0007437344094674415,4849,1344566.0,1399792
2019,oprd->amod,oprd,amod,25,0.00010173022771294171,0.10509898222145617,912,237871.0,245748
2020,oprd->amod,oprd,amod,288,8.066793046424393e-05,0.08439441730929499,14066,3412548.0,3570192
2021,oprd->amod,oprd,amod,303,8.973930288258634e-05,0.09418467158457783,12748,3217084.0,3376447
2022,oprd->amod,oprd,amod,271,9.301393286933911e-05,0.09719089618972236,10523,2788327.0,2913542
2023,oprd->amod,oprd,amod,313,0.00010220017716874164,0.10620047936114135,11046,2947256.0,3062617
2024,oprd->amod,oprd,amod,282,7.820516375939432e-05,0.08097712396248061,12862,3482465.0,3605900
2025,oprd->amod,oprd,amod,298,7.140209514832347e-05,0.07405498508090258,15004,4024037.0,4173547
2026,oprd->amod,oprd,amod,101,7.215357710288386e-05,0.0751171753562116,4849,1344566.0,1399792
2019,oprd->appos,oprd,appos,10,4.069209108517668e-05,0.04203959288858247,912,237871.0,245748
2020,oprd->appos,oprd,appos,117,3.27713467510991e-05,0.03428523203190109,14066,3412548.0,3570192
2021,oprd->appos,oprd,appos,100,2.9616931644417936e-05,0.031084050027913476,12748,3217084.0,3376447
2022,oprd->appos,oprd,appos,86,2.9517336630122373e-05,0.03084286742552075,10523,2788327.0,2913542
2023,oprd->appos,oprd,appos,131,4.277387606742861e-05,0.04444812394987065,11046,2947256.0,3062617
2024,oprd->appos,oprd,appos,116,3.216949998613384e-05,0.0333097389349211,12862,3482465.0,3605900
2025,oprd->appos,oprd,appos,139,3.33050041128086e-05,0.03454242592699819,15004,4024037.0,4173547
2026,oprd->appos,oprd,appos,47,3.357641706767863e-05,0.03495551724496975,4849,1344566.0,1399792
2020,oprd->attr,oprd,attr,1,2.800969807786248e-07,0.0002930361712128298,14066,3412548.0,3570192
2021,oprd->attr,oprd,attr,1,2.9616931644417936e-07,0.0003108405002791348,12748,3217084.0,3376447
2020,oprd->aux,oprd,aux,3,8.402909423358744e-07,0.0008791085136384895,14066,3412548.0,3570192
2022,oprd->aux,oprd,aux,3,1.02967453360892e-06,0.0010759139799600263,10523,2788327.0,2913542
2023,oprd->aux,oprd,aux,2,6.530362758386047e-07,0.0006785973122117658,11046,2947256.0,3062617
2024,oprd->aux,oprd,aux,1,2.773232757425331e-07,0.0002871529218527681,12862,3482465.0,3605900
2025,oprd->aux,oprd,aux,2,4.792086922706273e-07,0.0004970133226906213,15004,4024037.0,4173547
2026,oprd->aux,oprd,aux,1,7.143918525038006e-07,0.0007437344094674415,4849,1344566.0,1399792
2020,oprd->auxpass,oprd,auxpass,2,5.601939615572496e-07,0.0005860723424256596,14066,3412548.0,3570192
2021,oprd->auxpass,oprd,auxpass,2,5.923386328883587e-07,0.0006216810005582696,12748,3217084.0,3376447
2022,oprd->auxpass,oprd,auxpass,2,6.864496890726133e-07,0.0007172759866400175,10523,2788327.0,2913542
2023,oprd->auxpass,oprd,auxpass,1,3.2651813791930233e-07,0.0003392986561058829,11046,2947256.0,3062617
2024,oprd->auxpass,oprd,auxpass,1,2.773232757425331e-07,0.0002871529218527681,12862,3482465.0,3605900
2019,oprd->cc,oprd,cc,7,2.848446375962368e-05,0.029427715022007726,912,237871.0,245748
2020,oprd->cc,oprd,cc,100,2.800969807786248e-05,0.029303617121282984,14066,3412548.0,3570192
2021,oprd->cc,oprd,cc,99,2.9320762327973754e-05,0.030773209527634342,12748,3217084.0,3376447
2022,oprd->cc,oprd,cc,91,3.123346085280391e-05,0.0326360573921208,10523,2788327.0,2913542
2023,oprd->cc,oprd,cc,113,3.6896549584881165e-05,0.03834074813996477,11046,2947256.0,3062617
2024,oprd->cc,oprd,cc,133,3.6883995673756895e-05,0.03819133860641815,12862,3482465.0,3605900
2025,oprd->cc,oprd,cc,132,3.1627773689861405e-05,0.03280287929758101,15004,4024037.0,4173547
2026,oprd->cc,oprd,cc,50,3.5719592625190025e-05,0.03718672047337208,4849,1344566.0,1399792
2020,oprd->ccomp,oprd,ccomp,2,5.601939615572496e-07,0.0005860723424256596,14066,3412548.0,3570192
2021,oprd->ccomp,oprd,ccomp,3,8.88507949332538e-07,0.0009325215008374043,12748,3217084.0,3376447
2022,oprd->ccomp,oprd,ccomp,2,6.864496890726133e-07,0.0007172759866400175,10523,2788327.0,2913542
2023,oprd->ccomp,oprd,ccomp,1,3.2651813791930233e-07,0.0003392986561058829,11046,2947256.0,3062617
2024,oprd->ccomp,oprd,ccomp,4,1.1092931029701323e-06,0.0011486116874110724,12862,3482465.0,3605900
2025,oprd->ccomp,oprd,ccomp,2,4.792086922706273e-07,0.0004970133226906213,15004,4024037.0,4173547
2019,oprd->compound,oprd,compound,12,4.883050930221202e-05,0.05044751146629896,912,237871.0,245748
2020,oprd->compound,oprd,compound,194,5.433881427105321e-05,0.05684901721528898,14066,3412548.0,3570192
2021,oprd->compound,oprd,compound,185,5.479132354217318e-05,0.057505492551639927,12748,3217084.0,3376447
2022,oprd->compound,oprd,compound,151,5.182695152498231e-05,0.05415433699132132,10523,2788327.0,2913542
2023,oprd->compound,oprd,compound,156,5.093682951541117e-05,0.05293059035251773,11046,2947256.0,3062617
2024,oprd->compound,oprd,compound,191,5.296874566682382e-05,0.05484620807387871,12862,3482465.0,3605900
2025,oprd->compound,oprd,compound,231,5.534860395725746e-05,0.057405038770766775,15004,4024037.0,4173547
2026,oprd->compound,oprd,compound,67,4.786425411775464e-05,0.049830205434318584,4849,1344566.0,1399792
2019,oprd->conj,oprd,conj,16,6.51073457362827e-05,0.06726334862173194,912,237871.0,245748
2020,oprd->conj,oprd,conj,178,4.985726257859521e-05,0.05216043847588371,14066,3412548.0,3570192
2021,oprd->conj,oprd,conj,161,4.7683259947512874e-05,0.050045320544940694,12748,3217084.0,3376447
2022,oprd->conj,oprd,conj,150,5.1483726680446e-05,0.05379569899800131,10523,2788327.0,2913542
2023,oprd->conj,oprd,conj,184,6.007933737715163e-05,0.06243095272348246,11046,2947256.0,3062617
2024,oprd->conj,oprd,conj,215,5.962450428464461e-05,0.061737878198345135,12862,3482465.0,3605900
2025,oprd->conj,oprd,conj,260,6.229712999518156e-05,0.06461173194978079,15004,4024037.0,4173547
2026,oprd->conj,oprd,conj,86,6.143769931532685e-05,0.06396115921419998,4849,1344566.0,1399792
2021,oprd->csubj,oprd,csubj,1,2.9616931644417936e-07,0.0003108405002791348,12748,3217084.0,3376447
2019,oprd->dep,oprd,dep,1,4.069209108517669e-06,0.0042039592888582465,912,237871.0,245748
2020,oprd->dep,oprd,dep,4,1.1203879231144992e-06,0.0011721446848513193,14066,3412548.0,3570192
2021,oprd->dep,oprd,dep,3,8.88507949332538e-07,0.0009325215008374043,12748,3217084.0,3376447
2022,oprd->dep,oprd,dep,7,2.4025739117541465e-06,0.002510465953240061,10523,2788327.0,2913542
2023,oprd->dep,oprd,dep,5,1.6325906895965118e-06,0.0016964932805294145,11046,2947256.0,3062617
2024,oprd->dep,oprd,dep,6,1.6639396544551984e-06,0.0017229175311166084,12862,3482465.0,3605900
2025,oprd->dep,oprd,dep,11,2.6356478074884506e-06,0.0027335732747984175,15004,4024037.0,4173547
2026,oprd->dep,oprd,dep,1,7.143918525038006e-07,0.0007437344094674415,4849,1344566.0,1399792
2019,oprd->det,oprd,det,9,3.662288197665902e-05,0.03783563359972422,912,237871.0,245748
2020,oprd->det,oprd,det,174,4.8736874655480715e-05,0.05098829379103239,14066,3412548.0,3570192
2021,oprd->det,oprd,det,155,4.59062440488478e-05,0.048180277543265884,12748,3217084.0,3376447
2022,oprd->det,oprd,det,135,4.63353540124014e-05,0.04841612909820118,10523,2788327.0,2913542
2023,oprd->det,oprd,det,141,4.603905744662163e-05,0.047841110510929485,11046,2947256.0,3062617
2024,oprd->det,oprd,det,135,3.7438642225241964e-05,0.03876564445012369,12862,3482465.0,3605900
2025,oprd->det,oprd,det,124,2.9710938920778896e-05,0.03081482600681853,15004,4024037.0,4173547
2026,oprd->det,oprd,det,48,3.429080892018243e-05,0.03569925165443719,4849,1344566.0,1399792
2019,oprd->dobj,oprd,dobj,1,4.069209108517669e-06,0.0042039592888582465,912,237871.0,245748
2020,oprd->dobj,oprd,dobj,6,1.6805818846717488e-06,0.001758217027276979,14066,3412548.0,3570192
2021,oprd->dobj,oprd,dobj,14,4.146370430218511e-06,0.0043517670039078865,12748,3217084.0,3376447
2022,oprd->dobj,oprd,dobj,9,3.08902360082676e-06,0.0032277419398800784,10523,2788327.0,2913542
2023,oprd->dobj,oprd,dobj,9,2.938663241273721e-06,0.003053687904952946,11046,2947256.0,3062617
2024,oprd->dobj,oprd,dobj,10,2.7732327574253305e-06,0.0028715292185276806,12862,3482465.0,3605900
2025,oprd->dobj,oprd,dobj,9,2.156439115217823e-06,0.002236559952107796,15004,4024037.0,4173547
2026,oprd->dobj,oprd,dobj,4,2.8575674100152022e-06,0.002974937637869766,4849,1344566.0,1399792
2020,oprd->intj,oprd,intj,3,8.402909423358744e-07,0.0008791085136384895,14066,3412548.0,3570192
2021,oprd->intj,oprd,intj,2,5.923386328883587e-07,0.0006216810005582696,12748,3217084.0,3376447
2024,oprd->intj,oprd,intj,1,2.773232757425331e-07,0.0002871529218527681,12862,3482465.0,3605900
2025,oprd->intj,oprd,intj,1,2.3960434613531366e-07,0.00024850666134531066,15004,4024037.0,4173547
2026,oprd->intj,oprd,intj,2,1.4287837050076011e-06,0.001487468818934883,4849,1344566.0,1399792
2020,oprd->mark,oprd,mark,2,5.601939615572496e-07,0.0005860723424256596,14066,3412548.0,3570192
2021,oprd->mark,oprd,mark,1,2.9616931644417936e-07,0.0003108405002791348,12748,3217084.0,3376447
2022,oprd->mark,oprd,mark,2,6.864496890726133e-07,0.0007172759866400175,10523,2788327.0,2913542
2023,oprd->mark,oprd,mark,2,6.530362758386047e-07,0.0006785973122117658,11046,2947256.0,3062617
2024,oprd->mark,oprd,mark,1,2.773232757425331e-07,0.0002871529218527681,12862,3482465.0,3605900
2019,oprd->meta,oprd,meta,1,4.069209108517669e-06,0.0042039592888582465,912,237871.0,245748
2021,oprd->meta,oprd,meta,2,5.923386328883587e-07,0.0006216810005582696,12748,3217084.0,3376447
2022,oprd->meta,oprd,meta,2,6.864496890726133e-07,0.0007172759866400175,10523,2788327.0,2913542
2023,oprd->meta,oprd,meta,3,9.795544137579071e-07,0.0010178959683176485,11046,2947256.0,3062617
2024,oprd->meta,oprd,meta,4,1.1092931029701323e-06,0.0011486116874110724,12862,3482465.0,3605900
2025,oprd->meta,oprd,meta,3,7.18813038405941e-07,0.0007455199840359321,15004,4024037.0,4173547
2026,oprd->meta,oprd,meta,2,1.4287837050076011e-06,0.001487468818934883,4849,1344566.0,1399792
2020,oprd->neg,oprd,neg,4,1.1203879231144992e-06,0.0011721446848513193,14066,3412548.0,3570192
2021,oprd->neg,oprd,neg,5,1.4808465822208967e-06,0.0015542025013956739,12748,3217084.0,3376447
2022,oprd->neg,oprd,neg,7,2.4025739117541465e-06,0.002510465953240061,10523,2788327.0,2913542
2023,oprd->neg,oprd,neg,3,9.795544137579071e-07,0.0010178959683176485,11046,2947256.0,3062617
2024,oprd->neg,oprd,neg,2,5.546465514850662e-07,0.0005743058437055362,12862,3482465.0,3605900
2025,oprd->neg,oprd,neg,9,2.156439115217823e-06,0.002236559952107796,15004,4024037.0,4173547
2019,oprd->nmod,oprd,nmod,2,8.138418217035338e-06,0.008407918577716493,912,237871.0,245748
2020,oprd->nmod,oprd,nmod,54,1.512523696204574e-05,0.01582395324549281,14066,3412548.0,3570192
2021,oprd->nmod,oprd,nmod,47,1.3919957872876429e-05,0.014609503513119333,12748,3217084.0,3376447
2022,oprd->nmod,oprd,nmod,40,1.3728993781452266e-05,0.01434551973280035,10523,2788327.0,2913542
2023,oprd->nmod,oprd,nmod,50,1.6325906895965118e-05,0.016964932805294142,11046,2947256.0,3062617
2024,oprd->nmod,oprd,nmod,51,1.4143487062869186e-05,0.014644799014491172,12862,3482465.0,3605900
2025,oprd->nmod,oprd,nmod,48,1.1501008614495057e-05,0.011928319744574914,15004,4024037.0,4173547
2026,oprd->nmod,oprd,nmod,10,7.143918525038006e-06,0.007437344094674415,4849,1344566.0,1399792
2019,oprd->npadvmod,oprd,npadvmod,5,2.034604554258834e-05,0.021019796444291236,912,237871.0,245748
2020,oprd->npadvmod,oprd,npadvmod,49,1.3724752058152615e-05,0.014358772389428662,14066,3412548.0,3570192
2021,oprd->npadvmod,oprd,npadvmod,59,1.7473989670206582e-05,0.01833958951646895,12748,3217084.0,3376447
2022,oprd->npadvmod,oprd,npadvmod,50,1.7161242226815334e-05,0.01793189966600044,10523,2788327.0,2913542
2023,oprd->npadvmod,oprd,npadvmod,54,1.7631979447642326e-05,0.018322127429717675,11046,2947256.0,3062617
2024,oprd->npadvmod,oprd,npadvmod,50,1.3866163787126654e-05,0.014357646092638406,12862,3482465.0,3605900
2025,oprd->npadvmod,oprd,npadvmod,69,1.6532699883336643e-05,0.017146959632826437,15004,4024037.0,4173547
2026,oprd->npadvmod,oprd,npadvmod,21,1.5002228902579811e-05,0.01561842259881627,4849,1344566.0,1399792
2019,oprd->nsubj,oprd,nsubj,1,4.069209108517669e-06,0.0042039592888582465,912,237871.0,245748
2020,oprd->nsubj,oprd,nsubj,7,1.9606788654503734e-06,0.0020512531984898086,14066,3412548.0,3570192
2021,oprd->nsubj,oprd,nsubj,15,4.44253974666269e-06,0.004662607504187022,12748,3217084.0,3376447
2022,oprd->nsubj,oprd,nsubj,4,1.3728993781452266e-06,0.001434551973280035,10523,2788327.0,2913542
2023,oprd->nsubj,oprd,nsubj,11,3.591699517112326e-06,0.0037322852171647117,11046,2947256.0,3062617
2024,oprd->nsubj,oprd,nsubj,6,1.6639396544551984e-06,0.0017229175311166084,12862,3482465.0,3605900
2025,oprd->nsubj,oprd,nsubj,8,1.9168347690825093e-06,0.0019880532907624853,15004,4024037.0,4173547
2026,oprd->nsubj,oprd,nsubj,3,2.143175557511402e-06,0.0022312032284023246,4849,1344566.0,1399792
2020,oprd->nsubjpass,oprd,nsubjpass,2,5.601939615572496e-07,0.0005860723424256596,14066,3412548.0,3570192
2021,oprd->nsubjpass,oprd,nsubjpass,3,8.88507949332538e-07,0.0009325215008374043,12748,3217084.0,3376447
2022,oprd->nsubjpass,oprd,nsubjpass,2,6.864496890726133e-07,0.0007172759866400175,10523,2788327.0,2913542
2019,oprd->nummod,oprd,nummod,4,1.6276836434070675e-05,0.016815837155432986,912,237871.0,245748
2020,oprd->nummod,oprd,nummod,40,1.1203879231144992e-05,0.011721446848513194,14066,3412548.0,3570192
2021,oprd->nummod,oprd,nummod,28,8.292740860437022e-06,0.008703534007815773,12748,3217084.0,3376447
2022,oprd->nummod,oprd,nummod,31,1.0639970180625506e-05,0.01111777779292027,10523,2788327.0,2913542
2023,oprd->nummod,oprd,nummod,43,1.404027993053e-05,0.014589842212552964,11046,2947256.0,3062617
2024,oprd->nummod,oprd,nummod,21,5.823788790593194e-06,0.0060302113589081295,12862,3482465.0,3605900
2025,oprd->nummod,oprd,nummod,31,7.427734730194724e-06,0.007703706501704632,15004,4024037.0,4173547
2026,oprd->nummod,oprd,nummod,8,5.7151348200304045e-06,0.005949875275739532,4849,1344566.0,1399792
2020,oprd->oprd,oprd,oprd,1,2.800969807786248e-07,0.0002930361712128298,14066,3412548.0,3570192
2023,oprd->oprd,oprd,oprd,2,6.530362758386047e-07,0.0006785973122117658,11046,2947256.0,3062617
2025,oprd->oprd,oprd,oprd,2,4.792086922706273e-07,0.0004970133226906213,15004,4024037.0,4173547
2019,oprd->parataxis,oprd,parataxis,1,4.069209108517669e-06,0.0042039592888582465,912,237871.0,245748
2020,oprd->parataxis,oprd,parataxis,4,1.1203879231144992e-06,0.0011721446848513193,14066,3412548.0,3570192
2021,oprd->parataxis,oprd,parataxis,1,2.9616931644417936e-07,0.0003108405002791348,12748,3217084.0,3376447
2022,oprd->parataxis,oprd,parataxis,3,1.02967453360892e-06,0.0010759139799600263,10523,2788327.0,2913542
2023,oprd->parataxis,oprd,parataxis,2,6.530362758386047e-07,0.0006785973122117658,11046,2947256.0,3062617
2024,oprd->parataxis,oprd,parataxis,5,1.3866163787126653e-06,0.0014357646092638403,12862,3482465.0,3605900
2025,oprd->parataxis,oprd,parataxis,5,1.1980217306765685e-06,0.0012425333067265533,15004,4024037.0,4173547
2026,oprd->parataxis,oprd,parataxis,3,2.143175557511402e-06,0.0022312032284023246,4849,1344566.0,1399792
2020,oprd->pcomp,oprd,pcomp,2,5.601939615572496e-07,0.0005860723424256596,14066,3412548.0,3570192
2021,oprd->pcomp,oprd,pcomp,1,2.9616931644417936e-07,0.0003108405002791348,12748,3217084.0,3376447
2024,oprd->pcomp,oprd,pcomp,3,8.319698272275992e-07,0.0008614587655583042,12862,3482465.0,3605900
2020,oprd->pobj,oprd,pobj,4,1.1203879231144992e-06,0.0011721446848513193,14066,3412548.0,3570192
2021,oprd->pobj,oprd,pobj,1,2.9616931644417936e-07,0.0003108405002791348,12748,3217084.0,3376447
2022,oprd->pobj,oprd,pobj,1,3.4322484453630666e-07,0.00035863799332000874,10523,2788327.0,2913542
2023,oprd->pobj,oprd,pobj,1,3.2651813791930233e-07,0.0003392986561058829,11046,2947256.0,3062617
2024,oprd->pobj,oprd,pobj,4,1.1092931029701323e-06,0.0011486116874110724,12862,3482465.0,3605900
2025,oprd->pobj,oprd,pobj,2,4.792086922706273e-07,0.0004970133226906213,15004,4024037.0,4173547
2026,oprd->pobj,oprd,pobj,1,7.143918525038006e-07,0.0007437344094674415,4849,1344566.0,1399792
2020,oprd->poss,oprd,poss,2,5.601939615572496e-07,0.0005860723424256596,14066,3412548.0,3570192
2022,oprd->poss,oprd,poss,2,6.864496890726133e-07,0.0007172759866400175,10523,2788327.0,2913542
2023,oprd->poss,oprd,poss,1,3.2651813791930233e-07,0.0003392986561058829,11046,2947256.0,3062617
2024,oprd->poss,oprd,poss,2,5.546465514850662e-07,0.0005743058437055362,12862,3482465.0,3605900
2020,oprd->preconj,oprd,preconj,3,8.402909423358744e-07,0.0008791085136384895,14066,3412548.0,3570192
2021,oprd->preconj,oprd,preconj,1,2.9616931644417936e-07,0.0003108405002791348,12748,3217084.0,3376447
2022,oprd->preconj,oprd,preconj,3,1.02967453360892e-06,0.0010759139799600263,10523,2788327.0,2913542
2023,oprd->preconj,oprd,preconj,2,6.530362758386047e-07,0.0006785973122117658,11046,2947256.0,3062617
2024,oprd->preconj,oprd,preconj,2,5.546465514850662e-07,0.0005743058437055362,12862,3482465.0,3605900
2025,oprd->preconj,oprd,preconj,6,1.437626076811882e-06,0.0014910399680718642,15004,4024037.0,4173547
2019,oprd->prep,oprd,prep,22,8.95226003873887e-05,0.09248710435488142,912,237871.0,245748
2020,oprd->prep,oprd,prep,442,0.00012380286550415216,0.1295219876760708,14066,3412548.0,3570192
2021,oprd->prep,oprd,prep,489,0.0001448267957412037,0.1520010046364969,12748,3217084.0,3376447
2022,oprd->prep,oprd,prep,393,0.00013488736390276853,0.14094473137476343,10523,2788327.0,2913542
2023,oprd->prep,oprd,prep,411,0.00013419895468483325,0.13945174765951787,11046,2947256.0,3062617
2024,oprd->prep,oprd,prep,385,0.00010676946116087523,0.11055387491331571,12862,3482465.0,3605900
2025,oprd->prep,oprd,prep,472,0.00011309325137586806,0.11729514415498665,15004,4024037.0,4173547
2026,oprd->prep,oprd,prep,154,0.00011001634528558529,0.114535099057986,4849,1344566.0,1399792
2025,oprd->prt,oprd,prt,1,2.3960434613531366e-07,0.00024850666134531066,15004,4024037.0,4173547
2019,oprd->quantmod,oprd,quantmod,1,4.069209108517669e-06,0.0042039592888582465,912,237871.0,245748
2020,oprd->quantmod,oprd,quantmod,1,2.800969807786248e-07,0.0002930361712128298,14066,3412548.0,3570192
2023,oprd->quantmod,oprd,quantmod,3,9.795544137579071e-07,0.0010178959683176485,11046,2947256.0,3062617
2024,oprd->quantmod,oprd,quantmod,1,2.773232757425331e-07,0.0002871529218527681,12862,3482465.0,3605900
2026,oprd->quantmod,oprd,quantmod,1,7.143918525038006e-07,0.0007437344094674415,4849,1344566.0,1399792
2020,oprd->relcl,oprd,relcl,21,5.8820365963511205e-06,0.006153759595469426,14066,3412548.0,3570192
2021,oprd->relcl,oprd,relcl,17,5.034878379551049e-06,0.0052842885047452905,12748,3217084.0,3376447
2022,oprd->relcl,oprd,relcl,18,6.17804720165352e-06,0.006455483879760157,10523,2788327.0,2913542
2023,oprd->relcl,oprd,relcl,17,5.55080834462814e-06,0.005768077153800009,11046,2947256.0,3062617
2024,oprd->relcl,oprd,relcl,22,6.101112066335728e-06,0.006317364280760898,12862,3482465.0,3605900
2025,oprd->relcl,oprd,relcl,32,7.667339076330037e-06,0.007952213163049941,15004,4024037.0,4173547
2026,oprd->relcl,oprd,relcl,6,4.286351115022804e-06,0.004462406456804649,4849,1344566.0,1399792
2019,oprd->xcomp,oprd,xcomp,2,8.138418217035338e-06,0.008407918577716493,912,237871.0,245748
2020,oprd->xcomp,oprd,xcomp,42,1.1764073192702241e-05,0.012307519190938853,14066,3412548.0,3570192
2021,oprd->xcomp,oprd,xcomp,39,1.1550603341322994e-05,0.012122779510886257,12748,3217084.0,3376447
2022,oprd->xcomp,oprd,xcomp,22,7.550946579798747e-06,0.007890035853040192,10523,2788327.0,2913542
2023,oprd->xcomp,oprd,xcomp,28,9.142507861740465e-06,0.00950036237096472,11046,2947256.0,3062617
2024,oprd->xcomp,oprd,xcomp,15,4.159849136137996e-06,0.004307293827791521,12862,3482465.0,3605900
2025,oprd->xcomp,oprd,xcomp,23,5.510899961112214e-06,0.005715653210942146,15004,4024037.0,4173547
2026,oprd->xcomp,oprd,xcomp,6,4.286351115022804e-06,0.004462406456804649,4849,1344566.0,1399792
2020,parataxis->acl,parataxis,acl,6,1.6805818846717488e-06,0.001758217027276979,14066,3412548.0,3570192
2021,parataxis->acl,parataxis,acl,4,1.1846772657767174e-06,0.0012433620011165392,12748,3217084.0,3376447
2022,parataxis->acl,parataxis,acl,8,2.7457987562904533e-06,0.00286910394656007,10523,2788327.0,2913542
2023,parataxis->acl,parataxis,acl,4,1.3060725516772093e-06,0.0013571946244235317,11046,2947256.0,3062617
2024,parataxis->acl,parataxis,acl,7,1.9412629301977313e-06,0.0020100704529693765,12862,3482465.0,3605900
2025,parataxis->acl,parataxis,acl,1,2.3960434613531366e-07,0.00024850666134531066,15004,4024037.0,4173547
2026,parataxis->acl,parataxis,acl,1,7.143918525038006e-07,0.0007437344094674415,4849,1344566.0,1399792
2019,parataxis->acomp,parataxis,acomp,4,1.6276836434070675e-05,0.016815837155432986,912,237871.0,245748
2020,parataxis->acomp,parataxis,acomp,13,3.641260750122122e-06,0.0038094702257667878,14066,3412548.0,3570192
2021,parataxis->acomp,parataxis,acomp,16,4.73870906310687e-06,0.004973448004466157,12748,3217084.0,3376447
2022,parataxis->acomp,parataxis,acomp,11,3.7754732898993733e-06,0.003945017926520096,10523,2788327.0,2913542
2023,parataxis->acomp,parataxis,acomp,7,2.2856269654351162e-06,0.00237509059274118,11046,2947256.0,3062617
2024,parataxis->acomp,parataxis,acomp,10,2.7732327574253305e-06,0.0028715292185276806,12862,3482465.0,3605900
2025,parataxis->acomp,parataxis,acomp,13,3.1148564997590778e-06,0.0032305865974890393,15004,4024037.0,4173547
2026,parataxis->acomp,parataxis,acomp,6,4.286351115022804e-06,0.004462406456804649,4849,1344566.0,1399792
2020,parataxis->advcl,parataxis,advcl,34,9.523297346473243e-06,0.009963229821236213,14066,3412548.0,3570192
2021,parataxis->advcl,parataxis,advcl,24,7.108063594660304e-06,0.007460172006699234,12748,3217084.0,3376447
2022,parataxis->advcl,parataxis,advcl,22,7.550946579798747e-06,0.007890035853040192,10523,2788327.0,2913542
2023,parataxis->advcl,parataxis,advcl,18,5.877326482547442e-06,0.006107375809905892,11046,2947256.0,3062617
2024,parataxis->advcl,parataxis,advcl,25,6.933081893563327e-06,0.007178823046319203,12862,3482465.0,3605900
2025,parataxis->advcl,parataxis,advcl,29,6.948526037924097e-06,0.0072066931790140095,15004,4024037.0,4173547
2026,parataxis->advcl,parataxis,advcl,10,7.143918525038006e-06,0.007437344094674415,4849,1344566.0,1399792
2019,parataxis->advmod,parataxis,advmod,21,8.545339127887104e-05,0.08828314506602318,912,237871.0,245748
2020,parataxis->advmod,parataxis,advmod,163,4.565580786691584e-05,0.04776489590769126,14066,3412548.0,3570192
2021,parataxis->advmod,parataxis,advmod,164,4.8571767896845414e-05,0.0509778420457781,12748,3217084.0,3376447
2022,parataxis->advmod,parataxis,advmod,144,4.942437761322816e-05,0.051643871038081254,10523,2788327.0,2913542
2023,parataxis->advmod,parataxis,advmod,132,4.310039420534791e-05,0.04478742260597654,11046,2947256.0,3062617
2024,parataxis->advmod,parataxis,advmod,176,4.880889653068582e-05,0.05053891424608718,12862,3482465.0,3605900
2025,parataxis->advmod,parataxis,advmod,191,4.5764430111844914e-05,0.04746477231695435,15004,4024037.0,4173547
2026,parataxis->advmod,parataxis,advmod,75,5.3579388937785044e-05,0.05578008071005811,4849,1344566.0,1399792
2020,parataxis->agent,parataxis,agent,11,3.0810667885648726e-06,0.003223397883341128,14066,3412548.0,3570192
2021,parataxis->agent,parataxis,agent,4,1.1846772657767174e-06,0.0012433620011165392,12748,3217084.0,3376447
2022,parataxis->agent,parataxis,agent,10,3.4322484453630665e-06,0.0035863799332000873,10523,2788327.0,2913542
2023,parataxis->agent,parataxis,agent,10,3.2651813791930236e-06,0.003392986561058829,11046,2947256.0,3062617
2024,parataxis->agent,parataxis,agent,5,1.3866163787126653e-06,0.0014357646092638403,12862,3482465.0,3605900
2025,parataxis->agent,parataxis,agent,4,9.584173845412547e-07,0.0009940266453812427,15004,4024037.0,4173547
2026,parataxis->agent,parataxis,agent,3,2.143175557511402e-06,0.0022312032284023246,4849,1344566.0,1399792
2019,parataxis->amod,parataxis,amod,11,4.476130019369435e-05,0.04624355217744071,912,237871.0,245748
2020,parataxis->amod,parataxis,amod,64,1.7926206769831987e-05,0.01875431495762111,14066,3412548.0,3570192
2021,parataxis->amod,parataxis,amod,58,1.71778203537624e-05,0.018028749016189817,12748,3217084.0,3376447
2022,parataxis->amod,parataxis,amod,61,2.0936715516714706e-05,0.021876917592520532,10523,2788327.0,2913542
2023,parataxis->amod,parataxis,amod,83,2.7101005447302094e-05,0.02816178845678828,11046,2947256.0,3062617
2024,parataxis->amod,parataxis,amod,78,2.163121550791758e-05,0.02239792790451591,12862,3482465.0,3605900
2025,parataxis->amod,parataxis,amod,85,2.0366369421501664e-05,0.02112306621435141,15004,4024037.0,4173547
2026,parataxis->amod,parataxis,amod,28,2.0002971870106415e-05,0.02082456346508836,4849,1344566.0,1399792
2019,parataxis->appos,parataxis,appos,6,2.441525465110601e-05,0.02522375573314948,912,237871.0,245748
2020,parataxis->appos,parataxis,appos,70,1.9606788654503734e-05,0.020512531984898087,14066,3412548.0,3570192
2021,parataxis->appos,parataxis,appos,81,2.3989714631978526e-05,0.025178080522609916,12748,3217084.0,3376447
2022,parataxis->appos,parataxis,appos,82,2.8144437251977146e-05,0.029408315452240714,10523,2788327.0,2913542
2023,parataxis->appos,parataxis,appos,70,2.2856269654351165e-05,0.023750905927411803,11046,2947256.0,3062617
2024,parataxis->appos,parataxis,appos,93,2.5791064644055575e-05,0.02670522173230743,12862,3482465.0,3605900
2025,parataxis->appos,parataxis,appos,104,2.4918851998072622e-05,0.025844692779912314,15004,4024037.0,4173547
2026,parataxis->appos,parataxis,appos,30,2.1431755575114016e-05,0.022312032284023245,4849,1344566.0,1399792
2019,parataxis->attr,parataxis,attr,2,8.138418217035338e-06,0.008407918577716493,912,237871.0,245748
2020,parataxis->attr,parataxis,attr,28,7.842715461801493e-06,0.008205012793959235,14066,3412548.0,3570192
2021,parataxis->attr,parataxis,attr,15,4.44253974666269e-06,0.004662607504187022,12748,3217084.0,3376447
2022,parataxis->attr,parataxis,attr,19,6.521272046189827e-06,0.0068141218730801666,10523,2788327.0,2913542
2023,parataxis->attr,parataxis,attr,21,6.856880896305349e-06,0.00712527177822354,11046,2947256.0,3062617
2024,parataxis->attr,parataxis,attr,23,6.37843534207826e-06,0.006604517202613665,12862,3482465.0,3605900
2025,parataxis->attr,parataxis,attr,24,5.750504307247528e-06,0.005964159872287457,15004,4024037.0,4173547
2026,parataxis->attr,parataxis,attr,3,2.143175557511402e-06,0.0022312032284023246,4849,1344566.0,1399792
2019,parataxis->aux,parataxis,aux,5,2.034604554258834e-05,0.021019796444291236,912,237871.0,245748
2020,parataxis->aux,parataxis,aux,17,4.761648673236621e-06,0.004981614910618107,14066,3412548.0,3570192
2021,parataxis->aux,parataxis,aux,20,5.923386328883587e-06,0.0062168100055826955,12748,3217084.0,3376447
2022,parataxis->aux,parataxis,aux,15,5.1483726680446e-06,0.005379569899800131,10523,2788327.0,2913542
2023,parataxis->aux,parataxis,aux,23,7.509917172143954e-06,0.007803869090435307,11046,2947256.0,3062617
2024,parataxis->aux,parataxis,aux,16,4.437172411880529e-06,0.00459444674964429,12862,3482465.0,3605900
2025,parataxis->aux,parataxis,aux,28,6.708921691788783e-06,0.0069581865176686995,15004,4024037.0,4173547
2026,parataxis->aux,parataxis,aux,7,5.000742967526604e-06,0.00520614086627209,4849,1344566.0,1399792
2019,parataxis->auxpass,parataxis,auxpass,1,4.069209108517669e-06,0.0042039592888582465,912,237871.0,245748
2020,parataxis->auxpass,parataxis,auxpass,40,1.1203879231144992e-05,0.011721446848513194,14066,3412548.0,3570192
2021,parataxis->auxpass,parataxis,auxpass,35,1.0365926075546277e-05,0.010879417509769718,12748,3217084.0,3376447
2022,parataxis->auxpass,parataxis,auxpass,37,1.2699319247843347e-05,0.013269605752840323,10523,2788327.0,2913542
2023,parataxis->auxpass,parataxis,auxpass,50,1.6325906895965118e-05,0.016964932805294142,11046,2947256.0,3062617
2024,parataxis->auxpass,parataxis,auxpass,37,1.0260961202473723e-05,0.01062465810855242,12862,3482465.0,3605900
2025,parataxis->auxpass,parataxis,auxpass,43,1.0302986883818488e-05,0.01068578643784836,15004,4024037.0,4173547
2026,parataxis->auxpass,parataxis,auxpass,15,1.0715877787557008e-05,0.011156016142011622,4849,1344566.0,1399792
2020,parataxis->case,parataxis,case,1,2.800969807786248e-07,0.0002930361712128298,14066,3412548.0,3570192
2019,parataxis->cc,parataxis,cc,7,2.848446375962368e-05,0.029427715022007726,912,237871.0,245748
2020,parataxis->cc,parataxis,cc,85,2.380824336618311e-05,0.024908074553090534,14066,3412548.0,3570192
2021,parataxis->cc,parataxis,cc,93,2.754374642930868e-05,0.028908166525959535,12748,3217084.0,3376447
2022,parataxis->cc,parataxis,cc,76,2.6085088184759308e-05,0.027256487492320666,10523,2788327.0,2913542
2023,parataxis->cc,parataxis,cc,109,3.559047703320396e-05,0.03698355351554124,11046,2947256.0,3062617
2024,parataxis->cc,parataxis,cc,122,3.3833439640589036e-05,0.035032656466037704,12862,3482465.0,3605900
2025,parataxis->cc,parataxis,cc,117,2.80337084978317e-05,0.029075279377401352,15004,4024037.0,4173547
2026,parataxis->cc,parataxis,cc,50,3.5719592625190025e-05,0.03718672047337208,4849,1344566.0,1399792
2019,parataxis->ccomp,parataxis,ccomp,1,4.069209108517669e-06,0.0042039592888582465,912,237871.0,245748
2020,parataxis->ccomp,parataxis,ccomp,18,5.041745654015246e-06,0.005274651081830937,14066,3412548.0,3570192
2021,parataxis->ccomp,parataxis,ccomp,12,3.554031797330152e-06,0.003730086003349617,12748,3217084.0,3376447
2022,parataxis->ccomp,parataxis,ccomp,8,2.7457987562904533e-06,0.00286910394656007,10523,2788327.0,2913542
2023,parataxis->ccomp,parataxis,ccomp,7,2.2856269654351162e-06,0.00237509059274118,11046,2947256.0,3062617
2024,parataxis->ccomp,parataxis,ccomp,8,2.2185862059402647e-06,0.002297223374822145,12862,3482465.0,3605900
2025,parataxis->ccomp,parataxis,ccomp,9,2.156439115217823e-06,0.002236559952107796,15004,4024037.0,4173547
2026,parataxis->ccomp,parataxis,ccomp,3,2.143175557511402e-06,0.0022312032284023246,4849,1344566.0,1399792
2019,parataxis->compound,parataxis,compound,11,4.476130019369435e-05,0.04624355217744071,912,237871.0,245748
2020,parataxis->compound,parataxis,compound,110,3.081066788564873e-05,0.03223397883341128,14066,3412548.0,3570192
2021,parataxis->compound,parataxis,compound,128,3.790967250485496e-05,0.039787584035729254,12748,3217084.0,3376447
2022,parataxis->compound,parataxis,compound,135,4.63353540124014e-05,0.04841612909820118,10523,2788327.0,2913542
2023,parataxis->compound,parataxis,compound,122,3.983521282615489e-05,0.041394436044917715,11046,2947256.0,3062617
2024,parataxis->compound,parataxis,compound,128,3.5497379295044235e-05,0.03675557399715432,12862,3482465.0,3605900
2025,parataxis->compound,parataxis,compound,143,3.4263421497349854e-05,0.035536452572379425,15004,4024037.0,4173547
2026,parataxis->compound,parataxis,compound,82,5.858013190531164e-05,0.060986221576330206,4849,1344566.0,1399792
2019,parataxis->conj,parataxis,conj,7,2.848446375962368e-05,0.029427715022007726,912,237871.0,245748
2020,parataxis->conj,parataxis,conj,95,2.6609213173969354e-05,0.027838436265218834,14066,3412548.0,3570192
2021,parataxis->conj,parataxis,conj,104,3.080160891019465e-05,0.03232741202903002,12748,3217084.0,3376447
2022,parataxis->conj,parataxis,conj,106,3.638183352084851e-05,0.03801562729192092,10523,2788327.0,2913542
2023,parataxis->conj,parataxis,conj,115,3.754958586071977e-05,0.039019345452176536,11046,2947256.0,3062617
2024,parataxis->conj,parataxis,conj,145,4.021187498266729e-05,0.04163717366865138,12862,3482465.0,3605900
2025,parataxis->conj,parataxis,conj,132,3.1627773689861405e-05,0.03280287929758101,15004,4024037.0,4173547
2026,parataxis->conj,parataxis,conj,56,4.000594374021283e-05,0.04164912693017672,4849,1344566.0,1399792
2020,parataxis->csubj,parataxis,csubj,1,2.800969807786248e-07,0.0002930361712128298,14066,3412548.0,3570192
2025,parataxis->csubj,parataxis,csubj,1,2.3960434613531366e-07,0.00024850666134531066,15004,4024037.0,4173547
2026,parataxis->csubj,parataxis,csubj,1,7.143918525038006e-07,0.0007437344094674415,4849,1344566.0,1399792
2022,parataxis->csubjpass,parataxis,csubjpass,1,3.4322484453630666e-07,0.00035863799332000874,10523,2788327.0,2913542
2020,parataxis->dative,parataxis,dative,1,2.800969807786248e-07,0.0002930361712128298,14066,3412548.0,3570192
2021,parataxis->dative,parataxis,dative,1,2.9616931644417936e-07,0.0003108405002791348,12748,3217084.0,3376447
2022,parataxis->dative,parataxis,dative,1,3.4322484453630666e-07,0.00035863799332000874,10523,2788327.0,2913542
2024,parataxis->dative,parataxis,dative,1,2.773232757425331e-07,0.0002871529218527681,12862,3482465.0,3605900
2025,parataxis->dative,parataxis,dative,2,4.792086922706273e-07,0.0004970133226906213,15004,4024037.0,4173547
2019,parataxis->dep,parataxis,dep,2,8.138418217035338e-06,0.008407918577716493,912,237871.0,245748
2020,parataxis->dep,parataxis,dep,55,1.5405333942824364e-05,0.01611698941670564,14066,3412548.0,3570192
2021,parataxis->dep,parataxis,dep,49,1.4512296505764788e-05,0.015231184513677604,12748,3217084.0,3376447
2022,parataxis->dep,parataxis,dep,43,1.4758668315061186e-05,0.015421433712760375,10523,2788327.0,2913542
2023,parataxis->dep,parataxis,dep,57,1.8611533861400235e-05,0.019340023398035325,11046,2947256.0,3062617
2024,parataxis->dep,parataxis,dep,51,1.4143487062869186e-05,0.014644799014491172,12862,3482465.0,3605900
2025,parataxis->dep,parataxis,dep,86,2.0605973767636976e-05,0.02137157287569672,15004,4024037.0,4173547
2026,parataxis->dep,parataxis,dep,32,2.2860539280121618e-05,0.02379950110295813,4849,1344566.0,1399792
2020,parataxis->det,parataxis,det,11,3.0810667885648726e-06,0.003223397883341128,14066,3412548.0,3570192
2021,parataxis->det,parataxis,det,5,1.4808465822208967e-06,0.0015542025013956739,12748,3217084.0,3376447
2022,parataxis->det,parataxis,det,6,2.05934906721784e-06,0.0021518279599200526,10523,2788327.0,2913542
2023,parataxis->det,parataxis,det,6,1.9591088275158142e-06,0.002035791936635297,11046,2947256.0,3062617
2024,parataxis->det,parataxis,det,7,1.9412629301977313e-06,0.0020100704529693765,12862,3482465.0,3605900
2025,parataxis->det,parataxis,det,6,1.437626076811882e-06,0.0014910399680718642,15004,4024037.0,4173547
2026,parataxis->det,parataxis,det,10,7.143918525038006e-06,0.007437344094674415,4849,1344566.0,1399792
2019,parataxis->dobj,parataxis,dobj,25,0.00010173022771294171,0.10509898222145617,912,237871.0,245748
2020,parataxis->dobj,parataxis,dobj,198,5.545920219416771e-05,0.058021161900140304,14066,3412548.0,3570192
2021,parataxis->dobj,parataxis,dobj,207,6.130704850394512e-05,0.0643439835577809,12748,3217084.0,3376447
2022,parataxis->dobj,parataxis,dobj,201,6.898819375179764e-05,0.07208623665732175,10523,2788327.0,2913542
2023,parataxis->dobj,parataxis,dobj,190,6.203844620466744e-05,0.06446674466011774,11046,2947256.0,3062617
2024,parataxis->dobj,parataxis,dobj,236,6.54482930752378e-05,0.06776808955725326,12862,3482465.0,3605900
2025,parataxis->dobj,parataxis,dobj,295,7.068328210991754e-05,0.07330946509686666,15004,4024037.0,4173547
2026,parataxis->dobj,parataxis,dobj,130,9.287094082549407e-05,0.0966854732307674,4849,1344566.0,1399792
2020,parataxis->expl,parataxis,expl,1,2.800969807786248e-07,0.0002930361712128298,14066,3412548.0,3570192
2021,parataxis->expl,parataxis,expl,2,5.923386328883587e-07,0.0006216810005582696,12748,3217084.0,3376447
2022,parataxis->expl,parataxis,expl,1,3.4322484453630666e-07,0.00035863799332000874,10523,2788327.0,2913542
2023,parataxis->expl,parataxis,expl,1,3.2651813791930233e-07,0.0003392986561058829,11046,2947256.0,3062617
2024,parataxis->expl,parataxis,expl,1,2.773232757425331e-07,0.0002871529218527681,12862,3482465.0,3605900
2019,parataxis->intj,parataxis,intj,1,4.069209108517669e-06,0.0042039592888582465,912,237871.0,245748
2020,parataxis->intj,parataxis,intj,15,4.201454711679372e-06,0.004395542568192448,14066,3412548.0,3570192
2021,parataxis->intj,parataxis,intj,20,5.923386328883587e-06,0.0062168100055826955,12748,3217084.0,3376447
2022,parataxis->intj,parataxis,intj,11,3.7754732898993733e-06,0.003945017926520096,10523,2788327.0,2913542
2023,parataxis->intj,parataxis,intj,13,4.2447357929509305e-06,0.004410882529376477,11046,2947256.0,3062617
2024,parataxis->intj,parataxis,intj,21,5.823788790593194e-06,0.0060302113589081295,12862,3482465.0,3605900
2025,parataxis->intj,parataxis,intj,13,3.1148564997590778e-06,0.0032305865974890393,15004,4024037.0,4173547
2026,parataxis->intj,parataxis,intj,5,3.571959262519003e-06,0.0037186720473372076,4849,1344566.0,1399792
2019,parataxis->mark,parataxis,mark,1,4.069209108517669e-06,0.0042039592888582465,912,237871.0,245748
2020,parataxis->mark,parataxis,mark,8,2.2407758462289984e-06,0.0023442893697026386,14066,3412548.0,3570192
2021,parataxis->mark,parataxis,mark,8,2.369354531553435e-06,0.0024867240022330784,12748,3217084.0,3376447
2022,parataxis->mark,parataxis,mark,10,3.4322484453630665e-06,0.0035863799332000873,10523,2788327.0,2913542
2023,parataxis->mark,parataxis,mark,3,9.795544137579071e-07,0.0010178959683176485,11046,2947256.0,3062617
2024,parataxis->mark,parataxis,mark,7,1.9412629301977313e-06,0.0020100704529693765,12862,3482465.0,3605900
2025,parataxis->mark,parataxis,mark,4,9.584173845412547e-07,0.0009940266453812427,15004,4024037.0,4173547
2026,parataxis->mark,parataxis,mark,5,3.571959262519003e-06,0.0037186720473372076,4849,1344566.0,1399792
2020,parataxis->meta,parataxis,meta,3,8.402909423358744e-07,0.0008791085136384895,14066,3412548.0,3570192
2021,parataxis->meta,parataxis,meta,1,2.9616931644417936e-07,0.0003108405002791348,12748,3217084.0,3376447
2022,parataxis->meta,parataxis,meta,2,6.864496890726133e-07,0.0007172759866400175,10523,2788327.0,2913542
2023,parataxis->meta,parataxis,meta,2,6.530362758386047e-07,0.0006785973122117658,11046,2947256.0,3062617
2024,parataxis->meta,parataxis,meta,1,2.773232757425331e-07,0.0002871529218527681,12862,3482465.0,3605900
2025,parataxis->meta,parataxis,meta,1,2.3960434613531366e-07,0.00024850666134531066,15004,4024037.0,4173547
2026,parataxis->meta,parataxis,meta,1,7.143918525038006e-07,0.0007437344094674415,4849,1344566.0,1399792
2019,parataxis->neg,parataxis,neg,2,8.138418217035338e-06,0.008407918577716493,912,237871.0,245748
2020,parataxis->neg,parataxis,neg,12,3.3611637693434976e-06,0.003516434054553958,14066,3412548.0,3570192
2021,parataxis->neg,parataxis,neg,17,5.034878379551049e-06,0.0052842885047452905,12748,3217084.0,3376447
2022,parataxis->neg,parataxis,neg,6,2.05934906721784e-06,0.0021518279599200526,10523,2788327.0,2913542
2023,parataxis->neg,parataxis,neg,9,2.938663241273721e-06,0.003053687904952946,11046,2947256.0,3062617
2024,parataxis->neg,parataxis,neg,10,2.7732327574253305e-06,0.0028715292185276806,12862,3482465.0,3605900
2025,parataxis->neg,parataxis,neg,14,3.3544608458943914e-06,0.0034790932588343497,15004,4024037.0,4173547
2026,parataxis->neg,parataxis,neg,2,1.4287837050076011e-06,0.001487468818934883,4849,1344566.0,1399792
2019,parataxis->nmod,parataxis,nmod,4,1.6276836434070675e-05,0.016815837155432986,912,237871.0,245748
2020,parataxis->nmod,parataxis,nmod,27,7.56261848102287e-06,0.007911976622746404,14066,3412548.0,3570192
2021,parataxis->nmod,parataxis,nmod,36,1.0662095391990457e-05,0.011190258010048852,12748,3217084.0,3376447
2022,parataxis->nmod,parataxis,nmod,36,1.235609440330704e-05,0.012910967759520314,10523,2788327.0,2913542
2023,parataxis->nmod,parataxis,nmod,46,1.5019834344287908e-05,0.015607738180870615,11046,2947256.0,3062617
2024,parataxis->nmod,parataxis,nmod,44,1.2202224132671455e-05,0.012634728561521796,12862,3482465.0,3605900
2025,parataxis->nmod,parataxis,nmod,64,1.5334678152660074e-05,0.015904426326099882,15004,4024037.0,4173547
2026,parataxis->nmod,parataxis,nmod,27,1.9288580017602614e-05,0.020080829055620922,4849,1344566.0,1399792
2019,parataxis->npadvmod,parataxis,npadvmod,25,0.00010173022771294171,0.10509898222145617,912,237871.0,245748
2020,parataxis->npadvmod,parataxis,npadvmod,229,6.414220859830508e-05,0.06710528320773802,14066,3412548.0,3570192
2021,parataxis->npadvmod,parataxis,npadvmod,194,5.745684739017079e-05,0.06030305705415214,12748,3217084.0,3376447
2022,parataxis->npadvmod,parataxis,npadvmod,179,6.14372471719989e-05,0.06419620080428157,10523,2788327.0,2913542
2023,parataxis->npadvmod,parataxis,npadvmod,199,6.497710944594117e-05,0.06752043256507069,11046,2947256.0,3062617
2024,parataxis->npadvmod,parataxis,npadvmod,211,5.851521118167448e-05,0.06058926651093407,12862,3482465.0,3605900
2025,parataxis->npadvmod,parataxis,npadvmod,325,7.787141249397695e-05,0.08076466493722596,15004,4024037.0,4173547
2026,parataxis->npadvmod,parataxis,npadvmod,112,8.001188748042566e-05,0.08329825386035344,4849,1344566.0,1399792
2019,parataxis->nsubj,parataxis,nsubj,28,0.00011393785503849472,0.1177108600880309,912,237871.0,245748
2020,parataxis->nsubj,parataxis,nsubj,292,8.178831838735844e-05,0.08556656199414632,14066,3412548.0,3570192
2021,parataxis->nsubj,parataxis,nsubj,262,7.759636090837498e-05,0.08144021107313332,12748,3217084.0,3376447
2022,parataxis->nsubj,parataxis,nsubj,249,8.546298628954036e-05,0.08930086033668218,10523,2788327.0,2913542
2023,parataxis->nsubj,parataxis,nsubj,242,7.901738937647116e-05,0.08211027477762367,11046,2947256.0,3062617
2024,parataxis->nsubj,parataxis,nsubj,320,8.874344823761058e-05,0.09188893499288578,12862,3482465.0,3605900
2025,parataxis->nsubj,parataxis,nsubj,344,8.24238950705479e-05,0.08548629150278687,15004,4024037.0,4173547
2026,parataxis->nsubj,parataxis,nsubj,132,9.429972453050167e-05,0.09817294204970228,4849,1344566.0,1399792
2020,parataxis->nsubjpass,parataxis,nsubjpass,36,1.0083491308030492e-05,0.010549302163661874,14066,3412548.0,3570192
2021,parataxis->nsubjpass,parataxis,nsubjpass,33,9.773587442657917e-06,0.010257736509211447,12748,3217084.0,3376447
2022,parataxis->nsubjpass,parataxis,nsubjpass,36,1.235609440330704e-05,0.012910967759520314,10523,2788327.0,2913542
2023,parataxis->nsubjpass,parataxis,nsubjpass,45,1.4693316206368606e-05,0.015268439524764732,11046,2947256.0,3062617
2024,parataxis->nsubjpass,parataxis,nsubjpass,34,9.428991375246124e-06,0.009763199342994116,12862,3482465.0,3605900
2025,parataxis->nsubjpass,parataxis,nsubjpass,40,9.584173845412548e-06,0.009940266453812427,15004,4024037.0,4173547
2026,parataxis->nsubjpass,parataxis,nsubjpass,15,1.0715877787557008e-05,0.011156016142011622,4849,1344566.0,1399792
2019,parataxis->nummod,parataxis,nummod,11,4.476130019369435e-05,0.04624355217744071,912,237871.0,245748
2020,parataxis->nummod,parataxis,nummod,98,2.744950411630523e-05,0.028717544778857323,14066,3412548.0,3570192
2021,parataxis->nummod,parataxis,nummod,108,3.198628617597137e-05,0.03357077403014656,12748,3217084.0,3376447
2022,parataxis->nummod,parataxis,nummod,109,3.741150805445743e-05,0.03909154127188095,10523,2788327.0,2913542
2023,parataxis->nummod,parataxis,nummod,91,2.9713150550656514e-05,0.030876177705635343,11046,2947256.0,3062617
2024,parataxis->nummod,parataxis,nummod,96,2.6623034471283174e-05,0.027566680497865734,12862,3482465.0,3605900
2025,parataxis->nummod,parataxis,nummod,127,3.0429751959184836e-05,0.03156034599085446,15004,4024037.0,4173547
2026,parataxis->nummod,parataxis,nummod,70,5.000742967526604e-05,0.05206140866272091,4849,1344566.0,1399792
2020,parataxis->oprd,parataxis,oprd,9,2.520872827007623e-06,0.0026373255409154685,14066,3412548.0,3570192
2021,parataxis->oprd,parataxis,oprd,8,2.369354531553435e-06,0.0024867240022330784,12748,3217084.0,3376447
2022,parataxis->oprd,parataxis,oprd,3,1.02967453360892e-06,0.0010759139799600263,10523,2788327.0,2913542
2023,parataxis->oprd,parataxis,oprd,7,2.2856269654351162e-06,0.00237509059274118,11046,2947256.0,3062617
2024,parataxis->oprd,parataxis,oprd,6,1.6639396544551984e-06,0.0017229175311166084,12862,3482465.0,3605900
2025,parataxis->oprd,parataxis,oprd,11,2.6356478074884506e-06,0.0027335732747984175,15004,4024037.0,4173547
2026,parataxis->oprd,parataxis,oprd,3,2.143175557511402e-06,0.0022312032284023246,4849,1344566.0,1399792
2019,parataxis->parataxis,parataxis,parataxis,2,8.138418217035338e-06,0.008407918577716493,912,237871.0,245748
2020,parataxis->parataxis,parataxis,parataxis,7,1.9606788654503734e-06,0.0020512531984898086,14066,3412548.0,3570192
2021,parataxis->parataxis,parataxis,parataxis,7,2.0731852151092556e-06,0.0021758835019539432,12748,3217084.0,3376447
2022,parataxis->parataxis,parataxis,parataxis,4,1.3728993781452266e-06,0.001434551973280035,10523,2788327.0,2913542
2023,parataxis->parataxis,parataxis,parataxis,2,6.530362758386047e-07,0.0006785973122117658,11046,2947256.0,3062617
2024,parataxis->parataxis,parataxis,parataxis,8,2.2185862059402647e-06,0.002297223374822145,12862,3482465.0,3605900
2025,parataxis->parataxis,parataxis,parataxis,8,1.9168347690825093e-06,0.0019880532907624853,15004,4024037.0,4173547
2026,parataxis->parataxis,parataxis,parataxis,2,1.4287837050076011e-06,0.001487468818934883,4849,1344566.0,1399792
2020,parataxis->pcomp,parataxis,pcomp,2,5.601939615572496e-07,0.0005860723424256596,14066,3412548.0,3570192
2022,parataxis->pcomp,parataxis,pcomp,1,3.4322484453630666e-07,0.00035863799332000874,10523,2788327.0,2913542
2019,parataxis->pobj,parataxis,pobj,2,8.138418217035338e-06,0.008407918577716493,912,237871.0,245748
2020,parataxis->pobj,parataxis,pobj,7,1.9606788654503734e-06,0.0020512531984898086,14066,3412548.0,3570192
2021,parataxis->pobj,parataxis,pobj,7,2.0731852151092556e-06,0.0021758835019539432,12748,3217084.0,3376447
2022,parataxis->pobj,parataxis,pobj,3,1.02967453360892e-06,0.0010759139799600263,10523,2788327.0,2913542
2023,parataxis->pobj,parataxis,pobj,3,9.795544137579071e-07,0.0010178959683176485,11046,2947256.0,3062617
2024,parataxis->pobj,parataxis,pobj,4,1.1092931029701323e-06,0.0011486116874110724,12862,3482465.0,3605900
2025,parataxis->pobj,parataxis,pobj,11,2.6356478074884506e-06,0.0027335732747984175,15004,4024037.0,4173547
2026,parataxis->pobj,parataxis,pobj,5,3.571959262519003e-06,0.0037186720473372076,4849,1344566.0,1399792
2021,parataxis->poss,parataxis,poss,1,2.9616931644417936e-07,0.0003108405002791348,12748,3217084.0,3376447
2020,parataxis->preconj,parataxis,preconj,1,2.800969807786248e-07,0.0002930361712128298,14066,3412548.0,3570192
2021,parataxis->preconj,parataxis,preconj,3,8.88507949332538e-07,0.0009325215008374043,12748,3217084.0,3376447
2022,parataxis->preconj,parataxis,preconj,2,6.864496890726133e-07,0.0007172759866400175,10523,2788327.0,2913542
2023,parataxis->preconj,parataxis,preconj,1,3.2651813791930233e-07,0.0003392986561058829,11046,2947256.0,3062617
2024,parataxis->preconj,parataxis,preconj,1,2.773232757425331e-07,0.0002871529218527681,12862,3482465.0,3605900
2025,parataxis->preconj,parataxis,preconj,1,2.3960434613531366e-07,0.00024850666134531066,15004,4024037.0,4173547
2019,parataxis->prep,parataxis,prep,24,9.766101860442404e-05,0.10089502293259792,912,237871.0,245748
2020,parataxis->prep,parataxis,prep,229,6.414220859830508e-05,0.06710528320773802,14066,3412548.0,3570192
2021,parataxis->prep,parataxis,prep,248,7.344999047815648e-05,0.07708844406922542,12748,3217084.0,3376447
2022,parataxis->prep,parataxis,prep,173,5.937789810478105e-05,0.06204437284436151,10523,2788327.0,2913542
2023,parataxis->prep,parataxis,prep,207,6.758925454929559e-05,0.07023482181391776,11046,2947256.0,3062617
2024,parataxis->prep,parataxis,prep,218,6.045647411187221e-05,0.06259933696390343,12862,3482465.0,3605900
2025,parataxis->prep,parataxis,prep,270,6.46931734565347e-05,0.06709679856323389,15004,4024037.0,4173547
2026,parataxis->prep,parataxis,prep,102,7.286796895538765e-05,0.07586090976567904,4849,1344566.0,1399792
2020,parataxis->prt,parataxis,prt,2,5.601939615572496e-07,0.0005860723424256596,14066,3412548.0,3570192
2021,parataxis->prt,parataxis,prt,2,5.923386328883587e-07,0.0006216810005582696,12748,3217084.0,3376447
2022,parataxis->prt,parataxis,prt,2,6.864496890726133e-07,0.0007172759866400175,10523,2788327.0,2913542
2023,parataxis->prt,parataxis,prt,1,3.2651813791930233e-07,0.0003392986561058829,11046,2947256.0,3062617
2024,parataxis->prt,parataxis,prt,2,5.546465514850662e-07,0.0005743058437055362,12862,3482465.0,3605900
2025,parataxis->prt,parataxis,prt,2,4.792086922706273e-07,0.0004970133226906213,15004,4024037.0,4173547
2026,parataxis->prt,parataxis,prt,2,1.4287837050076011e-06,0.001487468818934883,4849,1344566.0,1399792
2020,parataxis->relcl,parataxis,relcl,2,5.601939615572496e-07,0.0005860723424256596,14066,3412548.0,3570192
2021,parataxis->relcl,parataxis,relcl,2,5.923386328883587e-07,0.0006216810005582696,12748,3217084.0,3376447
2022,parataxis->relcl,parataxis,relcl,1,3.4322484453630666e-07,0.00035863799332000874,10523,2788327.0,2913542
2025,parataxis->relcl,parataxis,relcl,2,4.792086922706273e-07,0.0004970133226906213,15004,4024037.0,4173547
2020,parataxis->xcomp,parataxis,xcomp,8,2.2407758462289984e-06,0.0023442893697026386,14066,3412548.0,3570192
2021,parataxis->xcomp,parataxis,xcomp,11,3.2578624808859728e-06,0.0034192455030704824,12748,3217084.0,3376447
2022,parataxis->xcomp,parataxis,xcomp,11,3.7754732898993733e-06,0.003945017926520096,10523,2788327.0,2913542
2023,parataxis->xcomp,parataxis,xcomp,12,3.9182176550316284e-06,0.004071583873270594,11046,2947256.0,3062617
2024,parataxis->xcomp,parataxis,xcomp,12,3.3278793089103968e-06,0.003445835062233217,12862,3482465.0,3605900
2025,parataxis->xcomp,parataxis,xcomp,13,3.1148564997590778e-06,0.0032305865974890393,15004,4024037.0,4173547
2026,parataxis->xcomp,parataxis,xcomp,1,7.143918525038006e-07,0.0007437344094674415,4849,1344566.0,1399792
2019,pcomp->acl,pcomp,acl,1,4.069209108517669e-06,0.0042039592888582465,912,237871.0,245748
2020,pcomp->acl,pcomp,acl,2,5.601939615572496e-07,0.0005860723424256596,14066,3412548.0,3570192
2021,pcomp->acl,pcomp,acl,2,5.923386328883587e-07,0.0006216810005582696,12748,3217084.0,3376447
2022,pcomp->acl,pcomp,acl,3,1.02967453360892e-06,0.0010759139799600263,10523,2788327.0,2913542
2023,pcomp->acl,pcomp,acl,3,9.795544137579071e-07,0.0010178959683176485,11046,2947256.0,3062617
2024,pcomp->acl,pcomp,acl,6,1.6639396544551984e-06,0.0017229175311166084,12862,3482465.0,3605900
2025,pcomp->acl,pcomp,acl,5,1.1980217306765685e-06,0.0012425333067265533,15004,4024037.0,4173547
2026,pcomp->acl,pcomp,acl,3,2.143175557511402e-06,0.0022312032284023246,4849,1344566.0,1399792
2019,pcomp->acomp,pcomp,acomp,18,7.324576395331804e-05,0.07567126719944844,912,237871.0,245748
2020,pcomp->acomp,pcomp,acomp,363,0.0001016752040226408,0.10637213015025722,14066,3412548.0,3570192
2021,pcomp->acomp,pcomp,acomp,307,9.092398014836306e-05,0.09542803358569438,12748,3217084.0,3376447
2022,pcomp->acomp,pcomp,acomp,247,8.477653660046774e-05,0.08858358435004215,10523,2788327.0,2913542
2023,pcomp->acomp,pcomp,acomp,226,7.379309916976233e-05,0.07668149627992954,11046,2947256.0,3062617
2024,pcomp->acomp,pcomp,acomp,324,8.985274134058071e-05,0.09303754668029686,12862,3482465.0,3605900
2025,pcomp->acomp,pcomp,acomp,309,7.403774295581193e-05,0.076788558355701,15004,4024037.0,4173547
2026,pcomp->acomp,pcomp,acomp,99,7.072479339787626e-05,0.07362970653727671,4849,1344566.0,1399792
2019,pcomp->advcl,pcomp,advcl,33,0.00013428390058108306,0.13873065653232214,912,237871.0,245748
2020,pcomp->advcl,pcomp,advcl,603,0.00016889847940951074,0.17670081124133638,14066,3412548.0,3570192
2021,pcomp->advcl,pcomp,advcl,574,0.00017000118763895895,0.17842244716022337,12748,3217084.0,3376447
2022,pcomp->advcl,pcomp,advcl,449,0.00015410795519680168,0.1610284590006839,10523,2788327.0,2913542
2023,pcomp->advcl,pcomp,advcl,576,0.00018807444744151815,0.19543602591698855,11046,2947256.0,3062617
2024,pcomp->advcl,pcomp,advcl,826,0.00022906902576333232,0.23718831345038643,12862,3482465.0,3605900
2025,pcomp->advcl,pcomp,advcl,859,0.00020582013333023444,0.21346722209562188,15004,4024037.0,4173547
2026,pcomp->advcl,pcomp,advcl,235,0.00016788208533839312,0.17477758622484876,4849,1344566.0,1399792
2019,pcomp->advmod,pcomp,advmod,90,0.0003662288197665902,0.37835633599724217,912,237871.0,245748
2020,pcomp->advmod,pcomp,advmod,1308,0.00036636685085844123,0.3832913119463814,14066,3412548.0,3570192
2021,pcomp->advmod,pcomp,advmod,1229,0.0003639920899098964,0.38202297484305664,12748,3217084.0,3376447
2022,pcomp->advmod,pcomp,advmod,1094,0.0003754879799227195,0.39234996469208955,10523,2788327.0,2913542
2023,pcomp->advmod,pcomp,advmod,1142,0.00037288371350384326,0.3874790652729183,11046,2947256.0,3062617
2024,pcomp->advmod,pcomp,advmod,1463,0.0004057239524113259,0.4201047246705997,12862,3482465.0,3605900
2025,pcomp->advmod,pcomp,advmod,1634,0.00039151350158510257,0.40605988463823767,15004,4024037.0,4173547
2026,pcomp->advmod,pcomp,advmod,495,0.00035362396698938127,0.36814853268638353,4849,1344566.0,1399792
2019,pcomp->agent,pcomp,agent,1,4.069209108517669e-06,0.0042039592888582465,912,237871.0,245748
2020,pcomp->agent,pcomp,agent,43,1.2044170173480866e-05,0.012600555362151683,14066,3412548.0,3570192
2021,pcomp->agent,pcomp,agent,51,1.5104635138653146e-05,0.015852865514235873,12748,3217084.0,3376447
2022,pcomp->agent,pcomp,agent,35,1.2012869558770734e-05,0.012552329766200306,10523,2788327.0,2913542
2023,pcomp->agent,pcomp,agent,37,1.2081171103014186e-05,0.012554050275917668,11046,2947256.0,3062617
2024,pcomp->agent,pcomp,agent,42,1.1647577581186389e-05,0.012060422717816259,12862,3482465.0,3605900
2025,pcomp->agent,pcomp,agent,42,1.0063382537683174e-05,0.01043727977650305,15004,4024037.0,4173547
2026,pcomp->agent,pcomp,agent,14,1.0001485935053207e-05,0.01041228173254418,4849,1344566.0,1399792
2019,pcomp->amod,pcomp,amod,5,2.034604554258834e-05,0.021019796444291236,912,237871.0,245748
2020,pcomp->amod,pcomp,amod,82,2.2967952423847233e-05,0.024028966039452048,14066,3412548.0,3570192
2021,pcomp->amod,pcomp,amod,78,2.3101206682645988e-05,0.024245559021772514,12748,3217084.0,3376447
2022,pcomp->amod,pcomp,amod,59,2.0250265827642092e-05,0.021159641605880516,10523,2788327.0,2913542
2023,pcomp->amod,pcomp,amod,63,2.0570642688916047e-05,0.021375815334670624,11046,2947256.0,3062617
2024,pcomp->amod,pcomp,amod,90,2.4959094816827976e-05,0.025843762966749128,12862,3482465.0,3605900
2025,pcomp->amod,pcomp,amod,85,2.0366369421501664e-05,0.02112306621435141,15004,4024037.0,4173547
2026,pcomp->amod,pcomp,amod,43,3.0718849657663426e-05,0.03198057960709999,4849,1344566.0,1399792
2019,pcomp->appos,pcomp,appos,1,4.069209108517669e-06,0.0042039592888582465,912,237871.0,245748
2020,pcomp->appos,pcomp,appos,10,2.800969807786248e-06,0.0029303617121282984,14066,3412548.0,3570192
2021,pcomp->appos,pcomp,appos,10,2.9616931644417935e-06,0.0031084050027913477,12748,3217084.0,3376447
2022,pcomp->appos,pcomp,appos,4,1.3728993781452266e-06,0.001434551973280035,10523,2788327.0,2913542
2023,pcomp->appos,pcomp,appos,18,5.877326482547442e-06,0.006107375809905892,11046,2947256.0,3062617
2024,pcomp->appos,pcomp,appos,15,4.159849136137996e-06,0.004307293827791521,12862,3482465.0,3605900
2025,pcomp->appos,pcomp,appos,8,1.9168347690825093e-06,0.0019880532907624853,15004,4024037.0,4173547
2026,pcomp->appos,pcomp,appos,6,4.286351115022804e-06,0.004462406456804649,4849,1344566.0,1399792
2019,pcomp->attr,pcomp,attr,7,2.848446375962368e-05,0.029427715022007726,912,237871.0,245748
2020,pcomp->attr,pcomp,attr,154,4.3134935039908217e-05,0.04512757036677579,14066,3412548.0,3570192
2021,pcomp->attr,pcomp,attr,156,4.6202413365291977e-05,0.04849111804354503,12748,3217084.0,3376447
2022,pcomp->attr,pcomp,attr,144,4.942437761322816e-05,0.051643871038081254,10523,2788327.0,2913542
2023,pcomp->attr,pcomp,attr,171,5.58346015842007e-05,0.058020070194105974,11046,2947256.0,3062617
2024,pcomp->attr,pcomp,attr,222,6.156576721484234e-05,0.06374794865131451,12862,3482465.0,3605900
2025,pcomp->attr,pcomp,attr,218,5.223374745749838e-05,0.05417445217327773,15004,4024037.0,4173547
2026,pcomp->attr,pcomp,attr,70,5.000742967526604e-05,0.05206140866272091,4849,1344566.0,1399792
2019,pcomp->aux,pcomp,aux,23,9.359180949590637e-05,0.09669106364373968,912,237871.0,245748
2020,pcomp->aux,pcomp,aux,430,0.00012044170173480866,0.12600555362151683,14066,3412548.0,3570192
2021,pcomp->aux,pcomp,aux,376,0.00011135966298301143,0.11687602810495466,12748,3217084.0,3376447
2022,pcomp->aux,pcomp,aux,328,0.00011257774900790858,0.11763326180896286,10523,2788327.0,2913542
2023,pcomp->aux,pcomp,aux,302,9.860847765162931e-05,0.10246819414397663,11046,2947256.0,3062617
2024,pcomp->aux,pcomp,aux,305,8.458359910147259e-05,0.08758164116509427,12862,3482465.0,3605900
2025,pcomp->aux,pcomp,aux,361,8.649716895484824e-05,0.08971090474565716,15004,4024037.0,4173547
2026,pcomp->aux,pcomp,aux,96,6.858161784036486e-05,0.07139850330887439,4849,1344566.0,1399792
2019,pcomp->auxpass,pcomp,auxpass,26,0.00010579943682145938,0.10930294151031442,912,237871.0,245748
2020,pcomp->auxpass,pcomp,auxpass,490,0.00013724752058152614,0.14358772389428662,14066,3412548.0,3570192
2021,pcomp->auxpass,pcomp,auxpass,462,0.00013683022419721085,0.14360831112896025,12748,3217084.0,3376447
2022,pcomp->auxpass,pcomp,auxpass,350,0.00012012869558770733,0.12552329766200307,10523,2788327.0,2913542
2023,pcomp->auxpass,pcomp,auxpass,360,0.00011754652965094885,0.12214751619811785,11046,2947256.0,3062617
2024,pcomp->auxpass,pcomp,auxpass,376,0.00010427355167919244,0.10796949861664079,12862,3482465.0,3605900
2025,pcomp->auxpass,pcomp,auxpass,362,8.673677330098355e-05,0.08995941140700248,15004,4024037.0,4173547
2026,pcomp->auxpass,pcomp,auxpass,141,0.00010072925120303588,0.10486655173490926,4849,1344566.0,1399792
2019,pcomp->cc,pcomp,cc,81,0.00032960593778993117,0.34052070239751797,912,237871.0,245748
2020,pcomp->cc,pcomp,cc,1240,0.0003473202561654947,0.363364852303909,14066,3412548.0,3570192
2021,pcomp->cc,pcomp,cc,1099,0.0003254900787721531,0.34161370980676914,12748,3217084.0,3376447
2022,pcomp->cc,pcomp,cc,947,0.0003250339277758824,0.33963017967404824,10523,2788327.0,2913542
2023,pcomp->cc,pcomp,cc,1166,0.00038072014881390654,0.3956222330194595,11046,2947256.0,3062617
2024,pcomp->cc,pcomp,cc,1594,0.0004420533015335977,0.45772175743331234,12862,3482465.0,3605900
2025,pcomp->cc,pcomp,cc,1832,0.00043895516211989464,0.4552642035846092,15004,4024037.0,4173547
2026,pcomp->cc,pcomp,cc,528,0.0003771988981220067,0.39269176819880913,4849,1344566.0,1399792
2019,pcomp->ccomp,pcomp,ccomp,12,4.883050930221202e-05,0.05044751146629896,912,237871.0,245748
2020,pcomp->ccomp,pcomp,ccomp,227,6.358201463674783e-05,0.06651921086531237,14066,3412548.0,3570192
2021,pcomp->ccomp,pcomp,ccomp,177,5.242196901061974e-05,0.055018768549406856,12748,3217084.0,3376447
2022,pcomp->ccomp,pcomp,ccomp,138,4.736502854601032e-05,0.0494920430781612,10523,2788327.0,2913542
2023,pcomp->ccomp,pcomp,ccomp,169,5.51815653083621e-05,0.05734147288189421,11046,2947256.0,3062617
2024,pcomp->ccomp,pcomp,ccomp,197,5.4632685321279016e-05,0.05656912560499531,12862,3482465.0,3605900
2025,pcomp->ccomp,pcomp,ccomp,233,5.582781264952809e-05,0.05790205209345739,15004,4024037.0,4173547
2026,pcomp->ccomp,pcomp,ccomp,86,6.143769931532685e-05,0.06396115921419998,4849,1344566.0,1399792
2019,pcomp->compound,pcomp,compound,2,8.138418217035338e-06,0.008407918577716493,912,237871.0,245748
2020,pcomp->compound,pcomp,compound,41,1.1483976211923616e-05,0.012014483019726024,14066,3412548.0,3570192
2021,pcomp->compound,pcomp,compound,31,9.18124880976956e-06,0.009636055508653178,12748,3217084.0,3376447
2022,pcomp->compound,pcomp,compound,33,1.132641986969812e-05,0.01183505377956029,10523,2788327.0,2913542
2023,pcomp->compound,pcomp,compound,42,1.3713761792610698e-05,0.01425054355644708,11046,2947256.0,3062617
2024,pcomp->compound,pcomp,compound,47,1.3034193959899055e-05,0.013496187327080099,12862,3482465.0,3605900
2025,pcomp->compound,pcomp,compound,41,9.82377819154786e-06,0.01018877311515774,15004,4024037.0,4173547
2026,pcomp->compound,pcomp,compound,28,2.0002971870106415e-05,0.02082456346508836,4849,1344566.0,1399792
2019,pcomp->conj,pcomp,conj,86,0.0003499519833325195,0.3615404988418092,912,237871.0,245748
2020,pcomp->conj,pcomp,conj,1301,0.0003644061719929909,0.38124005874789163,14066,3412548.0,3570192
2021,pcomp->conj,pcomp,conj,1114,0.00032993261851881577,0.3462763173109561,12748,3217084.0,3376447
2022,pcomp->conj,pcomp,conj,1015,0.00034837321720435126,0.3640175632198088,10523,2788327.0,2913542
2023,pcomp->conj,pcomp,conj,1256,0.00041010678122664374,0.42615911206898893,11046,2947256.0,3062617
2024,pcomp->conj,pcomp,conj,1741,0.0004828198230677501,0.49993323694566916,12862,3482465.0,3605900
2025,pcomp->conj,pcomp,conj,2069,0.000495741392153964,0.5141602823234479,15004,4024037.0,4173547
2026,pcomp->conj,pcomp,conj,598,0.00042720632779727274,0.44475317686153004,4849,1344566.0,1399792
2020,pcomp->csubj,pcomp,csubj,7,1.9606788654503734e-06,0.0020512531984898086,14066,3412548.0,3570192
2021,pcomp->csubj,pcomp,csubj,6,1.777015898665076e-06,0.0018650430016748086,12748,3217084.0,3376447
2022,pcomp->csubj,pcomp,csubj,2,6.864496890726133e-07,0.0007172759866400175,10523,2788327.0,2913542
2023,pcomp->csubj,pcomp,csubj,1,3.2651813791930233e-07,0.0003392986561058829,11046,2947256.0,3062617
2024,pcomp->csubj,pcomp,csubj,7,1.9412629301977313e-06,0.0020100704529693765,12862,3482465.0,3605900
2025,pcomp->csubj,pcomp,csubj,10,2.396043461353137e-06,0.0024850666134531066,15004,4024037.0,4173547
2026,pcomp->csubj,pcomp,csubj,1,7.143918525038006e-07,0.0007437344094674415,4849,1344566.0,1399792
2020,pcomp->csubjpass,pcomp,csubjpass,1,2.800969807786248e-07,0.0002930361712128298,14066,3412548.0,3570192
2021,pcomp->csubjpass,pcomp,csubjpass,1,2.9616931644417936e-07,0.0003108405002791348,12748,3217084.0,3376447
2024,pcomp->csubjpass,pcomp,csubjpass,1,2.773232757425331e-07,0.0002871529218527681,12862,3482465.0,3605900
2019,pcomp->dative,pcomp,dative,1,4.069209108517669e-06,0.0042039592888582465,912,237871.0,245748
2020,pcomp->dative,pcomp,dative,20,5.601939615572496e-06,0.005860723424256597,14066,3412548.0,3570192
2021,pcomp->dative,pcomp,dative,44,1.3031449923543891e-05,0.01367698201228193,12748,3217084.0,3376447
2022,pcomp->dative,pcomp,dative,34,1.1669644714234427e-05,0.012193691772880298,10523,2788327.0,2913542
2023,pcomp->dative,pcomp,dative,44,1.4366798068449304e-05,0.014929140868658847,11046,2947256.0,3062617
2024,pcomp->dative,pcomp,dative,35,9.706314650988658e-06,0.010050352264846883,12862,3482465.0,3605900
2025,pcomp->dative,pcomp,dative,43,1.0302986883818488e-05,0.01068578643784836,15004,4024037.0,4173547
2026,pcomp->dative,pcomp,dative,8,5.7151348200304045e-06,0.005949875275739532,4849,1344566.0,1399792
2019,pcomp->dep,pcomp,dep,3,1.2207627325553006e-05,0.01261187786657474,912,237871.0,245748
2020,pcomp->dep,pcomp,dep,28,7.842715461801493e-06,0.008205012793959235,14066,3412548.0,3570192
2021,pcomp->dep,pcomp,dep,22,6.5157249617719455e-06,0.006838491006140965,12748,3217084.0,3376447
2022,pcomp->dep,pcomp,dep,23,7.894171424335053e-06,0.0082486738463602,10523,2788327.0,2913542
2023,pcomp->dep,pcomp,dep,32,1.0448580413417675e-05,0.010857556995388254,11046,2947256.0,3062617
2024,pcomp->dep,pcomp,dep,34,9.428991375246124e-06,0.009763199342994116,12862,3482465.0,3605900
2025,pcomp->dep,pcomp,dep,58,1.3897052075848194e-05,0.014413386358028019,15004,4024037.0,4173547
2026,pcomp->dep,pcomp,dep,14,1.0001485935053207e-05,0.01041228173254418,4849,1344566.0,1399792
2019,pcomp->det,pcomp,det,5,2.034604554258834e-05,0.021019796444291236,912,237871.0,245748
2020,pcomp->det,pcomp,det,78,2.1847564500732735e-05,0.022856821354600727,14066,3412548.0,3570192
2021,pcomp->det,pcomp,det,71,2.1028021467536732e-05,0.022069675519818567,12748,3217084.0,3376447
2022,pcomp->det,pcomp,det,57,1.956381613856948e-05,0.0204423656192405,10523,2788327.0,2913542
2023,pcomp->det,pcomp,det,60,1.959108827515814e-05,0.020357919366352974,11046,2947256.0,3062617
2024,pcomp->det,pcomp,det,53,1.4698133614354253e-05,0.015219104858196709,12862,3482465.0,3605900
2025,pcomp->det,pcomp,det,68,1.629309553720133e-05,0.01689845297148113,15004,4024037.0,4173547
2026,pcomp->det,pcomp,det,13,9.287094082549407e-06,0.00966854732307674,4849,1344566.0,1399792
2019,pcomp->dobj,pcomp,dobj,891,0.0036256653156892427,3.745727726372698,912,237871.0,245748
2020,pcomp->dobj,pcomp,dobj,12773,0.0035776787354853744,3.7429510149014753,14066,3412548.0,3570192
2021,pcomp->dobj,pcomp,dobj,11729,0.0034737699125737794,3.6458482277739717,12748,3217084.0,3376447
2022,pcomp->dobj,pcomp,dobj,10282,0.003529037851522305,3.68751584731633,10523,2788327.0,2913542
2023,pcomp->dobj,pcomp,dobj,12259,0.004002785852752728,4.159462225202018,11046,2947256.0,3062617
2024,pcomp->dobj,pcomp,dobj,16093,0.004462963476524585,4.621151971376597,12862,3482465.0,3605900
2025,pcomp->dobj,pcomp,dobj,17819,0.004269509843785154,4.428140198512091,15004,4024037.0,4173547
2026,pcomp->dobj,pcomp,dobj,5055,0.0036112508144067117,3.759577439857917,4849,1344566.0,1399792
2020,pcomp->expl,pcomp,expl,8,2.2407758462289984e-06,0.0023442893697026386,14066,3412548.0,3570192
2021,pcomp->expl,pcomp,expl,9,2.665523847997614e-06,0.002797564502512213,12748,3217084.0,3376447
2022,pcomp->expl,pcomp,expl,8,2.7457987562904533e-06,0.00286910394656007,10523,2788327.0,2913542
2023,pcomp->expl,pcomp,expl,4,1.3060725516772093e-06,0.0013571946244235317,11046,2947256.0,3062617
2024,pcomp->expl,pcomp,expl,5,1.3866163787126653e-06,0.0014357646092638403,12862,3482465.0,3605900
2025,pcomp->expl,pcomp,expl,7,1.6772304229471957e-06,0.0017395466294171749,15004,4024037.0,4173547
2026,pcomp->expl,pcomp,expl,2,1.4287837050076011e-06,0.001487468818934883,4849,1344566.0,1399792
2020,pcomp->intj,pcomp,intj,9,2.520872827007623e-06,0.0026373255409154685,14066,3412548.0,3570192
2021,pcomp->intj,pcomp,intj,15,4.44253974666269e-06,0.004662607504187022,12748,3217084.0,3376447
2022,pcomp->intj,pcomp,intj,13,4.461922978971987e-06,0.004662293913160113,10523,2788327.0,2913542
2023,pcomp->intj,pcomp,intj,16,5.224290206708837e-06,0.005428778497694127,11046,2947256.0,3062617
2024,pcomp->intj,pcomp,intj,15,4.159849136137996e-06,0.004307293827791521,12862,3482465.0,3605900
2025,pcomp->intj,pcomp,intj,17,4.073273884300333e-06,0.004224613242870282,15004,4024037.0,4173547
2026,pcomp->intj,pcomp,intj,6,4.286351115022804e-06,0.004462406456804649,4849,1344566.0,1399792
2019,pcomp->mark,pcomp,mark,19,7.73149730618357e-05,0.07987522648830668,912,237871.0,245748
2020,pcomp->mark,pcomp,mark,203,5.685968709806083e-05,0.05948634275620445,14066,3412548.0,3570192
2021,pcomp->mark,pcomp,mark,176,5.2125799694175564e-05,0.05470792804912772,12748,3217084.0,3376447
2022,pcomp->mark,pcomp,mark,138,4.736502854601032e-05,0.0494920430781612,10523,2788327.0,2913542
2023,pcomp->mark,pcomp,mark,166,5.420201089460419e-05,0.05632357691357656,11046,2947256.0,3062617
2024,pcomp->mark,pcomp,mark,176,4.880889653068582e-05,0.05053891424608718,12862,3482465.0,3605900
2025,pcomp->mark,pcomp,mark,165,3.953471711232676e-05,0.041003599121976264,15004,4024037.0,4173547
2026,pcomp->mark,pcomp,mark,59,4.214911929772423e-05,0.043880330158579055,4849,1344566.0,1399792
2020,pcomp->meta,pcomp,meta,5,1.400484903893124e-06,0.0014651808560641492,14066,3412548.0,3570192
2021,pcomp->meta,pcomp,meta,7,2.0731852151092556e-06,0.0021758835019539432,12748,3217084.0,3376447
2022,pcomp->meta,pcomp,meta,5,1.7161242226815333e-06,0.0017931899666000436,10523,2788327.0,2913542
2023,pcomp->meta,pcomp,meta,10,3.2651813791930236e-06,0.003392986561058829,11046,2947256.0,3062617
2024,pcomp->meta,pcomp,meta,5,1.3866163787126653e-06,0.0014357646092638403,12862,3482465.0,3605900
2025,pcomp->meta,pcomp,meta,11,2.6356478074884506e-06,0.0027335732747984175,15004,4024037.0,4173547
2026,pcomp->meta,pcomp,meta,1,7.143918525038006e-07,0.0007437344094674415,4849,1344566.0,1399792
2019,pcomp->neg,pcomp,neg,11,4.476130019369435e-05,0.04624355217744071,912,237871.0,245748
2020,pcomp->neg,pcomp,neg,81,2.2687855443068607e-05,0.023735929868239216,14066,3412548.0,3570192
2021,pcomp->neg,pcomp,neg,97,2.8728423695085395e-05,0.03015152852707607,12748,3217084.0,3376447
2022,pcomp->neg,pcomp,neg,70,2.4025739117541467e-05,0.02510465953240061,10523,2788327.0,2913542
2023,pcomp->neg,pcomp,neg,58,1.8938051999319537e-05,0.019679322054141208,11046,2947256.0,3062617
2024,pcomp->neg,pcomp,neg,79,2.1908538783660113e-05,0.02268508082636868,12862,3482465.0,3605900
2025,pcomp->neg,pcomp,neg,74,1.773072161401321e-05,0.01838949293955299,15004,4024037.0,4173547
2026,pcomp->neg,pcomp,neg,22,1.5716620755083614e-05,0.016362157008283713,4849,1344566.0,1399792
2020,pcomp->nmod,pcomp,nmod,7,1.9606788654503734e-06,0.0020512531984898086,14066,3412548.0,3570192
2021,pcomp->nmod,pcomp,nmod,17,5.034878379551049e-06,0.0052842885047452905,12748,3217084.0,3376447
2022,pcomp->nmod,pcomp,nmod,5,1.7161242226815333e-06,0.0017931899666000436,10523,2788327.0,2913542
2023,pcomp->nmod,pcomp,nmod,3,9.795544137579071e-07,0.0010178959683176485,11046,2947256.0,3062617
2024,pcomp->nmod,pcomp,nmod,6,1.6639396544551984e-06,0.0017229175311166084,12862,3482465.0,3605900
2025,pcomp->nmod,pcomp,nmod,8,1.9168347690825093e-06,0.0019880532907624853,15004,4024037.0,4173547
2026,pcomp->nmod,pcomp,nmod,6,4.286351115022804e-06,0.004462406456804649,4849,1344566.0,1399792
2019,pcomp->npadvmod,pcomp,npadvmod,15,6.103813662776503e-05,0.0630593893328737,912,237871.0,245748
2020,pcomp->npadvmod,pcomp,npadvmod,199,5.5739299174946335e-05,0.058314198071353136,14066,3412548.0,3570192
2021,pcomp->npadvmod,pcomp,npadvmod,217,6.426874166838692e-05,0.06745238856057224,12748,3217084.0,3376447
2022,pcomp->npadvmod,pcomp,npadvmod,173,5.937789810478105e-05,0.06204437284436151,10523,2788327.0,2913542
2023,pcomp->npadvmod,pcomp,npadvmod,198,6.465059130802186e-05,0.06718113390896481,11046,2947256.0,3062617
2024,pcomp->npadvmod,pcomp,npadvmod,211,5.851521118167448e-05,0.06058926651093407,12862,3482465.0,3605900
2025,pcomp->npadvmod,pcomp,npadvmod,268,6.421396476426406e-05,0.06659978524054326,15004,4024037.0,4173547
2026,pcomp->npadvmod,pcomp,npadvmod,98,7.001040154537245e-05,0.07288597212780927,4849,1344566.0,1399792
2019,pcomp->nsubj,pcomp,nsubj,104,0.00042319774728583753,0.43721176604125767,912,237871.0,245748
2020,pcomp->nsubj,pcomp,nsubj,1453,0.0004069809130713418,0.4257815567722417,14066,3412548.0,3570192
2021,pcomp->nsubj,pcomp,nsubj,1384,0.0004098983339587442,0.4302032523863225,12748,3217084.0,3376447
2022,pcomp->nsubj,pcomp,nsubj,1192,0.00040912401468727757,0.42749648803745044,10523,2788327.0,2913542
2023,pcomp->nsubj,pcomp,nsubj,1402,0.0004577784293628619,0.4756967158604478,11046,2947256.0,3062617
2024,pcomp->nsubj,pcomp,nsubj,1940,0.0005380071549405142,0.5570766683943701,12862,3482465.0,3605900
2025,pcomp->nsubj,pcomp,nsubj,2758,0.0006608287866411951,0.6853813719903669,15004,4024037.0,4173547
2026,pcomp->nsubj,pcomp,nsubj,1012,0.0007229645547338462,0.7526592223810509,4849,1344566.0,1399792
2019,pcomp->nsubjpass,pcomp,nsubjpass,17,6.917655484480037e-05,0.0714673079105902,912,237871.0,245748
2020,pcomp->nsubjpass,pcomp,nsubjpass,288,8.066793046424393e-05,0.08439441730929499,14066,3412548.0,3570192
2021,pcomp->nsubjpass,pcomp,nsubjpass,268,7.937337680704007e-05,0.08330525407480813,12748,3217084.0,3376447
2022,pcomp->nsubjpass,pcomp,nsubjpass,196,6.727206952911611e-05,0.07029304669072171,10523,2788327.0,2913542
2023,pcomp->nsubjpass,pcomp,nsubjpass,218,7.118095406640791e-05,0.07396710703108247,11046,2947256.0,3062617
2024,pcomp->nsubjpass,pcomp,nsubjpass,254,7.04401120386034e-05,0.0729368421506031,12862,3482465.0,3605900
2025,pcomp->nsubjpass,pcomp,nsubjpass,261,6.253673434131687e-05,0.0648602386111261,15004,4024037.0,4173547
2026,pcomp->nsubjpass,pcomp,nsubjpass,99,7.072479339787626e-05,0.07362970653727671,4849,1344566.0,1399792
2019,pcomp->nummod,pcomp,nummod,1,4.069209108517669e-06,0.0042039592888582465,912,237871.0,245748
2020,pcomp->nummod,pcomp,nummod,5,1.400484903893124e-06,0.0014651808560641492,14066,3412548.0,3570192
2021,pcomp->nummod,pcomp,nummod,5,1.4808465822208967e-06,0.0015542025013956739,12748,3217084.0,3376447
2022,pcomp->nummod,pcomp,nummod,2,6.864496890726133e-07,0.0007172759866400175,10523,2788327.0,2913542
2023,pcomp->nummod,pcomp,nummod,3,9.795544137579071e-07,0.0010178959683176485,11046,2947256.0,3062617
2024,pcomp->nummod,pcomp,nummod,5,1.3866163787126653e-06,0.0014357646092638403,12862,3482465.0,3605900
2025,pcomp->nummod,pcomp,nummod,8,1.9168347690825093e-06,0.0019880532907624853,15004,4024037.0,4173547
2026,pcomp->nummod,pcomp,nummod,4,2.8575674100152022e-06,0.002974937637869766,4849,1344566.0,1399792
2019,pcomp->oprd,pcomp,oprd,2,8.138418217035338e-06,0.008407918577716493,912,237871.0,245748
2020,pcomp->oprd,pcomp,oprd,33,9.243200365694618e-06,0.009670193650023385,14066,3412548.0,3570192
2021,pcomp->oprd,pcomp,oprd,40,1.1846772657767174e-05,0.012433620011165391,12748,3217084.0,3376447
2022,pcomp->oprd,pcomp,oprd,33,1.132641986969812e-05,0.01183505377956029,10523,2788327.0,2913542
2023,pcomp->oprd,pcomp,oprd,25,8.162953447982559e-06,0.008482466402647071,11046,2947256.0,3062617
2024,pcomp->oprd,pcomp,oprd,32,8.874344823761059e-06,0.00918889349928858,12862,3482465.0,3605900
2025,pcomp->oprd,pcomp,oprd,33,7.906943422465351e-06,0.008200719824395252,15004,4024037.0,4173547
2026,pcomp->oprd,pcomp,oprd,16,1.1430269640060809e-05,0.011899750551479064,4849,1344566.0,1399792
2019,pcomp->parataxis,pcomp,parataxis,1,4.069209108517669e-06,0.0042039592888582465,912,237871.0,245748
2020,pcomp->parataxis,pcomp,parataxis,12,3.3611637693434976e-06,0.003516434054553958,14066,3412548.0,3570192
2021,pcomp->parataxis,pcomp,parataxis,10,2.9616931644417935e-06,0.0031084050027913477,12748,3217084.0,3376447
2022,pcomp->parataxis,pcomp,parataxis,6,2.05934906721784e-06,0.0021518279599200526,10523,2788327.0,2913542
2023,pcomp->parataxis,pcomp,parataxis,11,3.591699517112326e-06,0.0037322852171647117,11046,2947256.0,3062617
2024,pcomp->parataxis,pcomp,parataxis,12,3.3278793089103968e-06,0.003445835062233217,12862,3482465.0,3605900
2025,pcomp->parataxis,pcomp,parataxis,12,2.875252153623764e-06,0.0029820799361437284,15004,4024037.0,4173547
2026,pcomp->parataxis,pcomp,parataxis,7,5.000742967526604e-06,0.00520614086627209,4849,1344566.0,1399792
2019,pcomp->pcomp,pcomp,pcomp,2,8.138418217035338e-06,0.008407918577716493,912,237871.0,245748
2020,pcomp->pcomp,pcomp,pcomp,27,7.56261848102287e-06,0.007911976622746404,14066,3412548.0,3570192
2021,pcomp->pcomp,pcomp,pcomp,26,7.700402227548663e-06,0.008081853007257505,12748,3217084.0,3376447
2022,pcomp->pcomp,pcomp,pcomp,21,7.20772173526244e-06,0.0075313978597201835,10523,2788327.0,2913542
2023,pcomp->pcomp,pcomp,pcomp,11,3.591699517112326e-06,0.0037322852171647117,11046,2947256.0,3062617
2024,pcomp->pcomp,pcomp,pcomp,32,8.874344823761059e-06,0.00918889349928858,12862,3482465.0,3605900
2025,pcomp->pcomp,pcomp,pcomp,36,8.625756460871292e-06,0.008946239808431185,15004,4024037.0,4173547
2026,pcomp->pcomp,pcomp,pcomp,13,9.287094082549407e-06,0.00966854732307674,4849,1344566.0,1399792
2019,pcomp->pobj,pcomp,pobj,44,0.0001790452007747774,0.18497420870976283,912,237871.0,245748
2020,pcomp->pobj,pcomp,pobj,963,0.0002697333924898157,0.28219383287795513,14066,3412548.0,3570192
2021,pcomp->pobj,pcomp,pobj,862,0.0002552979507748826,0.2679445112406142,12748,3217084.0,3376447
2022,pcomp->pobj,pcomp,pobj,711,0.00024403286446531404,0.2549916132505262,10523,2788327.0,2913542
2023,pcomp->pobj,pcomp,pobj,688,0.00022464447888848,0.23343747540084742,11046,2947256.0,3062617
2024,pcomp->pobj,pcomp,pobj,931,0.0002581879697162983,0.26733937024492704,12862,3482465.0,3605900
2025,pcomp->pobj,pcomp,pobj,1053,0.0002523033764804853,0.26167751439661213,15004,4024037.0,4173547
2026,pcomp->pobj,pcomp,pobj,302,0.00021574633945614777,0.22460779165916736,4849,1344566.0,1399792
2020,pcomp->poss,pcomp,poss,1,2.800969807786248e-07,0.0002930361712128298,14066,3412548.0,3570192
2021,pcomp->poss,pcomp,poss,1,2.9616931644417936e-07,0.0003108405002791348,12748,3217084.0,3376447
2024,pcomp->poss,pcomp,poss,1,2.773232757425331e-07,0.0002871529218527681,12862,3482465.0,3605900
2025,pcomp->poss,pcomp,poss,1,2.3960434613531366e-07,0.00024850666134531066,15004,4024037.0,4173547
2019,pcomp->preconj,pcomp,preconj,3,1.2207627325553006e-05,0.01261187786657474,912,237871.0,245748
2020,pcomp->preconj,pcomp,preconj,25,7.00242451946562e-06,0.007325904280320746,14066,3412548.0,3570192
2021,pcomp->preconj,pcomp,preconj,22,6.5157249617719455e-06,0.006838491006140965,12748,3217084.0,3376447
2022,pcomp->preconj,pcomp,preconj,17,5.834822357117213e-06,0.006096845886440149,10523,2788327.0,2913542
2023,pcomp->preconj,pcomp,preconj,23,7.509917172143954e-06,0.007803869090435307,11046,2947256.0,3062617
2024,pcomp->preconj,pcomp,preconj,25,6.933081893563327e-06,0.007178823046319203,12862,3482465.0,3605900
2025,pcomp->preconj,pcomp,preconj,18,4.312878230435646e-06,0.004473119904215592,15004,4024037.0,4173547
2026,pcomp->preconj,pcomp,preconj,11,7.858310377541807e-06,0.008181078504141856,4849,1344566.0,1399792
2019,pcomp->prep,pcomp,prep,398,0.001619545225190032,1.673175796965582,912,237871.0,245748
2020,pcomp->prep,pcomp,prep,5441,0.0015240076724164974,1.5944098075690072,14066,3412548.0,3570192
2021,pcomp->prep,pcomp,prep,5256,0.0015566659272306066,1.6337776694671324,12748,3217084.0,3376447
2022,pcomp->prep,pcomp,prep,4579,0.0015716265631317483,1.64220337141232,10523,2788327.0,2913542
2023,pcomp->prep,pcomp,prep,4939,0.0016126730831834343,1.6757960625069557,11046,2947256.0,3062617
2024,pcomp->prep,pcomp,prep,6516,0.0018070384647383454,1.871088438792637,12862,3482465.0,3605900
2025,pcomp->prep,pcomp,prep,7182,0.001720838413943823,1.7847748417820213,15004,4024037.0,4173547
2026,pcomp->prep,pcomp,prep,2290,0.0016359573422337033,1.7031517976804411,4849,1344566.0,1399792
2019,pcomp->prt,pcomp,prt,7,2.848446375962368e-05,0.029427715022007726,912,237871.0,245748
2020,pcomp->prt,pcomp,prt,148,4.145435315523647e-05,0.04336935333949881,14066,3412548.0,3570192
2021,pcomp->prt,pcomp,prt,89,2.635906916353196e-05,0.027664804524842993,12748,3217084.0,3376447
2022,pcomp->prt,pcomp,prt,64,2.1966390050323626e-05,0.02295283157248056,10523,2788327.0,2913542
2023,pcomp->prt,pcomp,prt,72,2.350930593018977e-05,0.02442950323962357,11046,2947256.0,3062617
2024,pcomp->prt,pcomp,prt,79,2.1908538783660113e-05,0.02268508082636868,12862,3482465.0,3605900
2025,pcomp->prt,pcomp,prt,76,1.820993030628384e-05,0.018886506262243613,15004,4024037.0,4173547
2026,pcomp->prt,pcomp,prt,28,2.0002971870106415e-05,0.02082456346508836,4849,1344566.0,1399792
2021,pcomp->quantmod,pcomp,quantmod,1,2.9616931644417936e-07,0.0003108405002791348,12748,3217084.0,3376447
2019,pcomp->relcl,pcomp,relcl,1,4.069209108517669e-06,0.0042039592888582465,912,237871.0,245748
2020,pcomp->relcl,pcomp,relcl,6,1.6805818846717488e-06,0.001758217027276979,14066,3412548.0,3570192
2021,pcomp->relcl,pcomp,relcl,2,5.923386328883587e-07,0.0006216810005582696,12748,3217084.0,3376447
2022,pcomp->relcl,pcomp,relcl,3,1.02967453360892e-06,0.0010759139799600263,10523,2788327.0,2913542
2023,pcomp->relcl,pcomp,relcl,1,3.2651813791930233e-07,0.0003392986561058829,11046,2947256.0,3062617
2024,pcomp->relcl,pcomp,relcl,4,1.1092931029701323e-06,0.0011486116874110724,12862,3482465.0,3605900
2025,pcomp->relcl,pcomp,relcl,4,9.584173845412547e-07,0.0009940266453812427,15004,4024037.0,4173547
2019,pcomp->xcomp,pcomp,xcomp,22,8.95226003873887e-05,0.09248710435488142,912,237871.0,245748
2020,pcomp->xcomp,pcomp,xcomp,314,8.795045196448818e-05,0.09201335776082856,14066,3412548.0,3570192
2021,pcomp->xcomp,pcomp,xcomp,290,8.588910176881201e-05,0.09014374508094908,12748,3217084.0,3376447
2022,pcomp->xcomp,pcomp,xcomp,249,8.546298628954036e-05,0.08930086033668218,10523,2788327.0,2913542
2023,pcomp->xcomp,pcomp,xcomp,309,0.00010089410461706443,0.10484328473671782,11046,2947256.0,3062617
2024,pcomp->xcomp,pcomp,xcomp,376,0.00010427355167919244,0.10796949861664079,12862,3482465.0,3605900
2025,pcomp->xcomp,pcomp,xcomp,454,0.00010878037314543241,0.11282202425077105,15004,4024037.0,4173547
2026,pcomp->xcomp,pcomp,xcomp,122,8.715580600546367e-05,0.09073559795502786,4849,1344566.0,1399792
2019,pobj->acl,pobj,acl,1211,0.0049278122304148965,5.090994698807337,912,237871.0,245748
2020,pobj->acl,pobj,acl,18257,0.005113730578075353,5.349961377832634,14066,3412548.0,3570192
2021,pobj->acl,pobj,acl,17625,0.005219984202328661,5.478563817419751,12748,3217084.0,3376447
2022,pobj->acl,pobj,acl,15020,0.005155237164935326,5.386742659666531,10523,2788327.0,2913542
2023,pobj->acl,pobj,acl,15120,0.004936954245339851,5.130195680320949,11046,2947256.0,3062617
2024,pobj->acl,pobj,acl,17491,0.004850661416012646,5.022591756126767,12862,3482465.0,3605900
2025,pobj->acl,pobj,acl,19107,0.004578120241607439,4.748216778324851,15004,4024037.0,4173547
2026,pobj->acl,pobj,acl,6103,0.004359933475830695,4.5390111009797955,4849,1344566.0,1399792
2019,pobj->acomp,pobj,acomp,1,4.069209108517669e-06,0.0042039592888582465,912,237871.0,245748
2020,pobj->acomp,pobj,acomp,9,2.520872827007623e-06,0.0026373255409154685,14066,3412548.0,3570192
2021,pobj->acomp,pobj,acomp,21,6.219555645327766e-06,0.00652765050586183,12748,3217084.0,3376447
2022,pobj->acomp,pobj,acomp,15,5.1483726680446e-06,0.005379569899800131,10523,2788327.0,2913542
2023,pobj->acomp,pobj,acomp,11,3.591699517112326e-06,0.0037322852171647117,11046,2947256.0,3062617
2024,pobj->acomp,pobj,acomp,9,2.4959094816827976e-06,0.0025843762966749127,12862,3482465.0,3605900
2025,pobj->acomp,pobj,acomp,10,2.396043461353137e-06,0.0024850666134531066,15004,4024037.0,4173547
2026,pobj->acomp,pobj,acomp,2,1.4287837050076011e-06,0.001487468818934883,4849,1344566.0,1399792
2019,pobj->advcl,pobj,advcl,8,3.255367286814135e-05,0.03363167431086597,912,237871.0,245748
2020,pobj->advcl,pobj,advcl,116,3.249124977032048e-05,0.03399219586068826,14066,3412548.0,3570192
2021,pobj->advcl,pobj,advcl,98,2.9024593011529576e-05,0.030462369027355208,12748,3217084.0,3376447
2022,pobj->advcl,pobj,advcl,97,3.329280992002175e-05,0.03478788535204085,10523,2788327.0,2913542
2023,pobj->advcl,pobj,advcl,89,2.906011427481791e-05,0.030197580393423577,11046,2947256.0,3062617
2024,pobj->advcl,pobj,advcl,96,2.6623034471283174e-05,0.027566680497865734,12862,3482465.0,3605900
2025,pobj->advcl,pobj,advcl,94,2.2522808536719485e-05,0.023359626166459205,15004,4024037.0,4173547
2026,pobj->advcl,pobj,advcl,22,1.5716620755083614e-05,0.016362157008283713,4849,1344566.0,1399792
2019,pobj->advmod,pobj,advmod,118,0.0004801666748050849,0.4960671960852731,912,237871.0,245748
2020,pobj->advmod,pobj,advmod,1820,0.0005097765050170971,0.5333258316073504,14066,3412548.0,3570192
2021,pobj->advmod,pobj,advmod,1702,0.0005040801765879932,0.5290505314750873,12748,3217084.0,3376447
2022,pobj->advmod,pobj,advmod,1436,0.0004928708767541364,0.5150041584075326,10523,2788327.0,2913542
2023,pobj->advmod,pobj,advmod,1452,0.00047410433625882703,0.4926616486657419,11046,2947256.0,3062617
2024,pobj->advmod,pobj,advmod,1597,0.0004428852713608253,0.45858321619887066,12862,3482465.0,3605900
2025,pobj->advmod,pobj,advmod,1774,0.0004250581100440465,0.44085081722658115,15004,4024037.0,4173547
2026,pobj->advmod,pobj,advmod,639,0.0004564963937499286,0.4752462876496952,4849,1344566.0,1399792
2020,pobj->agent,pobj,agent,5,1.400484903893124e-06,0.0014651808560641492,14066,3412548.0,3570192
2021,pobj->agent,pobj,agent,2,5.923386328883587e-07,0.0006216810005582696,12748,3217084.0,3376447
2022,pobj->agent,pobj,agent,3,1.02967453360892e-06,0.0010759139799600263,10523,2788327.0,2913542
2023,pobj->agent,pobj,agent,5,1.6325906895965118e-06,0.0016964932805294145,11046,2947256.0,3062617
2024,pobj->agent,pobj,agent,4,1.1092931029701323e-06,0.0011486116874110724,12862,3482465.0,3605900
2025,pobj->agent,pobj,agent,7,1.6772304229471957e-06,0.0017395466294171749,15004,4024037.0,4173547
2026,pobj->agent,pobj,agent,1,7.143918525038006e-07,0.0007437344094674415,4849,1344566.0,1399792
2019,pobj->amod,pobj,amod,13264,0.05397398961537835,55.76131600741578,912,237871.0,245748
2020,pobj->amod,pobj,amod,182120,0.05101126213940315,53.36774750128057,14066,3412548.0,3570192
2021,pobj->amod,pobj,amod,176742,0.05234555732697715,54.93857170033484,12748,3217084.0,3376447
2022,pobj->amod,pobj,amod,152607,0.05237851385015215,54.730668246586575,10523,2788327.0,2913542
2023,pobj->amod,pobj,amod,161991,0.05289299967968571,54.96332860124808,11046,2947256.0,3062617
2024,pobj->amod,pobj,amod,189458,0.05254111317562883,54.403418268381735,12862,3482465.0,3605900
2025,pobj->amod,pobj,amod,218240,0.05229125250057086,54.234093772000605,15004,4024037.0,4173547
2026,pobj->amod,pobj,amod,75477,0.053920153851429356,56.134842023374084,4849,1344566.0,1399792
2019,pobj->appos,pobj,appos,2520,0.010254406953464525,10.593977407922782,912,237871.0,245748
2020,pobj->appos,pobj,appos,31843,0.00891912815893375,9.331150799930139,14066,3412548.0,3570192
2021,pobj->appos,pobj,appos,31700,0.009388567331280484,9.853643858848573,12748,3217084.0,3376447
2022,pobj->appos,pobj,appos,28088,0.009640499433335782,10.073423956372405,10523,2788327.0,2913542
2023,pobj->appos,pobj,appos,30837,0.010068839819017527,10.462952658337112,11046,2947256.0,3062617
2024,pobj->appos,pobj,appos,36161,0.010028286974125738,10.383736807117947,12862,3482465.0,3605900
2025,pobj->appos,pobj,appos,42467,0.010175277767328366,10.55333238735131,15004,4024037.0,4173547
2026,pobj->appos,pobj,appos,14685,0.010490844354018312,10.921739803029379,4849,1344566.0,1399792
2020,pobj->attr,pobj,attr,6,1.6805818846717488e-06,0.001758217027276979,14066,3412548.0,3570192
2022,pobj->attr,pobj,attr,6,2.05934906721784e-06,0.0021518279599200526,10523,2788327.0,2913542
2023,pobj->attr,pobj,attr,7,2.2856269654351162e-06,0.00237509059274118,11046,2947256.0,3062617
2024,pobj->attr,pobj,attr,6,1.6639396544551984e-06,0.0017229175311166084,12862,3482465.0,3605900
2025,pobj->attr,pobj,attr,7,1.6772304229471957e-06,0.0017395466294171749,15004,4024037.0,4173547
2026,pobj->attr,pobj,attr,3,2.143175557511402e-06,0.0022312032284023246,4849,1344566.0,1399792
2019,pobj->aux,pobj,aux,4,1.6276836434070675e-05,0.016815837155432986,912,237871.0,245748
2020,pobj->aux,pobj,aux,28,7.842715461801493e-06,0.008205012793959235,14066,3412548.0,3570192
2021,pobj->aux,pobj,aux,14,4.146370430218511e-06,0.0043517670039078865,12748,3217084.0,3376447
2022,pobj->aux,pobj,aux,7,2.4025739117541465e-06,0.002510465953240061,10523,2788327.0,2913542
2023,pobj->aux,pobj,aux,23,7.509917172143954e-06,0.007803869090435307,11046,2947256.0,3062617
2024,pobj->aux,pobj,aux,23,6.37843534207826e-06,0.006604517202613665,12862,3482465.0,3605900
2025,pobj->aux,pobj,aux,29,6.948526037924097e-06,0.0072066931790140095,15004,4024037.0,4173547
2026,pobj->aux,pobj,aux,4,2.8575674100152022e-06,0.002974937637869766,4849,1344566.0,1399792
2020,pobj->auxpass,pobj,auxpass,2,5.601939615572496e-07,0.0005860723424256596,14066,3412548.0,3570192
2021,pobj->auxpass,pobj,auxpass,2,5.923386328883587e-07,0.0006216810005582696,12748,3217084.0,3376447
2023,pobj->auxpass,pobj,auxpass,4,1.3060725516772093e-06,0.0013571946244235317,11046,2947256.0,3062617
2025,pobj->auxpass,pobj,auxpass,3,7.18813038405941e-07,0.0007455199840359321,15004,4024037.0,4173547
2026,pobj->auxpass,pobj,auxpass,3,2.143175557511402e-06,0.0022312032284023246,4849,1344566.0,1399792
2020,pobj->case,pobj,case,11,3.0810667885648726e-06,0.003223397883341128,14066,3412548.0,3570192
2021,pobj->case,pobj,case,11,3.2578624808859728e-06,0.0034192455030704824,12748,3217084.0,3376447
2022,pobj->case,pobj,case,7,2.4025739117541465e-06,0.002510465953240061,10523,2788327.0,2913542
2023,pobj->case,pobj,case,6,1.9591088275158142e-06,0.002035791936635297,11046,2947256.0,3062617
2024,pobj->case,pobj,case,7,1.9412629301977313e-06,0.0020100704529693765,12862,3482465.0,3605900
2025,pobj->case,pobj,case,3,7.18813038405941e-07,0.0007455199840359321,15004,4024037.0,4173547
2026,pobj->case,pobj,case,2,1.4287837050076011e-06,0.001487468818934883,4849,1344566.0,1399792
2019,pobj->cc,pobj,cc,2558,0.010409036899588196,10.753727860899394,912,237871.0,245748
2020,pobj->cc,pobj,cc,35527,0.009951005436122203,10.410696054678205,14066,3412548.0,3570192
2021,pobj->cc,pobj,cc,34451,0.010203329120818422,10.708766075116472,12748,3217084.0,3376447
2022,pobj->cc,pobj,cc,30840,0.010585054205499697,11.06039571398907,10523,2788327.0,2913542
2023,pobj->cc,pobj,cc,32902,0.010743099773820887,11.163604383195759,11046,2947256.0,3062617
2024,pobj->cc,pobj,cc,38977,0.010809229318616711,11.19235943505534,12862,3482465.0,3605900
2025,pobj->cc,pobj,cc,43921,0.010523662486609112,10.914661072947391,15004,4024037.0,4173547
2026,pobj->cc,pobj,cc,14031,0.010023632082480825,10.435337499237672,4849,1344566.0,1399792
2019,pobj->ccomp,pobj,ccomp,1,4.069209108517669e-06,0.0042039592888582465,912,237871.0,245748
2020,pobj->ccomp,pobj,ccomp,5,1.400484903893124e-06,0.0014651808560641492,14066,3412548.0,3570192
2021,pobj->ccomp,pobj,ccomp,9,2.665523847997614e-06,0.002797564502512213,12748,3217084.0,3376447
2022,pobj->ccomp,pobj,ccomp,7,2.4025739117541465e-06,0.002510465953240061,10523,2788327.0,2913542
2023,pobj->ccomp,pobj,ccomp,4,1.3060725516772093e-06,0.0013571946244235317,11046,2947256.0,3062617
2024,pobj->ccomp,pobj,ccomp,6,1.6639396544551984e-06,0.0017229175311166084,12862,3482465.0,3605900
2025,pobj->ccomp,pobj,ccomp,9,2.156439115217823e-06,0.002236559952107796,15004,4024037.0,4173547
2026,pobj->ccomp,pobj,ccomp,2,1.4287837050076011e-06,0.001487468818934883,4849,1344566.0,1399792
2019,pobj->compound,pobj,compound,8286,0.033717466673177404,34.834006667479436,912,237871.0,245748
2020,pobj->compound,pobj,compound,117444,0.03289570981056481,34.41534009191959,14066,3412548.0,3570192
2021,pobj->compound,pobj,compound,114835,0.03401060345386733,35.69536884955444,12748,3217084.0,3376447
2022,pobj->compound,pobj,compound,100078,0.0343492559915045,35.891773095479834,10523,2788327.0,2913542
2023,pobj->compound,pobj,compound,104603,0.034154776780772785,35.49165732464367,11046,2947256.0,3062617
2024,pobj->compound,pobj,compound,123008,0.034112981502537505,35.3221066112653,12862,3482465.0,3605900
2025,pobj->compound,pobj,compound,139059,0.033319140769230586,34.557087820017564,15004,4024037.0,4173547
2026,pobj->compound,pobj,compound,47321,0.033805736852332346,35.194255990408806,4849,1344566.0,1399792
2019,pobj->conj,pobj,conj,3167,0.012887185246675457,13.313939067814067,912,237871.0,245748
2020,pobj->conj,pobj,conj,43931,0.012304940462585765,12.873372037550826,14066,3412548.0,3570192
2021,pobj->conj,pobj,conj,42812,0.012679600775608205,13.307703497950317,12748,3217084.0,3376447
2022,pobj->conj,pobj,conj,38330,0.013155808291076635,13.746594283955934,10523,2788327.0,2913542
2023,pobj->conj,pobj,conj,41432,0.013528299490272535,14.05782191977894,11046,2947256.0,3062617
2024,pobj->conj,pobj,conj,49437,0.013710030782883607,14.195978997635295,12862,3482465.0,3605900
2025,pobj->conj,pobj,conj,57650,0.013813190554700833,14.326409026557162,15004,4024037.0,4173547
2026,pobj->conj,pobj,conj,18341,0.013102660966772206,13.640832804042345,4849,1344566.0,1399792
2021,pobj->dative,pobj,dative,1,2.9616931644417936e-07,0.0003108405002791348,12748,3217084.0,3376447
2022,pobj->dative,pobj,dative,1,3.4322484453630666e-07,0.00035863799332000874,10523,2788327.0,2913542
2023,pobj->dative,pobj,dative,1,3.2651813791930233e-07,0.0003392986561058829,11046,2947256.0,3062617
2024,pobj->dative,pobj,dative,2,5.546465514850662e-07,0.0005743058437055362,12862,3482465.0,3605900
2025,pobj->dative,pobj,dative,3,7.18813038405941e-07,0.0007455199840359321,15004,4024037.0,4173547
2019,pobj->dep,pobj,dep,9,3.662288197665902e-05,0.03783563359972422,912,237871.0,245748
2020,pobj->dep,pobj,dep,109,3.0530570904870105e-05,0.03194094266219845,14066,3412548.0,3570192
2021,pobj->dep,pobj,dep,120,3.554031797330152e-05,0.037300860033496176,12748,3217084.0,3376447
2022,pobj->dep,pobj,dep,96,3.294958507548544e-05,0.03442924735872084,10523,2788327.0,2913542
2023,pobj->dep,pobj,dep,118,3.852914027447768e-05,0.04003724142049418,11046,2947256.0,3062617
2024,pobj->dep,pobj,dep,116,3.216949998613384e-05,0.0333097389349211,12862,3482465.0,3605900
2025,pobj->dep,pobj,dep,178,4.2649573612085834e-05,0.0442341857194653,15004,4024037.0,4173547
2026,pobj->dep,pobj,dep,58,4.143472744522043e-05,0.04313659574911161,4849,1344566.0,1399792
2019,pobj->det,pobj,det,7576,0.03082832820612986,31.849195572390077,912,237871.0,245748
2020,pobj->det,pobj,det,124255,0.03480345034664802,36.41120945405017,14066,3412548.0,3570192
2021,pobj->det,pobj,det,112016,0.03317570215081119,34.81910947926756,12748,3217084.0,3376447
2022,pobj->det,pobj,det,93190,0.03198512326233842,33.42147459749161,10523,2788327.0,2913542
2023,pobj->det,pobj,det,91935,0.03001844500961106,31.193421949094343,11046,2947256.0,3062617
2024,pobj->det,pobj,det,101847,0.028244543664549766,29.24566363193887,12862,3482465.0,3605900
2025,pobj->det,pobj,det,98167,0.023521239847065337,24.395153424285112,15004,4024037.0,4173547
2026,pobj->det,pobj,det,29749,0.021252443220135562,22.12535494724692,4849,1344566.0,1399792
2019,pobj->dobj,pobj,dobj,25,0.00010173022771294171,0.10509898222145617,912,237871.0,245748
2020,pobj->dobj,pobj,dobj,288,8.066793046424393e-05,0.08439441730929499,14066,3412548.0,3570192
2021,pobj->dobj,pobj,dobj,278,8.233506997148186e-05,0.08641365907759946,12748,3217084.0,3376447
2022,pobj->dobj,pobj,dobj,252,8.649266082314928e-05,0.0903767743166422,10523,2788327.0,2913542
2023,pobj->dobj,pobj,dobj,235,7.673176241103606e-05,0.07973518418488248,11046,2947256.0,3062617
2024,pobj->dobj,pobj,dobj,319,8.846612496186805e-05,0.09160178207103302,12862,3482465.0,3605900
2025,pobj->dobj,pobj,dobj,365,8.74555863393895e-05,0.09070493139103841,15004,4024037.0,4173547
2026,pobj->dobj,pobj,dobj,131,9.358533267799787e-05,0.09742920764023484,4849,1344566.0,1399792
2019,pobj->intj,pobj,intj,5,2.034604554258834e-05,0.021019796444291236,912,237871.0,245748
2020,pobj->intj,pobj,intj,61,1.708591582749611e-05,0.01787520644398262,14066,3412548.0,3570192
2021,pobj->intj,pobj,intj,64,1.895483625242748e-05,0.019893792017864627,12748,3217084.0,3376447
2022,pobj->intj,pobj,intj,58,1.9907040983105785e-05,0.020801003612560508,10523,2788327.0,2913542
2023,pobj->intj,pobj,intj,93,3.0366186826495118e-05,0.031554775017847106,11046,2947256.0,3062617
2024,pobj->intj,pobj,intj,117,3.244682326187637e-05,0.033596891856773864,12862,3482465.0,3605900
2025,pobj->intj,pobj,intj,124,2.9710938920778896e-05,0.03081482600681853,15004,4024037.0,4173547
2026,pobj->intj,pobj,intj,36,2.571810669013682e-05,0.026774438740827897,4849,1344566.0,1399792
2020,pobj->mark,pobj,mark,5,1.400484903893124e-06,0.0014651808560641492,14066,3412548.0,3570192
2021,pobj->mark,pobj,mark,5,1.4808465822208967e-06,0.0015542025013956739,12748,3217084.0,3376447
2022,pobj->mark,pobj,mark,1,3.4322484453630666e-07,0.00035863799332000874,10523,2788327.0,2913542
2023,pobj->mark,pobj,mark,5,1.6325906895965118e-06,0.0016964932805294145,11046,2947256.0,3062617
2024,pobj->mark,pobj,mark,2,5.546465514850662e-07,0.0005743058437055362,12862,3482465.0,3605900
2025,pobj->mark,pobj,mark,4,9.584173845412547e-07,0.0009940266453812427,15004,4024037.0,4173547
2026,pobj->mark,pobj,mark,3,2.143175557511402e-06,0.0022312032284023246,4849,1344566.0,1399792
2020,pobj->meta,pobj,meta,20,5.601939615572496e-06,0.005860723424256597,14066,3412548.0,3570192
2021,pobj->meta,pobj,meta,17,5.034878379551049e-06,0.0052842885047452905,12748,3217084.0,3376447
2022,pobj->meta,pobj,meta,11,3.7754732898993733e-06,0.003945017926520096,10523,2788327.0,2913542
2023,pobj->meta,pobj,meta,14,4.5712539308702325e-06,0.00475018118548236,11046,2947256.0,3062617
2024,pobj->meta,pobj,meta,15,4.159849136137996e-06,0.004307293827791521,12862,3482465.0,3605900
2025,pobj->meta,pobj,meta,16,3.833669538165019e-06,0.003976106581524971,15004,4024037.0,4173547
2026,pobj->meta,pobj,meta,5,3.571959262519003e-06,0.0037186720473372076,4849,1344566.0,1399792
2019,pobj->neg,pobj,neg,4,1.6276836434070675e-05,0.016815837155432986,912,237871.0,245748
2020,pobj->neg,pobj,neg,38,1.0643685269587743e-05,0.011135374506087533,14066,3412548.0,3570192
2021,pobj->neg,pobj,neg,34,1.0069756759102097e-05,0.010568577009490581,12748,3217084.0,3376447
2022,pobj->neg,pobj,neg,35,1.2012869558770734e-05,0.012552329766200306,10523,2788327.0,2913542
2023,pobj->neg,pobj,neg,32,1.0448580413417675e-05,0.010857556995388254,11046,2947256.0,3062617
2024,pobj->neg,pobj,neg,36,9.98363792673119e-06,0.01033750518669965,12862,3482465.0,3605900
2025,pobj->neg,pobj,neg,32,7.667339076330037e-06,0.007952213163049941,15004,4024037.0,4173547
2026,pobj->neg,pobj,neg,18,1.285905334506841e-05,0.013387219370413948,4849,1344566.0,1399792
2019,pobj->nmod,pobj,nmod,1159,0.004716213356771978,4.872388815786708,912,237871.0,245748
2020,pobj->nmod,pobj,nmod,19296,0.005404751341104344,5.654425959722764,14066,3412548.0,3570192
2021,pobj->nmod,pobj,nmod,20962,0.006208301211302887,6.515838566851223,12748,3217084.0,3376447
2022,pobj->nmod,pobj,nmod,17225,0.005912047947137882,6.177539434937151,10523,2788327.0,2913542
2023,pobj->nmod,pobj,nmod,17022,0.005557991743662364,5.775541724234339,11046,2947256.0,3062617
2024,pobj->nmod,pobj,nmod,19386,0.005376189023544746,5.5667465430377625,12862,3482465.0,3605900
2025,pobj->nmod,pobj,nmod,21871,0.005240386654325446,5.43508919028329,15004,4024037.0,4173547
2026,pobj->nmod,pobj,nmod,7343,0.005245779372935407,5.4612417687194235,4849,1344566.0,1399792
2019,pobj->npadvmod,pobj,npadvmod,87,0.00035402119244103716,0.36574445813066747,912,237871.0,245748
2020,pobj->npadvmod,pobj,npadvmod,948,0.0002655319377781363,0.27779829030976266,14066,3412548.0,3570192
2021,pobj->npadvmod,pobj,npadvmod,992,0.0002937999619126259,0.3083537762769017,12748,3217084.0,3376447
2022,pobj->npadvmod,pobj,npadvmod,898,0.00030821591039360336,0.3220569180013678,10523,2788327.0,2913542
2023,pobj->npadvmod,pobj,npadvmod,930,0.0003036618682649512,0.3155477501784711,11046,2947256.0,3062617
2024,pobj->npadvmod,pobj,npadvmod,1008,0.00027954186194847333,0.2894501452275902,12862,3482465.0,3605900
2025,pobj->npadvmod,pobj,npadvmod,1272,0.000304776728284119,0.3161004732312352,15004,4024037.0,4173547
2026,pobj->npadvmod,pobj,npadvmod,430,0.00030718849657663426,0.31980579607099985,4849,1344566.0,1399792
2019,pobj->nsubj,pobj,nsubj,14,5.696892751924736e-05,0.05885543004401545,912,237871.0,245748
2020,pobj->nsubj,pobj,nsubj,201,5.629949313650358e-05,0.058900270413778794,14066,3412548.0,3570192
2021,pobj->nsubj,pobj,nsubj,233,6.900745073149378e-05,0.0724258365650384,12748,3217084.0,3376447
2022,pobj->nsubj,pobj,nsubj,176,6.040757263838997e-05,0.06312028682432154,10523,2788327.0,2913542
2023,pobj->nsubj,pobj,nsubj,177,5.7793710411716515e-05,0.060055862130741273,11046,2947256.0,3062617
2024,pobj->nsubj,pobj,nsubj,183,5.075015946088355e-05,0.05254898469905656,12862,3482465.0,3605900
2025,pobj->nsubj,pobj,nsubj,251,6.0140690879963736e-05,0.06237517199767298,15004,4024037.0,4173547
2026,pobj->nsubj,pobj,nsubj,77,5.5008172642792646e-05,0.057267549528993,4849,1344566.0,1399792
2020,pobj->nsubjpass,pobj,nsubjpass,1,2.800969807786248e-07,0.0002930361712128298,14066,3412548.0,3570192
2021,pobj->nsubjpass,pobj,nsubjpass,1,2.9616931644417936e-07,0.0003108405002791348,12748,3217084.0,3376447
2024,pobj->nsubjpass,pobj,nsubjpass,1,2.773232757425331e-07,0.0002871529218527681,12862,3482465.0,3605900
2025,pobj->nsubjpass,pobj,nsubjpass,1,2.3960434613531366e-07,0.00024850666134531066,15004,4024037.0,4173547
2019,pobj->nummod,pobj,nummod,2310,0.009399873040675815,9.71114595726255,912,237871.0,245748
2020,pobj->nummod,pobj,nummod,42997,0.01204332988253853,12.599676253638043,14066,3412548.0,3570192
2021,pobj->nummod,pobj,nummod,39373,0.011661074496356673,12.238723017490374,12748,3217084.0,3376447
2022,pobj->nummod,pobj,nummod,31939,0.010962258309645099,11.45453886864776,10523,2788327.0,2913542
2023,pobj->nummod,pobj,nummod,30785,0.010051860875845723,10.445309128219606,11046,2947256.0,3062617
2024,pobj->nummod,pobj,nummod,35341,0.00980088188801686,10.148271411198676,12862,3482465.0,3605900
2025,pobj->nummod,pobj,nummod,40581,0.009723383970517165,10.084648824054055,15004,4024037.0,4173547
2026,pobj->nummod,pobj,nummod,13663,0.009760735880759427,10.161643236553653,4849,1344566.0,1399792
2020,pobj->oprd,pobj,oprd,2,5.601939615572496e-07,0.0005860723424256596,14066,3412548.0,3570192
2021,pobj->oprd,pobj,oprd,3,8.88507949332538e-07,0.0009325215008374043,12748,3217084.0,3376447
2022,pobj->oprd,pobj,oprd,1,3.4322484453630666e-07,0.00035863799332000874,10523,2788327.0,2913542
2023,pobj->oprd,pobj,oprd,3,9.795544137579071e-07,0.0010178959683176485,11046,2947256.0,3062617
2024,pobj->oprd,pobj,oprd,2,5.546465514850662e-07,0.0005743058437055362,12862,3482465.0,3605900
2025,pobj->oprd,pobj,oprd,5,1.1980217306765685e-06,0.0012425333067265533,15004,4024037.0,4173547
2026,pobj->oprd,pobj,oprd,2,1.4287837050076011e-06,0.001487468818934883,4849,1344566.0,1399792
2019,pobj->parataxis,pobj,parataxis,16,6.51073457362827e-05,0.06726334862173194,912,237871.0,245748
2020,pobj->parataxis,pobj,parataxis,219,6.134123879051883e-05,0.06417492149560973,14066,3412548.0,3570192
2021,pobj->parataxis,pobj,parataxis,209,6.189938713683348e-05,0.06496566455833917,12748,3217084.0,3376447
2022,pobj->parataxis,pobj,parataxis,201,6.898819375179764e-05,0.07208623665732175,10523,2788327.0,2913542
2023,pobj->parataxis,pobj,parataxis,229,7.477265358352024e-05,0.07769939224824718,11046,2947256.0,3062617
2024,pobj->parataxis,pobj,parataxis,255,7.071743531434594e-05,0.07322399507245586,12862,3482465.0,3605900
2025,pobj->parataxis,pobj,parataxis,305,7.307932557127068e-05,0.07579453171031976,15004,4024037.0,4173547
2026,pobj->parataxis,pobj,parataxis,117,8.358384674294467e-05,0.08701692590769065,4849,1344566.0,1399792
2020,pobj->pcomp,pobj,pcomp,2,5.601939615572496e-07,0.0005860723424256596,14066,3412548.0,3570192
2021,pobj->pcomp,pobj,pcomp,5,1.4808465822208967e-06,0.0015542025013956739,12748,3217084.0,3376447
2023,pobj->pcomp,pobj,pcomp,4,1.3060725516772093e-06,0.0013571946244235317,11046,2947256.0,3062617
2024,pobj->pcomp,pobj,pcomp,2,5.546465514850662e-07,0.0005743058437055362,12862,3482465.0,3605900
2025,pobj->pcomp,pobj,pcomp,11,2.6356478074884506e-06,0.0027335732747984175,15004,4024037.0,4173547
2026,pobj->pcomp,pobj,pcomp,1,7.143918525038006e-07,0.0007437344094674415,4849,1344566.0,1399792
2019,pobj->pobj,pobj,pobj,2,8.138418217035338e-06,0.008407918577716493,912,237871.0,245748
2020,pobj->pobj,pobj,pobj,53,1.4845139981267113e-05,0.015530917074279981,14066,3412548.0,3570192
2021,pobj->pobj,pobj,pobj,67,1.9843344201760016e-05,0.020826313518702032,12748,3217084.0,3376447
2022,pobj->pobj,pobj,pobj,67,2.2996064583932547e-05,0.024028745552440587,10523,2788327.0,2913542
2023,pobj->pobj,pobj,pobj,60,1.959108827515814e-05,0.020357919366352974,11046,2947256.0,3062617
2024,pobj->pobj,pobj,pobj,108,2.995091378019357e-05,0.031012515560098954,12862,3482465.0,3605900
2025,pobj->pobj,pobj,pobj,89,2.1324786806042917e-05,0.02211709285973265,15004,4024037.0,4173547
2026,pobj->pobj,pobj,pobj,35,2.500371483763302e-05,0.026030704331360455,4849,1344566.0,1399792
2019,pobj->poss,pobj,poss,312,0.0012695932418575126,1.3116352981237729,912,237871.0,245748
2020,pobj->poss,pobj,poss,5018,0.0014055266495471392,1.47045550714598,14066,3412548.0,3570192
2021,pobj->poss,pobj,poss,4709,0.0013946613111356404,1.4637479158144455,12748,3217084.0,3376447
2022,pobj->poss,pobj,poss,3844,0.0013193563023975628,1.3786044463221137,10523,2788327.0,2913542
2023,pobj->poss,pobj,poss,4104,0.0013400304380208168,1.3924816846585435,11046,2947256.0,3062617
2024,pobj->poss,pobj,poss,4791,0.001328655814082476,1.3757496485966119,12862,3482465.0,3605900
2025,pobj->poss,pobj,poss,4531,0.0010856472923391062,1.1259836825556027,15004,4024037.0,4173547
2026,pobj->poss,pobj,poss,1226,0.0008758444111696595,0.9118183860070833,4849,1344566.0,1399792
2019,pobj->preconj,pobj,preconj,35,0.0001424223187981184,0.14713857511003864,912,237871.0,245748
2020,pobj->preconj,pobj,preconj,476,0.0001333261628506254,0.139485217497307,14066,3412548.0,3570192
2021,pobj->preconj,pobj,preconj,508,0.0001504540127536431,0.15790697414180047,12748,3217084.0,3376447
2022,pobj->preconj,pobj,preconj,457,0.00015685375395309214,0.163897562947244,10523,2788327.0,2913542
2023,pobj->preconj,pobj,preconj,496,0.00016195299640797396,0.16829213342851793,11046,2947256.0,3062617
2024,pobj->preconj,pobj,preconj,578,0.0001602928533791841,0.16597438883089996,12862,3482465.0,3605900
2025,pobj->preconj,pobj,preconj,707,0.00016940027271766678,0.17569420957113469,15004,4024037.0,4173547
2026,pobj->preconj,pobj,preconj,210,0.00015002228902579812,0.15618422598816273,4849,1344566.0,1399792
2019,pobj->predet,pobj,predet,24,9.766101860442404e-05,0.10089502293259792,912,237871.0,245748
2020,pobj->predet,pobj,predet,521,0.00014593052698566353,0.15267184520188434,14066,3412548.0,3570192
2021,pobj->predet,pobj,predet,430,0.00012735280607099712,0.13366141512002797,12748,3217084.0,3376447
2022,pobj->predet,pobj,predet,315,0.0001081158260289366,0.11297096789580276,10523,2788327.0,2913542
2023,pobj->predet,pobj,predet,276,9.011900606572745e-05,0.09364642908522368,11046,2947256.0,3062617
2024,pobj->predet,pobj,predet,303,8.402895254998753e-05,0.08700733532138873,12862,3482465.0,3605900
2025,pobj->predet,pobj,predet,290,6.948526037924097e-05,0.0720669317901401,15004,4024037.0,4173547
2026,pobj->predet,pobj,predet,95,6.786722598786105e-05,0.07065476889940694,4849,1344566.0,1399792
2019,pobj->prep,pobj,prep,7652,0.0311375880983772,32.16869647834331,912,237871.0,245748
2020,pobj->prep,pobj,prep,112985,0.031646757373272924,33.10869180448158,14066,3412548.0,3570192
2021,pobj->prep,pobj,prep,104985,0.031093335686892168,32.63358992180496,12748,3217084.0,3376447
2022,pobj->prep,pobj,prep,88701,0.030444386935214937,31.811548645478098,10523,2788327.0,2913542
2023,pobj->prep,pobj,prep,90519,0.02955609532631733,30.712975052048414,11046,2947256.0,3062617
2024,pobj->prep,pobj,prep,101618,0.028181036634404726,29.179905612834588,12862,3482465.0,3605900
2025,pobj->prep,pobj,prep,102514,0.024562799939715548,25.475411881153182,15004,4024037.0,4173547
2026,pobj->prep,pobj,prep,31243,0.02231974464777624,23.236494154991277,4849,1344566.0,1399792
2019,pobj->prt,pobj,prt,5,2.034604554258834e-05,0.021019796444291236,912,237871.0,245748
2020,pobj->prt,pobj,prt,51,1.4284946019709864e-05,0.014944844731854322,14066,3412548.0,3570192
2021,pobj->prt,pobj,prt,48,1.4216127189320608e-05,0.014920344013398468,12748,3217084.0,3376447
2022,pobj->prt,pobj,prt,58,1.9907040983105785e-05,0.020801003612560508,10523,2788327.0,2913542
2023,pobj->prt,pobj,prt,34,1.110161668925628e-05,0.011536154307600018,11046,2947256.0,3062617
2024,pobj->prt,pobj,prt,45,1.2479547408413988e-05,0.012921881483374564,12862,3482465.0,3605900
2025,pobj->prt,pobj,prt,34,8.146547768600665e-06,0.008449226485740565,15004,4024037.0,4173547
2026,pobj->prt,pobj,prt,13,9.287094082549407e-06,0.00966854732307674,4849,1344566.0,1399792
2019,pobj->quantmod,pobj,quantmod,11,4.476130019369435e-05,0.04624355217744071,912,237871.0,245748
2020,pobj->quantmod,pobj,quantmod,494,0.00013836790850464066,0.14475986857913792,14066,3412548.0,3570192
2021,pobj->quantmod,pobj,quantmod,420,0.00012439111290655532,0.1305530101172366,12748,3217084.0,3376447
2022,pobj->quantmod,pobj,quantmod,297,0.00010193777882728308,0.10651548401604259,10523,2788327.0,2913542
2023,pobj->quantmod,pobj,quantmod,335,0.00010938357620296629,0.11366504979547076,11046,2947256.0,3062617
2024,pobj->quantmod,pobj,quantmod,388,0.00010760143098810283,0.11141533367887402,12862,3482465.0,3605900
2025,pobj->quantmod,pobj,quantmod,477,0.00011429127310654463,0.1185376774617132,15004,4024037.0,4173547
2026,pobj->quantmod,pobj,quantmod,165,0.0001178746556631271,0.12271617756212785,4849,1344566.0,1399792
2019,pobj->relcl,pobj,relcl,711,0.002893207676156062,2.9890150543782137,912,237871.0,245748
2020,pobj->relcl,pobj,relcl,10072,0.002821136790402309,2.951460316455622,14066,3412548.0,3570192
2021,pobj->relcl,pobj,relcl,9657,0.0028601070889014398,3.0017867111956043,12748,3217084.0,3376447
2022,pobj->relcl,pobj,relcl,8099,0.002779778015899548,2.904609107898751,10523,2788327.0,2913542
2023,pobj->relcl,pobj,relcl,7819,0.0025530453203910252,2.6529761920918986,11046,2947256.0,3062617
2024,pobj->relcl,pobj,relcl,8741,0.0024240827532654814,2.5100036899150457,12862,3482465.0,3605900
2025,pobj->relcl,pobj,relcl,8856,0.002121936089374338,2.2007749928740714,15004,4024037.0,4173547
2026,pobj->relcl,pobj,relcl,2772,0.0019802942151405352,2.061631783043748,4849,1344566.0,1399792
2019,pobj->xcomp,pobj,xcomp,2,8.138418217035338e-06,0.008407918577716493,912,237871.0,245748
2020,pobj->xcomp,pobj,xcomp,20,5.601939615572496e-06,0.005860723424256597,14066,3412548.0,3570192
2021,pobj->xcomp,pobj,xcomp,24,7.108063594660304e-06,0.007460172006699234,12748,3217084.0,3376447
2022,pobj->xcomp,pobj,xcomp,21,7.20772173526244e-06,0.0075313978597201835,10523,2788327.0,2913542
2023,pobj->xcomp,pobj,xcomp,18,5.877326482547442e-06,0.006107375809905892,11046,2947256.0,3062617
2024,pobj->xcomp,pobj,xcomp,29,8.04237499653346e-06,0.008327434733730274,12862,3482465.0,3605900
2025,pobj->xcomp,pobj,xcomp,24,5.750504307247528e-06,0.005964159872287457,15004,4024037.0,4173547
2026,pobj->xcomp,pobj,xcomp,10,7.143918525038006e-06,0.007437344094674415,4849,1344566.0,1399792
2022,poss->acl,poss,acl,1,3.4322484453630666e-07,0.00035863799332000874,10523,2788327.0,2913542
2021,poss->acomp,poss,acomp,1,2.9616931644417936e-07,0.0003108405002791348,12748,3217084.0,3376447
2024,poss->acomp,poss,acomp,2,5.546465514850662e-07,0.0005743058437055362,12862,3482465.0,3605900
2026,poss->acomp,poss,acomp,1,7.143918525038006e-07,0.0007437344094674415,4849,1344566.0,1399792
2020,poss->advmod,poss,advmod,132,3.697280146277847e-05,0.03868077460009354,14066,3412548.0,3570192
2021,poss->advmod,poss,advmod,151,4.472156678307108e-05,0.04693691554214935,12748,3217084.0,3376447
2022,poss->advmod,poss,advmod,95,3.2606360230949134e-05,0.03407060936540083,10523,2788327.0,2913542
2023,poss->advmod,poss,advmod,25,8.162953447982559e-06,0.008482466402647071,11046,2947256.0,3062617
2024,poss->advmod,poss,advmod,23,6.37843534207826e-06,0.006604517202613665,12862,3482465.0,3605900
2025,poss->advmod,poss,advmod,13,3.1148564997590778e-06,0.0032305865974890393,15004,4024037.0,4173547
2026,poss->advmod,poss,advmod,3,2.143175557511402e-06,0.0022312032284023246,4849,1344566.0,1399792
2019,poss->amod,poss,amod,1,4.069209108517669e-06,0.0042039592888582465,912,237871.0,245748
2020,poss->amod,poss,amod,93,2.6049019212412105e-05,0.027252363922793177,14066,3412548.0,3570192
2021,poss->amod,poss,amod,141,4.1759873618629286e-05,0.043828510539358004,12748,3217084.0,3376447
2022,poss->amod,poss,amod,95,3.2606360230949134e-05,0.03407060936540083,10523,2788327.0,2913542
2023,poss->amod,poss,amod,37,1.2081171103014186e-05,0.012554050275917668,11046,2947256.0,3062617
2024,poss->amod,poss,amod,33,9.151668099503591e-06,0.009476046421141348,12862,3482465.0,3605900
2025,poss->amod,poss,amod,27,6.46931734565347e-06,0.006709679856323389,15004,4024037.0,4173547
2026,poss->amod,poss,amod,7,5.000742967526604e-06,0.00520614086627209,4849,1344566.0,1399792
2020,poss->appos,poss,appos,35,9.803394327251867e-06,0.010256265992449044,14066,3412548.0,3570192
2021,poss->appos,poss,appos,45,1.332761923998807e-05,0.013987822512561065,12748,3217084.0,3376447
2022,poss->appos,poss,appos,20,6.864496890726133e-06,0.007172759866400175,10523,2788327.0,2913542
2023,poss->appos,poss,appos,19,6.203844620466744e-06,0.0064466744660117755,11046,2947256.0,3062617
2024,poss->appos,poss,appos,7,1.9412629301977313e-06,0.0020100704529693765,12862,3482465.0,3605900
2025,poss->appos,poss,appos,22,5.271295614976901e-06,0.005467146549596835,15004,4024037.0,4173547
2026,poss->appos,poss,appos,5,3.571959262519003e-06,0.0037186720473372076,4849,1344566.0,1399792
2022,poss->attr,poss,attr,1,3.4322484453630666e-07,0.00035863799332000874,10523,2788327.0,2913542
2023,poss->attr,poss,attr,2,6.530362758386047e-07,0.0006785973122117658,11046,2947256.0,3062617
2025,poss->attr,poss,attr,1,2.3960434613531366e-07,0.00024850666134531066,15004,4024037.0,4173547
2020,poss->case,poss,case,135,3.781309240511435e-05,0.03955988311373203,14066,3412548.0,3570192
2021,poss->case,poss,case,130,3.8502011137743314e-05,0.04040926503628752,12748,3217084.0,3376447
2022,poss->case,poss,case,57,1.956381613856948e-05,0.0204423656192405,10523,2788327.0,2913542
2023,poss->case,poss,case,40,1.3060725516772094e-05,0.013571946244235316,11046,2947256.0,3062617
2024,poss->case,poss,case,33,9.151668099503591e-06,0.009476046421141348,12862,3482465.0,3605900
2025,poss->case,poss,case,32,7.667339076330037e-06,0.007952213163049941,15004,4024037.0,4173547
2026,poss->case,poss,case,46,3.286202521517483e-05,0.03421178283550231,4849,1344566.0,1399792
2019,poss->cc,poss,cc,1,4.069209108517669e-06,0.0042039592888582465,912,237871.0,245748
2020,poss->cc,poss,cc,8,2.2407758462289984e-06,0.0023442893697026386,14066,3412548.0,3570192
2021,poss->cc,poss,cc,24,7.108063594660304e-06,0.007460172006699234,12748,3217084.0,3376447
2022,poss->cc,poss,cc,5,1.7161242226815333e-06,0.0017931899666000436,10523,2788327.0,2913542
2023,poss->cc,poss,cc,8,2.6121451033544187e-06,0.0027143892488470634,11046,2947256.0,3062617
2024,poss->cc,poss,cc,13,3.60520258465293e-06,0.003732987984085985,12862,3482465.0,3605900
2025,poss->cc,poss,cc,5,1.1980217306765685e-06,0.0012425333067265533,15004,4024037.0,4173547
2026,poss->cc,poss,cc,2,1.4287837050076011e-06,0.001487468818934883,4849,1344566.0,1399792
2019,poss->compound,poss,compound,1,4.069209108517669e-06,0.0042039592888582465,912,237871.0,245748
2020,poss->compound,poss,compound,73,2.044707959683961e-05,0.02139164049853658,14066,3412548.0,3570192
2021,poss->compound,poss,compound,81,2.3989714631978526e-05,0.025178080522609916,12748,3217084.0,3376447
2022,poss->compound,poss,compound,53,1.8190916760424255e-05,0.01900781364596046,10523,2788327.0,2913542
2023,poss->compound,poss,compound,21,6.856880896305349e-06,0.00712527177822354,11046,2947256.0,3062617
2024,poss->compound,poss,compound,11,3.050556033167864e-06,0.003158682140380449,12862,3482465.0,3605900
2025,poss->compound,poss,compound,20,4.792086922706274e-06,0.004970133226906213,15004,4024037.0,4173547
2026,poss->compound,poss,compound,13,9.287094082549407e-06,0.00966854732307674,4849,1344566.0,1399792
2019,poss->conj,poss,conj,1,4.069209108517669e-06,0.0042039592888582465,912,237871.0,245748
2020,poss->conj,poss,conj,6,1.6805818846717488e-06,0.001758217027276979,14066,3412548.0,3570192
2021,poss->conj,poss,conj,20,5.923386328883587e-06,0.0062168100055826955,12748,3217084.0,3376447
2022,poss->conj,poss,conj,8,2.7457987562904533e-06,0.00286910394656007,10523,2788327.0,2913542
2023,poss->conj,poss,conj,9,2.938663241273721e-06,0.003053687904952946,11046,2947256.0,3062617
2024,poss->conj,poss,conj,11,3.050556033167864e-06,0.003158682140380449,12862,3482465.0,3605900
2025,poss->conj,poss,conj,6,1.437626076811882e-06,0.0014910399680718642,15004,4024037.0,4173547
2020,poss->dep,poss,dep,1,2.800969807786248e-07,0.0002930361712128298,14066,3412548.0,3570192
2021,poss->dep,poss,dep,1,2.9616931644417936e-07,0.0003108405002791348,12748,3217084.0,3376447
2022,poss->dep,poss,dep,4,1.3728993781452266e-06,0.001434551973280035,10523,2788327.0,2913542
2024,poss->dep,poss,dep,2,5.546465514850662e-07,0.0005743058437055362,12862,3482465.0,3605900
2025,poss->dep,poss,dep,2,4.792086922706273e-07,0.0004970133226906213,15004,4024037.0,4173547
2026,poss->dep,poss,dep,1,7.143918525038006e-07,0.0007437344094674415,4849,1344566.0,1399792
2019,poss->det,poss,det,2,8.138418217035338e-06,0.008407918577716493,912,237871.0,245748
2020,poss->det,poss,det,165,4.621600182847309e-05,0.04835096825011692,14066,3412548.0,3570192
2021,poss->det,poss,det,213,6.30840644026102e-05,0.0662090265594557,12748,3217084.0,3376447
2022,poss->det,poss,det,113,3.878440743260265e-05,0.04052609324516099,10523,2788327.0,2913542
2023,poss->det,poss,det,44,1.4366798068449304e-05,0.014929140868658847,11046,2947256.0,3062617
2024,poss->det,poss,det,38,1.0538284478216257e-05,0.010911811030405187,12862,3482465.0,3605900
2025,poss->det,poss,det,33,7.906943422465351e-06,0.008200719824395252,15004,4024037.0,4173547
2026,poss->det,poss,det,12,8.572702230045608e-06,0.008924812913609298,4849,1344566.0,1399792
2020,poss->dobj,poss,dobj,2,5.601939615572496e-07,0.0005860723424256596,14066,3412548.0,3570192
2021,poss->dobj,poss,dobj,8,2.369354531553435e-06,0.0024867240022330784,12748,3217084.0,3376447
2022,poss->dobj,poss,dobj,3,1.02967453360892e-06,0.0010759139799600263,10523,2788327.0,2913542
2024,poss->dobj,poss,dobj,1,2.773232757425331e-07,0.0002871529218527681,12862,3482465.0,3605900
2025,poss->dobj,poss,dobj,1,2.3960434613531366e-07,0.00024850666134531066,15004,4024037.0,4173547
2020,poss->intj,poss,intj,1,2.800969807786248e-07,0.0002930361712128298,14066,3412548.0,3570192
2021,poss->intj,poss,intj,1,2.9616931644417936e-07,0.0003108405002791348,12748,3217084.0,3376447
2022,poss->intj,poss,intj,1,3.4322484453630666e-07,0.00035863799332000874,10523,2788327.0,2913542
2023,poss->intj,poss,intj,1,3.2651813791930233e-07,0.0003392986561058829,11046,2947256.0,3062617
2020,poss->mark,poss,mark,1,2.800969807786248e-07,0.0002930361712128298,14066,3412548.0,3570192
2022,poss->mark,poss,mark,1,3.4322484453630666e-07,0.00035863799332000874,10523,2788327.0,2913542
2020,poss->neg,poss,neg,1,2.800969807786248e-07,0.0002930361712128298,14066,3412548.0,3570192
2022,poss->neg,poss,neg,1,3.4322484453630666e-07,0.00035863799332000874,10523,2788327.0,2913542
2020,poss->nmod,poss,nmod,21,5.8820365963511205e-06,0.006153759595469426,14066,3412548.0,3570192
2021,poss->nmod,poss,nmod,18,5.331047695995228e-06,0.005595129005024426,12748,3217084.0,3376447
2022,poss->nmod,poss,nmod,9,3.08902360082676e-06,0.0032277419398800784,10523,2788327.0,2913542
2023,poss->nmod,poss,nmod,2,6.530362758386047e-07,0.0006785973122117658,11046,2947256.0,3062617
2024,poss->nmod,poss,nmod,2,5.546465514850662e-07,0.0005743058437055362,12862,3482465.0,3605900
2025,poss->nmod,poss,nmod,3,7.18813038405941e-07,0.0007455199840359321,15004,4024037.0,4173547
2026,poss->nmod,poss,nmod,1,7.143918525038006e-07,0.0007437344094674415,4849,1344566.0,1399792
2022,poss->npadvmod,poss,npadvmod,1,3.4322484453630666e-07,0.00035863799332000874,10523,2788327.0,2913542
2022,poss->nsubj,poss,nsubj,1,3.4322484453630666e-07,0.00035863799332000874,10523,2788327.0,2913542
2023,poss->nsubj,poss,nsubj,4,1.3060725516772093e-06,0.0013571946244235317,11046,2947256.0,3062617
2024,poss->nsubj,poss,nsubj,2,5.546465514850662e-07,0.0005743058437055362,12862,3482465.0,3605900
2026,poss->nsubj,poss,nsubj,1,7.143918525038006e-07,0.0007437344094674415,4849,1344566.0,1399792
2019,poss->nummod,poss,nummod,1,4.069209108517669e-06,0.0042039592888582465,912,237871.0,245748
2020,poss->nummod,poss,nummod,211,5.910046294428983e-05,0.06183063212590709,14066,3412548.0,3570192
2021,poss->nummod,poss,nummod,240,7.108063594660304e-05,0.07460172006699235,12748,3217084.0,3376447
2022,poss->nummod,poss,nummod,110,3.7754732898993737e-05,0.03945017926520096,10523,2788327.0,2913542
2023,poss->nummod,poss,nummod,45,1.4693316206368606e-05,0.015268439524764732,11046,2947256.0,3062617
2024,poss->nummod,poss,nummod,25,6.933081893563327e-06,0.007178823046319203,12862,3482465.0,3605900
2025,poss->nummod,poss,nummod,17,4.073273884300333e-06,0.004224613242870282,15004,4024037.0,4173547
2026,poss->nummod,poss,nummod,13,9.287094082549407e-06,0.00966854732307674,4849,1344566.0,1399792
2021,poss->parataxis,poss,parataxis,4,1.1846772657767174e-06,0.0012433620011165392,12748,3217084.0,3376447
2022,poss->parataxis,poss,parataxis,1,3.4322484453630666e-07,0.00035863799332000874,10523,2788327.0,2913542
2025,poss->parataxis,poss,parataxis,1,2.3960434613531366e-07,0.00024850666134531066,15004,4024037.0,4173547
2025,poss->pobj,poss,pobj,1,2.3960434613531366e-07,0.00024850666134531066,15004,4024037.0,4173547
2020,poss->poss,poss,poss,4,1.1203879231144992e-06,0.0011721446848513193,14066,3412548.0,3570192
2021,poss->poss,poss,poss,2,5.923386328883587e-07,0.0006216810005582696,12748,3217084.0,3376447
2022,poss->poss,poss,poss,1,3.4322484453630666e-07,0.00035863799332000874,10523,2788327.0,2913542
2024,poss->poss,poss,poss,1,2.773232757425331e-07,0.0002871529218527681,12862,3482465.0,3605900
2025,poss->poss,poss,poss,2,4.792086922706273e-07,0.0004970133226906213,15004,4024037.0,4173547
2020,poss->preconj,poss,preconj,2,5.601939615572496e-07,0.0005860723424256596,14066,3412548.0,3570192
2021,poss->preconj,poss,preconj,3,8.88507949332538e-07,0.0009325215008374043,12748,3217084.0,3376447
2022,poss->preconj,poss,preconj,2,6.864496890726133e-07,0.0007172759866400175,10523,2788327.0,2913542
2024,poss->preconj,poss,preconj,1,2.773232757425331e-07,0.0002871529218527681,12862,3482465.0,3605900
2025,poss->preconj,poss,preconj,1,2.3960434613531366e-07,0.00024850666134531066,15004,4024037.0,4173547
2025,poss->predet,poss,predet,1,2.3960434613531366e-07,0.00024850666134531066,15004,4024037.0,4173547
2020,poss->prep,poss,prep,8,2.2407758462289984e-06,0.0023442893697026386,14066,3412548.0,3570192
2021,poss->prep,poss,prep,14,4.146370430218511e-06,0.0043517670039078865,12748,3217084.0,3376447
2022,poss->prep,poss,prep,3,1.02967453360892e-06,0.0010759139799600263,10523,2788327.0,2913542
2023,poss->prep,poss,prep,1,3.2651813791930233e-07,0.0003392986561058829,11046,2947256.0,3062617
2024,poss->prep,poss,prep,4,1.1092931029701323e-06,0.0011486116874110724,12862,3482465.0,3605900
2025,poss->prep,poss,prep,1,2.3960434613531366e-07,0.00024850666134531066,15004,4024037.0,4173547
2020,poss->prt,poss,prt,10,2.800969807786248e-06,0.0029303617121282984,14066,3412548.0,3570192
2021,poss->prt,poss,prt,8,2.369354531553435e-06,0.0024867240022330784,12748,3217084.0,3376447
2022,poss->prt,poss,prt,11,3.7754732898993733e-06,0.003945017926520096,10523,2788327.0,2913542
2023,poss->prt,poss,prt,2,6.530362758386047e-07,0.0006785973122117658,11046,2947256.0,3062617
2024,poss->prt,poss,prt,2,5.546465514850662e-07,0.0005743058437055362,12862,3482465.0,3605900
2025,poss->prt,poss,prt,2,4.792086922706273e-07,0.0004970133226906213,15004,4024037.0,4173547
2021,poss->quantmod,poss,quantmod,1,2.9616931644417936e-07,0.0003108405002791348,12748,3217084.0,3376447
2023,poss->quantmod,poss,quantmod,1,3.2651813791930233e-07,0.0003392986561058829,11046,2947256.0,3062617
2020,poss->relcl,poss,relcl,1,2.800969807786248e-07,0.0002930361712128298,14066,3412548.0,3570192
2019,preconj->acl,preconj,acl,1,4.069209108517669e-06,0.0042039592888582465,912,237871.0,245748
2020,preconj->acl,preconj,acl,1,2.800969807786248e-07,0.0002930361712128298,14066,3412548.0,3570192
2021,preconj->acl,preconj,acl,2,5.923386328883587e-07,0.0006216810005582696,12748,3217084.0,3376447
2024,preconj->acl,preconj,acl,1,2.773232757425331e-07,0.0002871529218527681,12862,3482465.0,3605900
2021,preconj->advcl,preconj,advcl,1,2.9616931644417936e-07,0.0003108405002791348,12748,3217084.0,3376447
2023,preconj->advcl,preconj,advcl,1,3.2651813791930233e-07,0.0003392986561058829,11046,2947256.0,3062617
2019,preconj->advmod,preconj,advmod,15,6.103813662776503e-05,0.0630593893328737,912,237871.0,245748
2020,preconj->advmod,preconj,advmod,244,6.834366330998445e-05,0.07150082577593048,14066,3412548.0,3570192
2021,preconj->advmod,preconj,advmod,217,6.426874166838692e-05,0.06745238856057224,12748,3217084.0,3376447
2022,preconj->advmod,preconj,advmod,182,6.246692170560781e-05,0.0652721147842416,10523,2788327.0,2913542
2023,preconj->advmod,preconj,advmod,165,5.387549275668489e-05,0.05598427825747068,11046,2947256.0,3062617
2024,preconj->advmod,preconj,advmod,229,6.350703014504007e-05,0.06575801910428389,12862,3482465.0,3605900
2025,preconj->advmod,preconj,advmod,245,5.870306480315185e-05,0.06088413202960112,15004,4024037.0,4173547
2026,preconj->advmod,preconj,advmod,73,5.215060523277744e-05,0.054292611891123235,4849,1344566.0,1399792
2019,preconj->amod,preconj,amod,3,1.2207627325553006e-05,0.01261187786657474,912,237871.0,245748
2020,preconj->amod,preconj,amod,32,8.963103384915993e-06,0.009377157478810554,14066,3412548.0,3570192
2021,preconj->amod,preconj,amod,36,1.0662095391990457e-05,0.011190258010048852,12748,3217084.0,3376447
2022,preconj->amod,preconj,amod,30,1.02967453360892e-05,0.010759139799600262,10523,2788327.0,2913542
2023,preconj->amod,preconj,amod,26,8.489471585901861e-06,0.008821765058752954,11046,2947256.0,3062617
2024,preconj->amod,preconj,amod,54,1.4975456890096786e-05,0.015506257780049477,12862,3482465.0,3605900
2025,preconj->amod,preconj,amod,36,8.625756460871292e-06,0.008946239808431185,15004,4024037.0,4173547
2026,preconj->amod,preconj,amod,5,3.571959262519003e-06,0.0037186720473372076,4849,1344566.0,1399792
2019,preconj->appos,preconj,appos,1,4.069209108517669e-06,0.0042039592888582465,912,237871.0,245748
2020,preconj->appos,preconj,appos,8,2.2407758462289984e-06,0.0023442893697026386,14066,3412548.0,3570192
2021,preconj->appos,preconj,appos,3,8.88507949332538e-07,0.0009325215008374043,12748,3217084.0,3376447
2022,preconj->appos,preconj,appos,10,3.4322484453630665e-06,0.0035863799332000873,10523,2788327.0,2913542
2023,preconj->appos,preconj,appos,9,2.938663241273721e-06,0.003053687904952946,11046,2947256.0,3062617
2024,preconj->appos,preconj,appos,13,3.60520258465293e-06,0.003732987984085985,12862,3482465.0,3605900
2025,preconj->appos,preconj,appos,12,2.875252153623764e-06,0.0029820799361437284,15004,4024037.0,4173547
2026,preconj->appos,preconj,appos,1,7.143918525038006e-07,0.0007437344094674415,4849,1344566.0,1399792
2024,preconj->attr,preconj,attr,1,2.773232757425331e-07,0.0002871529218527681,12862,3482465.0,3605900
2025,preconj->aux,preconj,aux,1,2.3960434613531366e-07,0.00024850666134531066,15004,4024037.0,4173547
2022,preconj->case,preconj,case,1,3.4322484453630666e-07,0.00035863799332000874,10523,2788327.0,2913542
2019,preconj->cc,preconj,cc,7,2.848446375962368e-05,0.029427715022007726,912,237871.0,245748
2020,preconj->cc,preconj,cc,66,1.8486400731389236e-05,0.01934038730004677,14066,3412548.0,3570192
2021,preconj->cc,preconj,cc,64,1.895483625242748e-05,0.019893792017864627,12748,3217084.0,3376447
2022,preconj->cc,preconj,cc,63,2.162316520578732e-05,0.02259419357916055,10523,2788327.0,2913542
2023,preconj->cc,preconj,cc,75,2.4488860343947675e-05,0.02544739920794122,11046,2947256.0,3062617
2024,preconj->cc,preconj,cc,105,2.9118943952965972e-05,0.030151056794540648,12862,3482465.0,3605900
2025,preconj->cc,preconj,cc,94,2.2522808536719485e-05,0.023359626166459205,15004,4024037.0,4173547
2026,preconj->cc,preconj,cc,36,2.571810669013682e-05,0.026774438740827897,4849,1344566.0,1399792
2019,preconj->compound,preconj,compound,1,4.069209108517669e-06,0.0042039592888582465,912,237871.0,245748
2020,preconj->compound,preconj,compound,14,3.921357730900747e-06,0.004102506396979617,14066,3412548.0,3570192
2021,preconj->compound,preconj,compound,11,3.2578624808859728e-06,0.0034192455030704824,12748,3217084.0,3376447
2022,preconj->compound,preconj,compound,13,4.461922978971987e-06,0.004662293913160113,10523,2788327.0,2913542
2023,preconj->compound,preconj,compound,18,5.877326482547442e-06,0.006107375809905892,11046,2947256.0,3062617
2024,preconj->compound,preconj,compound,22,6.101112066335728e-06,0.006317364280760898,12862,3482465.0,3605900
2025,preconj->compound,preconj,compound,11,2.6356478074884506e-06,0.0027335732747984175,15004,4024037.0,4173547
2026,preconj->compound,preconj,compound,6,4.286351115022804e-06,0.004462406456804649,4849,1344566.0,1399792
2019,preconj->conj,preconj,conj,4,1.6276836434070675e-05,0.016815837155432986,912,237871.0,245748
2020,preconj->conj,preconj,conj,67,1.8766497712167862e-05,0.019633423471259598,14066,3412548.0,3570192
2021,preconj->conj,preconj,conj,63,1.8658666935983297e-05,0.01958295151758549,12748,3217084.0,3376447
2022,preconj->conj,preconj,conj,57,1.956381613856948e-05,0.0204423656192405,10523,2788327.0,2913542
2023,preconj->conj,preconj,conj,70,2.2856269654351165e-05,0.023750905927411803,11046,2947256.0,3062617
2024,preconj->conj,preconj,conj,95,2.634571119554064e-05,0.027279527576012968,12862,3482465.0,3605900
2025,preconj->conj,preconj,conj,85,2.0366369421501664e-05,0.02112306621435141,15004,4024037.0,4173547
2026,preconj->conj,preconj,conj,34,2.428932298512922e-05,0.025286969921893013,4849,1344566.0,1399792
2020,preconj->dep,preconj,dep,1,2.800969807786248e-07,0.0002930361712128298,14066,3412548.0,3570192
2022,preconj->dep,preconj,dep,1,3.4322484453630666e-07,0.00035863799332000874,10523,2788327.0,2913542
2023,preconj->dep,preconj,dep,1,3.2651813791930233e-07,0.0003392986561058829,11046,2947256.0,3062617
2024,preconj->dep,preconj,dep,1,2.773232757425331e-07,0.0002871529218527681,12862,3482465.0,3605900
2025,preconj->dep,preconj,dep,1,2.3960434613531366e-07,0.00024850666134531066,15004,4024037.0,4173547
2026,preconj->dep,preconj,dep,2,1.4287837050076011e-06,0.001487468818934883,4849,1344566.0,1399792
2020,preconj->det,preconj,det,1,2.800969807786248e-07,0.0002930361712128298,14066,3412548.0,3570192
2019,preconj->dobj,preconj,dobj,1,4.069209108517669e-06,0.0042039592888582465,912,237871.0,245748
2021,preconj->dobj,preconj,dobj,3,8.88507949332538e-07,0.0009325215008374043,12748,3217084.0,3376447
2022,preconj->dobj,preconj,dobj,1,3.4322484453630666e-07,0.00035863799332000874,10523,2788327.0,2913542
2025,preconj->dobj,preconj,dobj,1,2.3960434613531366e-07,0.00024850666134531066,15004,4024037.0,4173547
2020,preconj->expl,preconj,expl,1,2.800969807786248e-07,0.0002930361712128298,14066,3412548.0,3570192
2020,preconj->intj,preconj,intj,1,2.800969807786248e-07,0.0002930361712128298,14066,3412548.0,3570192
2024,preconj->intj,preconj,intj,1,2.773232757425331e-07,0.0002871529218527681,12862,3482465.0,3605900
2021,preconj->neg,preconj,neg,1,2.9616931644417936e-07,0.0003108405002791348,12748,3217084.0,3376447
2020,preconj->nmod,preconj,nmod,15,4.201454711679372e-06,0.004395542568192448,14066,3412548.0,3570192
2021,preconj->nmod,preconj,nmod,9,2.665523847997614e-06,0.002797564502512213,12748,3217084.0,3376447
2022,preconj->nmod,preconj,nmod,8,2.7457987562904533e-06,0.00286910394656007,10523,2788327.0,2913542
2023,preconj->nmod,preconj,nmod,14,4.5712539308702325e-06,0.00475018118548236,11046,2947256.0,3062617
2024,preconj->nmod,preconj,nmod,14,3.882525860395463e-06,0.004020140905938753,12862,3482465.0,3605900
2025,preconj->nmod,preconj,nmod,17,4.073273884300333e-06,0.004224613242870282,15004,4024037.0,4173547
2026,preconj->nmod,preconj,nmod,2,1.4287837050076011e-06,0.001487468818934883,4849,1344566.0,1399792
2020,preconj->npadvmod,preconj,npadvmod,2,5.601939615572496e-07,0.0005860723424256596,14066,3412548.0,3570192
2021,preconj->npadvmod,preconj,npadvmod,7,2.0731852151092556e-06,0.0021758835019539432,12748,3217084.0,3376447
2022,preconj->npadvmod,preconj,npadvmod,11,3.7754732898993733e-06,0.003945017926520096,10523,2788327.0,2913542
2023,preconj->npadvmod,preconj,npadvmod,4,1.3060725516772093e-06,0.0013571946244235317,11046,2947256.0,3062617
2024,preconj->npadvmod,preconj,npadvmod,9,2.4959094816827976e-06,0.0025843762966749127,12862,3482465.0,3605900
2025,preconj->npadvmod,preconj,npadvmod,12,2.875252153623764e-06,0.0029820799361437284,15004,4024037.0,4173547
2026,preconj->npadvmod,preconj,npadvmod,7,5.000742967526604e-06,0.00520614086627209,4849,1344566.0,1399792
2025,preconj->nsubj,preconj,nsubj,2,4.792086922706273e-07,0.0004970133226906213,15004,4024037.0,4173547
2019,preconj->nummod,preconj,nummod,1,4.069209108517669e-06,0.0042039592888582465,912,237871.0,245748
2020,preconj->nummod,preconj,nummod,13,3.641260750122122e-06,0.0038094702257667878,14066,3412548.0,3570192
2021,preconj->nummod,preconj,nummod,19,5.627217012439407e-06,0.00590596950530356,12748,3217084.0,3376447
2022,preconj->nummod,preconj,nummod,12,4.11869813443568e-06,0.004303655919840105,10523,2788327.0,2913542
2023,preconj->nummod,preconj,nummod,10,3.2651813791930236e-06,0.003392986561058829,11046,2947256.0,3062617
2024,preconj->nummod,preconj,nummod,7,1.9412629301977313e-06,0.0020100704529693765,12862,3482465.0,3605900
2025,preconj->nummod,preconj,nummod,4,9.584173845412547e-07,0.0009940266453812427,15004,4024037.0,4173547
2026,preconj->nummod,preconj,nummod,1,7.143918525038006e-07,0.0007437344094674415,4849,1344566.0,1399792
2020,preconj->parataxis,preconj,parataxis,2,5.601939615572496e-07,0.0005860723424256596,14066,3412548.0,3570192
2025,preconj->parataxis,preconj,parataxis,2,4.792086922706273e-07,0.0004970133226906213,15004,4024037.0,4173547
2026,preconj->parataxis,preconj,parataxis,1,7.143918525038006e-07,0.0007437344094674415,4849,1344566.0,1399792
2022,preconj->pobj,preconj,pobj,1,3.4322484453630666e-07,0.00035863799332000874,10523,2788327.0,2913542
2025,preconj->pobj,preconj,pobj,2,4.792086922706273e-07,0.0004970133226906213,15004,4024037.0,4173547
2026,preconj->pobj,preconj,pobj,2,1.4287837050076011e-06,0.001487468818934883,4849,1344566.0,1399792
2022,preconj->preconj,preconj,preconj,2,6.864496890726133e-07,0.0007172759866400175,10523,2788327.0,2913542
2023,preconj->preconj,preconj,preconj,1,3.2651813791930233e-07,0.0003392986561058829,11046,2947256.0,3062617
2024,preconj->preconj,preconj,preconj,1,2.773232757425331e-07,0.0002871529218527681,12862,3482465.0,3605900
2026,preconj->preconj,preconj,preconj,1,7.143918525038006e-07,0.0007437344094674415,4849,1344566.0,1399792
2020,preconj->prep,preconj,prep,8,2.2407758462289984e-06,0.0023442893697026386,14066,3412548.0,3570192
2021,preconj->prep,preconj,prep,11,3.2578624808859728e-06,0.0034192455030704824,12748,3217084.0,3376447
2022,preconj->prep,preconj,prep,18,6.17804720165352e-06,0.006455483879760157,10523,2788327.0,2913542
2023,preconj->prep,preconj,prep,8,2.6121451033544187e-06,0.0027143892488470634,11046,2947256.0,3062617
2024,preconj->prep,preconj,prep,18,4.991818963365595e-06,0.005168752593349825,12862,3482465.0,3605900
2025,preconj->prep,preconj,prep,16,3.833669538165019e-06,0.003976106581524971,15004,4024037.0,4173547
2026,preconj->prep,preconj,prep,6,4.286351115022804e-06,0.004462406456804649,4849,1344566.0,1399792
2020,preconj->prt,preconj,prt,2,5.601939615572496e-07,0.0005860723424256596,14066,3412548.0,3570192
2021,preconj->prt,preconj,prt,4,1.1846772657767174e-06,0.0012433620011165392,12748,3217084.0,3376447
2022,preconj->prt,preconj,prt,15,5.1483726680446e-06,0.005379569899800131,10523,2788327.0,2913542
2023,preconj->prt,preconj,prt,7,2.2856269654351162e-06,0.00237509059274118,11046,2947256.0,3062617
2024,preconj->prt,preconj,prt,4,1.1092931029701323e-06,0.0011486116874110724,12862,3482465.0,3605900
2025,preconj->prt,preconj,prt,4,9.584173845412547e-07,0.0009940266453812427,15004,4024037.0,4173547
2026,preconj->prt,preconj,prt,7,5.000742967526604e-06,0.00520614086627209,4849,1344566.0,1399792
2025,preconj->quantmod,preconj,quantmod,1,2.3960434613531366e-07,0.00024850666134531066,15004,4024037.0,4173547
2022,preconj->relcl,preconj,relcl,1,3.4322484453630666e-07,0.00035863799332000874,10523,2788327.0,2913542
2024,preconj->relcl,preconj,relcl,2,5.546465514850662e-07,0.0005743058437055362,12862,3482465.0,3605900
2020,predet->advmod,predet,advmod,15,4.201454711679372e-06,0.004395542568192448,14066,3412548.0,3570192
2021,predet->advmod,predet,advmod,12,3.554031797330152e-06,0.003730086003349617,12748,3217084.0,3376447
2022,predet->advmod,predet,advmod,7,2.4025739117541465e-06,0.002510465953240061,10523,2788327.0,2913542
2023,predet->advmod,predet,advmod,6,1.9591088275158142e-06,0.002035791936635297,11046,2947256.0,3062617
2024,predet->advmod,predet,advmod,5,1.3866163787126653e-06,0.0014357646092638403,12862,3482465.0,3605900
2025,predet->advmod,predet,advmod,4,9.584173845412547e-07,0.0009940266453812427,15004,4024037.0,4173547
2026,predet->advmod,predet,advmod,4,2.8575674100152022e-06,0.002974937637869766,4849,1344566.0,1399792
2021,predet->amod,predet,amod,1,2.9616931644417936e-07,0.0003108405002791348,12748,3217084.0,3376447
2022,predet->amod,predet,amod,2,6.864496890726133e-07,0.0007172759866400175,10523,2788327.0,2913542
2023,predet->amod,predet,amod,1,3.2651813791930233e-07,0.0003392986561058829,11046,2947256.0,3062617
2022,predet->aux,predet,aux,1,3.4322484453630666e-07,0.00035863799332000874,10523,2788327.0,2913542
2021,predet->ccomp,predet,ccomp,1,2.9616931644417936e-07,0.0003108405002791348,12748,3217084.0,3376447
2021,predet->compound,predet,compound,1,2.9616931644417936e-07,0.0003108405002791348,12748,3217084.0,3376447
2022,predet->det,predet,det,1,3.4322484453630666e-07,0.00035863799332000874,10523,2788327.0,2913542
2024,predet->det,predet,det,1,2.773232757425331e-07,0.0002871529218527681,12862,3482465.0,3605900
2020,predet->neg,predet,neg,2,5.601939615572496e-07,0.0005860723424256596,14066,3412548.0,3570192
2022,predet->neg,predet,neg,1,3.4322484453630666e-07,0.00035863799332000874,10523,2788327.0,2913542
2023,predet->neg,predet,neg,1,3.2651813791930233e-07,0.0003392986561058829,11046,2947256.0,3062617
2024,predet->neg,predet,neg,1,2.773232757425331e-07,0.0002871529218527681,12862,3482465.0,3605900
2024,predet->nummod,predet,nummod,1,2.773232757425331e-07,0.0002871529218527681,12862,3482465.0,3605900
2020,predet->prep,predet,prep,1,2.800969807786248e-07,0.0002930361712128298,14066,3412548.0,3570192
2021,predet->prep,predet,prep,1,2.9616931644417936e-07,0.0003108405002791348,12748,3217084.0,3376447
2020,predet->quantmod,predet,quantmod,4,1.1203879231144992e-06,0.0011721446848513193,14066,3412548.0,3570192
2021,predet->quantmod,predet,quantmod,1,2.9616931644417936e-07,0.0003108405002791348,12748,3217084.0,3376447
2022,predet->quantmod,predet,quantmod,3,1.02967453360892e-06,0.0010759139799600263,10523,2788327.0,2913542
2023,predet->quantmod,predet,quantmod,1,3.2651813791930233e-07,0.0003392986561058829,11046,2947256.0,3062617
2024,predet->quantmod,predet,quantmod,1,2.773232757425331e-07,0.0002871529218527681,12862,3482465.0,3605900
2026,predet->quantmod,predet,quantmod,1,7.143918525038006e-07,0.0007437344094674415,4849,1344566.0,1399792
2019,prep->acl,prep,acl,2,8.138418217035338e-06,0.008407918577716493,912,237871.0,245748
2020,prep->acl,prep,acl,11,3.0810667885648726e-06,0.003223397883341128,14066,3412548.0,3570192
2021,prep->acl,prep,acl,10,2.9616931644417935e-06,0.0031084050027913477,12748,3217084.0,3376447
2022,prep->acl,prep,acl,7,2.4025739117541465e-06,0.002510465953240061,10523,2788327.0,2913542
2023,prep->acl,prep,acl,9,2.938663241273721e-06,0.003053687904952946,11046,2947256.0,3062617
2024,prep->acl,prep,acl,18,4.991818963365595e-06,0.005168752593349825,12862,3482465.0,3605900
2025,prep->acl,prep,acl,17,4.073273884300333e-06,0.004224613242870282,15004,4024037.0,4173547
2026,prep->acl,prep,acl,8,5.7151348200304045e-06,0.005949875275739532,4849,1344566.0,1399792
2020,prep->acomp,prep,acomp,9,2.520872827007623e-06,0.0026373255409154685,14066,3412548.0,3570192
2021,prep->acomp,prep,acomp,6,1.777015898665076e-06,0.0018650430016748086,12748,3217084.0,3376447
2022,prep->acomp,prep,acomp,1,3.4322484453630666e-07,0.00035863799332000874,10523,2788327.0,2913542
2023,prep->acomp,prep,acomp,2,6.530362758386047e-07,0.0006785973122117658,11046,2947256.0,3062617
2024,prep->acomp,prep,acomp,3,8.319698272275992e-07,0.0008614587655583042,12862,3482465.0,3605900
2025,prep->acomp,prep,acomp,4,9.584173845412547e-07,0.0009940266453812427,15004,4024037.0,4173547
2019,prep->advcl,prep,advcl,4,1.6276836434070675e-05,0.016815837155432986,912,237871.0,245748
2020,prep->advcl,prep,advcl,61,1.708591582749611e-05,0.01787520644398262,14066,3412548.0,3570192
2021,prep->advcl,prep,advcl,47,1.3919957872876429e-05,0.014609503513119333,12748,3217084.0,3376447
2022,prep->advcl,prep,advcl,51,1.750446707135164e-05,0.018290537659320445,10523,2788327.0,2913542
2023,prep->advcl,prep,advcl,35,1.1428134827175582e-05,0.011875452963705901,11046,2947256.0,3062617
2024,prep->advcl,prep,advcl,51,1.4143487062869186e-05,0.014644799014491172,12862,3482465.0,3605900
2025,prep->advcl,prep,advcl,60,1.437626076811882e-05,0.014910399680718642,15004,4024037.0,4173547
2026,prep->advcl,prep,advcl,16,1.1430269640060809e-05,0.011899750551479064,4849,1344566.0,1399792
2019,prep->advmod,prep,advmod,184,0.000748734475967251,0.7735285091499174,912,237871.0,245748
2020,prep->advmod,prep,advmod,3285,0.0009201185818577825,0.962623822434146,14066,3412548.0,3570192
2021,prep->advmod,prep,advmod,3098,0.0009175325423440676,0.9629838698647595,12748,3217084.0,3376447
2022,prep->advmod,prep,advmod,2522,0.0008656130579205654,0.9044850191530621,10523,2788327.0,2913542
2023,prep->advmod,prep,advmod,2669,0.0008714769101066179,0.9055881131466015,11046,2947256.0,3062617
2024,prep->advmod,prep,advmod,3525,0.000977564546992429,1.0122140495310075,12862,3482465.0,3605900
2025,prep->advmod,prep,advmod,4638,0.0011112849573755848,1.152573895319551,15004,4024037.0,4173547
2026,prep->advmod,prep,advmod,1390,0.0009930046749802828,1.0337908291597437,4849,1344566.0,1399792
2019,prep->agent,prep,agent,1,4.069209108517669e-06,0.0042039592888582465,912,237871.0,245748
2020,prep->agent,prep,agent,8,2.2407758462289984e-06,0.0023442893697026386,14066,3412548.0,3570192
2021,prep->agent,prep,agent,7,2.0731852151092556e-06,0.0021758835019539432,12748,3217084.0,3376447
2022,prep->agent,prep,agent,5,1.7161242226815333e-06,0.0017931899666000436,10523,2788327.0,2913542
2023,prep->agent,prep,agent,4,1.3060725516772093e-06,0.0013571946244235317,11046,2947256.0,3062617
2024,prep->agent,prep,agent,4,1.1092931029701323e-06,0.0011486116874110724,12862,3482465.0,3605900
2025,prep->agent,prep,agent,5,1.1980217306765685e-06,0.0012425333067265533,15004,4024037.0,4173547
2019,prep->amod,prep,amod,237,0.0009644025587186875,0.9963383514594044,912,237871.0,245748
2020,prep->amod,prep,amod,3933,0.0011016214254023313,1.1525112613800597,14066,3412548.0,3570192
2021,prep->amod,prep,amod,3543,0.0010493278881617274,1.1013078924889745,12748,3217084.0,3376447
2022,prep->amod,prep,amod,3062,0.001050954473970171,1.0981495355458668,10523,2788327.0,2913542
2023,prep->amod,prep,amod,3304,0.001078815927685375,1.121042759773837,11046,2947256.0,3062617
2024,prep->amod,prep,amod,4170,0.001156438059846363,1.197427684126043,12862,3482465.0,3605900
2025,prep->amod,prep,amod,4887,0.0011709464395632779,1.2144520539945334,15004,4024037.0,4173547
2026,prep->amod,prep,amod,1410,0.0010072925120303588,1.0486655173490926,4849,1344566.0,1399792
2019,prep->appos,prep,appos,20,8.138418217035337e-05,0.08407918577716494,912,237871.0,245748
2020,prep->appos,prep,appos,164,4.5935904847694466e-05,0.048057932078904096,14066,3412548.0,3570192
2021,prep->appos,prep,appos,169,5.005261447906631e-05,0.05253204454717378,12748,3217084.0,3376447
2022,prep->appos,prep,appos,169,5.8004998726635825e-05,0.06060982087108148,10523,2788327.0,2913542
2023,prep->appos,prep,appos,186,6.0732373652990236e-05,0.06310955003569421,11046,2947256.0,3062617
2024,prep->appos,prep,appos,218,6.045647411187221e-05,0.06259933696390343,12862,3482465.0,3605900
2025,prep->appos,prep,appos,257,6.157831695677562e-05,0.06386621196574484,15004,4024037.0,4173547
2026,prep->appos,prep,appos,72,5.143621338027364e-05,0.05354887748165579,4849,1344566.0,1399792
2021,prep->attr,prep,attr,4,1.1846772657767174e-06,0.0012433620011165392,12748,3217084.0,3376447
2022,prep->attr,prep,attr,2,6.864496890726133e-07,0.0007172759866400175,10523,2788327.0,2913542
2023,prep->attr,prep,attr,1,3.2651813791930233e-07,0.0003392986561058829,11046,2947256.0,3062617
2024,prep->attr,prep,attr,2,5.546465514850662e-07,0.0005743058437055362,12862,3482465.0,3605900
2025,prep->attr,prep,attr,5,1.1980217306765685e-06,0.0012425333067265533,15004,4024037.0,4173547
2026,prep->attr,prep,attr,1,7.143918525038006e-07,0.0007437344094674415,4849,1344566.0,1399792
2020,prep->aux,prep,aux,8,2.2407758462289984e-06,0.0023442893697026386,14066,3412548.0,3570192
2021,prep->aux,prep,aux,11,3.2578624808859728e-06,0.0034192455030704824,12748,3217084.0,3376447
2022,prep->aux,prep,aux,7,2.4025739117541465e-06,0.002510465953240061,10523,2788327.0,2913542
2023,prep->aux,prep,aux,3,9.795544137579071e-07,0.0010178959683176485,11046,2947256.0,3062617
2024,prep->aux,prep,aux,6,1.6639396544551984e-06,0.0017229175311166084,12862,3482465.0,3605900
2025,prep->aux,prep,aux,5,1.1980217306765685e-06,0.0012425333067265533,15004,4024037.0,4173547
2020,prep->auxpass,prep,auxpass,15,4.201454711679372e-06,0.004395542568192448,14066,3412548.0,3570192
2021,prep->auxpass,prep,auxpass,7,2.0731852151092556e-06,0.0021758835019539432,12748,3217084.0,3376447
2022,prep->auxpass,prep,auxpass,7,2.4025739117541465e-06,0.002510465953240061,10523,2788327.0,2913542
2023,prep->auxpass,prep,auxpass,8,2.6121451033544187e-06,0.0027143892488470634,11046,2947256.0,3062617
2024,prep->auxpass,prep,auxpass,11,3.050556033167864e-06,0.003158682140380449,12862,3482465.0,3605900
2025,prep->auxpass,prep,auxpass,15,3.594065192029705e-06,0.0037275999201796606,15004,4024037.0,4173547
2026,prep->auxpass,prep,auxpass,5,3.571959262519003e-06,0.0037186720473372076,4849,1344566.0,1399792
2021,prep->case,prep,case,1,2.9616931644417936e-07,0.0003108405002791348,12748,3217084.0,3376447
2019,prep->cc,prep,cc,236,0.0009603333496101698,0.9921343921705462,912,237871.0,245748
2020,prep->cc,prep,cc,3537,0.0009907030210139958,1.036468937579779,14066,3412548.0,3570192
2021,prep->cc,prep,cc,3392,0.0010046063213786562,1.054370976946825,12748,3217084.0,3376447
2022,prep->cc,prep,cc,2927,0.0010046191199577696,1.0497334064476656,10523,2788327.0,2913542
2023,prep->cc,prep,cc,2916,0.0009521268901726856,0.9893948812047546,11046,2947256.0,3062617
2024,prep->cc,prep,cc,3136,0.0008696857927285838,0.9005115629302808,12862,3482465.0,3605900
2025,prep->cc,prep,cc,3271,0.0007837458162086111,0.8128652892605113,15004,4024037.0,4173547
2026,prep->cc,prep,cc,1083,0.000773686376261616,0.8054643654532392,4849,1344566.0,1399792
2020,prep->ccomp,prep,ccomp,6,1.6805818846717488e-06,0.001758217027276979,14066,3412548.0,3570192
2021,prep->ccomp,prep,ccomp,12,3.554031797330152e-06,0.003730086003349617,12748,3217084.0,3376447
2022,prep->ccomp,prep,ccomp,4,1.3728993781452266e-06,0.001434551973280035,10523,2788327.0,2913542
2023,prep->ccomp,prep,ccomp,8,2.6121451033544187e-06,0.0027143892488470634,11046,2947256.0,3062617
2024,prep->ccomp,prep,ccomp,3,8.319698272275992e-07,0.0008614587655583042,12862,3482465.0,3605900
2025,prep->ccomp,prep,ccomp,10,2.396043461353137e-06,0.0024850666134531066,15004,4024037.0,4173547
2026,prep->ccomp,prep,ccomp,5,3.571959262519003e-06,0.0037186720473372076,4849,1344566.0,1399792
2019,prep->compound,prep,compound,3,1.2207627325553006e-05,0.01261187786657474,912,237871.0,245748
2020,prep->compound,prep,compound,66,1.8486400731389236e-05,0.01934038730004677,14066,3412548.0,3570192
2021,prep->compound,prep,compound,104,3.080160891019465e-05,0.03232741202903002,12748,3217084.0,3376447
2022,prep->compound,prep,compound,76,2.6085088184759308e-05,0.027256487492320666,10523,2788327.0,2913542
2023,prep->compound,prep,compound,82,2.6774487309382792e-05,0.027822489800682398,11046,2947256.0,3062617
2024,prep->compound,prep,compound,88,2.440444826534291e-05,0.02526945712304359,12862,3482465.0,3605900
2025,prep->compound,prep,compound,119,2.8512917190102328e-05,0.02957229270009197,15004,4024037.0,4173547
2026,prep->compound,prep,compound,36,2.571810669013682e-05,0.026774438740827897,4849,1344566.0,1399792
2019,prep->conj,prep,conj,207,0.0008423262854631574,0.8702195727936571,912,237871.0,245748
2020,prep->conj,prep,conj,3085,0.0008640991857020575,0.9040165881915799,14066,3412548.0,3570192
2021,prep->conj,prep,conj,2949,0.0008734033141938849,0.9166686353231684,12748,3217084.0,3376447
2022,prep->conj,prep,conj,2517,0.0008638969336978838,0.902691829186462,10523,2788327.0,2913542
2023,prep->conj,prep,conj,2514,0.0008208665987291261,0.8529968214501896,11046,2947256.0,3062617
2024,prep->conj,prep,conj,2715,0.0007529326936409773,0.7796201828302654,12862,3482465.0,3605900
2025,prep->conj,prep,conj,2806,0.0006723297952556902,0.6973096917349418,15004,4024037.0,4173547
2026,prep->conj,prep,conj,941,0.0006722427332060763,0.6998540793088625,4849,1344566.0,1399792
2020,prep->dative,prep,dative,10,2.800969807786248e-06,0.0029303617121282984,14066,3412548.0,3570192
2021,prep->dative,prep,dative,7,2.0731852151092556e-06,0.0021758835019539432,12748,3217084.0,3376447
2022,prep->dative,prep,dative,2,6.864496890726133e-07,0.0007172759866400175,10523,2788327.0,2913542
2023,prep->dative,prep,dative,10,3.2651813791930236e-06,0.003392986561058829,11046,2947256.0,3062617
2024,prep->dative,prep,dative,11,3.050556033167864e-06,0.003158682140380449,12862,3482465.0,3605900
2025,prep->dative,prep,dative,12,2.875252153623764e-06,0.0029820799361437284,15004,4024037.0,4173547
2026,prep->dative,prep,dative,2,1.4287837050076011e-06,0.001487468818934883,4849,1344566.0,1399792
2019,prep->dep,prep,dep,8,3.255367286814135e-05,0.03363167431086597,912,237871.0,245748
2020,prep->dep,prep,dep,169,4.733638975158759e-05,0.04952311293496824,14066,3412548.0,3570192
2021,prep->dep,prep,dep,198,5.864152465594751e-05,0.061546419055268684,12748,3217084.0,3376447
2022,prep->dep,prep,dep,147,5.045405214683708e-05,0.05271978501804128,10523,2788327.0,2913542
2023,prep->dep,prep,dep,144,4.701861186037954e-05,0.04885900647924714,11046,2947256.0,3062617
2024,prep->dep,prep,dep,188,5.213677583959622e-05,0.053984749308320396,12862,3482465.0,3605900
2025,prep->dep,prep,dep,213,5.103572572682181e-05,0.05293191886655118,15004,4024037.0,4173547
2026,prep->dep,prep,dep,55,3.929155188770903e-05,0.04090539252070929,4849,1344566.0,1399792
2019,prep->det,prep,det,1,4.069209108517669e-06,0.0042039592888582465,912,237871.0,245748
2020,prep->det,prep,det,33,9.243200365694618e-06,0.009670193650023385,14066,3412548.0,3570192
2021,prep->det,prep,det,41,1.2142941974211354e-05,0.012744460511444525,12748,3217084.0,3376447
2022,prep->det,prep,det,33,1.132641986969812e-05,0.01183505377956029,10523,2788327.0,2913542
2023,prep->det,prep,det,28,9.142507861740465e-06,0.00950036237096472,11046,2947256.0,3062617
2024,prep->det,prep,det,35,9.706314650988658e-06,0.010050352264846883,12862,3482465.0,3605900
2025,prep->det,prep,det,34,8.146547768600665e-06,0.008449226485740565,15004,4024037.0,4173547
2026,prep->det,prep,det,8,5.7151348200304045e-06,0.005949875275739532,4849,1344566.0,1399792
2019,prep->dobj,prep,dobj,16,6.51073457362827e-05,0.06726334862173194,912,237871.0,245748
2020,prep->dobj,prep,dobj,276,7.730676669490045e-05,0.08087798325474103,14066,3412548.0,3570192
2021,prep->dobj,prep,dobj,334,9.89205516923559e-05,0.10382072709323101,12748,3217084.0,3376447
2022,prep->dobj,prep,dobj,253,8.683588566768558e-05,0.09073541230996221,10523,2788327.0,2913542
2023,prep->dobj,prep,dobj,240,7.836435310063257e-05,0.0814316774654119,11046,2947256.0,3062617
2024,prep->dobj,prep,dobj,321,8.902077151335312e-05,0.09217608791473855,12862,3482465.0,3605900
2025,prep->dobj,prep,dobj,327,7.835062118624758e-05,0.08126167825991659,15004,4024037.0,4173547
2026,prep->dobj,prep,dobj,119,8.501263044795227e-05,0.08850439472662555,4849,1344566.0,1399792
2019,prep->intj,prep,intj,7,2.848446375962368e-05,0.029427715022007726,912,237871.0,245748
2020,prep->intj,prep,intj,97,2.7169407135526603e-05,0.02842450860764449,14066,3412548.0,3570192
2021,prep->intj,prep,intj,80,2.3693545315534348e-05,0.024867240022330782,12748,3217084.0,3376447
2022,prep->intj,prep,intj,100,3.432248445363067e-05,0.03586379933200088,10523,2788327.0,2913542
2023,prep->intj,prep,intj,131,4.277387606742861e-05,0.04444812394987065,11046,2947256.0,3062617
2024,prep->intj,prep,intj,116,3.216949998613384e-05,0.0333097389349211,12862,3482465.0,3605900
2025,prep->intj,prep,intj,166,3.977432145846207e-05,0.04125210578332157,15004,4024037.0,4173547
2026,prep->intj,prep,intj,39,2.7861282247648223e-05,0.029005641969230223,4849,1344566.0,1399792
2019,prep->mark,prep,mark,10,4.069209108517668e-05,0.04203959288858247,912,237871.0,245748
2020,prep->mark,prep,mark,180,5.041745654015246e-05,0.05274651081830937,14066,3412548.0,3570192
2021,prep->mark,prep,mark,161,4.7683259947512874e-05,0.050045320544940694,12748,3217084.0,3376447
2022,prep->mark,prep,mark,135,4.63353540124014e-05,0.04841612909820118,10523,2788327.0,2913542
2023,prep->mark,prep,mark,134,4.375343048118652e-05,0.045466019918188307,11046,2947256.0,3062617
2024,prep->mark,prep,mark,97,2.690035774702571e-05,0.027853833419718504,12862,3482465.0,3605900
2025,prep->mark,prep,mark,115,2.755449980556107e-05,0.02857826605471073,15004,4024037.0,4173547
2026,prep->mark,prep,mark,23,1.6431012607587414e-05,0.017105891417751155,4849,1344566.0,1399792
2020,prep->meta,prep,meta,8,2.2407758462289984e-06,0.0023442893697026386,14066,3412548.0,3570192
2021,prep->meta,prep,meta,10,2.9616931644417935e-06,0.0031084050027913477,12748,3217084.0,3376447
2022,prep->meta,prep,meta,4,1.3728993781452266e-06,0.001434551973280035,10523,2788327.0,2913542
2023,prep->meta,prep,meta,9,2.938663241273721e-06,0.003053687904952946,11046,2947256.0,3062617
2024,prep->meta,prep,meta,4,1.1092931029701323e-06,0.0011486116874110724,12862,3482465.0,3605900
2025,prep->meta,prep,meta,13,3.1148564997590778e-06,0.0032305865974890393,15004,4024037.0,4173547
2026,prep->meta,prep,meta,3,2.143175557511402e-06,0.0022312032284023246,4849,1344566.0,1399792
2019,prep->neg,prep,neg,9,3.662288197665902e-05,0.03783563359972422,912,237871.0,245748
2020,prep->neg,prep,neg,161,4.509561390535859e-05,0.0471788235652656,14066,3412548.0,3570192
2021,prep->neg,prep,neg,206,6.1010879187500946e-05,0.06403314305750175,12748,3217084.0,3376447
2022,prep->neg,prep,neg,108,3.706828320992112e-05,0.038732903278560944,10523,2788327.0,2913542
2023,prep->neg,prep,neg,146,4.767164813621814e-05,0.049537603791458905,11046,2947256.0,3062617
2024,prep->neg,prep,neg,160,4.437172411880529e-05,0.04594446749644289,12862,3482465.0,3605900
2025,prep->neg,prep,neg,163,3.905550842005613e-05,0.04050658579928564,15004,4024037.0,4173547
2026,prep->neg,prep,neg,60,4.286351115022803e-05,0.04462406456804649,4849,1344566.0,1399792
2019,prep->nmod,prep,nmod,3,1.2207627325553006e-05,0.01261187786657474,912,237871.0,245748
2020,prep->nmod,prep,nmod,70,1.9606788654503734e-05,0.020512531984898087,14066,3412548.0,3570192
2021,prep->nmod,prep,nmod,84,2.4878222581311063e-05,0.02611060202344732,12748,3217084.0,3376447
2022,prep->nmod,prep,nmod,53,1.8190916760424255e-05,0.01900781364596046,10523,2788327.0,2913542
2023,prep->nmod,prep,nmod,75,2.4488860343947675e-05,0.02544739920794122,11046,2947256.0,3062617
2024,prep->nmod,prep,nmod,73,2.0244599129204915e-05,0.020962163295252068,12862,3482465.0,3605900
2025,prep->nmod,prep,nmod,105,2.5158456344207938e-05,0.02609319944125762,15004,4024037.0,4173547
2026,prep->nmod,prep,nmod,37,2.6432498542640622e-05,0.02751817315029534,4849,1344566.0,1399792
2019,prep->npadvmod,prep,npadvmod,60,0.0002441525465110601,0.2522375573314948,912,237871.0,245748
2020,prep->npadvmod,prep,npadvmod,732,0.00020503098992995334,0.21450247732779143,14066,3412548.0,3570192
2021,prep->npadvmod,prep,npadvmod,1028,0.0003044620573046164,0.31954403428695055,12748,3217084.0,3376447
2022,prep->npadvmod,prep,npadvmod,823,0.0002824740470533804,0.29515906850236723,10523,2788327.0,2913542
2023,prep->npadvmod,prep,npadvmod,624,0.00020374731806164468,0.21172236141007092,11046,2947256.0,3062617
2024,prep->npadvmod,prep,npadvmod,628,0.00017415901716631076,0.18033203492353836,12862,3482465.0,3605900
2025,prep->npadvmod,prep,npadvmod,728,0.00017443196398650836,0.18091284945938618,15004,4024037.0,4173547
2026,prep->npadvmod,prep,npadvmod,260,0.00018574188165098815,0.1933709464615348,4849,1344566.0,1399792
2019,prep->nsubj,prep,nsubj,5,2.034604554258834e-05,0.021019796444291236,912,237871.0,245748
2020,prep->nsubj,prep,nsubj,54,1.512523696204574e-05,0.01582395324549281,14066,3412548.0,3570192
2021,prep->nsubj,prep,nsubj,58,1.71778203537624e-05,0.018028749016189817,12748,3217084.0,3376447
2022,prep->nsubj,prep,nsubj,38,1.3042544092379654e-05,0.013628243746160333,10523,2788327.0,2913542
2023,prep->nsubj,prep,nsubj,45,1.4693316206368606e-05,0.015268439524764732,11046,2947256.0,3062617
2024,prep->nsubj,prep,nsubj,55,1.525278016583932e-05,0.015793410701902245,12862,3482465.0,3605900
2025,prep->nsubj,prep,nsubj,58,1.3897052075848194e-05,0.014413386358028019,15004,4024037.0,4173547
2026,prep->nsubj,prep,nsubj,18,1.285905334506841e-05,0.013387219370413948,4849,1344566.0,1399792
2020,prep->nsubjpass,prep,nsubjpass,6,1.6805818846717488e-06,0.001758217027276979,14066,3412548.0,3570192
2022,prep->nsubjpass,prep,nsubjpass,2,6.864496890726133e-07,0.0007172759866400175,10523,2788327.0,2913542
2023,prep->nsubjpass,prep,nsubjpass,2,6.530362758386047e-07,0.0006785973122117658,11046,2947256.0,3062617
2024,prep->nsubjpass,prep,nsubjpass,3,8.319698272275992e-07,0.0008614587655583042,12862,3482465.0,3605900
2025,prep->nsubjpass,prep,nsubjpass,2,4.792086922706273e-07,0.0004970133226906213,15004,4024037.0,4173547
2026,prep->nsubjpass,prep,nsubjpass,1,7.143918525038006e-07,0.0007437344094674415,4849,1344566.0,1399792
2019,prep->nummod,prep,nummod,31,0.00012614548236404772,0.13032273795460564,912,237871.0,245748
2020,prep->nummod,prep,nummod,301,8.430919121436606e-05,0.08820388753506178,14066,3412548.0,3570192
2021,prep->nummod,prep,nummod,287,8.500059381947948e-05,0.08921122358011169,12748,3217084.0,3376447
2022,prep->nummod,prep,nummod,233,7.997138877695945e-05,0.08356265244356204,10523,2788327.0,2913542
2023,prep->nummod,prep,nummod,267,8.718034282445372e-05,0.09059274118027073,11046,2947256.0,3062617
2024,prep->nummod,prep,nummod,278,7.709587065642419e-05,0.07982851227506953,12862,3482465.0,3605900
2025,prep->nummod,prep,nummod,467,0.00011189522964519149,0.1160526108482601,15004,4024037.0,4173547
2026,prep->nummod,prep,nummod,180,0.0001285905334506841,0.13387219370413947,4849,1344566.0,1399792
2020,prep->oprd,prep,oprd,1,2.800969807786248e-07,0.0002930361712128298,14066,3412548.0,3570192
2024,prep->oprd,prep,oprd,1,2.773232757425331e-07,0.0002871529218527681,12862,3482465.0,3605900
2026,prep->oprd,prep,oprd,1,7.143918525038006e-07,0.0007437344094674415,4849,1344566.0,1399792
2019,prep->parataxis,prep,parataxis,1,4.069209108517669e-06,0.0042039592888582465,912,237871.0,245748
2020,prep->parataxis,prep,parataxis,20,5.601939615572496e-06,0.005860723424256597,14066,3412548.0,3570192
2021,prep->parataxis,prep,parataxis,26,7.700402227548663e-06,0.008081853007257505,12748,3217084.0,3376447
2022,prep->parataxis,prep,parataxis,23,7.894171424335053e-06,0.0082486738463602,10523,2788327.0,2913542
2023,prep->parataxis,prep,parataxis,31,1.0122062275498373e-05,0.01051825833928237,11046,2947256.0,3062617
2024,prep->parataxis,prep,parataxis,30,8.319698272275992e-06,0.008614587655583043,12862,3482465.0,3605900
2025,prep->parataxis,prep,parataxis,32,7.667339076330037e-06,0.007952213163049941,15004,4024037.0,4173547
2026,prep->parataxis,prep,parataxis,10,7.143918525038006e-06,0.007437344094674415,4849,1344566.0,1399792
2019,prep->pcomp,prep,pcomp,1192,0.004850497257353061,5.01111947231903,912,237871.0,245748
2020,prep->pcomp,prep,pcomp,18454,0.005168909683288742,5.407689503561562,14066,3412548.0,3570192
2021,prep->pcomp,prep,pcomp,16850,0.004990452982084422,5.237662429703421,12748,3217084.0,3376447
2022,prep->pcomp,prep,pcomp,14576,0.005002845333961206,5.227507390632447,10523,2788327.0,2913542
2023,prep->pcomp,prep,pcomp,16800,0.005485504717044279,5.700217422578833,11046,2947256.0,3062617
2024,prep->pcomp,prep,pcomp,21524,0.005969106187082282,6.1806794899589805,12862,3482465.0,3605900
2025,prep->pcomp,prep,pcomp,24063,0.0057655993810540535,5.979815791952212,15004,4024037.0,4173547
2026,prep->pcomp,prep,pcomp,6995,0.004997171008264085,5.202422194224753,4849,1344566.0,1399792
2019,prep->pobj,prep,pobj,31034,0.12628383547373734,130.46567257042682,912,237871.0,245748
2020,prep->pobj,prep,pobj,458312,0.12837180745461307,134.30199370089446,14066,3412548.0,3570192
2021,prep->pobj,prep,pobj,430392,0.12746890444304323,133.78326459613737,12748,3217084.0,3376447
2022,prep->pobj,prep,pobj,366299,0.12572291732880458,131.36873831512588,10523,2788327.0,2913542
2023,prep->pobj,prep,pobj,377928,0.1234003468275661,128.23046250478413,11046,2947256.0,3062617
2024,prep->pobj,prep,pobj,437006,0.1211919354391414,125.48754976719076,12862,3482465.0,3605900
2025,prep->pobj,prep,pobj,478159,0.11456897454371545,118.82569668221242,15004,4024037.0,4173547
2026,prep->pobj,prep,pobj,154283,0.11021851817984386,114.74557589586529,4849,1344566.0,1399792
2020,prep->poss,prep,poss,1,2.800969807786248e-07,0.0002930361712128298,14066,3412548.0,3570192
2021,prep->poss,prep,poss,3,8.88507949332538e-07,0.0009325215008374043,12748,3217084.0,3376447
2022,prep->poss,prep,poss,1,3.4322484453630666e-07,0.00035863799332000874,10523,2788327.0,2913542
2024,prep->poss,prep,poss,2,5.546465514850662e-07,0.0005743058437055362,12862,3482465.0,3605900
2025,prep->poss,prep,poss,1,2.3960434613531366e-07,0.00024850666134531066,15004,4024037.0,4173547
2019,prep->preconj,prep,preconj,25,0.00010173022771294171,0.10509898222145617,912,237871.0,245748
2020,prep->preconj,prep,preconj,338,9.467277950317517e-05,0.09904622586993649,14066,3412548.0,3570192
2021,prep->preconj,prep,preconj,288,8.529676313592365e-05,0.08952206408039082,12748,3217084.0,3376447
2022,prep->preconj,prep,preconj,229,7.859848939881422e-05,0.082128100470282,10523,2788327.0,2913542
2023,prep->preconj,prep,preconj,231,7.542568985935884e-05,0.07837798956045895,11046,2947256.0,3062617
2024,prep->preconj,prep,preconj,252,6.988546548711833e-05,0.07236253630689755,12862,3482465.0,3605900
2025,prep->preconj,prep,preconj,254,6.085950391836967e-05,0.06312069198170892,15004,4024037.0,4173547
2026,prep->preconj,prep,preconj,72,5.143621338027364e-05,0.05354887748165579,4849,1344566.0,1399792
2019,prep->prep,prep,prep,678,0.002758923775574979,2.8502843978458916,912,237871.0,245748
2020,prep->prep,prep,prep,10610,0.002971828966061209,3.1091137765681247,14066,3412548.0,3570192
2021,prep->prep,prep,prep,10297,0.0030496554514257146,3.200724631374251,12748,3217084.0,3376447
2022,prep->prep,prep,prep,8805,0.00302209475614218,3.1578075311826765,10523,2788327.0,2913542
2023,prep->prep,prep,prep,8699,0.002840381281760011,2.9515590094650754,11046,2947256.0,3062617
2024,prep->prep,prep,prep,10156,0.002816495188441166,2.9163250743367124,12862,3482465.0,3605900
2025,prep->prep,prep,prep,10662,0.0025546615384947143,2.6495780232637025,15004,4024037.0,4173547
2026,prep->prep,prep,prep,3298,0.002356064329557534,2.452836082423622,4849,1344566.0,1399792
2020,prep->prt,prep,prt,2,5.601939615572496e-07,0.0005860723424256596,14066,3412548.0,3570192
2021,prep->prt,prep,prt,1,2.9616931644417936e-07,0.0003108405002791348,12748,3217084.0,3376447
2023,prep->prt,prep,prt,1,3.2651813791930233e-07,0.0003392986561058829,11046,2947256.0,3062617
2024,prep->prt,prep,prt,1,2.773232757425331e-07,0.0002871529218527681,12862,3482465.0,3605900
2025,prep->prt,prep,prt,3,7.18813038405941e-07,0.0007455199840359321,15004,4024037.0,4173547
2026,prep->prt,prep,prt,2,1.4287837050076011e-06,0.001487468818934883,4849,1344566.0,1399792
2019,prep->quantmod,prep,quantmod,4,1.6276836434070675e-05,0.016815837155432986,912,237871.0,245748
2020,prep->quantmod,prep,quantmod,25,7.00242451946562e-06,0.007325904280320746,14066,3412548.0,3570192
2021,prep->quantmod,prep,quantmod,26,7.700402227548663e-06,0.008081853007257505,12748,3217084.0,3376447
2022,prep->quantmod,prep,quantmod,26,8.923845957943974e-06,0.009324587826320226,10523,2788327.0,2913542
2023,prep->quantmod,prep,quantmod,18,5.877326482547442e-06,0.006107375809905892,11046,2947256.0,3062617
2024,prep->quantmod,prep,quantmod,28,7.765051720790925e-06,0.008040281811877506,12862,3482465.0,3605900
2025,prep->quantmod,prep,quantmod,53,1.2699030345171625e-05,0.013170853051301466,15004,4024037.0,4173547
2026,prep->quantmod,prep,quantmod,9,6.429526672534205e-06,0.006693609685206974,4849,1344566.0,1399792
2020,prep->relcl,prep,relcl,11,3.0810667885648726e-06,0.003223397883341128,14066,3412548.0,3570192
2021,prep->relcl,prep,relcl,10,2.9616931644417935e-06,0.0031084050027913477,12748,3217084.0,3376447
2022,prep->relcl,prep,relcl,12,4.11869813443568e-06,0.004303655919840105,10523,2788327.0,2913542
2023,prep->relcl,prep,relcl,5,1.6325906895965118e-06,0.0016964932805294145,11046,2947256.0,3062617
2024,prep->relcl,prep,relcl,7,1.9412629301977313e-06,0.0020100704529693765,12862,3482465.0,3605900
2025,prep->relcl,prep,relcl,8,1.9168347690825093e-06,0.0019880532907624853,15004,4024037.0,4173547
2026,prep->relcl,prep,relcl,2,1.4287837050076011e-06,0.001487468818934883,4849,1344566.0,1399792
2020,prep->xcomp,prep,xcomp,32,8.963103384915993e-06,0.009377157478810554,14066,3412548.0,3570192
2021,prep->xcomp,prep,xcomp,27,7.996571543992842e-06,0.00839269350753664,12748,3217084.0,3376447
2022,prep->xcomp,prep,xcomp,23,7.894171424335053e-06,0.0082486738463602,10523,2788327.0,2913542
2023,prep->xcomp,prep,xcomp,28,9.142507861740465e-06,0.00950036237096472,11046,2947256.0,3062617
2024,prep->xcomp,prep,xcomp,27,7.487728445048393e-06,0.0077531288900247386,12862,3482465.0,3605900
2025,prep->xcomp,prep,xcomp,33,7.906943422465351e-06,0.008200719824395252,15004,4024037.0,4173547
2026,prep->xcomp,prep,xcomp,13,9.287094082549407e-06,0.00966854732307674,4849,1344566.0,1399792
2020,prt->advmod,prt,advmod,1,2.800969807786248e-07,0.0002930361712128298,14066,3412548.0,3570192
2022,prt->advmod,prt,advmod,1,3.4322484453630666e-07,0.00035863799332000874,10523,2788327.0,2913542
2025,prt->advmod,prt,advmod,2,4.792086922706273e-07,0.0004970133226906213,15004,4024037.0,4173547
2020,prt->amod,prt,amod,14,3.921357730900747e-06,0.004102506396979617,14066,3412548.0,3570192
2021,prt->amod,prt,amod,19,5.627217012439407e-06,0.00590596950530356,12748,3217084.0,3376447
2022,prt->amod,prt,amod,6,2.05934906721784e-06,0.0021518279599200526,10523,2788327.0,2913542
2023,prt->amod,prt,amod,3,9.795544137579071e-07,0.0010178959683176485,11046,2947256.0,3062617
2024,prt->amod,prt,amod,7,1.9412629301977313e-06,0.0020100704529693765,12862,3482465.0,3605900
2025,prt->amod,prt,amod,1,2.3960434613531366e-07,0.00024850666134531066,15004,4024037.0,4173547
2026,prt->amod,prt,amod,6,4.286351115022804e-06,0.004462406456804649,4849,1344566.0,1399792
2023,prt->appos,prt,appos,1,3.2651813791930233e-07,0.0003392986561058829,11046,2947256.0,3062617
2024,prt->appos,prt,appos,1,2.773232757425331e-07,0.0002871529218527681,12862,3482465.0,3605900
2025,prt->appos,prt,appos,3,7.18813038405941e-07,0.0007455199840359321,15004,4024037.0,4173547
2026,prt->appos,prt,appos,1,7.143918525038006e-07,0.0007437344094674415,4849,1344566.0,1399792
2020,prt->aux,prt,aux,1,2.800969807786248e-07,0.0002930361712128298,14066,3412548.0,3570192
2022,prt->aux,prt,aux,3,1.02967453360892e-06,0.0010759139799600263,10523,2788327.0,2913542
2023,prt->aux,prt,aux,2,6.530362758386047e-07,0.0006785973122117658,11046,2947256.0,3062617
2024,prt->aux,prt,aux,3,8.319698272275992e-07,0.0008614587655583042,12862,3482465.0,3605900
2025,prt->aux,prt,aux,1,2.3960434613531366e-07,0.00024850666134531066,15004,4024037.0,4173547
2026,prt->aux,prt,aux,1,7.143918525038006e-07,0.0007437344094674415,4849,1344566.0,1399792
2024,prt->auxpass,prt,auxpass,1,2.773232757425331e-07,0.0002871529218527681,12862,3482465.0,3605900
2019,prt->cc,prt,cc,1,4.069209108517669e-06,0.0042039592888582465,912,237871.0,245748
2020,prt->cc,prt,cc,11,3.0810667885648726e-06,0.003223397883341128,14066,3412548.0,3570192
2021,prt->cc,prt,cc,3,8.88507949332538e-07,0.0009325215008374043,12748,3217084.0,3376447
2022,prt->cc,prt,cc,4,1.3728993781452266e-06,0.001434551973280035,10523,2788327.0,2913542
2023,prt->cc,prt,cc,12,3.9182176550316284e-06,0.004071583873270594,11046,2947256.0,3062617
2024,prt->cc,prt,cc,5,1.3866163787126653e-06,0.0014357646092638403,12862,3482465.0,3605900
2025,prt->cc,prt,cc,13,3.1148564997590778e-06,0.0032305865974890393,15004,4024037.0,4173547
2026,prt->cc,prt,cc,2,1.4287837050076011e-06,0.001487468818934883,4849,1344566.0,1399792
2020,prt->compound,prt,compound,5,1.400484903893124e-06,0.0014651808560641492,14066,3412548.0,3570192
2021,prt->compound,prt,compound,12,3.554031797330152e-06,0.003730086003349617,12748,3217084.0,3376447
2022,prt->compound,prt,compound,9,3.08902360082676e-06,0.0032277419398800784,10523,2788327.0,2913542
2023,prt->compound,prt,compound,13,4.2447357929509305e-06,0.004410882529376477,11046,2947256.0,3062617
2024,prt->compound,prt,compound,14,3.882525860395463e-06,0.004020140905938753,12862,3482465.0,3605900
2025,prt->compound,prt,compound,21,5.031691268841587e-06,0.005218639888251525,15004,4024037.0,4173547
2026,prt->compound,prt,compound,8,5.7151348200304045e-06,0.005949875275739532,4849,1344566.0,1399792
2019,prt->conj,prt,conj,1,4.069209108517669e-06,0.0042039592888582465,912,237871.0,245748
2020,prt->conj,prt,conj,8,2.2407758462289984e-06,0.0023442893697026386,14066,3412548.0,3570192
2021,prt->conj,prt,conj,2,5.923386328883587e-07,0.0006216810005582696,12748,3217084.0,3376447
2022,prt->conj,prt,conj,3,1.02967453360892e-06,0.0010759139799600263,10523,2788327.0,2913542
2023,prt->conj,prt,conj,10,3.2651813791930236e-06,0.003392986561058829,11046,2947256.0,3062617
2024,prt->conj,prt,conj,5,1.3866163787126653e-06,0.0014357646092638403,12862,3482465.0,3605900
2025,prt->conj,prt,conj,13,3.1148564997590778e-06,0.0032305865974890393,15004,4024037.0,4173547
2026,prt->conj,prt,conj,3,2.143175557511402e-06,0.0022312032284023246,4849,1344566.0,1399792
2021,prt->det,prt,det,1,2.9616931644417936e-07,0.0003108405002791348,12748,3217084.0,3376447
2023,prt->det,prt,det,3,9.795544137579071e-07,0.0010178959683176485,11046,2947256.0,3062617
2024,prt->det,prt,det,1,2.773232757425331e-07,0.0002871529218527681,12862,3482465.0,3605900
2025,prt->dobj,prt,dobj,1,2.3960434613531366e-07,0.00024850666134531066,15004,4024037.0,4173547
2024,prt->nmod,prt,nmod,1,2.773232757425331e-07,0.0002871529218527681,12862,3482465.0,3605900
2020,prt->npadvmod,prt,npadvmod,2,5.601939615572496e-07,0.0005860723424256596,14066,3412548.0,3570192
2021,prt->npadvmod,prt,npadvmod,1,2.9616931644417936e-07,0.0003108405002791348,12748,3217084.0,3376447
2022,prt->npadvmod,prt,npadvmod,2,6.864496890726133e-07,0.0007172759866400175,10523,2788327.0,2913542
2023,prt->npadvmod,prt,npadvmod,3,9.795544137579071e-07,0.0010178959683176485,11046,2947256.0,3062617
2025,prt->npadvmod,prt,npadvmod,2,4.792086922706273e-07,0.0004970133226906213,15004,4024037.0,4173547
2026,prt->npadvmod,prt,npadvmod,2,1.4287837050076011e-06,0.001487468818934883,4849,1344566.0,1399792
2020,prt->nummod,prt,nummod,2,5.601939615572496e-07,0.0005860723424256596,14066,3412548.0,3570192
2023,prt->nummod,prt,nummod,2,6.530362758386047e-07,0.0006785973122117658,11046,2947256.0,3062617
2024,prt->nummod,prt,nummod,2,5.546465514850662e-07,0.0005743058437055362,12862,3482465.0,3605900
2025,prt->nummod,prt,nummod,4,9.584173845412547e-07,0.0009940266453812427,15004,4024037.0,4173547
2026,prt->nummod,prt,nummod,4,2.8575674100152022e-06,0.002974937637869766,4849,1344566.0,1399792
2020,prt->pcomp,prt,pcomp,1,2.800969807786248e-07,0.0002930361712128298,14066,3412548.0,3570192
2021,prt->pcomp,prt,pcomp,1,2.9616931644417936e-07,0.0003108405002791348,12748,3217084.0,3376447
2023,prt->pcomp,prt,pcomp,1,3.2651813791930233e-07,0.0003392986561058829,11046,2947256.0,3062617
2024,prt->pcomp,prt,pcomp,1,2.773232757425331e-07,0.0002871529218527681,12862,3482465.0,3605900
2020,prt->pobj,prt,pobj,28,7.842715461801493e-06,0.008205012793959235,14066,3412548.0,3570192
2021,prt->pobj,prt,pobj,21,6.219555645327766e-06,0.00652765050586183,12748,3217084.0,3376447
2022,prt->pobj,prt,pobj,16,5.4915975125809066e-06,0.00573820789312014,10523,2788327.0,2913542
2023,prt->pobj,prt,pobj,17,5.55080834462814e-06,0.005768077153800009,11046,2947256.0,3062617
2024,prt->pobj,prt,pobj,20,5.546465514850661e-06,0.005743058437055361,12862,3482465.0,3605900
2025,prt->pobj,prt,pobj,24,5.750504307247528e-06,0.005964159872287457,15004,4024037.0,4173547
2026,prt->pobj,prt,pobj,8,5.7151348200304045e-06,0.005949875275739532,4849,1344566.0,1399792
2019,prt->prep,prt,prep,2,8.138418217035338e-06,0.008407918577716493,912,237871.0,245748
2020,prt->prep,prt,prep,79,2.2127661481511357e-05,0.023149857525813555,14066,3412548.0,3570192
2021,prt->prep,prt,prep,54,1.5993143087985685e-05,0.01678538701507328,12748,3217084.0,3376447
2022,prt->prep,prt,prep,32,1.0983195025161813e-05,0.01147641578624028,10523,2788327.0,2913542
2023,prt->prep,prt,prep,34,1.110161668925628e-05,0.011536154307600018,11046,2947256.0,3062617
2024,prt->prep,prt,prep,41,1.1370254305443856e-05,0.01177326979596349,12862,3482465.0,3605900
2025,prt->prep,prt,prep,57,1.365744772971288e-05,0.01416487969668271,15004,4024037.0,4173547
2026,prt->prep,prt,prep,15,1.0715877787557008e-05,0.011156016142011622,4849,1344566.0,1399792
2024,prt->prt,prt,prt,4,1.1092931029701323e-06,0.0011486116874110724,12862,3482465.0,3605900
2025,prt->prt,prt,prt,2,4.792086922706273e-07,0.0004970133226906213,15004,4024037.0,4173547
2026,prt->prt,prt,prt,1,7.143918525038006e-07,0.0007437344094674415,4849,1344566.0,1399792
2024,quantmod->acl,quantmod,acl,1,2.773232757425331e-07,0.0002871529218527681,12862,3482465.0,3605900
2019,quantmod->advmod,quantmod,advmod,2,8.138418217035338e-06,0.008407918577716493,912,237871.0,245748
2020,quantmod->advmod,quantmod,advmod,33,9.243200365694618e-06,0.009670193650023385,14066,3412548.0,3570192
2021,quantmod->advmod,quantmod,advmod,23,6.8118942782161244e-06,0.0071493315064200995,12748,3217084.0,3376447
2022,quantmod->advmod,quantmod,advmod,18,6.17804720165352e-06,0.006455483879760157,10523,2788327.0,2913542
2023,quantmod->advmod,quantmod,advmod,15,4.897772068789535e-06,0.005089479841588244,11046,2947256.0,3062617
2024,quantmod->advmod,quantmod,advmod,19,5.2691422391081285e-06,0.005455905515202594,12862,3482465.0,3605900
2025,quantmod->advmod,quantmod,advmod,15,3.594065192029705e-06,0.0037275999201796606,15004,4024037.0,4173547
2026,quantmod->advmod,quantmod,advmod,18,1.285905334506841e-05,0.013387219370413948,4849,1344566.0,1399792
2020,quantmod->amod,quantmod,amod,12,3.3611637693434976e-06,0.003516434054553958,14066,3412548.0,3570192
2021,quantmod->amod,quantmod,amod,4,1.1846772657767174e-06,0.0012433620011165392,12748,3217084.0,3376447
2022,quantmod->amod,quantmod,amod,1,3.4322484453630666e-07,0.00035863799332000874,10523,2788327.0,2913542
2023,quantmod->amod,quantmod,amod,7,2.2856269654351162e-06,0.00237509059274118,11046,2947256.0,3062617
2024,quantmod->amod,quantmod,amod,7,1.9412629301977313e-06,0.0020100704529693765,12862,3482465.0,3605900
2025,quantmod->amod,quantmod,amod,7,1.6772304229471957e-06,0.0017395466294171749,15004,4024037.0,4173547
2026,quantmod->amod,quantmod,amod,6,4.286351115022804e-06,0.004462406456804649,4849,1344566.0,1399792
2020,quantmod->appos,quantmod,appos,8,2.2407758462289984e-06,0.0023442893697026386,14066,3412548.0,3570192
2021,quantmod->appos,quantmod,appos,7,2.0731852151092556e-06,0.0021758835019539432,12748,3217084.0,3376447
2022,quantmod->appos,quantmod,appos,8,2.7457987562904533e-06,0.00286910394656007,10523,2788327.0,2913542
2023,quantmod->appos,quantmod,appos,6,1.9591088275158142e-06,0.002035791936635297,11046,2947256.0,3062617
2024,quantmod->appos,quantmod,appos,4,1.1092931029701323e-06,0.0011486116874110724,12862,3482465.0,3605900
2025,quantmod->appos,quantmod,appos,6,1.437626076811882e-06,0.0014910399680718642,15004,4024037.0,4173547
2026,quantmod->appos,quantmod,appos,1,7.143918525038006e-07,0.0007437344094674415,4849,1344566.0,1399792
2019,quantmod->cc,quantmod,cc,1,4.069209108517669e-06,0.0042039592888582465,912,237871.0,245748
2020,quantmod->cc,quantmod,cc,25,7.00242451946562e-06,0.007325904280320746,14066,3412548.0,3570192
2021,quantmod->cc,quantmod,cc,20,5.923386328883587e-06,0.0062168100055826955,12748,3217084.0,3376447
2022,quantmod->cc,quantmod,cc,20,6.864496890726133e-06,0.007172759866400175,10523,2788327.0,2913542
2023,quantmod->cc,quantmod,cc,16,5.224290206708837e-06,0.005428778497694127,11046,2947256.0,3062617
2024,quantmod->cc,quantmod,cc,20,5.546465514850661e-06,0.005743058437055361,12862,3482465.0,3605900
2025,quantmod->cc,quantmod,cc,16,3.833669538165019e-06,0.003976106581524971,15004,4024037.0,4173547
2026,quantmod->cc,quantmod,cc,7,5.000742967526604e-06,0.00520614086627209,4849,1344566.0,1399792
2019,quantmod->compound,quantmod,compound,3,1.2207627325553006e-05,0.01261187786657474,912,237871.0,245748
2020,quantmod->compound,quantmod,compound,14,3.921357730900747e-06,0.004102506396979617,14066,3412548.0,3570192
2021,quantmod->compound,quantmod,compound,9,2.665523847997614e-06,0.002797564502512213,12748,3217084.0,3376447
2022,quantmod->compound,quantmod,compound,8,2.7457987562904533e-06,0.00286910394656007,10523,2788327.0,2913542
2023,quantmod->compound,quantmod,compound,10,3.2651813791930236e-06,0.003392986561058829,11046,2947256.0,3062617
2024,quantmod->compound,quantmod,compound,14,3.882525860395463e-06,0.004020140905938753,12862,3482465.0,3605900
2025,quantmod->compound,quantmod,compound,10,2.396043461353137e-06,0.0024850666134531066,15004,4024037.0,4173547
2026,quantmod->compound,quantmod,compound,4,2.8575674100152022e-06,0.002974937637869766,4849,1344566.0,1399792
2019,quantmod->conj,quantmod,conj,1,4.069209108517669e-06,0.0042039592888582465,912,237871.0,245748
2020,quantmod->conj,quantmod,conj,17,4.761648673236621e-06,0.004981614910618107,14066,3412548.0,3570192
2021,quantmod->conj,quantmod,conj,12,3.554031797330152e-06,0.003730086003349617,12748,3217084.0,3376447
2022,quantmod->conj,quantmod,conj,11,3.7754732898993733e-06,0.003945017926520096,10523,2788327.0,2913542
2023,quantmod->conj,quantmod,conj,7,2.2856269654351162e-06,0.00237509059274118,11046,2947256.0,3062617
2024,quantmod->conj,quantmod,conj,11,3.050556033167864e-06,0.003158682140380449,12862,3482465.0,3605900
2025,quantmod->conj,quantmod,conj,11,2.6356478074884506e-06,0.0027335732747984175,15004,4024037.0,4173547
2026,quantmod->conj,quantmod,conj,2,1.4287837050076011e-06,0.001487468818934883,4849,1344566.0,1399792
2020,quantmod->dep,quantmod,dep,2,5.601939615572496e-07,0.0005860723424256596,14066,3412548.0,3570192
2022,quantmod->dep,quantmod,dep,2,6.864496890726133e-07,0.0007172759866400175,10523,2788327.0,2913542
2023,quantmod->dep,quantmod,dep,1,3.2651813791930233e-07,0.0003392986561058829,11046,2947256.0,3062617
2024,quantmod->dep,quantmod,dep,2,5.546465514850662e-07,0.0005743058437055362,12862,3482465.0,3605900
2026,quantmod->dep,quantmod,dep,2,1.4287837050076011e-06,0.001487468818934883,4849,1344566.0,1399792
2020,quantmod->det,quantmod,det,18,5.041745654015246e-06,0.005274651081830937,14066,3412548.0,3570192
2021,quantmod->det,quantmod,det,9,2.665523847997614e-06,0.002797564502512213,12748,3217084.0,3376447
2022,quantmod->det,quantmod,det,15,5.1483726680446e-06,0.005379569899800131,10523,2788327.0,2913542
2023,quantmod->det,quantmod,det,12,3.9182176550316284e-06,0.004071583873270594,11046,2947256.0,3062617
2024,quantmod->det,quantmod,det,18,4.991818963365595e-06,0.005168752593349825,12862,3482465.0,3605900
2025,quantmod->det,quantmod,det,21,5.031691268841587e-06,0.005218639888251525,15004,4024037.0,4173547
2026,quantmod->det,quantmod,det,5,3.571959262519003e-06,0.0037186720473372076,4849,1344566.0,1399792
2020,quantmod->dobj,quantmod,dobj,1,2.800969807786248e-07,0.0002930361712128298,14066,3412548.0,3570192
2024,quantmod->dobj,quantmod,dobj,1,2.773232757425331e-07,0.0002871529218527681,12862,3482465.0,3605900
2021,quantmod->neg,quantmod,neg,2,5.923386328883587e-07,0.0006216810005582696,12748,3217084.0,3376447
2020,quantmod->nmod,quantmod,nmod,4,1.1203879231144992e-06,0.0011721446848513193,14066,3412548.0,3570192
2021,quantmod->nmod,quantmod,nmod,5,1.4808465822208967e-06,0.0015542025013956739,12748,3217084.0,3376447
2022,quantmod->nmod,quantmod,nmod,3,1.02967453360892e-06,0.0010759139799600263,10523,2788327.0,2913542
2023,quantmod->nmod,quantmod,nmod,3,9.795544137579071e-07,0.0010178959683176485,11046,2947256.0,3062617
2024,quantmod->nmod,quantmod,nmod,5,1.3866163787126653e-06,0.0014357646092638403,12862,3482465.0,3605900
2025,quantmod->nmod,quantmod,nmod,4,9.584173845412547e-07,0.0009940266453812427,15004,4024037.0,4173547
2026,quantmod->nmod,quantmod,nmod,2,1.4287837050076011e-06,0.001487468818934883,4849,1344566.0,1399792
2019,quantmod->npadvmod,quantmod,npadvmod,1,4.069209108517669e-06,0.0042039592888582465,912,237871.0,245748
2020,quantmod->npadvmod,quantmod,npadvmod,5,1.400484903893124e-06,0.0014651808560641492,14066,3412548.0,3570192
2021,quantmod->npadvmod,quantmod,npadvmod,5,1.4808465822208967e-06,0.0015542025013956739,12748,3217084.0,3376447
2022,quantmod->npadvmod,quantmod,npadvmod,3,1.02967453360892e-06,0.0010759139799600263,10523,2788327.0,2913542
2023,quantmod->npadvmod,quantmod,npadvmod,2,6.530362758386047e-07,0.0006785973122117658,11046,2947256.0,3062617
2024,quantmod->npadvmod,quantmod,npadvmod,2,5.546465514850662e-07,0.0005743058437055362,12862,3482465.0,3605900
2025,quantmod->npadvmod,quantmod,npadvmod,4,9.584173845412547e-07,0.0009940266453812427,15004,4024037.0,4173547
2026,quantmod->npadvmod,quantmod,npadvmod,1,7.143918525038006e-07,0.0007437344094674415,4849,1344566.0,1399792
2021,quantmod->nsubj,quantmod,nsubj,1,2.9616931644417936e-07,0.0003108405002791348,12748,3217084.0,3376447
2019,quantmod->nummod,quantmod,nummod,12,4.883050930221202e-05,0.05044751146629896,912,237871.0,245748
2020,quantmod->nummod,quantmod,nummod,153,4.2854838059129594e-05,0.044834534195562964,14066,3412548.0,3570192
2021,quantmod->nummod,quantmod,nummod,114,3.3763302074636445e-05,0.035435817031821366,12748,3217084.0,3376447
2022,quantmod->nummod,quantmod,nummod,100,3.432248445363067e-05,0.03586379933200088,10523,2788327.0,2913542
2023,quantmod->nummod,quantmod,nummod,107,3.493744075736535e-05,0.03630495620332947,11046,2947256.0,3062617
2024,quantmod->nummod,quantmod,nummod,116,3.216949998613384e-05,0.0333097389349211,12862,3482465.0,3605900
2025,quantmod->nummod,quantmod,nummod,132,3.1627773689861405e-05,0.03280287929758101,15004,4024037.0,4173547
2026,quantmod->nummod,quantmod,nummod,57,4.072033559271663e-05,0.04239286133964417,4849,1344566.0,1399792
2022,quantmod->parataxis,quantmod,parataxis,1,3.4322484453630666e-07,0.00035863799332000874,10523,2788327.0,2913542
2019,quantmod->pobj,quantmod,pobj,5,2.034604554258834e-05,0.021019796444291236,912,237871.0,245748
2020,quantmod->pobj,quantmod,pobj,8,2.2407758462289984e-06,0.0023442893697026386,14066,3412548.0,3570192
2021,quantmod->pobj,quantmod,pobj,9,2.665523847997614e-06,0.002797564502512213,12748,3217084.0,3376447
2022,quantmod->pobj,quantmod,pobj,11,3.7754732898993733e-06,0.003945017926520096,10523,2788327.0,2913542
2023,quantmod->pobj,quantmod,pobj,11,3.591699517112326e-06,0.0037322852171647117,11046,2947256.0,3062617
2024,quantmod->pobj,quantmod,pobj,20,5.546465514850661e-06,0.005743058437055361,12862,3482465.0,3605900
2025,quantmod->pobj,quantmod,pobj,15,3.594065192029705e-06,0.0037275999201796606,15004,4024037.0,4173547
2026,quantmod->pobj,quantmod,pobj,3,2.143175557511402e-06,0.0022312032284023246,4849,1344566.0,1399792
2019,quantmod->prep,quantmod,prep,4,1.6276836434070675e-05,0.016815837155432986,912,237871.0,245748
2020,quantmod->prep,quantmod,prep,42,1.1764073192702241e-05,0.012307519190938853,14066,3412548.0,3570192
2021,quantmod->prep,quantmod,prep,45,1.332761923998807e-05,0.013987822512561065,12748,3217084.0,3376447
2022,quantmod->prep,quantmod,prep,37,1.2699319247843347e-05,0.013269605752840323,10523,2788327.0,2913542
2023,quantmod->prep,quantmod,prep,37,1.2081171103014186e-05,0.012554050275917668,11046,2947256.0,3062617
2024,quantmod->prep,quantmod,prep,54,1.4975456890096786e-05,0.015506257780049477,12862,3482465.0,3605900
2025,quantmod->prep,quantmod,prep,46,1.1021799922224429e-05,0.011431306421884292,15004,4024037.0,4173547
2026,quantmod->prep,quantmod,prep,23,1.6431012607587414e-05,0.017105891417751155,4849,1344566.0,1399792
2020,quantmod->quantmod,quantmod,quantmod,29,8.12281244258012e-06,0.008498048965172065,14066,3412548.0,3570192
2021,quantmod->quantmod,quantmod,quantmod,23,6.8118942782161244e-06,0.0071493315064200995,12748,3217084.0,3376447
2022,quantmod->quantmod,quantmod,quantmod,13,4.461922978971987e-06,0.004662293913160113,10523,2788327.0,2913542
2023,quantmod->quantmod,quantmod,quantmod,8,2.6121451033544187e-06,0.0027143892488470634,11046,2947256.0,3062617
2024,quantmod->quantmod,quantmod,quantmod,32,8.874344823761059e-06,0.00918889349928858,12862,3482465.0,3605900
2025,quantmod->quantmod,quantmod,quantmod,18,4.312878230435646e-06,0.004473119904215592,15004,4024037.0,4173547
2026,quantmod->quantmod,quantmod,quantmod,14,1.0001485935053207e-05,0.01041228173254418,4849,1344566.0,1399792
2019,relcl->acl,relcl,acl,3,1.2207627325553006e-05,0.01261187786657474,912,237871.0,245748
2020,relcl->acl,relcl,acl,8,2.2407758462289984e-06,0.0023442893697026386,14066,3412548.0,3570192
2021,relcl->acl,relcl,acl,12,3.554031797330152e-06,0.003730086003349617,12748,3217084.0,3376447
2022,relcl->acl,relcl,acl,15,5.1483726680446e-06,0.005379569899800131,10523,2788327.0,2913542
2023,relcl->acl,relcl,acl,9,2.938663241273721e-06,0.003053687904952946,11046,2947256.0,3062617
2024,relcl->acl,relcl,acl,14,3.882525860395463e-06,0.004020140905938753,12862,3482465.0,3605900
2025,relcl->acl,relcl,acl,17,4.073273884300333e-06,0.004224613242870282,15004,4024037.0,4173547
2026,relcl->acl,relcl,acl,4,2.8575674100152022e-06,0.002974937637869766,4849,1344566.0,1399792
2019,relcl->acomp,relcl,acomp,145,0.0005900353207350619,0.6095740968844457,912,237871.0,245748
2020,relcl->acomp,relcl,acomp,2114,0.0005921250173660128,0.6194784659439222,14066,3412548.0,3570192
2021,relcl->acomp,relcl,acomp,2093,0.0006198823793176673,0.6505891670842291,12748,3217084.0,3376447
2022,relcl->acomp,relcl,acomp,1707,0.0005858848096234755,0.612195054597255,10523,2788327.0,2913542
2023,relcl->acomp,relcl,acomp,1537,0.0005018583779819677,0.5215020344347421,11046,2947256.0,3062617
2024,relcl->acomp,relcl,acomp,1743,0.00048337446961923517,0.5005075427893747,12862,3482465.0,3605900
2025,relcl->acomp,relcl,acomp,1646,0.0003943887537387263,0.40904196457438136,15004,4024037.0,4173547
2026,relcl->acomp,relcl,acomp,572,0.0004086321396321739,0.4254160822153766,4849,1344566.0,1399792
2019,relcl->advcl,relcl,advcl,73,0.0002970522649217898,0.306889028086652,912,237871.0,245748
2020,relcl->advcl,relcl,advcl,1039,0.00029102076302899114,0.3044645818901302,14066,3412548.0,3570192
2021,relcl->advcl,relcl,advcl,928,0.0002748451256601984,0.28845998425903707,12748,3217084.0,3376447
2022,relcl->advcl,relcl,advcl,807,0.0002769824495407995,0.28942086060924704,10523,2788327.0,2913542
2023,relcl->advcl,relcl,advcl,800,0.0002612145103354419,0.2714389248847063,11046,2947256.0,3062617
2024,relcl->advcl,relcl,advcl,985,0.00027316342660639505,0.2828456280249766,12862,3482465.0,3605900
2025,relcl->advcl,relcl,advcl,1098,0.0002630855720565744,0.2728603141571511,15004,4024037.0,4173547
2026,relcl->advcl,relcl,advcl,346,0.00024717958096631497,0.2573321056757347,4849,1344566.0,1399792
2019,relcl->advmod,relcl,advmod,283,0.0011515861777105002,1.1897204787468838,912,237871.0,245748
2020,relcl->advmod,relcl,advmod,4124,0.0011551199487310486,1.2084811700817102,14066,3412548.0,3570192
2021,relcl->advmod,relcl,advmod,3752,0.0011112272752985609,1.1662735570473137,12748,3217084.0,3376447
2022,relcl->advmod,relcl,advmod,3270,0.0011223452416337229,1.1727462381564284,10523,2788327.0,2913542
2023,relcl->advmod,relcl,advmod,3047,0.0009949007662401143,1.0338430051546252,11046,2947256.0,3062617
2024,relcl->advmod,relcl,advmod,3613,0.001001968995257772,1.037483506654051,12862,3482465.0,3605900
2025,relcl->advmod,relcl,advmod,4045,0.0009691995801173438,1.0052094451417817,15004,4024037.0,4173547
2026,relcl->advmod,relcl,advmod,1385,0.0009894327157177639,1.0300721571124065,4849,1344566.0,1399792
2019,relcl->agent,relcl,agent,35,0.0001424223187981184,0.14713857511003864,912,237871.0,245748
2020,relcl->agent,relcl,agent,503,0.00014088878133164826,0.1473971941200534,14066,3412548.0,3570192
2021,relcl->agent,relcl,agent,418,0.00012379877427366696,0.12993132911667835,12748,3217084.0,3376447
2022,relcl->agent,relcl,agent,352,0.00012081514527677995,0.12624057364864308,10523,2788327.0,2913542
2023,relcl->agent,relcl,agent,386,0.0001260360012368507,0.1309692812568708,11046,2947256.0,3062617
2024,relcl->agent,relcl,agent,418,0.00011592112926037883,0.12002992133445706,12862,3482465.0,3605900
2025,relcl->agent,relcl,agent,357,8.553875157030699e-05,0.08871687810027591,15004,4024037.0,4173547
2026,relcl->agent,relcl,agent,124,8.858458971047127e-05,0.09222306677396276,4849,1344566.0,1399792
2019,relcl->amod,relcl,amod,9,3.662288197665902e-05,0.03783563359972422,912,237871.0,245748
2020,relcl->amod,relcl,amod,68,1.9046594692946485e-05,0.019926459642472426,14066,3412548.0,3570192
2021,relcl->amod,relcl,amod,73,2.162036010042509e-05,0.022691356520376838,12748,3217084.0,3376447
2022,relcl->amod,relcl,amod,75,2.5741863340223e-05,0.026897849499000655,10523,2788327.0,2913542
2023,relcl->amod,relcl,amod,66,2.1550197102673953e-05,0.02239371130298827,11046,2947256.0,3062617
2024,relcl->amod,relcl,amod,96,2.6623034471283174e-05,0.027566680497865734,12862,3482465.0,3605900
2025,relcl->amod,relcl,amod,92,2.2043599844448857e-05,0.022862612843768584,15004,4024037.0,4173547
2026,relcl->amod,relcl,amod,34,2.428932298512922e-05,0.025286969921893013,4849,1344566.0,1399792
2019,relcl->appos,relcl,appos,1,4.069209108517669e-06,0.0042039592888582465,912,237871.0,245748
2020,relcl->appos,relcl,appos,20,5.601939615572496e-06,0.005860723424256597,14066,3412548.0,3570192
2021,relcl->appos,relcl,appos,21,6.219555645327766e-06,0.00652765050586183,12748,3217084.0,3376447
2022,relcl->appos,relcl,appos,10,3.4322484453630665e-06,0.0035863799332000873,10523,2788327.0,2913542
2023,relcl->appos,relcl,appos,14,4.5712539308702325e-06,0.00475018118548236,11046,2947256.0,3062617
2024,relcl->appos,relcl,appos,15,4.159849136137996e-06,0.004307293827791521,12862,3482465.0,3605900
2025,relcl->appos,relcl,appos,19,4.55248257657096e-06,0.004721626565560903,15004,4024037.0,4173547
2026,relcl->appos,relcl,appos,7,5.000742967526604e-06,0.00520614086627209,4849,1344566.0,1399792
2019,relcl->attr,relcl,attr,48,0.0001953220372088481,0.20179004586519583,912,237871.0,245748
2020,relcl->attr,relcl,attr,699,0.00019578778956425873,0.20483228367776804,14066,3412548.0,3570192
2021,relcl->attr,relcl,attr,663,0.0001963602568024909,0.20608725168506636,12748,3217084.0,3376447
2022,relcl->attr,relcl,attr,560,0.00019220591294033174,0.2008372762592049,10523,2788327.0,2913542
2023,relcl->attr,relcl,attr,536,0.00017501372192474607,0.18186407967275323,11046,2947256.0,3062617
2024,relcl->attr,relcl,attr,550,0.0001525278016583932,0.15793410701902244,12862,3482465.0,3605900
2025,relcl->attr,relcl,attr,499,0.00011956256872152153,0.12400482401131005,15004,4024037.0,4173547
2026,relcl->attr,relcl,attr,133,9.501411638300547e-05,0.09891667645916973,4849,1344566.0,1399792
2019,relcl->aux,relcl,aux,502,0.0020427429724758695,2.11038756300684,912,237871.0,245748
2020,relcl->aux,relcl,aux,7864,0.002202682656843105,2.3044364504176937,14066,3412548.0,3570192
2021,relcl->aux,relcl,aux,6701,0.0019846305894924456,2.082942192370482,12748,3217084.0,3376447
2022,relcl->aux,relcl,aux,5581,0.0019155378573571275,2.0015586407189687,10523,2788327.0,2913542
2023,relcl->aux,relcl,aux,5743,0.0018751936660705534,1.9485921820160854,11046,2947256.0,3062617
2024,relcl->aux,relcl,aux,6389,0.0017718184087190437,1.8346200177173353,12862,3482465.0,3605900
2025,relcl->aux,relcl,aux,6471,0.001550479723841615,1.6080866055655054,15004,4024037.0,4173547
2026,relcl->aux,relcl,aux,1915,0.001368060397544778,1.4242513941301504,4849,1344566.0,1399792
2019,relcl->auxpass,relcl,auxpass,272,0.001106824877516806,1.143476926569443,912,237871.0,245748
2020,relcl->auxpass,relcl,auxpass,3935,0.0011021816193638886,1.1530973337224855,14066,3412548.0,3570192
2021,relcl->auxpass,relcl,auxpass,3566,0.0010561397824399436,1.1084572239953947,12748,3217084.0,3376447
2022,relcl->auxpass,relcl,auxpass,3164,0.0010859634081128743,1.1347306108645077,10523,2788327.0,2913542
2023,relcl->auxpass,relcl,auxpass,2981,0.0009733505691374403,1.011449293851637,11046,2947256.0,3062617
2024,relcl->auxpass,relcl,auxpass,3232,0.0008963088271998669,0.9280782434281465,12862,3482465.0,3605900
2025,relcl->auxpass,relcl,auxpass,2995,0.0007176150166752645,0.7442774507292055,15004,4024037.0,4173547
2026,relcl->auxpass,relcl,auxpass,887,0.0006336655731708711,0.6596924211976206,4849,1344566.0,1399792
2019,relcl->cc,relcl,cc,109,0.00044354379282842587,0.45823156248554886,912,237871.0,245748
2020,relcl->cc,relcl,cc,1892,0.0005299434876331581,0.554424435934674,14066,3412548.0,3570192
2021,relcl->cc,relcl,cc,1799,0.0005328086002830786,0.5592020600021634,12748,3217084.0,3376447
2022,relcl->cc,relcl,cc,1499,0.0005144940419599237,0.537598351986693,10523,2788327.0,2913542
2023,relcl->cc,relcl,cc,1475,0.000481614253430971,0.5004655177561773,11046,2947256.0,3062617
2024,relcl->cc,relcl,cc,1679,0.00046562577997171303,0.4821297557907976,12862,3482465.0,3605900
2025,relcl->cc,relcl,cc,1674,0.0004010976754305151,0.4160001510920501,15004,4024037.0,4173547
2026,relcl->cc,relcl,cc,606,0.00043292146261730315,0.4507030521372696,4849,1344566.0,1399792
2019,relcl->ccomp,relcl,ccomp,43,0.00017497599166625975,0.1807702494209046,912,237871.0,245748
2020,relcl->ccomp,relcl,ccomp,538,0.00015069217565890015,0.15765346011250245,14066,3412548.0,3570192
2021,relcl->ccomp,relcl,ccomp,400,0.00011846772657767174,0.1243362001116539,12748,3217084.0,3376447
2022,relcl->ccomp,relcl,ccomp,334,0.00011463709807512642,0.11978508976888291,10523,2788327.0,2913542
2023,relcl->ccomp,relcl,ccomp,304,9.926151392746791e-05,0.10314679145618841,11046,2947256.0,3062617
2024,relcl->ccomp,relcl,ccomp,319,8.846612496186805e-05,0.09160178207103302,12862,3482465.0,3605900
2025,relcl->ccomp,relcl,ccomp,366,8.76951906855248e-05,0.0909534380523837,15004,4024037.0,4173547
2026,relcl->ccomp,relcl,ccomp,115,8.215506303793707e-05,0.08552945708875577,4849,1344566.0,1399792
2019,relcl->compound,relcl,compound,12,4.883050930221202e-05,0.05044751146629896,912,237871.0,245748
2020,relcl->compound,relcl,compound,100,2.800969807786248e-05,0.029303617121282984,14066,3412548.0,3570192
2021,relcl->compound,relcl,compound,98,2.9024593011529576e-05,0.030462369027355208,12748,3217084.0,3376447
2022,relcl->compound,relcl,compound,77,2.6428313029295615e-05,0.027615125485640674,10523,2788327.0,2913542
2023,relcl->compound,relcl,compound,69,2.2529751516431863e-05,0.02341160727130592,11046,2947256.0,3062617
2024,relcl->compound,relcl,compound,97,2.690035774702571e-05,0.027853833419718504,12862,3482465.0,3605900
2025,relcl->compound,relcl,compound,131,3.138816934372609e-05,0.0325543726362357,15004,4024037.0,4173547
2026,relcl->compound,relcl,compound,69,4.929303782276224e-05,0.05131767425325347,4849,1344566.0,1399792
2019,relcl->conj,relcl,conj,105,0.0004272669563943552,0.4414157253301159,912,237871.0,245748
2020,relcl->conj,relcl,conj,1835,0.0005139779597287765,0.5377213741755428,14066,3412548.0,3570192
2021,relcl->conj,relcl,conj,1716,0.0005082265470182117,0.5334022984789953,12748,3217084.0,3376447
2022,relcl->conj,relcl,conj,1446,0.0004963031251994994,0.5185905383407327,10523,2788327.0,2913542
2023,relcl->conj,relcl,conj,1424,0.00046496182839708656,0.4831612862947772,11046,2947256.0,3062617
2024,relcl->conj,relcl,conj,1643,0.0004556421420449818,0.47179225060409796,12862,3482465.0,3605900
2025,relcl->conj,relcl,conj,1673,0.0004008580710843798,0.4157516444307048,15004,4024037.0,4173547
2026,relcl->conj,relcl,conj,606,0.00043292146261730315,0.4507030521372696,4849,1344566.0,1399792
2019,relcl->csubj,relcl,csubj,1,4.069209108517669e-06,0.0042039592888582465,912,237871.0,245748
2020,relcl->csubj,relcl,csubj,10,2.800969807786248e-06,0.0029303617121282984,14066,3412548.0,3570192
2021,relcl->csubj,relcl,csubj,4,1.1846772657767174e-06,0.0012433620011165392,12748,3217084.0,3376447
2022,relcl->csubj,relcl,csubj,6,2.05934906721784e-06,0.0021518279599200526,10523,2788327.0,2913542
2023,relcl->csubj,relcl,csubj,12,3.9182176550316284e-06,0.004071583873270594,11046,2947256.0,3062617
2024,relcl->csubj,relcl,csubj,15,4.159849136137996e-06,0.004307293827791521,12862,3482465.0,3605900
2025,relcl->csubj,relcl,csubj,19,4.55248257657096e-06,0.004721626565560903,15004,4024037.0,4173547
2026,relcl->csubj,relcl,csubj,4,2.8575674100152022e-06,0.002974937637869766,4849,1344566.0,1399792
2022,relcl->csubjpass,relcl,csubjpass,1,3.4322484453630666e-07,0.00035863799332000874,10523,2788327.0,2913542
2023,relcl->csubjpass,relcl,csubjpass,1,3.2651813791930233e-07,0.0003392986561058829,11046,2947256.0,3062617
2019,relcl->dative,relcl,dative,5,2.034604554258834e-05,0.021019796444291236,912,237871.0,245748
2020,relcl->dative,relcl,dative,32,8.963103384915993e-06,0.009377157478810554,14066,3412548.0,3570192
2021,relcl->dative,relcl,dative,31,9.18124880976956e-06,0.009636055508653178,12748,3217084.0,3376447
2022,relcl->dative,relcl,dative,18,6.17804720165352e-06,0.006455483879760157,10523,2788327.0,2913542
2023,relcl->dative,relcl,dative,20,6.530362758386047e-06,0.006785973122117658,11046,2947256.0,3062617
2024,relcl->dative,relcl,dative,24,6.6557586178207936e-06,0.006891670124466434,12862,3482465.0,3605900
2025,relcl->dative,relcl,dative,38,9.10496515314192e-06,0.009443253131121807,15004,4024037.0,4173547
2026,relcl->dative,relcl,dative,7,5.000742967526604e-06,0.00520614086627209,4849,1344566.0,1399792
2019,relcl->dep,relcl,dep,8,3.255367286814135e-05,0.03363167431086597,912,237871.0,245748
2020,relcl->dep,relcl,dep,119,3.333154071265635e-05,0.03487130437432675,14066,3412548.0,3570192
2021,relcl->dep,relcl,dep,121,3.58364872897457e-05,0.03761170053377531,12748,3217084.0,3376447
2022,relcl->dep,relcl,dep,105,3.60386086763122e-05,0.03765698929860092,10523,2788327.0,2913542
2023,relcl->dep,relcl,dep,82,2.6774487309382792e-05,0.027822489800682398,11046,2947256.0,3062617
2024,relcl->dep,relcl,dep,142,3.937990515543969e-05,0.04077571490309306,12862,3482465.0,3605900
2025,relcl->dep,relcl,dep,124,2.9710938920778896e-05,0.03081482600681853,15004,4024037.0,4173547
2026,relcl->dep,relcl,dep,39,2.7861282247648223e-05,0.029005641969230223,4849,1344566.0,1399792
2019,relcl->det,relcl,det,5,2.034604554258834e-05,0.021019796444291236,912,237871.0,245748
2020,relcl->det,relcl,det,35,9.803394327251867e-06,0.010256265992449044,14066,3412548.0,3570192
2021,relcl->det,relcl,det,30,8.88507949332538e-06,0.009325215008374044,12748,3217084.0,3376447
2022,relcl->det,relcl,det,39,1.338576893691596e-05,0.013986881739480341,10523,2788327.0,2913542
2023,relcl->det,relcl,det,32,1.0448580413417675e-05,0.010857556995388254,11046,2947256.0,3062617
2024,relcl->det,relcl,det,43,1.1924900856928921e-05,0.012347575639669027,12862,3482465.0,3605900
2025,relcl->det,relcl,det,44,1.0542591229953802e-05,0.01093429309919367,15004,4024037.0,4173547
2026,relcl->det,relcl,det,25,1.7859796312595013e-05,0.01859336023668604,4849,1344566.0,1399792
2019,relcl->dobj,relcl,dobj,827,0.003365235932744112,3.47667433188577,912,237871.0,245748
2020,relcl->dobj,relcl,dobj,10821,0.003030929429005499,3.1709444086940315,14066,3412548.0,3570192
2021,relcl->dobj,relcl,dobj,10552,0.0031251786271189806,3.27998895894543,12748,3217084.0,3376447
2022,relcl->dobj,relcl,dobj,9214,0.0031624737175575297,3.3044904704505607,10523,2788327.0,2913542
2023,relcl->dobj,relcl,dobj,9459,0.003088535066578681,3.2094259881055462,11046,2947256.0,3062617
2024,relcl->dobj,relcl,dobj,11123,0.0030846667960841953,3.194001949768339,12862,3482465.0,3605900
2025,relcl->dobj,relcl,dobj,12275,0.0029411433488109756,3.050419268013689,15004,4024037.0,4173547
2026,relcl->dobj,relcl,dobj,3892,0.002780413089944792,2.8946143216472824,4849,1344566.0,1399792
2019,relcl->expl,relcl,expl,3,1.2207627325553006e-05,0.01261187786657474,912,237871.0,245748
2020,relcl->expl,relcl,expl,40,1.1203879231144992e-05,0.011721446848513194,14066,3412548.0,3570192
2021,relcl->expl,relcl,expl,47,1.3919957872876429e-05,0.014609503513119333,12748,3217084.0,3376447
2022,relcl->expl,relcl,expl,40,1.3728993781452266e-05,0.01434551973280035,10523,2788327.0,2913542
2023,relcl->expl,relcl,expl,21,6.856880896305349e-06,0.00712527177822354,11046,2947256.0,3062617
2024,relcl->expl,relcl,expl,37,1.0260961202473723e-05,0.01062465810855242,12862,3482465.0,3605900
2025,relcl->expl,relcl,expl,34,8.146547768600665e-06,0.008449226485740565,15004,4024037.0,4173547
2026,relcl->expl,relcl,expl,6,4.286351115022804e-06,0.004462406456804649,4849,1344566.0,1399792
2019,relcl->intj,relcl,intj,1,4.069209108517669e-06,0.0042039592888582465,912,237871.0,245748
2020,relcl->intj,relcl,intj,25,7.00242451946562e-06,0.007325904280320746,14066,3412548.0,3570192
2021,relcl->intj,relcl,intj,18,5.331047695995228e-06,0.005595129005024426,12748,3217084.0,3376447
2022,relcl->intj,relcl,intj,9,3.08902360082676e-06,0.0032277419398800784,10523,2788327.0,2913542
2023,relcl->intj,relcl,intj,14,4.5712539308702325e-06,0.00475018118548236,11046,2947256.0,3062617
2024,relcl->intj,relcl,intj,20,5.546465514850661e-06,0.005743058437055361,12862,3482465.0,3605900
2025,relcl->intj,relcl,intj,19,4.55248257657096e-06,0.004721626565560903,15004,4024037.0,4173547
2026,relcl->intj,relcl,intj,12,8.572702230045608e-06,0.008924812913609298,4849,1344566.0,1399792
2019,relcl->mark,relcl,mark,16,6.51073457362827e-05,0.06726334862173194,912,237871.0,245748
2020,relcl->mark,relcl,mark,269,7.534608782945007e-05,0.07882673005625122,14066,3412548.0,3570192
2021,relcl->mark,relcl,mark,215,6.367640303549856e-05,0.06683070756001398,12748,3217084.0,3376447
2022,relcl->mark,relcl,mark,191,6.555594530643458e-05,0.06849985672412166,10523,2788327.0,2913542
2023,relcl->mark,relcl,mark,189,6.171192806674815e-05,0.06412744600401186,11046,2947256.0,3062617
2024,relcl->mark,relcl,mark,210,5.8237887905931944e-05,0.060302113589081295,12862,3482465.0,3605900
2025,relcl->mark,relcl,mark,185,4.4326804035033033e-05,0.04597373234888248,15004,4024037.0,4173547
2026,relcl->mark,relcl,mark,77,5.5008172642792646e-05,0.057267549528993,4849,1344566.0,1399792
2019,relcl->meta,relcl,meta,1,4.069209108517669e-06,0.0042039592888582465,912,237871.0,245748
2020,relcl->meta,relcl,meta,3,8.402909423358744e-07,0.0008791085136384895,14066,3412548.0,3570192
2021,relcl->meta,relcl,meta,3,8.88507949332538e-07,0.0009325215008374043,12748,3217084.0,3376447
2022,relcl->meta,relcl,meta,6,2.05934906721784e-06,0.0021518279599200526,10523,2788327.0,2913542
2023,relcl->meta,relcl,meta,8,2.6121451033544187e-06,0.0027143892488470634,11046,2947256.0,3062617
2024,relcl->meta,relcl,meta,5,1.3866163787126653e-06,0.0014357646092638403,12862,3482465.0,3605900
2025,relcl->meta,relcl,meta,6,1.437626076811882e-06,0.0014910399680718642,15004,4024037.0,4173547
2026,relcl->meta,relcl,meta,3,2.143175557511402e-06,0.0022312032284023246,4849,1344566.0,1399792
2019,relcl->neg,relcl,neg,62,0.00025229096472809544,0.2606454759092113,912,237871.0,245748
2020,relcl->neg,relcl,neg,728,0.00020391060200683885,0.21333033264294013,14066,3412548.0,3570192
2021,relcl->neg,relcl,neg,706,0.0002090955374095906,0.21945339319706916,12748,3217084.0,3376447
2022,relcl->neg,relcl,neg,648,0.0002224096992595267,0.23239741967136565,10523,2788327.0,2913542
2023,relcl->neg,relcl,neg,599,0.0001955843646136621,0.20323989500742384,11046,2947256.0,3062617
2024,relcl->neg,relcl,neg,689,0.00019107573698660528,0.1978483631565572,12862,3482465.0,3605900
2025,relcl->neg,relcl,neg,612,0.00014663785983481196,0.15208607674333016,15004,4024037.0,4173547
2026,relcl->neg,relcl,neg,222,0.00015859499125584373,0.16510903890177203,4849,1344566.0,1399792
2019,relcl->nmod,relcl,nmod,1,4.069209108517669e-06,0.0042039592888582465,912,237871.0,245748
2020,relcl->nmod,relcl,nmod,20,5.601939615572496e-06,0.005860723424256597,14066,3412548.0,3570192
2021,relcl->nmod,relcl,nmod,24,7.108063594660304e-06,0.007460172006699234,12748,3217084.0,3376447
2022,relcl->nmod,relcl,nmod,26,8.923845957943974e-06,0.009324587826320226,10523,2788327.0,2913542
2023,relcl->nmod,relcl,nmod,24,7.836435310063257e-06,0.008143167746541188,11046,2947256.0,3062617
2024,relcl->nmod,relcl,nmod,27,7.487728445048393e-06,0.0077531288900247386,12862,3482465.0,3605900
2025,relcl->nmod,relcl,nmod,25,5.990108653382842e-06,0.006212666533632767,15004,4024037.0,4173547
2026,relcl->nmod,relcl,nmod,15,1.0715877787557008e-05,0.011156016142011622,4849,1344566.0,1399792
2019,relcl->npadvmod,relcl,npadvmod,23,9.359180949590637e-05,0.09669106364373968,912,237871.0,245748
2020,relcl->npadvmod,relcl,npadvmod,295,8.262860932969431e-05,0.0864456705077848,14066,3412548.0,3570192
2021,relcl->npadvmod,relcl,npadvmod,263,7.789253022481916e-05,0.08175105157341245,12748,3217084.0,3376447
2022,relcl->npadvmod,relcl,npadvmod,230,7.894171424335053e-05,0.08248673846360201,10523,2788327.0,2913542
2023,relcl->npadvmod,relcl,npadvmod,204,6.660970013553768e-05,0.0692169258456001,11046,2947256.0,3062617
2024,relcl->npadvmod,relcl,npadvmod,225,6.239773704206995e-05,0.06460940741687281,12862,3482465.0,3605900
2025,relcl->npadvmod,relcl,npadvmod,247,5.918227349542248e-05,0.06138114535229174,15004,4024037.0,4173547
2026,relcl->npadvmod,relcl,npadvmod,92,6.572405043034966e-05,0.06842356567100462,4849,1344566.0,1399792
2019,relcl->nsubj,relcl,nsubj,1134,0.004614483129059036,4.767289833565251,912,237871.0,245748
2020,relcl->nsubj,relcl,nsubj,15713,0.004401163858974532,4.604477358267196,14066,3412548.0,3570192
2021,relcl->nsubj,relcl,nsubj,15136,0.004482818773699098,4.704881812224984,12748,3217084.0,3376447
2022,relcl->nsubj,relcl,nsubj,12833,0.0044046044299344235,4.602401368275672,10523,2788327.0,2913542
2023,relcl->nsubj,relcl,nsubj,12870,0.004202288435021421,4.366773704082713,11046,2947256.0,3062617
2024,relcl->nsubj,relcl,nsubj,14656,0.0040644499292825645,4.208513222674169,12862,3482465.0,3605900
2025,relcl->nsubj,relcl,nsubj,15639,0.0037471723692101707,3.8863956767793137,15004,4024037.0,4173547
2026,relcl->nsubj,relcl,nsubj,5016,0.0035833895321590635,3.730571797888687,4849,1344566.0,1399792
2019,relcl->nsubjpass,relcl,nsubjpass,269,0.001094617250191253,1.1308650487028684,912,237871.0,245748
2020,relcl->nsubjpass,relcl,nsubjpass,3767,0.0010551253265930797,1.10386725695873,14066,3412548.0,3570192
2021,relcl->nsubjpass,relcl,nsubjpass,3432,0.0010164530940364235,1.0668045969579907,12748,3217084.0,3376447
2022,relcl->nsubjpass,relcl,nsubjpass,3031,0.0010403145037895455,1.0870317577529465,10523,2788327.0,2913542
2023,relcl->nsubjpass,relcl,nsubjpass,2864,0.0009351479470008819,0.9717513510872486,11046,2947256.0,3062617
2024,relcl->nsubjpass,relcl,nsubjpass,3120,0.0008652486203167032,0.8959171161806364,12862,3482465.0,3605900
2025,relcl->nsubjpass,relcl,nsubjpass,2922,0.0007001238994073865,0.7261364644509978,15004,4024037.0,4173547
2026,relcl->nsubjpass,relcl,nsubjpass,866,0.0006186633442682913,0.6440739985988043,4849,1344566.0,1399792
2020,relcl->nummod,relcl,nummod,25,7.00242451946562e-06,0.007325904280320746,14066,3412548.0,3570192
2021,relcl->nummod,relcl,nummod,28,8.292740860437022e-06,0.008703534007815773,12748,3217084.0,3376447
2022,relcl->nummod,relcl,nummod,25,8.580621113407667e-06,0.00896594983300022,10523,2788327.0,2913542
2023,relcl->nummod,relcl,nummod,25,8.162953447982559e-06,0.008482466402647071,11046,2947256.0,3062617
2024,relcl->nummod,relcl,nummod,26,7.21040516930586e-06,0.00746597596817197,12862,3482465.0,3605900
2025,relcl->nummod,relcl,nummod,28,6.708921691788783e-06,0.0069581865176686995,15004,4024037.0,4173547
2026,relcl->nummod,relcl,nummod,11,7.858310377541807e-06,0.008181078504141856,4849,1344566.0,1399792
2019,relcl->oprd,relcl,oprd,6,2.441525465110601e-05,0.02522375573314948,912,237871.0,245748
2020,relcl->oprd,relcl,oprd,144,4.033396523212197e-05,0.042197208654647496,14066,3412548.0,3570192
2021,relcl->oprd,relcl,oprd,100,2.9616931644417936e-05,0.031084050027913476,12748,3217084.0,3376447
2022,relcl->oprd,relcl,oprd,81,2.780121240744084e-05,0.029049677458920706,10523,2788327.0,2913542
2023,relcl->oprd,relcl,oprd,87,2.8407077998979306e-05,0.02951898308121181,11046,2947256.0,3062617
2024,relcl->oprd,relcl,oprd,83,2.3017831886630243e-05,0.02383369251377975,12862,3482465.0,3605900
2025,relcl->oprd,relcl,oprd,91,2.1803995498313545e-05,0.022614106182423273,15004,4024037.0,4173547
2026,relcl->oprd,relcl,oprd,14,1.0001485935053207e-05,0.01041228173254418,4849,1344566.0,1399792
2019,relcl->parataxis,relcl,parataxis,1,4.069209108517669e-06,0.0042039592888582465,912,237871.0,245748
2020,relcl->parataxis,relcl,parataxis,14,3.921357730900747e-06,0.004102506396979617,14066,3412548.0,3570192
2021,relcl->parataxis,relcl,parataxis,24,7.108063594660304e-06,0.007460172006699234,12748,3217084.0,3376447
2022,relcl->parataxis,relcl,parataxis,11,3.7754732898993733e-06,0.003945017926520096,10523,2788327.0,2913542
2023,relcl->parataxis,relcl,parataxis,24,7.836435310063257e-06,0.008143167746541188,11046,2947256.0,3062617
2024,relcl->parataxis,relcl,parataxis,21,5.823788790593194e-06,0.0060302113589081295,12862,3482465.0,3605900
2025,relcl->parataxis,relcl,parataxis,24,5.750504307247528e-06,0.005964159872287457,15004,4024037.0,4173547
2026,relcl->parataxis,relcl,parataxis,8,5.7151348200304045e-06,0.005949875275739532,4849,1344566.0,1399792
2019,relcl->pcomp,relcl,pcomp,1,4.069209108517669e-06,0.0042039592888582465,912,237871.0,245748
2022,relcl->pcomp,relcl,pcomp,1,3.4322484453630666e-07,0.00035863799332000874,10523,2788327.0,2913542
2024,relcl->pcomp,relcl,pcomp,1,2.773232757425331e-07,0.0002871529218527681,12862,3482465.0,3605900
2019,relcl->pobj,relcl,pobj,2,8.138418217035338e-06,0.008407918577716493,912,237871.0,245748
2020,relcl->pobj,relcl,pobj,7,1.9606788654503734e-06,0.0020512531984898086,14066,3412548.0,3570192
2021,relcl->pobj,relcl,pobj,9,2.665523847997614e-06,0.002797564502512213,12748,3217084.0,3376447
2022,relcl->pobj,relcl,pobj,6,2.05934906721784e-06,0.0021518279599200526,10523,2788327.0,2913542
2023,relcl->pobj,relcl,pobj,13,4.2447357929509305e-06,0.004410882529376477,11046,2947256.0,3062617
2024,relcl->pobj,relcl,pobj,8,2.2185862059402647e-06,0.002297223374822145,12862,3482465.0,3605900
2025,relcl->pobj,relcl,pobj,7,1.6772304229471957e-06,0.0017395466294171749,15004,4024037.0,4173547
2026,relcl->pobj,relcl,pobj,1,7.143918525038006e-07,0.0007437344094674415,4849,1344566.0,1399792
2020,relcl->poss,relcl,poss,2,5.601939615572496e-07,0.0005860723424256596,14066,3412548.0,3570192
2021,relcl->poss,relcl,poss,5,1.4808465822208967e-06,0.0015542025013956739,12748,3217084.0,3376447
2022,relcl->poss,relcl,poss,2,6.864496890726133e-07,0.0007172759866400175,10523,2788327.0,2913542
2023,relcl->poss,relcl,poss,4,1.3060725516772093e-06,0.0013571946244235317,11046,2947256.0,3062617
2024,relcl->poss,relcl,poss,1,2.773232757425331e-07,0.0002871529218527681,12862,3482465.0,3605900
2025,relcl->poss,relcl,poss,3,7.18813038405941e-07,0.0007455199840359321,15004,4024037.0,4173547
2019,relcl->preconj,relcl,preconj,1,4.069209108517669e-06,0.0042039592888582465,912,237871.0,245748
2020,relcl->preconj,relcl,preconj,39,1.0923782250366367e-05,0.011428410677300363,14066,3412548.0,3570192
2021,relcl->preconj,relcl,preconj,22,6.5157249617719455e-06,0.006838491006140965,12748,3217084.0,3376447
2022,relcl->preconj,relcl,preconj,30,1.02967453360892e-05,0.010759139799600262,10523,2788327.0,2913542
2023,relcl->preconj,relcl,preconj,19,6.203844620466744e-06,0.0064466744660117755,11046,2947256.0,3062617
2024,relcl->preconj,relcl,preconj,32,8.874344823761059e-06,0.00918889349928858,12862,3482465.0,3605900
2025,relcl->preconj,relcl,preconj,26,6.2297129995181555e-06,0.0064611731949780786,15004,4024037.0,4173547
2026,relcl->preconj,relcl,preconj,8,5.7151348200304045e-06,0.005949875275739532,4849,1344566.0,1399792
2019,relcl->prep,relcl,prep,765,0.0031129449680160166,3.2160288559765586,912,237871.0,245748
2020,relcl->prep,relcl,prep,10692,0.0029947969184850563,3.133142742607576,14066,3412548.0,3570192
2021,relcl->prep,relcl,prep,9981,0.002956065947429354,3.102499033286044,12748,3217084.0,3376447
2022,relcl->prep,relcl,prep,8458,0.0029029957350880818,3.033360147500634,10523,2788327.0,2913542
2023,relcl->prep,relcl,prep,8342,0.0027238143065228203,2.830429389235275,11046,2947256.0,3062617
2024,relcl->prep,relcl,prep,9192,0.002549155550625364,2.639509657670644,12862,3482465.0,3605900
2025,relcl->prep,relcl,prep,9349,0.002240061032019048,2.32328877691731,15004,4024037.0,4173547
2026,relcl->prep,relcl,prep,3014,0.002153177043446455,2.241615510134869,4849,1344566.0,1399792
2019,relcl->prt,relcl,prt,9,3.662288197665902e-05,0.03783563359972422,912,237871.0,245748
2020,relcl->prt,relcl,prt,135,3.781309240511435e-05,0.03955988311373203,14066,3412548.0,3570192
2021,relcl->prt,relcl,prt,112,3.317096344174809e-05,0.03481413603126309,12748,3217084.0,3376447
2022,relcl->prt,relcl,prt,84,2.883088694104976e-05,0.030125591438880734,10523,2788327.0,2913542
2023,relcl->prt,relcl,prt,66,2.1550197102673953e-05,0.02239371130298827,11046,2947256.0,3062617
2024,relcl->prt,relcl,prt,82,2.2740508610887712e-05,0.02354653959192698,12862,3482465.0,3605900
2025,relcl->prt,relcl,prt,68,1.629309553720133e-05,0.01689845297148113,15004,4024037.0,4173547
2026,relcl->prt,relcl,prt,20,1.4287837050076012e-05,0.01487468818934883,4849,1344566.0,1399792
2022,relcl->quantmod,relcl,quantmod,1,3.4322484453630666e-07,0.00035863799332000874,10523,2788327.0,2913542
2020,relcl->relcl,relcl,relcl,4,1.1203879231144992e-06,0.0011721446848513193,14066,3412548.0,3570192
2021,relcl->relcl,relcl,relcl,5,1.4808465822208967e-06,0.0015542025013956739,12748,3217084.0,3376447
2022,relcl->relcl,relcl,relcl,8,2.7457987562904533e-06,0.00286910394656007,10523,2788327.0,2913542
2023,relcl->relcl,relcl,relcl,3,9.795544137579071e-07,0.0010178959683176485,11046,2947256.0,3062617
2024,relcl->relcl,relcl,relcl,6,1.6639396544551984e-06,0.0017229175311166084,12862,3482465.0,3605900
2025,relcl->relcl,relcl,relcl,10,2.396043461353137e-06,0.0024850666134531066,15004,4024037.0,4173547
2026,relcl->relcl,relcl,relcl,3,2.143175557511402e-06,0.0022312032284023246,4849,1344566.0,1399792
2019,relcl->xcomp,relcl,xcomp,96,0.0003906440744176962,0.40358009173039167,912,237871.0,245748
2020,relcl->xcomp,relcl,xcomp,1184,0.0003316348252418918,0.3469548267159905,14066,3412548.0,3570192
2021,relcl->xcomp,relcl,xcomp,1086,0.0003216398776583788,0.33757278330314033,12748,3217084.0,3376447
2022,relcl->xcomp,relcl,xcomp,948,0.0003253771526204187,0.33998881766736827,10523,2788327.0,2913542
2023,relcl->xcomp,relcl,xcomp,953,0.00031117178543709514,0.3233516192689064,11046,2947256.0,3062617
2024,relcl->xcomp,relcl,xcomp,967,0.00026817160764302947,0.2776768754316267,12862,3482465.0,3605900
2025,relcl->xcomp,relcl,xcomp,1026,0.00024583405913483186,0.25496783454028876,15004,4024037.0,4173547
2026,relcl->xcomp,relcl,xcomp,248,0.00017716917942094254,0.18444613354792552,4849,1344566.0,1399792
2020,xcomp->acl,xcomp,acl,6,1.6805818846717488e-06,0.001758217027276979,14066,3412548.0,3570192
2021,xcomp->acl,xcomp,acl,6,1.777015898665076e-06,0.0018650430016748086,12748,3217084.0,3376447
2022,xcomp->acl,xcomp,acl,2,6.864496890726133e-07,0.0007172759866400175,10523,2788327.0,2913542
2023,xcomp->acl,xcomp,acl,2,6.530362758386047e-07,0.0006785973122117658,11046,2947256.0,3062617
2024,xcomp->acl,xcomp,acl,4,1.1092931029701323e-06,0.0011486116874110724,12862,3482465.0,3605900
2025,xcomp->acl,xcomp,acl,11,2.6356478074884506e-06,0.0027335732747984175,15004,4024037.0,4173547
2026,xcomp->acl,xcomp,acl,4,2.8575674100152022e-06,0.002974937637869766,4849,1344566.0,1399792
2019,xcomp->acomp,xcomp,acomp,68,0.0002767062193792015,0.2858692316423608,912,237871.0,245748
2020,xcomp->acomp,xcomp,acomp,1039,0.00029102076302899114,0.3044645818901302,14066,3412548.0,3570192
2021,xcomp->acomp,xcomp,acomp,894,0.00026477536890109633,0.2778914072495465,12748,3217084.0,3376447
2022,xcomp->acomp,xcomp,acomp,685,0.00023510901850737006,0.24566702542420596,10523,2788327.0,2913542
2023,xcomp->acomp,xcomp,acomp,613,0.00020015561854453234,0.20799007619290621,11046,2947256.0,3062617
2024,xcomp->acomp,xcomp,acomp,666,0.00018469730164452703,0.19124384595394356,12862,3482465.0,3605900
2025,xcomp->acomp,xcomp,acomp,600,0.00014376260768118822,0.14910399680718642,15004,4024037.0,4173547
2026,xcomp->acomp,xcomp,acomp,145,0.00010358681861305108,0.10784148937277901,4849,1344566.0,1399792
2019,xcomp->advcl,xcomp,advcl,105,0.0004272669563943552,0.4414157253301159,912,237871.0,245748
2020,xcomp->advcl,xcomp,advcl,1509,0.0004226663439949448,0.4421915823601602,14066,3412548.0,3570192
2021,xcomp->advcl,xcomp,advcl,1281,0.00037939289436499373,0.39818668085757164,12748,3217084.0,3376447
2022,xcomp->advcl,xcomp,advcl,1103,0.00037857700352354626,0.3955777066319696,10523,2788327.0,2913542
2023,xcomp->advcl,xcomp,advcl,1259,0.00041108633564040166,0.42717700803730657,11046,2947256.0,3062617
2024,xcomp->advcl,xcomp,advcl,1540,0.0004270778446435009,0.44221549965326284,12862,3482465.0,3605900
2025,xcomp->advcl,xcomp,advcl,1485,0.0003558124540109408,0.3690323920977864,15004,4024037.0,4173547
2026,xcomp->advcl,xcomp,advcl,452,0.00032290511733171787,0.3361679530792836,4849,1344566.0,1399792
2019,xcomp->advmod,xcomp,advmod,104,0.00042319774728583753,0.43721176604125767,912,237871.0,245748
2020,xcomp->advmod,xcomp,advmod,1809,0.0005066954382285323,0.5301024337240091,14066,3412548.0,3570192
2021,xcomp->advmod,xcomp,advmod,1576,0.00046676284271602664,0.4898846284399164,12748,3217084.0,3376447
2022,xcomp->advmod,xcomp,advmod,1283,0.00044035747554008143,0.4601325454295712,10523,2788327.0,2913542
2023,xcomp->advmod,xcomp,advmod,1304,0.00042577965184677024,0.4424454475620713,11046,2947256.0,3062617
2024,xcomp->advmod,xcomp,advmod,1459,0.00040461465930835577,0.41895611298318863,12862,3482465.0,3605900
2025,xcomp->advmod,xcomp,advmod,1376,0.0003296955802821916,0.3419451660111475,15004,4024037.0,4173547
2026,xcomp->advmod,xcomp,advmod,476,0.0003400505217918091,0.3540175789065022,4849,1344566.0,1399792
2019,xcomp->agent,xcomp,agent,11,4.476130019369435e-05,0.04624355217744071,912,237871.0,245748
2020,xcomp->agent,xcomp,agent,134,3.7532995424335725e-05,0.039266846942519196,14066,3412548.0,3570192
2021,xcomp->agent,xcomp,agent,117,3.4651810023968986e-05,0.03636833853265877,12748,3217084.0,3376447
2022,xcomp->agent,xcomp,agent,100,3.432248445363067e-05,0.03586379933200088,10523,2788327.0,2913542
2023,xcomp->agent,xcomp,agent,66,2.1550197102673953e-05,0.02239371130298827,11046,2947256.0,3062617
2024,xcomp->agent,xcomp,agent,91,2.523641809257051e-05,0.026130915888601895,12862,3482465.0,3605900
2025,xcomp->agent,xcomp,agent,86,2.0605973767636976e-05,0.02137157287569672,15004,4024037.0,4173547
2026,xcomp->agent,xcomp,agent,25,1.7859796312595013e-05,0.01859336023668604,4849,1344566.0,1399792
2019,xcomp->amod,xcomp,amod,2,8.138418217035338e-06,0.008407918577716493,912,237871.0,245748
2020,xcomp->amod,xcomp,amod,19,5.321842634793871e-06,0.0055676872530437665,14066,3412548.0,3570192
2021,xcomp->amod,xcomp,amod,18,5.331047695995228e-06,0.005595129005024426,12748,3217084.0,3376447
2022,xcomp->amod,xcomp,amod,16,5.4915975125809066e-06,0.00573820789312014,10523,2788327.0,2913542
2023,xcomp->amod,xcomp,amod,19,6.203844620466744e-06,0.0064466744660117755,11046,2947256.0,3062617
2024,xcomp->amod,xcomp,amod,26,7.21040516930586e-06,0.00746597596817197,12862,3482465.0,3605900
2025,xcomp->amod,xcomp,amod,26,6.2297129995181555e-06,0.0064611731949780786,15004,4024037.0,4173547
2026,xcomp->amod,xcomp,amod,13,9.287094082549407e-06,0.00966854732307674,4849,1344566.0,1399792
2020,xcomp->appos,xcomp,appos,8,2.2407758462289984e-06,0.0023442893697026386,14066,3412548.0,3570192
2021,xcomp->appos,xcomp,appos,7,2.0731852151092556e-06,0.0021758835019539432,12748,3217084.0,3376447
2022,xcomp->appos,xcomp,appos,8,2.7457987562904533e-06,0.00286910394656007,10523,2788327.0,2913542
2023,xcomp->appos,xcomp,appos,12,3.9182176550316284e-06,0.004071583873270594,11046,2947256.0,3062617
2024,xcomp->appos,xcomp,appos,7,1.9412629301977313e-06,0.0020100704529693765,12862,3482465.0,3605900
2025,xcomp->appos,xcomp,appos,11,2.6356478074884506e-06,0.0027335732747984175,15004,4024037.0,4173547
2026,xcomp->appos,xcomp,appos,8,5.7151348200304045e-06,0.005949875275739532,4849,1344566.0,1399792
2019,xcomp->attr,xcomp,attr,29,0.00011800706414701239,0.12191481937688915,912,237871.0,245748
2020,xcomp->attr,xcomp,attr,691,0.00019354701371802972,0.2024879943080654,14066,3412548.0,3570192
2021,xcomp->attr,xcomp,attr,509,0.00015075018207008728,0.1582178146420796,12748,3217084.0,3376447
2022,xcomp->attr,xcomp,attr,412,0.00014140863594895836,0.1477588532478436,10523,2788327.0,2913542
2023,xcomp->attr,xcomp,attr,454,0.00014823923461536326,0.15404158987207084,11046,2947256.0,3062617
2024,xcomp->attr,xcomp,attr,426,0.00011813971546631909,0.1223271447092792,12862,3482465.0,3605900
2025,xcomp->attr,xcomp,attr,336,8.050706030146539e-05,0.0834982382120244,15004,4024037.0,4173547
2026,xcomp->attr,xcomp,attr,90,6.429526672534206e-05,0.06693609685206973,4849,1344566.0,1399792
2019,xcomp->aux,xcomp,aux,1597,0.006498526946302717,6.71372298430662,912,237871.0,245748
2020,xcomp->aux,xcomp,aux,22363,0.006263808781152386,6.553167896832513,14066,3412548.0,3570192
2021,xcomp->aux,xcomp,aux,19894,0.005891992381340504,6.183860912553107,12748,3217084.0,3376447
2022,xcomp->aux,xcomp,aux,17133,0.005880471261440542,6.144544739551709,10523,2788327.0,2913542
2023,xcomp->aux,xcomp,aux,18196,0.005941324037579626,6.1738783465026446,11046,2947256.0,3062617
2024,xcomp->aux,xcomp,aux,20604,0.005713968773399151,5.916498801854433,12862,3482465.0,3605900
2025,xcomp->aux,xcomp,aux,20993,0.00503001403841864,5.216900341622107,15004,4024037.0,4173547
2026,xcomp->aux,xcomp,aux,6131,0.004379936447700801,4.5598356644448845,4849,1344566.0,1399792
2019,xcomp->auxpass,xcomp,auxpass,65,0.00026449859205364846,0.273257353775786,912,237871.0,245748
2020,xcomp->auxpass,xcomp,auxpass,1222,0.0003422785105114795,0.358090201222078,14066,3412548.0,3570192
2021,xcomp->auxpass,xcomp,auxpass,1109,0.0003284517719365949,0.34472211480956044,12748,3217084.0,3376447
2022,xcomp->auxpass,xcomp,auxpass,876,0.00030066496381380467,0.31416688214832766,10523,2788327.0,2913542
2023,xcomp->auxpass,xcomp,auxpass,820,0.0002677448730938279,0.278224898006824,11046,2947256.0,3062617
2024,xcomp->auxpass,xcomp,auxpass,802,0.00022241326714551152,0.23029664332591998,12862,3482465.0,3605900
2025,xcomp->auxpass,xcomp,auxpass,684,0.00016388937275655456,0.16997855636019252,15004,4024037.0,4173547
2026,xcomp->auxpass,xcomp,auxpass,186,0.0001328768845657069,0.13833460016094412,4849,1344566.0,1399792
2019,xcomp->cc,xcomp,cc,163,0.00066328108468838,0.6852453640838942,912,237871.0,245748
2020,xcomp->cc,xcomp,cc,2051,0.0005744789075769595,0.6010171871575141,14066,3412548.0,3570192
2021,xcomp->cc,xcomp,cc,1794,0.0005313277537008578,0.5576478575007677,12748,3217084.0,3376447
2022,xcomp->cc,xcomp,cc,1653,0.000567350668018515,0.5928286029579745,10523,2788327.0,2913542
2023,xcomp->cc,xcomp,cc,1770,0.0005779371041171651,0.6005586213074127,11046,2947256.0,3062617
2024,xcomp->cc,xcomp,cc,2092,0.0005801602928533792,0.6007239125159908,12862,3482465.0,3605900
2025,xcomp->cc,xcomp,cc,2342,0.0005611533786489047,0.5820026008707176,15004,4024037.0,4173547
2026,xcomp->cc,xcomp,cc,729,0.0005207916604752707,0.5421823845017648,4849,1344566.0,1399792
2019,xcomp->ccomp,xcomp,ccomp,88,0.0003580904015495548,0.36994841741952567,912,237871.0,245748
2020,xcomp->ccomp,xcomp,ccomp,850,0.00023808243366183108,0.24908074553090534,14066,3412548.0,3570192
2021,xcomp->ccomp,xcomp,ccomp,801,0.00023723162247178765,0.24898324072358693,12748,3217084.0,3376447
2022,xcomp->ccomp,xcomp,ccomp,687,0.00023579546819644268,0.24638430141084597,10523,2788327.0,2913542
2023,xcomp->ccomp,xcomp,ccomp,775,0.00025305155688745934,0.26295645848205923,11046,2947256.0,3062617
2024,xcomp->ccomp,xcomp,ccomp,787,0.00021825341800937352,0.22598934949812846,12862,3482465.0,3605900
2025,xcomp->ccomp,xcomp,ccomp,847,0.0002029448811766107,0.21048514215947814,15004,4024037.0,4173547
2026,xcomp->ccomp,xcomp,ccomp,261,0.00018645627350349195,0.19411468087100225,4849,1344566.0,1399792
2019,xcomp->compound,xcomp,compound,4,1.6276836434070675e-05,0.016815837155432986,912,237871.0,245748
2020,xcomp->compound,xcomp,compound,29,8.12281244258012e-06,0.008498048965172065,14066,3412548.0,3570192
2021,xcomp->compound,xcomp,compound,21,6.219555645327766e-06,0.00652765050586183,12748,3217084.0,3376447
2022,xcomp->compound,xcomp,compound,15,5.1483726680446e-06,0.005379569899800131,10523,2788327.0,2913542
2023,xcomp->compound,xcomp,compound,24,7.836435310063257e-06,0.008143167746541188,11046,2947256.0,3062617
2024,xcomp->compound,xcomp,compound,26,7.21040516930586e-06,0.00746597596817197,12862,3482465.0,3605900
2025,xcomp->compound,xcomp,compound,25,5.990108653382842e-06,0.006212666533632767,15004,4024037.0,4173547
2026,xcomp->compound,xcomp,compound,13,9.287094082549407e-06,0.00966854732307674,4849,1344566.0,1399792
2019,xcomp->conj,xcomp,conj,166,0.000675488712013933,0.6978572419504689,912,237871.0,245748
2020,xcomp->conj,xcomp,conj,2153,0.0006030487996163792,0.6309068766212227,14066,3412548.0,3570192
2021,xcomp->conj,xcomp,conj,1891,0.0005600561773959432,0.5877993860278439,12748,3217084.0,3376447
2022,xcomp->conj,xcomp,conj,1778,0.0006102537735855533,0.6376583521229756,10523,2788327.0,2913542
2023,xcomp->conj,xcomp,conj,1883,0.0006148336537020463,0.6388993694473775,11046,2947256.0,3062617
2024,xcomp->conj,xcomp,conj,2260,0.0006267506031781248,0.6489656033872558,12862,3482465.0,3605900
2025,xcomp->conj,xcomp,conj,2531,0.0006064386000684789,0.6289703598649813,15004,4024037.0,4173547
2026,xcomp->conj,xcomp,conj,809,0.0005779430086755746,0.6016811372591602,4849,1344566.0,1399792
2020,xcomp->csubj,xcomp,csubj,1,2.800969807786248e-07,0.0002930361712128298,14066,3412548.0,3570192
2021,xcomp->csubj,xcomp,csubj,2,5.923386328883587e-07,0.0006216810005582696,12748,3217084.0,3376447
2022,xcomp->csubj,xcomp,csubj,4,1.3728993781452266e-06,0.001434551973280035,10523,2788327.0,2913542
2025,xcomp->csubj,xcomp,csubj,1,2.3960434613531366e-07,0.00024850666134531066,15004,4024037.0,4173547
2019,xcomp->dative,xcomp,dative,3,1.2207627325553006e-05,0.01261187786657474,912,237871.0,245748
2020,xcomp->dative,xcomp,dative,52,1.4565043000488489e-05,0.015237880903067151,14066,3412548.0,3570192
2021,xcomp->dative,xcomp,dative,28,8.292740860437022e-06,0.008703534007815773,12748,3217084.0,3376447
2022,xcomp->dative,xcomp,dative,37,1.2699319247843347e-05,0.013269605752840323,10523,2788327.0,2913542
2023,xcomp->dative,xcomp,dative,35,1.1428134827175582e-05,0.011875452963705901,11046,2947256.0,3062617
2024,xcomp->dative,xcomp,dative,35,9.706314650988658e-06,0.010050352264846883,12862,3482465.0,3605900
2025,xcomp->dative,xcomp,dative,24,5.750504307247528e-06,0.005964159872287457,15004,4024037.0,4173547
2026,xcomp->dative,xcomp,dative,6,4.286351115022804e-06,0.004462406456804649,4849,1344566.0,1399792
2019,xcomp->dep,xcomp,dep,2,8.138418217035338e-06,0.008407918577716493,912,237871.0,245748
2020,xcomp->dep,xcomp,dep,48,1.344465507737399e-05,0.014065736218215831,14066,3412548.0,3570192
2021,xcomp->dep,xcomp,dep,56,1.6585481720874044e-05,0.017407068015631546,12748,3217084.0,3376447
2022,xcomp->dep,xcomp,dep,47,1.6131567693206414e-05,0.016855985686040412,10523,2788327.0,2913542
2023,xcomp->dep,xcomp,dep,48,1.5672870620126514e-05,0.016286335493082376,11046,2947256.0,3062617
2024,xcomp->dep,xcomp,dep,34,9.428991375246124e-06,0.009763199342994116,12862,3482465.0,3605900
2025,xcomp->dep,xcomp,dep,44,1.0542591229953802e-05,0.01093429309919367,15004,4024037.0,4173547
2026,xcomp->dep,xcomp,dep,14,1.0001485935053207e-05,0.01041228173254418,4849,1344566.0,1399792
2020,xcomp->det,xcomp,det,1,2.800969807786248e-07,0.0002930361712128298,14066,3412548.0,3570192
2021,xcomp->det,xcomp,det,1,2.9616931644417936e-07,0.0003108405002791348,12748,3217084.0,3376447
2022,xcomp->det,xcomp,det,4,1.3728993781452266e-06,0.001434551973280035,10523,2788327.0,2913542
2023,xcomp->det,xcomp,det,1,3.2651813791930233e-07,0.0003392986561058829,11046,2947256.0,3062617
2024,xcomp->det,xcomp,det,2,5.546465514850662e-07,0.0005743058437055362,12862,3482465.0,3605900
2025,xcomp->det,xcomp,det,3,7.18813038405941e-07,0.0007455199840359321,15004,4024037.0,4173547
2026,xcomp->det,xcomp,det,4,2.8575674100152022e-06,0.002974937637869766,4849,1344566.0,1399792
2019,xcomp->dobj,xcomp,dobj,1389,0.005652131451731042,5.839299452224105,912,237871.0,245748
2020,xcomp->dobj,xcomp,dobj,18489,0.005178713077615994,5.41794576955401,14066,3412548.0,3570192
2021,xcomp->dobj,xcomp,dobj,16872,0.004996968707046194,5.244500920709561,12748,3217084.0,3376447
2022,xcomp->dobj,xcomp,dobj,14999,0.005148029443200064,5.379211261806811,10523,2788327.0,2913542
2023,xcomp->dobj,xcomp,dobj,16371,0.005345428435876899,5.554658299109409,11046,2947256.0,3062617
2024,xcomp->dobj,xcomp,dobj,19116,0.005301311739094262,5.489215254137514,12862,3482465.0,3605900
2025,xcomp->dobj,xcomp,dobj,20529,0.004918837621811854,5.101593250757883,15004,4024037.0,4173547
2026,xcomp->dobj,xcomp,dobj,6218,0.004442088538868632,4.624540558068551,4849,1344566.0,1399792
2020,xcomp->intj,xcomp,intj,8,2.2407758462289984e-06,0.0023442893697026386,14066,3412548.0,3570192
2021,xcomp->intj,xcomp,intj,22,6.5157249617719455e-06,0.006838491006140965,12748,3217084.0,3376447
2022,xcomp->intj,xcomp,intj,17,5.834822357117213e-06,0.006096845886440149,10523,2788327.0,2913542
2023,xcomp->intj,xcomp,intj,20,6.530362758386047e-06,0.006785973122117658,11046,2947256.0,3062617
2024,xcomp->intj,xcomp,intj,22,6.101112066335728e-06,0.006317364280760898,12862,3482465.0,3605900
2025,xcomp->intj,xcomp,intj,20,4.792086922706274e-06,0.004970133226906213,15004,4024037.0,4173547
2026,xcomp->intj,xcomp,intj,11,7.858310377541807e-06,0.008181078504141856,4849,1344566.0,1399792
2020,xcomp->mark,xcomp,mark,10,2.800969807786248e-06,0.0029303617121282984,14066,3412548.0,3570192
2021,xcomp->mark,xcomp,mark,7,2.0731852151092556e-06,0.0021758835019539432,12748,3217084.0,3376447
2022,xcomp->mark,xcomp,mark,5,1.7161242226815333e-06,0.0017931899666000436,10523,2788327.0,2913542
2023,xcomp->mark,xcomp,mark,7,2.2856269654351162e-06,0.00237509059274118,11046,2947256.0,3062617
2024,xcomp->mark,xcomp,mark,7,1.9412629301977313e-06,0.0020100704529693765,12862,3482465.0,3605900
2025,xcomp->mark,xcomp,mark,4,9.584173845412547e-07,0.0009940266453812427,15004,4024037.0,4173547
2026,xcomp->mark,xcomp,mark,3,2.143175557511402e-06,0.0022312032284023246,4849,1344566.0,1399792
2019,xcomp->meta,xcomp,meta,2,8.138418217035338e-06,0.008407918577716493,912,237871.0,245748
2020,xcomp->meta,xcomp,meta,16,4.481551692457997e-06,0.004688578739405277,14066,3412548.0,3570192
2021,xcomp->meta,xcomp,meta,11,3.2578624808859728e-06,0.0034192455030704824,12748,3217084.0,3376447
2022,xcomp->meta,xcomp,meta,14,4.805147823508293e-06,0.005020931906480122,10523,2788327.0,2913542
2023,xcomp->meta,xcomp,meta,12,3.9182176550316284e-06,0.004071583873270594,11046,2947256.0,3062617
2024,xcomp->meta,xcomp,meta,21,5.823788790593194e-06,0.0060302113589081295,12862,3482465.0,3605900
2025,xcomp->meta,xcomp,meta,22,5.271295614976901e-06,0.005467146549596835,15004,4024037.0,4173547
2026,xcomp->meta,xcomp,meta,9,6.429526672534205e-06,0.006693609685206974,4849,1344566.0,1399792
2019,xcomp->neg,xcomp,neg,3,1.2207627325553006e-05,0.01261187786657474,912,237871.0,245748
2020,xcomp->neg,xcomp,neg,79,2.2127661481511357e-05,0.023149857525813555,14066,3412548.0,3570192
2021,xcomp->neg,xcomp,neg,52,1.5400804455097326e-05,0.01616370601451501,12748,3217084.0,3376447
2022,xcomp->neg,xcomp,neg,55,1.8877366449496868e-05,0.01972508963260048,10523,2788327.0,2913542
2023,xcomp->neg,xcomp,neg,34,1.110161668925628e-05,0.011536154307600018,11046,2947256.0,3062617
2024,xcomp->neg,xcomp,neg,52,1.442081033861172e-05,0.01493195193634394,12862,3482465.0,3605900
2025,xcomp->neg,xcomp,neg,61,1.4615865114254134e-05,0.015158906342063952,15004,4024037.0,4173547
2026,xcomp->neg,xcomp,neg,19,1.3573445197572211e-05,0.014130953779881389,4849,1344566.0,1399792
2020,xcomp->nmod,xcomp,nmod,6,1.6805818846717488e-06,0.001758217027276979,14066,3412548.0,3570192
2021,xcomp->nmod,xcomp,nmod,6,1.777015898665076e-06,0.0018650430016748086,12748,3217084.0,3376447
2022,xcomp->nmod,xcomp,nmod,6,2.05934906721784e-06,0.0021518279599200526,10523,2788327.0,2913542
2023,xcomp->nmod,xcomp,nmod,6,1.9591088275158142e-06,0.002035791936635297,11046,2947256.0,3062617
2024,xcomp->nmod,xcomp,nmod,8,2.2185862059402647e-06,0.002297223374822145,12862,3482465.0,3605900
2025,xcomp->nmod,xcomp,nmod,10,2.396043461353137e-06,0.0024850666134531066,15004,4024037.0,4173547
2026,xcomp->nmod,xcomp,nmod,4,2.8575674100152022e-06,0.002974937637869766,4849,1344566.0,1399792
2019,xcomp->npadvmod,xcomp,npadvmod,7,2.848446375962368e-05,0.029427715022007726,912,237871.0,245748
2020,xcomp->npadvmod,xcomp,npadvmod,232,6.498249954064096e-05,0.06798439172137652,14066,3412548.0,3570192
2021,xcomp->npadvmod,xcomp,npadvmod,174,5.153346106128721e-05,0.05408624704856945,12748,3217084.0,3376447
2022,xcomp->npadvmod,xcomp,npadvmod,177,6.075079748292628e-05,0.06347892481764154,10523,2788327.0,2913542
2023,xcomp->npadvmod,xcomp,npadvmod,159,5.191638392916907e-05,0.05394848632083538,11046,2947256.0,3062617
2024,xcomp->npadvmod,xcomp,npadvmod,171,4.7422280151973154e-05,0.049103149636823336,12862,3482465.0,3605900
2025,xcomp->npadvmod,xcomp,npadvmod,190,4.55248257657096e-05,0.04721626565560903,15004,4024037.0,4173547
2026,xcomp->npadvmod,xcomp,npadvmod,74,5.2864997085281244e-05,0.05503634630059068,4849,1344566.0,1399792
2019,xcomp->nsubj,xcomp,nsubj,1,4.069209108517669e-06,0.0042039592888582465,912,237871.0,245748
2020,xcomp->nsubj,xcomp,nsubj,50,1.400484903893124e-05,0.014651808560641492,14066,3412548.0,3570192
2021,xcomp->nsubj,xcomp,nsubj,43,1.2735280607099711e-05,0.013366141512002794,12748,3217084.0,3376447
2022,xcomp->nsubj,xcomp,nsubj,44,1.5101893159597493e-05,0.015780071706080385,10523,2788327.0,2913542
2023,xcomp->nsubj,xcomp,nsubj,42,1.3713761792610698e-05,0.01425054355644708,11046,2947256.0,3062617
2024,xcomp->nsubj,xcomp,nsubj,36,9.98363792673119e-06,0.01033750518669965,12862,3482465.0,3605900
2025,xcomp->nsubj,xcomp,nsubj,47,1.1261404268359743e-05,0.011679813083229603,15004,4024037.0,4173547
2026,xcomp->nsubj,xcomp,nsubj,17,1.214466149256461e-05,0.012643484960946506,4849,1344566.0,1399792
2020,xcomp->nsubjpass,xcomp,nsubjpass,4,1.1203879231144992e-06,0.0011721446848513193,14066,3412548.0,3570192
2021,xcomp->nsubjpass,xcomp,nsubjpass,2,5.923386328883587e-07,0.0006216810005582696,12748,3217084.0,3376447
2022,xcomp->nsubjpass,xcomp,nsubjpass,3,1.02967453360892e-06,0.0010759139799600263,10523,2788327.0,2913542
2023,xcomp->nsubjpass,xcomp,nsubjpass,4,1.3060725516772093e-06,0.0013571946244235317,11046,2947256.0,3062617
2024,xcomp->nsubjpass,xcomp,nsubjpass,7,1.9412629301977313e-06,0.0020100704529693765,12862,3482465.0,3605900
2025,xcomp->nsubjpass,xcomp,nsubjpass,4,9.584173845412547e-07,0.0009940266453812427,15004,4024037.0,4173547
2026,xcomp->nsubjpass,xcomp,nsubjpass,4,2.8575674100152022e-06,0.002974937637869766,4849,1344566.0,1399792
2020,xcomp->nummod,xcomp,nummod,11,3.0810667885648726e-06,0.003223397883341128,14066,3412548.0,3570192
2021,xcomp->nummod,xcomp,nummod,6,1.777015898665076e-06,0.0018650430016748086,12748,3217084.0,3376447
2022,xcomp->nummod,xcomp,nummod,7,2.4025739117541465e-06,0.002510465953240061,10523,2788327.0,2913542
2023,xcomp->nummod,xcomp,nummod,8,2.6121451033544187e-06,0.0027143892488470634,11046,2947256.0,3062617
2024,xcomp->nummod,xcomp,nummod,10,2.7732327574253305e-06,0.0028715292185276806,12862,3482465.0,3605900
2025,xcomp->nummod,xcomp,nummod,11,2.6356478074884506e-06,0.0027335732747984175,15004,4024037.0,4173547
2026,xcomp->nummod,xcomp,nummod,6,4.286351115022804e-06,0.004462406456804649,4849,1344566.0,1399792
2019,xcomp->oprd,xcomp,oprd,6,2.441525465110601e-05,0.02522375573314948,912,237871.0,245748
2020,xcomp->oprd,xcomp,oprd,37,1.0363588288809118e-05,0.010842338334874703,14066,3412548.0,3570192
2021,xcomp->oprd,xcomp,oprd,33,9.773587442657917e-06,0.010257736509211447,12748,3217084.0,3376447
2022,xcomp->oprd,xcomp,oprd,29,9.953520491552893e-06,0.010400501806280254,10523,2788327.0,2913542
2023,xcomp->oprd,xcomp,oprd,22,7.183399034224652e-06,0.007464570434329423,11046,2947256.0,3062617
2024,xcomp->oprd,xcomp,oprd,25,6.933081893563327e-06,0.007178823046319203,12862,3482465.0,3605900
2025,xcomp->oprd,xcomp,oprd,29,6.948526037924097e-06,0.0072066931790140095,15004,4024037.0,4173547
2026,xcomp->oprd,xcomp,oprd,9,6.429526672534205e-06,0.006693609685206974,4849,1344566.0,1399792
2019,xcomp->parataxis,xcomp,parataxis,2,8.138418217035338e-06,0.008407918577716493,912,237871.0,245748
2020,xcomp->parataxis,xcomp,parataxis,17,4.761648673236621e-06,0.004981614910618107,14066,3412548.0,3570192
2021,xcomp->parataxis,xcomp,parataxis,11,3.2578624808859728e-06,0.0034192455030704824,12748,3217084.0,3376447
2022,xcomp->parataxis,xcomp,parataxis,14,4.805147823508293e-06,0.005020931906480122,10523,2788327.0,2913542
2023,xcomp->parataxis,xcomp,parataxis,16,5.224290206708837e-06,0.005428778497694127,11046,2947256.0,3062617
2024,xcomp->parataxis,xcomp,parataxis,21,5.823788790593194e-06,0.0060302113589081295,12862,3482465.0,3605900
2025,xcomp->parataxis,xcomp,parataxis,17,4.073273884300333e-06,0.004224613242870282,15004,4024037.0,4173547
2026,xcomp->parataxis,xcomp,parataxis,8,5.7151348200304045e-06,0.005949875275739532,4849,1344566.0,1399792
2020,xcomp->pobj,xcomp,pobj,2,5.601939615572496e-07,0.0005860723424256596,14066,3412548.0,3570192
2021,xcomp->pobj,xcomp,pobj,2,5.923386328883587e-07,0.0006216810005582696,12748,3217084.0,3376447
2022,xcomp->pobj,xcomp,pobj,3,1.02967453360892e-06,0.0010759139799600263,10523,2788327.0,2913542
2023,xcomp->pobj,xcomp,pobj,1,3.2651813791930233e-07,0.0003392986561058829,11046,2947256.0,3062617
2024,xcomp->pobj,xcomp,pobj,1,2.773232757425331e-07,0.0002871529218527681,12862,3482465.0,3605900
2025,xcomp->pobj,xcomp,pobj,3,7.18813038405941e-07,0.0007455199840359321,15004,4024037.0,4173547
2026,xcomp->pobj,xcomp,pobj,1,7.143918525038006e-07,0.0007437344094674415,4849,1344566.0,1399792
2026,xcomp->poss,xcomp,poss,1,7.143918525038006e-07,0.0007437344094674415,4849,1344566.0,1399792
2020,xcomp->preconj,xcomp,preconj,18,5.041745654015246e-06,0.005274651081830937,14066,3412548.0,3570192
2021,xcomp->preconj,xcomp,preconj,13,3.850201113774331e-06,0.004040926503628753,12748,3217084.0,3376447
2022,xcomp->preconj,xcomp,preconj,9,3.08902360082676e-06,0.0032277419398800784,10523,2788327.0,2913542
2023,xcomp->preconj,xcomp,preconj,9,2.938663241273721e-06,0.003053687904952946,11046,2947256.0,3062617
2024,xcomp->preconj,xcomp,preconj,10,2.7732327574253305e-06,0.0028715292185276806,12862,3482465.0,3605900
2025,xcomp->preconj,xcomp,preconj,11,2.6356478074884506e-06,0.0027335732747984175,15004,4024037.0,4173547
2026,xcomp->preconj,xcomp,preconj,9,6.429526672534205e-06,0.006693609685206974,4849,1344566.0,1399792
2019,xcomp->prep,xcomp,prep,597,0.002429317837785048,2.509763695448373,912,237871.0,245748
2020,xcomp->prep,xcomp,prep,8961,0.002509949044757257,2.6258971302381684,14066,3412548.0,3570192
2021,xcomp->prep,xcomp,prep,7754,0.0022964968797081664,2.410257239164411,12748,3217084.0,3376447
2022,xcomp->prep,xcomp,prep,6692,0.0022968606596369644,2.400005451297498,10523,2788327.0,2913542
2023,xcomp->prep,xcomp,prep,6676,0.0021798350887492625,2.265157828162874,11046,2947256.0,3062617
2024,xcomp->prep,xcomp,prep,7843,0.0021750464516486867,2.25214036609126,12862,3482465.0,3605900
2025,xcomp->prep,xcomp,prep,7813,0.0018720287563552059,1.9415825450909123,15004,4024037.0,4173547
2026,xcomp->prep,xcomp,prep,2378,0.0016988238252540378,1.768600425713576,4849,1344566.0,1399792
2019,xcomp->prt,xcomp,prt,10,4.069209108517668e-05,0.04203959288858247,912,237871.0,245748
2020,xcomp->prt,xcomp,prt,198,5.545920219416771e-05,0.058021161900140304,14066,3412548.0,3570192
2021,xcomp->prt,xcomp,prt,133,3.9390519087075855e-05,0.041341786537124926,12748,3217084.0,3376447
2022,xcomp->prt,xcomp,prt,90,3.08902360082676e-05,0.032277419398800786,10523,2788327.0,2913542
2023,xcomp->prt,xcomp,prt,96,3.134574124025303e-05,0.03257267098616475,11046,2947256.0,3062617
2024,xcomp->prt,xcomp,prt,87,2.4127124989600377e-05,0.024982304201190825,12862,3482465.0,3605900
2025,xcomp->prt,xcomp,prt,92,2.2043599844448857e-05,0.022862612843768584,15004,4024037.0,4173547
2026,xcomp->prt,xcomp,prt,28,2.0002971870106415e-05,0.02082456346508836,4849,1344566.0,1399792
2020,xcomp->quantmod,xcomp,quantmod,1,2.800969807786248e-07,0.0002930361712128298,14066,3412548.0,3570192
2023,xcomp->quantmod,xcomp,quantmod,1,3.2651813791930233e-07,0.0003392986561058829,11046,2947256.0,3062617
2020,xcomp->relcl,xcomp,relcl,3,8.402909423358744e-07,0.0008791085136384895,14066,3412548.0,3570192
2021,xcomp->relcl,xcomp,relcl,2,5.923386328883587e-07,0.0006216810005582696,12748,3217084.0,3376447
2022,xcomp->relcl,xcomp,relcl,1,3.4322484453630666e-07,0.00035863799332000874,10523,2788327.0,2913542
2024,xcomp->relcl,xcomp,relcl,5,1.3866163787126653e-06,0.0014357646092638403,12862,3482465.0,3605900
2025,xcomp->relcl,xcomp,relcl,5,1.1980217306765685e-06,0.0012425333067265533,15004,4024037.0,4173547
2019,xcomp->xcomp,xcomp,xcomp,31,0.00012614548236404772,0.13032273795460564,912,237871.0,245748
2020,xcomp->xcomp,xcomp,xcomp,402,0.00011259898627300716,0.11780054082755759,14066,3412548.0,3570192
2021,xcomp->xcomp,xcomp,xcomp,415,0.0001229102663243344,0.12899880761584093,12748,3217084.0,3376447
2022,xcomp->xcomp,xcomp,xcomp,336,0.00011532354776419904,0.12050236575552294,10523,2788327.0,2913542
2023,xcomp->xcomp,xcomp,xcomp,368,0.00012015867475430326,0.12486190544696492,11046,2947256.0,3062617
2024,xcomp->xcomp,xcomp,xcomp,401,0.00011120663357275576,0.11514832166295999,12862,3482465.0,3605900
2025,xcomp->xcomp,xcomp,xcomp,395,9.464371672344891e-05,0.09816013123139772,15004,4024037.0,4173547
2026,xcomp->xcomp,xcomp,xcomp,135,9.644290008801307e-05,0.10040414527810461,4849,1344566.0,1399792
