month_ts,paper_count,marker_words_total_per_1k_words_monthly_mean,marker_verbs_total_per_1k_words_monthly_mean,marker_adjectives_total_per_1k_words_monthly_mean,marker_phrases_total_per_1k_words_monthly_mean,sequential_markers_total_per_1k_words_monthly_mean,causal_markers_total_per_1k_words_monthly_mean,contrast_markers_total_per_1k_words_monthly_mean,emphasis_markers_total_per_1k_words_monthly_mean,summary_markers_total_per_1k_words_monthly_mean,word_finding_per_1k_words_monthly_mean,word_interplay_per_1k_words_monthly_mean,word_realm_per_1k_words_monthly_mean,word_insight_per_1k_words_monthly_mean,word_notably_per_1k_words_monthly_mean,word_particularly_per_1k_words_monthly_mean,word_meticulously_per_1k_words_monthly_mean,word_while_per_1k_words_monthly_mean,word_within_per_1k_words_monthly_mean,word_across_per_1k_words_monthly_mean,word_additionally_per_1k_words_monthly_mean,verb_delve_per_1k_words_monthly_mean,verb_underscore_per_1k_words_monthly_mean,verb_showcase_per_1k_words_monthly_mean,verb_enhance_per_1k_words_monthly_mean,verb_exhibit_per_1k_words_monthly_mean,verb_garner_per_1k_words_monthly_mean,verb_align_per_1k_words_monthly_mean,verb_foster_per_1k_words_monthly_mean,adjective_crucial_per_1k_words_monthly_mean,adjective_pivotal_per_1k_words_monthly_mean,adjective_comprehensive_per_1k_words_monthly_mean,adjective_intricate_per_1k_words_monthly_mean,adjective_potential_per_1k_words_monthly_mean,phrase_meticulously_delve_per_1k_words_monthly_mean,phrase_intricate_web_per_1k_words_monthly_mean,phrase_comprehensive_chapter_per_1k_words_monthly_mean,phrase_deep_dive_per_1k_words_monthly_mean,phrase_intricate_interplay_per_1k_words_monthly_mean,phrase_essential_insight_per_1k_words_monthly_mean,sequential_marker_additionally_per_1k_words_monthly_mean,sequential_marker_furthermore_per_1k_words_monthly_mean,sequential_marker_moreover_per_1k_words_monthly_mean,sequential_marker_subsequently_per_1k_words_monthly_mean,sequential_marker_further_per_1k_words_monthly_mean,causal_marker_hence_per_1k_words_monthly_mean,causal_marker_thus_per_1k_words_monthly_mean,causal_marker_consequently_per_1k_words_monthly_mean,causal_marker_accordingly_per_1k_words_monthly_mean,causal_marker_thereby_per_1k_words_monthly_mean,contrast_marker_however_per_1k_words_monthly_mean,contrast_marker_nonetheless_per_1k_words_monthly_mean,contrast_marker_nevertheless_per_1k_words_monthly_mean,contrast_marker_conversely_per_1k_words_monthly_mean,contrast_marker_alternatively_per_1k_words_monthly_mean,emphasis_marker_notably_per_1k_words_monthly_mean,emphasis_marker_crucially_per_1k_words_monthly_mean,emphasis_marker_remarkably_per_1k_words_monthly_mean,emphasis_marker_particularly_per_1k_words_monthly_mean,emphasis_marker_importantly_per_1k_words_monthly_mean,summary_marker_overall_per_1k_words_monthly_mean,summary_marker_collectively_per_1k_words_monthly_mean,summary_marker_ultimately_per_1k_words_monthly_mean,summary_marker_in_summary_per_1k_words_monthly_mean,summary_marker_taken_together_per_1k_words_monthly_mean,em_dash_per_1k_words_monthly_mean,semicolon_per_1k_words_monthly_mean,colon_per_1k_words_monthly_mean,clause_depth_monthly_mean,clause_depth_std_monthly_mean,dependency_entropy_monthly_mean,dependency_length_monthly_mean,dependency_length_std_monthly_mean,coordination_count_monthly_mean,coordination_per_sentence_std_monthly_mean,sentence_depth_std_monthly_mean,list_of_three_per_1k_words_monthly_mean,avg_words_per_sentence_monthly_mean,avg_syllables_per_word_monthly_mean,flesch_reading_ease_monthly_mean,flesch_kincaid_grade_monthly_mean,dale_chall_monthly_mean,smog_index_monthly_mean,automated_readability_index_monthly_mean,gunning_fog_monthly_mean,hedge_ratio_monthly_mean,certainty_ratio_monthly_mean,year,month
2015-01-01,27,3.768432247726935,0.9847018037638645,0.5416187285494976,0.0,0.3100202031994344,1.4436519112978192,1.503900347296818,0.15241579027587257,0.0,0.2965060058485664,0.0,0.0,0.20462451401677922,0.0,0.15241579027587257,0.0,1.435295774161085,0.7696216660008248,0.5999482942243728,0.3100202031994344,0.0,0.0,0.0,0.20238818053025703,0.3112356053532524,0.0,0.471078017880355,0.0,0.15496668216333487,0.0,0.0,0.18426386585590565,0.20238818053025703,0.0,0.0,0.0,0.0,0.0,0.0,0.3100202031994344,0.0,0.0,0.0,0.0,0.44489477318827325,0.46884168439383284,0.0,0.0,0.5299154537157131,1.3196364814409123,0.0,0.18426386585590565,0.0,0.0,0.0,0.0,0.0,0.15241579027587257,0.0,0.0,0.0,0.0,0.0,0.0,0.0,0.16315875346712352,4.582437678082263,12.296296296296296,2.5526457777814704,2.7490796876178054,3.296062445017804,0.6982816973147239,6.296296296296297,0.8060966427906694,2.5526457777814704,3.6815747782624646,24.524565249565253,1.9913882721604237,13.468242626065999,17.393319142720294,13.202600811818355,17.807450739927496,19.051876976649382,20.679835069261017,0.0039187460643141415,0.0010891578349577244,2015,1
2015-02-01,35,3.14664468074605,0.14727540500736377,0.5557465841358944,0.0,1.1357024123496156,0.8539647777673469,1.4160515070814235,0.5924600289509209,0.2380952380952381,0.29686403627138774,0.0,0.0,0.3615942303475548,0.0,0.14727540500736377,0.0,0.9807764483118825,0.8164572595930986,0.5436773012147629,0.0,0.0,0.0,0.0,0.0,0.14727540500736377,0.0,0.0,0.0,0.4441394412787515,0.0,0.0,0.0,0.11160714285714286,0.0,0.0,0.0,0.0,0.0,0.0,0.0,0.13869625520110956,0.28860028860028863,0.0,0.7084058685482173,0.14727540500736377,0.5594139677526193,0.0,0.0,0.14727540500736377,1.4160515070814235,0.0,0.0,0.0,0.0,0.0,0.0,0.15785319652722968,0.14727540500736377,0.28733142741632733,0.11904761904761905,0.11904761904761905,0.0,0.0,0.0,0.2896446536729876,1.7095759195472187,4.4550035774204515,11.228571428571428,2.026770572267679,2.7399172217576075,3.423223174727484,0.590060394770533,5.514285714285714,0.7422571757429747,2.026770572267679,3.4411486739265866,24.57743867243867,1.9205174658064212,19.648741258662398,16.372376047918028,13.097107409727533,17.16943030484339,18.115493349507922,19.507500476038565,0.0018247898182750918,0.001151653372114849,2015,2
2015-03-01,28,5.106886471129326,0.38303989916893144,1.1927557189174145,0.0,0.7168232905810547,0.21258503401360543,1.6904764156399548,0.7413699155545795,0.5593256720163794,0.27367268746579093,0.0,0.0,0.2532928064842958,0.0,0.6045335718216841,0.0,0.97045365797461,1.4257654020188564,1.3240663045477619,0.25510204081632654,0.0,0.0,0.0,0.0,0.38303989916893144,0.0,0.0,0.0,0.17857142857142858,0.13683634373289547,0.0,0.0,0.8773479466130906,0.0,0.0,0.0,0.0,0.0,0.0,0.25510204081632654,0.2587991718426501,0.20292207792207792,0.0,0.0,0.0,0.0,0.0,0.0,0.21258503401360543,1.6904764156399548,0.0,0.0,0.0,0.0,0.0,0.0,0.0,0.6045335718216841,0.13683634373289547,0.5593256720163794,0.0,0.0,0.0,0.0,0.44299978055738415,0.9971984488973161,1.6852140144314938,11.535714285714286,2.2874737556514506,2.760409375738171,3.217164098128207,0.651725488203429,5.428571428571429,0.7971404859003904,2.2874737556514506,2.3828225146225384,23.03254354772212,1.9412449000640495,19.677245946889286,16.036551618524232,12.852389400859295,17.110347224625432,17.447427416350944,19.36874061313571,0.0012096365347673368,0.0020188392532499862,2015,3
2015-04-01,36,2.7301643978806047,0.9519957159158058,0.794512673043126,0.0,0.7421884320582118,1.0002575296073586,1.230233807219273,0.0,0.7227094797153398,0.0,0.18896447467876037,0.0,0.35250740895902183,0.0,0.0,0.0,1.0332090627151436,0.24154589371980675,0.9139375578078719,0.0,0.0,0.0,0.0,0.26904836356055867,0.35353139793929267,0.0,0.32941595441595445,0.0,0.1929012345679012,0.0,0.0,0.0,0.6016114384752248,0.0,0.0,0.0,0.0,0.0,0.0,0.0,0.12077294685990338,0.36657348723704447,0.0,0.254841997961264,0.1234567901234568,0.5270717765233867,0.12025012025012025,0.0,0.2294788427103949,1.230233807219273,0.0,0.0,0.0,0.0,0.0,0.0,0.0,0.0,0.0,0.3538081915098044,0.0,0.1182033096926714,0.14467592592592593,0.10602205258693807,0.10602205258693807,0.6394166171655208,3.242943373856848,11.944444444444445,2.434369722313386,2.7454237562837194,3.310329743934938,0.6526141384771867,5.583333333333333,0.8006525611245664,2.434369722313386,2.4050756062001586,24.184384057300726,1.9259471404715092,18.37290974138022,16.525737666668256,13.032189837510916,17.32455683178825,18.191476444980935,19.774704205892725,0.002712844610028008,0.0018556353166057787,2015,4
2015-05-01,47,4.320461792595187,1.2853614570877119,1.2540468179264566,0.0,0.8625414980722834,0.27204979216637276,1.5249435913964622,0.28479282512577553,0.27518536917798475,0.20360378703043877,0.09092562284051647,0.0,0.3712148990341025,0.0,0.0,0.0,1.4152422092068737,0.5842137201027158,1.5731125360613079,0.08214901831923109,0.0,0.10378827192527244,0.0,0.25065852557779605,0.12515644555694616,0.0,0.8057582140276972,0.0,0.0,0.0,0.21696165354591526,0.09989012086704625,0.9371950435134949,0.0,0.0,0.0,0.0,0.0,0.0,0.08214901831923109,0.0,0.5079867362226886,0.0,0.2724057435303636,0.0,0.18376516252039415,0.0,0.0,0.08828462964597865,1.4174860371303972,0.0,0.10745755426606492,0.0,0.0,0.0,0.13906271728549577,0.0,0.0,0.1457301078402798,0.1752952483109385,0.0,0.09989012086704625,0.0,0.0,0.0,0.5771231329980641,1.242836125843542,11.872340425531915,2.216903567636846,2.745610888745654,3.280984909023426,0.6207562740141233,5.659574468085107,0.8124143036321406,2.216903567636846,2.5947593831817555,24.776461422738016,1.896302866785444,21.593946032727334,15.996686801553246,12.891971770309945,16.918162950260466,17.64689668382894,19.122450736897136,0.004360659328776284,0.0018907464846021217,2015,5
2015-06-01,41,3.0095557637653507,0.40310815861495247,1.2584062382208467,0.0,1.0679127626737177,1.141673812722148,1.4801059044949458,0.4498090263702926,0.0,0.0,0.0,0.0,0.356401797866465,0.1189767995240928,0.0,0.0,0.40317431684396765,0.7331496229175773,1.3978532266132482,0.0,0.0,0.0,0.0,0.0,0.40310815861495247,0.0,0.0,0.0,0.2510949280108915,0.0,0.18338529249954152,0.0,0.8239260177104137,0.0,0.0,0.0,0.0,0.0,0.0,0.0,0.25475611082952304,0.3029843963035903,0.5101722555406043,0.0,0.15535187199005748,0.7992889856687285,0.09100837277029487,0.0,0.09602458229306703,1.2423853245241692,0.0983477576711251,0.0,0.13937282229965156,0.0,0.1189767995240928,0.0,0.33083222684619973,0.0,0.0,0.0,0.0,0.0,0.0,0.0,0.0,1.7084716723209223,2.6677310349896772,12.439024390243903,2.6165522131716474,2.684797390081708,3.285754136027989,0.6082786831527304,5.0,0.7902863028530757,2.6165522131716474,3.615532928816551,24.75579444268469,1.912919739813188,19.093208516240665,16.47079283079061,12.873410244155687,17.323177122191613,17.895701520636408,19.80133170994274,0.002581736077949661,0.0012490084647453872,2015,6
2015-07-01,25,3.2105134510356055,0.0,0.9488319394129135,0.0,0.3273158430887928,0.3805225548107343,0.9984571024140775,0.5238866396761134,0.3273158430887928,0.0,0.0,0.0,0.33613445378151263,0.16194331983805668,0.2,0.0,0.8467078471182637,1.2298119077199894,0.4359159225777827,0.0,0.0,0.0,0.0,0.0,0.0,0.0,0.0,0.0,0.0,0.0,0.1556420233463035,0.0,0.79318991606661,0.0,0.0,0.0,0.0,0.0,0.0,0.0,0.0,0.17167381974248927,0.1556420233463035,0.0,0.0,0.2185792349726776,0.16194331983805668,0.0,0.0,0.8365137825760207,0.0,0.0,0.16194331983805668,0.0,0.16194331983805668,0.0,0.0,0.2,0.16194331983805668,0.0,0.17167381974248927,0.0,0.0,0.1556420233463035,0.0,1.6069760199314858,2.180008215686305,10.52,2.0384543514619358,2.7886406232363594,3.3642645269793876,0.7278037997247476,6.76,0.8102554926425826,2.0384543514619358,3.688422745393234,24.521137085137084,1.8836242086244832,22.87858755608542,15.730892395477456,12.622266540065857,16.883059782913897,17.296808486478405,19.070075668468775,0.0028589871306701252,0.0021304416316210526,2015,7
2015-08-01,27,3.811110737180918,0.26316133893497723,1.6632562895552505,0.0,1.0215683611022979,0.6443649619483901,1.2985500378563755,0.19805902158843336,0.2244668911335578,0.8771342626379158,0.15895724050230486,0.0,0.5964774520338159,0.0,0.19805902158843336,0.0,1.1355769314580308,0.4221185794372821,0.4227872495231353,0.0,0.0,0.0,0.0,0.13041210224308816,0.132749236691889,0.0,0.0,0.0,0.257201646090535,0.0,0.0,0.0,1.4060546434647154,0.0,0.0,0.0,0.0,0.0,0.0,0.0,0.22045855379188709,0.13419216317767044,0.36384741905052487,0.30307022508221554,0.0,0.513952859705302,0.13041210224308816,0.0,0.0,1.0413483917658406,0.0,0.257201646090535,0.0,0.0,0.0,0.0,0.0,0.19805902158843336,0.0,0.2244668911335578,0.0,0.0,0.0,0.0,0.5425653890112137,0.6262328601668962,0.6155541749783737,11.62962962962963,2.2220517448905737,2.7485988908744794,3.380054601070169,0.6229514583200643,6.074074074074074,0.8132582925566785,2.2220517448905737,3.112461636206559,26.62052001496446,1.9164813987989893,17.891039938888454,16.74759564088664,12.68350408429753,17.664719516615676,18.137406926098663,20.190052740416043,0.002586046255459234,0.0018704579063249472,2015,8
2015-09-01,29,3.121609131178597,0.6888784579217028,0.975334885762911,0.0,0.6399207282010452,0.6510386990906397,0.799151887874824,0.5422850907752376,0.14132278123233466,0.4183569979716025,0.0,0.0,0.14132278123233466,0.0,0.40096230954290296,0.0,0.8365838725658816,0.7161060536065856,0.4471427301813011,0.16113438607798905,0.0,0.0,0.0,0.4062328954570334,0.2826455624646693,0.0,0.0,0.0,0.12914890869172155,0.0,0.0,0.0,0.8461859770711895,0.0,0.0,0.0,0.0,0.0,0.0,0.16113438607798905,0.12677484787018256,0.1724137931034483,0.17959770114942528,0.0,0.0,0.6510386990906397,0.0,0.0,0.0,0.799151887874824,0.0,0.0,0.0,0.0,0.0,0.0,0.0,0.40096230954290296,0.14132278123233466,0.14132278123233466,0.0,0.0,0.0,0.0,0.3222687721559781,1.1998622672368755,3.0963792134743633,12.10344827586207,2.442266772374299,2.764278982476426,3.3260684274859935,0.6591453100505557,5.655172413793103,0.6993898113764841,2.442266772374299,2.30668128332132,25.451156889087923,1.9249336121486058,18.269577077135423,16.629056021524207,12.881351415444234,17.309055475383087,18.04148333869016,19.796062346806806,0.005720427608771974,0.0015759620800093403,2015,9
2015-10-01,34,3.0215904486262573,1.568522201343381,0.841121417888432,0.0,1.7898024700261947,1.209507436048328,1.6606247221081076,0.0,0.17717930545712263,0.4150202777090368,0.0,0.0,0.0,0.0,0.0,0.0,0.9067780046308906,0.5226191120151181,0.955919394436237,0.22125365983497472,0.0,0.0,0.0,0.24323586760058694,0.8181869422620639,0.0,0.5070993914807301,0.0,0.49342759416139675,0.0,0.13743815283122596,0.0,0.2102556708958093,0.0,0.0,0.0,0.0,0.0,0.0,0.22125365983497472,0.11534025374855825,0.7112637486288422,0.0,0.7419448078138197,0.18733608092918697,0.6478398043170019,0.10695187165775401,0.0,0.267379679144385,1.000093103809844,0.2071251035625518,0.3380662609871535,0.0,0.11534025374855825,0.0,0.0,0.0,0.0,0.0,0.17717930545712263,0.0,0.0,0.0,0.0,0.4349288735101884,0.11534025374855825,2.836948657567628,11.823529411764707,2.3316615929002884,2.750680916655733,3.3791811131922955,0.6332830640811651,6.294117647058823,0.909017316074487,2.3316615929002884,2.873353383010027,25.549947478991594,1.8855113580701417,20.686544548267232,16.43298273257367,12.645492600700003,17.276734002975548,18.166683886420394,19.647970334017025,0.0030671387834861883,0.0018507078421444413,2015,10
2015-11-01,34,3.6745497920893078,0.7223537250779332,1.2008195543280278,0.0,1.0519781140615816,0.5982687338861273,1.2581403219691996,0.42470907002804087,0.0,0.30448624335533614,0.0,0.0,0.4930471580763163,0.1516070345664039,0.273102035461637,0.0,0.6583938936880114,0.6682479231636883,1.0163280885144117,0.10933741526350317,0.0,0.0,0.0,0.0,0.7223537250779332,0.0,0.0,0.0,0.47225927556148406,0.0,0.0,0.14632718759145447,0.5822330911750891,0.0,0.0,0.0,0.0,0.0,0.0,0.10933741526350317,0.27005744097870726,0.30283586727588707,0.0,0.369747390543484,0.0,0.5982687338861273,0.0,0.0,0.0,1.2581403219691996,0.0,0.0,0.0,0.0,0.1516070345664039,0.0,0.0,0.273102035461637,0.0,0.0,0.0,0.0,0.0,0.0,0.3770739064856712,0.8575689913542796,3.3175845905718013,11.5,2.126462126030101,2.771140129022653,3.3600136192544974,0.6450123132005771,6.5588235294117645,0.7751260756178856,2.126462126030101,3.2285488622860647,25.376912058529708,1.9579628755934788,13.471071655660614,17.386189641227855,13.202433860221177,18.106087228305558,19.154393657224038,20.8121854096562,0.003209591228957028,0.0013603589557956205,2015,11
2015-12-01,50,2.681053354954019,0.6445195553919518,0.3885737467418678,0.0,0.7112670033169222,1.111997807042358,1.2461849723376235,0.6406841889813824,0.13333333333333333,0.11235955056179775,0.0,0.0,0.0,0.07575757575757576,0.26470738414019107,0.0,0.7296302164976342,0.689655172413793,0.8089434555830272,0.0,0.0,0.0,0.0,0.13333333333333333,0.11235955056179775,0.0,0.3988266714968208,0.0,0.217685630093711,0.0,0.07380073800738007,0.0,0.0970873786407767,0.0,0.0,0.0,0.0,0.0,0.0,0.0,0.34760189145037146,0.2537750019764408,0.0,0.10989010989010989,0.07407407407407407,0.8308661304773653,0.20705760249091854,0.0,0.0,1.2461849723376235,0.0,0.0,0.0,0.0,0.07575757575757576,0.0,0.09569377990430622,0.26470738414019107,0.20452544917930926,0.0,0.0,0.0,0.0,0.13333333333333333,0.9555125430125428,0.2257921700082221,2.2563940286155666,11.46,2.2229669004626644,2.7599809412837204,3.3694219405114603,0.6839571931706118,5.7,0.8372077335176106,2.2229669004626644,2.6811612996086507,24.773045454545453,1.9480321732326615,16.296177042228738,16.93405537659402,13.178353710800245,17.501906864919984,18.56121306815097,20.038795085717403,0.0019654696744376993,0.00249757707052998,2015,12
2016-01-01,35,4.5217752577258725,1.6573490040221195,0.4296953958540671,0.0,0.9417387808705436,0.9975167697094386,1.1759473101088007,0.15698587127158556,0.1156737998843262,0.13351134846461948,0.0,0.0,0.6184617436718277,0.0,0.0,0.0,1.2703452632109455,1.7622846681305344,0.7371722342479455,0.0,0.0,0.2249718785151856,0.0,0.8281573498964804,0.4446028562169979,0.0,0.1596169193934557,0.0,0.0,0.0,0.0,0.0,0.4296953958540671,0.0,0.0,0.0,0.0,0.0,0.0,0.0,0.13351134846461948,0.4359801488833747,0.14727540500736377,0.2249718785151856,0.2249718785151856,0.29089891446835464,0.2249718785151856,0.0,0.25667409821071285,1.1759473101088007,0.0,0.0,0.0,0.0,0.0,0.0,0.0,0.0,0.15698587127158556,0.1156737998843262,0.0,0.0,0.0,0.0,0.34560586824657924,0.7497971932564667,2.784765725540389,11.885714285714286,2.194651765005979,2.756914778497653,3.3431728042640785,0.6268726517976868,6.171428571428572,0.8547542304084709,2.194651765005979,2.176665464839534,25.432680176965892,1.9450831848540382,17.706385466143782,16.58190636859542,12.767690050739581,17.01823226468129,18.078388832822295,19.366330661336907,0.002591035109849054,0.003035943973570519,2016,1
2016-02-01,51,2.8725493945579945,0.585531456735593,1.1588070949800966,0.0,0.7898343041831978,0.5019383038213656,1.1708632042351759,0.14874838060725262,0.09205560158335635,0.14798372179060304,0.06977880120019538,0.0,0.3989302714100957,0.0,0.0,0.0,1.127153133993335,0.5706580744089591,0.4749613106647434,0.08308408109006316,0.0,0.0,0.12732365673542145,0.13430029546065,0.21312872975277067,0.0,0.0,0.11077877478675087,0.5736683244807198,0.0,0.10429703796412182,0.0,0.4808417325352549,0.0,0.0,0.0,0.0,0.0,0.0,0.08308408109006316,0.2014261172046317,0.22241657493553688,0.0,0.28290753095296606,0.0,0.41321503170709,0.0,0.0887232721142756,0.0,1.0467629312145752,0.0,0.12410027302060064,0.0,0.0,0.0,0.0,0.06904170118751726,0.0,0.07970667941973537,0.0,0.0,0.09205560158335635,0.0,0.0,0.4932407745706978,0.2814909137635768,4.3139230758799,11.686274509803921,2.3317408895727496,2.7761321338748184,3.414726661909644,0.7259330351253803,6.294117647058823,0.8182693436830939,2.3317408895727496,2.6263090699053167,25.042563291828,1.913381213460116,19.065110687405216,16.844303221519308,12.867745197274852,17.445321260953563,18.667726361113747,20.028496002293632,0.0032217742094132903,0.001751914284466147,2016,2
2016-03-01,33,2.7103588597302526,0.38370408740779116,0.673335941642416,0.0,0.9163461641172415,0.9035359203709371,2.1061344694970456,0.6645784445087041,0.0,0.0,0.0,0.0,1.068617585971654,0.117000117000117,0.16835016835016833,0.0,0.3301985370950888,0.18037518037518036,0.6587615283267457,0.18705574261129818,0.0,0.0,0.0,0.38370408740779116,0.0,0.0,0.0,0.0,0.0,0.0,0.18705574261129818,0.0,0.48628019903111785,0.0,0.0,0.0,0.0,0.0,0.0,0.18705574261129818,0.37367679796465403,0.22828996680586788,0.0,0.12732365673542145,0.0,0.4897459442913989,0.10203040506070808,0.18705574261129818,0.12470382840753211,2.1061344694970456,0.0,0.0,0.0,0.0,0.117000117000117,0.0,0.0,0.16835016835016833,0.3792281591584187,0.0,0.0,0.0,0.0,0.0,0.3060912151821243,0.12732365673542145,4.84338908711528,11.666666666666666,2.349829667622698,2.757035887833207,3.370012523165629,0.7582527184371903,6.0,0.8004447348903164,2.349829667622698,2.392806074793014,22.810448642266824,1.913948214743836,21.554896750982856,15.586414566854017,12.860477944050084,16.48856223290895,17.292919428636193,18.4367977358423,0.00402584662470904,0.0024037718887918984,2016,3
2016-04-01,46,3.6118568838168303,0.9176501413189776,0.9825961847800463,0.0,1.0572471097191458,1.5066902053798337,1.4244060617194452,0.5039522096181789,0.39478077555108904,0.07905138339920949,0.2516387204477942,0.0,0.42181393639990344,0.0,0.22233705632390904,0.0,1.6694099517161127,0.213007959825159,0.5475585382306223,0.20703933747412012,0.0,0.0,0.0,0.0937031484257871,0.091726288754357,0.0,0.7322207041388333,0.0,0.6273597368460139,0.0,0.16537504675689177,0.0,0.18986140117714068,0.0,0.0,0.0,0.0,0.0,0.0,0.20703933747412012,0.6820330540013813,0.07198387561186294,0.0,0.09619084263178145,0.0,1.5066902053798337,0.0,0.0,0.0,1.3524221861075825,0.07198387561186294,0.0,0.0,0.0,0.0,0.0,0.0,0.22233705632390904,0.2816151532942698,0.39478077555108904,0.0,0.0,0.0,0.0,0.31796631765939587,0.34401826768782784,3.188228247206665,11.91304347826087,2.4376689307687793,2.7962076634837856,3.3051464075286243,0.7095303025145039,6.108695652173913,0.7613190702821424,2.4376689307687793,1.9595589710426726,23.545451589473327,1.9210222833135318,18.897919306320606,16.328151195565336,13.043913623337161,17.08016771636956,18.07072685463553,19.454891448959014,0.0018184040374516425,0.0024713466721144853,2016,4
2016-05-01,39,4.305138464992303,0.11148272017837235,0.6722603529578677,0.0,0.9558568669152038,0.729300655457765,0.8072403336154566,0.20195063805751884,0.586726454625204,0.34787259967177064,0.0,0.1282051282051282,0.8668663020133767,0.0,0.20195063805751884,0.0,1.2211795803375982,0.6388308952760351,0.6878016814059449,0.21243164002492998,0.0,0.0,0.0,0.0,0.11148272017837235,0.0,0.0,0.0,0.0,0.0,0.46300969857400304,0.0,0.20925065438386461,0.0,0.0,0.0,0.0,0.0,0.0,0.21243164002492998,0.23459942547079476,0.4169224837097097,0.0,0.09190331770976932,0.1282051282051282,0.6010955272526368,0.0,0.0,0.0,0.7062914137688989,0.0,0.10094891984655764,0.0,0.0,0.0,0.0,0.0,0.20195063805751884,0.0,0.4591591628788079,0.0,0.12756729174639622,0.0,0.0,0.0,0.8636689804252091,3.6308974052770893,11.41025641025641,2.1508919788889935,2.750694623390985,3.3338099064671085,0.6789971882539694,5.435897435897436,0.7855069756621754,2.1508919788889935,2.630838978436312,24.506491656491654,1.9425604216805834,17.181949623874264,16.483884700685564,12.953553792333048,17.260964613715657,18.025676226148207,19.67453631521318,0.0030998612831689733,0.002566397228333845,2016,5
2016-06-01,38,3.869773005505901,0.8721672568301372,0.6650423640385659,0.0,0.6578073551375183,0.0,1.6501823711171877,0.44678553651193303,0.4359896962772153,0.3433647584952077,0.09782821365681862,0.0,0.0,0.04529395778603135,0.13157894736842105,0.0,0.7374034684719811,1.617304216429227,0.7984384340334789,0.09856100926473486,0.0,0.0,0.13777900248002206,0.11392116655274549,0.4116116157840029,0.0,0.20885547201336674,0.0,0.0,0.0,0.2712967986977754,0.0,0.3937455653407906,0.0,0.0,0.0,0.0,0.0,0.0,0.09856100926473486,0.1370614035087719,0.26460536467727974,0.1575795776867318,0.0,0.0,0.0,0.0,0.0,0.0,1.6501823711171877,0.0,0.0,0.0,0.0,0.04529395778603135,0.13426423200859292,0.0,0.13157894736842105,0.1356483993488877,0.3003412969283276,0.0,0.0,0.0,0.1356483993488877,0.2318571759795966,0.3487641640943273,1.9553779938604172,12.210526315789474,2.546695907467436,2.73308701702696,3.188300548119522,0.5776589588748453,6.052631578947368,0.7482359936569466,2.546695907467436,4.086014187510771,23.99856919396393,1.9375975084013255,17.468934922363342,16.635553726385307,12.791570658851446,17.454034640877943,18.028753068285347,19.8631769922197,0.002745219086031165,0.0025457263169370394,2016,6
2016-07-01,35,3.5987047919645447,0.0,0.4262759520105339,0.0,1.0883480024553513,0.0,1.2925775260167531,0.19175455417066156,0.10582010582010581,0.40864308105687414,0.0,0.0,0.3050074050354241,0.19175455417066156,0.0,0.0,0.7559310714794014,0.8887202066898622,0.6760873161854155,0.37256115734690604,0.0,0.0,0.0,0.0,0.0,0.0,0.0,0.0,0.175284837861525,0.0,0.0,0.0,0.25099111414900893,0.0,0.0,0.0,0.0,0.0,0.0,0.37256115734690604,0.1457725947521866,0.14357501794687724,0.4264392324093817,0.0,0.0,0.0,0.0,0.0,0.0,1.2925775260167531,0.0,0.0,0.0,0.0,0.19175455417066156,0.0,0.0,0.0,0.0,0.0,0.0,0.0,0.0,0.10582010582010581,0.3968253968253968,0.8860945384763572,1.259149513437704,11.057142857142857,2.188175894111776,2.7382231906325334,3.252767914193349,0.6219691079467882,4.6571428571428575,0.6850161265382352,2.188175894111776,3.527370069539257,22.569394732251876,1.9536402661892411,18.9995720071457,16.052727448414245,12.782472144989848,16.865067276068956,17.296202208567586,19.187244922954218,0.0031413101733776005,0.0014336658876568952,2016,7
2016-08-01,35,3.5889439657047095,0.592999838270855,1.6198373508051334,0.0,0.3843227511468126,0.6406126234889031,1.4179918344149254,0.27146403585130735,0.613300770545185,0.46721667390360394,0.0,0.0,0.6336485813837731,0.0,0.27146403585130735,0.0,0.9251612874056314,0.9606614028251026,0.33079198433529144,0.0,0.0,0.10582010582010581,0.0,0.3239144263283002,0.163265306122449,0.0,0.0,0.0,0.10582010582010581,0.1360544217687075,0.42598038784665093,0.11383039271485487,0.8381520426548141,0.0,0.0,0.0,0.0,0.0,0.0,0.0,0.10504201680672269,0.156128024980484,0.0,0.1231527093596059,0.10167768174885612,0.4251045490251921,0.11383039271485487,0.0,0.0,1.4179918344149254,0.0,0.0,0.0,0.0,0.0,0.0,0.0,0.27146403585130735,0.0,0.0,0.163265306122449,0.27146403585130735,0.0,0.17857142857142858,0.7236153461065854,0.5161643159827596,0.9286100102910274,11.742857142857142,2.3225476228847075,2.7538293012911357,3.4249302613309918,0.6911565824014919,6.0285714285714285,0.7860030538186437,2.3225476228847075,3.821923202062048,25.647054215625644,1.92756846418916,18.634106131791953,16.6243509688286,13.03208587574105,17.453543096733313,18.375123453298972,19.875592498207894,0.003157495346668571,0.002280104047615748,2016,8
2016-09-01,40,3.3791400255448645,0.6421789105447276,0.5737893840079232,0.0,0.9167972007416274,0.8911463803266116,2.731528536185693,0.09881422924901186,0.8065871742533798,0.5852262180885497,0.0,0.0,0.29158215010141986,0.0,0.0,0.0,0.9316207860378704,0.2081855342724908,1.0714034154878296,0.29112192155670413,0.0,0.10775862068965517,0.0,0.43560606060606055,0.09881422924901186,0.0,0.0,0.0,0.0,0.0,0.4309322411507804,0.0,0.14285714285714285,0.0,0.0,0.0,0.0,0.0,0.0,0.29112192155670413,0.3758741258741259,0.13297872340425532,0.11682242990654206,0.0,0.32569097964678867,0.565455400679823,0.0,0.0,0.0,2.4065205720066603,0.0,0.3250079641790329,0.0,0.0,0.0,0.0,0.0,0.0,0.09881422924901186,0.616863854095277,0.18972332015810275,0.0,0.0,0.0,1.0,0.9293614025100465,3.1149422756377585,11.675,2.250975679232892,2.7474975210154873,3.3248053062276868,0.6370757029980275,5.9,0.7939004516407133,2.250975679232892,3.8770577548039014,24.254523532023534,1.9518624500769128,16.28768443504425,16.692761392818245,13.052182396777232,17.44862309913226,18.50831836865934,19.912148597476993,0.002627699830374521,0.001679238715791499,2016,9
2016-10-01,39,3.4677762093303635,0.9798297646854942,0.6433428689852101,0.0,0.4479443430754292,0.942841318819687,1.7306813055174541,0.4388774740665497,0.3951620299190255,0.34446507935197435,0.0,0.14245014245014245,0.2567247442219283,0.0,0.3080559146735617,0.0,1.1226294797978311,0.15827793605571383,1.021212798819098,0.11396011396011396,0.0,0.0,0.0,0.2772808586762075,0.354223047168341,0.0,0.3483258588409457,0.0,0.2717338017239689,0.0,0.0,0.0,0.3716090672612412,0.0,0.0,0.0,0.0,0.0,0.0,0.11396011396011396,0.0,0.14405070584845864,0.0,0.1899335232668566,0.0,0.5738298478345317,0.16869095816464236,0.20032051282051283,0.0,1.7306813055174541,0.0,0.0,0.0,0.0,0.0,0.0,0.0,0.3080559146735617,0.13082155939298795,0.26434047052603754,0.13082155939298795,0.0,0.0,0.0,0.0,0.1282051282051282,5.4507632272267115,11.564102564102564,2.2925394645696553,2.7646040769539937,3.2648529676394467,0.6274844278820845,6.0256410256410255,0.7371077259880253,2.2925394645696553,2.4160892346624574,23.536897290743443,1.923340155213641,20.790616241208443,15.815775094342126,12.936428607307223,16.745090015501834,17.43773752637718,19.04762421088779,0.0029137939407686345,0.0008746690064361609,2016,10
2016-11-01,45,3.389214500243147,0.17829308393654048,1.2194869490561602,0.0,1.0761338702750876,0.719900518603434,1.1997339634801396,0.4614635721967255,0.0835421888053467,0.2037374350671254,0.0,0.0,0.1511715797430083,0.0,0.2151867188099072,0.0,1.2467344579836457,0.8066447063835783,0.6342471630711348,0.13149243918474687,0.0,0.0,0.0,0.0,0.17829308393654048,0.0,0.0,0.0,0.49481192435956234,0.0,0.0,0.0,0.7246750246965976,0.0,0.0,0.0,0.0,0.0,0.0,0.13149243918474687,0.32639860923860203,0.4867503826669918,0.0,0.13149243918474687,0.0,0.719900518603434,0.0,0.0,0.0,1.1997339634801396,0.0,0.0,0.0,0.0,0.0,0.0,0.0,0.2151867188099072,0.24627685338681837,0.0835421888053467,0.0,0.0,0.0,0.0,0.4059820207962218,0.9058424117471656,1.004277892371182,11.777777777777779,2.396396146787301,2.7659715676897174,3.3416798570698902,0.7304142098718652,6.0,0.8291587693728463,2.396396146787301,2.922431866645354,23.976566458233123,1.9225542498621857,20.480985820480786,15.995909313792367,12.764129832586287,16.869000458346438,17.44132995332873,19.09623679046443,0.0024214824120842205,0.0014784154100057326,2016,11
2016-12-01,38,3.5268468643254463,0.2621929232035023,1.198159322450652,0.0,0.589557675680204,1.0740637155997188,1.3512067980112008,0.8502458712179689,0.11542012927054476,0.12836970474967907,0.0,0.0,0.2852389241187578,0.11542012927054476,0.7348257419474241,0.0,0.6766139934261369,0.6516095269679778,0.8044926583316381,0.13027618551328818,0.0,0.15299877600979192,0.0,0.0,0.10919414719371043,0.0,0.0,0.0,0.20849901313214142,0.0,0.18148820326678763,0.15299877600979192,0.655173330041931,0.0,0.0,0.0,0.0,0.0,0.0,0.13027618551328818,0.14539110206455366,0.3138903881023621,0.0,0.0,0.0,0.9404810279160427,0.0,0.0,0.13358268768367618,1.0250692301745867,0.0,0.32613756783661413,0.0,0.0,0.11542012927054476,0.0,0.0,0.7348257419474241,0.0,0.0,0.0,0.0,0.0,0.11542012927054476,0.0,0.52828148803381,1.037990678301715,12.236842105263158,2.374864927251692,2.749961067345059,3.327642921412627,0.6437847934962729,6.421052631578948,0.8374710442261685,2.374864927251692,2.7354406940188207,25.269660894660895,1.9361492756039225,17.077130661743514,16.798803050339348,12.975333608238373,17.538284758061813,18.399625750484635,19.97201794310105,0.001816635575657311,0.0026256810161998604,2016,12
2017-01-01,39,3.762439389350726,1.0934859144414806,1.192973867438839,0.0,1.1383591420035184,0.964031700188807,1.2923586422594013,0.522030641692854,0.5153202912125334,1.098129640639762,0.0,0.0,0.3135107786270577,0.0,0.2931154225115738,0.0,0.9548622911850879,0.5215771968823152,0.30404378230465184,0.2772002772002772,0.0,0.0,0.0,0.21103724807428512,0.3369420624144048,0.0,0.5455066039527906,0.0,0.35184114131482547,0.0,0.12756729174639622,0.0,0.7135654343776172,0.0,0.0,0.0,0.0,0.0,0.0,0.2772002772002772,0.4334706110280311,0.42768825377521025,0.0,0.0,0.3219661398942878,0.5244461766200896,0.11761938367442955,0.0,0.0,1.2923586422594013,0.0,0.0,0.0,0.0,0.0,0.0,0.0,0.2931154225115738,0.2289152191812802,0.39605970683567,0.0,0.0,0.0,0.11926058437686346,0.7904330250134093,0.30747504987263713,3.128174674553945,11.282051282051283,2.1441872863712117,2.762291280755035,3.3519877412623007,0.6868604741071139,5.435897435897436,0.7222147436442419,2.1441872863712117,2.4300128715360216,23.584057182134103,1.9053961046056596,21.088691616365992,15.947656830526562,12.850637745934213,16.499041449458858,17.44715429287672,18.69968458299341,0.002934966988310789,0.0016648144278840877,2017,1
2017-02-01,28,5.047753681368832,0.43827807802963076,0.49797696856520385,0.0,0.9589824631869711,0.22182786157941434,2.238715954688175,1.0238455820352372,0.33248485260869165,0.6177343255994941,0.0,0.0,0.712326128953454,0.0,0.6456964969896004,0.0,0.8962071577159433,1.170960171974371,0.8679930564030739,0.13683634373289547,0.0,0.0,0.0,0.0,0.0,0.0,0.43827807802963076,0.0,0.26455026455026454,0.0,0.0,0.2334267040149393,0.0,0.0,0.0,0.0,0.0,0.0,0.0,0.13683634373289547,0.0,0.0,0.5515484060047543,0.2705977134493213,0.0,0.22182786157941434,0.0,0.0,0.0,1.826846540962982,0.0,0.41186941372519315,0.0,0.0,0.0,0.24131274131274133,0.0,0.6456964969896004,0.13683634373289547,0.17088174982911825,0.0,0.0,0.1616031027795734,0.0,1.0208308675582909,2.3001833618559893,2.354126945657395,12.285714285714286,2.5620946659644734,2.76283762547965,3.3592254190115023,0.6594528439412605,4.928571428571429,0.7857906615430448,2.5620946659644734,2.3873227683258658,25.52406462585034,1.8958642722371957,20.278851490528886,16.3870908842202,12.818557946518903,17.113335503024537,18.25982735170496,19.47795346719749,0.0014729860128403025,0.0029620762373720145,2017,2
2017-03-01,47,4.572604436054606,0.1457301078402798,1.351527492288009,0.0,1.180187465217521,1.3001118093245387,1.1233079994796624,0.6068298919863137,0.19342359767891681,0.27856304452049135,0.0,0.0,0.3083724785852446,0.0,0.46956153234321146,0.0,1.6715837587469098,0.9165694419524693,0.6724618158080088,0.2554923640982707,0.0,0.0,0.0,0.1457301078402798,0.0,0.0,0.0,0.0,0.4734208771873166,0.0,0.09671179883945841,0.0,0.7813948162612339,0.0,0.0,0.0,0.0,0.0,0.0,0.2554923640982707,0.7161010251910067,0.0,0.0,0.20859407592824367,0.0,1.0040628844226243,0.15878056525881232,0.0,0.13726835964310224,0.9795472174210081,0.14376078205865442,0.0,0.0,0.0,0.0,0.13726835964310224,0.0,0.46956153234321146,0.0,0.19342359767891681,0.0,0.0,0.0,0.0,0.18912529550827423,1.4396168566607679,2.8064356341773324,11.127659574468085,2.1290437380189022,2.7533365329770745,3.3671036361096203,0.6615998133828114,4.787234042553192,0.7472178450286707,2.1290437380189022,2.6062444954527777,24.2012654012654,1.9568057724512156,16.936517763042893,16.473401857536146,13.099898119349692,17.117066497266844,18.09926648039849,19.532947238683935,0.002629811756167312,0.002571312028179223,2017,3
2017-04-01,45,5.140624780253751,0.462770006705175,1.7878718424677666,0.0,0.4904214895627443,0.47053012613460926,0.8349020428475487,0.3552947246606552,0.2839463776963777,0.25804863836817715,0.0823045267489712,0.0,0.6622157673907089,0.18168361354954407,0.08680555555555555,0.0,1.0092354394791903,1.569888000143771,1.2081387122688618,0.0823045267489712,0.0,0.0,0.08291873963515754,0.12845215157353884,0.17477076300605712,0.0,0.07662835249042145,0.0,0.7404072977655757,0.0,0.2444099684791174,0.0,0.8030545762230735,0.0,0.0,0.0,0.0,0.0,0.0,0.0823045267489712,0.15760441292356184,0.0,0.0782472613458529,0.1722652885443583,0.10683760683760685,0.20252651831599197,0.0,0.0782472613458529,0.08291873963515754,0.8349020428475487,0.0,0.0,0.0,0.0,0.18168361354954407,0.0,0.0,0.08680555555555555,0.08680555555555555,0.2839463776963777,0.0,0.0,0.0,0.0,0.07662835249042145,1.583981841676062,2.1321732137218308,12.155555555555555,2.366894932267463,2.7557496124777634,3.311869552238954,0.6274217269803541,6.711111111111111,0.8940811137193606,2.366894932267463,3.23490554588667,24.901469456469457,1.9486838336500951,16.662467083776203,16.617521895763375,13.214454320086263,17.479659910350097,18.111522607273226,20.091337749344802,0.00206380337146509,0.0027793279589804227,2017,4
2017-05-01,47,3.5711536271558257,0.4396118950543866,0.7188123888290322,0.0,0.6758011288458831,0.9665990784417314,1.3027701961945721,0.37441321420430135,0.5420033894822663,0.1222792858889704,0.0,0.0,0.44963088441349314,0.0,0.18720660710215067,0.0,1.3564162553310048,0.8507178975939697,0.4840129482769139,0.12088974854932301,0.0,0.0,0.0,0.09250693802035152,0.08443093549476527,0.0,0.2626740215392698,0.0,0.13638843426077468,0.0,0.0,0.0,0.5824239545682576,0.0,0.0,0.0,0.0,0.0,0.0,0.12088974854932301,0.22328735094692542,0.2303069067559163,0.0,0.10131712259371836,0.08409721638213775,0.4583989912106384,0.2831982632682875,0.1409046075806679,0.0,1.1706174275940702,0.0,0.13215276860050215,0.0,0.0,0.0,0.0,0.10691756655618519,0.18720660710215067,0.08028904054596547,0.3911055473214093,0.0,0.15089784216085708,0.0,0.0,0.513824750642512,1.2197676268270055,2.544685781674596,12.148936170212766,2.445147583310168,2.7659494301643086,3.315452186668698,0.6546561024818925,6.085106382978723,0.8338494124717368,2.445147583310168,3.17968367902728,25.4742509854212,1.9123790034031758,19.175936613261413,16.432174880679927,13.005262791747587,17.067844219078857,18.27040734385761,19.581915017695888,0.0016960350106373073,0.0018498409225929247,2017,5
2017-06-01,39,1.8916329460473578,0.0,0.9424084253563331,0.0,0.7156603436898361,0.4666850248983518,1.597539257735348,0.40617230383547864,0.4543609623564397,0.0,0.08811349017534584,0.6178560395427866,0.0,0.10055304172951231,0.0,0.0,0.5973135017416641,0.27182026914325136,0.1256913021618904,0.09028530155290719,0.0,0.0,0.0,0.0,0.0,0.0,0.0,0.0,0.19667959881857378,0.0,0.0,0.0,0.7457288265377594,0.0,0.0,0.0,0.0,0.0,0.0,0.09028530155290719,0.2234766061287973,0.21323190410327342,0.0,0.18866653190485816,0.1256913021618904,0.23459942547079476,0.10639429726566657,0.0,0.0,1.597539257735348,0.0,0.0,0.0,0.0,0.10055304172951231,0.1885369532428356,0.0,0.0,0.11708230886313076,0.4543609623564397,0.0,0.0,0.0,0.0,0.24076080414108583,0.2762024140936509,1.8092611193123047,11.76923076923077,2.2531179302829947,2.772429164908152,3.318874169375515,0.6335221072419239,6.9743589743589745,0.7945129830752637,2.2531179302829947,3.636584612479047,24.014663256970948,1.9385466303597951,16.675235560824873,16.549757924751304,12.806452730404583,17.330683181960314,18.017056782043234,19.759233384796406,0.0023353964697928656,0.0016298929400929934,2017,6
2017-07-01,34,3.8799760268433734,0.6601184578884365,1.670377600461696,0.0,0.5203602869181114,0.1934984520123839,2.131814523078925,0.34835204352910554,0.3821230341374484,0.7341222382219933,0.1539882968894364,0.0,0.3324515241350941,0.10974539069359088,0.11183180496533214,0.0,0.18975332068311193,0.364660714141683,1.7392474199274341,0.14417531718569782,0.0,0.0,0.0,0.18975332068311193,0.4703651372053246,0.0,0.0,0.0,0.15728216420257943,0.0,0.0,0.0,1.5130954362591165,0.0,0.0,0.0,0.0,0.0,0.0,0.14417531718569782,0.15728216420257943,0.21890280552983413,0.0,0.0,0.1934984520123839,0.0,0.0,0.0,0.0,2.016474269330367,0.0,0.0,0.0,0.11534025374855825,0.10974539069359088,0.0,0.12677484787018253,0.11183180496533214,0.0,0.3821230341374484,0.0,0.0,0.0,0.0,0.29120559114735,0.3862755273359993,3.0066363033698233,11.470588235294118,2.280202591667692,2.757141047932547,3.407920372891581,0.7791933482712324,5.852941176470588,0.7503284346825101,2.280202591667692,3.018349682649801,23.296496640614286,1.967789625960243,16.49812801982281,16.455547515239513,13.098478792938117,17.205443998208526,17.86315897573009,19.570049975915346,0.002471123224024883,0.0021542100819527937,2017,7
2017-08-01,38,2.597043877787023,0.7405429331829558,1.3718395715519136,0.0,1.084455544505485,0.7466064126950362,1.3551540899066226,0.0,0.3245003487167926,0.0,0.0,0.0,0.5778136982880937,0.0,0.0,0.0,0.47889888965535504,0.7781642902557827,0.5567120305297086,0.20545496905808272,0.0,0.0,0.0,0.0,0.4555316244232516,0.0,0.2850113087597041,0.0,0.2566547349078957,0.0,0.35939349197056014,0.0,0.7557913446734578,0.0,0.0,0.0,0.0,0.0,0.0,0.20545496905808272,0.34175911172928725,0.40500131560914915,0.0,0.1322401481089659,0.0,0.5908916820815202,0.0,0.0,0.15571473061351604,1.3551540899066226,0.0,0.0,0.0,0.0,0.0,0.0,0.0,0.0,0.0,0.21530620152308225,0.0,0.0,0.0,0.10919414719371043,1.2053296765007366,0.6913679370239431,4.430377775619477,11.473684210526315,2.2630653376106284,2.7596310822907113,3.3599343621064293,0.6754058060788753,6.815789473684211,0.9194272258733553,2.2630653376106284,3.908955517994145,24.20744190020506,1.9588807864717752,17.44410210821617,16.439964335277796,13.068064135937021,17.18203641915038,18.145580337933662,19.545474263947682,0.002043078228253519,0.002756424037107963,2017,8
2017-09-01,48,3.594279221479617,1.008895947496949,1.2061245976436241,0.0,0.7415937059957801,0.7834651775963226,1.4449173569779734,0.301792962689724,0.13796909492273732,0.39226830035800436,0.0,0.0,0.603035758042744,0.0,0.301792962689724,0.0,0.7497695102110655,0.8254989739053132,0.6028660972251468,0.11904761904761905,0.0,0.0,0.0,0.09827044025157232,0.21258503401360543,0.0,0.6980404732317713,0.0,0.11904761904761905,0.0,0.20032051282051286,0.0,0.8867564657754922,0.0,0.0,0.0,0.0,0.0,0.0,0.11904761904761905,0.08106355382619974,0.19702559294512498,0.0,0.3444569401768363,0.08267195767195766,0.5628241250016276,0.13796909492273732,0.0,0.0,1.3484667396940229,0.0,0.0,0.0,0.09645061728395062,0.0,0.0,0.0,0.301792962689724,0.0,0.13796909492273732,0.0,0.0,0.0,0.0,0.5367875707787988,1.3158246235388826,4.15569442840148,11.333333333333334,2.222182057080363,2.788908357016964,3.3578572583641377,0.7003511619462923,6.291666666666667,0.8062324406112898,2.222182057080363,3.918180777789241,22.7424047017797,1.921463571473163,21.871863376957368,15.499614940571803,12.983977957743676,16.417543269359303,17.035945580617852,18.539788000135392,0.0024087043661467585,0.0029311167321873105,2017,9
2017-10-01,63,2.918288121560444,0.4023948073519354,1.850644573591312,0.0,0.904617933266341,1.1451195435597001,1.4802285758438387,0.16184002589440416,0.4495019222802678,0.3198639430967559,0.0962000962000962,0.0,0.31828414204378813,0.0,0.16184002589440416,0.0,0.5712720293733586,0.13978638099413532,1.0466159144596479,0.264425589498258,0.0,0.0,0.0,0.19262737303745814,0.20976743431447728,0.0,0.0,0.0,0.25092019633001383,0.07314753858532659,0.5250951609693277,0.0,1.001481677706644,0.0,0.0,0.0,0.0,0.0,0.0,0.264425589498258,0.48692348905638694,0.153268854711696,0.0,0.0,0.3635192238887659,0.5830626120792352,0.05989817310572028,0.06871435442864014,0.06992518005733865,1.3318826331053726,0.0,0.1483459427384661,0.0,0.0,0.0,0.0,0.0,0.16184002589440416,0.0,0.16037030962404095,0.0,0.10511931041732367,0.0781921964187974,0.10582010582010583,0.0,0.8964610468435628,2.246372200800106,12.063492063492063,2.474724457036994,2.724778888993532,3.2999265105822433,0.6439030745063397,6.111111111111111,0.7929358687376215,2.474724457036994,2.5992107278416845,23.972151790008933,1.9409304243934984,18.16422209614982,16.318994924544366,13.141715799682041,16.961939541905785,18.116066005065747,19.32730490517873,0.003032981016525509,0.002183152909943428,2017,10
2017-11-01,47,4.169723960408684,0.6857002511172977,1.1434464912680997,0.0,0.93217222130776,1.1761238087622699,1.440993760695812,0.33079269678666995,0.5989359465745581,0.19377039032379162,0.1281722635221738,0.0,0.23870976369739358,0.0,0.33079269678666995,0.0,1.4974182351052132,0.8710304045203949,0.6247016134576066,0.28512859299544097,0.0,0.0,0.07653451706719731,0.3568740849036871,0.2522916491464132,0.0,0.0,0.0,0.10229132569558103,0.0,0.0,0.10481081647626035,0.9363443490962583,0.0,0.0,0.0,0.0,0.0,0.0,0.28512859299544097,0.5457265057186006,0.10131712259371836,0.0,0.0,0.29263186144695985,0.30219538102593363,0.08865248226950355,0.0,0.49264408401987286,1.3568965443136745,0.08409721638213775,0.0,0.0,0.0,0.0,0.0,0.0,0.33079269678666995,0.0,0.4051655562507664,0.08409721638213775,0.0,0.10967317394165388,0.0,0.6361535955542409,0.4293960850999024,2.484652883496051,11.46808510638298,2.1616148557556336,2.779640593970174,3.361997968033297,0.6267839134604433,5.957446808510638,0.7652716812994687,2.1616148557556336,3.189767405159184,24.938042276872064,1.9156429011623337,19.118492057197518,16.42776047870207,13.048716288555825,17.1425704560347,18.21653179295664,19.58390304086873,0.0031599841070254816,0.0007329679528061678,2017,11
2017-12-01,49,3.826422071866857,0.46347227884776265,1.3138639006569584,0.0,1.2644384789608514,0.764319876736397,1.8046073511801417,0.20249730168632227,0.11796626164916832,0.10741138560687431,0.0,0.0,0.4391500189819518,0.0,0.11337868480725623,0.0,1.3789905993680789,0.9005078144810246,0.6276755532781554,0.25930801534351605,0.0,0.0,0.0,0.250004763810286,0.10255358424776947,0.0,0.1109139307897072,0.0,0.3619212996091377,0.0,0.2530554080983492,0.0,0.6988871929494712,0.0,0.0,0.0,0.0,0.0,0.0,0.25930801534351605,0.094921689606075,0.7968300892040042,0.11337868480725623,0.0,0.0,0.5458108193902973,0.2185090573460997,0.0,0.0,1.6071320773262971,0.094921689606075,0.0,0.10255358424776947,0.0,0.0,0.08911861687906603,0.0,0.11337868480725623,0.0,0.0,0.0,0.11796626164916832,0.0,0.0,0.0,0.8671010369562131,1.776639321322789,11.10204081632653,2.121617089078119,2.766932226000498,3.3325522328781196,0.6586206431618508,5.530612244897959,0.7468807088239046,2.121617089078119,3.911383680346045,23.429673671000202,1.9235261216800357,18.9002783196581,16.229336413571513,13.018710754069993,17.014864369494983,17.724115911628612,19.413724332181214,0.002407576967035149,0.0018911808522425236,2017,12
2018-01-01,49,4.472057485884436,1.0870362894963432,0.17180031731268586,0.0,0.920472679981045,0.5169707928672744,1.1074213944125553,0.3279883381924198,0.24229811692549594,0.6808863382863303,0.0,0.09110787172011663,0.1560626001637466,0.0,0.2368804664723032,0.0,1.720206074486353,0.6455689147087453,0.8619360244619926,0.07940919558484873,0.0,0.0,0.0,0.1051967178624027,0.6149457098421196,0.0,0.13789299503585217,0.2290008667559688,0.09536524890329964,0.0,0.0,0.0,0.07643506840938623,0.0,0.0,0.0,0.0,0.0,0.0,0.07940919558484873,0.505739644249205,0.16766192007349565,0.06562110374696502,0.10204081632653061,0.25018880449954434,0.17567411664761345,0.0,0.0,0.09110787172011663,1.1074213944125553,0.0,0.0,0.0,0.0,0.0,0.0,0.09110787172011663,0.2368804664723032,0.0,0.0,0.09110787172011663,0.0,0.07475517679599313,0.07643506840938623,0.18221574344023325,0.8678731903587605,1.2511093435465366,12.040816326530612,2.351890870358522,2.764906542102733,3.3881639405922823,0.6326560180538826,5.530612244897959,0.8057407952139259,2.351890870358522,2.397192016624079,25.535089966722623,1.9502515124601654,15.998846392543198,17.027086879606042,13.207813397472895,17.550763157312275,19.0571957670364,20.121136307227328,0.0033125546002246947,0.0018334884698108355,2018,1
2018-02-01,49,5.040512467598718,0.3370919991803667,0.9164460456228951,0.2103934357248054,0.6002320651274267,1.2727590942365623,1.017450380126532,0.14682891790256475,0.23967920501533949,0.518117275898516,0.0,0.0,0.26348514145694873,0.0,0.07394262052647146,0.0,1.2359541235447038,1.4911203576926952,1.4578929484793826,0.0,0.0,0.0,0.0,0.08229098090849243,0.2548010182718743,0.0,0.0,0.0,0.24900471137360056,0.0,0.0,0.2103934357248054,0.4570478985244892,0.0,0.2103934357248054,0.0,0.0,0.0,0.0,0.0,0.264685584378679,0.15820281601012498,0.0,0.17734366473862276,0.0,0.9820357375426315,0.0,0.132520540683806,0.15820281601012498,0.8651506542660384,0.0,0.15229972586049345,0.0,0.0,0.0,0.0,0.0,0.07394262052647146,0.07288629737609328,0.13338668800853676,0.0,0.10629251700680271,0.0,0.0,0.651579532945897,0.0,2.8977307636021727,11.244897959183673,2.0015277395862983,2.7547447898538397,3.340221339535556,0.6959804029946729,6.081632653061225,0.7663393081001582,2.0015277395862983,3.4077187684491212,23.090216699400372,1.9654891338706062,16.18047086920306,16.48448638226818,13.008958450551248,17.17218634882545,17.96896114476456,19.639472417259626,0.0020447222592832525,0.0011182597104805615,2018,2
2018-03-01,57,3.653962273191036,0.4032772047607795,1.1367586994644798,0.0,0.7993629081138384,0.7440695508103079,2.0666834743695555,0.28274895752053497,0.0,0.2620489226395272,0.10568590150073981,0.0,0.2717602428827989,0.28274895752053497,0.0,0.0,0.9478501559502498,0.79724018766683,0.7870078169123449,0.19962008811801032,0.0,0.0,0.0,0.0,0.2141388577276956,0.0,0.0,0.1891383470330839,0.16977140707519286,0.0,0.4034580382203472,0.0,0.5635292541689398,0.0,0.0,0.0,0.0,0.0,0.0,0.19962008811801032,0.389174141276908,0.2105686787189201,0.0,0.0,0.18690747395038243,0.5571620768599254,0.0,0.0,0.0,1.981519107140804,0.08516436722875148,0.0,0.0,0.0,0.28274895752053497,0.0,0.0,0.0,0.0,0.0,0.0,0.0,0.0,0.0,0.6938319170423486,0.9035252702442236,2.833180534090055,11.929824561403509,2.381992636535511,2.761826480911954,3.2646005857579112,0.6258000525785425,6.350877192982456,0.8128570226226203,2.381992636535511,3.576236843279774,23.4362123557557,1.946825009155969,19.202807921597536,16.101769909216127,12.941601409548381,16.95300198902712,17.587100375256792,19.301279210036025,0.0025503227561008636,0.001910945530885448,2018,3
2018-04-01,36,2.4086283912449047,1.0338736287623915,1.4323573603051047,0.0,0.9110262526844903,0.5476528476760782,1.0417823062965355,0.23045380353527564,0.6170159336277758,0.0,0.0,0.0,0.13550135501355012,0.0,0.0,0.0,0.5681391330478552,0.18642803877703207,1.0866247952968562,0.43193506910961105,0.0,0.0,0.0,0.26709401709401714,0.16244314489928524,0.0,0.6043364667690893,0.0,0.7947719443807097,0.13550135501355012,0.102880658436214,0.0,0.39920340247463093,0.0,0.0,0.0,0.0,0.0,0.0,0.43193506910961105,0.0,0.26207729468599034,0.0,0.2170138888888889,0.320316724942466,0.1111111111111111,0.11622501162250115,0.0,0.0,1.0417823062965355,0.0,0.0,0.0,0.0,0.0,0.0,0.0,0.0,0.23045380353527564,0.13290802764486975,0.0,0.48410790598290604,0.0,0.0,0.09885330170027679,0.28785261945883706,3.1479840889335544,11.444444444444445,2.2111496569026463,2.768018856643109,3.366371743176652,0.7475629098083595,5.944444444444445,0.8007623771138078,2.2111496569026463,4.4413463236701265,23.05743191993192,1.9821365461188438,16.494594524350116,16.51852202102903,13.148743827002043,17.160418012523216,18.047938328262333,19.45514693792379,0.0030777385734479393,0.0024257386048533846,2018,4
2018-05-01,42,3.342584869370635,0.7233912053189161,1.2363114749378479,0.0,1.107090768763697,0.5797547432756834,2.1063735758201965,0.09410878976096367,0.6359096255624328,0.3707065677604258,0.0,0.0,0.24553698706334273,0.0,0.0,0.0,0.7618824814949929,1.1344837824168337,0.6326043713366496,0.1973706792983901,0.0,0.0,0.0,0.15873015873015875,0.5646610465887575,0.0,0.0,0.0,0.10046212577858148,0.0,0.08785802143735723,0.0,1.0479913277219093,0.0,0.0,0.0,0.0,0.0,0.0,0.1973706792983901,0.13082155939298795,0.5928866253104141,0.0,0.18601190476190477,0.09562057754828837,0.398179206126226,0.0,0.0,0.08595495960116899,2.017532069068242,0.0,0.08884150675195451,0.0,0.0,0.0,0.0,0.0,0.0,0.09410878976096367,0.6359096255624328,0.0,0.0,0.0,0.0,0.17190991920233797,0.7220082088470599,2.0928317102959917,11.80952380952381,2.28275260125299,2.7594511497763836,3.404080524598225,0.7179423693704404,7.238095238095238,0.8434912348146061,2.28275260125299,4.20837699704885,24.211808561808564,1.947769300003897,18.04224941781461,16.385310723997495,12.951683988328433,17.095991803192458,18.11385449235683,19.42327787312486,0.0016676464433819395,0.001814546707697122,2018,5
2018-06-01,43,3.473163484502964,0.6239198093634382,1.460674238930781,0.0,0.8909293465560089,1.4351487207077371,0.967533263171611,0.2701023687977744,0.33068331295424785,0.15503875968992248,0.0,0.09771350400625367,0.3258675229299465,0.0810307106393323,0.0,0.0,1.192974172807231,0.7743994761718771,0.37922627392762986,0.4669130643307714,0.0,0.0,0.24267695766690744,0.0,0.0,0.0,0.3812428516965307,0.0,0.21003721878481854,0.0,0.3832255056245264,0.0,0.867411514521436,0.0,0.0,0.0,0.0,0.0,0.0,0.4669130643307714,0.2163750862119484,0.10382059800664452,0.0,0.10382059800664452,0.2576880483857228,0.68084165826114,0.13842746400885933,0.10382059800664452,0.2543709520453707,0.8810804231958179,0.0,0.0864528399757932,0.0,0.0,0.0810307106393323,0.0,0.0,0.0,0.18907165815844207,0.10867202782003912,0.103359173126615,0.0,0.11865211200759374,0.0,0.0864528399757932,0.538216300140165,3.0843153565421226,11.744186046511627,2.152356141682969,2.7598096663647014,3.2863154866834536,0.6105354248189149,6.5813953488372094,0.8454568926679055,2.152356141682969,3.8397476908633923,25.76333801857058,1.9537655604297381,15.001833675519135,17.08793924061662,13.144504562957103,17.77431963884834,18.917392783976045,20.356722771640104,0.0040576388759857316,0.001986125906646616,2018,6
2018-07-01,38,3.3337675157144857,0.5475708502024291,1.4763682424785924,0.0,1.0803331640397207,0.5041122315753948,1.673549442915381,0.384602199196085,0.24946391796352518,0.4435106820176113,0.0,0.0,0.3964308499809624,0.0,0.09856100926473486,0.0,0.783939755181594,0.8613375157483352,0.7499877035212478,0.0,0.0,0.0,0.0,0.42105263157894735,0.1265182186234818,0.0,0.0,0.0,0.3023864007845701,0.0,0.0,0.0,1.1739818416940224,0.0,0.0,0.0,0.0,0.0,0.0,0.0,0.2589836134004612,0.23084025854108953,0.0,0.5905092920981698,0.16144656118824668,0.24868070798113295,0.0,0.0,0.09398496240601503,1.673549442915381,0.0,0.0,0.0,0.0,0.0,0.0,0.0,0.09856100926473486,0.28604118993135014,0.13092432573972243,0.11853959222380275,0.0,0.0,0.0,0.13635124079629124,0.13092432573972243,2.844552296159118,11.31578947368421,2.142493822148341,2.7029888902233385,3.1753422488490233,0.5785969400567316,5.394736842105263,0.6757321714801667,2.142493822148341,4.213465311969991,22.616723627249943,1.950936406747364,17.09899305707848,16.26403553728902,12.800619865251354,17.063780704633107,17.408507495661798,19.512685859968382,0.0031591550151336286,0.0018122399884419316,2018,7
2018-08-01,40,2.713263792561858,0.2519167579408543,1.6208812104735835,0.0,0.44572400892911573,0.6300841828280868,1.2091169628809433,0.13020833333333331,0.3824522968940445,0.12135922330097086,0.0,0.0,0.11061946902654866,0.0,0.0,0.0,1.3535379149987006,1.1277471852356378,0.0,0.0,0.0,0.0,0.1004016064257028,0.0,0.15151515151515152,0.0,0.0,0.0,0.10460251046025104,0.0,0.1004016064257028,0.16339869281045752,1.252478400777172,0.0,0.0,0.0,0.0,0.0,0.0,0.0,0.12135922330097086,0.1445086705202312,0.1798561151079137,0.0,0.0,0.5346643354998424,0.09541984732824427,0.0,0.0,1.2091169628809433,0.0,0.0,0.0,0.0,0.0,0.0,0.0,0.0,0.13020833333333331,0.2634046778464254,0.11904761904761907,0.0,0.0,0.0,0.0,0.5796754252019551,2.7048006686655848,11.35,2.1256931048907677,2.751098952611125,3.3736490339374874,0.5903833093826879,6.35,0.8646291920477296,2.1256931048907677,3.936706660604108,25.94444083694084,1.946554832086094,16.920186381908263,16.683914003722784,13.24063685495899,17.297899191177315,18.63448781344813,19.917992576192944,0.0020546909725811914,0.002196553736762192,2018,8
2018-09-01,60,3.174949741492697,0.49561087647769947,1.4521175673714395,0.0,0.9301665845065529,0.7126296622808729,1.5121299925932319,0.46218659041347804,0.33956254321587026,0.1546524615516797,0.0,0.0,0.1972386109650608,0.0,0.18957003243868675,0.0,0.47637044460134265,0.8182672821968175,1.0311605466213316,0.30769036311777787,0.0,0.0,0.0,0.21681657230025356,0.17591364574123194,0.0,0.102880658436214,0.0,0.768775854400636,0.0,0.06587615283267458,0.0,0.6174655601381289,0.0,0.0,0.0,0.0,0.0,0.0,0.30769036311777787,0.061274509803921566,0.09578544061302681,0.0,0.46541627097182653,0.0,0.46748576136311465,0.16762452107279693,0.0,0.07751937984496124,1.3829310261849632,0.0,0.12919896640826872,0.0,0.0,0.0,0.0,0.13266633106804263,0.18957003243868675,0.13995022690674866,0.33956254321587026,0.0,0.0,0.0,0.0,0.1773049645390071,0.8216918711270745,2.878600329897264,11.666666666666666,2.12764250557879,2.755728298687323,3.3179236815759316,0.6643077613504931,6.333333333333333,0.8471290170342999,2.12764250557879,3.9402645113375074,24.446162263662263,1.9354268798333465,17.73391003573083,16.438656978100934,13.015277043054741,17.092153082075225,18.195762877974175,19.4852464273583,0.0029987153474700778,0.0024760133815927713,2018,9
2018-10-01,61,5.927907134946339,0.15148717317411792,0.9600319704022797,0.0,1.8418802829622176,0.45492799735263695,1.7419986245150558,0.4262381236104717,0.2216985229600129,1.0155098795328044,0.0,0.0,0.7948898509729361,0.0,0.2784815661351366,0.0,1.5052783081991152,0.7430734279197403,1.3739498404647947,0.21672426172181133,0.0,0.0,0.0,0.0,0.15148717317411792,0.0,0.0,0.0,0.1813797718700902,0.0,0.141633960336373,0.09209799226376864,0.5449202459320479,0.0,0.0,0.0,0.0,0.0,0.0,0.21672426172181133,0.49192336224818045,0.5486505702467951,0.08321544478655238,0.5013666439588784,0.0,0.17892746918783564,0.13556384777717218,0.0,0.14043668038762916,1.6265518454801908,0.11544677903486493,0.0,0.0,0.0,0.0,0.0,0.0,0.2784815661351366,0.14775655747533512,0.1563860025498503,0.0,0.06531252041016262,0.0,0.0,0.13274042609676778,0.5843136358623577,2.7314385515958075,11.491803278688524,2.1430632920927337,2.7469585561969896,3.2905513510178115,0.6791631833316708,6.672131147540983,0.7845301467902804,2.1430632920927337,3.4910997515990774,23.406714369419287,1.951259427996451,17.963009464500537,16.184205830633363,13.0227839543819,16.92690670416459,17.833881573826655,19.31693801279054,0.002242148214947362,0.0025757686054273567,2018,10
2018-11-01,66,3.502991001033191,0.14837641956286024,1.1097432568696466,0.0,1.0215780877075975,0.7165583571340537,1.821156540485297,0.6440717057285101,0.5144046954492663,0.45098988644713306,0.0,0.0,0.43816266782514185,0.18998225301733143,0.3805384082863479,0.0,0.8386238927031894,0.35186007813108333,0.6611383645057328,0.19169545011723138,0.0,0.0,0.0,0.14837641956286024,0.0,0.0,0.0,0.0,0.2548592424791391,0.0,0.20658016554049385,0.0,0.6483038488500138,0.0,0.0,0.0,0.0,0.0,0.0,0.19169545011723138,0.397004564505509,0.2556256687171134,0.07691124442393477,0.10034115994380895,0.15610794963021685,0.38523569351906944,0.0,0.0,0.17521471398476743,1.7547025266628622,0.0,0.06645401382243486,0.0,0.0,0.18998225301733143,0.0,0.0,0.3805384082863479,0.07355104442483083,0.3647153839313945,0.0,0.0,0.07355104442483083,0.07613826709304097,0.39835080403031725,0.5565915830769088,0.6692438370288866,10.833333333333334,1.9854195060053836,2.740231892762786,3.275590196647906,0.6162032168844469,5.636363636363637,0.7098457492663942,1.9854195060053836,3.093065325426391,23.09688430256612,1.9184969068821407,20.790465045474264,15.819156449181976,12.954119720905839,16.804479605821218,17.284650819648164,19.078551809612197,0.001984171641609185,0.0019196436357255984,2018,11
2018-12-01,56,3.2919350458285797,0.35210451019567846,1.083655362054086,0.0,1.2263330026211556,0.4175621069571278,1.3218217461385269,0.1818505646106317,0.19031422092646583,0.1982827543973055,0.0,0.0,0.4815289826892911,0.0,0.1818505646106317,0.0,1.2506551809515216,0.5227736255692933,0.5608377932172953,0.09600614439324118,0.0,0.0,0.0,0.289005065470792,0.06309944472488642,0.0,0.0,0.0,0.3082762376157154,0.11748120300751878,0.0,0.0,0.6578979214308519,0.0,0.0,0.0,0.0,0.0,0.0,0.09600614439324118,0.5488367205298343,0.3395844502443578,0.07901390644753477,0.16289178100618779,0.10088781275221954,0.24825612233846056,0.06841817186644773,0.0,0.0,1.137459858272795,0.06688068485821294,0.0,0.11748120300751878,0.0,0.0,0.0,0.0,0.1818505646106317,0.0,0.0,0.0,0.19031422092646583,0.0,0.0,0.37304953794879564,0.3778978441953887,2.4752873392156087,11.178571428571429,2.054457469511009,2.751293776611344,3.271794351838065,0.5847000619574253,5.910714285714286,0.7248450195824895,2.054457469511009,4.062916825413348,23.483987986220132,1.9480911891038526,18.695655224169336,16.109567903113902,13.16451342834965,16.88440183714008,17.650510985799432,19.261506835206,0.0021894896373270854,0.0012420762320847663,2018,12
2019-01-01,47,3.6593386210606216,0.3291253533221348,1.0876762945584577,0.0,1.6476718583803889,0.5096932844333845,1.661493296831897,0.0,0.3852810215950785,0.11081560283687943,0.0,0.0,0.36529691264315683,0.0,0.0,0.0,1.2533268721641904,0.9721785413058524,0.8463249028713761,0.11139578923916678,0.0,0.0,0.0,0.24633704303154785,0.08278831029058696,0.0,0.0,0.0,0.0,0.0,0.5024281636213309,0.0,0.5852481309371268,0.0,0.0,0.0,0.0,0.0,0.0,0.11139578923916678,0.6962954985060367,0.4331213524901207,0.0,0.4068592181450646,0.2540779892013107,0.18043297811306014,0.0,0.0,0.0751823171190136,1.5571962588677755,0.0,0.0,0.10429703796412183,0.0,0.0,0.0,0.0,0.0,0.0,0.16535467134957932,0.0,0.2199263502454992,0.0,0.0,0.5449788630920555,0.25833454339847944,5.090072858347007,11.404255319148936,2.130510421987042,2.7449388965420316,3.249555926111262,0.6049699154147861,6.382978723404255,0.7826585821956848,2.130510421987042,3.696341253456062,24.16021850489936,1.940689235971915,17.03487885160668,16.580727465658747,13.172284054794543,17.322454944229857,18.453865230931523,19.862099692827645,0.002639662112044823,0.0022181931028891614,2019,1
2019-02-01,67,3.5984868002054258,0.6761530493137847,1.1352017631020386,0.0,1.2170574899009914,0.824890235827453,1.7140608603751915,0.305870873361462,0.33211850666757997,0.059463637985371944,0.0,0.0,0.3154310659487793,0.0,0.305870873361462,0.0,1.3133143695500111,0.8685574815179358,0.48040988175980215,0.2554394900820633,0.0,0.0,0.0,0.16177730024645964,0.13653536827142485,0.0,0.2630298182241436,0.1148105625717566,0.12540342043744496,0.0,0.21227397847135462,0.0,0.7975243641932388,0.0,0.0,0.0,0.0,0.0,0.0,0.2554394900820633,0.44247442900911066,0.1639424456246538,0.16384338179883068,0.19135774338633285,0.05762692329856509,0.48634828015116227,0.2027717175383101,0.0,0.0781433148394155,1.7140608603751915,0.0,0.0,0.0,0.0,0.0,0.0,0.0,0.305870873361462,0.0,0.33211850666757997,0.0,0.0,0.0,0.0,0.41576350913823745,0.4823939497835241,2.01866879394574,11.746268656716419,2.3148448360933864,2.761134503445766,3.3642482968836407,0.6657707103761774,6.492537313432836,0.7942128928485035,2.3148448360933864,2.7135126580555133,24.184940826172166,1.934372708163005,17.46323565189859,16.425740022981543,13.245317149406738,17.267588401940362,18.28594338597322,19.779226849819757,0.0025089972849055026,0.002229384805455874,2019,2
2019-03-01,48,3.725892195665202,0.8688442751258396,1.2683105529880399,0.0,1.1033364063277753,1.2499175697332359,1.9885783111350257,0.4078100881077773,0.49038113212990625,0.23068094486915017,0.0,0.0,0.5425813603341553,0.0,0.10964912280701754,0.0,1.036648490687533,0.5983335476532878,0.7984225685274784,0.4095761607865794,0.09873617693522907,0.0,0.0,0.2017477116045284,0.3490621409720471,0.0,0.21929824561403508,0.0,0.12703252032520326,0.0,0.4507775079268704,0.0,0.6905005247359662,0.0,0.0,0.0,0.0,0.0,0.0,0.4095761607865794,0.3866576374780782,0.17850178501785016,0.0,0.1286008230452675,0.0,0.9521200220856282,0.0,0.0,0.29779754764760763,1.8341414510667662,0.0,0.08333333333333333,0.07110352673492605,0.0,0.0,0.0,0.12254901960784313,0.10964912280701754,0.17561194569291663,0.26909593558683403,0.12254901960784313,0.0,0.0,0.09873617693522907,0.397956082364562,0.7333085132787293,1.0450882427756192,11.104166666666666,2.0441838104678007,2.7777308266761556,3.3547141859999905,0.6550783647257375,6.854166666666667,0.8415615372429732,2.0441838104678007,3.793432661585024,23.74211037804788,1.933719871409678,19.334858010384174,16.207048520029566,13.066241218232237,16.990476217030942,17.81366645797407,19.29827228787668,0.002822939938399757,0.0028825405766947313,2019,3
2019-04-01,57,3.735063613482749,0.18807101983909372,0.8076510721772018,0.0,1.4212584042763403,0.9711356823070777,1.452937511005142,0.7864183392516039,0.29319986491548267,0.38117200075346536,0.0,0.0,0.43440510396574317,0.13599891200870393,0.15903882460036625,0.0,0.6409807797696957,0.738779864291818,1.0086608192311355,0.2360273088618211,0.0,0.0,0.07340527049842178,0.11466574934067193,0.0,0.0,0.0,0.0,0.25668021938225005,0.0,0.08905512512245078,0.0,0.4619157276725009,0.0,0.0,0.0,0.0,0.0,0.0,0.2360273088618211,0.6609136794874819,0.4096516665863654,0.0,0.11466574934067193,0.1933436761805269,0.46032257520851516,0.08236553825879253,0.0,0.2351038926592431,1.452937511005142,0.0,0.0,0.0,0.0,0.13599891200870393,0.25425883549453343,0.0,0.15903882460036625,0.23712176714800018,0.22546295507330963,0.06773690984217301,0.0,0.0,0.0,0.4537994784124629,1.1756300357537108,3.4554602467377626,12.035087719298245,2.372837383532124,2.7685200587540555,3.310016415090031,0.6660208787920876,6.245614035087719,0.8032457199219462,2.372837383532124,4.222892481333374,24.43660467213099,1.934408990366943,17.868199300684118,16.495966929213562,13.121435547621488,17.037758381816527,18.283203919400528,19.336543725005942,0.001233677214971293,0.002472181425244561,2019,4
2019-05-01,53,2.6804851921098867,0.2857355151079495,2.2213448711358694,0.0,1.2297413463303466,0.567331817904267,1.5242750419183788,0.2762384691366292,0.6666507027409467,0.23290227477355932,0.0,0.0,0.17086886045863664,0.0,0.2762384691366292,0.0,0.7163620053867937,0.12017786323759164,0.9432942296551816,0.22064148946149442,0.0,0.0,0.0,0.1283532280836863,0.15738228702426318,0.0,0.0,0.0,0.24913560598548296,0.1546551190844417,0.6976204732770672,0.0,1.1199336727888773,0.0,0.0,0.0,0.0,0.0,0.0,0.22064148946149442,0.42280704832333127,0.2636227872076929,0.1429388221841052,0.17973119915372282,0.0,0.4757399512620249,0.0,0.09159186664224216,0.0,1.2903741958144939,0.0,0.15782050526395802,0.0,0.07608034083992696,0.0,0.0,0.0,0.2762384691366292,0.0,0.5529885067873209,0.0,0.0,0.11366219595362582,0.0,0.5730566635886815,0.6410987408063021,2.8137211852432635,11.773584905660377,2.3092585405676136,2.7606209480452226,3.3538227535127043,0.6152902400847102,6.3584905660377355,0.744945568987888,2.3092585405676136,3.425995463359644,24.677766468332507,1.9336969339664674,17.65427998712559,16.513083044644162,13.131122735854612,17.227964980578136,18.502134503480725,19.678009889431248,0.0036780611234008688,0.003326156710491369,2019,5
2019-06-01,64,3.1935657319632913,0.7527577875691541,0.8893260857264665,0.0,1.0130601165925377,1.2005367419206758,1.5221074136103157,0.2100840336134454,0.33655186614832694,0.1508246527777778,0.0,0.0,0.431863302840646,0.0,0.2100840336134454,0.0,1.2980719479737723,0.28335004525287505,0.6685470967269972,0.1508246527777778,0.0,0.0,0.13749402199904354,0.39965986394557823,0.21560390162453236,0.0,0.0,0.0,0.28215536181029244,0.0,0.14810908420458982,0.0,0.4590616397115843,0.0,0.0,0.0,0.0,0.0,0.0,0.1508246527777778,0.4592898822220206,0.15830138259556176,0.0,0.24464419899717743,0.08928571428571429,0.5172829022650263,0.0,0.2232142857142857,0.3707538396556496,1.3658574136103157,0.0,0.0,0.0,0.15625,0.0,0.0,0.0,0.2100840336134454,0.0,0.187530965174301,0.0,0.06764069264069264,0.0,0.08138020833333333,0.07102272727272727,0.2581503926554142,2.154334610339072,11.6875,2.338384004859433,2.7559093077801227,3.381700906132562,0.6660849304109484,6.609375,0.8546433626579196,2.338384004859433,3.4763189508920798,23.999422886141637,1.9528213047248384,16.93545780975858,16.566335358072703,13.019205174625508,17.262241550467124,18.261764858299138,19.637658501016702,0.003483350347593884,0.001992961034370834,2019,6
2019-07-01,51,2.9955851643735047,0.8240555071856049,0.9151306042447062,0.0,1.3988144705570897,1.1897096516803702,1.548368223637615,0.38544544872603836,0.7622454399926413,0.1697427044475881,0.0,0.0,0.16352231793054245,0.0,0.19273270471370474,0.0,0.94827530948547,0.5780686945808301,0.7439522472069154,0.19929118600845352,0.0,0.06832001093120174,0.0,0.24859491421169136,0.39759955892955595,0.0,0.10954102311315587,0.0,0.1431229426077,0.0,0.154168102619568,0.1441753171856978,0.47366424183174033,0.0,0.0,0.0,0.0,0.0,0.0,0.19929118600845352,0.4052388227121064,0.7097678965897414,0.0,0.08451656524678836,0.0,0.8505747024223019,0.0,0.0,0.3391349492580683,1.548368223637615,0.0,0.0,0.0,0.0,0.0,0.0,0.11671335200746964,0.19273270471370474,0.07599939200486396,0.6199335681661379,0.06832001093120174,0.0,0.07399186089530152,0.0,0.34757547999811733,0.8852297400778193,2.835249528761859,11.215686274509803,2.0553158292829203,2.7507146880252225,3.337070829627539,0.6649869476168078,6.8431372549019605,0.8372651546327856,2.0553158292829203,4.199257529053025,23.87950872656755,1.9238999923435607,20.564684941342687,15.740662896178403,13.100271023153217,16.52427471943837,17.239758532933134,18.766982881050932,0.0033794035634755874,0.0022547525818671305,2019,7
2019-08-01,61,3.524372202715315,1.5508450306893447,1.99990684512649,0.0,0.6177625240920985,0.48345864978773717,1.958939528024288,0.24838549428713363,0.3833635334082639,0.0,0.09935419771485345,0.0,0.46160641123894214,0.24838549428713363,0.0,0.0,1.2817334832000131,0.7550240395433303,0.5783085607374401,0.09996001599360256,0.0,0.0,0.0,0.3216160865078619,0.4065787507001729,0.0,0.7430703749232961,0.07957981855801369,0.09996001599360256,0.0,0.46401554799845224,0.08673779165582444,1.349193489478611,0.0,0.0,0.0,0.0,0.0,0.0,0.09996001599360256,0.17514361776656862,0.06802258349772125,0.19184114207182826,0.08279516476237789,0.0758955676988464,0.40756308208889075,0.0,0.0,0.0,1.8812454871572224,0.0,0.0,0.0,0.0776940408670655,0.24838549428713363,0.0,0.0,0.0,0.0,0.32309352376506234,0.0,0.06027000964320154,0.0,0.0,0.4041335673836938,0.8370715838464203,3.3313967183749904,11.967213114754099,2.4244490195843484,2.746500973317145,3.222061733977831,0.6207573768783703,5.786885245901639,0.781488260131842,2.4244490195843484,3.6492166187431314,23.38200506233293,1.9192799803413834,20.627707401974703,15.888773625178821,13.06133345568186,16.81495199384535,17.576819583722962,19.028211573501043,0.002561679551171428,0.0025906601364984153,2019,8
2019-09-01,70,3.3148118202849464,0.5015897000308107,1.0841078808988212,0.0,1.2998472774172178,0.5484083123739479,1.3994784760674495,0.12120377033033769,0.4864905676678271,0.5601952778772811,0.12618959987381043,0.0,0.20621701047352525,0.0,0.12120377033033769,0.0,1.0912212173304567,0.22542474646725735,0.8687119368615849,0.11564826107069262,0.0,0.06675567423230974,0.0,0.2041329739442947,0.23070105185420628,0.0,0.0,0.0,0.2554871324164921,0.0578368999421631,0.0670690811535882,0.0,0.7037147673865779,0.0,0.0,0.0,0.0,0.0,0.0,0.11564826107069262,0.5271341171687952,0.4114606648931182,0.11572356215213357,0.12988067213247828,0.13754826254826255,0.2677101815521228,0.0,0.06675567423230974,0.07639419404125286,1.3399546665436397,0.0,0.05952380952380953,0.0,0.0,0.0,0.0,0.0,0.12120377033033769,0.0,0.2794565786653545,0.05830903790087464,0.09041591320072333,0.05830903790087464,0.0,0.0,0.2361971574344023,2.797172114957548,11.928571428571429,2.3560885770235016,2.7652873595563245,3.30991425534023,0.655737016264762,7.3,0.8589366463686451,2.3560885770235016,4.140772180400428,23.579513779870922,1.9470364965141718,19.926010024830255,15.845144043943645,13.092764616739803,16.671152164011122,17.35524089618706,18.90168492029379,0.0020869416854673683,0.0018219351362686637,2019,9
2019-10-01,87,3.000019983519359,0.3602116406245966,1.6237599932392,0.0,1.0907790316707537,1.0425806542048748,1.7375664849817383,0.4506731647560307,0.3285595430080721,0.29037907486021886,0.0,0.0,0.058346461287122925,0.0,0.25488162764005173,0.0,0.9130027206275539,0.5566602717406106,0.8203215600159931,0.10642826734780758,0.0,0.04321147696828278,0.0,0.15599947541871315,0.07512583577492299,0.0,0.041495497738495375,0.044379354724182314,0.2797118716771667,0.0491207387759112,0.07274843590862796,0.0,1.222178946877494,0.0,0.0,0.0,0.0,0.0,0.0,0.10642826734780758,0.43477831395720784,0.35078118986848855,0.06721785306177319,0.13157340743547638,0.33564907431986213,0.6327751097329921,0.0,0.0,0.07415647015202076,1.5591761979868404,0.08451656524678837,0.052968907251443396,0.0,0.040904814496666254,0.0,0.0,0.04455136772698921,0.25488162764005173,0.1512401693889897,0.234344355519849,0.0,0.0,0.0,0.09421518748822312,0.15140916734343848,0.8172071538819489,2.059859801546173,11.64367816091954,2.1894761478528046,2.769860799096102,3.330983718834991,0.631787040003475,6.551724137931035,0.7992148051805393,2.1894761478528046,3.6110129584031383,23.646614337131577,1.9269579813454847,20.71064443559721,15.754252981906715,13.117589861310883,16.6276107648003,17.45665567326702,18.808664714585383,0.0017202512055670125,0.002514807703544642,2019,10
2019-11-01,88,3.7465624285884704,0.5602665706216828,1.9773077525715494,0.0,0.9255473368914374,0.8270257950923738,1.8341497590291076,0.24804179528493348,0.2967387506246911,0.17845749115177156,0.0,0.0,0.36991274127429447,0.0,0.1236090621565482,0.0,1.1626340631809784,0.43052384210955874,1.3635697608291117,0.11785546788620752,0.0,0.042401628222523746,0.12135796651944059,0.1644854519538013,0.09383600021050222,0.0,0.08877840909090909,0.04940711462450593,0.16143977513113728,0.0,0.460729922890601,0.0,1.3551380545498115,0.0,0.0,0.0,0.0,0.0,0.0,0.11785546788620752,0.3872161589285881,0.16746670394995752,0.09962828343903092,0.1533807226876534,0.13238221632382216,0.6383879532059954,0.0,0.056255625562556255,0.0,1.791748130806584,0.0,0.042401628222523746,0.0,0.0,0.0,0.0,0.0,0.1236090621565482,0.1244327331283853,0.14337568704560594,0.0,0.1079085181245397,0.0,0.045454545454545456,0.3732943258294231,1.1018835368772528,3.140355011975852,11.363636363636363,2.1677867370065793,2.786875263479808,3.329747280092939,0.6354938261716842,6.409090909090909,0.7701855892304585,2.1677867370065793,3.3892322769950316,24.093677250779525,1.9475697767383913,16.817792270574966,16.594603000571286,13.279357296497786,17.284538126179168,18.3448946646368,19.757079644309304,0.0021598387927072456,0.0027045667716987893,2019,11
2019-12-01,72,3.9967952715314983,0.5613650820266957,1.3751797214874562,0.0,1.088254472244753,0.8649092825147703,1.195057524425534,0.6137742016943094,0.3470601560521344,0.2925171924223158,0.0,0.0,0.23041558709132343,0.0,0.40631860611106135,0.0,0.7704882305857743,0.8313302861187903,1.2625154741131508,0.2032098950890822,0.0,0.0,0.0,0.15531061314771996,0.18360980198986432,0.0,0.22244466688911135,0.0,0.2632667862507788,0.062003968253968256,0.28943480560710816,0.06841817186644773,0.6920559895091531,0.0,0.0,0.0,0.0,0.0,0.0,0.2032098950890822,0.23297161800248223,0.3355280920421163,0.0,0.31654486711107227,0.12626262626262624,0.6078858123106071,0.0,0.0,0.130760843941537,1.0498318557137305,0.08122157244964262,0.0,0.06400409626216078,0.0,0.0,0.05489679402722881,0.0,0.40631860611106135,0.15255880155601925,0.26237180916866554,0.0,0.08468834688346884,0.0,0.0,0.23215556849802624,0.29868409443942284,1.8792446760793393,12.0,2.3434526222813106,2.7479622434132445,3.2882645944609474,0.6438456283792499,6.611111111111111,0.822507858322318,2.3434526222813106,3.6437865256249213,24.506836720378388,1.9813851349407092,15.107986799427993,16.836052906134928,13.298465592333223,17.44714006419134,18.4613249366321,20.09185136040476,0.0018092776442575073,0.0023672368764215313,2019,12
2020-01-01,63,3.683186108124119,0.8752706824538965,1.2106753712636507,0.0,0.765353197634137,0.7348915536991333,1.6074826974879644,0.49442775296935176,0.22511877240063627,0.2057719633755053,0.0,0.0,0.41031835385721177,0.0,0.397641070816816,0.0,0.6132705739564295,1.1131379059542086,0.9430462401639477,0.0,0.0,0.0,0.0,0.4854676235563469,0.06871435442864014,0.0,0.21383859721880225,0.10725010725010725,0.13118194936376756,0.0,0.05608839531101015,0.0,1.0234050265888732,0.0,0.0,0.0,0.0,0.0,0.0,0.0,0.21849944139971997,0.24584084820167687,0.0,0.30101290803274017,0.20814819404199406,0.46985082964632957,0.0,0.0,0.05689253001080958,1.536621019483429,0.0,0.0,0.07086167800453515,0.0,0.0,0.0,0.09678668215253582,0.397641070816816,0.0,0.14535487354126003,0.07976389885937625,0.0,0.0,0.0,0.18723586369229123,1.079433419972971,1.3546754509707104,11.80952380952381,2.3719795049576686,2.758165307152179,3.340844313875794,0.5931822913586343,6.476190476190476,0.7692084029498766,2.3719795049576686,4.091864749304949,25.06763593549308,1.9269160505555987,18.134470453032606,16.504076498412168,12.98409490406816,17.333393213970286,18.088223000650125,19.750313251934465,0.0027317513323725715,0.0017851777693476476,2020,1
2020-02-01,70,4.833044736151435,0.7083442708911493,1.1151574599033969,0.0,0.7810837998083998,0.6514708353743255,1.845626521074541,0.6778874438198218,0.3826172692634134,0.25431309972270527,0.07598784194528875,0.0,0.32954785733606773,0.0,0.5294267468359181,0.0,1.2624415031488274,0.21115530317008424,1.8876123916576732,0.2825599923348702,0.0,0.07598784194528875,0.0,0.15904432035060434,0.0673854447439353,0.0,0.2916409495656066,0.11428571428571428,0.11630912380460066,0.0,0.09523809523809525,0.0,0.9036102408607009,0.0,0.0,0.0,0.0,0.0,0.0,0.2825599923348702,0.10660980810234542,0.2366344962655941,0.0,0.15527950310559008,0.0,0.387781556273247,0.17814607978542407,0.0,0.0855431993156544,1.6825694283187396,0.0,0.09337068160597572,0.06968641114982578,0.0,0.0,0.0,0.0,0.5294267468359181,0.1484606969839037,0.19005457287271404,0.0,0.13609742253412108,0.0564652738565782,0.0,0.20078206721285005,0.992803251424092,2.923472776669394,11.571428571428571,2.2264539057988664,2.762237988511899,3.352210731625292,0.6218143001774822,6.328571428571428,0.7533895786950919,2.2264539057988664,2.836387127795339,23.846804425732994,1.9429223034892629,18.225076967005787,16.173572849200998,13.052863607162625,16.944174172506116,17.973251881225547,19.242855384514364,0.0018226867901994356,0.0025310315669980067,2020,2
2020-03-01,76,4.353947068954416,0.6654325409731966,1.182777801698218,0.0,0.7316953758962428,0.8452321175728412,1.1975987232917074,0.4127265041714234,0.41142854328892314,0.49510202465223135,0.07649938800489596,0.058479532163742694,0.39409933203447184,0.04537205081669691,0.36735445335472644,0.0,1.2853006008357197,0.6024196231336513,0.7386271455040545,0.29069291845422535,0.0,0.0,0.0,0.228494623655914,0.35953853651232903,0.0,0.07739938080495355,0.0,0.13175921495106552,0.0,0.35682168808749565,0.0,0.6941968986596568,0.0,0.0,0.0,0.0,0.0,0.0,0.29069291845422535,0.14253747356159763,0.1255073449851399,0.0,0.17295763889527982,0.09383878496742597,0.5452610750295692,0.05926979611190138,0.0,0.14686246146394466,1.1975987232917074,0.0,0.0,0.0,0.0,0.04537205081669691,0.0,0.0,0.36735445335472644,0.0,0.33952747915317394,0.0,0.0719010641357492,0.0,0.0,0.16552075375604788,0.8174354786327316,1.8405278071983247,11.552631578947368,2.1739644321084084,2.7732127941518194,3.3122912747085786,0.6385906280524675,6.828947368421052,0.7718927474821795,2.1739644321084084,3.1123475714523234,23.566526163894583,1.9379262842526308,18.8548588341804,16.095535629491582,12.927264809309104,16.95513606172623,17.662707220789787,19.245009870053423,0.003014502227809377,0.0026998847319792815,2020,3
2020-04-01,72,4.210860525723667,0.31560465535502147,2.0338478506991473,0.0,1.1126623186954956,0.7936859164993595,0.9337047662045285,0.5325915948715108,0.2759356219859979,0.15774971888148262,0.0,0.0925925925925926,0.21762769964208814,0.0,0.3769593716355011,0.0,1.7522012826101139,0.673328683801361,0.8030816536477844,0.13731952291274327,0.0,0.0,0.0,0.14203156193007588,0.11396412823658124,0.0,0.059608965188364324,0.0,0.6801786698058028,0.0,0.2562115990964947,0.0,1.0974575817968497,0.0,0.0,0.0,0.0,0.0,0.0,0.13731952291274327,0.26611284267659496,0.3214082006588964,0.0593542260208927,0.3284675264263681,0.0,0.5231204753717192,0.10521885521885523,0.05068937550689376,0.11465721040189125,0.9337047662045285,0.0,0.0,0.0,0.0,0.0,0.0,0.05068937550689376,0.3769593716355011,0.10494284772911598,0.1706200582605077,0.054253472222222224,0.0,0.05106209150326797,0.0,0.2042483660130719,1.0812348506962057,2.378255770190573,11.805555555555555,2.3764331264881733,2.7469940062295755,3.4379139337893427,0.6858585895272219,6.388888888888889,0.7881322427626378,2.3764331264881733,3.212916593487937,25.254638147346483,1.9168718535625762,17.8192682054314,16.675820839642487,13.15325696446973,17.37769395563429,18.58823647254117,19.877578036392197,0.0028479130005365223,0.001962330171369558,2020,4
2020-05-01,82,3.659476736043044,0.7039689175527418,1.6813055295424741,0.0,1.125796171934364,0.46003569359368607,1.5002481558308187,0.6872215137106255,0.12845750892529445,0.20613570180306473,0.0,0.04917387883556255,0.4121115819494767,0.0,0.5187053921907524,0.0,0.8376870733958078,0.4370918779748197,1.1548611153730597,0.04371011452050005,0.0,0.061904172341215785,0.060371890847621346,0.057254093667697244,0.36005457195818896,0.0,0.16438418873801844,0.0,0.0483933410762679,0.0,0.2779497826959949,0.12195121951219512,1.2330111862580162,0.0,0.0,0.0,0.0,0.0,0.0,0.04371011452050005,0.6611971336771765,0.06351626016260162,0.07390983000739099,0.28346283356669505,0.12276577918450939,0.3372699144091767,0.0,0.0,0.0,1.3638042873222804,0.0,0.13644386850853857,0.0,0.0,0.0,0.0,0.057254093667697244,0.5187053921907524,0.11126202785217573,0.07173601147776183,0.0,0.05672149744753262,0.0,0.0,0.20789352735430897,0.4379619928599185,1.8986414596243177,11.5,2.1458590361801817,2.749989413479414,3.279602345299018,0.6201800027259706,6.390243902439025,0.7990934595604878,2.1458590361801817,3.656364187251848,23.941456172553732,1.953114999912965,16.886843354570466,16.48641736580984,13.15831993123295,17.21686693460666,18.29415388333218,19.634983747558692,0.0018989454178597,0.0019549926790778374,2020,5
2020-06-01,81,4.191656445046745,0.7258099509505134,1.231437532019902,0.0,1.1407249726488657,0.41083795570953474,1.7056287310148057,0.2996031597878112,0.4186675297402378,0.275581581634709,0.11836467153126508,0.0,0.45284854698605354,0.0,0.2405329252789802,0.0,1.2723253581373246,0.6797713781914935,1.1522319832869197,0.0,0.0,0.0,0.07863489816780687,0.38432881570136473,0.1648646576182808,0.0,0.0,0.09798157946306094,0.25246814624759395,0.06897027381198703,0.10313184944041821,0.07305135510263716,0.7338159074172655,0.0,0.0,0.0,0.0,0.0,0.0,0.0,0.32238764116919616,0.4527574430956665,0.047666714333381,0.3179131740506222,0.1500768657631403,0.21016404481383016,0.0,0.050597045132564265,0.0,1.4169104637675745,0.06172839506172839,0.22698987218550284,0.0,0.0,0.0,0.0,0.0,0.2405329252789802,0.059070234508831004,0.4186675297402378,0.0,0.0,0.0,0.0,0.5584285098829028,0.36318873073967123,3.682622416551771,11.469135802469136,2.1770740764256544,2.773405932373613,3.3677194245955167,0.7209278975730025,7.222222222222222,0.8835384794166142,2.1770740764256544,3.6654493743138814,24.241463440537515,1.9270183922156046,19.46616621980945,16.072197479341206,13.102645338189413,16.949828421967567,17.812617689657092,19.181263248789804,0.0024361291325110538,0.002276007853216328,2020,6
2020-07-01,76,3.3679017348707063,0.6836501481292937,1.53171056893497,0.0,0.41008310496373146,0.9736146338624392,0.8671325595910792,0.27566935382369584,0.5127610701244202,0.4040997426103563,0.05720823798627002,0.0,0.6925131354345812,0.0632591093117409,0.14791076050782695,0.0,0.5348374908442265,0.6688872360301881,0.6387025019614251,0.1604835201840913,0.0,0.0,0.08434547908232118,0.19916215995977254,0.29814332508067204,0.0,0.10199918400652794,0.0,0.4217015633798673,0.0,0.5037670395713745,0.0,0.6062419659837284,0.0,0.0,0.0,0.0,0.0,0.0,0.1604835201840913,0.09893153937475267,0.09845417740154583,0.0,0.052213868003341685,0.09466111321469141,0.6728004422259208,0.0,0.09466111321469141,0.11149196520713549,0.7195279711970171,0.0632591093117409,0.08434547908232118,0.0,0.0,0.0632591093117409,0.0,0.0,0.14791076050782695,0.06449948400412797,0.4558004868480474,0.0,0.056960583276372746,0.0,0.0,0.21222410865874364,0.48763279772459056,2.1138820808402348,11.986842105263158,2.4509668766028017,2.7820363840698157,3.3251435065538,0.6532721524665225,6.131578947368421,0.7933747058917292,2.4509668766028017,2.3275711430094415,24.26031015767858,1.9269967018006529,19.055030072862092,16.20871775580201,12.975956059316227,16.95134666035878,17.94308703337839,19.291079329304793,0.002611035707941816,0.00241330387085678,2020,7
2020-08-01,57,3.5837055389732693,0.26565817613610265,0.48502382480533596,0.0,1.247080094689566,1.4135397303197523,1.5889021921062505,0.19067276033220307,0.20045636489565133,0.6380390037977587,0.0,0.0,0.5938757212456356,0.0,0.19067276033220307,0.0,0.852770358146222,0.50462349984735,0.6493527597681331,0.15437143583596674,0.0,0.0,0.0,0.19945493217714863,0.066203243958954,0.0,0.0,0.0,0.17041955749484064,0.0,0.0,0.0,0.3146042673104953,0.0,0.0,0.0,0.0,0.0,0.0,0.15437143583596674,0.495158190149272,0.20134886821631975,0.10319917440660474,0.29300242608140276,0.4266261088538523,0.9869136214658999,0.0,0.0,0.0,1.5889021921062505,0.0,0.0,0.0,0.0,0.0,0.0,0.0,0.19067276033220307,0.0,0.20045636489565133,0.0,0.0,0.0,0.0,0.527420829763071,0.38336573946303315,2.2122117769631684,11.578947368421053,2.2816724261618453,2.7504837099097057,3.296334700263035,0.6784374919306629,6.5964912280701755,0.7809827723251802,2.2816724261618453,3.819056243564545,23.42119488698436,1.941507104783515,18.65136766475821,16.1814122817916,13.28699841130942,16.852487273998097,18.034769924394652,19.14982197843169,0.002452219775474848,0.002561984851891548,2020,8
2020-09-01,60,3.1425654800481344,0.44118409148213245,1.988981238096938,0.0,0.2783068093776796,1.37881544629201,1.2410209980714881,0.14030955979706375,0.4219322388699807,0.30181053845022976,0.0,0.0,0.5557251552247217,0.0,0.14030955979706375,0.0,1.4562641751952994,0.34905218640813335,0.27326629883512066,0.06613756613756613,0.0,0.0,0.09416195856873824,0.26066634707574304,0.08635578583765112,0.0,0.0,0.0,0.5244275881431787,0.08912655971479501,0.20803298176391738,0.0,1.1673941084750472,0.0,0.0,0.0,0.0,0.0,0.0,0.06613756613756613,0.08771929824561403,0.12444994499449945,0.0,0.0,0.4528089035164737,0.6855050539533342,0.07246376811594203,0.0,0.16803772070626002,1.1320885361978497,0.0,0.10893246187363834,0.0,0.0,0.0,0.0,0.0,0.14030955979706375,0.0,0.0697350069735007,0.200302343159486,0.0,0.151894888736994,0.0,0.48007615939072484,0.05500550055005501,3.8843924984381135,11.266666666666667,2.160982490741093,2.7532424359756646,3.2947533091622727,0.6482655265269011,6.05,0.7647830442454333,2.160982490741093,4.104166811689837,23.922811447811448,1.9585916890817776,15.737058284313438,16.63546881440138,13.177711701093488,17.202127667377646,18.43325393386328,19.624882528808335,0.0016792452564147117,0.0018454852142709933,2020,9
2020-10-01,90,3.8735140101183325,0.8271026578220901,1.0870347696800537,0.0,1.3099008843973894,0.8073976713352777,1.6353848384118386,0.5656694366671774,0.5378302225593049,0.1529418023193957,0.0805248117076074,0.0,0.40799386254657816,0.04240882103477523,0.267502603542734,0.0,1.0174859845269464,0.5018425284198125,1.227075128897259,0.17573846712322447,0.0,0.0,0.04938271604938272,0.17027074751132631,0.1419621401399867,0.0,0.4654870541213944,0.0,0.45223167566223327,0.09917376660677601,0.11269953130418246,0.0,0.4229297961068619,0.0,0.0,0.0,0.0,0.0,0.0,0.17573846712322447,0.42907187427531424,0.3438385959139559,0.04240882103477523,0.31884312605011955,0.08694298975628899,0.4660183894562109,0.1278059655596556,0.12663032656312226,0.0,1.5934561172378343,0.0,0.041928721174004195,0.0,0.0,0.04240882103477523,0.0,0.19333603955533615,0.267502603542734,0.06242197253433208,0.39592660054088175,0.03741114852225963,0.10449247349616352,0.0,0.0,0.12861534600665037,1.0543257616587007,2.1774243690167165,11.655555555555555,2.2403802415226584,2.7602777495985626,3.3759383350400363,0.6625518374039513,6.322222222222222,0.7994377562399594,2.2403802415226584,2.931994186897553,24.821532418199084,1.9414139352786597,16.915898972240864,16.556961916966166,13.171853148296458,17.34798259676923,18.35595846523266,19.768946318144458,0.002791166374590849,0.001982131377605143,2020,10
2020-11-01,85,3.8326517731854706,1.0449366878393476,1.6759269695524621,0.0,1.6687956103972925,0.5811718557882173,1.342425841871404,0.44576315400991023,0.23515155191300172,0.38227858202785425,0.0,0.0,0.4134130989607975,0.0,0.3652265257394343,0.0,1.0525467581040562,0.2581262505989072,1.0722101003326128,0.2888504574218084,0.0,0.0,0.12892347144889604,0.14705882352941177,0.76895439286104,0.0,0.0,0.0,0.27501403064427987,0.09564801530368246,0.15331814217796158,0.0,1.1519467814265383,0.0,0.0,0.0,0.0,0.0,0.0,0.2888504574218084,0.2444623610669982,0.8599549275955747,0.0784313725490196,0.19709649176389143,0.13576045661607158,0.3880225899899362,0.0,0.05738880918220947,0.0,1.342425841871404,0.0,0.0,0.0,0.0,0.0,0.0,0.03232062055591468,0.3652265257394343,0.04821600771456124,0.18572001459219106,0.04943153732081068,0.0,0.0,0.0,0.31616952024039713,0.7906552612019812,3.082109619479916,11.6,2.2022019290918102,2.7492882002315557,3.263567790471789,0.6129884765512585,5.847058823529411,0.761297427129719,2.2022019290918102,2.521640587140938,23.572431094472616,1.9500506087878624,18.36434344989917,16.17444637671772,13.229803727906418,16.98726157791564,17.93841000159301,19.39326540128844,0.0025885258260188813,0.00208970441466377,2020,11
2020-12-01,68,4.354943200236689,1.2449393335639263,1.2434756412836994,0.0,1.1519140341168472,0.6182969622885566,1.8771805966735275,0.8182966838225313,0.23385291743072958,0.7680331269222209,0.0,0.0,0.6620132020537107,0.0,0.16990172333584758,0.0,1.0474691036659456,0.6350378438038872,1.012708190890275,0.059780009564801534,0.0,0.0,0.12833961390098977,0.34044273100360656,0.4530309632553705,0.0,0.3231260254039596,0.0,0.17980765244787134,0.0,0.28205295421938176,0.0,0.7816150346164462,0.0,0.0,0.0,0.0,0.0,0.0,0.059780009564801534,0.3830555493350523,0.3592728744523133,0.0,0.3498056007646801,0.11859582542694497,0.28942719924118904,0.0,0.0,0.21027393762042265,1.8771805966735275,0.0,0.0,0.0,0.0,0.0,0.16964628988850441,0.0,0.16990172333584758,0.47874867059817927,0.09307520476545049,0.06904170118751726,0.07173601147776183,0.0,0.0,0.47618930660971454,0.3821113067910143,2.903628372163749,11.75,2.296674239004607,2.7896416227711107,3.4294874569501475,0.6743050610130908,6.573529411764706,0.8167009023232421,2.296674239004607,3.651537682524451,25.690433749257277,1.9208372933839755,18.290354320189454,16.587021667065784,12.992591757461481,17.30817715684936,18.527878951157067,19.665293599085206,0.0031396799413939205,0.0018473384455885353,2020,12
2021-01-01,69,2.630444585708523,0.7203841650157636,0.8906026347982994,0.0,0.9963976971703251,0.8920998652802606,1.2912039657006178,0.1786728038697205,0.2304879648348026,0.22066601013969436,0.0,0.0,0.2527953609934743,0.0,0.1786728038697205,0.0,1.1279219394484805,0.28893407750221056,0.4871325803026943,0.07432181345224824,0.0,0.0,0.07876496534341525,0.3514065514187663,0.10351966873706003,0.12825445684237527,0.0584385226741468,0.0,0.0,0.05552779165972569,0.0,0.0,0.8350748431385737,0.0,0.0,0.0,0.0,0.0,0.0,0.07432181345224824,0.24824363144943104,0.3563523009214176,0.0,0.31747995134722823,0.0,0.6744799170844239,0.162092156536111,0.0,0.05552779165972569,1.189856038265734,0.0,0.10134792743488397,0.0,0.0,0.0,0.0,0.0,0.1786728038697205,0.0,0.12151989248000257,0.0,0.0,0.10896807235480005,0.0,0.13672409078479628,0.4613844196048792,3.7208444198848656,12.08695652173913,2.3573956937231713,2.76147079341159,3.3463187027321286,0.6468890909292206,6.521739130434782,0.8156205929658585,2.3573956937231713,3.263134490657496,24.689147828821742,1.9316341272022755,18.566791004248692,16.33145321910555,13.144696474832495,17.079822833291942,17.989459353756253,19.486869309285,0.002784020379889803,0.0018075317523889225,2021,1
2021-02-01,54,3.9873515446225842,0.6698851584695104,1.3310274042627195,0.0,1.1355480815955799,1.2559252659615434,1.9326031073428998,0.34856883305468617,0.5209904369162012,0.4080596513393011,0.0,0.0,0.38967374797315046,0.18194455973189588,0.16662427332279026,0.0,1.33812683414489,0.6810453099801984,0.8218771681303582,0.0,0.0,0.0,0.0,0.4132118824221941,0.07205649228995532,0.0,0.10231225700838961,0.0823045267489712,0.4915634164770032,0.0781372089388967,0.34813830893073583,0.0,0.4131884699160836,0.0,0.0,0.0,0.0,0.0,0.0,0.0,0.576916546107817,0.2618622743172071,0.0,0.29676926117055563,0.17002643561704456,0.9178914649015979,0.07205649228995532,0.0,0.09595087315294569,1.6614631483491085,0.0,0.14850076350691357,0.0,0.12263919548687761,0.18194455973189588,0.0,0.0,0.16662427332279026,0.0,0.3128580740877058,0.10231225700838961,0.0,0.0,0.10582010582010583,0.40774426922424184,1.4417922763331281,4.452283054334751,11.833333333333334,2.239479542252832,2.788695253967021,3.3598166708589448,0.6836181271842002,7.537037037037037,0.8535900089026741,2.239479542252832,2.645019529358535,24.226847175458285,1.9447511272358238,16.546678173159187,16.640290373024214,13.22037710503331,17.323363724545793,18.351963019209425,19.896875112759567,0.0029786671099496288,0.0023163414950026252,2021,2
2021-03-01,64,3.202981886061305,0.5512062164035716,1.5413637913592655,0.0,0.9848303285432447,0.7919550537791173,1.5322383383213007,0.39510142534487214,0.17548142948698386,0.42843257610241914,0.0,0.0,0.3612714625777386,0.06300403225806452,0.2462457447351593,0.0,0.6616859465411846,0.7417945211321252,0.6250645109271741,0.07548309178743962,0.0,0.0,0.0,0.2617400715226802,0.13534199522102747,0.0,0.15412414965986396,0.0,0.3657751337464908,0.0,0.4762913423744187,0.10775862068965517,0.5915386945487009,0.0,0.0,0.0,0.0,0.0,0.0,0.07548309178743962,0.5778233862102153,0.06175889328063241,0.1001602564102564,0.16960470085470086,0.0769704433497537,0.6033774675722209,0.11160714285714285,0.0,0.0,1.2647909089352185,0.0,0.2674474293860821,0.0,0.0,0.06300403225806452,0.0,0.08585164835164835,0.2462457447351593,0.0,0.17548142948698386,0.0,0.0,0.0,0.0,0.289958274587509,0.8259838974521956,3.53739583869755,11.75,2.3003360766393692,2.7585012036798995,3.3629370589158447,0.7349457163957226,6.265625,0.8363149407526682,2.3003360766393692,4.7282860858426154,23.06531610750361,1.9512509136827234,17.26957870385096,16.220123734842012,13.206178258688357,17.004946646929646,18.096324938437334,19.466902703922045,0.0018276474919250482,0.0025697647502573306,2021,3
2021-04-01,52,3.6712060585053194,0.9084210462365613,1.7629080930728616,0.0,1.6801454717675777,0.6704197505824764,1.5963539177969694,0.4863172023302279,0.30532306752921584,0.24096119446859346,0.0,0.0,0.29114086462987565,0.3348074416622804,0.06967670011148272,0.0,1.1683807042063785,0.28701910852940604,1.0828143196454234,0.1964057252518791,0.0,0.0,0.0,0.4363202736129341,0.47210077262362715,0.0,0.0,0.0,0.2607899347029782,0.0,0.296760201823493,0.0,1.2053579565463903,0.0,0.0,0.0,0.0,0.0,0.0,0.1964057252518791,0.4801119267697501,0.7625559171833628,0.1481696357472755,0.0929022668153103,0.30688922082854236,0.363530529753934,0.0,0.0,0.0,1.4288071001260823,0.0,0.16754681767088717,0.0,0.0,0.3348074416622804,0.0,0.0,0.06967670011148272,0.0818330605564648,0.2241805813234385,0.0,0.0,0.08114248620577734,0.0,0.5516032949239056,0.28058671141334746,2.4419758477941276,11.576923076923077,2.082305644112399,2.739920301206226,3.3389679870580697,0.6402819704118753,6.346153846153846,0.8138242600251997,2.082305644112399,3.8187160210695126,25.11435508935509,1.965112562633137,13.350490909066764,17.30273023461168,13.314810529373993,17.75073827500141,19.315369536511856,20.33247665114044,0.0028852613737040114,0.0026710291820188446,2021,4
2021-05-01,72,4.353636009153582,0.9021264174369578,1.8001217656220012,0.0,1.24567649815961,0.4761991656654439,2.070758117342022,0.3763431610703846,0.2949512660224411,0.1272347569901918,0.10766580534022394,0.0,0.5740193224302937,0.0,0.2293826934361782,0.0,1.122963084220223,0.8729198989904782,1.1928837889212698,0.12656665882472332,0.0,0.08735150244584207,0.0,0.2810891438470135,0.29729648362235067,0.0,0.12438211906297011,0.11200716845878136,0.054253472222222224,0.0,0.3663768790647989,0.0,1.3794914143349803,0.0,0.0,0.0,0.0,0.0,0.0,0.12656665882472332,0.41935065748961414,0.31258252793936747,0.0,0.38717665390590494,0.08169934640522875,0.39449981926021516,0.0,0.0,0.0,2.070758117342022,0.0,0.0,0.0,0.0,0.0,0.0,0.0,0.2293826934361782,0.1469604676342064,0.12217152775092689,0.0,0.059608965188364324,0.11317077308314986,0.0,0.1902587519025875,1.3318084147238194,2.5325785449674045,11.708333333333334,2.2422841589533085,2.754827938584873,3.377219368806584,0.6257309547771919,6.305555555555555,0.7963052603588576,2.2422841589533085,4.22338332504681,24.705508958633956,1.961619588528689,15.164564694299564,16.898990267479448,13.345786994155958,17.592792617607827,18.93331322609105,20.203803212815515,0.0014983987841935896,0.0026243035116237713,2021,5
2021-06-01,62,4.419979992487206,0.8711446900829124,1.2571782685647017,0.0,0.8262385875792094,0.6081370780908668,1.956784675998356,0.38635164723828863,0.27535130007569925,0.3061767935466809,0.09323140033563303,0.0,0.2684725622940625,0.0,0.11520737327188939,0.0,1.4314632025731364,0.6896906333562404,1.5157380271095628,0.0,0.0,0.0,0.24897980490596386,0.38997306571155604,0.1338440617942674,0.0,0.0983477576711251,0.0,0.16462052868386728,0.0,0.16870037696358461,0.06400409626216078,0.8598532666550891,0.0,0.0,0.0,0.0,0.0,0.0,0.0,0.2374775961834305,0.44213342541337425,0.06982265046781176,0.07680491551459295,0.1366867140513942,0.20667283055044944,0.11816140848398912,0.0,0.14661612500503401,1.85534422154512,0.0,0.10144045445323596,0.0,0.0,0.0,0.0,0.11968532035255498,0.11520737327188939,0.1514589536138443,0.059516724199500055,0.06982265046781176,0.14601192540838742,0.0,0.0,0.51524018865937,0.8190463420976456,4.37685104487183,11.5,2.283982649040329,2.7422439845891806,3.426721218850674,0.6881485484433294,6.903225806451613,0.9093162583736814,2.283982649040329,4.6262854397028095,25.155751640832285,1.9464614646146154,15.569152789855064,16.87504588086563,13.236648192314528,17.66837544802319,18.905662429299625,20.237181427345927,0.0016661263964530939,0.0021406109923833966,2021,6
2021-07-01,85,3.5033095067318683,0.6961944783746582,1.0473865672385079,0.0,0.8679889383313993,0.4887969284750977,1.3086816362979827,0.5248234092017686,0.5970458887134732,0.31328983649979664,0.0,0.0,0.47878158399988513,0.040992006558721046,0.34174558280786704,0.0,0.700156550100947,0.26706143249400827,1.1235277183276702,0.23775479594297275,0.0,0.0,0.060024009603841535,0.11648223645894001,0.2553897359835039,0.0,0.21647448867653155,0.04782400765184123,0.3037901828581601,0.06499837504062399,0.06572461386789352,0.0,0.6128733954718303,0.0,0.0,0.0,0.0,0.0,0.0,0.23775479594297275,0.24731100316199187,0.18331446325912515,0.0,0.19960867596730958,0.0,0.32075163494041614,0.09497258619087447,0.0,0.07307270734380708,1.203032611360312,0.0,0.05471956224350206,0.0,0.05092946269416858,0.040992006558721046,0.0,0.14208581983518045,0.34174558280786704,0.0,0.5341330230324415,0.0,0.06291286568103177,0.0,0.0,0.17309460702115,0.46179669057709233,2.660361407023719,11.411764705882353,2.218323362606343,2.763494320009953,3.393497308976229,0.675608520354766,6.729411764705882,0.8495622215095237,2.218323362606343,3.508618809208221,24.228619909502264,1.9399827626821182,18.472589230587428,16.114410776239986,13.17760257431617,16.914434617318435,18.092891684208716,19.376282260252637,0.0023827514257131854,0.0019628285477811267,2021,7
2021-08-01,63,3.4125126339329372,1.055296017110105,1.2270249368159512,0.0,1.3902044315731243,0.8223277459555992,1.9506371967710707,0.21499036829960425,0.23644872998622415,0.09678668215253582,0.0,0.0,0.4049657269084575,0.0,0.14475578479068443,0.0,1.2808006202887476,0.19208649643432255,1.0860381890553348,0.20707913430285396,0.0,0.0,0.0,0.4488313844056141,0.0645244547683572,0.0,0.41889354326159184,0.12304663467454165,0.35647431342355607,0.0,0.0,0.0,0.8705506233923952,0.0,0.0,0.0,0.0,0.0,0.0,0.20707913430285396,0.26292159125031,0.5371335960950798,0.0,0.38307010992488066,0.16452696366767255,0.21596939405158583,0.06559097468188378,0.0,0.37624041355445703,1.7540202261090012,0.0,0.0998302885095338,0.0,0.09678668215253582,0.0,0.0,0.0,0.14475578479068443,0.07023458350891978,0.15377677231426648,0.0,0.08267195767195766,0.0,0.0,0.073827980804725,0.31894332160700417,2.7510116844832284,11.777777777777779,2.3062000739024375,2.7616467768810415,3.332504981514112,0.6481227240510656,7.253968253968254,0.9012265954795728,2.3062000739024375,4.660670284504022,24.799769586674348,1.9392941501322063,18.067977753689316,16.372959211096163,13.115103149493544,17.101544408515498,18.22934649605187,19.468567658099417,0.0028443668210141842,0.0015500759268335478,2021,8
2021-09-01,66,2.7324219695985503,1.2569347761243073,1.4870074472213985,0.0,1.5586794165997258,0.7139346989608146,2.4053300482129556,0.3383774953202763,0.5723910451478894,0.059417706476530004,0.0,0.0,0.47424072392466826,0.0,0.11357255882803328,0.0,0.673632152272283,0.7959909954470429,0.5001452719719577,0.11542256067803512,0.0,0.0,0.24894127310698083,0.7623241397009045,0.18739430504136387,0.0,0.05827505827505828,0.0,0.18731550705537972,0.0,0.0724952878062926,0.06366182836771073,1.1635348239920156,0.0,0.0,0.0,0.0,0.0,0.0,0.11542256067803512,0.075007500750075,0.6546189312901893,0.18635706241818295,0.527273361463243,0.05335040546308152,0.47306835539844005,0.07463800567248843,0.0613421666053245,0.0515357658214801,2.2803260532399205,0.06366182836771073,0.0613421666053245,0.0,0.0,0.0,0.0,0.06855889208830386,0.11357255882803328,0.15624604440393913,0.4152268012963391,0.0,0.08860535176324649,0.06855889208830386,0.0,0.2261420171867933,0.7266231203201755,2.2416384773368287,11.5,2.1278382525732105,2.764606398229676,3.3922718320275767,0.6888578806887364,7.0606060606060606,0.8688412415982156,2.1278382525732105,2.96356256197747,24.04376343353616,1.942109957593007,18.17235658975601,16.262334433946847,13.217674458031581,17.159373742763666,18.207458128675587,19.538807064380276,0.003377067577963615,0.00243668648865372,2021,9
2021-10-01,95,3.598308104178242,0.8316186320377582,1.4942422474408374,0.0,1.3551838704838348,0.9381722943793842,1.8942640303920542,0.4502732244586433,0.28830467876276267,0.2718869678921175,0.0,0.0,0.28542943372391155,0.09512766003135133,0.18821792638283752,0.06418485237483953,1.4762660331026438,0.3020483545298905,0.79839931102533,0.11674756511531996,0.0,0.0,0.08159934720522236,0.3727855152623353,0.2589605584525187,0.0,0.11827321111768184,0.0,0.1412769737432728,0.0,0.49838946731655864,0.0,0.854575806381006,0.0,0.0,0.0,0.0,0.0,0.0,0.11674756511531996,0.3878910267890287,0.5886195821795198,0.0,0.2619256963999664,0.10469920433508649,0.4539847647386191,0.11940960757957379,0.07112375533428165,0.18895496239182313,1.8942640303920542,0.0,0.0,0.0,0.0,0.09512766003135133,0.0,0.0,0.18821792638283752,0.16692763804445448,0.2100377813687739,0.0,0.039424403705893944,0.0,0.038842493688094774,0.2778935224715477,0.549267328388868,2.8695608127926095,11.378947368421052,2.084021385428082,2.770577900825291,3.3541398903637774,0.6968575123746084,5.947368421052632,0.7769749858512124,2.084021385428082,3.382565749242227,23.754327222485117,1.9550283058482611,15.972167198681909,16.550795441902945,13.270895920418106,17.27139292756894,18.59533844266033,19.786866469964945,0.0014166381713602758,0.0023698992424186823,2021,10
2021-11-01,97,2.782091537717806,0.6022563026882986,1.2788441038540093,0.056334854374401444,1.2256982532739047,0.8523233106512206,1.3868644960614056,0.20083493065782357,0.34013069440483557,0.05857544517338332,0.0,0.0,0.32529155933511805,0.0,0.04277708859135047,0.0,0.8907363267571542,0.4310075110577335,0.8125311884170335,0.2211724183860332,0.0,0.0,0.0,0.2616990961766019,0.19534900164308736,0.0,0.08117542008279893,0.06403278478581033,0.07751337105650724,0.03832445483462998,0.2434770394126479,0.07751337105650724,0.8420158674937168,0.0,0.0,0.0,0.056334854374401444,0.0,0.0,0.2211724183860332,0.5468132275894807,0.15588355579574037,0.0,0.30182905150265027,0.05891016200294551,0.4439459581598549,0.04225114078080109,0.0,0.307216049707619,1.333448546058735,0.0534159500026708,0.0,0.0,0.0,0.0,0.0,0.0,0.04277708859135047,0.15805784206647308,0.25825976110526255,0.0,0.04424582983053847,0.03762510346903454,0.0,0.1931533889533943,0.38635710309651167,1.7859403197366104,11.577319587628866,2.215196289696291,2.743936096502316,3.3857367842677655,0.6449571518911555,6.391752577319588,0.7968303650044833,2.215196289696291,4.294530995043548,24.80633324293118,1.9229177865283174,18.25872663660927,16.338558947296075,13.281653703805777,17.126907341661862,18.43178849315884,19.55822768621199,0.0011848282827345747,0.002678722547665043,2021,11
2021-12-01,77,3.239854562959428,0.7364789314235368,1.8056770987837807,0.0,1.297340702746363,0.6546596415646411,1.6605673650521258,0.5890275810933961,0.5087439881466141,0.08658008658008659,0.07684623069238454,0.0,0.4443607591636676,0.1935266140254215,0.11686998542408046,0.0,0.8067554134092924,0.5773369575453275,0.6323248835274055,0.3052536325917621,0.0,0.0,0.0,0.11897955294181708,0.47208196087847726,0.0,0.14541741760324248,0.0,0.2632355062128572,0.0,0.306671219402641,0.0,1.2357703731682825,0.0,0.0,0.0,0.0,0.0,0.0,0.3052536325917621,0.3789751881024784,0.33241258352881814,0.0,0.28069929852330433,0.1514498497557212,0.4425228152340928,0.060686976574827044,0.0,0.0,1.5505079329587952,0.0,0.0,0.11005943209333041,0.0,0.1935266140254215,0.0,0.11428074555764657,0.11686998542408046,0.16435023608624758,0.3080184777458443,0.0,0.20072551040076986,0.0,0.0,0.3154927557161639,0.6380862491132746,4.2659323535418885,11.558441558441558,2.208998552434175,2.7448811187150848,3.376411262156114,0.6475775354445851,6.376623376623376,0.822173519714417,2.208998552434175,3.7299253764120306,24.879760787552996,1.9370013715606396,17.445905313737327,16.568247063185872,13.20338627878817,17.369624425578323,18.567505217720534,19.823208840812402,0.001850275837647776,0.0025427855443420863,2021,12
2022-01-01,84,3.656301976171907,0.7464159785566162,1.390226452337644,0.0,0.7007715680803918,0.6516870830179728,1.4449691980554267,0.47031208385511875,0.2922474011409088,0.4490108563072886,0.0,0.0,0.2381001761912663,0.0,0.300580706877256,0.0,1.3045470725840314,0.6853208497829739,0.6241333148659627,0.054608999563128,0.0,0.0,0.0,0.32289447930175313,0.3072859404727204,0.0,0.11623555878214263,0.0,0.19778153004477242,0.0,0.2020094073665502,0.0,0.9904355149263212,0.0,0.0,0.0,0.0,0.0,0.0,0.054608999563128,0.2205601610206199,0.25221690533958113,0.06613756613756613,0.10724793601949646,0.11802134646962233,0.4502696005206355,0.0,0.0,0.08339613602771498,1.3918229395520254,0.053146258503401364,0.0,0.0,0.0,0.0,0.0,0.0,0.300580706877256,0.16973137697786272,0.16643542760597513,0.0,0.0778089013383131,0.0,0.04800307219662058,0.05109339873288371,0.3788957231003656,3.5031318042636506,11.238095238095237,2.0559104985797085,2.766889394082954,3.311033633724737,0.6208246952718939,6.845238095238095,0.7783051300264248,2.0559104985797085,2.944712396958005,24.399182497396787,1.9463862591592558,17.214596631944456,16.45999357094392,13.089450221799863,17.176989683030726,18.353313213284306,19.56960856134693,0.002403215393144207,0.001890380666271569,2022,1
2022-02-01,72,3.344216842523072,0.7291486812795168,1.1271068356610856,0.0,1.337755747933926,0.7993583503105197,1.9672306708115446,0.5487285258797658,0.17465135428711587,0.13041210224308816,0.04907734589713388,0.0,0.3520635546984695,0.2632237957352929,0.17515256279301225,0.05301102629346904,0.8466176657070277,0.5706058415394721,0.8508388139422025,0.05321413367390379,0.0,0.0,0.06313131313131312,0.43468592256322264,0.23133144558498106,0.0,0.0,0.0,0.19942930822560453,0.0,0.298331728567774,0.0,0.6293457988677069,0.0,0.0,0.0,0.0,0.0,0.0,0.05321413367390379,0.4788701630435892,0.4913587849896744,0.0,0.3143126662267585,0.0,0.6315933614513819,0.051824212271973466,0.0,0.11594077658716441,1.9091181650002937,0.0,0.058112505811250575,0.0,0.0,0.2632237957352929,0.05125051250512505,0.0591016548463357,0.17515256279301225,0.0,0.17465135428711587,0.0,0.0,0.0,0.0,0.6691027783673412,0.2929441889722593,2.5322245318766585,11.902777777777779,2.378653537631536,2.773997794407346,3.3076063115399634,0.6556252228329364,7.013888888888889,0.7845795717693709,2.378653537631536,2.873136816647476,23.714973568098568,1.9534154149349066,16.55724491405025,16.4798429124921,13.2768367863921,17.20429753698933,18.44670776895513,19.662895939635682,0.0018348246975223902,0.002147058204770418,2022,2
2022-03-01,77,3.6596559539008995,1.198872013714571,1.338296181093031,0.0,1.1071683237443093,0.5933026244132485,1.9333521930927604,0.4877461784357149,0.44503003140172404,0.39688712049247793,0.0,0.0,0.22880921554440553,0.0725531451788435,0.21776922525283252,0.0,1.055198939436103,0.4159811063502192,1.1511757228827157,0.12128147876330209,0.0,0.0,0.0,0.7103713225540053,0.2077480799911476,0.0,0.15741833923652104,0.12333427193289699,0.16474122116379017,0.0,0.5050283530950139,0.0,0.668526606834227,0.0,0.0,0.0,0.0,0.0,0.0,0.12128147876330209,0.3321008730810018,0.37025084571646893,0.0,0.2835351261835365,0.19251986286662076,0.4007827615466279,0.0,0.0,0.0,1.9333521930927604,0.0,0.0,0.0,0.0,0.0725531451788435,0.0,0.06304375236414071,0.21776922525283252,0.13438005563989813,0.2688614933512893,0.0,0.0725531451788435,0.05366534292154127,0.04995004995004995,0.6499178296939205,0.36608594253247007,2.1918700784858176,11.324675324675324,2.1295642309977727,2.77329645908762,3.3860212767402587,0.676120385527297,6.857142857142857,0.8332620160602098,2.1295642309977727,4.433893131065034,23.966546476611413,1.9740513139536042,14.943861682563453,16.71198138263572,13.501054535566723,17.52432841267711,18.713123060111013,20.13868260274579,0.002226691605681262,0.0020863098778626955,2022,3
2022-04-01,84,3.600570329434246,0.6210937640048917,1.2586732105024228,0.0,1.6470638876317936,1.193109934121647,2.075745364789545,0.23940859619958849,0.17658404357911747,0.31412673129256785,0.0,0.0,0.4793142723693188,0.0,0.1573067899598512,0.0,1.1738212465649251,0.46600448028850266,0.7980665098239703,0.21193029913511033,0.0,0.10146103896103897,0.0,0.2206728243594603,0.1631602257805839,0.0,0.13579967490380854,0.0,0.07936507936507937,0.08950948800572861,0.3903664285514664,0.0,0.6994322145801483,0.0,0.0,0.0,0.0,0.0,0.0,0.21193029913511033,0.787723839675287,0.3173785242776444,0.168874567370808,0.16115665717294378,0.3021623249673591,0.7203864885632759,0.10405407084373873,0.0,0.06650704974727321,2.0173886887858106,0.0,0.0,0.05835667600373483,0.0,0.0,0.0,0.0,0.1573067899598512,0.08210180623973727,0.0,0.0,0.17658404357911747,0.0,0.0,0.7528011204481792,0.4704096813146134,2.5268583062763357,11.035714285714286,2.0235886396183203,2.769916283551831,3.323351739744903,0.6430272397432967,6.476190476190476,0.8618600623341737,2.0235886396183203,3.5344917731220225,23.533986978629837,1.943065573166478,17.31480911785114,16.249314490055244,13.31726739871049,16.976276739126046,18.18652924539383,19.36334744115254,0.002441537528532818,0.002639582706654383,2022,4
2022-05-01,96,4.166519193865116,0.9986534776993524,1.4138178595996447,0.0,1.6900878738902472,0.8476312911252583,2.05836263185515,0.48535675280999696,0.33832009357845655,0.3291280286751823,0.0,0.0,0.41093844164859855,0.06634819532908705,0.32335505273649606,0.0,1.1283845577533211,0.9743728643504174,0.7309512253935382,0.20304082797847586,0.0,0.0,0.1275175950883498,0.38456108554413465,0.2840909128175945,0.0,0.20248388424927333,0.0,0.3947588936171384,0.06021194605009633,0.4477863377121753,0.0,0.5110606822202347,0.0,0.0,0.0,0.0,0.0,0.0,0.20304082797847586,0.450107990769016,0.7043428556801175,0.03787878787878788,0.29471741158384995,0.1255175125327882,0.4408077774516424,0.13251246803878383,0.0,0.14879353310204374,1.8179674178145928,0.0,0.1286001803705231,0.03945707070707071,0.07233796296296295,0.06634819532908705,0.0,0.0,0.32335505273649606,0.09565350474441385,0.28201378727215026,0.0,0.0,0.0,0.05630630630630631,0.7063200582118373,0.6366846034973858,2.6223371520061485,11.614583333333334,2.2178858266395203,2.754741511888165,3.37957520135071,0.6946276793357824,6.8125,0.8243387507041962,2.2178858266395203,2.730833644774084,24.21080785533911,1.9578543326369606,16.14117758240529,16.50063281228781,13.301198167074434,17.312723768215044,18.48889638505808,19.76271680413305,0.0020886178886620854,0.002494532843493186,2022,5
2022-06-01,91,4.093750603355707,1.1177069005123161,1.8064446487349883,0.0,1.1804139726908898,0.8737661829947984,2.4015502557799575,0.28556396870160644,0.44087131274255964,0.3138946140070182,0.05183495749533485,0.0,0.26771580840141634,0.0,0.0,0.0,1.2878000388334352,0.5829953717415818,1.467128857375597,0.12238095550132351,0.0,0.0,0.0956101404196998,0.3710774085590208,0.111463093736295,0.0,0.5395562577973005,0.0,0.32397595479382263,0.050408307289041235,0.31245905855530226,0.0,1.1196013280968227,0.0,0.0,0.0,0.0,0.0,0.0,0.12238095550132351,0.26891304024733104,0.43557124031703676,0.06315523556902868,0.29039350105616973,0.24174730047055476,0.4911283368669011,0.0,0.06999370056694898,0.07089684509039347,2.353563308229691,0.04798694755026632,0.0,0.0,0.0,0.0,0.0,0.11690748146504949,0.0,0.16865648723655693,0.34693286486787234,0.0,0.05183495749533485,0.042103490379352446,0.0,0.4353136419119948,0.3490587601592996,2.795472969566243,11.395604395604396,2.1741426931694563,2.761530230406469,3.39903415428418,0.6799608623807222,6.285714285714286,0.791751178503331,2.1741426931694563,2.565298773910934,24.118270618270618,1.9282843761006132,18.30770948577804,16.22194068497866,13.420080031173901,17.07845844793983,18.36565383558893,19.447256279829883,0.0032268894981981417,0.0026007395545818894,2022,6
2022-07-01,81,3.7541824952599674,0.7727423339050192,1.4105679633752053,0.0,1.187641729767456,0.8531208054383077,2.1544910075476507,0.24987171614148435,0.23284263125127008,0.2577713868047316,0.0,0.0,0.501099264284707,0.07305135510263716,0.06430041152263374,0.0,0.9915025940753678,0.5819396258760348,1.101372501354443,0.1831453562394125,0.0,0.0,0.0,0.32257400373638756,0.20574772841808797,0.0,0.1836044489803679,0.06081615277017576,0.45370397610617724,0.0,0.18579240132417663,0.0,0.7710715859448514,0.0,0.0,0.0,0.0,0.0,0.0,0.1831453562394125,0.34015887020722047,0.36964333177715003,0.09813611479121542,0.19655805675245752,0.1145826188535464,0.5982809342585435,0.055114638447971785,0.0,0.08514261387824605,1.9746725406921468,0.17981846685550393,0.0,0.0,0.0,0.07305135510263716,0.0,0.0,0.06430041152263374,0.11251994951621345,0.23284263125127008,0.0,0.0,0.0,0.0,0.09701946298107073,0.6797432973233313,2.4357348577938254,11.901234567901234,2.299166975942954,2.774486045316319,3.4052347073552927,0.6666164576544595,6.061728395061729,0.7547641172854304,2.299166975942954,3.211406155249772,25.017973076306408,1.9454363406466835,16.583491519388172,16.671292686497743,13.341463852495972,17.45673060503086,18.782584786650688,19.987109206478856,0.0030593148080296224,0.001649193508939532,2022,7
2022-08-01,81,3.2404484517541134,0.4099018854708576,1.095533382549393,0.0,1.27136926872222,0.6980749094118606,1.6295179234581303,0.24732938853511416,0.756239064938908,0.32937627588553803,0.06142128861863522,0.0,0.5148466477653182,0.19270249025039876,0.05462689828471539,0.0,0.948628857517071,0.2905755018340989,0.6754985858771315,0.17277190572120596,0.0,0.0,0.0,0.07913896802785692,0.1692886733738918,0.0,0.16147424406910885,0.0,0.2746631299602876,0.12534976242402263,0.17784302717502928,0.0,0.5176774629900536,0.0,0.0,0.0,0.0,0.0,0.0,0.17277190572120596,0.2246658767202126,0.5488451813449151,0.07913896802785692,0.24594733690802936,0.15097048255861523,0.4938902931793417,0.0,0.053214133673903784,0.0,1.5488272109591388,0.08069071249899136,0.0,0.0,0.0,0.19270249025039876,0.0,0.0,0.05462689828471539,0.0,0.6942004769371709,0.0,0.06203858800173709,0.0,0.0,0.23943135054246167,0.6506123021059038,3.2239707001096463,11.37037037037037,2.2453689583759187,2.7808818214582125,3.366360538797713,0.7046557064047346,7.172839506172839,0.7898389022041107,2.2453689583759187,4.203688583969562,23.457821088376644,1.9387137947681277,18.647553348922287,16.09447988273908,13.354185739114122,16.947261817693594,18.04122247547521,19.2646417647391,0.0020385166765709063,0.002807724052997685,2022,8
2022-09-01,81,3.7811088185407957,0.8952491787714991,2.2188702026932283,0.0,1.3559570885471026,1.0871062952210868,1.9265638397859874,0.28699555231309276,0.263243822571732,0.22645901152672845,0.13913384283754654,0.0,0.35235683383831534,0.0,0.23819840206666718,0.0,1.5336435469826286,0.37668611658567114,0.5130862336736663,0.40154483102957167,0.0,0.0,0.0,0.389332668330322,0.3653342442550463,0.0,0.14058226618613093,0.0,0.7010231595337661,0.0,0.43032475973227585,0.09956192751891677,0.9879603559082695,0.0,0.0,0.0,0.0,0.0,0.0,0.40154483102957167,0.36985469220819495,0.2383447257921923,0.06111722283339445,0.28509561668374933,0.10462439840970915,0.5949822588778219,0.1390927316853243,0.049185972160739756,0.1992209340874916,1.9265638397859874,0.0,0.0,0.0,0.0,0.0,0.0,0.0,0.23819840206666718,0.04879715024642561,0.10806102424036146,0.0,0.09376150971273528,0.06142128861863522,0.0,0.505250720585758,0.6185399525355891,3.2187330046387306,11.419753086419753,2.0924297855502694,2.742749996496661,3.360342140308234,0.6300675250003683,6.62962962962963,0.8171471290046968,2.0924297855502694,3.288145984472325,24.289869150054333,1.9589557502547843,15.917770132218202,16.573414836311983,13.303941242277988,17.375740547499237,18.653126663386494,19.929074734955677,0.0021190567703725464,0.00224478308508821,2022,9
2022-10-01,117,3.7272614545462903,0.7959101053235496,1.941200960479141,0.0,1.8082928615745217,0.5319173952447686,1.853318946050149,0.1985593151590439,0.27196589843401764,0.19354439889333797,0.0,0.04360718646432932,0.45421681461070124,0.088829453908819,0.03832739258748227,0.0,1.4962688284433028,0.44955251475050495,0.5920820492108871,0.3708328156769256,0.0,0.032252862441541685,0.04360718646432932,0.31451116290146536,0.15251089885983635,0.0,0.1780542354720914,0.07497375918428549,0.432011402044826,0.0,0.40170607506945444,0.0,1.1074834833648604,0.0,0.0,0.0,0.0,0.0,0.0,0.3708328156769256,0.4550327209244092,0.3866522633112926,0.16847274791037042,0.42730231375152394,0.09154012590438708,0.329528373361041,0.0,0.0,0.11084889597934049,1.853318946050149,0.0,0.0,0.0,0.0,0.088829453908819,0.0,0.03237503237503238,0.03832739258748227,0.03902743628771026,0.27196589843401764,0.0,0.0,0.0,0.0,0.3283577661052543,0.5940074871876513,3.220677346374965,11.794871794871796,2.287754818814604,2.7751842290044846,3.4034156126364308,0.6896687912407757,6.803418803418803,0.84255976623135,2.287754818814604,3.9850259494299647,24.871232732130167,1.9471255406603087,15.704251705665365,16.919579662839883,13.394240981980126,17.561160771217818,19.126179109176196,20.1284058605558,0.0016824149687718433,0.002642419305662749,2022,10
2022-11-01,139,3.5387624413640784,0.605872271771071,1.7159344094598858,0.0,0.7828076198102664,0.8447016798913478,2.1404814312586935,0.2004833954181189,0.310963680479982,0.33107339501189675,0.0,0.0,0.47395884329421584,0.044964028776978415,0.12059584914445823,0.0,1.0063295679336166,0.5182503205246355,0.9242764892467192,0.11931394743155754,0.0,0.02877697841726619,0.033461602810774635,0.2632521157546914,0.1960555782122906,0.0,0.055081099810533656,0.02924489676551442,0.5414791828284383,0.0,0.35257153796633167,0.0,0.821883688665116,0.0,0.0,0.0,0.0,0.0,0.0,0.11931394743155754,0.1124851388568451,0.3104672898992669,0.08128464287248854,0.15925660075010828,0.06857140724698706,0.7043560753429989,0.03633456870866943,0.0,0.03543962859269235,2.1404814312586935,0.0,0.0,0.0,0.0,0.044964028776978415,0.0,0.0,0.12059584914445823,0.034923517496682266,0.10424481082227062,0.06441703734084163,0.10443738703099326,0.0,0.037864445285876555,0.13771382531684767,0.9802804228205821,2.666158623195497,11.46043165467626,2.137703507175022,2.7553176112730253,3.3403316032061245,0.6429561553206996,6.503597122302159,0.8084531616264026,2.137703507175022,3.8856788061143823,24.233924748313235,1.956671774034921,16.504726397082454,16.456285475544785,13.32088184156745,17.094411188564408,18.4283178696033,19.492004774119483,0.002175543416487796,0.0024360442702519077,2022,11
2022-12-01,89,3.6324234538027844,0.4857120681638344,1.4040196730061325,0.0,0.8727244770017721,0.8282639711396087,2.0486577352848254,0.29284576098116544,0.29998560620946413,0.41023981024311007,0.0,0.0,0.18352610197692562,0.040417104518632285,0.1321381406593272,0.0,1.1822607108985133,0.5739614266457777,0.9000693211505341,0.20981083770996403,0.0,0.0,0.049497599366430736,0.3303051239306826,0.03942440370589395,0.0,0.06648494116082708,0.0,0.1598515505069113,0.0,0.23267142375688993,0.05201831044527674,0.9594783882970546,0.0,0.0,0.0,0.0,0.0,0.0,0.20981083770996403,0.2445094787889116,0.10624484712491446,0.045124317494697884,0.2670349958832843,0.15809801226226572,0.5175175639736712,0.04993757802746567,0.0,0.10271081687620609,1.9649631802000924,0.0,0.04192520543350663,0.04176934965122593,0.0,0.040417104518632285,0.0,0.06851192107426693,0.1321381406593272,0.05177859472893905,0.2201440979849379,0.0,0.0,0.040417104518632285,0.03942440370589395,0.10452051215050955,0.7075401464436397,2.7702666132966365,11.235955056179776,2.0145490634674563,2.7859692961698648,3.3668908625101697,0.6308908011108952,6.730337078651686,0.7978942870841453,2.0145490634674563,4.432109592669745,24.458720430630542,1.949396375601708,15.547877664303908,16.62325802706685,13.431374379016239,17.234516861689723,18.709332073827433,19.721568163649362,0.0016242925908085605,0.0021603858344433676,2022,12
2023-01-01,91,4.251377100152464,1.3015976371604039,1.6740549273376752,0.0,1.5173400716049859,0.7056113097032048,1.8375374464210066,0.3125885778997216,0.3778465416495622,0.35745886193283843,0.0,0.0,0.4242667612159131,0.0,0.16805965639238282,0.0,1.4530660816049044,0.4997206662739776,1.1150197517729301,0.23378532095951693,0.058764764647117586,0.0,0.16058035095853465,0.6497313979014329,0.2863582177487268,0.0,0.14616290590459197,0.0,0.30533832993821386,0.0,0.25871837910892764,0.07089684509039347,1.0391013732001404,0.0,0.0,0.0,0.0,0.0,0.0,0.23378532095951693,0.4796643800703837,0.24609300439645346,0.1444103700908771,0.4133869960877546,0.04927807618390578,0.49465369683976235,0.0,0.0,0.1616795366795367,1.6973177864969131,0.0,0.14021965992409344,0.0,0.0,0.0,0.0495000495000495,0.03952881650723378,0.16805965639238282,0.055500055500055503,0.2586897489276079,0.05413305905916744,0.0,0.0,0.06502373366278692,0.043094160741219564,0.8001695578595592,2.5973952651394194,11.835164835164836,2.2780729720796598,2.7602626756456017,3.3803357742878464,0.6419029954831356,7.384615384615385,0.8484270708419374,2.2780729720796598,4.527056397665806,24.275434882577738,1.949594398777145,15.342020219712804,16.82794049311342,13.399169364086903,17.468931977843617,18.981828985850196,19.954138614313766,0.001790289267987541,0.002598742238806765,2023,1
2023-02-01,93,3.912805036377969,0.7158067766855575,2.4973181429379645,0.0,0.9980493066642074,0.614617725319444,2.006685869512072,0.35528215049641165,0.6294307179727676,0.5200665021451275,0.0,0.04200268817204301,0.15576677277930617,0.08271420952177348,0.12552154689251466,0.0,1.244159808847189,0.5651201469743231,1.0497529452152068,0.12770041583048533,0.0,0.0,0.0,0.34281842779676197,0.23512770743913786,0.0,0.13786064144965768,0.0,0.30560419424373725,0.08400537634408602,0.24916984036629045,0.0,1.8585387319838504,0.0,0.0,0.0,0.0,0.0,0.0,0.12770041583048533,0.04955155839651157,0.29320614496583003,0.12326527959673535,0.4043259078746451,0.043888523151195964,0.2425652712221568,0.0874202290410001,0.0,0.24074370190509112,2.006685869512072,0.0,0.0,0.0,0.0,0.08271420952177348,0.0,0.0,0.12552154689251466,0.14704639408212353,0.4834285541712078,0.0,0.1460021638015598,0.0,0.0,0.06400409626216078,1.0581546667965889,3.080118099029248,11.89247311827957,2.3158739246402136,2.761414846469051,3.35541858224829,0.6734549782721355,6.838709677419355,0.8488361453657818,2.3158739246402136,3.580564359138702,24.65841816486978,1.9538081044623206,15.909985778235665,16.805858620331016,13.465530499051708,17.44523299911721,18.87680440012472,19.958610597026695,0.002362718806002435,0.0028403019967808882,2023,2
2023-03-01,118,3.9623981116467584,1.5821285646211007,1.5821230989594404,0.0,1.424159513165739,1.0814091216227044,1.80112505628689,0.6258357498917706,0.42484115171747944,0.3094963086639842,0.0,0.0,0.4079700143807209,0.04507753335737468,0.44109447374992145,0.0,1.2630228164859263,0.5727148786910449,0.7341906202155496,0.18883146610223633,0.0,0.05263711969681018,0.2409746378637892,0.5714525728729444,0.2665727692931464,0.0,0.35106156851144277,0.09942989638296779,0.3077194994604968,0.0,0.2590980074012216,0.0,1.0153055920977219,0.0,0.0,0.0,0.0,0.0,0.0,0.18883146610223633,0.3693599602490683,0.40784301837555914,0.08390873698177594,0.37421633145709937,0.07440852565054429,0.7630390361365726,0.1646589248636016,0.0,0.07930263497198584,1.6686235099321454,0.0,0.13250154635474484,0.0,0.0,0.04507753335737468,0.0,0.09284287940775375,0.44109447374992145,0.046820863376720666,0.32648520697014305,0.047609979051609214,0.05074596569572719,0.0,0.0,0.13517972940198875,0.8465702159204581,3.486902202753805,11.669491525423728,2.28852037946343,2.776676435714705,3.362435317256166,0.6763191976509713,6.389830508474576,0.8217378691835407,2.28852037946343,3.960143157997211,24.433688580722478,1.9491800519772624,17.243569408584957,16.504015865893127,13.346600622099187,17.23862050703852,18.5135570839634,19.691845787779314,0.0022965246846187435,0.0023926020453926525,2023,3
2023-04-01,86,4.324456807234645,0.7389780635766464,2.4892270888866284,0.0,2.067358470140705,0.7972850668092288,2.235747376242198,0.6463302001512712,0.6445605987841391,0.40547694867993306,0.0,0.0,1.1161186711613427,0.1485014668555218,0.26636213246204715,0.0,1.174902302484057,0.2643609500754629,0.5082349856699097,0.4404993498463702,0.0,0.0,0.0,0.36092731696427144,0.20815368633247214,0.05932605600379687,0.11057100427610594,0.0,0.6360069508252597,0.0,0.29987554253963056,0.0,1.553344595521738,0.0,0.0,0.0,0.0,0.0,0.0,0.4404993498463702,0.6690213862994455,0.45964952372171997,0.1496804250731557,0.3485077852000136,0.06087909411907952,0.32408544538191175,0.34980489840101076,0.0,0.06251562890722681,2.235747376242198,0.0,0.0,0.0,0.0,0.1485014668555218,0.0,0.06087909411907952,0.26636213246204715,0.17058750671462272,0.3479246989909451,0.07406310176270182,0.1401053726635122,0.08246742536698004,0.0,0.38049447426791766,0.5829200617630178,2.5158665556421087,11.593023255813954,2.2160392412846663,2.7876231470478023,3.356325460629859,0.6571850091311094,6.674418604651163,0.7985304028379173,2.2160392412846663,3.799939505205093,24.007885138117697,1.9712097211857442,14.526768470230895,16.784145661966654,13.441100272283647,17.470085505625004,18.696169915680386,20.058385414302023,0.0021570794976292188,0.00210670594862671,2023,4
2023-05-01,122,4.814624778586169,1.1078449258142462,1.9056182208588268,0.0,1.2485347394135566,0.7633968158955013,2.2684156203383186,0.5807837969344392,0.42170147351807497,0.41603790893137493,0.031048186785891704,0.0,0.355028991378794,0.12694622380284354,0.2032004432277904,0.0,1.2304774381128314,1.1515323579809413,0.8472711660839543,0.4530820622817474,0.0,0.04793404275716613,0.15234231200018797,0.6259244639480691,0.14022435897435898,0.0,0.04160772239327619,0.09981202574118772,0.7126019520163024,0.0,0.2047260333469658,0.08791804915460716,0.9003721863409516,0.0,0.0,0.0,0.0,0.0,0.0,0.4530820622817474,0.3974667197153075,0.25072176587303935,0.03866377977111042,0.10860041177235198,0.02991504128275697,0.31577773564845607,0.1111444789900132,0.06233248145608677,0.2442270785181883,2.1106232125904794,0.0,0.08921358669397197,0.0685788210538674,0.0,0.12694622380284354,0.031166240728043384,0.036108904455838815,0.2032004432277904,0.18336198471992313,0.28035223737807835,0.0,0.06715709124173053,0.03759963904346518,0.036592505854800936,0.3134234895385276,0.6996180731245762,2.429985931240625,11.51639344262295,2.268165349876518,2.779876865597848,3.3869696690394453,0.6823309039121479,6.631147540983607,0.839522419018045,2.268165349876518,2.8385956148530207,24.54357827161588,1.9660721510692984,16.022189667487776,16.520615912365805,13.38914426629759,17.23388489924352,18.623971813292044,19.68122254159563,0.0025823877284727125,0.0030107153709653905,2023,5
2023-06-01,135,5.184810643887696,1.9311424109455246,2.562617389912037,0.0,1.4962563180703672,1.0235783903452045,2.044405330259351,0.5282053170082135,0.44274016007547445,0.39180724776757564,0.030358227079538558,0.05446623093681917,0.7423907804597879,0.28663050118625333,0.14658749861242074,0.0,1.261596280634409,0.4626030123641962,1.4608588693342126,0.3475119955124824,0.09470311925016776,0.04905567819475104,0.07194370230673862,0.9188226935138275,0.32560444826825574,0.060222824450466735,0.1968418382929041,0.21394810666841318,0.5087630263563109,0.0,0.5264574384819396,0.0897395995435211,1.4376573255302652,0.0,0.0,0.0,0.0,0.0,0.0,0.3475119955124824,0.5357519309357609,0.3400017358032234,0.031123560535325244,0.24186709528357514,0.17611826100438938,0.4097009856555553,0.2450820615292023,0.0,0.1926770821560576,1.9750147163555523,0.03477656059815684,0.034614053305642094,0.0,0.0,0.28663050118625333,0.0,0.028058361391694726,0.14658749861242074,0.06692895581784472,0.33155109353025414,0.0,0.04841442749939482,0.0,0.06277463904582549,0.3557013952283171,0.4029948099037225,2.361444451235843,11.437037037037037,2.1991231974419736,2.765845692575809,3.3372513528961876,0.6409056442756851,7.288888888888889,0.8361709105205262,2.1991231974419736,4.271213845922984,24.00949890644335,1.9790347738719452,13.77410117217503,16.962693232603662,13.542691739343631,17.702390768559134,19.059634425123118,20.3914412105752,0.0028073472891360393,0.0031606392550262313,2023,6
2023-07-01,115,5.877634073514473,1.1798556950623826,3.0749273887951847,0.0,1.3902814951563447,0.9371192880250808,2.05415295981354,0.5155782248530626,0.11511561307601503,0.30743435152006793,0.03934684241589613,0.10026373095994622,1.128969613971455,0.1118423418563671,0.2605767030570755,0.0,1.7314857332936409,0.6715878466308133,1.2184020500061605,0.30772485980305075,0.0,0.04997501249375312,0.12015359841446797,0.3891510558301928,0.2162214362514631,0.0,0.4043545920725057,0.0,0.6893785834307672,0.03988831272437176,0.546951975002484,0.08853445222949924,1.7101740654080624,0.0,0.0,0.0,0.0,0.0,0.0,0.30772485980305075,0.5321166994789494,0.47658653721276173,0.0,0.0738533986615828,0.16593445437559964,0.5779606487841614,0.0,0.0,0.1932241848653197,1.8803223097155741,0.03700277520814061,0.13682787488982529,0.0,0.0,0.1118423418563671,0.0,0.05175983436853002,0.2605767030570755,0.09139934557108996,0.0773084297111757,0.0,0.0,0.03780718336483932,0.0,0.09300162752848175,0.8810076630858744,2.3765889462657244,11.878260869565217,2.288368085933094,2.7712617866911873,3.336333360743626,0.6319844013251679,7.034782608695652,0.8073328220774959,2.288368085933094,3.240014792402803,24.014974590626764,1.9950023446508247,13.079554093679622,17.003500741487603,13.70053873959723,17.63869885923666,19.182245560562155,20.357528423327313,0.0022217250717097483,0.004048591790163806,2023,7
2023-08-01,125,5.4636005543671615,1.6491977457806692,3.36870701901683,0.0,1.48592738576231,0.8650515025229055,2.0395025845550747,0.8176730255745535,0.33223058112579323,0.2545811374764074,0.0,0.0,0.7487626328165288,0.25551983915093185,0.44642814067829184,0.0,1.415312553880948,0.7517497272971114,1.2539335585806024,0.33731296448633985,0.0,0.056338028169014086,0.12483203071438366,0.7325483216413617,0.35128585664780215,0.0,0.3226550470696461,0.06153846153846154,0.7829326059436765,0.3211625287842011,0.3882362751954096,0.14644927874630403,1.7299263303472392,0.0,0.0,0.0,0.0,0.0,0.0,0.33731296448633985,0.3804903684022046,0.4809098483857497,0.03125,0.25596420448801577,0.20619084013188543,0.4409395091311389,0.0841057147396854,0.053691275167785234,0.08012416335241052,1.9438602529195343,0.0,0.05263157894736842,0.043010752688172046,0.0,0.25551983915093185,0.038461538461538464,0.07726350728379125,0.44642814067829184,0.0,0.29376904266425474,0.0,0.038461538461538464,0.0,0.0,0.1559447004608295,0.25662690424527246,2.5157727870937006,11.712,2.248733035314405,2.7866992338234455,3.406456909622464,0.6846586513955512,6.76,0.8128553396540447,2.248733035314405,3.461320143747227,24.192820646020646,1.965072938318293,15.162975608257332,16.753310021961255,13.489201946634592,17.4016213795128,18.732806120467846,20.00430092188923,0.0022638896516874486,0.0034477263322969832,2023,8
2023-09-01,119,6.929469707269656,2.4277465756129124,3.0680063376987046,0.0,1.6744526995603624,0.953682336707134,1.6564093674155604,0.9888464711558707,0.4715443903423481,1.0049168629883163,0.1525588846412019,0.04040077569489335,0.654395837995798,0.3148493715135957,0.5245592622632105,0.0422279464549639,1.5949712051484914,0.8309782646244733,1.3140893743037616,0.45552192164095046,0.16579195435475375,0.4929863334817668,0.1796146137322916,0.7833930498495748,0.33718888404574454,0.03295435821387378,0.345789896089759,0.09002748584514796,0.4719605393346332,0.049431537320810674,0.6481020712039396,0.24472147278585432,1.653790717053467,0.0,0.0,0.0,0.0,0.0,0.0,0.45552192164095046,0.36682954715126237,0.3655901371599736,0.07476183946772182,0.41174925414045394,0.1039631538890066,0.549899954103598,0.03575898444484177,0.0,0.26406024426968755,1.5835211871105004,0.04244121891180715,0.0,0.0,0.030446961393252953,0.3148493715135957,0.0,0.07412579114245563,0.5245592622632105,0.07531204623660884,0.33674778922139237,0.0,0.13479660112095565,0.0,0.0,0.1292824822236587,0.603315641089621,2.9325054208440164,11.764705882352942,2.2457957240911393,2.767210207413783,3.3695396456488553,0.6750328548002554,6.722689075630252,0.8209907875753759,2.2457957240911393,4.111958113211082,24.029592746189387,1.973224776870939,14.59240646462807,16.76434974850254,13.49498122956796,17.47158496513835,18.88227181210943,20.178318584117275,0.002194295167372167,0.0028508707604110676,2023,9
2023-10-01,124,5.0287074525695905,2.115616292245523,3.212488779847346,0.0,1.8375922345442381,0.8519723509468098,2.059671640225898,0.7318285182104546,0.5603114585884865,0.27323892654409976,0.03972668043858255,0.03150201612903226,0.5839984640050868,0.108232039322594,0.4020078687664967,0.0,1.2497260056470134,0.9309386828052972,0.9657016564830663,0.44363511242832165,0.11161419481209742,0.12970383982406034,0.2562350923820106,0.9972411265326475,0.4026835731412303,0.0,0.09888712733684271,0.11925133821663413,0.533841716399815,0.13845859469173133,0.538261130091237,0.37482115498652263,1.6271061836780396,0.0,0.0,0.0,0.0,0.0,0.0,0.44363511242832165,0.5331750731589655,0.48343022962395527,0.0,0.3773518193329955,0.0,0.5647331888845992,0.07979012635603812,0.0,0.2074490357061724,1.9238909147624406,0.04156967076820752,0.09421105469524967,0.0,0.0,0.108232039322594,0.05719514985129261,0.11236432395373404,0.4020078687664967,0.05202913631633715,0.28556921082110415,0.0,0.20206535482895735,0.03568369968598344,0.036993193252441554,0.17662202241342354,0.09284804753820035,2.3667398534736455,11.483870967741936,2.174144398591422,2.7626296265857877,3.3226655216995518,0.621702890997648,7.129032258064516,0.8533241683262347,2.174144398591422,4.957701803062166,23.666856452897726,1.9894443622419664,12.807924183435388,16.824765636534167,13.63530793517411,17.480922405464177,18.978687193592467,20.10164303634908,0.0018978125800023264,0.0033373043725397154,2023,10
2023-11-01,162,6.005410749241117,2.05640714611934,2.979817708744914,0.029820480706148983,1.716398517023938,0.8929313713170951,1.9494321871214542,0.774475819414139,0.5471832899309799,0.306509206120635,0.04170837504170838,0.09670502455686844,0.70681706664,0.19133714640633287,0.42895315510131554,0.0,1.3119225816340387,0.9458983472837824,1.5616505538054335,0.41390929265100235,0.07171087479118282,0.209467130029004,0.12611065878438174,0.8929962722723847,0.47665967761969624,0.0,0.24890392120599353,0.030558611416697225,0.4723171580082432,0.22309189838117072,0.5563377387690246,0.25325816902739184,1.4748127445590837,0.0,0.0,0.0,0.029820480706148983,0.0,0.0,0.41390929265100235,0.46780743988735013,0.2804032743106703,0.2447955465785245,0.3094829635963906,0.16127283689374525,0.32309540890168775,0.065825747044888,0.023381967826412272,0.319355410650362,1.8631613421479174,0.0,0.029677113010446347,0.056593731963090387,0.0,0.19133714640633287,0.027193125577853923,0.028710881424059722,0.42895315510131554,0.09828151090457701,0.2930999434251873,0.030558611416697225,0.16046725975091825,0.04061078622482131,0.02244668911335578,0.11722796114330505,0.4641506402571733,3.4899935348246554,11.580246913580247,2.167529227289709,2.7353272856593964,3.304885905437148,0.6417113834200711,6.8765432098765435,0.8635560413810563,2.167529227289709,4.509378868358796,23.80671470162211,1.9946366734839713,12.396682511404506,17.067417821192887,13.560591989867376,17.759564555724996,19.091776586837877,20.5350550525109,0.0021430646519383866,0.0034878457822673232,2023,11
2023-12-01,121,4.785914578938063,2.0361555716606268,2.746210845422568,0.0,1.6501298653548349,0.6304280610247647,1.9283425839792214,0.563077687527153,0.4771138432564899,0.071839640471641,0.0,0.06830134553650707,0.5602781302683992,0.0,0.4392477624047781,0.0717207655006698,1.3809430652477759,0.6445948074906641,1.1940483734720266,0.3549406885456012,0.0,0.22016891677686895,0.17680508450822435,1.291512569090839,0.11048364663253711,0.0,0.1752792661883571,0.06190608846380041,0.3844775542386063,0.17458128126308708,0.8907800842723759,0.2237779994066261,1.0725939262418729,0.0,0.0,0.0,0.0,0.0,0.0,0.3549406885456012,0.390520612930023,0.3503035106184831,0.16605195267518386,0.38831310058554386,0.03415067276825354,0.363933655090705,0.044915558749550846,0.0,0.18742817441625526,1.900136226266193,0.0,0.0,0.02820635771302852,0.0,0.0,0.0,0.04833019187086172,0.4392477624047781,0.07549973325151323,0.31708572478096464,0.0,0.11764625791184655,0.04238186056367875,0.0,0.13305200604897632,0.4095579596548528,2.2911886692661416,11.793388429752065,2.3108657692130614,2.756437448498058,3.3426684659592243,0.6681828872600404,6.975206611570248,0.7853515237479743,2.3108657692130614,4.367818882518725,23.987274055145956,1.98560521304302,12.593896820652173,17.085591345566908,13.603759880809568,17.70035391331129,19.149210735322406,20.443064669316808,0.0027536791771846617,0.003478555659146336,2023,12
2024-01-01,131,5.869676894205916,2.616512758137746,3.5907612268337723,0.0,1.7465397873241297,0.6734898903554684,2.238280413070495,0.7853245025827226,0.8022931773255136,0.4703014175934735,0.0,0.042645741822679,0.6202117529252206,0.21430625596224692,0.3601077067947473,0.08859734411056137,1.4732696874677933,0.5423897215957569,1.437814229763693,0.6200330361697439,0.03318951211417192,0.2612763260905171,0.25192441389562376,1.110471190705001,0.4989345380722368,0.030905213709552803,0.3495899513469299,0.08022161220371277,0.4603603324643276,0.2942651061857474,0.5935337745900605,0.16728847253665247,2.075313541056984,0.0,0.0,0.0,0.0,0.0,0.0,0.6200330361697439,0.4631728647030865,0.2741536095021056,0.21611902660215873,0.17306125034703493,0.0,0.3205339750449619,0.06447696261009206,0.0,0.2884789527004144,2.0186684518471787,0.04337265787647467,0.1351985087970594,0.04104079454978249,0.0,0.21430625596224692,0.0,0.11050380912001749,0.3601077067947473,0.10040673070571089,0.4476664272903692,0.05980465983016407,0.13921738692384208,0.10877287637157047,0.04683182690956774,0.5169544425318918,0.2587809578185473,2.7145712351632953,11.465648854961833,2.211745496951583,2.7590913536373254,3.3962432928189714,0.6555695401786729,6.99236641221374,0.8379249219274053,2.211745496951583,3.1933108553520384,24.517791517219,2.003508269102814,10.996963812525276,17.40647424742798,13.611649147411244,17.84211239346821,19.483684467336506,20.725014970028887,0.0019652804356866055,0.0032936658468451234,2024,1
2024-02-01,147,5.704585777820595,2.1642307404285166,3.944564218093366,0.0,1.3600992533447651,0.5960301838993168,2.077152333998052,0.7414830129625524,0.31118275146394825,0.5757814675772058,0.0,0.13076977522433492,0.6743960917658722,0.17522704280144075,0.322569744900444,0.0,1.1593010770521328,1.1165216778173295,1.26628195330324,0.28373694737859523,0.10301964564666373,0.2922284284337093,0.22322812933485844,0.9224356039405937,0.4749284436279712,0.0,0.09221655734591618,0.056173932098804044,0.8682484380976954,0.17530208650722454,0.7583468616797261,0.29235623992673726,1.850310591881983,0.0,0.0,0.0,0.0,0.0,0.0,0.28373694737859523,0.5891752679116654,0.30427822931573084,0.0,0.18290880873877347,0.07032888343307248,0.34346051032841834,0.0,0.0,0.182240790137826,2.0063842342773657,0.0,0.07076809972068601,0.0,0.0,0.17522704280144075,0.0350655726208009,0.06299891072851127,0.322569744900444,0.1456217419113555,0.1852265175074999,0.04388852315119596,0.08206771080525233,0.0,0.0,0.15649140073103207,0.6743012177597923,2.6745575829087134,11.16326530612245,2.0913408787564296,2.7584726252867666,3.3671457229671704,0.6831270142065504,6.149659863945578,0.7554563878933055,2.0913408787564296,3.8503859872004935,23.72826608387833,1.9977033610146953,12.607467412474529,16.85194525242574,13.708864457327214,17.451237562920006,19.132589738324835,20.140402805224166,0.0015914696898778236,0.0031829155860690884,2024,2
2024-03-01,142,6.8116841996420305,2.6175719027974376,4.034578421742296,0.0,1.9578228581897792,1.3259084592108201,1.9490003368313986,0.8870785136640812,0.36428909635994317,0.5311323256172062,0.0,0.028511147858812796,0.868653163333494,0.318858099320953,0.36791166324172964,0.0,1.1763850571290468,1.0932831714815665,1.8415372357341377,0.5854123359250833,0.07233281881169205,0.24699424296752356,0.1325668358719661,1.6045032705418163,0.3402274502698012,0.0,0.2209472843346383,0.0,0.5642582507223209,0.3012295749997541,0.8537855436191346,0.06886030721350332,2.246444745187583,0.0,0.0,0.0,0.0,0.0,0.0,0.5854123359250833,0.529237375610814,0.3540299664258264,0.11918829409944587,0.3699548861286096,0.15179561415309234,0.5880184189628503,0.2226574219734124,0.0,0.3634370041214651,1.889770498929529,0.030485945978903726,0.02874389192296637,0.0,0.0,0.318858099320953,0.0,0.03648836021309202,0.36791166324172964,0.1638203908883066,0.31250782046930525,0.05178127589063794,0.0,0.0,0.0,0.2771275781111639,0.7917827474096428,2.9314665369204604,11.43661971830986,2.209580297850961,2.7617152577279334,3.4110054821205336,0.6928366583702572,6.528169014084507,0.8118972116171502,2.209580297850961,3.7331841587838746,24.503386519583703,2.0205563315381125,9.793027628922777,17.49106177796557,13.848658658852994,17.95081209520361,19.840330565704487,20.889870975161994,0.002504071739083241,0.004667644843885902,2024,3
2024-04-01,116,6.363917889289849,3.089603314422043,3.679047867185825,0.0,1.9139865227341362,0.6624113316116462,1.8496661501049783,0.6673363513519148,0.22807678313882482,0.4212912337116617,0.03848522167487685,0.04028359651949726,0.6441202479926452,0.2343203885186377,0.39310536257784934,0.0,1.3370637625025148,1.1958274175089258,1.6703986324408673,0.38902202584237283,0.033156498673740056,0.5128959877184666,0.2026029561269108,1.640419411723884,0.24457281746773854,0.04028359651949726,0.31634263011633285,0.0993294160754727,0.6252669226325338,0.2531092891853429,0.741600343082829,0.18990504176305922,1.8691662705220604,0.0,0.0,0.0,0.0,0.0,0.0,0.38902202584237283,0.7118730782193711,0.4052429295030682,0.16309499235835223,0.24475349681097172,0.05864414731409805,0.3460162199231554,0.04028359651949726,0.0,0.2174673678548956,1.7573712446850462,0.0,0.04466678577809541,0.0,0.04762811964183654,0.2343203885186377,0.0,0.0,0.39310536257784934,0.03991060025542784,0.14663354753737418,0.0,0.08144323560145061,0.0,0.0,0.19985020787478602,0.5477246964235485,2.7307768072800482,11.46551724137931,2.107761658516166,2.764237789414126,3.3360451615819233,0.6455861441430195,6.603448275862069,0.7748928726631352,2.107761658516166,4.223665719643505,23.370640757709722,2.0139988882550677,11.650066881687374,16.98409499338577,13.775327921659544,17.497429094256844,18.915573477144576,20.28987427371072,0.0021272915071830862,0.003922777379486428,2024,4
2024-05-01,147,6.404984704252001,2.5286813932309644,3.3272732106219842,0.0,1.5027777355007563,0.8390411496552869,1.9357427390409074,0.7920632781168566,0.3103252999720447,0.4441653141983239,0.04446222933617892,0.06286985040750699,0.5971404803873849,0.25966839410599823,0.4041043016035403,0.0,1.3387714564996527,0.7653190413966884,1.9320255582566928,0.5564580780600344,0.10440780936365998,0.26466973108127406,0.04278440936122877,0.989672711943092,0.6466092766958241,0.036184686640613695,0.4443527681452716,0.0,0.8192795179220287,0.1771250453740885,0.5727840801706664,0.289848332293987,1.468236234861214,0.0,0.0,0.0,0.0,0.0,0.0,0.5564580780600344,0.470584446549884,0.3543203372759004,0.058563803941986306,0.0628510696729509,0.03254890472935586,0.49031816809782663,0.0447547440028643,0.0,0.27141933282524,1.7699972290348782,0.0,0.09606880989454639,0.06967670011148272,0.0,0.25966839410599823,0.0,0.03178841630109988,0.4041043016035403,0.09650216610621817,0.17181570290737208,0.0,0.045351473922902494,0.05536522820601806,0.03779289493575208,0.4787696189416183,0.37350497806357313,2.7883157111578933,11.523809523809524,2.1311234315611065,2.753040400085709,3.4072894207324667,0.6682739276984424,6.666666666666667,0.787163165607284,2.1311234315611065,3.7066455436834502,24.415686014665607,2.0198142439142828,8.908572398255156,17.711830940016878,13.876754675911641,17.92086782165472,20.02386742953072,21.088042773653026,0.0019853941813537668,0.003631849855243171,2024,5
2024-06-01,150,6.153191625073845,2.518223232222303,3.6562810683454154,0.0,1.7145053400084491,0.963120875147891,2.297707601845287,0.7717278315207864,0.36829686644789333,0.6876295626390754,0.11147839159284804,0.07194984068249563,0.9143106790218262,0.13637451163755365,0.52541066667575,0.0,1.1422962550184979,0.7880230710945592,1.3509592889603674,0.42475935775087204,0.02364066193853428,0.30562718568665864,0.07811346889653371,1.4189485767807233,0.3426350684513778,0.03174603174603175,0.20399339521726362,0.11351884350517992,0.8285331898436304,0.3003800227413394,0.9414534597668709,0.22616292619984804,1.3597514697937267,0.0,0.0,0.0,0.0,0.0,0.0,0.42475935775087204,0.7488549520193752,0.2724758993901598,0.05439237842029468,0.2140227524277472,0.10440039161223864,0.2460319285718704,0.08812494546723672,0.0,0.5245636094965452,2.2222968827502156,0.07541071909507137,0.0,0.0,0.0,0.13637451163755365,0.05228838582677165,0.0,0.52541066667575,0.057654267380711145,0.250105382227701,0.0,0.08310376492194675,0.03508771929824561,0.0,0.1027451850857019,0.3108725986420538,3.102639744272554,11.413333333333334,2.183118160420795,2.7558789353648714,3.3513464490551415,0.6423773006846119,6.913333333333333,0.8024526259560403,2.183118160420795,3.29938145103515,23.65175417175417,2.000148859205375,12.113799637653782,17.018206366909933,13.741755803154925,17.640610402902592,19.293549729486855,20.364579419829273,0.0019202824168736924,0.004140032463128565,2024,6
2024-07-01,151,6.6111359403685945,2.5885350169812473,3.8049012356942455,0.0,1.718836536011702,0.7372579374622666,1.7942467294685271,0.5415280634309754,0.2897387987818192,0.6832147401991727,0.02854532998401461,0.0,0.6575549428709853,0.1995070727968399,0.17109249051340533,0.03560492772199673,1.2676943514952488,0.7673980250657695,2.189176441648334,0.6113476180728273,0.031238285642883914,0.21948082569949687,0.14604074120353414,1.3085763899817582,0.4196429218188543,0.027141461296276197,0.43641439133844406,0.0,0.7790988985631213,0.1685204538100906,1.1395910426793905,0.121984995382194,1.5957058452594493,0.0,0.0,0.0,0.0,0.0,0.0,0.6113476180728273,0.6159006032658967,0.26030721867690154,0.17860198702557686,0.052679108970499704,0.12670423606251988,0.24630893403905527,0.0,0.026279827604330914,0.3379649397563606,1.7238976524969334,0.033961623365596876,0.036387453605996656,0.0,0.0,0.1995070727968399,0.0,0.06901068787344193,0.17109249051340533,0.1019178122472882,0.16857511460619956,0.03378834977699689,0.05740919613486077,0.029966138263761953,0.0,0.4370744558281572,0.419405036354692,2.373210261513892,11.311258278145695,2.079384905517346,2.7520146506190613,3.374036109048628,0.6748229996739961,6.741721854304636,0.7905405657660596,2.079384905517346,3.939428809365333,23.728243739336456,2.0163291491212267,10.767790815932335,17.20070216794479,13.777589236383566,17.699707223376016,19.319296525117878,20.58407385866909,0.0023365404530603815,0.004514382821519112,2024,7
2024-08-01,120,6.005504663084455,2.104423211684916,3.1404264970731295,0.0,1.3642801389921424,0.9226247292411263,1.9317407958219164,0.5587946158544227,0.4076416980643614,0.7588440377688388,0.0,0.0,0.8400112539713138,0.1856950133038357,0.26763410838335666,0.0,1.2032071979774872,0.5318524663424856,1.907588037777702,0.3106725475594357,0.0,0.1401499144869244,0.03671071953010279,1.5020886305129773,0.21667506584220306,0.040257648953301126,0.06983403459560543,0.09870719776380153,0.8913954797929643,0.09343434343434343,0.6748065439309232,0.0869115227429542,1.3938786071719442,0.0,0.0,0.0,0.0,0.0,0.0,0.3106725475594357,0.36418401854539595,0.33282142664979386,0.08403843631116358,0.2725637099263532,0.0382262996941896,0.4062177240299098,0.12793570076293626,0.0,0.35024500475409054,1.8218193692860696,0.0,0.07548616482785762,0.03443526170798898,0.0,0.1856950133038357,0.0,0.03607503607503607,0.26763410838335666,0.0693904580921943,0.16334935621785543,0.049019607843137254,0.15935319377348364,0.035919540229885055,0.0,0.2781114161519103,0.5689822489577803,2.4031348845533227,11.591666666666667,2.272027951779719,2.7505135307734396,3.3297907255724657,0.6469395933380094,6.733333333333333,0.8050656520959723,2.272027951779719,3.7734031980967537,23.17518515049765,2.013336900033342,11.306173121728976,17.129180558855087,13.857941641770758,17.596953332293648,19.384387059669635,20.405026507517565,0.0022859107580181035,0.00386944656628227,2024,8
2024-09-01,137,7.625137281334467,3.203598930965255,3.8996330202717018,0.0,1.696273370218142,0.4978685416508383,1.8096585198102195,1.1458436105800578,0.45793708185333254,0.7665314442212526,0.0,0.06160708715453241,1.1712865107254657,0.22357977286378655,0.7185958048383545,0.030162273028895462,1.3591257526976406,1.05749868956932,1.8952278439189665,0.34152210231625324,0.12117414686941161,0.06846357211320715,0.07997165991044022,2.1263688477694647,0.29756036886006815,0.0,0.389050079456863,0.1210102559858005,0.9823648036805145,0.187655196780662,0.887094437235707,0.13442302348629703,1.7080955590885212,0.0,0.0,0.0,0.0,0.0,0.0,0.34152210231625324,0.5056298158155774,0.24738921241427855,0.2161941443887453,0.38553809528328764,0.09902891241413017,0.07377078060496443,0.048988389751628864,0.0,0.27608045888011484,1.7223267348491034,0.0,0.031193461850396162,0.030162273028895462,0.025976050081824555,0.22357977286378655,0.037052132350216746,0.03667974911051609,0.7185958048383545,0.1299361514171839,0.2211612575722363,0.0719419233761813,0.0925826804800639,0.02931433764254096,0.042936882782310004,0.20154718007685607,0.2345152953214012,2.355511380722307,11.525547445255475,2.13813559844757,2.7429436729752914,3.3695871958205514,0.627176109284752,6.963503649635037,0.8104125443890988,2.13813559844757,4.450859132039256,24.033206361764755,2.0257393077023123,8.869801687758493,17.61765878052573,13.92954040261183,17.999673649546832,19.931248988148038,20.973886716360852,0.0016312651798577132,0.004315329646687446,2024,9
2024-10-01,198,7.7382119318913904,2.8348749722413666,4.064549131215176,0.0,1.249372533568351,0.4731241840970342,1.8294571719096193,0.9069010653955392,0.32250797417211513,0.4964761861035942,0.05654401176115444,0.023490721165139773,0.9657799379676698,0.1901316131448687,0.5747275230772662,0.0,2.2544056743369985,1.142264948080458,1.6129610451235175,0.42143027113072334,0.0,0.16390480667654952,0.24561958761867528,1.8082872772101661,0.3478725619617818,0.0,0.2235976762800083,0.04559306249418586,0.9266298833967853,0.0880503144654088,0.6923545907947568,0.09781224066938353,2.2597021018888417,0.0,0.0,0.0,0.0,0.0,0.0,0.42143027113072334,0.4625941279737826,0.08513182425675143,0.11855484302734029,0.16166146717975333,0.045108179079470935,0.09410015399571935,0.09445649388099261,0.0,0.23945935714085131,1.716712219580575,0.0,0.053826244302434774,0.023600490890210518,0.035318217136398954,0.1901316131448687,0.0,0.06300825014275306,0.5747275230772662,0.07903367903065114,0.23480874161940465,0.0,0.08769923255271049,0.0,0.0,0.21693452209555916,0.27278530372491927,2.641307796392013,10.828282828282829,1.9671674369798486,2.7415091628165373,3.37147405684431,0.6518217100093481,6.8232323232323235,0.7871050578796672,1.9671674369798486,4.501570481136828,23.149323726217663,2.0405333821056297,8.637892148083226,17.388038482476773,14.109542418070948,17.81291736218135,19.79943042377462,20.77702530213141,0.0017974963352948127,0.0038594286449678433,2024,10
2024-11-01,169,9.481671962555941,3.663643319645994,3.7590837361801683,0.0,1.7738264195345974,0.7254972032868673,2.0268387124035785,1.3141526512067188,0.42806849349877385,0.7360959353997474,0.0,0.053936904828881804,1.0932960591920322,0.2212665601109844,0.9052356465611945,0.023956112402079392,2.463113970674904,1.1148950793933274,2.2421696272225713,0.6277060667702193,0.0,0.32302195016537083,0.2749894011457296,2.014852579669021,0.20060015083361224,0.042877969299373986,0.6987111829536442,0.10859008557924181,1.1325370544057063,0.14467759124005766,0.7641087570743871,0.1286575629915217,1.5891027704684955,0.0,0.0,0.0,0.0,0.0,0.0,0.6277060667702193,0.50618758216253,0.19998001184182126,0.06072874493927126,0.37922401382075555,0.0,0.38301101079685573,0.02275830678197542,0.0,0.31972788570803606,1.9900861672898293,0.0,0.0,0.036752545113749126,0.0,0.2212665601109844,0.05028416399653858,0.025839125603989557,0.9052356465611945,0.11152715493401173,0.21260586652494717,0.042569494700097917,0.1239701010391025,0.04892303123462627,0.0,0.2605661725167123,0.38358362368143295,2.9155877940104737,11.278106508875739,2.095229662547848,2.766589403743606,3.4051164071515108,0.6453492488233348,7.408284023668639,0.8652555625936103,2.095229662547848,4.8846884208527666,24.02476645642326,2.0411293966411073,8.532024220592618,17.60107702353981,14.168156566131206,17.96947240375005,20.179729957195907,20.941338525900253,0.001806936330588837,0.004470701202419134,2024,11
2024-12-01,138,6.696544304793401,2.8670646500027153,2.926049325486841,0.0,1.840164677256071,0.6893634626669457,2.397710927714728,0.8507428661335464,0.36203786692635626,0.3881438803481292,0.02819601872215643,0.07696844779756812,0.9349373173372051,0.22379386230835713,0.4915656503973928,0.036231884057971016,1.5423966512571277,0.6276379669221182,1.7251072750912622,0.6215653505541135,0.0,0.2173336260062638,0.15271657965348714,1.8153499882640056,0.42331643595980123,0.03418102269619907,0.17771586401530287,0.046451133407655144,0.5867044480888021,0.17058662374824307,0.4616683701160703,0.16365293045923288,1.5434369530744925,0.0,0.0,0.0,0.0,0.0,0.0,0.6215653505541135,0.5029998773391887,0.43167946127830953,0.0,0.2839199880844593,0.08557241266738448,0.19699226060262487,0.0,0.11692996646468796,0.2898688229322484,2.3640068495212665,0.0,0.03370407819346141,0.0,0.0,0.22379386230835713,0.035873152532644566,0.09951020089515199,0.4915656503973928,0.0,0.1491671030776301,0.036971310263235725,0.14325811659632734,0.03264133698916308,0.0,0.0598874116660678,0.27887178449410976,2.734728699465689,11.420289855072463,2.1910847879477062,2.748896672959219,3.395211584667456,0.6407426071223137,6.826086956521739,0.7818475968584491,2.1910847879477062,4.189665054514545,23.903619407967234,2.0354454204409933,8.624274089154659,17.507169470539502,14.013674791044275,17.93108090477305,19.807341776555727,20.92042514746823,0.0019410621221575622,0.0036097444315982127,2024,12
2025-01-01,116,7.8654250391172775,2.910948898176371,3.087681917789571,0.0,1.715255262853563,0.500102288428725,2.2464161147010686,1.170088320940136,0.4714533641511018,0.7057861866579224,0.04420866489832007,0.0,0.99281538370347,0.4200111701135966,0.46666362593333016,0.0,1.8715299937273693,0.7785336308199967,2.0496365062699775,0.5362398769932939,0.08001098937454061,0.5953990408648987,0.10898444029043833,1.5108012754658582,0.2416549254679791,0.0,0.25380435323507916,0.12029387347757706,0.6025793776716881,0.14035603063608146,0.4223027540987489,0.1582742520458034,1.764169503337249,0.0,0.0,0.0,0.0,0.0,0.0,0.5362398769932939,0.7181818972272042,0.1297141847774356,0.09001894579670949,0.24110035805891974,0.11622770898528158,0.0780214846530371,0.047107593744111546,0.0,0.2587455010462948,2.164808257741982,0.0,0.04870446132865771,0.0,0.03290339563042906,0.4200111701135966,0.04420866489832007,0.04843084075939558,0.46666362593333016,0.19077401923549359,0.311251289603365,0.12029147429230892,0.0,0.03991060025542784,0.0,0.573180673793081,0.17596522730240036,3.2566479939449966,11.327586206896552,2.1280350912795916,2.7610158013353976,3.395262611713368,0.648182844015742,7.448275862068965,0.7960898300057909,2.1280350912795916,4.6613060349780335,23.742047416185347,2.0432733494859177,8.635392737276206,17.419756511340736,14.02823185908594,17.886193547865425,19.757275012365618,20.892728471419183,0.0017241822229373163,0.003756228777630978,2025,1
2025-02-01,155,7.672294377310954,2.659561878743473,3.3995844933779895,0.04135649296939619,1.5368802623385014,0.7484747614723068,1.9280610120728976,0.5847109887966516,0.4874301976988188,0.529464362212684,0.07739902315501522,0.03644979041370512,0.961530091897206,0.23514630717529678,0.32465497929229775,0.0,1.9051318160239314,0.7277900586128798,2.3209696690596386,0.5537582794683004,0.09252432941044526,0.21794823108885458,0.087853573805707,1.5189206244371538,0.333147292337701,0.0,0.37943689262570474,0.029730935037906938,0.6589563066724559,0.0631589811686106,0.7472790590219055,0.2720743565666686,1.658115789948349,0.0,0.0,0.0,0.0,0.04135649296939619,0.0,0.5537582794683004,0.37502815424952424,0.2385862715712139,0.2161938648363399,0.15331369221312294,0.08007473642065929,0.27419420002707967,0.02490970232905717,0.0,0.36929612269551076,1.81817346642388,0.0,0.042444821731748725,0.0674427239172691,0.0,0.23514630717529678,0.0,0.02490970232905717,0.32465497929229775,0.0,0.1935624709810544,0.06716080314577026,0.1641508837863528,0.03544842254519674,0.027107617240444568,0.3044838089815929,0.8408452809732923,3.39291558738497,10.987096774193548,2.0354270079448145,2.7582763015562715,3.4217799751881888,0.6959332053376905,7.264516129032258,0.8106923465746254,2.0354270079448145,5.076577376218567,23.75580566387018,2.075298432560851,5.886985030052731,17.868725268505923,14.271600940117356,18.157469530519943,20.37321059574574,21.396011845961656,0.0015630931554102437,0.004532103255923358,2025,2
2025-03-01,166,9.15469509998609,2.2130070702799336,3.2613382028353786,0.0,1.4875752657572519,0.4250623358566088,1.9005614494027396,0.9577272442579151,0.3361475308553464,0.4492728548233834,0.034621243595069934,0.0,1.0357765444289455,0.19645021694853032,0.6645989061384806,0.0,2.68124873092016,1.0227778210973935,2.4053988116717333,0.6645499703623932,0.02619172341540073,0.29966674741255667,0.06259391113675407,1.213696504143312,0.32579501881451733,0.0,0.24322916268001643,0.041834002677376164,0.9782372438375166,0.05616235219919261,0.6211395886754457,0.1718432493876493,1.4339557687355742,0.0,0.0,0.0,0.0,0.0,0.0,0.6645499703623932,0.3683961383217395,0.09779410485124956,0.10526124775171787,0.2515738044701517,0.028282142655127553,0.13687117700424403,0.03564554074285307,0.0,0.2242634754543841,1.775150348257717,0.0,0.06884681583476765,0.028282142655127553,0.028282142655127553,0.19645021694853032,0.09667812117090407,0.0,0.6645989061384806,0.0,0.15991838705812308,0.13439514111984713,0.041834002677376164,0.0,0.0,0.45680245071683706,0.5864155843552783,3.4214485475287146,11.132530120481928,2.081292603734246,2.755040454786043,3.3648230300662894,0.6524996494324465,6.885542168674699,0.8064174366567632,2.081292603734246,5.007420206135794,23.606770722583974,2.0830972949780997,4.914705759219797,18.007200560828856,14.3420407524161,18.23919257698894,20.52346193101925,21.469077478990904,0.0014950803252586574,0.004147587597765643,2025,3
2025-04-01,124,7.879494897435912,2.600010589228163,3.048036982579019,0.0,1.2168058787222433,0.6267941817644416,1.9895584859703015,0.8506536206181762,0.6184298956032763,0.8714260171418512,0.03992334717342702,0.03992334717342702,0.4333645729120202,0.32988131081697886,0.4472123879867497,0.0,2.0648282167548495,0.8682550176695191,2.3721744300576564,0.41250624974943323,0.0,0.22983644570926925,0.07854924676407533,1.4823371570927881,0.38625925445747594,0.0,0.36741113259053854,0.05561735261401557,0.3557588494812491,0.16378769242764496,0.8308083542971645,0.2249820782639842,1.4727000081089765,0.0,0.0,0.0,0.0,0.0,0.0,0.41250624974943323,0.3074068655663513,0.19750885881473737,0.0,0.2993839045917216,0.0,0.17423418449565448,0.09112882689732785,0.08577386197810927,0.27565730839335,1.8078596309132895,0.0,0.0,0.13129562925056057,0.05040322580645161,0.32988131081697886,0.0,0.04289636238846946,0.4472123879867497,0.03066355942597817,0.3463922687152416,0.07814380276125764,0.11924127308415806,0.04200268817204301,0.032649862870575946,0.33895359220698934,1.0059000035476675,3.3896098037108198,11.701612903225806,2.2503178248097355,2.744037035375795,3.4289475307413846,0.6778324557589914,7.75,0.8444746266858736,2.2503178248097355,5.663986718808719,24.633585455762873,2.057606104158024,5.606781372386074,18.037254908880733,14.253757582535199,18.258052530918622,20.643044802727093,21.408320571409252,0.0019559635528582026,0.003476048174086365,2025,4
2025-05-01,207,8.428263910124489,2.528137456794672,2.9598669854856015,0.0,1.2718176872172484,0.3644381940682938,2.06343660657039,0.8940532180477719,0.5054245464987543,0.5646603202496551,0.02226229435205592,0.020297974262168637,0.8566563598097605,0.33143920623619233,0.4753075785972181,0.05029346172517806,2.610488326621691,0.7112395271366263,2.517693507017323,0.26792535411661966,0.0,0.25702644983219936,0.07905579278025585,1.266159696586494,0.35387047954093315,0.024398575123212807,0.49509231573589957,0.052534147195677186,0.45214017075269647,0.1172425679051405,0.8940845310023193,0.15224334457938582,1.3441563712460594,0.0,0.0,0.0,0.0,0.0,0.0,0.26792535411661966,0.4183794858257891,0.2686163512198258,0.04145989758256089,0.2754365984724529,0.0,0.28523671310721127,0.038495813656949686,0.0,0.04070566730413278,2.0459964698397184,0.0,0.01744013673067197,0.0,0.0,0.33143920623619233,0.0,0.020297974262168637,0.4753075785972181,0.06700845895219297,0.3401386523418304,0.09881017178210097,0.022469385462307607,0.01858045336306206,0.02542588354945334,0.4106485349639664,0.5797252285144078,3.30622354127519,11.101449275362318,2.0323952904379343,2.765914621797987,3.426657798237207,0.6730600259374961,7.555555555555555,0.8379864457805363,2.0323952904379343,5.35296236732249,24.045202717304168,2.089088736568316,3.4504197370216927,18.25981243699379,14.417276345095505,18.467404399489116,20.898820949437212,21.80871961893588,0.001510863223775442,0.004698206905271376,2025,5
2025-06-01,170,7.881235545609991,2.7048152425658043,2.560022496255562,0.03480682213713888,1.103724835152356,0.6826443946886749,1.7701908856456625,0.927173731453964,0.29452745269846087,0.5959269237770953,0.09718060886113081,0.0,0.5235781200508184,0.17108703805161884,0.636373571756489,0.0,2.227480127038766,0.9113381310987337,2.3725930147599845,0.3456780102153552,0.0,0.22726468622811125,0.11325691561022559,1.4876198748364338,0.29232124639415075,0.0,0.5601453057471857,0.02420721374969741,0.4405562438772817,0.06761993334883361,0.7610949462316803,0.11885699719336554,1.171894375604401,0.0,0.0,0.0,0.0,0.03480682213713888,0.0,0.3456780102153552,0.38855525469680713,0.2442819924522278,0.05027652086475617,0.07493305692320981,0.03543586109142453,0.293501336122218,0.0857126398200284,0.0,0.26799455765500385,1.7701908856456625,0.0,0.0,0.0,0.0,0.17108703805161884,0.04201680672268907,0.029859659599880555,0.636373571756489,0.047836655323286334,0.14302823317884433,0.028145229383619477,0.09612087466758748,0.027233115468409588,0.0,0.6934966962448492,0.43580338231796506,2.816439965773738,11.352941176470589,2.1245206240935013,2.7334775802941884,3.4198252144273034,0.6613463832335306,6.894117647058824,0.8209258307845779,2.1245206240935013,5.425327443505043,24.30266498207675,2.061097845148291,5.2717800022852765,18.02354467425877,14.323492918855987,18.230597065006368,20.73601266374638,21.470583601855786,0.0016459873685819324,0.003795309608086438,2025,6
2025-07-01,192,7.876924120767064,2.1907037163385312,2.8853244403744607,0.0,1.194641642122759,0.512786902656866,1.8235371410874688,1.2273510171452233,0.40388868094656244,0.4186246787118353,0.024684044233807267,0.0,0.8340415703728071,0.17488605207488553,0.8899653088017697,0.0,2.2389698812564824,0.5840155533254604,2.327495528509942,0.38424150348007324,0.0,0.14113017418305882,0.20674636804923527,1.2509480457365338,0.24434295233312173,0.0,0.27302715967192387,0.07450901636465795,0.4243978634563024,0.050996720404615135,0.7350792108510705,0.15159086702764304,1.5232597786348292,0.0,0.0,0.0,0.0,0.0,0.0,0.38424150348007324,0.30444668027695837,0.25804546287203917,0.06433963702912918,0.183568358464559,0.0,0.26993501762989747,0.033602150537634407,0.025040064102564107,0.18420967038677005,1.8235371410874688,0.0,0.0,0.0,0.0,0.17488605207488553,0.0,0.03720238095238095,0.8899653088017697,0.12529727531618717,0.2238388571635854,0.054834392130744404,0.07778128694875279,0.0,0.04743414470347984,0.7046670743837834,0.7805846040359933,2.5223137198685444,11.130208333333334,2.0018226736586495,2.7443994318740295,3.4418946639600736,0.6560113091318445,7.125,0.8160611254997933,2.0018226736586495,5.602988734910728,24.207742662430164,2.0799734427480097,3.861747288196083,18.233017953610045,14.382049100981568,18.44996158633437,20.816655873805367,21.817315757565584,0.0018052771329121265,0.004568401915622383,2025,7
2025-08-01,166,9.115448494576649,3.1697059443674855,2.422757660344547,0.0,1.1544308728792996,0.49964965994240645,1.5626054380240721,0.6115172317198037,0.4800435586687777,0.6429178318108845,0.14010888429238247,0.0,1.2432938446834527,0.13048340541873893,0.32753952086818805,0.0,2.5668665963170683,0.9125999695038712,2.9054189619929836,0.24621947968907884,0.0,0.30646495569366755,0.11317867141252791,1.9598839604148774,0.28267980442413343,0.0,0.3904751971401228,0.11702335528215635,0.5479211391658727,0.03273965426925092,0.5052186928790887,0.15087530225492915,1.1860028717754054,0.0,0.0,0.0,0.0,0.0,0.0,0.24621947968907884,0.3419168862872151,0.34322411247671347,0.057749070777481655,0.16532132364881053,0.0,0.21757087554250537,0.0719514012882274,0.0,0.21012738311167367,1.503199909580821,0.0,0.02630609775345925,0.0,0.03309943068979213,0.13048340541873893,0.0967262131079227,0.027382256297918947,0.32753952086818805,0.02938583602703497,0.39224760589702323,0.0,0.05964596966174434,0.028149983110010133,0.0,0.45971030186622436,0.6847976979316347,3.518037166980019,11.13855421686747,2.0814454421569883,2.747064418893351,3.454011983613868,0.6853376365453723,7.542168674698795,0.8350146863728072,2.0814454421569883,4.968264637767816,23.998929641014154,2.091281781228976,3.161745759861724,18.294035869934586,14.41591757602383,18.51117320476612,20.97804575459813,21.964088788373658,0.0015554198220315719,0.0038590591079187457,2025,8
2025-09-01,168,8.512236987376525,2.0790288926072313,2.1258084063128475,0.0,1.287423641970335,0.2631172851190663,1.7034996138876055,0.7790119697918049,0.4741698997706387,0.4212714635449063,0.02469867615095831,0.0,0.8038855464613922,0.24508594515426788,0.35828436566866434,0.0,2.607735115979965,0.8323509796847319,2.955345065434479,0.26357982929715995,0.0,0.3255747263580929,0.056971941318900446,0.9781941953498074,0.3563010849800015,0.0,0.311543038224319,0.05044390637610977,0.24860252155795276,0.02633796881584492,0.4135845167116175,0.03840245775729646,1.3988809414701358,0.0,0.0,0.0,0.0,0.0,0.0,0.26357982929715995,0.2499586217477515,0.3670280711753998,0.20141626766155327,0.20544085208847054,0.0,0.10865663188519051,0.0,0.0,0.1544606532338758,1.5625318822623147,0.0907626527500849,0.022127810231899452,0.028077268643306376,0.0,0.24508594515426788,0.11562818728806541,0.0,0.35828436566866434,0.06001347168080715,0.2952651208020218,0.0878080579190392,0.09109672104957771,0.0,0.0,0.2197046476893855,0.7256631359499245,4.33131184945732,11.19047619047619,1.9757341158359403,2.7450416723610607,3.417454146171445,0.6485694821062072,7.613095238095238,0.8276328748546705,1.9757341158359403,5.499999504901696,24.839194007051148,2.0898218479688238,3.5474889648299333,18.27213422893903,14.42904225444046,18.41234038752321,20.913408504404778,21.865132111869272,0.0015097640907298041,0.0036340296501954075,2025,9
2025-10-01,192,8.80042732647423,2.232107188007311,2.2577168726547394,0.0,0.9496361677396848,0.4377844431412634,1.5137049100942699,1.0950973516800084,0.4359697323909571,0.8546674240897852,0.07344691758385745,0.025656814449917898,0.6178569645902426,0.13156867095132377,0.7849796520213821,0.0,2.6695126147183594,0.6044266689664248,2.7524668859612262,0.2858447131417098,0.0,0.1989570692538418,0.05302270187374072,1.009626573341692,0.3219522682465809,0.04451566951566952,0.574440102745483,0.02959280303030303,0.22504074354408168,0.055206526060868934,0.49760029655973564,0.028775322283609576,1.4510939842064436,0.0,0.0,0.0,0.0,0.0,0.0,0.2858447131417098,0.27293832227162407,0.19599633237409197,0.053780878498239294,0.14107592145401968,0.031758130081300816,0.22101064023359607,0.08895449084967828,0.0,0.09606118197668818,1.4344243282393176,0.0,0.030105973025048166,0.025283171521035597,0.0238914373088685,0.13156867095132377,0.12966107579289674,0.0,0.7849796520213821,0.04888795291440573,0.36239750565941087,0.02134562841530055,0.028001792114695345,0.0,0.02422480620155039,0.6478477389012437,0.5686148533695833,4.66454717251401,11.057291666666666,2.025569867367261,2.75020560193076,3.4698360180685346,0.6754873480337324,7.598958333333333,0.8383111160003782,2.025569867367261,5.227478195537025,24.147957742488995,2.0951382432808585,3.5723255213106846,18.167530371959774,14.512187741899991,18.365035318843336,20.88729386306301,21.75196581448168,0.0014481393073386974,0.0036902932633682776,2025,10
2025-11-01,201,9.077051988808458,1.875278721595071,1.723852075119637,0.0,0.6852884023269723,0.4753118712155611,1.3665067658160688,0.6423549126683601,0.6365374554538996,0.5321990556674844,0.08504219644468793,0.0,0.39608476408586524,0.08370893059455199,0.487049574442608,0.0,2.3748036066260463,1.0080787822530262,3.8308658228689363,0.27921925582525237,0.0,0.10198209802501058,0.08992243408397929,0.8450355344421319,0.29759554495149587,0.0,0.5407431100924532,0.0,0.2895840571987162,0.043834545638520635,0.4019989494177815,0.03503608716978488,0.9533984356948338,0.0,0.0,0.0,0.0,0.0,0.0,0.27921925582525237,0.1858387058783315,0.10852614669404743,0.05012187201585195,0.06158242191348901,0.0,0.2670410082988599,0.05262150784538844,0.0,0.15564935507131278,1.3197652938450033,0.0,0.04674147197106577,0.0,0.0,0.08370893059455199,0.046967079026697944,0.024629328604502242,0.487049574442608,0.0,0.4800285016269239,0.023248244757520808,0.08476539963701134,0.02271746291374179,0.025777846518701828,0.4224616915758647,0.7489716111314906,2.7874298414564858,10.940298507462687,1.9632846224563705,2.7498710470060357,3.4727843874179305,0.6600682185811391,7.621890547263682,0.8412043868029804,1.9632846224563705,5.633002006348099,24.15936741939815,2.083416661784791,4.194981994222992,18.07521808181561,14.52402973422315,18.254605759446243,20.829923175065087,21.57863671880545,0.0017203492732605298,0.003124997237744272,2025,11
2025-12-01,142,8.564837916527475,1.6675372776672353,1.4612029703991536,0.0,0.7701467498929369,0.5751284767857727,1.1303689461844098,0.9710246930214703,0.43321087445817724,0.39163112341515677,0.06598980858330057,0.0,0.7790966492399064,0.2744644281461223,0.5361001717881954,0.0,2.1135627384773943,1.2482544618157507,3.0370516235772227,0.11868691148442585,0.0,0.24689445638870067,0.03745879532514234,0.4783559891219528,0.5070357322908218,0.0,0.3977923045406177,0.0,0.33298042243928855,0.10102815824963977,0.40367216872411177,0.0,0.6235222209861133,0.0,0.0,0.0,0.0,0.0,0.0,0.11868691148442585,0.4503737114114913,0.06610811111729667,0.061053171141098206,0.07392484473862478,0.04485511796896026,0.34119677402428994,0.1476515640800121,0.0,0.041425020712510356,1.1090287839991773,0.0,0.0,0.021340162185232606,0.0,0.2744644281461223,0.1199873717013667,0.0,0.5361001717881954,0.040472721385785976,0.2513296906952771,0.0,0.14701854256920333,0.034862641193696836,0.0,0.7252031846101025,0.7749713847300319,3.0711052553014566,11.232394366197184,2.0743557900774166,2.7435257346490407,3.509858003705246,0.6593196162891849,7.957746478873239,0.8504961652290821,2.0743557900774166,5.516650154511178,25.666991185653156,2.089976691591061,2.69752159801983,18.549629522805496,14.512964843463099,18.665364871269947,21.3089446397072,22.149627830557524,0.001674815937110862,0.0032176622336337313,2025,12
2026-01-01,137,9.974225923882244,1.8554142772733537,1.827242706093165,0.0,0.8709437507689254,0.36438323331082156,1.2393688307611688,0.9178212887186321,0.5195972563990463,0.641222922860802,0.028850869853726088,0.0,0.5579741839424032,0.20041321473305745,0.47052191188504927,0.0,2.8821722166461217,1.222587608671336,3.7530178433785983,0.21746515191114893,0.0,0.1424701132491023,0.07085841123489989,0.8179894869902717,0.40593963522603194,0.0,0.3698170936658115,0.04833953690723643,0.3304390727150013,0.04077804510051788,0.6828215032177517,0.07399546036918703,0.6992086246907071,0.0,0.0,0.0,0.0,0.0,0.0,0.21746515191114893,0.13953180592362524,0.06691380368990582,0.0892007616468476,0.3578322275973978,0.0,0.07223749060091741,0.07490166588029258,0.0,0.2172440768296116,1.1651197477647757,0.07424908299639307,0.0,0.0,0.0,0.20041321473305745,0.04077804510051788,0.0,0.47052191188504927,0.20610811700000756,0.37567395607589427,0.037241173841799494,0.039243387489208074,0.0333300003333,0.034108738658844395,0.3461438222691026,0.9079783795820345,3.433407146313387,10.97080291970803,1.9629868294271573,2.755597348451025,3.4750496455512754,0.677088728228871,8.248175182481752,0.8249335226498572,1.9629868294271573,5.9674965862924365,25.322600250519958,2.0953139114921466,1.1826320690058212,18.613078995167015,14.616664155588154,18.613706280050565,21.565021216922137,22.131701984887762,0.0016713345245825348,0.0038524925547361705,2026,1
2026-02-01,137,8.393507561766151,1.8099525314765166,1.5807957177076355,0.0,0.6147925238677473,0.40533933120725346,1.2239612530373374,0.5689182332189284,0.3602600970290394,0.5599689282491603,0.04344803614876607,0.0,0.40712740045373236,0.037241173841799494,0.4198870708584608,0.0,2.535181834151798,0.8514720767716132,3.5079875794404245,0.031193461850396162,0.0,0.031598571744557144,0.028850869853726088,0.7871936502109883,0.4672630257353898,0.0,0.4540392786903234,0.041007135241532024,0.27888896571675975,0.0,0.4598445243683063,0.06955855127535361,0.772503676347216,0.0,0.0,0.0,0.0,0.0,0.0,0.031193461850396162,0.203043122648776,0.30389730609744053,0.07665863327113454,0.0,0.03821607368059006,0.04450774434751647,0.0,0.0,0.32261551317914694,1.1829541177958054,0.0,0.041007135241532024,0.0,0.0,0.037241173841799494,0.07078285327713603,0.0,0.4198870708584608,0.041007135241532024,0.19278182991679127,0.028850869853726088,0.10100229378948748,0.03762510346903454,0.0,0.9422598879613917,1.2864974896970505,4.813281604111593,10.89051094890511,2.054564281312396,2.7443295445195877,3.5295215218392095,0.7234946077901724,7.328467153284672,0.8673314801526815,2.054564281312396,4.501061413154528,24.36685558728281,2.082771606539697,3.0526518864964762,18.101135334163775,14.607781973190573,18.219761454473787,21.17915519853235,21.66476505828692,0.001223224647897693,0.003789880184585514,2026,2
2026-03-01,143,9.280632274828443,1.1625833733236612,1.3630280853404817,0.0,0.8052796105407337,0.4026401319591207,1.549723039212941,0.6989810009616234,0.6251276199044538,0.7344094220844002,0.0,0.0,0.2988821551583041,0.2131310804286005,0.2779961231023787,0.0,2.2822361398968063,0.9595400041086647,4.425785313234659,0.08865203681462983,0.0,0.09676494273279937,0.07519362358072036,0.3439559010723604,0.2668321491113675,0.0,0.3524131999910923,0.02742355683532154,0.18149355157520244,0.029259443485384905,0.4929089714106616,0.0,0.6593661188692327,0.0,0.0,0.0,0.0,0.0,0.0,0.08865203681462983,0.33980110920854223,0.19648989983158427,0.03053714844107857,0.14979941624489884,0.07601094557616297,0.09277039637570947,0.0,0.0,0.23385879000724824,1.466472955962858,0.0,0.0,0.08325008325008325,0.0,0.2131310804286005,0.09022192830176912,0.046620046620046623,0.2779961231023787,0.07101182250882851,0.5619309226808287,0.030671083302662248,0.03252561392096276,0.0,0.0,0.6800253550054334,0.8471009457355934,3.9647156571340143,10.909090909090908,2.0295000835323607,2.7503346030717295,3.5169873161828313,0.7035498583116109,7.559440559440559,0.8077885384173227,2.0295000835323607,4.947791744171978,24.111691474803365,2.105251200299356,3.130725703081704,18.09229196320627,14.60307964976389,18.19555483623606,20.816371237701407,21.538755832568295,0.001377318238197364,0.0033794882923296964,2026,3
2026-04-01,137,8.746894764441338,1.9658041154602235,1.0639278250009125,0.0,0.33223500637861975,0.32305090148936694,1.0574749283661864,0.4724551024253089,0.424637320465214,0.6252577262936427,0.0,0.0,0.2292334211823109,0.060243448121323595,0.3120811231123968,0.0,2.4684249883073672,0.6786944861272506,4.372959571297047,0.0,0.0,0.07519300494590123,0.0,0.503428849167008,0.5942694417387876,0.0,0.7519056843669948,0.041007135241532024,0.2281536767900715,0.0,0.30841893997091363,0.03743215422047539,0.48992305401945213,0.0,0.0,0.0,0.0,0.0,0.0,0.0,0.18061030567307357,0.08384264789725,0.0,0.06778205280829615,0.0,0.13792302139298301,0.07488861503460043,0.0,0.1102392650617835,1.0574749283661864,0.0,0.0,0.0,0.0,0.060243448121323595,0.0,0.03003814844852963,0.3120811231123968,0.07009238274305885,0.34727049535981924,0.04478079799382025,0.0,0.0,0.03258602711157456,1.3456041126707696,2.1463345941873664,5.696228292809313,11.0,2.016129796512256,2.766452946332766,3.549249329415834,0.7170443804680305,7.62043795620438,0.8298742389920261,2.016129796512256,5.568457990305989,24.88607307129205,2.117708369325344,1.536707778565943,18.45387240210652,14.681242616335773,18.41522195233522,21.452465775515694,21.88069868422235,0.0015892522203518875,0.0030489244465125606,2026,4
