dataset,topic_id,topic_label,feature,family,intervention_date,n_months,n_pre_months,n_post_months,pre_mean,post_mean,pre_sd,pre_slope_per_month,pre_slope_per_year,level_shift,level_shift_se,level_shift_ci_low,level_shift_ci_high,level_shift_p,slope_change_per_month,slope_change_per_year,slope_change_se,slope_change_per_year_se,slope_change_per_year_ci_low,slope_change_per_year_ci_high,standardized_slope_change_per_year,standardized_slope_change_per_year_se,standardized_slope_change_per_year_ci_low,standardized_slope_change_per_year_ci_high,slope_change_p,post_slope_per_month,post_slope_per_year,r_squared,model,hac_lags,slope_change_q,level_shift_q
arxiv_ai_abstracts,0,"data, model, learning, models, training, based, performance",flesch_reading_ease,readability,2022-11-30,136,95,41,21.072527124932307,12.555628448806903,1.0978016460735283,-0.030821434067527336,-0.369857208810328,0.5324932818818673,0.1948274375671632,0.15063150425022742,0.9143550595135072,0.006273110007466458,-0.32957665653404244,-3.9549198784085093,0.0062424931231672195,0.07490991747800663,-4.101743316665402,-3.8080964401516164,-3.602581479590547,0.06823629546005375,-3.7363246186922523,-3.4688383404888414,0.0,-0.3603980906015698,-4.324777087218838,0.9916292875345459,monthly_segmented_wls_hac,6,0.0,0.012546220014932916
arxiv_ai_abstracts,0,"data, model, learning, models, training, based, performance",avg_syllables_per_word,readability,2022-11-30,136,95,41,1.8939349538935304,1.9826069516241351,0.010393839413379118,0.0002795483106912981,0.0033545797282955774,-0.001719680702736745,0.0025207185056133584,-0.0066602889737389275,0.0032209275682654375,0.49510082221089513,0.003398406526959624,0.040780878323515485,0.00012156684984673305,0.0014588021981607965,0.03792162601512032,0.04364013063191065,3.923562477886822,0.14035258196148412,3.648471417242313,4.198653538531331,5.724493793058995e-172,0.0036779548376509224,0.04413545805181107,0.9907669143278057,monthly_segmented_wls_hac,6,5.724493793058995e-172,0.49510082221089513
arxiv_ai_abstracts,0,"data, model, learning, models, training, based, performance",verb_align_per_1k_words,verbs,2022-11-30,136,95,41,0.10964016360241365,0.3663382581195412,0.04477460978884199,0.0010973210721381258,0.01316785286565751,-0.031737899696775464,0.011323675477396147,-0.05393230363247191,-0.009543495761079015,0.005066243339703051,0.010612436361487017,0.1273492363378442,0.000429423516407443,0.005153082196889316,0.11724919523194113,0.13744927744374727,2.8442288372456153,0.11508938260302795,2.61865364734368,3.0698040271475504,7.711330058160267e-135,0.011709757433625142,0.1405170892035017,0.9635077247905699,monthly_segmented_wls_hac,6,7.711330058160267e-135,0.005066243339703051
arxiv_ai_abstracts,0,"data, model, learning, models, training, based, performance",word_across_per_1k_words,marker_words,2022-11-30,136,95,41,0.5260977103635838,1.8880379665246216,0.16203494320788092,0.004133691695679946,0.04960430034815935,-0.316181880863099,0.07195247507862754,-0.457208732017209,-0.17515502970898902,1.1112230177198085e-05,0.06604445680104795,0.7925334816125754,0.002982262968915173,0.03578715562698208,0.7223906565836906,0.8626763066414602,4.891126974974796,0.22086072867053957,4.458239946780538,5.324014003169053,1.1463159758755645e-108,0.0701781484967279,0.8421377819607349,0.9876042196939059,monthly_segmented_wls_hac,6,1.1463159758755645e-108,1.1112230177198085e-05
arxiv_ai_abstracts,0,"data, model, learning, models, training, based, performance",clause_depth_std,syntax,2022-11-30,136,95,41,2.182980294732525,2.094307360389038,0.04431012488938033,1.5810687815627045e-05,0.00018972825378752453,0.039206938124355425,0.009276206873786864,0.02102557265173317,0.05738830359697768,2.3723498465614247e-05,-0.006023634063947663,-0.07228360876737196,0.0003019283423489728,0.0036231401081876736,-0.0793849633794198,-0.06518225415532411,-1.6313113300363533,0.08176777017065055,-1.7915761595708286,-1.4710465005018782,1.482724664264583e-88,-0.006007823376132036,-0.07209388051358442,0.8908531274770689,monthly_segmented_wls_hac,6,2.965449328529166e-88,2.3723498465614247e-05
arxiv_ai_abstracts,0,"data, model, learning, models, training, based, performance",clause_depth,syntax,2022-11-30,136,95,41,11.317266137044424,11.127024072632913,0.12949533365830543,0.0008676193872700477,0.010411432647240572,0.1264923785571611,0.026410503514129623,0.07472779166946705,0.17825696544485517,1.6722036667027509e-06,-0.01811206291042986,-0.21734475492515834,0.0010911076717088311,0.013093292060505975,-0.24300760736375004,-0.19168190248656664,-1.6783983544816985,0.10111014575285594,-1.8765742401572962,-1.480222468806101,7.0037017422606975e-62,-0.017244443523159812,-0.20693332227791775,0.8794015706185299,monthly_segmented_wls_hac,6,7.0037017422606975e-62,3.3444073334055017e-06
arxiv_ai_abstracts,0,"data, model, learning, models, training, based, performance",sequential_marker_moreover_per_1k_words,sequential_markers,2022-11-30,136,95,41,0.3705306244311356,0.36329498833231305,0.07697896348590366,0.0014378467611754447,0.017254161134105335,0.05242808061844356,0.024210243909653564,0.0049760025555225795,0.09988015868136454,0.030346895801899632,-0.006948556279482579,-0.08338267535379096,0.0008281112874276071,0.009937335449131285,-0.10285985283408827,-0.06390549787349363,-1.0831878162280002,0.1290915725430754,-1.336207298412428,-0.8301683340435724,4.826463384984179e-17,-0.005510709518307134,-0.0661285142196856,0.6421825337858189,monthly_segmented_wls_hac,6,4.826463384984179e-17,0.030346895801899632
arxiv_ai_abstracts,0,"data, model, learning, models, training, based, performance",em_dash_per_1k_words,punctuation,2022-11-30,136,95,41,0.4467168426834145,0.4825158185167732,0.13263744892361692,-0.0011111631253685314,-0.013333957504422376,-0.2395382692479351,0.09179639251144965,-0.4194591985703764,-0.059617339925493784,0.009068739893593455,0.016782196618626954,0.20138635942352345,0.003680011159758302,0.04416013391709962,0.1148324969460082,0.28794022190103874,1.518322020348096,0.33293865552654367,0.8657622555160706,2.170881785180122,5.106461587742367e-06,0.015671033493258425,0.1880524019191011,0.6002104196874936,monthly_segmented_wls_hac,6,5.106461587742367e-06,0.009068739893593455
arxiv_ai_abstracts,0,"data, model, learning, models, training, based, performance",emphasis_marker_crucially_per_1k_words,emphasis_markers,2022-11-30,136,95,41,0.018919561866229378,0.03308877603141024,0.016197202179449345,-7.304194507555317e-05,-0.000876503340906638,-0.02024986317199485,0.009963377592769083,-0.03977808325382225,-0.0007216430901674474,0.04211018773860734,0.001820257700297704,0.021843092403572448,0.0004178473735525951,0.005014168482631141,0.01201532217761541,0.03167086262952948,1.348571942337454,0.30957003728662524,0.7418146692556686,1.9553292154192392,1.322950793950442e-05,0.0017472157552221508,0.02096658906266581,0.6297722566756823,monthly_segmented_wls_hac,6,1.322950793950442e-05,0.04211018773860734
arxiv_ai_abstracts,1,"models, language, model, llms, based, data, large",flesch_reading_ease,readability,2022-11-30,136,95,41,24.142238490453224,14.473658040153627,1.3450367259424159,-0.028256942734895384,-0.3390833128187446,0.3504682941326157,0.24460045213078704,-0.12894859204372688,0.8298851803089583,0.15190943109778599,-0.3824655832949025,-4.58958699953883,0.008254721164992736,0.09905665397991284,-4.7837380413394595,-4.395435957738201,-3.4122391686539872,0.07364605892861968,-3.556585444154082,-3.2678928931538924,0.0,-0.41072252602979786,-4.928670312357575,0.98694733747485,monthly_segmented_wls_hac,6,0.0,0.15190943109778599
arxiv_ai_abstracts,1,"models, language, model, llms, based, data, large",avg_syllables_per_word,readability,2022-11-30,136,95,41,1.8602354557476957,1.9675902734757371,0.012192636672435229,0.00020798221296902626,0.002495786555628315,0.007747343403274563,0.002719734909191828,0.0024166629812585804,0.013078023825290545,0.004391679345595942,0.004078332482741986,0.04893998979290383,0.00011205999807809708,0.001344719976937165,0.046304338638106984,0.051575640947700674,4.013897166602691,0.11028951432443404,3.7977297185268,4.230064614678582,5.260957890151567e-290,0.004286314695711012,0.051435776348532136,0.9892270256309589,monthly_segmented_wls_hac,6,5.260957890151567e-290,0.008783358691191885
arxiv_ai_abstracts,1,"models, language, model, llms, based, data, large",word_across_per_1k_words,marker_words,2022-11-30,136,95,41,0.7093242048279943,2.2619075034899927,0.22405782062304072,0.004967625478387262,0.05961150574064714,-0.3921513620699634,0.10448262144696326,-0.5969373001060114,-0.18736542403391546,0.00017454352318527493,0.07684264462025783,0.922111735443094,0.004562079753131373,0.05474495703757648,0.8148116196494442,1.0294118512367438,4.115507920584807,0.24433406022314424,3.6366131625474445,4.59440267862217,1.1655779773262877e-63,0.0818102700986451,0.9817232411837411,0.9728623126244151,monthly_segmented_wls_hac,6,1.1655779773262877e-63,0.00017454352318527493
arxiv_ai_abstracts,1,"models, language, model, llms, based, data, large",clause_depth_std,syntax,2022-11-30,136,95,41,2.166814532305444,2.101063345427662,0.0770024825149882,-0.0002301369159224183,-0.0027616429910690193,0.0715491105628498,0.009774396842949487,0.0523912927506688,0.09070692837503079,2.4787159618374953e-13,-0.0054845796150503265,-0.06581495538060392,0.00038022951679372516,0.004562754201524702,-0.07475795361559234,-0.0568719571456155,-0.8547121239603324,0.05925463767530588,-0.9708512138039319,-0.7385730341167328,3.634584124549072e-47,-0.005714716530972745,-0.06857659837167293,0.7567114347373858,monthly_segmented_wls_hac,6,7.269168249098144e-47,4.957431923674991e-13
arxiv_ai_abstracts,1,"models, language, model, llms, based, data, large",sequential_marker_moreover_per_1k_words,sequential_markers,2022-11-30,136,95,41,0.3031362992581235,0.32069517344890125,0.1025843281447222,0.0011046039644923597,0.013255247573908316,0.06953426322765352,0.01958108436898238,0.031155337864448053,0.107913188590859,0.0003836339690801291,-0.006149558970082461,-0.07379470764098953,0.000653095256492331,0.007837143077907971,-0.08915550807368916,-0.0584339072082899,-0.7193565428130764,0.07639707955051007,-0.8690948187320762,-0.5696182668940766,4.6850443049626925e-21,-0.005044955005590102,-0.06053946006708122,0.4741544313197328,monthly_segmented_wls_hac,6,4.6850443049626925e-21,0.0003836339690801291
arxiv_ai_abstracts,1,"models, language, model, llms, based, data, large",clause_depth,syntax,2022-11-30,136,95,41,11.202619344776103,11.12739243227679,0.19745799433874758,0.0004073343019689447,0.004888011623627337,0.24562214713154887,0.04255480217615956,0.16221473486627613,0.3290295593968216,7.838170772637326e-09,-0.015547594329064269,-0.18657113194877123,0.0017308784587236781,0.020770541504684138,-0.2272813932979521,-0.14586087059959033,-0.9448649196177923,0.10518967122218101,-1.151036675213267,-0.7386931640223175,2.647127707857095e-19,-0.015140260027095323,-0.1816831203251439,0.6614810550513208,monthly_segmented_wls_hac,6,2.647127707857095e-19,7.838170772637326e-09
arxiv_ai_abstracts,1,"models, language, model, llms, based, data, large",verb_align_per_1k_words,verbs,2022-11-30,136,95,41,0.17535668493744647,0.5798881943745157,0.12804780572524618,0.0008629616592484118,0.010355539910980942,0.08138253861291146,0.047387869817220034,-0.011497686228839801,0.17426276345466274,0.08591146374816934,0.013234024789471662,0.15880829747365993,0.001754603182375257,0.021055238188503085,0.11754003062419391,0.20007656432312598,1.2402266214105764,0.16443263568047062,0.9179386554768542,1.5625145873442987,4.6118665416452815e-14,0.014096986448720074,0.16916383738464089,0.901545528157899,monthly_segmented_wls_hac,6,4.6118665416452815e-14,0.08591146374816934
arxiv_ai_abstracts,1,"models, language, model, llms, based, data, large",em_dash_per_1k_words,punctuation,2022-11-30,136,95,41,0.48006751320672675,0.5961621048453646,0.21955871764510296,2.6565149425344318e-05,0.0003187817931041318,-0.3035200763968109,0.09542884557163736,-0.49056061371722015,-0.11647953907640166,0.0014697524140422891,0.019153505180242107,0.2298420621629053,0.0035439252919181497,0.0425271035030178,0.14648893929699042,0.31319518502882016,1.046836420926927,0.19369353200431358,0.6671970981984723,1.4264757436553814,6.495250884666041e-08,0.01918007032966745,0.2301608439560094,0.5846285792878944,monthly_segmented_wls_hac,6,6.495250884666041e-08,0.0014697524140422891
arxiv_ai_abstracts,1,"models, language, model, llms, based, data, large",emphasis_marker_crucially_per_1k_words,emphasis_markers,2022-11-30,136,95,41,0.011340263158654981,0.031428589409358165,0.018197305499681973,4.897468321071413e-05,0.0005876961985285695,-0.024131089471032097,0.012904716999504483,-0.04942433479006088,0.0011621558479966883,0.06149168793063262,0.001947305764652834,0.023367669175834008,0.0005506551909653019,0.006607862291583623,0.010416259084330108,0.036319079267337906,1.284127981268567,0.36312311686469767,0.5724066722137598,1.9958492903233744,0.00040570719169069614,0.001996280447863548,0.023955365374362575,0.63705257345022,monthly_segmented_wls_hac,6,0.00040570719169069614,0.06149168793063262
arxiv_ai_abstracts,2,"learning, policy, based, algorithm, model, reinforcement, reinforcement learning",flesch_reading_ease,readability,2022-11-30,136,95,41,20.062922726029086,11.531703095212553,1.7010592523326908,-0.05542756258721712,-0.6651307510466055,0.9997760048783597,0.24881645351770185,0.5120957559836641,1.4874562537730553,5.866268406881753e-05,-0.2739013255363292,-3.28681590643595,0.009804422929028073,0.11765307514833688,-3.5174159337266904,-3.05621587914521,-1.9322171769905632,0.06916459552305262,-2.0677797842157464,-1.7966545697653802,9.616049516265989e-172,-0.3293288881235463,-3.951946657482556,0.9788897399602874,monthly_segmented_wls_hac,6,1.9232099032531978e-171,0.00011732536813763506
arxiv_ai_abstracts,2,"learning, policy, based, algorithm, model, reinforcement, reinforcement learning",avg_syllables_per_word,readability,2022-11-30,136,95,41,1.8947782152554007,1.97858668337179,0.014764630434384175,0.00042188899058631093,0.005062667887035731,-0.00141561374641197,0.0022272701242341407,-0.005781063189910886,0.002949835697086946,0.5250486276889693,0.002721295425100851,0.032655545101210215,0.00012737829799431346,0.0015285395759317615,0.02965960753238396,0.03565148267003647,2.2117414483440987,0.10352711384987104,2.0088283051983513,2.414654591489846,2.896814046844994e-101,0.003143184415687162,0.037718212988245944,0.9745845017396313,monthly_segmented_wls_hac,6,2.896814046844994e-101,0.5250486276889693
arxiv_ai_abstracts,2,"learning, policy, based, algorithm, model, reinforcement, reinforcement learning",word_across_per_1k_words,marker_words,2022-11-30,136,95,41,0.3902343363979086,1.3835418151923131,0.16210503796425169,0.0033682513086049554,0.04041901570325947,-0.31101377481865167,0.0787376019577466,-0.46533947465583503,-0.15668807498146833,7.815016857585159e-05,0.051649334048863065,0.6197920085863567,0.0030012864488204783,0.03601543738584574,0.5492017513100992,0.6903822658626144,3.823397572153413,0.22217346134416913,3.387937587918842,4.2588575563879845,2.2706772243367926e-66,0.05501758535746802,0.6602110242896162,0.9704441125734135,monthly_segmented_wls_hac,6,2.2706772243367926e-66,7.815016857585159e-05
arxiv_ai_abstracts,2,"learning, policy, based, algorithm, model, reinforcement, reinforcement learning",verb_align_per_1k_words,verbs,2022-11-30,136,95,41,0.03175534711145563,0.2397939585519048,0.03678745621765159,0.0006434952229425558,0.007721942675310669,-0.014164913995393732,0.017322709076884234,-0.048117423786086834,0.019787595795299366,0.4135240665452002,0.008609852375794749,0.10331822850953698,0.0008097441917798914,0.009716930301358697,0.08427304511887394,0.12236341190020003,2.808517878981863,0.26413705377911556,2.2908092535747966,3.3262265043889294,2.0970772740308874e-26,0.009253347598737305,0.11104017118484766,0.8951828279611984,monthly_segmented_wls_hac,6,2.0970772740308874e-26,0.4135240665452002
arxiv_ai_abstracts,2,"learning, policy, based, algorithm, model, reinforcement, reinforcement learning",sequential_marker_moreover_per_1k_words,sequential_markers,2022-11-30,136,95,41,0.36900987351905046,0.3651582135575715,0.14130284362635373,0.0004364765458230114,0.0052377185498761365,0.07098979509672819,0.015688586366090253,0.04024016581919129,0.10173942437426509,6.041477069514986e-06,-0.004819355804201835,-0.05783226965042203,0.0005239446176387978,0.006287335411665573,-0.07015544705728655,-0.0455090922435575,-0.4092788804968961,0.04449546272608028,-0.49648998744001344,-0.32206777355377875,3.639413615110844e-20,-0.004382879258378824,-0.05259455110054588,0.23636037141646882,monthly_segmented_wls_hac,6,3.639413615110844e-20,6.041477069514986e-06
arxiv_ai_abstracts,2,"learning, policy, based, algorithm, model, reinforcement, reinforcement learning",clause_depth,syntax,2022-11-30,136,95,41,11.493520255768903,11.27690443909406,0.19541415234638806,0.0004935059626527127,0.005922071551832553,0.11980670495192242,0.042298886125919775,0.03690088814511966,0.20271252175872517,0.004620226964505761,-0.01683827214590218,-0.20205926575082617,0.0019857776292198383,0.023829331550638058,-0.24876475559007677,-0.15535377591157556,-1.0340052822410686,0.12194271123413088,-1.2730129962599652,-0.794997568222172,2.2629030891598066e-17,-0.016344766183249468,-0.19613719419899361,0.7503019993962854,monthly_segmented_wls_hac,6,4.525806178319613e-17,0.009240453929011521
arxiv_ai_abstracts,2,"learning, policy, based, algorithm, model, reinforcement, reinforcement learning",clause_depth_std,syntax,2022-11-30,136,95,41,2.2342749949665692,2.1366805110185223,0.07255026014832966,-0.0003242941817402339,-0.003891530180882807,0.045247133504204035,0.02087541762479554,0.00433131495960478,0.08616295204880328,0.03019796909169098,-0.00542102582959882,-0.06505230995518584,0.0007266325112469059,0.00871959013496287,-0.08214270661971305,-0.04796191329065862,-0.8966516429050124,0.12018688998682554,-1.1322179472791905,-0.6610853385308344,8.620918096527574e-14,-0.005745320011339054,-0.06894384013606865,0.7489307783154384,monthly_segmented_wls_hac,6,8.620918096527574e-14,0.03019796909169098
arxiv_ai_abstracts,2,"learning, policy, based, algorithm, model, reinforcement, reinforcement learning",em_dash_per_1k_words,punctuation,2022-11-30,136,95,41,0.5473002200633303,0.5493746564030895,0.20936906138340233,-0.002025938882754326,-0.02431126659305191,-0.22772373538474644,0.09917765016662433,-0.42211192971133016,-0.03333554105816275,0.021669050282544528,0.018669947999906573,0.22403937599887888,0.003249301262047238,0.03899161514456686,0.14761581031552784,0.3004629416822299,1.0700691616924807,0.1862338918984995,0.7050507335714218,1.4350875898135398,9.146862174675617e-09,0.016644009117152248,0.19972810940582697,0.5327635915390523,monthly_segmented_wls_hac,6,9.146862174675617e-09,0.021669050282544528
arxiv_ai_abstracts,2,"learning, policy, based, algorithm, model, reinforcement, reinforcement learning",emphasis_marker_crucially_per_1k_words,emphasis_markers,2022-11-30,136,95,41,0.021566274931079373,0.039182772819236045,0.023921164726312887,4.036862868713068e-05,0.00048442354424556815,-0.021312819580926883,0.010004998853684327,-0.04092261733414816,-0.001703021827705601,0.03315369445565241,0.001587750388977305,0.01905300466772766,0.00038298717761468153,0.004595846131376178,0.010045146250230352,0.02806086308522497,0.7964915122535681,0.19212468054788415,0.4199271383797151,1.1730558861274212,3.3877542169121895e-05,0.0016281190176644356,0.019537428211973226,0.3795553804429156,monthly_segmented_wls_hac,6,3.3877542169121895e-05,0.03315369445565241
arxiv_ai_abstracts,3,"code, models, language, llms, reasoning, knowledge, model",avg_syllables_per_word,readability,2022-11-30,136,95,41,1.8708264185732935,1.9527984490314283,0.020432057461795657,8.017704836483532e-05,0.0009621245803780238,-0.014612765698668331,0.004719417714976219,-0.02386282442002172,-0.005362706977314943,0.001959474313222533,0.004355601278603085,0.052267215343237014,0.00015042812860313292,0.0018051375432375952,0.04872914575849133,0.0558052849279827,2.5580984901284407,0.08834830004823958,2.384935822033891,2.7312611582229906,2.4488752680104035e-184,0.00443577832696792,0.053229339923615046,0.9570051449905117,monthly_segmented_wls_hac,6,4.897750536020807e-184,0.001959474313222533
arxiv_ai_abstracts,3,"code, models, language, llms, reasoning, knowledge, model",flesch_reading_ease,readability,2022-11-30,136,95,41,23.45203489230077,16.30700132110117,2.154550627640221,-0.008196216963410509,-0.0983546035609261,2.2233335258451805,0.6161063156415654,1.0157651471877125,3.4309019045026483,0.00030775319570104317,-0.42136915725474744,-5.05642988705697,0.019026442731468616,0.2283173127776234,-5.503931820101111,-4.608927954012827,-2.3468605574588155,0.10596980634782703,-2.5545613779005563,-2.1391597370170743,1.1273942629429737e-108,-0.42956537421815794,-5.154784490617895,0.9518372430792247,monthly_segmented_wls_hac,6,1.1273942629429737e-108,0.0006155063914020863
arxiv_ai_abstracts,3,"code, models, language, llms, reasoning, knowledge, model",word_across_per_1k_words,marker_words,2022-11-30,136,95,41,0.3544983725257079,1.6614244067270565,0.2784162018047923,0.0032422602380176207,0.03890712285621145,-0.33522655061422707,0.10657439175401581,-0.544112358452098,-0.12634074277635607,0.0016582020801176977,0.06736051224771014,0.8083261469725217,0.004173348634453784,0.050080183613445406,0.7101689870901686,0.9064833068548748,2.9033013945764137,0.17987524895752452,2.550745906619665,3.2558568825331617,1.3216666581679239e-58,0.07060277248572776,0.847233269828733,0.9514157871710668,monthly_segmented_wls_hac,6,1.3216666581679239e-58,0.0016582020801176977
arxiv_ai_abstracts,3,"code, models, language, llms, reasoning, knowledge, model",clause_depth_std,syntax,2022-11-30,136,95,41,2.2414644039657112,2.147919281448146,0.16867434820700167,-0.0002988637394172383,-0.0035863648730068594,0.0722560464919092,0.022257390373810006,0.028631561359241588,0.11588053162457682,0.0011688087545529888,-0.00676957324593248,-0.08123487895118976,0.0005343944508491788,0.006412733410190146,-0.09380383643516244,-0.06866592146721709,-0.48160778336902865,0.03801842709550754,-0.5561239004762233,-0.4070916662618339,8.924179320572327e-37,-0.0070684369853497185,-0.08482124382419662,0.5233401652446346,monthly_segmented_wls_hac,6,1.7848358641144653e-36,0.0023376175091059776
arxiv_ai_abstracts,3,"code, models, language, llms, reasoning, knowledge, model",clause_depth,syntax,2022-11-30,136,95,41,11.471480204886662,11.271779758126325,0.42382541634138715,0.0003049614928131786,0.003659537913758143,0.21267562596901535,0.0731250628587623,0.06935050276584123,0.3560007491721895,0.0036330410497474037,-0.019855465263338583,-0.238265583160063,0.0017792275459857009,0.02135073055182841,-0.28011301504164665,-0.19641815127847934,-0.5621786093360254,0.05037623919805369,-0.6609160381642105,-0.4634411805078402,6.428113341904165e-29,-0.019550503770525404,-0.23460604524630485,0.5112893120046035,monthly_segmented_wls_hac,6,6.428113341904165e-29,0.0036330410497474037
arxiv_ai_abstracts,3,"code, models, language, llms, reasoning, knowledge, model",sequential_marker_moreover_per_1k_words,sequential_markers,2022-11-30,136,95,41,0.29049270956018775,0.3297481448124884,0.19534417468198728,0.000607483519076415,0.007289802228916981,0.19547244153810825,0.03610745375708689,0.12470183217421794,0.26624305090199857,6.175927220083716e-08,-0.008837195150853263,-0.10604634181023916,0.0010633449345020735,0.012760139214024881,-0.13105621466972794,-0.08103646895075038,-0.5428692305919973,0.06532131933188123,-0.6708990164824846,-0.41483944470151,9.509815534656271e-17,-0.008229711631776849,-0.09875653958132219,0.327576031902847,monthly_segmented_wls_hac,6,9.509815534656271e-17,6.175927220083716e-08
arxiv_ai_abstracts,3,"code, models, language, llms, reasoning, knowledge, model",em_dash_per_1k_words,punctuation,2022-11-30,136,95,41,0.49175613700263365,0.5839770554056316,0.3925733669932569,0.0013550070184054383,0.016260084220865258,-0.4946953201396606,0.13991920686019882,-0.7689369655856503,-0.22045367469367094,0.0004068835487531698,0.022974149822833446,0.2756897978740014,0.00607327305910106,0.07287927670921271,0.13284641552394444,0.4185331802240583,0.702263120867129,0.18564498470031088,0.33839895085451965,1.0661272908797383,0.00015505631479023719,0.024329156841238885,0.2919498820948666,0.4416797276038602,monthly_segmented_wls_hac,6,0.00015505631479023719,0.0004068835487531698
arxiv_ai_abstracts,3,"code, models, language, llms, reasoning, knowledge, model",verb_align_per_1k_words,verbs,2022-11-30,136,95,41,0.06782373677960232,0.2785866876205374,0.1021804525993947,0.0014102869675781259,0.016923443610937512,0.025509643110636332,0.047472339798191675,-0.06753614289381935,0.11855542911509201,0.5910203265425384,0.004666577920247458,0.055998935042969496,0.0015678980116531599,0.018814776139837917,0.01912197380888718,0.09287589627705181,0.5480396065822596,0.1841328322707916,0.18713925533150805,0.9089399578330111,0.002917231760397385,0.006076864887825583,0.072922378653907,0.5956732012444411,monthly_segmented_wls_hac,6,0.002917231760397385,0.5910203265425384
arxiv_ai_abstracts,3,"code, models, language, llms, reasoning, knowledge, model",emphasis_marker_crucially_per_1k_words,emphasis_markers,2022-11-30,136,95,41,0.008894253934407613,0.03552395636549695,0.03305983173491173,2.7328182144890113e-05,0.00032793818573868133,0.0008265742319911031,0.012670250647800396,-0.024007117037697673,0.02566026550167988,0.9479849822380306,0.0010994202866483414,0.013193043439780096,0.0004243236906744413,0.005091884288093295,0.003212950235117237,0.023173136644442958,0.39906565603744515,0.15402027236321902,0.09718592220553586,0.7009453898693545,0.009569906166877366,0.0011267484687932316,0.013520981625518779,0.26385610313361774,monthly_segmented_wls_hac,6,0.009569906166877366,0.9479849822380306
arxiv_ai_abstracts,4,"data, model, learning, models, time, based, forecasting",flesch_reading_ease,readability,2022-11-30,136,95,41,21.330371127418267,11.483579079815478,3.082789813389243,-0.043935302747921116,-0.5272236329750534,0.39823678649712035,0.5974625884316235,-0.7727898868288616,1.5692634598231023,0.505061649732127,-0.3516880515106824,-4.220256618128189,0.02206756960589369,0.2648108352707243,-4.739285855258808,-3.7012273809975693,-1.368973194279634,0.08589973734848605,-1.5373366794826666,-1.2006097090766013,3.51509198245554e-57,-0.3956233542586035,-4.747480251103243,0.9465048818958138,monthly_segmented_wls_hac,6,7.03018396491108e-57,0.6786444289833777
arxiv_ai_abstracts,4,"data, model, learning, models, time, based, forecasting",avg_syllables_per_word,readability,2022-11-30,136,95,41,1.8894752426607562,1.9942041105445256,0.030192035430864093,0.0003508060541455587,0.004209672649746705,0.0029130530291740925,0.007031033445466518,-0.010867772523940281,0.016693878582288466,0.6786444289833777,0.00375017222400913,0.045002066688109556,0.0002909912671558806,0.003491895205870567,0.03815795208460325,0.051846181291615875,1.4905277516369688,0.11565617077611615,1.2638416569157813,1.7172138463581565,5.287953081005447e-38,0.004100978278154688,0.04921173933785626,0.9518878675283007,monthly_segmented_wls_hac,6,5.287953081005447e-38,0.6786444289833777
arxiv_ai_abstracts,4,"data, model, learning, models, time, based, forecasting",word_across_per_1k_words,marker_words,2022-11-30,136,95,41,0.4353192249232956,1.5314695822332078,0.43465951708236655,0.002835376622159736,0.034024519465916836,-0.34654907054296247,0.0975145427121145,-0.5376775742587069,-0.15542056682721805,0.00037967989240401354,0.06079111342689951,0.7294933611227941,0.005033121896763919,0.06039746276116703,0.6111143341109067,0.8478723881346815,1.6783098780845456,0.1389535035758159,1.4059610110759464,1.9506587450931447,1.3768104332767894e-33,0.06362649004905925,0.7635178805887111,0.890748066476553,monthly_segmented_wls_hac,6,1.3768104332767894e-33,0.00037967989240401354
arxiv_ai_abstracts,4,"data, model, learning, models, time, based, forecasting",verb_align_per_1k_words,verbs,2022-11-30,136,95,41,0.04685657259818127,0.21310237896085715,0.14821323766290417,5.239957707395436e-05,0.0006287949248874523,-0.02558152455439787,0.02698441607954816,-0.07847098007031227,0.027307930961516527,0.34312383011845116,0.009339415231962956,0.11207298278355547,0.0013635319009678486,0.016362382811614184,0.08000271247279167,0.14414325309431925,0.7561604115177214,0.11039758033508955,0.539781154060946,0.9725396689744968,7.414522765510667e-12,0.00939181480903691,0.11270177770844292,0.5925997215952332,monthly_segmented_wls_hac,6,7.414522765510667e-12,0.34312383011845116
arxiv_ai_abstracts,4,"data, model, learning, models, time, based, forecasting",sequential_marker_moreover_per_1k_words,sequential_markers,2022-11-30,136,95,41,0.27167728292507426,0.3205110433280368,0.26330125901033236,0.0019235844147635459,0.023083012977162552,0.0789447562429766,0.033925168810240804,0.012451425374904623,0.14543808711104858,0.01996387149227672,-0.007892161632266612,-0.09470593958719935,0.0011770095858494472,0.014124115030193366,-0.12238920504637835,-0.06702267412802035,-0.359686618830345,0.053642413573264054,-0.4648257494339425,-0.25454748822674744,2.0104065997982088e-11,-0.005968577217503067,-0.0716229266100368,0.1238557698704672,monthly_segmented_wls_hac,6,2.0104065997982088e-11,0.01996387149227672
arxiv_ai_abstracts,4,"data, model, learning, models, time, based, forecasting",clause_depth_std,syntax,2022-11-30,136,95,41,2.166182389768467,2.057394277040264,0.22385824527450635,0.0001238151417586841,0.0014857817011042092,-0.005385743309791913,0.02602331939322767,-0.05639144932051814,0.04561996270093432,0.8360423841268463,-0.005067051554598557,-0.06080461865518268,0.0008278292410175856,0.009933950892211028,-0.0802751624039163,-0.04133407490644907,-0.2716210813705833,0.04437607772735604,-0.35859819371620116,-0.18464396902496544,9.305424781510051e-10,-0.004943236412839873,-0.05931883695407847,0.4133173806817748,monthly_segmented_wls_hac,6,1.8610849563020102e-09,0.8360423841268463
arxiv_ai_abstracts,4,"data, model, learning, models, time, based, forecasting",em_dash_per_1k_words,punctuation,2022-11-30,136,95,41,0.2328312216419332,0.38347303021649903,0.34354394252340814,-0.00106540274472719,-0.012784832936726281,-0.3117502338449848,0.10111511764050624,-0.509935864420377,-0.11356460326959258,0.0020484122640401694,0.02326573270661195,0.2791887924793434,0.0045542898238292336,0.0546514778859508,0.17207189582287982,0.386305689135807,0.8126727266056227,0.15908147727630798,0.500873031144059,1.1244724220671862,3.246724034467876e-07,0.02220032996188476,0.26640395954261714,0.4585160867418103,monthly_segmented_wls_hac,6,3.246724034467876e-07,0.0020484122640401694
arxiv_ai_abstracts,4,"data, model, learning, models, time, based, forecasting",clause_depth,syntax,2022-11-30,136,95,41,11.35043176129581,11.16283892061144,0.6382599343923153,0.001896869305529038,0.022762431666348455,0.041070294272631425,0.08451210147937954,-0.12457342462695248,0.20671401317221533,0.6269888699173225,-0.01472401010420616,-0.17668812125047392,0.0029768042463211124,0.03572165095585335,-0.24670255712394648,-0.10667368537700136,-0.2768278435316451,0.05596724630673205,-0.3865236462928399,-0.16713204077045027,7.565781392013842e-07,-0.012827140798677122,-0.15392568958412545,0.273810586044409,monthly_segmented_wls_hac,6,7.565781392013842e-07,0.8360423841268463
arxiv_ai_abstracts,4,"data, model, learning, models, time, based, forecasting",emphasis_marker_crucially_per_1k_words,emphasis_markers,2022-11-30,136,95,41,0.013629622740858006,0.026480173382779016,0.0901732236983728,-0.00018573543580849438,-0.0022288252297019326,-0.004225847108463724,0.010631253693253132,-0.025063104347239865,0.016611410130312414,0.691004073402681,0.0013976750267641045,0.016772100321169256,0.0003938843499047548,0.004726612198857057,0.0075079404114094216,0.026036260230929087,0.18599867713803286,0.05241702586421284,0.08326130644417568,0.28873604783189,0.00038752011112896007,0.0012119395909556102,0.014543275091467321,0.1264843613697978,monthly_segmented_wls_hac,6,0.00038752011112896007,0.691004073402681
arxiv_ai_abstracts,5,"quantum, classical, learning, machine, quantum machine, machine learning, neural",avg_syllables_per_word,readability,2022-11-30,135,94,41,1.916921554943731,1.9843000448009143,0.05329886128045551,-0.000272318462156086,-0.003267821545873032,0.007064085647846274,0.008407409478373644,-0.009414436929766068,0.023542608225458617,0.40078424278497654,0.0038485566419800624,0.04618267970376075,0.0003005836119618561,0.0036070033435422737,0.03911295315041789,0.053252406257103604,0.8664852980770109,0.06767505453001016,0.733842191198191,0.9991284049558309,1.5649437541280822e-37,0.0035762381798239763,0.04291485815788772,0.8393098337825325,monthly_segmented_wls_hac,6,3.1298875082561644e-37,0.40078424278497654
arxiv_ai_abstracts,5,"quantum, classical, learning, machine, quantum machine, machine learning, neural",flesch_reading_ease,readability,2022-11-30,135,94,41,18.793315902475953,12.100776185395695,4.270698488582094,0.01210198588056135,0.1452238305667362,0.8713000619561276,0.7768367919536298,-0.6513000502729868,2.393900174185242,0.26203259759426,-0.4006650661276925,-4.80798079353231,0.03149196267734456,0.37790355212813476,-5.548671755703454,-4.067289831361165,-1.1258066581817152,0.08848752800940572,-1.2992422130801506,-0.95237110328328,4.418996541810865e-37,-0.38856308024713115,-4.662756962965574,0.8653655330557034,monthly_segmented_wls_hac,6,4.418996541810865e-37,0.40078424278497654
arxiv_ai_abstracts,5,"quantum, classical, learning, machine, quantum machine, machine learning, neural",word_across_per_1k_words,marker_words,2022-11-30,135,94,41,0.19198335438577221,0.9476135031230218,0.673181993130632,0.0026393542897289483,0.031672251476747376,-0.2018214070135282,0.12274806242058521,-0.4424076093578752,0.038764795330818835,0.10013650725356159,0.040240173545841536,0.48288208255009846,0.004714296202750911,0.056571554433010936,0.372001835861397,0.5937623292387999,0.7173128329004405,0.08403604821621119,0.5526021783966665,0.8820234874042143,1.3921857488475856e-17,0.04287952783557048,0.5145543340268458,0.8256995235190961,monthly_segmented_wls_hac,6,1.3921857488475856e-17,0.10013650725356159
arxiv_ai_abstracts,5,"quantum, classical, learning, machine, quantum machine, machine learning, neural",em_dash_per_1k_words,punctuation,2022-11-30,135,94,41,0.4110014842932869,0.6480711136968563,0.7519248408058237,-0.0009150655333242903,-0.010980786399891484,-0.33926693607336106,0.19151543855158315,-0.714637195634464,0.03610332348774192,0.07647990320939682,0.028326793585989198,0.3399215230318704,0.007327647912526933,0.0879317749503232,0.1675752441292369,0.5122678019345038,0.45206848422188434,0.11694223967396579,0.2228616944609114,0.6812752739828573,0.00011075213690727658,0.027411728052664907,0.32894073663197887,0.27664736932634915,monthly_segmented_wls_hac,6,0.00011075213690727658,0.07647990320939682
arxiv_ai_abstracts,5,"quantum, classical, learning, machine, quantum machine, machine learning, neural",clause_depth_std,syntax,2022-11-30,135,94,41,2.2250081993617625,2.08483268711611,0.4146989054479484,-0.00039401137430392097,-0.004728136491647052,-0.017921343024442427,0.0466782127044067,-0.10941063992507956,0.0735679538761947,0.7010275227003124,-0.004950010817306637,-0.05940012980767964,0.0015357815775271014,0.018429378930325216,-0.09552171251111706,-0.023278547104242216,-0.14323676534307936,0.04444038479054633,-0.23033991953255015,-0.056133611153608556,0.0012680169955646297,-0.005344022191610558,-0.06412826629932669,0.2538282446342327,monthly_segmented_wls_hac,6,0.0025360339911292594,0.7010275227003124
arxiv_ai_abstracts,5,"quantum, classical, learning, machine, quantum machine, machine learning, neural",clause_depth,syntax,2022-11-30,135,94,41,11.513192378459184,11.319085369279495,1.051583678476761,0.0018418452148732118,0.02210214257847854,-0.0828092811796286,0.15801069445209395,-0.3925102423057327,0.22689167994647552,0.6002271397951882,-0.013363947127817577,-0.16036736553381092,0.004918037383991727,0.05901644860790073,-0.2760396048052964,-0.04469512626232549,-0.15250081264679394,0.05612149543190627,-0.26249894369333027,-0.04250268160025766,0.006581028267147148,-0.011522101912944366,-0.1382652229553324,0.17526656526541462,monthly_segmented_wls_hac,6,0.006581028267147148,0.7010275227003124
arxiv_ai_abstracts,5,"quantum, classical, learning, machine, quantum machine, machine learning, neural",sequential_marker_moreover_per_1k_words,sequential_markers,2022-11-30,135,94,41,0.4204926192088285,0.29224680731457525,0.7414002475917777,0.0006855713170978832,0.008226855805174599,-0.006806117924781797,0.07554660939762993,-0.15487747234413646,0.14126523649457284,0.928214392647807,-0.007990621178713022,-0.09588745414455627,0.003080693530343176,0.03696832236411811,-0.16834536597822775,-0.02342954231088476,-0.1293329135726872,0.049862840596828654,-0.22706408114247134,-0.031601746002903004,0.009492900796095919,-0.007305049861615139,-0.08766059833938167,0.1250739729043704,monthly_segmented_wls_hac,6,0.009492900796095919,0.928214392647807
arxiv_ai_abstracts,5,"quantum, classical, learning, machine, quantum machine, machine learning, neural",emphasis_marker_crucially_per_1k_words,emphasis_markers,2022-11-30,135,94,41,0.009305541651484776,0.04195856629666373,0.04096043145476373,0.0005309137949514758,0.006370965539417709,-0.06654080875516755,0.04143680840499397,-0.1477569532289557,0.014675335718620633,0.1083094706465722,0.0029898060543378673,0.03587767265205441,0.0013810861988008125,0.01657303438560975,0.003394525256259299,0.06836082004784952,0.875910516022697,0.4046108353109716,0.0828732788131926,1.6689477532322012,0.03040130452366157,0.003520719849289343,0.04224863819147212,0.24264269195794141,monthly_segmented_wls_hac,6,0.03040130452366157,0.1083094706465722
arxiv_ai_abstracts,5,"quantum, classical, learning, machine, quantum machine, machine learning, neural",verb_align_per_1k_words,verbs,2022-11-30,135,94,41,0.03554845483637811,0.10200846411749849,0.14618742651497224,0.0007544621891294456,0.009053546269553348,-0.04555826325843118,0.044389400462020036,-0.13256148816399044,0.04144496164712809,0.304735106891735,0.0031133453248880488,0.037360143898656585,0.0020789693483030747,0.024947632179636896,-0.01153721517343173,0.0862575029707449,0.25556331887975486,0.17065511565785588,-0.07892070780964265,0.5900473455691524,0.1342521093933782,0.0038678075140174944,0.04641369016820993,0.13923909509904775,monthly_segmented_wls_hac,6,0.1342521093933782,0.304735106891735
arxiv_ai_abstracts,6,"ai, human, systems, intelligence, agents, artificial, research",avg_syllables_per_word,readability,2022-11-30,136,95,41,1.8877321179729605,1.9942289196536735,0.03883479393407371,0.00039699799357908246,0.00476397592294899,-0.0010137554199151602,0.005519948380207319,-0.011832854245121505,0.009805343405291185,0.8542856338790605,0.0038329745930654816,0.04599569511678578,0.00015023385452628518,0.0018028062543154221,0.04246219485832755,0.049529195375244,1.1843939533931473,0.046422449347249845,1.0934059526725377,1.275381954113757,1.4002690377250332e-143,0.004229972586644564,0.05075967103973476,0.9375174544418541,monthly_segmented_wls_hac,6,2.8005380754500664e-143,0.8542856338790605
arxiv_ai_abstracts,6,"ai, human, systems, intelligence, agents, artificial, research",flesch_reading_ease,readability,2022-11-30,136,95,41,20.761423409791536,11.43729799413833,4.127574949442666,-0.037148164323590326,-0.4457779718830839,0.7811388702109157,0.5663600597513352,-0.32892684690170126,1.8912045873235326,0.1678248933551257,-0.3561300315462643,-4.273560378555172,0.0152197769336603,0.1826373232039236,-4.631529532034863,-3.9155912250754814,-1.0353683290795768,0.044248093721129055,-1.12209459277299,-0.9486420653861638,4.358321306569589e-121,-0.39327819586985463,-4.719338350438256,0.9223141679129658,monthly_segmented_wls_hac,6,4.358321306569589e-121,0.3356497867102514
arxiv_ai_abstracts,6,"ai, human, systems, intelligence, agents, artificial, research",word_across_per_1k_words,marker_words,2022-11-30,136,95,41,0.4647155722863861,1.3914201665989332,0.7449101940347376,0.003797379998557649,0.045568559982691784,-0.6005114282217083,0.13216403742362579,-0.8595529415720149,-0.3414699148714018,5.527989346638412e-06,0.0594660266356012,0.7135923196272145,0.0053853781963960935,0.06462453835675312,0.5869282244479783,0.8402564148064506,0.9579575166801079,0.08675480463855684,0.7879180995885364,1.1279969337716793,2.393020460237351e-28,0.06326340663415884,0.7591608796099061,0.8305062765978886,monthly_segmented_wls_hac,6,2.393020460237351e-28,5.527989346638412e-06
arxiv_ai_abstracts,6,"ai, human, systems, intelligence, agents, artificial, research",clause_depth_std,syntax,2022-11-30,136,95,41,2.2701033183686463,2.2127297339787875,0.3340194075299062,0.0026033715235512633,0.03124045828261516,-0.04832784398453312,0.03417516061251796,-0.11531115878506833,0.018655470816002093,0.1573261060648168,-0.008825355302976247,-0.10590426363571495,0.0011507295851936328,0.013808755022323593,-0.13296942347946922,-0.07883910379196071,-0.31706021041975796,0.04134117572520763,-0.398088914841165,-0.23603150599835102,1.7286151408716613e-14,-0.006221983779424983,-0.0746638053530998,0.3042068208921842,monthly_segmented_wls_hac,6,3.4572302817433226e-14,0.3146522121296336
arxiv_ai_abstracts,6,"ai, human, systems, intelligence, agents, artificial, research",clause_depth,syntax,2022-11-30,136,95,41,11.685805967206308,11.541987125474924,0.8781322850642026,0.006520992983853452,0.07825191580624141,-0.06391220536067689,0.10269645920730963,-0.2651972654070038,0.13737285468564997,0.5337177422660049,-0.02458280998327513,-0.29499371979930156,0.00367173274802011,0.04406079297624132,-0.38135287403273455,-0.20863456556586857,-0.33593312171381307,0.050175575736883325,-0.43427725015810437,-0.23758899326952174,2.154471169609115e-11,-0.01806181699942168,-0.21674180399306014,0.30858367649973184,monthly_segmented_wls_hac,6,2.154471169609115e-11,0.5337177422660049
arxiv_ai_abstracts,6,"ai, human, systems, intelligence, agents, artificial, research",emphasis_marker_crucially_per_1k_words,emphasis_markers,2022-11-30,136,95,41,0.007688297666320081,0.02697671053664733,0.03179644986519731,0.000136069449565698,0.0016328333947883762,-0.022875395971123695,0.011552579607135337,-0.045518452001108954,-0.0002323399411384361,0.04769099892674964,0.0014136145763557497,0.016963374916268995,0.0004014714555526367,0.004817657466631641,0.007520766281670981,0.02640598355086701,0.5334990223180921,0.15151557758983625,0.2365284902420131,0.8304695543941711,0.00042978701980339655,0.0015496840259214477,0.01859620831105737,0.1740326734080867,monthly_segmented_wls_hac,6,0.00042978701980339655,0.04769099892674964
arxiv_ai_abstracts,6,"ai, human, systems, intelligence, agents, artificial, research",em_dash_per_1k_words,punctuation,2022-11-30,136,95,41,0.6711175868717272,1.0361483991265288,0.838283915342857,0.00029670400838127447,0.0035604481005752937,-0.2836590503388721,0.23659671295950174,-0.7473886077394956,0.18007050706175126,0.23056148797921944,0.027528100498199017,0.3303372059783882,0.009007172690252892,0.10808607228303471,0.11848850430364019,0.5421859076531362,0.39406363396974015,0.12893730907246104,0.14134650818771652,0.6467807597517637,0.002241301925834451,0.02782480450658029,0.3338976540789635,0.32393999046293565,monthly_segmented_wls_hac,6,0.002241301925834451,0.23056148797921944
arxiv_ai_abstracts,6,"ai, human, systems, intelligence, agents, artificial, research",sequential_marker_moreover_per_1k_words,sequential_markers,2022-11-30,136,95,41,0.16838029895408532,0.15043766636892458,0.31751994871289363,-0.0005263383038105593,-0.006316059645726711,0.07445279790401851,0.02847891353063621,0.018634127383971542,0.13027146842406548,0.00894070510394573,-0.0023365171316110144,-0.028038205579332173,0.0010874766975316349,0.013049720370379618,-0.05361565750527623,-0.0024607536533881227,-0.08830376073373816,0.041098899213351074,-0.1688576031919063,-0.00774991827557006,0.031668697198082754,-0.002862855435421574,-0.03435426522505888,0.05370716033577094,monthly_segmented_wls_hac,6,0.031668697198082754,0.00894070510394573
arxiv_ai_abstracts,6,"ai, human, systems, intelligence, agents, artificial, research",verb_align_per_1k_words,verbs,2022-11-30,136,95,41,0.13684827720805592,0.560106559838516,0.2643118906696753,0.002371460440628226,0.028457525287538712,0.17598254909192435,0.12248995258308422,-0.06409775797092071,0.4160628561547694,0.15080039071511608,0.004602824917856,0.055233899014271996,0.004340590299404306,0.05208708359285168,-0.04685678482771728,0.15732458285626127,0.20897243356826783,0.1970667436144509,-0.17727838391605585,0.5952232510525916,0.2889560657245601,0.006974285358484225,0.0836914243018107,0.43478691207579956,monthly_segmented_wls_hac,6,0.2889560657245601,0.15080039071511608
arxiv_ai_abstracts,7,"fuzzy, based, decision, paper, data, set, proposed",avg_syllables_per_word,readability,2022-11-30,136,95,41,1.9064498220332646,1.9519208439809113,0.035062470080946505,0.000141516796858757,0.0016982015623050839,-0.020354049834980847,0.009918119893910976,-0.03979356482704636,-0.0009145348429153363,0.04014940489656735,0.002510324175459127,0.03012389010550952,0.00028675222755852853,0.003441026730702342,0.02337947771333293,0.03686830249768611,0.8591491140231822,0.0981398835495121,0.6667949422661384,1.051503285780226,2.0531605170168537e-18,0.0026518409723178837,0.031822091667814606,0.40431235974840085,monthly_segmented_wls_hac,6,4.1063210340337074e-18,0.0802988097931347
arxiv_ai_abstracts,7,"fuzzy, based, decision, paper, data, set, proposed",flesch_reading_ease,readability,2022-11-30,136,95,41,21.412688983156357,17.36603260390053,3.4735759683447487,-0.01945702331376816,-0.23348427976521793,1.1168030082998606,0.7764639693105859,-0.4050663715488878,2.638672388148609,0.15034351641871468,-0.18968694531962352,-2.2762433438354823,0.027859999651027794,0.3343199958123335,-2.931510535627656,-1.6209761520433086,-0.6553025943809062,0.09624663426366514,-0.8439459975376898,-0.4666591912241225,9.85690130806902e-12,-0.20914396863339169,-2.5097276236007002,0.37153289628953257,monthly_segmented_wls_hac,6,9.85690130806902e-12,0.15034351641871468
arxiv_ai_abstracts,7,"fuzzy, based, decision, paper, data, set, proposed",clause_depth_std,syntax,2022-11-30,136,95,41,2.3194583065739955,2.2514778971535714,0.27754776642502765,-0.001204034174784855,-0.014448410097418261,0.16821716833885558,0.05569587413938866,0.05905325502565381,0.2773810816520573,0.0025254059766761467,-0.007047079538732684,-0.0845649544647922,0.0017549757455054735,0.02105970894606568,-0.12584198399908095,-0.04328792493050347,-0.3046861286402578,0.07587778211054137,-0.45340658157691893,-0.1559656757035967,5.932356348407282e-05,-0.00825111371351754,-0.09901336456221047,0.06839457739629062,monthly_segmented_wls_hac,6,0.00011864712696814564,0.0050508119533522935
arxiv_ai_abstracts,7,"fuzzy, based, decision, paper, data, set, proposed",word_across_per_1k_words,marker_words,2022-11-30,136,95,41,0.17026905920408464,0.3378215586332739,0.3383557738270009,0.0012330105279532702,0.014796126335439242,-0.12652638286616283,0.09898017920541885,-0.32052753410878376,0.0674747683764581,0.20114359738731435,0.011181870215721023,0.13418244258865228,0.00338965396687621,0.04067584760251452,0.054457781287723814,0.21390710388958073,0.39657204921012784,0.12021620657583877,0.16094828432148384,0.6321958140987718,0.0009709093129211915,0.012414880743674292,0.1489785689240915,0.11676100626313479,monthly_segmented_wls_hac,6,0.0009709093129211915,0.20114359738731435
arxiv_ai_abstracts,7,"fuzzy, based, decision, paper, data, set, proposed",verb_align_per_1k_words,verbs,2022-11-30,136,95,41,0.019237479625934754,0.11775724843857129,0.10529584302641812,2.3044167773090727e-05,0.0002765300132770887,-0.015577888653733482,0.0516575299367597,-0.11682664732978248,0.08567087002231552,0.7629868562130185,0.005786840165379937,0.06944208198455924,0.0020631648642276896,0.024757978370732275,0.020916444377923987,0.11796771959119451,0.6594949998846262,0.2351277852870283,0.19864454072205084,1.1203454590472017,0.005034210529496267,0.005809884333153027,0.06971861199783633,0.11536526093667221,monthly_segmented_wls_hac,6,0.005034210529496267,0.7629868562130185
arxiv_ai_abstracts,7,"fuzzy, based, decision, paper, data, set, proposed",clause_depth,syntax,2022-11-30,136,95,41,11.481429510265384,11.53204377346721,0.7268601225236584,-0.001223725292566135,-0.014684703510793621,0.4416487067812677,0.16695862878281953,0.11440979436694143,0.768887619195594,0.008162856774720686,-0.014044189886465192,-0.1685302786375823,0.006139363518455642,0.07367236222146771,-0.312928108591659,-0.024132448683505586,-0.23186067499816218,0.10135700107701226,-0.43052039710910617,-0.03320095288721814,0.02216289666995475,-0.015267915179031326,-0.18321498214837592,0.029574886934843336,monthly_segmented_wls_hac,6,0.02216289666995475,0.008162856774720686
arxiv_ai_abstracts,7,"fuzzy, based, decision, paper, data, set, proposed",emphasis_marker_crucially_per_1k_words,emphasis_markers,2022-11-30,136,95,41,0.028145246869386378,0.01726322458029775,0.12467651513155091,-0.00032191884029812197,-0.003863026083577464,-0.041859714746480044,0.02411040232930492,-0.08911610331191769,0.005396673818957601,0.08253409142530228,0.0030310090907791397,0.03637210908934968,0.0015828731153834288,0.018994477384601145,-0.0008570665844685691,0.07360128476316793,0.29173183940032404,0.15235008264835886,-0.006874322590459363,0.5903380013911075,0.055508049148938664,0.002709090250481018,0.03250908300577221,0.03793066889150698,monthly_segmented_wls_hac,6,0.055508049148938664,0.08253409142530228
arxiv_ai_abstracts,7,"fuzzy, based, decision, paper, data, set, proposed",em_dash_per_1k_words,punctuation,2022-11-30,136,95,41,0.45917062349811466,0.6594063989424225,0.6876368556649558,-0.0013577433441816092,-0.01629292013017931,-0.0994402003753576,0.2461243075038089,-0.581843843082823,0.38296344233210783,0.6861948521141708,0.019819041518226437,0.23782849821871724,0.01224412387809966,0.14692948653719592,-0.05015329539418675,0.5258102918316212,0.34586351249124553,0.21367308242242597,-0.07293572905670932,0.7646627540392004,0.10552100106558256,0.018461298174044828,0.22153557808853794,0.04878139337550513,monthly_segmented_wls_hac,6,0.10552100106558256,0.6861948521141708
arxiv_ai_abstracts,7,"fuzzy, based, decision, paper, data, set, proposed",sequential_marker_moreover_per_1k_words,sequential_markers,2022-11-30,136,95,41,0.2612572471434828,0.4086052492974678,0.3155871152829557,0.0005341118872895797,0.006409342647474956,0.18055416737486868,0.09087929303760961,0.0024307530211538364,0.35867758172858355,0.04695043499771091,-0.0018951333428506893,-0.022741600114208272,0.003605543451543279,0.043266521418519346,-0.10754398209450619,0.062060781866089654,-0.07206124398905872,0.13709850409997426,-0.34077431202500824,0.19665182404689083,0.5991546490453887,-0.0013610214555611097,-0.016332257466733315,0.055958198165078965,monthly_segmented_wls_hac,6,0.5991546490453887,0.04695043499771091
arxiv_ai_abstracts,8,"privacy, data, learning, federated, fl, model, federated learning",flesch_reading_ease,readability,2022-11-30,132,91,41,18.422099351916305,8.924517490215958,6.438690498581769,-0.046304919420391305,-0.5556590330446957,0.028788862032384788,0.6400181158747503,-1.2256466450821257,1.2832243691468954,0.9641221954277328,-0.34088549536960205,-4.090625944435224,0.03703245274468534,0.4443894329362241,-4.961629232990224,-3.219622655880226,-0.6353195491127046,0.06901860448706278,-0.7705960139073477,-0.5000430843180617,3.415193883460936e-20,-0.3871904147899934,-4.646284977479921,0.8414210207355682,monthly_segmented_wls_hac,6,6.830387766921872e-20,0.9641221954277328
arxiv_ai_abstracts,8,"privacy, data, learning, federated, fl, model, federated learning",avg_syllables_per_word,readability,2022-11-30,132,91,41,1.9180978585075152,2.024240995428498,0.05343622651747921,0.0004996551270025336,0.005995861524030403,0.00959730901926896,0.008598284085273047,-0.007255327787866212,0.02644994582640413,0.26434129654872945,0.003177492703731081,0.03812991244477297,0.0004189823053859606,0.0050277876646315275,0.02827544862209518,0.047984376267450765,0.7135592261983641,0.0940894968133073,0.5291438124442819,0.8979746399524465,3.3548756644853914e-14,0.0036771478307336142,0.04412577396880337,0.8373475156787092,monthly_segmented_wls_hac,6,3.3548756644853914e-14,0.5286825930974589
arxiv_ai_abstracts,8,"privacy, data, learning, federated, fl, model, federated learning",sequential_marker_moreover_per_1k_words,sequential_markers,2022-11-30,132,91,41,0.3305776426839279,0.4104091756434564,0.5930894747628485,0.0032355730859073505,0.038826877030888204,0.2581729502591748,0.07433992385020999,0.11246669951276322,0.4038792010055864,0.000514923185305797,-0.018485223043434272,-0.22182267652121126,0.002441135808138406,0.029293629697660875,-0.2792381907286266,-0.16440716231379596,-0.37401216167241685,0.04939158583007086,-0.47081966989935575,-0.27720465344547796,3.6643024681070447e-14,-0.015249649957526921,-0.18299579949032305,0.18466720022530614,monthly_segmented_wls_hac,6,3.6643024681070447e-14,0.000514923185305797
arxiv_ai_abstracts,8,"privacy, data, learning, federated, fl, model, federated learning",word_across_per_1k_words,marker_words,2022-11-30,132,91,41,0.6132304136763318,1.9032967262343246,0.9663234812528149,0.010861885817835992,0.13034262981403189,-0.6058368510738125,0.14502549480179813,-0.8900868208853367,-0.3215868812622881,2.9479456538515478e-05,0.05700409382866344,0.6840491259439613,0.007531819845360041,0.09038183814432049,0.5069007231810931,0.8611975287068294,0.7078883409281416,0.09353165880554061,0.5245662896692821,0.8912103921870012,3.7774535750970115e-14,0.06786597964649943,0.8143917557579932,0.6907774797805717,monthly_segmented_wls_hac,6,3.7774535750970115e-14,2.9479456538515478e-05
arxiv_ai_abstracts,8,"privacy, data, learning, federated, fl, model, federated learning",em_dash_per_1k_words,punctuation,2022-11-30,132,91,41,0.3680662620508766,0.3570663131343195,0.8028109284295607,-0.005728865377246023,-0.06874638452695228,-0.19450953416085895,0.12198001764162497,-0.4335903687384439,0.044571300416725995,0.1108013493426634,0.023118704800614103,0.2774244576073692,0.006061577120974853,0.07273892545169823,0.13485616372204068,0.4199927514926978,0.34556636909522426,0.09060530054565694,0.1679799800257366,0.523152758164712,0.0001367491980689226,0.01738983942336808,0.20867807308041697,0.13795310082111023,monthly_segmented_wls_hac,6,0.0001367491980689226,0.1108013493426634
arxiv_ai_abstracts,8,"privacy, data, learning, federated, fl, model, federated learning",verb_align_per_1k_words,verbs,2022-11-30,132,91,41,0.012504781948048743,0.11518209484114728,0.06285968821709917,0.0010089197202893237,0.012107036643471885,-0.020648078062893104,0.03493423571073765,-0.0891191800559389,0.04782302393015268,0.5544831215606534,0.0030030054433307736,0.03603606531996928,0.0011454254919909443,0.013745105903891332,0.009095657748342272,0.06297647289159629,0.5732778246610314,0.21866328474967478,0.1446977865516689,1.001857862770394,0.008748267696159072,0.004011925163620097,0.04814310196344117,0.25640116511520117,monthly_segmented_wls_hac,6,0.008748267696159072,0.5544831215606534
arxiv_ai_abstracts,8,"privacy, data, learning, federated, fl, model, federated learning",clause_depth_std,syntax,2022-11-30,132,91,41,2.248372632511813,2.054667867700688,0.608699817114887,-0.0012109023404553217,-0.01453082808546386,-0.008477978970794331,0.04869445502692196,-0.10391911082356138,0.08696315288197272,0.8617824454369548,-0.0032472853452264116,-0.038967424142716936,0.0018018558431455022,0.021622270117746027,-0.08134707357349916,0.0034122252880652727,-0.06401747305825486,0.03552205785148939,-0.13364070644717407,0.005605760330664341,0.07151562543930477,-0.004458187685681733,-0.053498252228180804,0.1512877059064418,monthly_segmented_wls_hac,6,0.14303125087860954,0.8622795255858857
arxiv_ai_abstracts,8,"privacy, data, learning, federated, fl, model, federated learning",emphasis_marker_crucially_per_1k_words,emphasis_markers,2022-11-30,132,91,41,0.002229912944198658,0.03192379558540241,0.02127201373218178,9.3673958774232e-05,0.001124087505290784,0.010633167114649341,0.020338093835689172,-0.029229496803301436,0.05049583103260012,0.601099352801944,0.0006984840044570807,0.00838180805348497,0.0007409983966463396,0.008891980759756075,-0.009046474235636936,0.025810090342606874,0.3940298346462793,0.41801311675084474,-0.4252758741853763,1.213335543477935,0.3458724779030386,0.0007921579632313128,0.009505895558775753,0.10248518598224954,monthly_segmented_wls_hac,6,0.3458724779030386,0.601099352801944
arxiv_ai_abstracts,8,"privacy, data, learning, federated, fl, model, federated learning",clause_depth,syntax,2022-11-30,132,91,41,11.567121784048028,11.097580715980033,1.4675363614803505,-0.0029570151163339775,-0.03548418139600773,-0.022243893444598484,0.12822671718773876,-0.27356825913256644,0.22908047224336947,0.8622795255858857,-0.004487009619571415,-0.05384411543485698,0.0050641693265510825,0.06077003191861299,-0.17295337799533844,0.06526514712562448,-0.03669014059763583,0.041409557891507597,-0.11785287406499072,0.04447259286971905,0.37560097082687594,-0.007444024735905393,-0.08932829683086471,0.07830614694602811,monthly_segmented_wls_hac,6,0.37560097082687594,0.8622795255858857
arxiv_qbio_abstracts,0,"data, learning, based, models, methods, model, protein",avg_syllables_per_word,readability,2022-11-30,136,95,41,1.9387749017282592,2.029015632043609,0.019476108242394517,0.00022636447873233237,0.0027163737447879885,-0.007684343724443918,0.0031467459582795385,-0.013851965802671812,-0.001516721646216023,0.014606273985047387,0.003970971612777464,0.04765165935332957,0.0001495450097803657,0.0017945401173643885,0.044134360723295366,0.05116895798336378,2.4466725467054076,0.09214059066780768,2.2660769889965042,2.627268104414311,2.328277080972752e-155,0.0041973360915097966,0.05036803309811756,0.9471945811634072,monthly_segmented_wls_hac,6,4.656554161945504e-155,0.029212547970094774
arxiv_qbio_abstracts,0,"data, learning, based, models, methods, model, protein",flesch_reading_ease,readability,2022-11-30,136,95,41,17.911274062203557,9.158839002911959,1.8567108170417947,-0.022847582158787107,-0.2741709859054453,0.5440882698678648,0.329727516814764,-0.1021776630890725,1.1903542028248022,0.09891944933086194,-0.37246741235924796,-4.4696089483109755,0.015289559479603402,0.18347471375524083,-4.829219387271247,-4.109998509350704,-2.40727253123466,0.09881706514079666,-2.6009539789106215,-2.213591083558699,4.443762482220613e-131,-0.3953149945180351,-4.7437799342164215,0.9440894377649922,monthly_segmented_wls_hac,6,4.443762482220613e-131,0.09891944933086194
arxiv_qbio_abstracts,0,"data, learning, based, models, methods, model, protein",clause_depth,syntax,2022-11-30,136,95,41,11.625718696310072,11.362882961196775,0.33709230433582116,-0.0020839656004409237,-0.025007587205291084,0.22197931719307884,0.0621957115299832,0.10007572259431177,0.34388291179184594,0.00035828436066000615,-0.01704338596845669,-0.2045206316214803,0.0017385017060963309,0.02086202047315597,-0.24541019174886602,-0.1636310714940946,-0.6067199665814111,0.06188815408960692,-0.7280207485970408,-0.4854191845657816,1.0876030666740128e-22,-0.019127351568897614,-0.22952821882677138,0.4289792517235196,monthly_segmented_wls_hac,6,2.1752061333480256e-22,0.0006021580575686733
arxiv_qbio_abstracts,0,"data, learning, based, models, methods, model, protein",verb_align_per_1k_words,verbs,2022-11-30,136,95,41,0.15195946610147992,0.31669613704491933,0.19804838608729325,-0.00034522748749777,-0.00414272984997324,-0.000394482825625167,0.0349853261403474,-0.06896572206070606,0.06817675640945572,0.9910035114347598,0.009078177965543359,0.1089381355865203,0.0010585532480900828,0.012702638977080995,0.08404096319144155,0.13383530798159904,0.5500581839556316,0.06413906837636175,0.42434560993796255,0.6757707579733006,9.820914051730559e-18,0.008732950478045589,0.10479540573654707,0.34597319233864465,monthly_segmented_wls_hac,6,9.820914051730559e-18,0.9910035114347598
arxiv_qbio_abstracts,0,"data, learning, based, models, methods, model, protein",word_across_per_1k_words,marker_words,2022-11-30,136,95,41,0.8354525227277259,2.026861720240647,0.3436399439016912,0.0012725118883170974,0.01527014265980517,-0.5057015038615041,0.18900116729993213,-0.8761437917693711,-0.13525921595363716,0.007458386450366749,0.07517573277032544,0.9021087932439052,0.008938935054983463,0.10726722065980154,0.6918650407506941,1.1123525457371164,2.625156968079302,0.31215003541756087,2.013342898660883,3.236971037497722,4.102888748275868e-17,0.07644824465864253,0.9173789359037103,0.8637379364662175,monthly_segmented_wls_hac,6,4.102888748275868e-17,0.007458386450366749
arxiv_qbio_abstracts,0,"data, learning, based, models, methods, model, protein",clause_depth_std,syntax,2022-11-30,136,95,41,2.248417381174497,2.1348990873317186,0.1339739368295207,-0.0012795341435334875,-0.01535440972240185,0.08474850120974652,0.024703404897081796,0.0363298276114662,0.13316717480802684,0.0006021580575686733,-0.005522993109466856,-0.06627591731360227,0.0007635126335149341,0.00916215160217921,-0.08423373445387353,-0.04831810017333102,-0.4946926162059202,0.0683875671567215,-0.6287322478330943,-0.360652984578746,4.701374600064869e-13,-0.006802527253000344,-0.08163032703600412,0.42506100881604036,monthly_segmented_wls_hac,6,4.701374600064869e-13,0.0006021580575686733
arxiv_qbio_abstracts,0,"data, learning, based, models, methods, model, protein",em_dash_per_1k_words,punctuation,2022-11-30,136,95,41,0.3352560497899854,0.35753175177710705,0.25562768832567057,-7.011169281746635e-05,-0.0008413403138095962,-0.30679979541256586,0.0889710638153723,-0.4811830804906956,-0.13241651033443616,0.0005641065139095113,0.015863252153025885,0.19035902583631062,0.0034033026662284903,0.04083963199474189,0.11031334712661653,0.27040470454600474,0.7446729541824615,0.15976216137710425,0.4315391178833372,1.0578067904815858,3.144708193607021e-06,0.015793140460208417,0.189517685522501,0.2692017946702834,monthly_segmented_wls_hac,6,3.144708193607021e-06,0.0005641065139095113
arxiv_qbio_abstracts,0,"data, learning, based, models, methods, model, protein",sequential_marker_moreover_per_1k_words,sequential_markers,2022-11-30,136,95,41,0.29941085691195796,0.27388700882964484,0.18758635130686302,0.001920253214596257,0.023043038575155085,-0.0020911509730404468,0.04695000419962019,-0.09411315920429603,0.08993085725821512,0.9644740057973605,-0.007238106730911534,-0.0868572807709384,0.0016785872356581137,0.020143046827897367,-0.12633765255361723,-0.04737690898825957,-0.4630255888332354,0.10738013020438984,-0.6734906440338394,-0.2525605336326313,1.61767617346125e-05,-0.005317853516315277,-0.06381424219578333,0.15320434739216915,monthly_segmented_wls_hac,6,1.61767617346125e-05,0.9644740057973605
arxiv_qbio_abstracts,0,"data, learning, based, models, methods, model, protein",emphasis_marker_crucially_per_1k_words,emphasis_markers,2022-11-30,136,95,41,0.015364379497760266,0.03189599653253745,0.04995419953437592,-0.00025272985855775276,-0.003032758302693033,-0.00823186014576915,0.010113560270991518,-0.028054438276912525,0.011590717985374224,0.415677687222566,0.0020050872027254597,0.024061046432705516,0.0005119839059880404,0.0061438068718564845,0.012019184963866808,0.036102907901544225,0.4816621356558408,0.1229887963198896,0.24060409486885723,0.7227201764428244,8.991497228647165e-05,0.0017523573441677069,0.021028288130012483,0.17897166534485232,monthly_segmented_wls_hac,6,8.991497228647165e-05,0.415677687222566
arxiv_qbio_abstracts,1,"cell, model, cells, protein, dynamics, models, time",flesch_reading_ease,readability,2022-11-30,136,95,41,16.548630326395873,9.738217020039695,1.8634079329757087,-0.032772566192032185,-0.3932707943043862,1.703105348734523,0.7337897040338115,0.26487752882825233,3.1413331686407933,0.020288355686695812,-0.2984180472051806,-3.5810165664621674,0.025326569481676706,0.30391883378012047,-4.176697480671203,-2.9853356522531316,-1.9217566390541116,0.16309838999922424,-2.241429483452591,-1.6020837946556323,4.78725765589279e-32,-0.3311906133972128,-3.9742873607665534,0.8548744009490271,monthly_segmented_wls_hac,6,9.57451531178558e-32,0.040576711373391625
arxiv_qbio_abstracts,1,"cell, model, cells, protein, dynamics, models, time",avg_syllables_per_word,readability,2022-11-30,136,95,41,1.9387614656178627,2.006879716923857,0.01836166761833327,0.0002191729948621819,0.002630075938346183,-0.012917713365385539,0.009216071970743558,-0.03098121442804291,0.005145787697271833,0.16101959095632912,0.0031664512574634085,0.0379974150895609,0.0003225742349179097,0.003870890819014916,0.030410469084291666,0.045584361094830134,2.069388025062726,0.21081368530764663,1.656193201859739,2.4825828482657135,9.589596029532728e-23,0.0033856242523255904,0.04062749102790708,0.8394191060570695,monthly_segmented_wls_hac,6,9.589596029532728e-23,0.16101959095632912
arxiv_qbio_abstracts,1,"cell, model, cells, protein, dynamics, models, time",word_across_per_1k_words,marker_words,2022-11-30,136,95,41,0.33224267122901546,0.949603098529704,0.21473676752780863,0.00144610885368281,0.01735330624419372,-0.33803986144816695,0.149147953810699,-0.6303698509171369,-0.0457098719791969,0.023422417492016387,0.04031305811038912,0.4837566973246694,0.006075950589288029,0.07291140707145635,0.340850339464615,0.6266630551847239,2.252789323849827,0.3395385332044465,1.5872937987691118,2.9182848489305417,3.248191617043206e-11,0.041759166964071934,0.5011100035688631,0.6766115681459764,monthly_segmented_wls_hac,6,3.248191617043206e-11,0.023422417492016387
arxiv_qbio_abstracts,1,"cell, model, cells, protein, dynamics, models, time",clause_depth_std,syntax,2022-11-30,136,95,41,2.277738443348747,2.2035164367409967,0.1444407258683233,0.00021174585010974415,0.00254095020131693,0.04646701908682382,0.041443211920946396,-0.03476167627823112,0.12769571445187874,0.2621936019768989,-0.006345152161204445,-0.07614182593445334,0.0011668455155752575,0.01400214618690309,-0.10358603246078339,-0.04869761940812328,-0.5271492889330024,0.09694043077343634,-0.7171525332489376,-0.3371460446170671,5.392182754200188e-08,-0.006133406311094701,-0.07360087573313642,0.13057533432579504,monthly_segmented_wls_hac,6,1.0784365508400377e-07,0.5243872039537978
arxiv_qbio_abstracts,1,"cell, model, cells, protein, dynamics, models, time",clause_depth,syntax,2022-11-30,136,95,41,11.738255280925332,11.613088284409459,0.34711411824632926,0.00344875623005761,0.04138507476069132,-0.007380101228842251,0.1084119197932172,-0.21986746402354795,0.20510726156586345,0.9457262265481079,-0.01676216954371934,-0.2011460345246321,0.0038760272651844983,0.04651232718221398,-0.2923101958017715,-0.1099818732474927,-0.579480994725455,0.13399722090591124,-0.842115547701041,-0.316846441749869,1.5282639583918722e-05,-0.013313413313661732,-0.15976095976394078,0.12908075570178157,monthly_segmented_wls_hac,6,1.5282639583918722e-05,0.9457262265481079
arxiv_qbio_abstracts,1,"cell, model, cells, protein, dynamics, models, time",verb_align_per_1k_words,verbs,2022-11-30,136,95,41,0.07678993433717736,0.12295600067899604,0.10920678807405725,-2.1516692988468057e-05,-0.0002582003158616167,-0.010230709881182229,0.040419550499962716,-0.08945302886110915,0.06899160909874469,0.800180966093563,0.0027099151019461137,0.032518981223353366,0.0011184204210948907,0.013421045053138687,0.006213732919201537,0.05882422952750519,0.2977743581406406,0.12289570355312868,0.05689877917650843,0.5386499371047728,0.015393592667690826,0.002688398408957646,0.03226078090749175,0.04981063871491165,monthly_segmented_wls_hac,6,0.015393592667690826,0.800180966093563
arxiv_qbio_abstracts,1,"cell, model, cells, protein, dynamics, models, time",em_dash_per_1k_words,punctuation,2022-11-30,136,95,41,0.5301701345130161,0.6667040201575704,0.3850037655158504,0.0020951905455739387,0.025142286546887264,-0.2876136404222996,0.1555900927270882,-0.5925702221673925,0.017342941322793293,0.06452507110834904,0.013996450925683489,0.16795741110820187,0.005928131126770317,0.07113757352124381,0.028527767006564002,0.3073870552098398,0.43624874910811007,0.1847711110719386,0.07409737140711037,0.7984001268091099,0.018224625244748733,0.016091641471257426,0.1930996976550891,0.11970682055186688,monthly_segmented_wls_hac,6,0.018224625244748733,0.06452507110834904
arxiv_qbio_abstracts,1,"cell, model, cells, protein, dynamics, models, time",sequential_marker_moreover_per_1k_words,sequential_markers,2022-11-30,136,95,41,0.26621221981458953,0.2192768905021653,0.15881131249039368,0.000564269305383497,0.006771231664601964,-0.025023784173979283,0.05652140959557999,-0.13580574698131606,0.0857581786333575,0.6579602660162204,-0.0027924712381476305,-0.03350965485777156,0.001817542877226961,0.02181051452672353,-0.07625826333014969,0.009238953614606556,-0.21100294640407638,0.13733602590837365,-0.4801815571844888,0.05817566437633597,0.12444052772231404,-0.0022282019327641333,-0.0267384231931696,0.02985619073557877,monthly_segmented_wls_hac,6,0.12444052772231404,0.6579602660162204
arxiv_qbio_abstracts,1,"cell, model, cells, protein, dynamics, models, time",emphasis_marker_crucially_per_1k_words,emphasis_markers,2022-11-30,136,95,41,0.03043841829912759,0.031481230908513146,0.05413926491267293,0.00024149730025551307,0.002897967603066157,-0.0248479661615388,0.02810609313917819,-0.07993590871432804,0.030239976391250447,0.37665434740116566,0.0005907621423046777,0.007089145707656132,0.0010123708823392013,0.012148450588070417,-0.016721817444961883,0.03090010886027415,0.1309427772817193,0.22439260318118404,-0.3088667249534014,0.57075227951684,0.5595276856256681,0.0008322594425601908,0.009987113310722289,0.021160711752883365,monthly_segmented_wls_hac,6,0.5595276856256681,0.37665434740116566
arxiv_qbio_abstracts,2,"neural, brain, model, learning, eeg, neurons, network",avg_syllables_per_word,readability,2022-11-30,136,95,41,1.934436614014161,2.0030220558617278,0.017835656749216708,0.00013749275003142663,0.0016499130003771196,-0.010508079520526431,0.0067941282493576135,-0.023824570889267354,0.002808411848214492,0.12194975886002161,0.0032966052514781332,0.0395592630177376,0.00018195287675108998,0.0021834345210130796,0.03527973135655196,0.04383879467892324,2.217987460398672,0.12241963117556465,1.9780449832945652,2.457929937502779,2.301874709878327e-73,0.00343409800150956,0.04120917601811472,0.872868605488458,monthly_segmented_wls_hac,6,4.603749419756654e-73,0.12194975886002161
arxiv_qbio_abstracts,2,"neural, brain, model, learning, eeg, neurons, network",flesch_reading_ease,readability,2022-11-30,136,95,41,16.981047495309245,10.609028479259742,1.9532034380325212,-0.014043091638482403,-0.16851709966178885,1.493707605853824,0.8088523965526131,-0.09164309138929783,3.0790583030969456,0.06479065230080591,-0.32598481776913757,-3.911817813229651,0.02190952700750835,0.2629143240901002,-4.427129888446247,-3.3965057380130546,-2.002770288572735,0.1346067280912305,-2.266599475631547,-1.7389411015139233,4.533632301698084e-50,-0.34002790940761995,-4.0803349128914395,0.8380019469473543,monthly_segmented_wls_hac,6,4.533632301698084e-50,0.12194975886002161
arxiv_qbio_abstracts,2,"neural, brain, model, learning, eeg, neurons, network",word_across_per_1k_words,marker_words,2022-11-30,136,95,41,0.7767749072507698,1.7028103637274505,0.37327097565589507,0.003829075876396172,0.045948910516754066,-0.37459208617209194,0.13789786870942117,-0.6448719088425574,-0.10431226350162648,0.0065986998769380105,0.0486302151692095,0.5835625820305139,0.005217444253201825,0.0626093310384219,0.46084829319520704,0.7062768708658209,1.5633751887756713,0.16773158140251215,1.2346212892267474,1.8921290883245951,1.155788984315204e-20,0.05245929104560567,0.629511492547268,0.7542007750699299,monthly_segmented_wls_hac,6,1.155788984315204e-20,0.0065986998769380105
arxiv_qbio_abstracts,2,"neural, brain, model, learning, eeg, neurons, network",sequential_marker_moreover_per_1k_words,sequential_markers,2022-11-30,136,95,41,0.29419828048520846,0.26156126189874573,0.20123966212099972,0.0006442368586511339,0.007730842303813606,0.08867449691107136,0.04998472632014315,-0.009295566676409212,0.18664456049855194,0.07605788081585843,-0.007566988335211746,-0.09080386002254096,0.001577984744060161,0.018935816928721934,-0.12791806120283594,-0.053689658842245955,-0.4512224830110436,0.09409584934274219,-0.6356503477228183,-0.26679461829926887,1.6239146060311783e-06,-0.006922751476560612,-0.08307301771872734,0.10787293291370892,monthly_segmented_wls_hac,6,1.6239146060311783e-06,0.07605788081585843
arxiv_qbio_abstracts,2,"neural, brain, model, learning, eeg, neurons, network",clause_depth_std,syntax,2022-11-30,136,95,41,2.2444964436768857,2.167823693755053,0.10430579031824296,0.00013028229039007203,0.0015633874846808643,0.01399064319793529,0.031193197906828705,-0.04714802469944897,0.07512931109531955,0.6537809608029873,-0.004779201688628264,-0.05735042026353917,0.0010157428763121657,0.012188914515745988,-0.08124069271440129,-0.03346014781267703,-0.549829689114667,0.11685750597888103,-0.7788704008332737,-0.32078897739606016,2.5370496045600543e-06,-0.004648919398238192,-0.055787032778858305,0.24831748339728288,monthly_segmented_wls_hac,6,5.074099209120109e-06,0.6537809608029873
arxiv_qbio_abstracts,2,"neural, brain, model, learning, eeg, neurons, network",clause_depth,syntax,2022-11-30,136,95,41,11.72745083217288,11.527118396837759,0.28639682144929746,0.002329421509324946,0.02795305811189935,-0.058792712257642876,0.09378756692498094,-0.2426163434306055,0.12503091891531976,0.5307437534953966,-0.014718992470668102,-0.17662790964801722,0.0036569388029680863,0.043883265635617036,-0.26263911029382664,-0.09061670900220783,-0.6167244062074436,0.15322539340188157,-0.9170461772751316,-0.31640263513975575,5.698764516190097e-05,-0.012389570961343157,-0.14867485153611787,0.24456249900036264,monthly_segmented_wls_hac,6,5.698764516190097e-05,0.6537809608029873
arxiv_qbio_abstracts,2,"neural, brain, model, learning, eeg, neurons, network",verb_align_per_1k_words,verbs,2022-11-30,136,95,41,0.05250412180566088,0.36369822523262574,0.0976294412821775,0.0013118628585148291,0.01574235430217795,0.024377025282094834,0.05191706309930908,-0.07738041839255097,0.12613446895674063,0.6386852492248967,0.009465512507694746,0.11358615009233695,0.0024182420503785387,0.029018904604542463,0.056709097067433725,0.17046320311724017,1.1634415664024944,0.2972351805299119,0.5808606125638672,1.7460225202411217,9.069985098260949e-05,0.010777375366209575,0.1293285043945149,0.6521033972234118,monthly_segmented_wls_hac,6,9.069985098260949e-05,0.6386852492248967
arxiv_qbio_abstracts,2,"neural, brain, model, learning, eeg, neurons, network",em_dash_per_1k_words,punctuation,2022-11-30,136,95,41,0.5058629309553144,0.8360639004535775,0.3892478850287738,0.0008010922772223034,0.00961310732666764,-0.05312718981114006,0.12262273520485664,-0.2934677508126591,0.18721337119037895,0.6648278871180393,0.016373084136859766,0.19647700964231718,0.00426174570204931,0.05114094842459172,0.09624075073011742,0.29671326855451696,0.5047606350585394,0.13138401104173322,0.24724797341674232,0.7622732967003365,0.00012209919939486986,0.01717417641408207,0.20609011696898483,0.23582358521325741,monthly_segmented_wls_hac,6,0.00012209919939486986,0.6648278871180393
arxiv_qbio_abstracts,2,"neural, brain, model, learning, eeg, neurons, network",emphasis_marker_crucially_per_1k_words,emphasis_markers,2022-11-30,136,95,41,0.03548896987787927,0.07975023392768553,0.05355553861057632,2.1787940344629745e-05,0.00026145528413555694,0.0025679117857734836,0.02550218396720014,-0.047416368789938795,0.052552192361485756,0.9197935340574962,0.001776611800132289,0.021319341601587466,0.0009261817286966146,0.011114180744359376,-0.00046445265735690737,0.04310313586053184,0.39807911851300576,0.20752626213275563,-0.008672355267195198,0.8048305922932067,0.05508428661821148,0.0017983997404769187,0.021580796885723025,0.18220908597797014,monthly_segmented_wls_hac,6,0.05508428661821148,0.9197935340574962
arxiv_qbio_abstracts,3,"model, epidemic, covid, 19, covid 19, disease, infection",flesch_reading_ease,readability,2022-11-30,136,95,41,19.04179174170119,12.768917295813367,4.587866716251121,0.032014101175461745,0.38416921410554095,-2.7331471123220954,1.595771650150421,-5.86085954661692,0.39456532197272987,0.08675978575097007,-0.35553701103935553,-4.266444132472266,0.03209784179811573,0.38517410157738874,-5.021385371563948,-3.5115028933805847,-0.9299407320094297,0.08395494581676202,-1.0944924258102833,-0.7653890382085764,1.6282674075195386e-28,-0.32352290986389376,-3.882274918366725,0.5981989826013729,monthly_segmented_wls_hac,6,3.256534815039077e-28,0.17351957150194014
arxiv_qbio_abstracts,3,"model, epidemic, covid, 19, covid 19, disease, infection",avg_syllables_per_word,readability,2022-11-30,136,95,41,1.9280929135019875,1.9995530696131363,0.03661427181831574,-0.00016566147433098215,-0.001987937691971786,0.020148827973037797,0.014867591751349416,-0.008991651859607059,0.04928930780568265,0.17534811112252113,0.00370053964776331,0.04440647577315972,0.00043606822502234664,0.00523281870026816,0.03415015112063413,0.05466280042568532,1.2128187607692924,0.14291745924195934,0.9327005406550523,1.4929369808835329,2.1359873486207602e-17,0.003534878173432328,0.04241853808118794,0.6619669706305229,monthly_segmented_wls_hac,6,2.1359873486207602e-17,0.17534811112252113
arxiv_qbio_abstracts,3,"model, epidemic, covid, 19, covid 19, disease, infection",word_across_per_1k_words,marker_words,2022-11-30,136,95,41,0.4508297094356367,1.0279818739876734,0.47074891528661456,0.0009949179186218835,0.011939015023462602,-0.35699203050516104,0.18926675648144498,-0.7279548732087933,0.013970812198471128,0.059270090757221824,0.03875920049819884,0.46511040597838604,0.007041342211081064,0.08449610653297276,0.29949803717375945,0.6307227747830126,0.988022257460125,0.17949293941872915,0.6362160961994159,1.339828418720834,3.7017798404328996e-08,0.03975411841682072,0.47704942100184866,0.42309417482310774,monthly_segmented_wls_hac,6,3.7017798404328996e-08,0.059270090757221824
arxiv_qbio_abstracts,3,"model, epidemic, covid, 19, covid 19, disease, infection",clause_depth_std,syntax,2022-11-30,136,95,41,2.279810730592512,2.1779844336150145,0.2026107465623345,-7.027993570389579e-05,-0.0008433592284467495,0.10908886827419495,0.058382277717289315,-0.005340396051692106,0.22351813260008202,0.0616886358964151,-0.009439626349141455,-0.11327551618969746,0.0018217874207344979,0.021861449048813975,-0.15612395632537285,-0.07042707605402207,-0.5590795064507968,0.10789876361315395,-0.7705610831325787,-0.34759792976901516,2.2008602623593655e-07,-0.00950990628484535,-0.11411887541814421,0.1509839070402501,monthly_segmented_wls_hac,6,4.401720524718731e-07,0.10241413821718257
arxiv_qbio_abstracts,3,"model, epidemic, covid, 19, covid 19, disease, infection",clause_depth,syntax,2022-11-30,136,95,41,11.740494035824565,11.574744881945147,0.5820082999703978,0.0010123632210660913,0.012148358652793095,0.26503060377407617,0.1622708320093641,-0.05302022696427744,0.5830814345124298,0.10241413821718257,-0.022864954831809847,-0.27437945798171814,0.005226542134612701,0.06271850561535242,-0.39730772898780886,-0.15145118697562743,-0.47143564446705255,0.10776221854317612,-0.6826495928116777,-0.2602216961224274,1.2155683726099583e-05,-0.021852591610743755,-0.2622310993289251,0.09398068189117592,monthly_segmented_wls_hac,6,1.2155683726099583e-05,0.10241413821718257
arxiv_qbio_abstracts,3,"model, epidemic, covid, 19, covid 19, disease, infection",em_dash_per_1k_words,punctuation,2022-11-30,136,95,41,0.6275579818868559,0.5906995020068873,0.6516335682098878,-0.002912605711066806,-0.03495126853280167,-0.30479780645260085,0.13574054662144255,-0.5708492778306282,-0.038746335074573424,0.024739638488493844,0.023399765665133014,0.28079718798159614,0.005797381201223077,0.06956857441467693,0.14444278212882938,0.41715159383436295,0.43091271180669566,0.10676026805339353,0.22166258642204434,0.640162837191347,5.4308917636079e-05,0.02048715995406621,0.24584591944879453,0.0745400990354772,monthly_segmented_wls_hac,6,5.4308917636079e-05,0.024739638488493844
arxiv_qbio_abstracts,3,"model, epidemic, covid, 19, covid 19, disease, infection",sequential_marker_moreover_per_1k_words,sequential_markers,2022-11-30,136,95,41,0.28186324966206927,0.29324686309413767,0.3220664261976198,-1.904837163264043e-05,-0.00022858045959168517,0.16930404378880137,0.0662250333426964,0.03950297843711642,0.2991051091404863,0.01057322364495125,-0.007358313527448378,-0.08829976232938054,0.0022507578675174124,0.027009094410208948,-0.1412375873733901,-0.035361937285371,-0.2741663059135504,0.08386187510782692,-0.4385355811248912,-0.10979703070220964,0.001078290233925979,-0.007377361899081019,-0.08852834278897223,0.03451659038976218,monthly_segmented_wls_hac,6,0.001078290233925979,0.01057322364495125
arxiv_qbio_abstracts,3,"model, epidemic, covid, 19, covid 19, disease, infection",verb_align_per_1k_words,verbs,2022-11-30,136,95,41,0.02111936714735476,0.08915227806259689,0.09327170692315408,-0.00016290993988160804,-0.0019549192785792966,0.01203937376152364,0.027067477505798066,-0.041012882149840564,0.06509162967288784,0.6564707088910209,0.0030084807090673166,0.0361017685088078,0.0010060818873359552,0.012072982648031461,0.012438722518666132,0.05976481449894947,0.3870602318723705,0.12943885178362083,0.13336008237647362,0.6407603813682674,0.0027870897898194568,0.0028455707691857086,0.0341468492302285,0.13657980380107493,monthly_segmented_wls_hac,6,0.0027870897898194568,0.6564707088910209
arxiv_qbio_abstracts,3,"model, epidemic, covid, 19, covid 19, disease, infection",emphasis_marker_crucially_per_1k_words,emphasis_markers,2022-11-30,136,95,41,0.04816769902332328,0.029034213309738283,0.16592937950765474,-0.000555208247313106,-0.006662498967757273,-0.015946861691924843,0.024571035361756536,-0.06410609100096765,0.03221236761711797,0.5163315434607725,0.0017272479883485249,0.0207269758601823,0.00123099818208733,0.014771978185047961,-0.008226101382511702,0.0496800531028763,0.12491444204566625,0.08902569411685465,-0.04957591842336885,0.29940480251470136,0.16057867995825897,0.001172039741035419,0.014064476892425027,0.020355208527645163,monthly_segmented_wls_hac,6,0.16057867995825897,0.5163315434607725
arxiv_qbio_abstracts,4,"species, population, model, dynamics, models, cooperation, evolutionary",avg_syllables_per_word,readability,2022-11-30,136,95,41,1.9372902550306432,1.988975655102745,0.028201207464922284,0.00011998075478297887,0.0014397690573957466,-0.02415556586772233,0.010859388274718282,-0.04543996688617016,-0.002871164849274497,0.0261218992449408,0.003221566917064939,0.038658803004779266,0.0003825205775351342,0.0045902469304216105,0.029661919021152915,0.04765568698840563,1.3708208434998583,0.16276774447091072,1.0517960643368736,1.6898456226628435,3.702877766817894e-17,0.003341547671847918,0.040098572062175014,0.6519318232164788,monthly_segmented_wls_hac,6,7.405755533635788e-17,0.0522437984898816
arxiv_qbio_abstracts,4,"species, population, model, dynamics, models, cooperation, evolutionary",flesch_reading_ease,readability,2022-11-30,136,95,41,17.129031079204566,12.042568057339194,2.7210059201495485,-0.011633261252174697,-0.13959913502609636,1.7049735281819511,0.9153479317791959,-0.08910841810527281,3.4990554744691753,0.06251141666480733,-0.28310814948171203,-3.3972977937805444,0.034964603935617664,0.41957524722741196,-4.219665278346272,-2.5749303092148166,-1.24854480051768,0.15419857932699824,-1.5507740159985968,-0.9463155850367634,5.633436327321882e-16,-0.2947414107338867,-3.5368969288066405,0.641557939367039,monthly_segmented_wls_hac,6,5.633436327321882e-16,0.06251141666480733
arxiv_qbio_abstracts,4,"species, population, model, dynamics, models, cooperation, evolutionary",word_across_per_1k_words,marker_words,2022-11-30,136,95,41,0.6204927102502528,1.1418476938818252,0.4990541012253951,0.004903917861165515,0.058847014333986175,-0.35956146827162117,0.15311864985932808,-0.6596740219959042,-0.05944891454733814,0.018861658502609135,0.026480784626869695,0.3177694155224363,0.005673146809526514,0.06807776171431817,0.18433700256237273,0.4512018284824999,0.6367434206876049,0.13641359032449113,0.36937278365160237,0.9041140577236074,3.045282260258968e-06,0.03138470248803521,0.3766164298564225,0.3781548075333556,monthly_segmented_wls_hac,6,3.045282260258968e-06,0.018861658502609135
arxiv_qbio_abstracts,4,"species, population, model, dynamics, models, cooperation, evolutionary",em_dash_per_1k_words,punctuation,2022-11-30,136,95,41,0.7029262294106059,1.0207150240315799,0.5290369498117229,0.0013263784547112157,0.015916541456534587,-0.49887111683094876,0.17278767877147644,-0.8375349672230425,-0.16020726643885497,0.003886975793912669,0.033954312989394275,0.4074517558727313,0.008913689325613119,0.10696427190735742,0.19780178293431078,0.6171017288111519,0.7701763667315447,0.2021867696489339,0.3738902982196343,1.1664624352434552,0.00013939896212117976,0.03528069144410549,0.4233682973292659,0.2400507222561883,monthly_segmented_wls_hac,6,0.00013939896212117976,0.003886975793912669
arxiv_qbio_abstracts,4,"species, population, model, dynamics, models, cooperation, evolutionary",verb_align_per_1k_words,verbs,2022-11-30,136,95,41,0.019099360609213755,0.11505834502223132,0.06251924864605105,0.0003519023450770013,0.004222828140924015,0.011373431971250408,0.03031741499538614,-0.04804870141970642,0.07079556536220724,0.7075525010439541,0.0029362560192752792,0.03523507223130335,0.0011364535902010843,0.013637443082413013,0.008505683789773847,0.06196446067283286,0.5635875829344109,0.21813190941593963,0.13604904047916927,0.9911261253896526,0.009774655703918016,0.0032881583643522803,0.039457900372227364,0.21962777499771258,monthly_segmented_wls_hac,6,0.009774655703918016,0.7075525010439541
arxiv_qbio_abstracts,4,"species, population, model, dynamics, models, cooperation, evolutionary",emphasis_marker_crucially_per_1k_words,emphasis_markers,2022-11-30,136,95,41,0.05277723879131878,0.04688802106541008,0.1353569715797771,-0.0001445664085690519,-0.0017347969028286229,-0.05900720644905054,0.0320624262491542,-0.12184956189739278,0.0038351489992917015,0.06571174270826413,0.0029182954710642544,0.03501954565277105,0.0011471294931800142,0.01376555391816017,0.008039059973177118,0.062000031332364994,0.2587199258675134,0.10169815235595002,0.05939154724985135,0.45804830448517553,0.010959162055128925,0.0027737290624952025,0.03328474874994243,0.026826124088966896,monthly_segmented_wls_hac,6,0.010959162055128925,0.06571174270826413
arxiv_qbio_abstracts,4,"species, population, model, dynamics, models, cooperation, evolutionary",clause_depth_std,syntax,2022-11-30,136,95,41,2.282150241977995,2.2308954751863306,0.20612119589029623,-0.0007158297226744288,-0.008589956672093146,0.07865330858465533,0.08159143472983908,-0.08126590348582927,0.23857252065513992,0.3350510536270915,-0.003989386284306302,-0.04787263541167562,0.0025534612089254593,0.030641534507105512,-0.10793004304560243,0.012184772222251186,-0.23225479167680962,0.1486578533311724,-0.5236241842059075,0.059114600852288285,0.11820683485010543,-0.00470521600698073,-0.05646259208376876,0.05667886188002691,monthly_segmented_wls_hac,6,0.23641366970021085,0.3350510536270915
arxiv_qbio_abstracts,4,"species, population, model, dynamics, models, cooperation, evolutionary",clause_depth,syntax,2022-11-30,136,95,41,11.762783075614092,11.723515747624297,0.5029999694295177,-0.0018805668720940766,-0.02256680246512892,0.23019859029515322,0.20943267810642274,-0.18028945879343533,0.6406866393837418,0.2717012649072614,-0.007866024228942035,-0.09439229074730442,0.006720020611603974,0.08064024733924768,-0.2524471755322299,0.06366259403762105,-0.1876586411215101,0.16031859292299083,-0.5018830832505722,0.12656580100755194,0.24178544433889904,-0.00974659110103611,-0.11695909321243333,0.03524129509912399,monthly_segmented_wls_hac,6,0.24178544433889904,0.3350510536270915
arxiv_qbio_abstracts,4,"species, population, model, dynamics, models, cooperation, evolutionary",sequential_marker_moreover_per_1k_words,sequential_markers,2022-11-30,136,95,41,0.30320219832281853,0.28147797115878226,0.2697112811005047,0.00066894210215192,0.00802730522582304,-0.10006045818006676,0.0668587355751557,-0.23110357990737193,0.030982663547238415,0.13449863762296546,0.0013869548227753688,0.016643457873304426,0.0026185829521708855,0.03142299542605063,-0.0449456131617548,0.07823252890836366,0.06170842319013879,0.11650604786657487,-0.16664343062834794,0.2900602770086255,0.596348698672237,0.002055896924927289,0.02467076309912747,0.008676178339083518,monthly_segmented_wls_hac,6,0.596348698672237,0.13449863762296546
arxiv_qbio_abstracts,5,"model, data, cardiac, using, models, blood, heart",avg_syllables_per_word,readability,2022-11-30,136,95,41,1.9514730739380939,2.027656471880987,0.06547002059185353,0.0008064048727774799,0.009676858473329759,-0.05079974862707237,0.01544611768653643,-0.08107413929268378,-0.020525357961460967,0.0010060260817114004,0.0031161044606398533,0.037393253527678236,0.0004886322858456309,0.005863587430147571,0.025900622164589,0.04888588489076748,0.5711507830552156,0.08956141111825434,0.3956104172634372,0.7466911488469942,1.8035813068107242e-10,0.003922509333417333,0.047070112001007997,0.5098116275965838,monthly_segmented_wls_hac,6,3.6071626136214484e-10,0.0020120521634228008
arxiv_qbio_abstracts,5,"model, data, cardiac, using, models, blood, heart",word_across_per_1k_words,marker_words,2022-11-30,136,95,41,0.42362080791878437,1.1635925603407082,0.6751267318992048,-0.0025318932043377224,-0.03038271845205267,-0.44276571900946504,0.27308975523968304,-0.9780216392792438,0.09249020126031371,0.1049491558172435,0.061191345791675955,0.7342961495001115,0.01394770081595322,0.16737240979143864,0.40624622630889173,1.0623460726913314,1.087641941586962,0.24791257979165168,0.6017332851953248,1.5735505979785995,1.1481947535387287e-05,0.058659452587338234,0.7039134310480588,0.35493187904831636,monthly_segmented_wls_hac,6,1.1481947535387287e-05,0.1049491558172435
arxiv_qbio_abstracts,5,"model, data, cardiac, using, models, blood, heart",flesch_reading_ease,readability,2022-11-30,136,95,41,17.50657998553327,12.029668182822325,6.278699814400646,-0.06058301717488453,-0.7269962060986144,3.251523362473641,1.8407414822000474,-0.35632994263845186,6.8593766675857335,0.07732533989739863,-0.18863469224769963,-2.263616306972396,0.04866221159276204,0.5839465391131444,-3.408151523634159,-1.1190810903106325,-0.360523097756741,0.09300437293941356,-0.5428116687179916,-0.1782345267954904,0.00010600891901716213,-0.24921770942258417,-2.99061251307101,0.3005235591157096,monthly_segmented_wls_hac,6,0.00010600891901716213,0.07732533989739863
arxiv_qbio_abstracts,5,"model, data, cardiac, using, models, blood, heart",clause_depth_std,syntax,2022-11-30,136,95,41,2.2714869086495635,2.1211032919278914,0.36804471431776803,-0.0004598482736730043,-0.0055181792840760515,0.040946904315963706,0.059870132228752294,-0.07639855485239079,0.1582923634843182,0.4940201625014301,-0.005811540217255979,-0.06973848260707174,0.0018669740945732403,0.022403689134878883,-0.11364971331143436,-0.02582725190270914,-0.1894837227491328,0.060872193685508676,-0.3087932223727298,-0.07017422312553581,0.0018531373645124694,-0.006271388490928983,-0.0752566618911478,0.06597166191465242,monthly_segmented_wls_hac,6,0.003706274729024939,0.5116798394910891
arxiv_qbio_abstracts,5,"model, data, cardiac, using, models, blood, heart",em_dash_per_1k_words,punctuation,2022-11-30,136,95,41,0.5146374083375905,0.4562666426225552,1.2038223780353228,0.005340962790560394,0.06409155348672474,-0.9966817787301729,0.284671475422615,-1.5546378705584982,-0.43872568690184754,0.00046322911574476485,0.03280497976142608,0.393659757137113,0.012205572568354046,0.14646687082024856,0.1065846903294258,0.6807348239448001,0.32700817356425826,0.1216681742195948,0.08853855209385249,0.565477795034664,0.007194490179180155,0.03814594255198647,0.45775131062383767,0.0798713410211137,monthly_segmented_wls_hac,6,0.007194490179180155,0.00046322911574476485
arxiv_qbio_abstracts,5,"model, data, cardiac, using, models, blood, heart",verb_align_per_1k_words,verbs,2022-11-30,136,95,41,0.04882732854040487,0.16364526528311626,0.19599489610348336,-0.00017080978364772046,-0.0020497174037726455,-0.014699814531580785,0.07488896979411322,-0.1614821953280427,0.13208256626488113,0.8443846652218026,0.006836558872772913,0.08203870647327496,0.0033702492791784404,0.04044299135014129,0.002770443426998042,0.16130696951955187,0.4185757287779542,0.20634716594246305,0.014135283530726612,0.8230161740251817,0.042508994937224695,0.006665749089125193,0.07998898906950232,0.09328815237390853,monthly_segmented_wls_hac,6,0.042508994937224695,0.8443846652218026
arxiv_qbio_abstracts,5,"model, data, cardiac, using, models, blood, heart",clause_depth,syntax,2022-11-30,136,95,41,11.708375703244124,11.517490165660897,1.1354846056282184,-0.0007941861480147061,-0.009530233776176473,0.14342767147583335,0.21856502336307496,-0.28495977431579356,0.5718151172674603,0.5116798394910891,-0.010779301578902376,-0.1293516189468285,0.006747429328638034,0.08096915194365642,-0.2880511567563951,0.029347918862738055,-0.11391754525396089,0.07130801381394282,-0.25368125232928884,0.02584616182136703,0.11014494879771382,-0.011573487726917082,-0.138881852723005,0.016919361869415117,monthly_segmented_wls_hac,6,0.11014494879771382,0.5116798394910891
arxiv_qbio_abstracts,5,"model, data, cardiac, using, models, blood, heart",sequential_marker_moreover_per_1k_words,sequential_markers,2022-11-30,136,95,41,0.25784027023804257,0.34266306075958586,0.49100117173443336,-0.0007001372982602552,-0.008401647579123064,0.23757054248132858,0.12340318767924097,-0.004299705369983697,0.47944079033264086,0.05420968743623465,-0.005987251592862393,-0.07184701911434871,0.0042317583428078094,0.05078110011369372,-0.1713779753371884,0.02768393710849097,-0.1463275919700013,0.10342358233955411,-0.3490378133555274,0.05638262941552472,0.15711606328414626,-0.006687388891122648,-0.08024866669347178,0.021387540542581185,monthly_segmented_wls_hac,6,0.15711606328414626,0.05420968743623465
arxiv_qbio_abstracts,5,"model, data, cardiac, using, models, blood, heart",emphasis_marker_crucially_per_1k_words,emphasis_markers,2022-11-30,136,95,41,0.004633061527057079,0.017064021706950882,0.045157497891071936,0.00024000918489444962,0.0028801102187333955,-0.030913173790881182,0.021020492148505352,-0.07211333840195167,0.010286990820189308,0.14139368518321496,0.0013000925066542054,0.015601110079850464,0.001039806541930344,0.012477678503164127,-0.008855139786351225,0.040057359946052154,0.34548216372579293,0.2763146561676767,-0.19609456236285336,0.8870588898144393,0.21118211652926863,0.001540101691548655,0.01848122029858386,0.046358072606023426,monthly_segmented_wls_hac,6,0.21118211652926863,0.14139368518321496
arxiv_qbio_abstracts,6,"plant, study, crop, results, using, data, growth",flesch_reading_ease,readability,2022-11-30,126,87,39,22.937557986783062,19.833747687748804,9.633176564472157,-0.008458249072306412,-0.10149898886767694,5.512561945597584,1.9588682478049413,1.6731801798998993,9.351943711295268,0.004890540262966374,-0.48316823149165516,-5.798018777899862,0.08930411070594119,1.0716493284712942,-7.898451461703599,-3.6975860940961254,-0.6018802561227176,0.1112456852938431,-0.8199217992986501,-0.38383871294678507,6.289486263285548e-08,-0.4916264805639616,-5.899517766767539,0.2895752604589962,monthly_segmented_wls_hac,6,1.2578972526571095e-07,0.009781080525932748
arxiv_qbio_abstracts,6,"plant, study, crop, results, using, data, growth",avg_syllables_per_word,readability,2022-11-30,126,87,39,1.9423564032446188,1.9880459049309376,0.10146550136146557,-0.00013014747254798514,-0.0015617696705758216,-0.025788049973320584,0.020072476053627695,-0.06513010303843086,0.013554003091789696,0.19888076799498441,0.00464333208370384,0.05571998500444608,0.000985282776006276,0.011823393312075312,0.032546134112778465,0.07889383589611369,0.5491520197189638,0.11652623949449664,0.3207605903097503,0.7775434491281772,2.4446820449717693e-06,0.004513184611155855,0.05415821533387026,0.26526981875186106,monthly_segmented_wls_hac,6,2.4446820449717693e-06,0.19888076799498441
arxiv_qbio_abstracts,6,"plant, study, crop, results, using, data, growth",word_across_per_1k_words,marker_words,2022-11-30,126,87,39,0.36156781376766284,0.8383820058797613,0.9619515776338605,0.0002798456845887597,0.003358148215065116,-0.3376840514916728,0.3426733781153855,-1.0093238725978284,0.3339557696144828,0.32440799299538786,0.03794497486948047,0.45533969843376565,0.01599427538132384,0.19193130457588609,0.079154341465029,0.8315250554025024,0.4733499159633145,0.19952283362119427,0.0822851620657738,0.8644146698608552,0.017672479932318564,0.038224820554069235,0.45869784664883084,0.1498092523044272,monthly_segmented_wls_hac,6,0.017672479932318564,0.32440799299538786
arxiv_qbio_abstracts,6,"plant, study, crop, results, using, data, growth",sequential_marker_moreover_per_1k_words,sequential_markers,2022-11-30,126,87,39,0.2739072162039307,0.1751933497923611,0.7487453780929334,0.005720039417451204,0.06864047300941445,-0.21099381969580522,0.19039919485187326,-0.5841762416054768,0.16218860221386638,0.26779034578269256,-0.008404298957806342,-0.1008515874936761,0.0038971576194132664,0.0467658914329592,-0.19251273470227614,-0.009190440285076078,-0.13469410355566633,0.06245900515883341,-0.2571137536669798,-0.012274453444352844,0.031043071617193135,-0.002684259540355138,-0.03221111448426166,0.038868519228838494,monthly_segmented_wls_hac,6,0.031043071617193135,0.26779034578269256
arxiv_qbio_abstracts,6,"plant, study, crop, results, using, data, growth",emphasis_marker_crucially_per_1k_words,emphasis_markers,2022-11-30,126,87,39,0.014017381553125876,0.0,0.13074543107777986,0.0006075316349028728,0.007290379618834474,-0.04447375940570309,0.039361428272527414,-0.12162215881985683,0.03267464000845064,0.2585260555133674,-0.000607531634902852,-0.007290379618834224,0.0005589233034192035,0.006707079641030442,-0.02043625571525389,0.005855496477585442,-0.055760109999539564,0.05129876880393955,-0.15630569685526108,0.04478547685618194,0.27705103936647413,2.0816681711721685e-17,2.498001805406602e-16,0.01507814273099628,monthly_segmented_wls_hac,6,0.27705103936647413,0.2585260555133674
arxiv_qbio_abstracts,6,"plant, study, crop, results, using, data, growth",em_dash_per_1k_words,punctuation,2022-11-30,126,87,39,0.30330629053440056,0.0,1.6296252742574762,-0.0036755693487477187,-0.044106832184972626,-0.09108533438980786,0.17092114096403468,-0.42609077067931583,0.2439201018997001,0.5940968985300379,0.003675569348748203,0.044106832184978434,0.003711597028077808,0.044539164336933695,-0.0431899299154116,0.13140359428536846,0.02706562844950678,0.027330923888148187,-0.026502982371263663,0.08063423927027721,0.32203082264407085,4.844215306665234e-16,5.8130583679982806e-15,0.02101960532200542,monthly_segmented_wls_hac,6,0.32203082264407085,0.5940968985300379
arxiv_qbio_abstracts,6,"plant, study, crop, results, using, data, growth",verb_align_per_1k_words,verbs,2022-11-30,126,87,39,0.062468765617191405,0.11528673243883908,0.582669855890106,0.00067712210014545,0.0081254652017454,0.019500935970098984,0.11502923438567697,-0.20595636342582785,0.24495823536602584,0.8653795730801788,0.0015178953574790867,0.018214744289749042,0.004410543625583237,0.05292652350699885,-0.08552124178396872,0.12195073036346679,0.03126083167958567,0.09083449739500685,-0.14677478321462778,0.2092964465737991,0.7307323281974668,0.002195017457624537,0.026340209491494442,0.025193545590217026,monthly_segmented_wls_hac,6,0.7307323281974668,0.8653795730801788
arxiv_qbio_abstracts,6,"plant, study, crop, results, using, data, growth",clause_depth,syntax,2022-11-30,126,87,39,11.885271848202882,11.556532356532356,1.7264774590612177,-0.0006823863848833483,-0.008188636618600179,0.18078298917498847,0.5903447292895397,-0.9762926802325095,1.3378586585824865,0.759427310497012,-0.010647826573603351,-0.12777391888324022,0.021192161509349834,0.25430593811219804,-0.6262135575831482,0.37066571981666785,-0.07400844894477686,0.14729757216203587,-0.36271169038236706,0.21469479249281337,0.6153568219341934,-0.011330212958486699,-0.1359625555018404,0.005788618562171277,monthly_segmented_wls_hac,6,0.9620621814320026,0.8482392033786854
arxiv_qbio_abstracts,6,"plant, study, crop, results, using, data, growth",clause_depth_std,syntax,2022-11-30,126,87,39,2.3553056472721745,2.204388812322437,0.6585829780513586,-0.00019310520137835223,-0.002317262416540227,-0.03559936510227399,0.1860280699157815,-0.4002143821372057,0.3290156519326577,0.8482392033786854,-0.0003431999401147289,-0.004118399281376747,0.00721524641668992,0.08658295700027904,-0.17382099500192366,0.1655841964391702,-0.006253425033186296,0.1314685618757778,-0.26393180630971075,0.2514249562433382,0.9620621814320026,-0.0005363051414930811,-0.006435661697916973,0.0036415913004701483,monthly_segmented_wls_hac,6,0.9620621814320026,0.8482392033786854
arxiv_qbio_abstracts,7,"cells, cell, tissue, drug, model, bone, cancer",avg_syllables_per_word,readability,2022-11-30,133,92,41,1.942876556129542,2.0265086080877124,0.07670919710060957,0.00011252830204709558,0.0013503396245651469,-0.0015018443505789682,0.022558436877759536,-0.04571638063098766,0.04271269192982972,0.9469194693650915,0.0034788392375707682,0.04174607085084922,0.0008189300548582083,0.0098271606582985,0.02248483596058416,0.06100730574111428,0.5442120688096407,0.128109288452198,0.29311786344333257,0.7953062741759487,2.1565876019066533e-05,0.0035913675396178637,0.04309641047541436,0.28990114348162765,monthly_segmented_wls_hac,6,4.3131752038133065e-05,0.9469194693650915
arxiv_qbio_abstracts,7,"cells, cell, tissue, drug, model, bone, cancer",flesch_reading_ease,readability,2022-11-30,133,92,41,17.37096172465263,11.052996114074121,7.4842074143724036,-0.028877472362039344,-0.34652966834447213,2.8264656799858154,2.851543157979736,-2.762558909654467,8.415490269626098,0.32158517387585883,-0.34778692795535016,-4.173443135464202,0.0897637395074554,1.0771648740894648,-6.284686288679553,-2.062199982248851,-0.5576332809068962,0.14392504302071,-0.8397263652274878,-0.27554019658630463,0.00010685694612601341,-0.3766644003173895,-4.519972803808674,0.2273137500688991,monthly_segmented_wls_hac,6,0.00010685694612601341,0.6431703477517177
arxiv_qbio_abstracts,7,"cells, cell, tissue, drug, model, bone, cancer",word_across_per_1k_words,marker_words,2022-11-30,133,92,41,0.2810661944550982,0.4350879698066917,0.6916480570994141,0.0030053864535379794,0.03606463744245575,-0.29504012438047944,0.1411452354242327,-0.5716847858119756,-0.01839546294898331,0.036588163365771705,0.015549319670331532,0.1865918360439784,0.008215376378650772,0.09858451654380926,-0.006633816381887772,0.3798174884698446,0.2697785877206022,0.1425356661265647,-0.009591317887464635,0.5491484933286691,0.058396532558880866,0.018554706123869513,0.22265647348643414,0.052273339374629746,monthly_segmented_wls_hac,6,0.058396532558880866,0.036588163365771705
arxiv_qbio_abstracts,7,"cells, cell, tissue, drug, model, bone, cancer",em_dash_per_1k_words,punctuation,2022-11-30,133,92,41,0.14419115416006006,0.22993789885054686,0.5664286724129971,0.0005562445523896642,0.00667493462867597,0.2971470002977754,0.2512147271662947,-0.19523386494816225,0.789527865543713,0.23687229239856597,-0.010477944539898086,-0.12573533447877702,0.007922527297038897,0.09507032756446676,-0.3120731765051319,0.06060250754757784,-0.22197911335092213,0.1678416580846187,-0.5509487631967749,0.10699053649493057,0.18598481660078717,-0.009921699987508421,-0.11906039985010106,0.019245549250642147,monthly_segmented_wls_hac,6,0.18598481660078717,0.23687229239856597
arxiv_qbio_abstracts,7,"cells, cell, tissue, drug, model, bone, cancer",verb_align_per_1k_words,verbs,2022-11-30,133,92,41,0.06462089010207803,0.24055310445695086,0.3349720590708913,-0.0016527727822691996,-0.019833273387230396,0.1015981951687795,0.1794917861039032,-0.25020570559487076,0.45340209593242975,0.5713716467845684,0.008155217341146359,0.0978626080937563,0.006749963837606413,0.08099956605127696,-0.060896541366746534,0.25662175755425914,0.29215155546166105,0.24180991774640748,-0.18179588332129754,0.7660989942446197,0.22697541044589792,0.006502444558877159,0.07802933470652591,0.03662657961012128,monthly_segmented_wls_hac,6,0.22697541044589792,0.5713716467845684
arxiv_qbio_abstracts,7,"cells, cell, tissue, drug, model, bone, cancer",sequential_marker_moreover_per_1k_words,sequential_markers,2022-11-30,133,92,41,0.2367650840070144,0.24988444812544633,0.4361864829476619,0.0032959641306545863,0.039551569567855036,-0.03694931883748581,0.2981934176436698,-0.6214084174190786,0.5475097797441071,0.9013860771960965,-0.009997704990578098,-0.11997245988693718,0.00841527203169326,0.10098326438031913,-0.31789965807236265,0.07795473829848831,-0.2750485505102933,0.2315139701209772,-0.7288159319474086,0.178718830926822,0.23481647099062256,-0.006701740859923512,-0.08042089031908214,0.028579702914650174,monthly_segmented_wls_hac,6,0.23481647099062256,0.9013860771960965
arxiv_qbio_abstracts,7,"cells, cell, tissue, drug, model, bone, cancer",clause_depth_std,syntax,2022-11-30,133,92,41,2.118464585240799,2.053232619852639,0.4081324386231388,0.003234903936414219,0.03881884723697063,-0.2175593446337176,0.09657324810490012,-0.4068429109193218,-0.028275778348113373,0.024272329631879235,-0.00500138346940055,-0.0600166016328066,0.003195080063033677,0.03834096075640413,-0.1351648847153587,0.015131681449745481,-0.1470517801409672,0.09394244889171231,-0.33117897996872336,0.037075419686788895,0.11750344034122258,-0.0017664795329863313,-0.021197754395835974,0.06459386064200612,monthly_segmented_wls_hac,6,0.23500688068244516,0.024272329631879235
arxiv_qbio_abstracts,7,"cells, cell, tissue, drug, model, bone, cancer",clause_depth,syntax,2022-11-30,133,92,41,11.462776082613038,11.245363917924893,1.1967322321313167,0.01177879239975309,0.14134550879703708,-0.819729068508203,0.2548259719760779,-1.319187973581316,-0.3202701634350903,0.0012962027400492617,-0.008747968423713275,-0.1049756210845593,0.008911195699888965,0.10693434839866758,-0.31456694394594775,0.10461570177682913,-0.08771855413103002,0.08935528393701168,-0.26285491064757294,0.08741780238551285,0.326256093051503,0.003030823976039815,0.03636988771247778,0.0737235635109249,monthly_segmented_wls_hac,6,0.326256093051503,0.0025924054800985233
arxiv_qbio_abstracts,7,"cells, cell, tissue, drug, model, bone, cancer",emphasis_marker_crucially_per_1k_words,emphasis_markers,2022-11-30,133,92,41,0.0,0.0,0.0,0.0,0.0,0.0,0.0,0.0,0.0,1.0,0.0,0.0,0.0,0.0,0.0,0.0,,,,,1.0,0.0,0.0,,monthly_segmented_wls_hac,6,1.0,1.0
arxiv_qbio_abstracts,8,"life, light, model, energy, earth, atp, mitochondrial",word_across_per_1k_words,marker_words,2022-11-30,132,92,40,0.5621792711090364,0.8512374383129151,1.384735201148546,-0.0009410382101994819,-0.011292458522393783,-0.9444692110993713,0.2988615736776334,-1.5302378955075326,-0.3587005266912099,0.001576484422119198,0.06871171133043986,0.8245405359652784,0.012189607987770133,0.1462752958532416,0.5378409560929248,1.111240115837632,0.5954499714323552,0.1056341282664844,0.38840708003004576,0.8024928628346646,1.7312950979158842e-08,0.06777067312024038,0.8132480774428845,0.15475962486575112,monthly_segmented_wls_hac,6,1.7312950979158842e-08,0.001576484422119198
arxiv_qbio_abstracts,8,"life, light, model, energy, earth, atp, mitochondrial",em_dash_per_1k_words,punctuation,2022-11-30,132,92,40,0.29589890587665,0.7534926091791452,1.1063938356854344,-0.001709965233997537,-0.020519582807970442,-0.8199718371968878,0.46975544954410997,-1.7406925183033435,0.10074884390956773,0.08089280043972409,0.07118512472667866,0.854221496720144,0.022448782795889594,0.26938539355067515,0.32622612536082074,1.382216868079467,0.7720772379312252,0.24348056258265866,0.2948553352692143,1.2492991405932359,0.0015191433988690584,0.06947515949268113,0.8337019139121735,0.1603128631664077,monthly_segmented_wls_hac,6,0.0015191433988690584,0.08089280043972409
arxiv_qbio_abstracts,8,"life, light, model, energy, earth, atp, mitochondrial",flesch_reading_ease,readability,2022-11-30,132,92,40,17.923589384916706,10.12951056094762,8.264096662278131,-0.07514866672254364,-0.9017840006705237,2.1757195155424336,2.1333389172538038,-2.005624762275022,6.357063793359889,0.307792085964758,-0.2432955804150299,-2.919546964980359,0.07983769097322861,0.9580522916787433,-4.797329456670695,-1.041764473290022,-0.35328083446878983,0.11592946341634885,-0.5805025827648336,-0.12605908617274605,0.0023084762303672212,-0.3184442471375736,-3.821330965650883,0.3163768727253471,monthly_segmented_wls_hac,6,0.0046169524607344425,0.615584171929516
arxiv_qbio_abstracts,8,"life, light, model, energy, earth, atp, mitochondrial",avg_syllables_per_word,readability,2022-11-30,132,92,40,1.933534079729241,2.029170476513157,0.08210729347484369,0.00042751043354621247,0.00513012520255455,0.006760613967713727,0.02926278293501415,-0.050594440584914004,0.06411566852034145,0.8172906136729835,0.0029960203984609616,0.03595224478153154,0.0011033955831066694,0.013240746997280032,0.010000380666862674,0.0619041088962004,0.4378690766679176,0.16126152058996776,0.12179649631158071,0.7539416570242543,0.006622112728482822,0.0034235308320071742,0.04108236998408609,0.3544199574157686,monthly_segmented_wls_hac,6,0.006622112728482822,0.8172906136729835
arxiv_qbio_abstracts,8,"life, light, model, energy, earth, atp, mitochondrial",sequential_marker_moreover_per_1k_words,sequential_markers,2022-11-30,132,92,40,0.21270700633409892,0.21730015998663546,0.6764404987753292,0.0014073263148783927,0.01688791577854071,0.2109935925564722,0.23200852693896995,-0.24374312024390887,0.6657303053568533,0.36312756349257824,-0.015359494700329449,-0.18431393640395338,0.006938465034622103,0.08326158041546525,-0.34750663401826526,-0.021121238789641505,-0.2724761996622719,0.12308781122095336,-0.5137283096553404,-0.03122408966920333,0.026851261816929796,-0.013952168385451056,-0.16742602062541267,0.02687287267800409,monthly_segmented_wls_hac,6,0.026851261816929796,0.36312756349257824
arxiv_qbio_abstracts,8,"life, light, model, energy, earth, atp, mitochondrial",emphasis_marker_crucially_per_1k_words,emphasis_markers,2022-11-30,132,92,40,0.05236116629610531,0.07067710513142454,0.3813148311998792,0.00011514854806081258,0.001381782576729751,0.14192973858256838,0.16089720341855795,-0.1734287801178052,0.457288257282942,0.37771495076463896,-0.005849115752908389,-0.07018938903490066,0.004972015432456671,0.05966418518948005,-0.18713119200628156,0.04675241393648024,-0.1840720142304365,0.15646961593845016,-0.49075246146979884,0.12260843300892581,0.23943211565893413,-0.005733967204847576,-0.06880760645817091,0.015231574643481904,monthly_segmented_wls_hac,6,0.23943211565893413,0.37771495076463896
arxiv_qbio_abstracts,8,"life, light, model, energy, earth, atp, mitochondrial",verb_align_per_1k_words,verbs,2022-11-30,132,92,40,0.020660576238738487,0.15242664229871053,0.15413805598538136,-0.0001256042472155809,-0.001507250966586971,0.19214310320876812,0.16659415762523447,-0.13438144573669145,0.5186676521542277,0.24876249089972985,-0.0052929131662703514,-0.06351495799524422,0.005720189948055173,0.06864227937666208,-0.1980538255735019,0.07102390958301344,-0.41206538897355793,0.4453298631401722,-1.2849119207282955,0.46078114278117943,0.35480793262169313,-0.005418517413485932,-0.0650222089618312,0.017580851803717268,monthly_segmented_wls_hac,6,0.35480793262169313,0.24876249089972985
arxiv_qbio_abstracts,8,"life, light, model, energy, earth, atp, mitochondrial",clause_depth_std,syntax,2022-11-30,132,92,40,2.270563303139228,2.192605508420111,0.5360267942954133,0.002168984751933797,0.026027817023205564,-0.1624445343962997,0.09869929309844117,-0.35589514886924434,0.031006080076644987,0.09979401332466041,-0.0045752795836392045,-0.054903355003670454,0.0035694361511444104,0.04283323381373293,-0.13885649327858696,0.029049783271246073,-0.10242651223403637,0.07990875506519328,-0.2590476721618151,0.05419464769374244,0.19991514153010037,-0.0024062948317054075,-0.02887553798046489,0.025338290175468847,monthly_segmented_wls_hac,6,0.39983028306020074,0.09979401332466041
arxiv_qbio_abstracts,8,"life, light, model, energy, earth, atp, mitochondrial",clause_depth,syntax,2022-11-30,132,92,40,11.71121695333652,11.435202922077924,1.4149403897524708,0.007489676754013488,0.08987612104816185,-0.8406341155616872,0.3000159506150467,-1.4286653787671788,-0.2526028523561956,0.005079242443855235,-0.0012443312020944744,-0.014931974425133693,0.010858966462306894,0.13030759754768273,-0.2703348656185918,0.24047091676832444,-0.0105530766760753,0.09209405462690813,-0.1910574237448152,0.1699512703926646,0.9087699431785479,0.006245345551919013,0.07494414662302816,0.03650934589785726,monthly_segmented_wls_hac,6,0.9087699431785479,0.01015848488771047
arxiv_stat_abstracts,0,"learning, data, model, networks, training, neural, network",avg_syllables_per_word,readability,2022-11-30,136,95,41,1.8991937443465843,1.969655487064197,0.012599611462870872,0.00033296202902221065,0.003995544348266528,0.004788230481973917,0.0031998531494293967,-0.0014834816909077009,0.011059942654855534,0.1345518726295223,0.0021479942055286135,0.025775930466343362,0.00011064198024601684,0.0013277037629522022,0.023173631090957048,0.02837822984172968,2.04577185116391,0.10537656394125662,1.839233785839047,2.2523099164887728,5.886411429031731e-84,0.0024809562345508244,0.029771474814609893,0.9428697242352062,monthly_segmented_wls_hac,6,1.1772822858063461e-83,0.1345518726295223
arxiv_stat_abstracts,0,"learning, data, model, networks, training, neural, network",flesch_reading_ease,readability,2022-11-30,136,95,41,20.386625173233057,13.828132461921165,1.3940528962079803,-0.038663691725670954,-0.46396430070805145,0.6204354299413903,0.3233021492086903,-0.013236782507642708,1.2541076423904234,0.05497705113061218,-0.22361573432517934,-2.683388811902152,0.01232144772932599,0.14785737275191188,-2.9731892624958993,-2.393588361308405,-1.9248830651988504,0.10606295726231386,-2.1327664614329858,-1.7169996689647153,1.3196694922270748e-73,-0.2622794260508503,-3.1473531126102037,0.941480505756432,monthly_segmented_wls_hac,6,1.3196694922270748e-73,0.10995410226122436
arxiv_stat_abstracts,0,"learning, data, model, networks, training, neural, network",word_across_per_1k_words,marker_words,2022-11-30,136,95,41,0.49813437687469997,1.2424614630591981,0.15018781109224835,0.0030340806496455736,0.036408967795746885,-0.27099462385145845,0.07522271040824474,-0.41843113625161815,-0.12355811145129875,0.000315093862823317,0.037501774455811585,0.450021293469739,0.002101360194353751,0.025216322332245012,0.4005973016985388,0.49944528524093923,2.9963902542885252,0.16789859409267668,2.667309009866879,3.3254714987101712,3.0812220718230808e-71,0.04053585510545716,0.48643026126548594,0.9311943917656649,monthly_segmented_wls_hac,6,3.0812220718230808e-71,0.000315093862823317
arxiv_stat_abstracts,0,"learning, data, model, networks, training, neural, network",verb_align_per_1k_words,verbs,2022-11-30,136,95,41,0.07287242051001588,0.24614560897167856,0.05967185785238085,0.0008463136619799467,0.01015576394375936,-0.02632709091361614,0.02018451329784651,-0.06588873697739529,0.013234555150163016,0.19212405100372307,0.007276139049327639,0.08731366859193167,0.0008361551914660409,0.010033862297592492,0.06764729848865039,0.10698003869521294,1.4632302685787408,0.16815066027296735,1.1336549744437248,1.7928055627137567,3.2637247624671023e-18,0.008122452711307586,0.09746943253569104,0.719701989097312,monthly_segmented_wls_hac,6,3.2637247624671023e-18,0.19212405100372307
arxiv_stat_abstracts,0,"learning, data, model, networks, training, neural, network",sequential_marker_moreover_per_1k_words,sequential_markers,2022-11-30,136,95,41,0.3746696493612404,0.40561768629548334,0.09894953541416861,0.0010070671405238239,0.012084805686285886,0.11952218525897025,0.023770922388644283,0.07293117737722746,0.16611319314071304,4.954058757718402e-07,-0.006957260516325817,-0.08348712619590981,0.0008139525451855135,0.009767430542226162,-0.10263129005867308,-0.06434296233314651,-0.843734392955576,0.09871123195619938,-1.0372084075897265,-0.6502603783214249,1.2578177025492016e-17,-0.005950193375801993,-0.07140232050962392,0.2303620295274107,monthly_segmented_wls_hac,6,1.2578177025492016e-17,4.954058757718402e-07
arxiv_stat_abstracts,0,"learning, data, model, networks, training, neural, network",em_dash_per_1k_words,punctuation,2022-11-30,136,95,41,0.5732837497134298,0.8406712699305725,0.2121368993616446,0.0016528601862441092,0.01983432223492931,-0.21156105486233323,0.09094329022477297,-0.38980990370288826,-0.0333122060217782,0.0200027403119186,0.01948798576504345,0.23385582918052142,0.0034483123512206977,0.041379748214648376,0.15275152267981063,0.3149601356812322,1.1023816690270891,0.19506153026261325,0.7200610697123674,1.484702268341811,1.590943507302712e-08,0.02114084595128756,0.2536901514154507,0.5357301487771425,monthly_segmented_wls_hac,6,1.590943507302712e-08,0.0200027403119186
arxiv_stat_abstracts,0,"learning, data, model, networks, training, neural, network",clause_depth,syntax,2022-11-30,136,95,41,11.432265447119212,11.393123631977371,0.19707266885309785,0.0012085359992081,0.014502431990497201,0.24089413463972545,0.08811369468198242,0.06819129306303989,0.413596976216411,0.0062588823844916125,-0.015139633956029318,-0.1816756074723518,0.0027389934954365,0.032867921945238,-0.2460967344850183,-0.11725448045968534,-0.9218711479864145,0.16678072173335434,-1.248761362583789,-0.5949809333890399,3.249293578898476e-08,-0.013931097956821218,-0.16717317548185462,0.26287078387497653,monthly_segmented_wls_hac,6,6.498587157796952e-08,0.0062588823844916125
arxiv_stat_abstracts,0,"learning, data, model, networks, training, neural, network",clause_depth_std,syntax,2022-11-30,136,95,41,2.2269560972361044,2.1859457408614897,0.07992676308511501,-0.0002582820008991283,-0.0030993840107895396,0.09646532834085829,0.03346961137954764,0.03086489003694491,0.16206576664477168,0.003949384055518067,-0.0048493342459565505,-0.05819201095147861,0.0009223489519055955,0.011068187422867146,-0.07988565830029822,-0.036498363602659,-0.7280666538379542,0.1384791150753909,-0.9994857193857204,-0.45664758829018803,1.4595407673536202e-07,-0.005107616246855679,-0.061291394962268146,0.24748614190257823,monthly_segmented_wls_hac,6,1.4595407673536202e-07,0.0062588823844916125
arxiv_stat_abstracts,0,"learning, data, model, networks, training, neural, network",emphasis_marker_crucially_per_1k_words,emphasis_markers,2022-11-30,136,95,41,0.022392616467683684,0.05323803158742389,0.02239415055608691,7.806317499826318e-05,0.0009367580999791582,-0.013730550283539159,0.010687934883210558,-0.03467890265463185,0.007217802087553536,0.19890497724316766,0.0017755400443415438,0.021306480532098528,0.0004605556991492117,0.00552666838979054,0.010474210488109068,0.03213875057608799,0.9514306192921104,0.24679071331367589,0.4677208211973056,1.4351404173869153,0.00011562919175980712,0.001853603219339807,0.022243238632077684,0.3157936643853574,monthly_segmented_wls_hac,6,0.00011562919175980712,0.19890497724316766
arxiv_stat_abstracts,1,"data, model, models, method, based, methods, time",avg_syllables_per_word,readability,2022-11-30,136,95,41,1.9321887214467428,1.9920953186247599,0.010135612687235167,0.00015439470433308174,0.0018527364519969809,-0.0005795878745305551,0.003394856979101177,-0.007233507553568862,0.006074331804507752,0.8644397919141964,0.002397439795808705,0.02876927754970446,9.87114804041758e-05,0.0011845377648501097,0.026447583530598246,0.03109097156881067,2.8384349755132816,0.11686888611498755,2.6093719587279063,3.067497992298657,2.667281245787642e-130,0.0025518345001417867,0.03062201400170144,0.9428307836824407,monthly_segmented_wls_hac,6,5.334562491575284e-130,0.8644397919141964
arxiv_stat_abstracts,1,"data, model, models, method, based, methods, time",word_across_per_1k_words,marker_words,2022-11-30,136,95,41,0.3689006613615606,1.0346707266580286,0.14474446490459905,0.0027640684736022973,0.033168821683227566,-0.2055199707105162,0.04496122185207386,-0.293643965540581,-0.11739597588045143,4.852876197512548e-06,0.03266688253518561,0.39200259042222735,0.001642966354643157,0.019715596255717883,0.3533600217610203,0.4306451590834344,2.70823890005463,0.13620967315546342,2.441267940669922,2.975209859439339,5.726544150370916e-88,0.03543095100878791,0.42517141210545495,0.9197982783573061,monthly_segmented_wls_hac,6,5.726544150370916e-88,4.852876197512548e-06
arxiv_stat_abstracts,1,"data, model, models, method, based, methods, time",flesch_reading_ease,readability,2022-11-30,136,95,41,17.93913959081312,11.628494643144206,1.2137988804331248,-0.030278595327506538,-0.36334314393007844,0.7529200459185099,0.394273023877176,-0.01985508088075505,1.525695172717775,0.05617941497133097,-0.23850311766164872,-2.8620374119397844,0.015529591300837746,0.18635509561005295,-3.2272933993354886,-2.496781424544081,-2.357917327225176,0.15353045600400875,-2.658837020993033,-2.056997633457319,3.1319242376186256e-53,-0.26878171298915526,-3.2253805558698634,0.948972303040248,monthly_segmented_wls_hac,6,3.1319242376186256e-53,0.11235882994266194
arxiv_stat_abstracts,1,"data, model, models, method, based, methods, time",clause_depth_std,syntax,2022-11-30,136,95,41,2.220415048715172,2.166484052740121,0.07183410251208383,-8.268597295438165e-05,-0.0009922316754525798,0.0574226692821046,0.021052274896000835,0.01616021048594296,0.09868512807826624,0.006379246890865723,-0.004951658407804075,-0.059419900893648896,0.0006361477641076847,0.007633773169292216,-0.07438209630546164,-0.044457705481836154,-0.8271823384116669,0.10626948625143709,-1.0354705314644836,-0.6188941453588501,7.036797607849916e-15,-0.0050343443807584565,-0.06041213256910148,0.3436666617982671,monthly_segmented_wls_hac,6,1.4073595215699832e-14,0.012758493781731446
arxiv_stat_abstracts,1,"data, model, models, method, based, methods, time",clause_depth,syntax,2022-11-30,136,95,41,11.412607345777795,11.36223776717996,0.18087236803138707,0.0016341121648995299,0.01960934597879436,0.13147441758932404,0.06592721967577368,0.0022570670248076297,0.26069176815384043,0.046126298277164184,-0.013632618044670614,-0.16359141653604736,0.0019956911341991184,0.023948293610389422,-0.2105300720124106,-0.11665276105968411,-0.9044577583440445,0.13240437923737272,-1.163970341649295,-0.6449451750387941,8.430944422061352e-12,-0.011998505879771084,-0.143982070557253,0.27994001707272154,monthly_segmented_wls_hac,6,8.430944422061352e-12,0.046126298277164184
arxiv_stat_abstracts,1,"data, model, models, method, based, methods, time",verb_align_per_1k_words,verbs,2022-11-30,136,95,41,0.03001934136535932,0.11143960797046362,0.030138055077477143,0.00015124630789318963,0.0018149556947182756,0.004151944605110765,0.01093905135183761,-0.01728859604449095,0.02559248525471248,0.7042776046005466,0.0033439876899712664,0.04012785227965519,0.0004955682176357078,0.005946818611628494,0.028472087800863348,0.05178361675844704,1.3314678792807586,0.1973192562141373,0.9447221371010497,1.7182136214604677,1.501193677882967e-11,0.003495233997864456,0.04194280797437347,0.6328164127814064,monthly_segmented_wls_hac,6,1.501193677882967e-11,0.7042776046005466
arxiv_stat_abstracts,1,"data, model, models, method, based, methods, time",em_dash_per_1k_words,punctuation,2022-11-30,136,95,41,0.4814044571433006,0.7080270813280221,0.22014422524427232,0.002226760160372649,0.02672112192447179,-0.31107181465310285,0.11382404187776086,-0.5341669367335141,-0.08797669257269156,0.0062775889062379985,0.01884037549511136,0.22608450594133633,0.004378039027073273,0.05253646832487927,0.12311302802457295,0.3290559838580997,1.026983586285185,0.23864567996995942,0.5592380535440644,1.4947291190263052,1.682102552369453e-05,0.02106713565548401,0.2528056278658081,0.48354854065540076,monthly_segmented_wls_hac,6,1.682102552369453e-05,0.0062775889062379985
arxiv_stat_abstracts,1,"data, model, models, method, based, methods, time",sequential_marker_moreover_per_1k_words,sequential_markers,2022-11-30,136,95,41,0.329100342789165,0.3185320327769653,0.10814837520132367,0.0007995109833437105,0.009594131800124526,0.07047435105269256,0.047902833339016654,-0.023415202291780082,0.1643639043971652,0.14123871545000696,-0.006352140657295892,-0.07622568788755071,0.001631230335039675,0.0195747640204761,-0.11459222536768388,-0.03785915040741755,-0.7048250863284145,0.18099915032506672,-1.0595834209655453,-0.35006675169128365,9.857230830455715e-05,-0.005552629673952182,-0.06663155608742619,0.1635304524609611,monthly_segmented_wls_hac,6,9.857230830455715e-05,0.14123871545000696
arxiv_stat_abstracts,1,"data, model, models, method, based, methods, time",emphasis_marker_crucially_per_1k_words,emphasis_markers,2022-11-30,136,95,41,0.029409354929877746,0.04515963406457643,0.029940421012874335,0.00012212513907283124,0.001465501668873975,-0.006775727790319616,0.010717347338394691,-0.02778172857357321,0.014230272992933979,0.5272427366719972,0.0006837532740447468,0.008205039288536962,0.00044590565766104175,0.0053508678919325006,-0.00228266177965074,0.018692740356724663,0.27404555483734877,0.1787171893685675,-0.07624013632504362,0.6243312459997411,0.12517647910850602,0.000805878413117578,0.009670540957410937,0.10631701092507506,monthly_segmented_wls_hac,6,0.12517647910850602,0.5272427366719972
arxiv_stat_abstracts,2,"data, model, treatment, models, methods, method, based",avg_syllables_per_word,readability,2022-11-30,136,95,41,1.93422688975585,1.9923080742845278,0.01387099990605215,0.00020273270166575605,0.0024327924199890726,0.00010905684652549007,0.0035119979146358195,-0.006774459066160716,0.006992572759211696,0.9752275502487157,0.002142613149116988,0.02571135778940386,8.835193391453557e-05,0.0010602232069744269,0.02363332030373398,0.027789395275073736,1.8536052168946784,0.07643451907975529,1.7037935594983578,2.003416874290999,6.470534673704787e-130,0.002345345850782744,0.02814415020939293,0.9123597810495189,monthly_segmented_wls_hac,6,1.2941069347409574e-129,0.9752275502487157
arxiv_stat_abstracts,2,"data, model, treatment, models, methods, method, based",flesch_reading_ease,readability,2022-11-30,136,95,41,18.143591497236393,12.094119329670422,1.4625426946726667,-0.026210838402406445,-0.31453006082887736,0.1290243931251075,0.4721223464444989,-0.7963354059061103,1.0543841921563253,0.7846334323348603,-0.2133322904888786,-2.5599874858665435,0.016977299460210298,0.20372759352252356,-2.9592935691706894,-2.160681402562397,-1.7503676953782856,0.13929685216343038,-2.023389525618609,-1.477345865137962,3.258220656513718e-36,-0.23954312889128507,-2.874517546695421,0.9150354971459311,monthly_segmented_wls_hac,6,3.258220656513718e-36,0.9752275502487157
arxiv_stat_abstracts,2,"data, model, treatment, models, methods, method, based",word_across_per_1k_words,marker_words,2022-11-30,136,95,41,0.5952953577547098,1.335818043437593,0.22717958523561627,0.004253382796323364,0.051040593555880365,-0.24257530338308286,0.11432814959389764,-0.46665847658712223,-0.018492130179043498,0.033859066670992984,0.03283902794868376,0.39406833538420516,0.004247044841819735,0.05096453810183682,0.294177840704605,0.49395883006380537,1.7346115628105512,0.22433590610256476,1.2949131868495243,2.1743099387715783,1.0569826105460529e-14,0.037092410745007125,0.44510892894008547,0.8447879808548888,monthly_segmented_wls_hac,6,1.0569826105460529e-14,0.033859066670992984
arxiv_stat_abstracts,2,"data, model, treatment, models, methods, method, based",clause_depth,syntax,2022-11-30,136,95,41,11.623782924053383,11.486588891154595,0.2682226891794001,0.0020771703277278355,0.024926043932734024,0.11027682257806855,0.08377562539653959,-0.053923403199149025,0.27447704835528614,0.18806148936803063,-0.01865256672450386,-0.22383080069404632,0.002691490140586327,0.03229788168703592,-0.2871346488006367,-0.16052695258745592,-0.8344961471336886,0.12041442797344247,-1.0705084259616358,-0.5984838683057414,4.202441278716786e-12,-0.016575396396776024,-0.1989047567613123,0.38118806910785985,monthly_segmented_wls_hac,6,8.404882557433572e-12,0.3476014460236127
arxiv_stat_abstracts,2,"data, model, treatment, models, methods, method, based",clause_depth_std,syntax,2022-11-30,136,95,41,2.303966995679994,2.213729113230397,0.09488114022902966,8.110890071186651e-06,9.733068085423981e-05,0.02610345781552294,0.027791755113038972,-0.02836838220603344,0.08057529783707933,0.3476014460236127,-0.00560384895751727,-0.06724618749020725,0.0009205050874277795,0.011046061049133353,-0.08889646714650862,-0.045595907833905866,-0.7087413507877799,0.11641998633732398,-0.9369245240089349,-0.48055817756662483,1.1447422902503447e-09,-0.005595738067446084,-0.06714885680935301,0.4541708635431566,monthly_segmented_wls_hac,6,1.1447422902503447e-09,0.3476014460236127
arxiv_stat_abstracts,2,"data, model, treatment, models, methods, method, based",verb_align_per_1k_words,verbs,2022-11-30,136,95,41,0.018296046393517423,0.13116164080508413,0.03443377280048045,0.00028287280757443,0.00339447369089316,0.05605825365262006,0.018418922025598885,0.01995716648244624,0.09215934082279387,0.002338322820645976,0.0017753222816004463,0.021303867379205355,0.0006166836547759656,0.007400203857311587,0.006799467818874645,0.035808266939536065,0.6186910595782321,0.21491121232025825,0.1974650834305259,1.0399170357259382,0.0039916395032911205,0.0020581950891748763,0.024698341070098516,0.5322779305359525,monthly_segmented_wls_hac,6,0.0039916395032911205,0.002338322820645976
arxiv_stat_abstracts,2,"data, model, treatment, models, methods, method, based",sequential_marker_moreover_per_1k_words,sequential_markers,2022-11-30,136,95,41,0.27083701577937874,0.26324078037370185,0.13281426696108858,0.0015091240568023022,0.018109488681627626,-0.0526184237962179,0.0380877667427749,-0.1272704466120567,0.022033599019620896,0.16712387381226812,-0.002787487329710384,-0.03344984795652461,0.0011116101746829728,0.013339322096195674,-0.05959491926506813,-0.007304776647981088,-0.2518543280167681,0.1004359125070786,-0.44870871653064215,-0.054999939502894016,0.012154995612778635,-0.0012783632729080818,-0.015340359274896982,0.09903485397302314,monthly_segmented_wls_hac,6,0.012154995612778635,0.16712387381226812
arxiv_stat_abstracts,2,"data, model, treatment, models, methods, method, based",em_dash_per_1k_words,punctuation,2022-11-30,136,95,41,0.4392815386890725,0.5909015954116082,0.25921454759490803,0.00023575882180818268,0.002829105861698192,-0.1449888765575281,0.12428905287170228,-0.3885954201860645,0.09861766707100836,0.24339382958530614,0.013164671085159172,0.15797605302191006,0.005671643885914801,0.06805972663097762,0.024578988825193937,0.2913731172186262,0.6094413083203565,0.2625613695776794,0.09482102394810485,1.124061592692608,0.020279369111565283,0.013400429906967356,0.16080515888360827,0.23610473949115873,monthly_segmented_wls_hac,6,0.020279369111565283,0.24339382958530614
arxiv_stat_abstracts,2,"data, model, treatment, models, methods, method, based",emphasis_marker_crucially_per_1k_words,emphasis_markers,2022-11-30,136,95,41,0.013653734916544777,0.027729005958838766,0.024991754863247752,0.00011660744327938574,0.0013992893193526287,0.007610030402356723,0.009108718008676901,-0.010243056894650002,0.02546311769936345,0.4034549993451438,-6.485090641519247e-05,-0.0007782108769823097,0.0003101547042946034,0.003721856451535241,-0.008073049521991383,0.006516627768026763,-0.031138704794465115,0.14892337380471468,-0.3230285174517059,0.26075110786277567,0.834376321635768,5.175653686419326e-05,0.0006210784423703191,0.07363286561479765,monthly_segmented_wls_hac,6,0.834376321635768,0.4034549993451438
arxiv_stat_abstracts,3,"model, time, data, series, models, learning, time series",flesch_reading_ease,readability,2022-11-30,136,95,41,21.939804937744213,13.83675452951012,2.52626102980775,-0.04478828983808363,-0.5374594780570036,0.1713882456950504,0.6800179434672757,-1.16144692350081,1.5042234148909108,0.8010140979024332,-0.26187437145088377,-3.1424924574106052,0.02093045572307752,0.25116546867693024,-3.6347767760173886,-2.650208138803822,-1.243930227451496,0.09942181972226524,-1.4387969941071361,-1.0490634607958562,6.447735423736775e-36,-0.3066626612889674,-3.679951935467609,0.8460193355543599,monthly_segmented_wls_hac,6,1.289547084747355e-35,0.8010140979024332
arxiv_stat_abstracts,3,"model, time, data, series, models, learning, time series",avg_syllables_per_word,readability,2022-11-30,136,95,41,1.8808446767524563,1.9657652161471344,0.02487809466694353,0.00042513127471249497,0.00510157529654994,0.009653510202396465,0.0075348507261794075,-0.005114797220915174,0.024421817625708102,0.20012997632184157,0.002370706718966633,0.028448480627599596,0.0002780928036614444,0.0033371136439373323,0.021907737885482424,0.034989223369716764,1.1435152493973009,0.1341386343533567,0.8806035260647218,1.40642697272988,1.5297336198415642e-17,0.002795837993679128,0.03355005592414954,0.8379716097314314,monthly_segmented_wls_hac,6,1.5297336198415642e-17,0.40025995264368314
arxiv_stat_abstracts,3,"model, time, data, series, models, learning, time series",word_across_per_1k_words,marker_words,2022-11-30,136,95,41,0.5709517315491354,1.5771934569318553,0.44923920387762467,0.004795592344974252,0.05754710813969102,-0.29902442740074103,0.11310004386640124,-0.5207005133788875,-0.07734834142259461,0.008195853203091156,0.04607114116790343,0.5528536940148412,0.006624228896762986,0.07949074676115583,0.39705183036297576,0.7086555576667066,1.2306443632765445,0.17694525783820408,0.8838316579136645,1.5774570686394245,3.5270205618251567e-12,0.05086673351287768,0.6104008021545322,0.6487754430663024,monthly_segmented_wls_hac,6,3.5270205618251567e-12,0.008195853203091156
arxiv_stat_abstracts,3,"model, time, data, series, models, learning, time series",verb_align_per_1k_words,verbs,2022-11-30,136,95,41,0.05514142085536512,0.23283761901948496,0.10048355913931754,0.0011506186058866219,0.013807423270639461,-0.014969939631164664,0.0626805411393244,-0.13782380026424051,0.10788392100191117,0.8112380748072628,0.0057599479470219015,0.06911937536426283,0.0022329856726497153,0.026795828071796583,0.016599552343541518,0.12163919838498412,0.6878675074439871,0.26666877946316514,0.16519669969618334,1.2105383151917906,0.00989484101138824,0.006910566552908524,0.08292679863490228,0.2687601418435469,monthly_segmented_wls_hac,6,0.00989484101138824,0.8112380748072628
arxiv_stat_abstracts,3,"model, time, data, series, models, learning, time series",em_dash_per_1k_words,punctuation,2022-11-30,136,95,41,0.463209008465873,0.6350781526954686,0.47783233149754334,-0.0012562301726314266,-0.01507476207157712,-0.10076317993240559,0.15001068085101324,-0.3947841144003915,0.19325775453558036,0.5017704329145768,0.0156001211876952,0.1872014542523424,0.006605061281309406,0.07926073537571288,0.031850412915945175,0.3425524955887396,0.391772263851729,0.16587562237010406,0.0666560440063251,0.716888483697133,0.018184315899840944,0.014343891015063772,0.17212669218076526,0.09363864626764073,monthly_segmented_wls_hac,6,0.018184315899840944,0.5017704329145768
arxiv_stat_abstracts,3,"model, time, data, series, models, learning, time series",sequential_marker_moreover_per_1k_words,sequential_markers,2022-11-30,136,95,41,0.295857651145667,0.3094941826360339,0.26568690813337903,0.0016451441855179433,0.01974173022621532,0.03904331728529387,0.09074175448002754,-0.1388105214955601,0.21689715606614784,0.6670003487022171,-0.006364708059978393,-0.07637649671974071,0.0030667396265748603,0.036800875518898324,-0.14850621273678144,-0.004246780702700001,-0.28746804747111776,0.1385121900715699,-0.5589519400113948,-0.015984154930840815,0.037949579689282295,-0.00471956387446045,-0.0566347664935254,0.037415646651704715,monthly_segmented_wls_hac,6,0.037949579689282295,0.6670003487022171
arxiv_stat_abstracts,3,"model, time, data, series, models, learning, time series",clause_depth,syntax,2022-11-30,136,95,41,11.453670707374991,11.231241591494058,0.4975558593652103,-0.00031076407324132256,-0.0037291688788958707,0.038042694109133524,0.15979858313684164,-0.2751625288390761,0.35124791705734315,0.8118294940593482,-0.009707766425525118,-0.11649319710630142,0.004873143294947348,0.05847771953936817,-0.23110952740346302,-0.0018768668091397947,-0.23413089186594105,0.11752995857384732,-0.4644896106706818,-0.003772173061200267,0.0463605896945663,-0.01001853049876644,-0.12022236598519728,0.07843682240399585,monthly_segmented_wls_hac,6,0.0927211793891326,0.8118294940593482
arxiv_stat_abstracts,3,"model, time, data, series, models, learning, time series",clause_depth_std,syntax,2022-11-30,136,95,41,2.2198753076594935,2.1217253384987607,0.19913849827715674,-0.0001929114708214964,-0.002314937649857957,-0.02839572339275298,0.055642387128231344,-0.1374548021640864,0.08066335537858045,0.6098235117090908,-0.002257753479101338,-0.027093041749216056,0.0018018012885876154,0.021621615463051386,-0.06947140805679677,0.01528532455836466,-0.13605125068036084,0.108575768372818,-0.3488597566910841,0.07675725533036243,0.2101862233750326,-0.0024506649499228344,-0.02940797939907401,0.0844946440500226,monthly_segmented_wls_hac,6,0.2101862233750326,0.8118294940593482
arxiv_stat_abstracts,3,"model, time, data, series, models, learning, time series",emphasis_marker_crucially_per_1k_words,emphasis_markers,2022-11-30,136,95,41,0.021021530477261557,0.04059590846189571,0.07820851114921169,0.0003190723338207796,0.0038288680058493553,-0.008951834854864147,0.02141336662360674,-0.05092203343713335,0.03301836372740506,0.675911348135436,0.0003019689901803975,0.00362362788216477,0.0010206952161562277,0.012248342593874733,-0.020383123601829707,0.027630379366159245,0.04633290966569301,0.15661137661227797,-0.26062538849437183,0.3532912078257578,0.7673473973760476,0.0006210413240011771,0.007452495888014126,0.020699524432934546,monthly_segmented_wls_hac,6,0.7673473973760476,0.675911348135436
arxiv_stat_abstracts,4,"data, brain, model, learning, based, time, using",avg_syllables_per_word,readability,2022-11-30,136,95,41,1.938090203546191,2.028904067912034,0.024036177717034903,0.0002926031512604319,0.003511237815125183,0.011344092496701083,0.008268163363348806,-0.0048615076954625774,0.027549692688864744,0.1700569482971711,0.003127591152264051,0.03753109382716861,0.0002595785815005132,0.0031149429780061586,0.031425805590276544,0.04363638206406068,1.5614418510714207,0.1295939402128209,1.307437728254292,1.8154459738885496,1.9697122832035107e-33,0.003420194303524483,0.041042331642293796,0.8425121785423425,monthly_segmented_wls_hac,6,3.9394245664070214e-33,0.1700569482971711
arxiv_stat_abstracts,4,"data, brain, model, learning, based, time, using",flesch_reading_ease,readability,2022-11-30,136,95,41,17.338696100830695,8.748451252258024,2.5776662262866505,-0.02876993857651016,-0.3452392629181219,-1.6111704542471506,1.031483899497594,-3.6328788972624344,0.4105379887681333,0.11828967819740684,-0.2777893418709353,-3.3334721024512235,0.030398241281169226,0.36477889537403074,-4.048438737384323,-2.618505467518123,-1.2932132440022601,0.141515178208129,-1.570582993290193,-1.0158434947143273,6.342063684509052e-20,-0.30655928044744546,-3.6787113653693453,0.8099677449045082,monthly_segmented_wls_hac,6,6.342063684509052e-20,0.1700569482971711
arxiv_stat_abstracts,4,"data, brain, model, learning, based, time, using",word_across_per_1k_words,marker_words,2022-11-30,136,95,41,1.0456098205381898,2.107889515507558,0.7406472408214766,-0.0025463143072624855,-0.030555771687149826,-0.38781397761405917,0.2367373707256699,-0.8518192242363721,0.07619126900825379,0.1013880690883761,0.08125005737285837,0.9750006884743004,0.010951965546873147,0.13142358656247777,0.717410458811844,1.232590918136757,1.3164170940445206,0.17744423973916582,0.9686263841557555,1.6642078039332857,1.182175576700032e-13,0.07870374306559588,0.9444449167871506,0.6381232541395987,monthly_segmented_wls_hac,6,1.182175576700032e-13,0.1013880690883761
arxiv_stat_abstracts,4,"data, brain, model, learning, based, time, using",clause_depth,syntax,2022-11-30,136,95,41,11.634484485957127,11.440715960280123,0.5680662046124458,-0.0007644488317409904,-0.009173385980891884,0.47827932160236675,0.13598953239219397,0.2117398381136666,0.7448188050910669,0.000436403772270399,-0.02916599249724938,-0.34999190996699253,0.005188426178386872,0.06226111414064246,-0.47202369368265173,-0.22796012625133333,-0.6161111277615414,0.10960186266162254,-0.8309307785783215,-0.40129147694476125,1.89463992612156e-08,-0.02993044132899037,-0.35916529594788443,0.18681473659115388,monthly_segmented_wls_hac,6,3.78927985224312e-08,0.000872807544540798
arxiv_stat_abstracts,4,"data, brain, model, learning, based, time, using",clause_depth_std,syntax,2022-11-30,136,95,41,2.23884327408999,2.1483701639740462,0.19147079755747418,-0.00037944128689216985,-0.004553295442706038,0.1294652799571041,0.044285881434932756,0.04266495234463591,0.2162656075695723,0.0034623307158093723,-0.008961724882639844,-0.10754069859167813,0.0016797539326439683,0.02015704719172762,-0.14704851108746425,-0.068032886095892,-0.5616558763191939,0.10527478575774481,-0.7679944564043736,-0.35531729623401415,9.547008788873047e-08,-0.009341166169532013,-0.11209399403438416,0.17708164042041263,monthly_segmented_wls_hac,6,9.547008788873047e-08,0.0034623307158093723
arxiv_stat_abstracts,4,"data, brain, model, learning, based, time, using",em_dash_per_1k_words,punctuation,2022-11-30,136,95,41,0.2735691284582213,0.3502913873508175,0.46419051695712404,-0.0018937779113649056,-0.022725334936378867,-0.1041032746980735,0.1428731598177048,-0.3841346679407749,0.17592811854462787,0.4662211519885981,0.01606736940636905,0.19280843287642863,0.006231173196508993,0.07477407835810791,0.0462512392945371,0.33936562645832014,0.41536486815873014,0.16108488998928555,0.09963848377973046,0.7310912525377298,0.009921696506181056,0.014173591495004145,0.17008309794004972,0.0794129892976373,monthly_segmented_wls_hac,6,0.009921696506181056,0.4662211519885981
arxiv_stat_abstracts,4,"data, brain, model, learning, based, time, using",sequential_marker_moreover_per_1k_words,sequential_markers,2022-11-30,136,95,41,0.2636997721122675,0.2699430620694495,0.2226491282542224,0.0002430354567436679,0.002916425480924015,0.09514335061796635,0.08076821715074387,-0.06316235499749163,0.25344905623342434,0.23880454912863494,-0.005173247986963274,-0.062078975843559286,0.0025275341668299822,0.03033041000195979,-0.12152657944740047,-0.00263137223971811,-0.27881975703348394,0.13622514599441102,-0.5458210431825296,-0.01181847088443836,0.04068195974751867,-0.004930212530219606,-0.05916255036263527,0.025027681495702225,monthly_segmented_wls_hac,6,0.04068195974751867,0.23880454912863494
arxiv_stat_abstracts,4,"data, brain, model, learning, based, time, using",verb_align_per_1k_words,verbs,2022-11-30,136,95,41,0.09754684397300226,0.18082973743436753,0.15515317577771218,-0.0007113605669018321,-0.008536326802821985,0.0734779097447816,0.05069475204568201,-0.02588380426475513,0.17283962375431833,0.14722075482846508,0.002872268861868357,0.03446722634242028,0.0016028995961992918,0.019234795154391502,-0.0032329721601870587,0.07216742484502763,0.22214966706064365,0.12397293872958924,-0.020837292849351246,0.46513662697063857,0.07314568006856748,0.0021609082949665247,0.025930899539598297,0.09097266168144413,monthly_segmented_wls_hac,6,0.07314568006856748,0.14722075482846508
arxiv_stat_abstracts,4,"data, brain, model, learning, based, time, using",emphasis_marker_crucially_per_1k_words,emphasis_markers,2022-11-30,136,95,41,0.004237045983597774,0.03477540732318191,0.030285157772799613,0.00013798843173715088,0.0016558611808458106,0.013372448351815988,0.01731174171077925,-0.02055856540131134,0.047303462104943315,0.4398481732353984,0.00021818462687419812,0.0026182155224903775,0.0005951118679914249,0.007141342415897098,-0.011378815612667938,0.016615246657648693,0.08645210112928348,0.23580337502190732,-0.37572251391365497,0.5486267161722219,0.7138965784757054,0.000356173058611349,0.004274076703336188,0.08221358040601778,monthly_segmented_wls_hac,6,0.7138965784757054,0.4398481732353984
arxiv_stat_abstracts,5,"fairness, data, learning, fair, model, bias, machine",avg_syllables_per_word,readability,2022-11-30,133,92,41,1.9007387159129792,1.9756948746088192,0.04972540643610969,0.00041067677477524175,0.004928121297302901,0.0007266146416475389,0.007199536124046657,-0.013384476161483907,0.014837705444778986,0.9196098365036519,0.0022808269915704973,0.027369923898845967,0.00030522909477896583,0.0036627491373475898,0.020190935589644687,0.03454891220804725,0.5504213210205241,0.07365951130140522,0.4060486788697698,0.6947939631712784,7.868031168582513e-14,0.002691503766345739,0.03229804519614887,0.6596511368615583,monthly_segmented_wls_hac,6,1.5736062337165026e-13,0.9196098365036519
arxiv_stat_abstracts,5,"fairness, data, learning, fair, model, bias, machine",flesch_reading_ease,readability,2022-11-30,133,92,41,20.797779367148998,14.214947605089472,4.621285628488757,-0.05469973922197137,-0.6563968706636565,0.6706332977054984,0.898224448853886,-1.0898866220481183,2.431153217459115,0.4552923272030402,-0.18601277366148403,-2.232153283937808,0.03194632592585583,0.3833559111102699,-2.9835308697139373,-1.4807756981616793,-0.48301565048853345,0.08295438584168062,-0.6456062467382275,-0.32042505423883944,5.791635836018342e-09,-0.2407125128834554,-2.888550154601465,0.6130154387858558,monthly_segmented_wls_hac,6,5.791635836018342e-09,0.9105846544060804
arxiv_stat_abstracts,5,"fairness, data, learning, fair, model, bias, machine",verb_align_per_1k_words,verbs,2022-11-30,133,92,41,0.0379558183840438,0.2003996723506476,0.1390022118370822,-0.0009467646936435844,-0.011361176323723013,0.021173009405919832,0.05826119712781947,-0.09301893696460634,0.135364955776446,0.7162946873641385,0.009222131904565306,0.11066558285478367,0.002209095210570139,0.026509142526841667,0.058707663502174004,0.16262350220739336,0.7961426037197845,0.19071022091297193,0.42235057073035953,1.1699346367092096,2.984845336611672e-05,0.008275367210921722,0.09930440653106065,0.22207990416916856,monthly_segmented_wls_hac,6,2.984845336611672e-05,0.7162946873641385
arxiv_stat_abstracts,5,"fairness, data, learning, fair, model, bias, machine",word_across_per_1k_words,marker_words,2022-11-30,133,92,41,0.9339936320921368,2.122440059253633,1.082658635572956,0.0010219387525693881,0.012263265030832658,0.5063977922923535,0.23178396160378917,0.05210122754892671,0.9606943570357802,0.028904718899771774,0.02534239376055207,0.30410872512662485,0.008231976665173942,0.0987837199820873,0.11049263396173373,0.497724816291516,0.28089068440828246,0.09124179749400861,0.10205676132002559,0.4597246074965393,0.002080240207590462,0.02636433251312146,0.31637199015745754,0.3800197088727387,monthly_segmented_wls_hac,6,0.002080240207590462,0.028904718899771774
arxiv_stat_abstracts,5,"fairness, data, learning, fair, model, bias, machine",clause_depth,syntax,2022-11-30,133,92,41,11.731268641351368,11.40452823066527,0.7677873013626153,0.0024608932156942992,0.02953071858833159,-0.008300312790648412,0.15839802947596476,-0.31876045056353935,0.30215982498224253,0.9582086861295456,-0.01799982414155804,-0.2159978896986965,0.005919298813362746,0.07103158576035296,-0.35521979778898827,-0.07677598160840471,-0.2813251655964595,0.09251466602051252,-0.46265391099666403,-0.09999642019625495,0.00235894868615227,-0.015538930925863741,-0.1864671711103649,0.09001132016371116,monthly_segmented_wls_hac,6,0.00471789737230454,0.9582086861295456
arxiv_stat_abstracts,5,"fairness, data, learning, fair, model, bias, machine",em_dash_per_1k_words,punctuation,2022-11-30,133,92,41,0.9214016007934344,1.1577980909411996,1.1657320617076063,-0.0038053175677154527,-0.04566381081258543,0.027284235825014425,0.4106928368643152,-0.7776737244290434,0.8322421960790721,0.9470317825733295,0.020927438260347028,0.25112925912416434,0.016293023874337603,0.19551628649205122,-0.13208266240025607,0.6343411806485848,0.21542622646605528,0.1677197470280194,-0.11330447770886272,0.5441569306409734,0.1989874721415905,0.017122120692631575,0.2054654483115789,0.051843558545408674,monthly_segmented_wls_hac,6,0.1989874721415905,0.9470317825733295
arxiv_stat_abstracts,5,"fairness, data, learning, fair, model, bias, machine",clause_depth_std,syntax,2022-11-30,133,92,41,2.2932497273889756,2.1587444731920655,0.303475898214023,-0.00014580078634285335,-0.0017496094361142403,-0.0748199036633305,0.057880271149935124,-0.18826523511720333,0.038625427790542344,0.19612633243142824,-0.0023149278183223904,-0.027779133819868684,0.002080194505873859,0.024962334070486307,-0.07670530859802184,0.02114704095828447,-0.09153654040848332,0.08225474977548926,-0.25275584996844225,0.0696827691514756,0.26577629275468706,-0.002460728604665244,-0.029528743255982925,0.09736107572300079,monthly_segmented_wls_hac,6,0.26577629275468706,0.3922526648628565
arxiv_stat_abstracts,5,"fairness, data, learning, fair, model, bias, machine",sequential_marker_moreover_per_1k_words,sequential_markers,2022-11-30,133,92,41,0.2737316154493121,0.1836545758622797,0.5132131097922856,0.0008461936874042197,0.010154324248850636,-0.17608405276319555,0.08013572684418045,-0.33315007737778923,-0.019018028148601873,0.027997406600460108,0.0008996902831432784,0.01079628339771934,0.003055201285791369,0.03666241542949643,-0.061062050844093656,0.08265461763953234,0.021036647723377436,0.07143702046959581,-0.11897991239703033,0.1610532078437852,0.7683924922092344,0.001745883970547498,0.020950607646569974,0.031567817386814245,monthly_segmented_wls_hac,6,0.7683924922092344,0.027997406600460108
arxiv_stat_abstracts,5,"fairness, data, learning, fair, model, bias, machine",emphasis_marker_crucially_per_1k_words,emphasis_markers,2022-11-30,133,92,41,0.004411349520045171,0.07462335867027207,0.04231217817716613,-8.739341714452459e-05,-0.001048721005734295,0.0698231130605463,0.03334359301087311,0.004469670759235003,0.13517655536185758,0.036255627634299806,-0.00015920162597275538,-0.0019104195116730646,0.0013401968178403303,0.016082361814083963,-0.03343184866727763,0.029611009643931503,-0.04515058297575489,0.38008825134799723,-0.7901235556178294,0.6998223896663197,0.9054419407116142,-0.00024659504311728,-0.00295914051740736,0.08567962193888645,monthly_segmented_wls_hac,6,0.9054419407116142,0.036255627634299806
arxiv_stat_abstracts,6,"players, player, model, team, game, football, data",avg_syllables_per_word,readability,2022-11-30,132,91,41,1.7876317444339775,1.8595003948157662,0.07596672948659401,-0.00021374472269187778,-0.0025649366723025334,0.013247956380911391,0.013720359774845108,-0.01364394877778502,0.0401398615396078,0.33425980920931275,0.003033196150715692,0.0363983538085883,0.0004178088797978848,0.005013706557574618,0.026571488955742052,0.04622521866143455,0.47913545909609795,0.06599871537788653,0.3497779769554404,0.6084929412367555,3.877505869197481e-13,0.002819451428023814,0.033833417136285765,0.3819647243417761,monthly_segmented_wls_hac,6,7.755011738394962e-13,0.33425980920931275
arxiv_stat_abstracts,6,"players, player, model, team, game, football, data",flesch_reading_ease,readability,2022-11-30,132,91,41,31.45172018753545,24.80281559359288,7.766403065008081,0.01680033174232365,0.20160398090788378,-1.2958207445169734,1.223759459436621,-3.6943892850127504,1.1027477959788037,0.28965207848018965,-0.25757896584217793,-3.0909475901061354,0.038680687392093294,0.4641682487051195,-4.000717357568169,-2.1811778226441008,-0.3979895923806163,0.05976618066559703,-0.5151313064851863,-0.28084787827604607,2.754900373546456e-11,-0.24077863409985428,-2.889343609198251,0.29575090075148536,monthly_segmented_wls_hac,6,2.754900373546456e-11,0.33425980920931275
arxiv_stat_abstracts,6,"players, player, model, team, game, football, data",verb_align_per_1k_words,verbs,2022-11-30,132,91,41,0.07887540904240412,0.20304529355834988,0.472284469345149,-0.00025234840142809856,-0.0030281808171371827,-0.23059186226079065,0.08920157499921494,-0.40542694925925193,-0.05575677526232936,0.00973606637317838,0.0162683062347731,0.1952196748172772,0.0026957833952996513,0.03234940074359582,0.1318148493598294,0.258624500274725,0.4133518832155567,0.06849558442700904,0.279100537738619,0.5476032286924944,1.5923552993878709e-09,0.016015957833345,0.19219149400014002,0.09496732832140886,monthly_segmented_wls_hac,6,1.5923552993878709e-09,0.00973606637317838
arxiv_stat_abstracts,6,"players, player, model, team, game, football, data",word_across_per_1k_words,marker_words,2022-11-30,132,91,41,0.8365051369125813,1.1470525866186014,1.5488794996489088,-0.010997750827751594,-0.13197300993301914,0.3370936436683587,0.2892662876295212,-0.22986828008550286,0.9040555674222203,0.2438812986555169,0.039132180902310576,0.4695861708277269,0.012249895930950709,0.1469987511714085,0.18146861853176624,0.7577037231236875,0.303177988303267,0.09490651222689005,0.1171612243385625,0.48919475226797143,0.0014007770818584206,0.028134430074558982,0.3376131608947078,0.12126114113532993,monthly_segmented_wls_hac,6,0.0014007770818584206,0.2438812986555169
arxiv_stat_abstracts,6,"players, player, model, team, game, football, data",em_dash_per_1k_words,punctuation,2022-11-30,132,91,41,0.6191852593820032,1.0858008987308072,2.5333831319711657,-0.0015525578110654231,-0.01863069373278508,0.8334633291929402,0.4061364427375585,0.03743590142732556,1.6294907569585548,0.04015259243156341,-0.010728096110250704,-0.12873715332300845,0.012172386402199139,0.14606863682638965,-0.4150316815027322,0.15755737485671528,-0.050816298450223396,0.05765753903663876,-0.16382507496203538,0.06219247806158858,0.3781300402434251,-0.012280653921316127,-0.14736784705579353,0.03905514668464738,monthly_segmented_wls_hac,6,0.3781300402434251,0.04015259243156341
arxiv_stat_abstracts,6,"players, player, model, team, game, football, data",clause_depth,syntax,2022-11-30,132,91,41,11.664782836211408,11.587915539744808,1.4336687445975471,-0.005174423428456632,-0.062093081141479586,0.33422676432761533,0.3130399310197417,-0.27933150047107835,0.947785029126309,0.28566446395913847,-0.009866042522555699,-0.11839251027066838,0.010562892770471928,0.12675471324566315,-0.36683174823216813,0.13004672769083137,-0.08258010137753473,0.08841283157166487,-0.25586925125799787,0.0907090485029284,0.35028920985421463,-0.01504046595101233,-0.18048559141214798,0.032587262592522426,monthly_segmented_wls_hac,6,0.5808990903964955,0.5713289279182769
arxiv_stat_abstracts,6,"players, player, model, team, game, football, data",clause_depth_std,syntax,2022-11-30,132,91,41,2.285472738266643,2.165104562573623,0.42854284293051875,-0.001218841809433436,-0.014626101713201233,-0.021071371487594692,0.11981651685366751,-0.255911744520783,0.2137690015455936,0.8604010534511268,-0.002367687245819622,-0.028412246949835462,0.004288729833990217,0.051464758007882604,-0.12928317264528535,0.07245867874561443,-0.06629966505925768,0.12009244549727967,-0.30168085823392576,0.16908152811541044,0.5808990903964955,-0.003586529055253058,-0.0430383486630367,0.05634724673140579,monthly_segmented_wls_hac,6,0.5808990903964955,0.8604010534511268
arxiv_stat_abstracts,6,"players, player, model, team, game, football, data",emphasis_marker_crucially_per_1k_words,emphasis_markers,2022-11-30,132,91,41,0.006044560500006045,0.01532050496384361,0.0576614321629218,0.00030784882554507387,0.0036941859065408866,-0.021309439305718676,0.020886102813133692,-0.06224620081946071,0.01962732220802336,0.30760099036622457,0.0004749075284371144,0.005698890341245372,0.0009130179136510396,0.010956214963812475,-0.01577529098782708,0.027173071670317822,0.09883365930182265,0.19000941448793363,-0.27358479309452727,0.47125211169817255,0.6029580691295382,0.0007827563539821883,0.00939307624778626,0.012869133543582989,monthly_segmented_wls_hac,6,0.6029580691295382,0.30760099036622457
arxiv_stat_abstracts,6,"players, player, model, team, game, football, data",sequential_marker_moreover_per_1k_words,sequential_markers,2022-11-30,132,91,41,0.21873042043188895,0.2499383806953103,0.6082093166982654,0.0006263938909524839,0.007516726691429807,-0.05483093221372709,0.1456437132076594,-0.3402926101007395,0.23063074567328534,0.7065652509106912,-0.0004257503072828924,-0.005109003687394709,0.0041798055141474815,0.05015766616976978,-0.10341802938014348,0.09320002200535406,-0.00840007468995958,0.0824677702111774,-0.1700369043038673,0.15323675492394814,0.9188686893397311,0.00020064358366959152,0.0024077230040350983,0.001130277226272569,monthly_segmented_wls_hac,6,0.9188686893397311,0.7065652509106912
arxiv_stat_abstracts,7,"data, research, students, science, analysis, statistical, study",word_across_per_1k_words,marker_words,2022-11-30,136,95,41,0.7586648140067479,1.9036996196951748,1.1641132086846047,-0.0013480482258234477,-0.016176578709881373,-0.4393058745062196,0.34413069428331566,-1.1138020353015183,0.23519028628907912,0.20175517246959182,0.08314959050938775,0.997795086112653,0.011436763571308831,0.13724116285570598,0.7288024069154693,1.2667877653098367,0.8571289103747189,0.11789331298008575,0.6260580169337508,1.088199803815687,3.5848381436970246e-13,0.0818015422835643,0.9816185074027717,0.5108014337801212,monthly_segmented_wls_hac,6,3.5848381436970246e-13,0.20175517246959182
arxiv_stat_abstracts,7,"data, research, students, science, analysis, statistical, study",verb_align_per_1k_words,verbs,2022-11-30,136,95,41,0.04443408113107412,0.2672315550307048,0.14246600191188974,0.0011372355178184091,0.01364682621382091,-0.13543845770541932,0.06963541903234566,-0.2719238790088168,0.0010469635979781788,0.051779182385566794,0.012537969698815894,0.15045563638579074,0.0034415379242922362,0.041298455091506835,0.06951066440643733,0.23140060836514414,1.0560809903182538,0.28988288108940186,0.48791054338302586,1.6242514372534815,0.0002693428274459617,0.013675205216634304,0.16410246259961164,0.22962408281462987,monthly_segmented_wls_hac,6,0.0002693428274459617,0.051779182385566794
arxiv_stat_abstracts,7,"data, research, students, science, analysis, statistical, study",flesch_reading_ease,readability,2022-11-30,136,95,41,23.786977309235393,13.527627224973928,5.536899583764381,-0.028118001379043293,-0.3374160165485195,-4.559303562315107,1.6338095545438431,-7.76157028922104,-1.3570368354091746,0.005261098080293138,-0.16841515986218486,-2.0209819183462185,0.04997136567206672,0.5996563880648006,-3.1963084389532272,-0.8456553977392091,-0.3650024508792356,0.1083018355296072,-0.5772740485172657,-0.15273085324120542,0.000751045721528544,-0.19653316124122816,-2.3583979348947377,0.5953645225977353,monthly_segmented_wls_hac,6,0.0013472368001098082,0.005261098080293138
arxiv_stat_abstracts,7,"data, research, students, science, analysis, statistical, study",avg_syllables_per_word,readability,2022-11-30,136,95,41,1.884349868727935,1.9911058576858036,0.057804999589060185,6.866789806338268e-05,0.0008240147767605921,0.062983315761342,0.017651957071765284,0.028385479900682048,0.09758115162200195,0.00035962842377976634,0.0017339725123425515,0.020807670148110618,0.0005408990710556334,0.006490788852667601,0.008085723996882118,0.033529616299339114,0.35996315709772186,0.11228767232611499,0.13987931933853645,0.5800469948569071,0.0013472368001098082,0.0018026404104059342,0.02163168492487121,0.5838283937528819,monthly_segmented_wls_hac,6,0.0013472368001098082,0.0007192568475595327
arxiv_stat_abstracts,7,"data, research, students, science, analysis, statistical, study",emphasis_marker_crucially_per_1k_words,emphasis_markers,2022-11-30,136,95,41,0.0,0.02757601218216972,0.0,-4.683663393418735e-17,-5.620396072102483e-16,-0.03399250504654043,0.017620297014612124,-0.0685282871951802,0.0005432771020993307,0.05371006647132153,0.002835154551770658,0.0340218546212479,0.0010172247383289966,0.01220669685994796,0.010096728775749898,0.0579469804667459,,,,,0.00531744044528804,0.0028351545517706113,0.034021854621247336,0.14813533572646953,monthly_segmented_wls_hac,6,0.00531744044528804,0.05371006647132153
arxiv_stat_abstracts,7,"data, research, students, science, analysis, statistical, study",em_dash_per_1k_words,punctuation,2022-11-30,136,95,41,0.5478640691037279,0.7512263937002681,1.116866137801939,-0.0037210069648713354,-0.04465208357845603,-0.35852604756292955,0.3065810182350313,-0.959424843303591,0.24237274817773186,0.24222910554059301,0.033200938621503265,0.3984112634580392,0.012190050709687794,0.14628060851625352,0.11170127076618226,0.685121256149896,0.35672248443500754,0.13097416383680743,0.10001312331486492,0.6134318455551501,0.006457279465507417,0.02947993165663193,0.35375917987958316,0.05148770179484874,monthly_segmented_wls_hac,6,0.006457279465507417,0.24222910554059301
arxiv_stat_abstracts,7,"data, research, students, science, analysis, statistical, study",sequential_marker_moreover_per_1k_words,sequential_markers,2022-11-30,136,95,41,0.24471882123076227,0.23930067844246192,0.5334864332872307,0.0032280472876136347,0.03873656745136361,-0.0030778403504437522,0.09953495887095165,-0.19816635973750898,0.19201067903662147,0.9753315817800191,-0.008219498742793575,-0.0986339849135229,0.0038139805817400375,0.04576776698088045,-0.18833880819604856,-0.008929161630997225,-0.18488564799251056,0.08578993602305712,-0.3530339225977025,-0.016737373387318618,0.031154231453187478,-0.004991451455179941,-0.05989741746215929,0.041055816584544935,monthly_segmented_wls_hac,6,0.031154231453187478,0.9753315817800191
arxiv_stat_abstracts,7,"data, research, students, science, analysis, statistical, study",clause_depth,syntax,2022-11-30,136,95,41,11.72374048148648,11.640678638275482,1.1654997231007942,0.0012290744273418513,0.014748893128102215,0.17851144633348326,0.30358790332310415,-0.41652084417980084,0.7735437368467674,0.5565284033793843,-0.018334260765191127,-0.22001112918229354,0.008701457192654341,0.1044174863118521,-0.4246694023535237,-0.015352856011063412,-0.18876978245602435,0.08959031413070694,-0.36436679815220996,-0.013172766759838753,0.03511468619213987,-0.017105186337849278,-0.20526223605419133,0.025572216254599267,monthly_segmented_wls_hac,6,0.07022937238427975,0.5565284033793843
arxiv_stat_abstracts,7,"data, research, students, science, analysis, statistical, study",clause_depth_std,syntax,2022-11-30,136,95,41,2.3691324406795795,2.2519143431379214,0.4471149546707514,-0.0013773399324538379,-0.016528079189446054,0.08954485940674095,0.09977160221796533,-0.10600748094047108,0.285097199753953,0.3694529944499469,-0.005756117289116946,-0.06907340746940335,0.0035002151736921,0.0420025820843052,-0.15139846835464155,0.013251653415834827,-0.15448690934587045,0.09394134918890211,-0.33861195375611863,0.029638135064377662,0.10007217204670193,-0.0071334572215707845,-0.08560148665884941,0.06126560253122271,monthly_segmented_wls_hac,6,0.10007217204670193,0.5565284033793843
arxiv_stat_abstracts,8,"design, designs, optimal, model, optimal designs, optimization, experimental",avg_syllables_per_word,readability,2022-11-30,136,95,41,1.9319214264791977,1.974580244643623,0.06736269519195104,-0.00014714479057325886,-0.0017657374868791063,0.004203315395365725,0.017114957399922057,-0.029342001108481508,0.03774863189921296,0.8059972332890848,0.002234342974398524,0.026812115692782287,0.0008289610643307425,0.00994753277196891,0.007314951459723225,0.04630927992584135,0.3980261718504693,0.14767124064177156,0.10859054019259708,0.6874618035083415,0.0070314023695818555,0.002087198183825265,0.02504637820590318,0.1583505887884734,monthly_segmented_wls_hac,6,0.014062804739163711,0.8059972332890848
arxiv_stat_abstracts,8,"design, designs, optimal, model, optimal designs, optimization, experimental",flesch_reading_ease,readability,2022-11-30,136,95,41,19.973292744588033,15.15745566696512,6.423865936078143,0.01842720614421051,0.22112647373052613,-2.36274752843293,1.766274137388268,-5.824644837713935,1.0991497808480752,0.18099376820730778,-0.1668678958168151,-2.0024147498017815,0.07489335776869244,0.8987202932243092,-3.7639065245214276,-0.24092297508213523,-0.31171490341286334,0.1399033389188365,-0.5859254476937829,-0.03750435913194383,0.025875622956130852,-0.1484406896726046,-1.7812882760712552,0.17924163246453728,monthly_segmented_wls_hac,6,0.025875622956130852,0.36198753641461556
arxiv_stat_abstracts,8,"design, designs, optimal, model, optimal designs, optimization, experimental",clause_depth,syntax,2022-11-30,136,95,41,11.310441079388447,11.382992820187942,1.0331195798116357,0.0034829856812529413,0.0417958281750353,0.13542540744133325,0.3495054812694463,-0.5496053358467815,0.820456150729448,0.6984029563711067,-0.02617365543251246,-0.3140838651901495,0.01134760243385159,0.13617122920621907,-0.580979474434339,-0.04718825594596013,-0.30401501561650307,0.13180587404126692,-0.5623545287373863,-0.04567550249561988,0.021080691604441752,-0.02269066975125952,-0.2722880370151142,0.04597743662089593,monthly_segmented_wls_hac,6,0.042161383208883504,0.8296990977856904
arxiv_stat_abstracts,8,"design, designs, optimal, model, optimal designs, optimization, experimental",clause_depth_std,syntax,2022-11-30,136,95,41,2.2808201258123266,2.247682702768609,0.4842674133968465,0.0012199785371429547,0.014639742445715457,-0.031167979525005163,0.14490837089981098,-0.3151883864886347,0.25285242743862435,0.8296990977856904,-0.007590879981258441,-0.09109055977510129,0.004372741936193669,0.05247290323432403,-0.1939374501143764,0.011756330564173807,-0.1880997094893407,0.10835522230632445,-0.40047594520973673,0.024276526231055223,0.08257192293363311,-0.006370901444115486,-0.07645081732938583,0.03515420691235116,monthly_segmented_wls_hac,6,0.08257192293363311,0.8296990977856904
arxiv_stat_abstracts,8,"design, designs, optimal, model, optimal designs, optimization, experimental",em_dash_per_1k_words,punctuation,2022-11-30,136,95,41,0.368789101108869,0.473704741136137,0.8062750245227972,0.0002386804927765122,0.0028641659133181465,-0.12473201146653623,0.24170551162326373,-0.5984748142481331,0.3490107913150607,0.6058198285402526,0.01491097291765897,0.17893167501190763,0.009221054980229295,0.11065265976275154,-0.037947538123085385,0.39581088814690063,0.22192387159432395,0.1372393493501086,-0.047065253131888904,0.49091299632053675,0.10586594447811058,0.015149653410435482,0.18179584092522577,0.0397628603376442,monthly_segmented_wls_hac,6,0.10586594447811058,0.6058198285402526
arxiv_stat_abstracts,8,"design, designs, optimal, model, optimal designs, optimization, experimental",word_across_per_1k_words,marker_words,2022-11-30,136,95,41,0.4560070440853861,0.6477872415761979,1.498453048072227,-0.0012571797721192034,-0.01508615726543044,0.17646982453984722,0.260650366099231,-0.33440489301464554,0.68734454209434,0.4983827647516891,0.010190012585629094,0.12228015102754913,0.007406697207597458,0.0888803664911695,-0.05192536729514308,0.29648566935024134,0.08160425926248649,0.05931474903769249,-0.034652648851390785,0.19786116737636375,0.16888863877583746,0.00893283281350989,0.10719399376211868,0.03906845638731404,monthly_segmented_wls_hac,6,0.16888863877583746,0.4983827647516891
arxiv_stat_abstracts,8,"design, designs, optimal, model, optimal designs, optimization, experimental",emphasis_marker_crucially_per_1k_words,emphasis_markers,2022-11-30,136,95,41,0.0,0.020669698222405955,0.0,1.485444663895117e-17,1.7825335966741405e-16,-0.01689664181360763,0.014480306277245756,-0.04527804211700931,0.01148475848979405,0.24326268230882164,0.0014054720052739233,0.01686566406328708,0.0010626000963158396,0.012751201155790075,-0.008126690202061467,0.04185801832863563,,,,,0.18594428770099491,0.0014054720052739382,0.01686566406328726,0.034137846113640236,monthly_segmented_wls_hac,6,0.18594428770099491,0.24326268230882164
arxiv_stat_abstracts,8,"design, designs, optimal, model, optimal designs, optimization, experimental",verb_align_per_1k_words,verbs,2022-11-30,136,95,41,0.013584903727718069,0.06514008293777669,0.10517686678515344,0.0004686433031774607,0.0056237196381295285,0.10294007159197982,0.08734513254943829,-0.06825638820491922,0.27413653138887883,0.23857984885218844,-0.0030215903888847814,-0.036259084666617376,0.0030960209043035887,0.037152250851643066,-0.10907749633583777,0.03655932700260303,-0.34474391351364764,0.35323595375335337,-1.0370863828702201,0.34759855584292493,0.3290846346807102,-0.0025529470857073204,-0.030635365028487845,0.05459358339579923,monthly_segmented_wls_hac,6,0.3290846346807102,0.23857984885218844
arxiv_stat_abstracts,8,"design, designs, optimal, model, optimal designs, optimization, experimental",sequential_marker_moreover_per_1k_words,sequential_markers,2022-11-30,136,95,41,0.31503234790035706,0.26679522916582554,0.7213448175314194,-0.0021743030005760304,-0.026091636006912364,0.09193433802798849,0.15613943395725918,-0.21409895252823946,0.39796762858421647,0.5559978550181863,-0.001269329270029593,-0.015231951240355115,0.005549073510347172,0.06658888212416607,-0.1457461602037206,0.11528225772301037,-0.021116047235886132,0.09231213769864739,-0.20204783712523502,0.15981574265346274,0.8190662135054722,-0.0034436322706056233,-0.04132358724726748,0.012354213594639729,monthly_segmented_wls_hac,6,0.8190662135054722,0.5559978550181863
medarxiv_abstracts,0,"sars, cov, sars cov, infection, 95, transmission, ci",word_across_per_1k_words,marker_words,2022-11-30,83,42,41,0.8701498229082328,1.4403361491550981,0.21786930179390604,0.0034152447151559627,0.04098293658187155,-0.19842146167918095,0.07748057513082213,-0.3502833889355923,-0.04655953442276958,0.01043957522599825,0.02985289861737763,0.35823478340853154,0.0036640982251279876,0.043969178701535855,0.27205519315352134,0.44441437366354186,1.644264613962937,0.20181447473094946,1.2487082434902763,2.039820984435598,3.7181139525191574e-16,0.03326814333253359,0.3992177199904031,0.8432713896162649,monthly_segmented_wls_hac,6,3.7181139525191574e-16,0.01043957522599825
medarxiv_abstracts,0,"sars, cov, sars cov, infection, 95, transmission, ci",clause_depth,syntax,2022-11-30,83,42,41,11.76586250346738,11.85240261843292,0.3295970131468044,0.009750244395379394,0.11700293274455273,0.1999498097649699,0.07734394310116458,0.048355681286687324,0.3515439382432525,0.00973216203281189,-0.024310003520744486,-0.29172004224893383,0.0033316849278828076,0.039980219134593695,-0.3700812717527374,-0.21335881274513022,-0.8850809643684485,0.12130030776943442,-1.1228295675965398,-0.6473323611403571,2.951099362727596e-13,-0.014559759125365092,-0.1747171095043811,0.39843459801031145,monthly_segmented_wls_hac,6,5.902198725455192e-13,0.00973216203281189
medarxiv_abstracts,0,"sars, cov, sars cov, infection, 95, transmission, ci",clause_depth_std,syntax,2022-11-30,83,42,41,2.2424232504822412,2.225555873926926,0.09855953581289835,0.0007025221215322337,0.008430265458386805,0.06944901480531279,0.01987009014092666,0.03050363812909654,0.10839439148152905,0.0004737892149423475,-0.005684825768202898,-0.06821790921843478,0.0008772855880972959,0.01052742705716755,-0.08885166625048317,-0.04758415218638638,-0.6921492543140325,0.10681287173625102,-0.9015024829170845,-0.48279602571098057,9.171211572445641e-11,-0.0049823036466706645,-0.05978764376004797,0.4201921205275996,monthly_segmented_wls_hac,6,9.171211572445641e-11,0.000947578429884695
medarxiv_abstracts,0,"sars, cov, sars cov, infection, 95, transmission, ci",em_dash_per_1k_words,punctuation,2022-11-30,83,42,41,0.1386355798745841,0.24397591783084638,0.14493883611113126,-0.0004236960438364331,-0.005084352526037198,-0.04929467882583717,0.029781937686403755,-0.10766727669118853,0.009077919039514187,0.09788655280445203,0.009404373242029102,0.11285247890434923,0.0019464146934699924,0.02335697632163991,0.067072805313935,0.15863215249476342,0.7786213959785081,0.16115057184349849,0.4627662751652511,1.094476516791765,1.3541359181154058e-06,0.008980677198192668,0.10776812637831201,0.5697545277446451,monthly_segmented_wls_hac,6,1.3541359181154058e-06,0.09788655280445203
medarxiv_abstracts,0,"sars, cov, sars cov, infection, 95, transmission, ci",verb_align_per_1k_words,verbs,2022-11-30,83,42,41,0.020413603656906677,0.09143229922328595,0.01897070545127359,0.0004293231304220249,0.005151877565064299,-0.002986702220513459,0.01196800053800896,-0.026443983275011018,0.0204705788339841,0.8029297028494153,0.0025880884926331167,0.0310570619115974,0.0006433191596707555,0.007719829916049066,0.015926195276141232,0.04618792854705357,1.6371063264551609,0.40693425639217856,0.8395151839264909,2.434697468983831,5.745561112726175e-05,0.0030174116230551416,0.0362089394766617,0.6128667139242611,monthly_segmented_wls_hac,6,5.745561112726175e-05,0.8029297028494153
medarxiv_abstracts,0,"sars, cov, sars cov, infection, 95, transmission, ci",flesch_reading_ease,readability,2022-11-30,83,42,41,25.156116196232823,20.11008915463737,2.8953995449734826,-0.11019009722331675,-1.3222811666798011,1.1101104237237025,0.4877197935698261,0.1541796283268434,2.0660412191205615,0.022838626264023755,-0.10953965723986897,-1.3144758868784276,0.031009895853726443,0.3721187502447173,-2.0438286373580734,-0.5851231363987818,-0.45398773691195915,0.12852069100125707,-0.705888291274423,-0.2020871825494953,0.0004117908184761913,-0.2197297544631857,-2.6367570535582283,0.8887549243955669,monthly_segmented_wls_hac,6,0.0008235816369523826,0.022838626264023755
medarxiv_abstracts,0,"sars, cov, sars cov, infection, 95, transmission, ci",emphasis_marker_crucially_per_1k_words,emphasis_markers,2022-11-30,83,42,41,0.0046042041887407025,0.007805086016305022,0.00679779668572612,-0.00010776040587065734,-0.0012931248704478881,-0.0014195228635998799,0.0027291915835729514,-0.006768738367402865,0.003929692640203104,0.6029759207799841,0.0003767069832941104,0.004520483799529325,0.0001665425686117918,0.001998510823341502,0.0006034025857799817,0.008437565013278667,0.6649924980871152,0.2939939094586244,0.08876443554821146,1.241220560626019,0.023701969286047165,0.00026894657742345307,0.003227358929081437,0.053702725645346505,monthly_segmented_wls_hac,6,0.023701969286047165,0.6029759207799841
medarxiv_abstracts,0,"sars, cov, sars cov, infection, 95, transmission, ci",avg_syllables_per_word,readability,2022-11-30,83,42,41,1.993088258765756,2.048596360103329,0.021813360416175192,0.0020009714259888556,0.024011657111866265,-0.03206753688876668,0.007546172704144683,-0.04685803538889026,-0.0172770383886431,2.142385793886364e-05,0.0005826071467678537,0.006991285761214244,0.000330981797664143,0.003971781571969716,-0.0007934061198463997,0.014775977642274887,0.3205047561599,0.18208022497187246,-0.03637248478497003,0.67738199710477,0.07836725193843841,0.0025835785727567093,0.03100294287308051,0.9230943268751589,monthly_segmented_wls_hac,6,0.07836725193843841,4.284771587772728e-05
medarxiv_abstracts,0,"sars, cov, sars cov, infection, 95, transmission, ci",sequential_marker_moreover_per_1k_words,sequential_markers,2022-11-30,83,42,41,0.13241997880647174,0.09449234903498754,0.06778663169837287,-0.0010186832513727558,-0.01222419901647307,0.013701121695346007,0.018447389820162106,-0.02245576235217172,0.04985800574286373,0.4576552782228569,-0.0009156163338504665,-0.010987396006205599,0.0009861542341955253,0.011833850810346304,-0.03418174359448435,0.012206951582073158,-0.16208794759261266,0.17457499382773373,-0.5042549354949707,0.18007904030974545,0.35316292236948554,-0.0019342995852232223,-0.023211595022678666,0.2738522974408336,monthly_segmented_wls_hac,6,0.35316292236948554,0.4576552782228569
medarxiv_abstracts,1,"care, 95, ci, 95 ci, women, mental, healthcare",clause_depth,syntax,2022-11-30,83,42,41,12.108572002297967,12.186614551470413,0.3264637838350232,0.009919209327287874,0.11903051192745448,0.3177110733352886,0.07475311210918598,0.17119497360128408,0.46422717306929306,2.1363845587514195e-05,-0.03138496503031285,-0.3766195803637542,0.0027645960366272865,0.03317515243952744,-0.441642879145228,-0.3115962815822804,-1.1536335698237112,0.10161970203804392,-1.3528081858182772,-0.954458953829145,7.210529853826788e-30,-0.021465755703024975,-0.2575890684362997,0.5743319299721329,monthly_segmented_wls_hac,6,1.4421059707653577e-29,2.1363845587514195e-05
medarxiv_abstracts,1,"care, 95, ci, 95 ci, women, mental, healthcare",clause_depth_std,syntax,2022-11-30,83,42,41,2.372444457880902,2.3476331350005197,0.12762225734030827,0.0013443834812909062,0.016132601775490876,0.09429117286434457,0.021112332735529194,0.05291100070270736,0.1356713450259818,7.963400126385102e-06,-0.008016306930024072,-0.09619568316028887,0.00082444460964815,0.0098933353157778,-0.11558662037921336,-0.07680474594136438,-0.7537531866700996,0.07752045389227796,-0.9056932762989645,-0.6018130970412348,2.3992252424203334e-22,-0.006671923448733167,-0.08006308138479801,0.5881184246497106,monthly_segmented_wls_hac,6,2.3992252424203334e-22,1.5926800252770205e-05
medarxiv_abstracts,1,"care, 95, ci, 95 ci, women, mental, healthcare",avg_syllables_per_word,readability,2022-11-30,83,42,41,2.0048212047308263,2.0432851293631926,0.012677543706492654,-0.000183147583508447,-0.002197771002101364,-0.018574483186595825,0.010474941086449448,-0.039105367716036746,0.0019564013428450926,0.07619054903585132,0.00310544215785093,0.03726530589421116,0.0003367150205943443,0.004040580247132131,0.029345768609832186,0.04518484317859014,2.9394736675312094,0.3187194886232414,2.3147834698296563,3.5641638652327625,2.895466987196276e-20,0.002922294574342483,0.0350675348921098,0.8716138979331787,monthly_segmented_wls_hac,6,5.790933974392552e-20,0.07619054903585132
medarxiv_abstracts,1,"care, 95, ci, 95 ci, women, mental, healthcare",flesch_reading_ease,readability,2022-11-30,83,42,41,24.191641600887902,20.254013935190123,1.7876089585384292,-0.0428405367065434,-0.5140864404785208,1.3791815040533018,0.6831864228176653,0.040136115330677846,2.7182268927759257,0.04351337573188533,-0.17290167489337133,-2.0748200987204557,0.03178231895550071,0.3813878274660085,-2.8223402405538325,-1.3272999568870791,-1.1606677673045753,0.21335081458633764,-1.578835363893797,-0.7425001707153536,5.322545885036475e-08,-0.21574221159991472,-2.5889065391989767,0.8448320440793595,monthly_segmented_wls_hac,6,5.322545885036475e-08,0.07619054903585132
medarxiv_abstracts,1,"care, 95, ci, 95 ci, women, mental, healthcare",word_across_per_1k_words,marker_words,2022-11-30,83,42,41,1.0490998353042411,1.5159645381278066,0.332586415537266,0.003691112191692072,0.04429334630030486,-0.3175630526113758,0.15175649014867157,-0.6150057733027721,-0.02012033191997953,0.036386394725044194,0.030578648514398163,0.36694378217277795,0.0060334393147195775,0.07240127177663493,0.22503728949057347,0.5088502748549825,1.103303577748389,0.21769160853932243,0.676628025011317,1.529979130485461,4.0160532212620265e-07,0.03426976070609024,0.41123712847308286,0.7063199400632618,monthly_segmented_wls_hac,6,4.0160532212620265e-07,0.036386394725044194
medarxiv_abstracts,1,"care, 95, ci, 95 ci, women, mental, healthcare",em_dash_per_1k_words,punctuation,2022-11-30,83,42,41,0.12796372018753566,0.22653932920651837,0.14422766941528578,0.0005933257427724174,0.0071199089132690085,-0.14655816386209236,0.06036420074864169,-0.26487199732943006,-0.028244330394754644,0.015186584848764659,0.010678556283642449,0.12814267540370938,0.002530016833077791,0.030360201996933494,0.06863667948971974,0.18764867131769905,0.8884749779512721,0.2105019246308074,0.4758912056748896,1.3010587502276547,2.434960911377235e-05,0.011271882026414866,0.13526258431697838,0.5266547188519974,monthly_segmented_wls_hac,6,2.434960911377235e-05,0.015186584848764659
medarxiv_abstracts,1,"care, 95, ci, 95 ci, women, mental, healthcare",verb_align_per_1k_words,verbs,2022-11-30,83,42,41,0.03684878254973763,0.12273676662760422,0.05088443889850839,0.0006902340082852459,0.008282808099422952,0.002729468171318295,0.024446814785483932,-0.04518628880823021,0.05064522515086681,0.9111015320799956,0.002655961091514571,0.03187153309817485,0.0007232378145318743,0.008678853774382492,0.01486097970038517,0.04888208649596454,0.6263512733577401,0.17056007616970895,0.2920535240651106,0.9606490226503697,0.00024035792206686572,0.003346195099799817,0.0401543411975978,0.4804971128871848,monthly_segmented_wls_hac,6,0.00024035792206686572,0.9111015320799956
medarxiv_abstracts,1,"care, 95, ci, 95 ci, women, mental, healthcare",sequential_marker_moreover_per_1k_words,sequential_markers,2022-11-30,83,42,41,0.0931227750625067,0.07032029936678924,0.08971451368032363,0.0002883372313706972,0.003460046776448366,0.00771176250664223,0.012648082834089224,-0.01707847984817265,0.03250200486145711,0.5420486948599534,-0.0019151876900927473,-0.022982252281112968,0.0005457003099123795,0.006548403718948554,-0.03581712357025213,-0.010147380991973803,-0.2561709509233341,0.07299157572521918,-0.3992344393447636,-0.1131074625019045,0.00044878781620823476,-0.0016268504587220501,-0.019522205504664603,0.16205759271339282,monthly_segmented_wls_hac,6,0.00044878781620823476,0.5420486948599534
medarxiv_abstracts,1,"care, 95, ci, 95 ci, women, mental, healthcare",emphasis_marker_crucially_per_1k_words,emphasis_markers,2022-11-30,83,42,41,0.0,0.002419979184410956,0.0,1.987980749897919e-18,2.385576899877503e-17,0.00032416785302458563,0.0012121018646824066,-0.0020515518017529314,0.0026998875078021027,0.7891282898556169,9.239081722321008e-05,0.001108689806678521,5.190349660943749e-05,0.0006228419593132499,-0.00011208043357544884,0.002329460046932491,,,,,0.07506778432563384,9.239081722321208e-05,0.0011086898066785449,0.09345963648053934,monthly_segmented_wls_hac,6,0.07506778432563384,0.7891282898556169
medarxiv_abstracts,2,"brain, sleep, ad, stroke, dementia, pd, functional",avg_syllables_per_word,readability,2022-11-30,83,42,41,2.028459252050715,2.0643563644814393,0.01938158054754697,-7.029139493955107e-07,-8.434967392746128e-06,-0.021044749287178754,0.006182863946376019,-0.03316316262207575,-0.008926335952281757,0.0006647440029751555,0.002792666405566569,0.03351199686679883,0.00040356407437290776,0.004842768892474893,0.02402016983754804,0.04300382389604962,1.7290641898160508,0.24986449792340693,1.2393297738861733,2.218798605745928,4.516198598929563e-12,0.002791963491617174,0.033503561899406085,0.8430345862604305,monthly_segmented_wls_hac,6,9.032397197859127e-12,0.0006647440029751555
medarxiv_abstracts,2,"brain, sleep, ad, stroke, dementia, pd, functional",word_across_per_1k_words,marker_words,2022-11-30,83,42,41,1.1719438973458691,1.768798558035388,0.44208078321438854,-0.00042106181894096146,-0.005052741827291538,-0.4071848671334011,0.16522150125385787,-0.7310190095909626,-0.08335072467583965,0.013721272675756622,0.047778704358665214,0.5733444523039826,0.008576538776712852,0.10291846532055422,0.3716242602756963,0.7750646443322687,1.296922359156103,0.23280465749320656,0.8406252304694183,1.7532194878427878,2.5348368004642318e-08,0.04735764253972425,0.568291710476691,0.7300106376796858,monthly_segmented_wls_hac,6,2.5348368004642318e-08,0.013721272675756622
medarxiv_abstracts,2,"brain, sleep, ad, stroke, dementia, pd, functional",flesch_reading_ease,readability,2022-11-30,83,42,41,17.675963386946858,15.966658739330521,1.9454832651507885,-0.025320470162450332,-0.303845641949404,3.7853365068076306,0.6114414317706932,2.586911300537072,4.98376171307819,5.984416296526476e-10,-0.2177822608451231,-2.613387130141477,0.04058631085185639,0.4870357302222767,-3.567977161377139,-1.658797098905815,-1.3433100026891887,0.2503417731452591,-1.8339798780538963,-0.8526401273244808,8.054463177263276e-08,-0.24310273100757343,-2.9172327720908813,0.7586724805416356,monthly_segmented_wls_hac,6,8.054463177263276e-08,1.1968832593052952e-09
medarxiv_abstracts,2,"brain, sleep, ad, stroke, dementia, pd, functional",verb_align_per_1k_words,verbs,2022-11-30,83,42,41,0.03106184618316645,0.10072866732428429,0.046940066362540965,0.00039213301831606933,0.004705596219792832,-0.013080444275540021,0.013339941143193621,-0.03922672891619952,0.013065840365119475,0.326815996253831,0.0034113931765825563,0.040936718118990675,0.0006883819679478294,0.008260583615373952,0.02474597423285773,0.05712746200512362,0.8721060980786965,0.17598150696195114,0.5271823444332723,1.2170298517241207,7.208183863373319e-07,0.0038035261948986257,0.045642314338783505,0.5598129951480795,monthly_segmented_wls_hac,6,7.208183863373319e-07,0.326815996253831
medarxiv_abstracts,2,"brain, sleep, ad, stroke, dementia, pd, functional",em_dash_per_1k_words,punctuation,2022-11-30,83,42,41,0.09548458332871869,0.27036798871599715,0.13410181439200136,0.0019201627373603713,0.023041952848324457,-0.15874547586510435,0.056138426860574075,-0.2687767925118295,-0.048714159218379155,0.0046876295516796096,0.011784170289011528,0.14141004346813835,0.002504712027292497,0.03005654432750996,0.08249921658621881,0.20032087035005786,1.0544976151834444,0.22413227191430687,0.6151983622314029,1.4937968681354858,2.5411437507553507e-06,0.0137043330263719,0.1644519963164628,0.49778720453536995,monthly_segmented_wls_hac,6,2.5411437507553507e-06,0.0046876295516796096
medarxiv_abstracts,2,"brain, sleep, ad, stroke, dementia, pd, functional",clause_depth_std,syntax,2022-11-30,83,42,41,2.2156550551502585,2.1902235909176317,0.11990330276847458,5.23272017014398e-05,0.0006279264204172776,0.07750069184333686,0.024127186530958387,0.030211406242658417,0.1247899774440153,0.0013173512185862273,-0.005369819334779202,-0.06443783201735043,0.0011942326138235618,0.014330791365882741,-0.0925261830944806,-0.03634948094022025,-0.5374149879905782,0.11951957147964941,-0.771673348090691,-0.3031566278904654,6.909412817380725e-06,-0.005317492133077762,-0.06380990559693314,0.37137162842579785,monthly_segmented_wls_hac,6,1.381882563476145e-05,0.0026347024371724545
medarxiv_abstracts,2,"brain, sleep, ad, stroke, dementia, pd, functional",clause_depth,syntax,2022-11-30,83,42,41,11.723897115827032,11.601954377403633,0.4454078882022418,0.0016105238517710346,0.019326286221252414,0.1784435404373661,0.077310644481098,0.026914677254414016,0.3299724036203182,0.020991531203377066,-0.018406414121820536,-0.22087696946184643,0.0043463269406813915,0.0521559232881767,-0.3231025791066728,-0.1186513598170201,-0.4958981987349876,0.11709699057798184,-0.725408300267832,-0.2663880972021432,2.286173478869123e-05,-0.0167958902700495,-0.201550683240594,0.3616547657882758,monthly_segmented_wls_hac,6,2.286173478869123e-05,0.020991531203377066
medarxiv_abstracts,2,"brain, sleep, ad, stroke, dementia, pd, functional",emphasis_marker_crucially_per_1k_words,emphasis_markers,2022-11-30,83,42,41,0.01084932299308284,0.016440243000333036,0.030012804148070605,-0.0004770407343780151,-0.0057244888125361805,0.0058162158028609405,0.008453222970155366,-0.010752101218643575,0.022384532824365456,0.49142310272634804,0.000899498392064911,0.010793980704778931,0.00031825991098670165,0.0038191189318404197,0.003308507598371709,0.018279453811186154,0.3596458581985859,0.12724965361445356,0.1102365371142569,0.6090551792829149,0.00470889522007098,0.00042245765768689594,0.005069491892242751,0.07302276810540309,monthly_segmented_wls_hac,6,0.00470889522007098,0.49142310272634804
medarxiv_abstracts,2,"brain, sleep, ad, stroke, dementia, pd, functional",sequential_marker_moreover_per_1k_words,sequential_markers,2022-11-30,83,42,41,0.1559837220016424,0.14299320002464125,0.11888073011657711,0.0015660902545238348,0.018793083054286015,-0.009879939632333527,0.034970397668195145,-0.07842191906199601,0.058662039797328966,0.7775425576119589,-0.0033324871589605174,-0.03998984590752621,0.002008096636201313,0.024097159634415756,-0.0872202787909811,0.00724058697592867,-0.336386274447602,0.20270029979447082,-0.7336788620447648,0.060906313149560805,0.09700998823331614,-0.0017663969044366826,-0.02119676285324019,0.06875522930952338,monthly_segmented_wls_hac,6,0.09700998823331614,0.7775425576119589
medarxiv_abstracts,3,"genetic, variants, genes, association, genome, wide, expression",avg_syllables_per_word,readability,2022-11-30,83,42,41,2.0457617000043493,2.0831565865406065,0.019645685703410097,-3.5481416918590534e-05,-0.0004257770030230864,-0.013346304228506745,0.007592587668054677,-0.02822777605789391,0.0015351676008804223,0.0787803431874341,0.002389232298028846,0.028670787576346154,0.00030869058250040395,0.0037042869900048474,0.021410385075936653,0.03593119007675565,1.4593935792920418,0.1885547313506017,1.0898263058448625,1.828960852739221,9.94999597265628e-15,0.002353750881110256,0.02824501057332307,0.7913324283378027,monthly_segmented_wls_hac,6,1.989999194531256e-14,0.0787803431874341
medarxiv_abstracts,3,"genetic, variants, genes, association, genome, wide, expression",em_dash_per_1k_words,punctuation,2022-11-30,83,42,41,0.11325666276508158,0.22170297723839305,0.18838930877847582,-0.0009134611865759636,-0.010961534238911563,-0.08283234534995634,0.0391428767679664,-0.15955238381517048,-0.006112306884742208,0.0343317335406832,0.011846810502327176,0.1421617260279261,0.0022396604177356465,0.026875925012827758,0.0894849130027837,0.19483853905306853,0.7546167399291854,0.14266162547701025,0.4749999539942454,1.0342335258641258,1.226132485194949e-07,0.010933349315751212,0.13120019178901454,0.4553083804162592,monthly_segmented_wls_hac,6,1.226132485194949e-07,0.0343317335406832
medarxiv_abstracts,3,"genetic, variants, genes, association, genome, wide, expression",flesch_reading_ease,readability,2022-11-30,83,42,41,18.108092661373796,14.65339791578166,2.6609470395440855,-0.04713797622027982,-0.5656557146433578,2.3281775319467144,0.8984548773019227,0.5672059724349459,4.0891490914584825,0.00956105717579384,-0.1749577150888349,-2.099492581066019,0.03817230270113292,0.45806763241359505,-2.997305140596665,-1.2016800215353727,-0.7890020169006207,0.17214458822603185,-1.126405409823643,-0.4515986239775982,4.575455091567178e-06,-0.22209569130911472,-2.6651482957093764,0.7403147442540456,monthly_segmented_wls_hac,6,4.575455091567178e-06,0.01912211435158768
medarxiv_abstracts,3,"genetic, variants, genes, association, genome, wide, expression",clause_depth,syntax,2022-11-30,83,42,41,11.750652721045052,11.617196581990916,0.27984231429482875,0.001568253478014889,0.01881904173617867,0.1979762824822966,0.14710726443599664,-0.0903539558122568,0.48630652077685,0.17836850343644198,-0.016840404663390998,-0.20208485596069198,0.0038183327389318704,0.04581999286718244,-0.29189204198036955,-0.1122776699410144,-0.7221383101762975,0.1637350412236394,-1.0430589909746306,-0.4012176293779643,1.031761088740082e-05,-0.01527215118537611,-0.18326581422451332,0.34852398959210384,monthly_segmented_wls_hac,6,2.063522177480164e-05,0.17836850343644198
medarxiv_abstracts,3,"genetic, variants, genes, association, genome, wide, expression",word_across_per_1k_words,marker_words,2022-11-30,83,42,41,1.0476841461662227,1.7027659912058262,0.3539100172733416,0.011485158905203113,0.13782190686243734,-0.4206954292473879,0.1614499138783718,-0.7371372604489965,-0.10425359804577922,0.009167779472009347,0.027687148522334483,0.3322457822680138,0.006785253394020694,0.08142304072824832,0.17265662244064706,0.4918349420953805,0.9387860361449011,0.23006707002972857,0.487854578886633,1.3897174934031689,4.4941150603856204e-05,0.03917230742753759,0.4700676891304511,0.6169992758759507,monthly_segmented_wls_hac,6,4.4941150603856204e-05,0.009167779472009347
medarxiv_abstracts,3,"genetic, variants, genes, association, genome, wide, expression",clause_depth_std,syntax,2022-11-30,83,42,41,2.2172147460880063,2.1786944465227553,0.08274924964028196,1.2486733317107315e-05,0.00014984079980528777,0.06369433228557547,0.03849556764268023,-0.011756980294077776,0.13914564486522873,0.09800795162088687,-0.004643767702343298,-0.05572521242811958,0.001192546768231518,0.014310561218778215,-0.08377391241692488,-0.027676512439314273,-0.6734225708433832,0.17293886386870508,-1.0123827440260451,-0.33446239766072117,9.860785953690313e-05,-0.004631280969026191,-0.05557537162831429,0.3667818969387302,monthly_segmented_wls_hac,6,9.860785953690313e-05,0.17836850343644198
medarxiv_abstracts,3,"genetic, variants, genes, association, genome, wide, expression",sequential_marker_moreover_per_1k_words,sequential_markers,2022-11-30,83,42,41,0.1540800642077836,0.13921922588707553,0.10471143506161032,0.002516210790536478,0.030194529486437735,-0.018139812100053512,0.026507445298579714,-0.07009440488526975,0.03381478068516273,0.49376747270282234,-0.0052920811752457265,-0.06350497410294872,0.001368356744597301,0.016420280935167612,-0.09568872473587722,-0.0313212234700202,-0.6064760173097001,0.15681459169675419,-0.9138326170353381,-0.2991194175840619,0.00010996952320941953,-0.0027758703847092486,-0.03331044461651098,0.1883125758128924,monthly_segmented_wls_hac,6,0.00010996952320941953,0.49376747270282234
medarxiv_abstracts,3,"genetic, variants, genes, association, genome, wide, expression",verb_align_per_1k_words,verbs,2022-11-30,83,42,41,0.022369709462225253,0.06342899715158364,0.05445853200054011,-4.6261215159743256e-05,-0.000555134581916919,0.009778297801226025,0.01967929168377022,-0.028793113898963604,0.04834970950141565,0.6192718358321476,0.0017397330715845105,0.020876796859014127,0.0008118195501602606,0.009741834601923127,0.0017828010392447972,0.03997079267878345,0.38335217810878697,0.17888536918010406,0.03273685451578305,0.7339675017017908,0.0321127249252257,0.0016934718564247673,0.020321662277097207,0.2885216443050401,monthly_segmented_wls_hac,6,0.0321127249252257,0.6192718358321476
medarxiv_abstracts,3,"genetic, variants, genes, association, genome, wide, expression",emphasis_marker_crucially_per_1k_words,emphasis_markers,2022-11-30,83,42,41,0.014800186968725077,0.0059657653681269495,0.06858254438049723,5.134088865279578e-05,0.0006160906638335493,-0.006281069598180078,0.007327792133707338,-0.02064354218024646,0.008081402983886304,0.3913580269088006,0.00013663970068402873,0.0016396764082083448,0.00045871555395127596,0.005504586647415311,-0.009149313420725665,0.012428666237142354,0.02390807198857175,0.08026221099170311,-0.13340586155516634,0.18122200553230985,0.7657988937659427,0.0001879805893368245,0.0022557670720418943,0.007443215008205661,monthly_segmented_wls_hac,6,0.7657988937659427,0.3913580269088006
medarxiv_abstracts,4,"learning, ai, images, machine, machine learning, prediction, deep",avg_syllables_per_word,readability,2022-11-30,83,42,41,1.993532849706018,2.0638794700350966,0.03042511295385296,0.0005044545231749156,0.006053454278098987,-0.0039858932326703456,0.006779631028528903,-0.017273970048586995,0.009302183583246304,0.5565847480190413,0.00289018479779337,0.03468221757352044,0.0003487062427746552,0.004184474913295862,0.026480646743460554,0.04288378840358033,1.1399207498793649,0.13753358679859728,0.8703549197541143,1.4094865800046155,1.1487064934586304e-16,0.0033946393209682854,0.04073567185161943,0.8850995020403467,monthly_segmented_wls_hac,6,2.297412986917261e-16,0.5565847480190413
medarxiv_abstracts,4,"learning, ai, images, machine, machine learning, prediction, deep",word_across_per_1k_words,marker_words,2022-11-30,83,42,41,0.966314973807996,2.0524833993157205,0.6407788842750016,0.010476491725415487,0.12571790070498584,-0.4315132656225331,0.15914821824730052,-0.7434437733872421,-0.11958275785782407,0.006700128785832546,0.05513955836087481,0.6616747003304977,0.007226516331493838,0.08671819597792606,0.4917070362137626,0.8316423644472328,1.0326100259672855,0.13533248068253978,0.7673583638295075,1.2978616881050637,2.3444177133199225e-14,0.06561605008629029,0.7873926010354835,0.8557779778939707,monthly_segmented_wls_hac,6,2.3444177133199225e-14,0.006700128785832546
medarxiv_abstracts,4,"learning, ai, images, machine, machine learning, prediction, deep",em_dash_per_1k_words,punctuation,2022-11-30,83,42,41,0.10730656732945665,0.420219287129027,0.1184586063845462,-0.0020141217867348984,-0.02416946144081878,-0.19477408704090324,0.07275432642496511,-0.3373725668338349,-0.05217560724797163,0.007425186581198047,0.026701542441822917,0.320418509301875,0.003511116032258882,0.04213339238710659,0.2378370602231461,0.4029999583806039,2.704898521781664,0.3556802977263727,2.0077651382379735,3.4020319053253543,2.852146247518103e-14,0.02468742065508802,0.2962490478610562,0.6472178921000853,monthly_segmented_wls_hac,6,2.852146247518103e-14,0.007425186581198047
medarxiv_abstracts,4,"learning, ai, images, machine, machine learning, prediction, deep",verb_align_per_1k_words,verbs,2022-11-30,83,42,41,0.02681770548049282,0.19112549358694106,0.04953323696786344,0.00029940212077992826,0.0035928254493591393,0.015884780156632597,0.02898417476046308,-0.040924202373875035,0.07269376268714023,0.5836574959307137,0.006403400288827121,0.07684080346592545,0.0009411340574462109,0.011293608689354532,0.054705330434790575,0.09897627649706034,1.5512978389798922,0.22800061899208582,1.104416625755404,1.9981790522043803,1.0181050100436358e-11,0.0067028024096070496,0.08043362891528459,0.6172903124371223,monthly_segmented_wls_hac,6,1.0181050100436358e-11,0.5836574959307137
medarxiv_abstracts,4,"learning, ai, images, machine, machine learning, prediction, deep",flesch_reading_ease,readability,2022-11-30,83,42,41,21.96115492724561,15.100547871753554,2.3245294171677204,-0.097132685474261,-1.165592225691132,0.8038559745342955,0.5778057704291394,-0.3286433355068177,1.9363552845754086,0.16415818353128048,-0.17549288297152,-2.10591459565824,0.0267052933443438,0.32046352013212565,-2.734023095117206,-1.4778060961992736,-0.9059530845706192,0.13786167547089528,-1.176161968493574,-0.6357442006476643,4.9822818684194366e-11,-0.272625568445781,-3.271506821349372,0.8779129922650011,monthly_segmented_wls_hac,6,4.9822818684194366e-11,0.32831636706256095
medarxiv_abstracts,4,"learning, ai, images, machine, machine learning, prediction, deep",clause_depth_std,syntax,2022-11-30,83,42,41,2.265882243100881,2.2030297447334886,0.1951834337126801,0.001127616553496372,0.013531398641956464,-0.008150401944106378,0.018942211356406988,-0.045277136202664076,0.02897633231445132,0.6669939996443256,-0.006150835808793543,-0.07381002970552251,0.0009510681546556787,0.011412817855868144,-0.09617915270302407,-0.05144090670802095,-0.37815724573313236,0.05847226702993857,-0.49276288911181193,-0.26355160235445274,9.977450004761874e-11,-0.005023219255297171,-0.060278631063566054,0.5171826522899462,monthly_segmented_wls_hac,6,1.9954900009523748e-10,0.9082387356844034
medarxiv_abstracts,4,"learning, ai, images, machine, machine learning, prediction, deep",clause_depth,syntax,2022-11-30,83,42,41,11.81927592607166,11.730392550443112,0.5883501803152391,0.010359215754900826,0.1243105890588099,-0.010597755935183528,0.091946211668198,-0.1908123308048516,0.16961681893448455,0.9082387356844034,-0.02776308175300543,-0.33315698103606517,0.0046585379136531236,0.055902454963837486,-0.44272579276518664,-0.22358816930694372,-0.5662562742099595,0.09501561626765347,-0.7524868820945604,-0.3800256663253588,2.528364304034928e-09,-0.017403865998104603,-0.20884639197725524,0.45257034069061164,monthly_segmented_wls_hac,6,2.528364304034928e-09,0.9082387356844034
medarxiv_abstracts,4,"learning, ai, images, machine, machine learning, prediction, deep",sequential_marker_moreover_per_1k_words,sequential_markers,2022-11-30,83,42,41,0.17144157836163618,0.1347186362451006,0.12270164917292438,-0.001053244992849958,-0.012638939914199496,0.07112656001522914,0.03405346629437408,0.0043817660782559525,0.13787135395220235,0.0367371572638667,-0.003726940705016176,-0.04472328846019411,0.0014718819472626541,0.01766258336715185,-0.07934195185981174,-0.010104625060576484,-0.3644880795136277,0.14394739994292852,-0.6466249834017677,-0.08235117562548779,0.011338419329203448,-0.004780185697866134,-0.05736222837439361,0.3250783455123475,monthly_segmented_wls_hac,6,0.011338419329203448,0.0367371572638667
medarxiv_abstracts,4,"learning, ai, images, machine, machine learning, prediction, deep",emphasis_marker_crucially_per_1k_words,emphasis_markers,2022-11-30,83,42,41,0.0049436911339900864,0.012693408820008646,0.019187889167512108,0.00015329364476677552,0.001839523737201306,-0.02430956789541354,0.009863748484590307,-0.04364251492521054,-0.004976620865616538,0.013719060033441716,0.0012169934868206506,0.014603921841847807,0.000553335206645679,0.006640022479748148,0.0015894777815414355,0.027618365902154177,0.7611010108696258,0.34605278474250695,0.08283755277431208,1.4393644689649394,0.02785102908605641,0.001370287131587426,0.01644344557904911,0.23044494582555697,monthly_segmented_wls_hac,6,0.02785102908605641,0.013719060033441716
medarxiv_abstracts,5,"pain, 95, ci, 95 ci, care, physical, heart",em_dash_per_1k_words,punctuation,2022-11-30,83,42,41,0.08767666350116611,0.24925786656869922,0.16779532128701447,-0.003976262142778998,-0.04771514571334798,-0.06975006638171166,0.033886240051871006,-0.13616709688337883,-0.0033330358800444937,0.039555630077036386,0.01877744383441385,0.22532932601296618,0.002008333723755084,0.024100004685061006,0.1780933168302466,0.27256533519568577,1.3428820558562513,0.14362739378077097,1.06137236404594,1.6243917476665624,8.784455015079686e-21,0.01480118169163485,0.1776141802996182,0.6623245056098102,monthly_segmented_wls_hac,6,8.784455015079686e-21,0.039555630077036386
medarxiv_abstracts,5,"pain, 95, ci, 95 ci, care, physical, heart",avg_syllables_per_word,readability,2022-11-30,83,42,41,2.0142651806786978,2.0487902415142023,0.02069963189830328,-0.00010715969196866699,-0.0012859163036240038,-0.018410425899214156,0.007034112874041427,-0.032197287132335356,-0.004623564666092959,0.00886268485303155,0.0026931405551382966,0.03231768666165956,0.0003464897145485773,0.004157876574582928,0.024168248575477023,0.040467124747842094,1.5612686650871601,0.20086717459568657,1.1675690028796146,1.9549683272947056,7.686567549154836e-15,0.0025859808631696294,0.031031770358035553,0.7977642364684693,monthly_segmented_wls_hac,6,1.5373135098309672e-14,0.00886268485303155
medarxiv_abstracts,5,"pain, 95, ci, 95 ci, care, physical, heart",verb_align_per_1k_words,verbs,2022-11-30,83,42,41,0.029741400851444215,0.07046447681366043,0.06265375741919622,-0.0002753122357669196,-0.003303746829203035,-0.020571642293887284,0.01031221902236364,-0.04078359157772002,-0.0003596930100545487,0.04605593959518839,0.0034174860779044246,0.041009832934853094,0.0005595895260382363,0.006715074312458835,0.027848287282433777,0.05417137858727242,0.6545470634820739,0.10717751957844163,0.4444791251083284,0.8646150018558196,1.014385061251426e-09,0.003142173842137505,0.03770608610565006,0.40730042600433214,monthly_segmented_wls_hac,6,1.014385061251426e-09,0.04605593959518839
medarxiv_abstracts,5,"pain, 95, ci, 95 ci, care, physical, heart",word_across_per_1k_words,marker_words,2022-11-30,83,42,41,0.7019472859628975,1.1504163452062572,0.3073335904608082,0.00435629002182737,0.05227548026192844,-0.46112911935981266,0.16464781944969464,-0.7838388454812142,-0.13841939323841118,0.005099192624363319,0.035991955135623074,0.4319034616274769,0.006268520696472055,0.07522224835766467,0.28446785484645415,0.5793390684084996,1.4053246213012114,0.2447576532226052,0.9255996209849051,1.8850496216175174,9.373166508038069e-09,0.040348245157450446,0.48417894188940536,0.768060813936996,monthly_segmented_wls_hac,6,9.373166508038069e-09,0.005099192624363319
medarxiv_abstracts,5,"pain, 95, ci, 95 ci, care, physical, heart",flesch_reading_ease,readability,2022-11-30,83,42,41,23.935396180085174,21.78307522923396,2.3639106992309844,-0.04920517799420671,-0.5904621359304806,3.7399074259636995,0.6575699583521792,2.451070307593428,5.028744544333971,1.2893752258753324e-08,-0.20072778857275034,-2.408733462873004,0.03690606914047382,0.44287282968568586,-3.276764209056948,-1.54070271668906,-1.018961276183826,0.18734752959566495,-1.386162434191329,-0.6517601181763226,5.361567660163445e-08,-0.24993296656695704,-2.9991955988034844,0.7776209735687905,monthly_segmented_wls_hac,6,5.361567660163445e-08,2.5787504517506647e-08
medarxiv_abstracts,5,"pain, 95, ci, 95 ci, care, physical, heart",clause_depth,syntax,2022-11-30,83,42,41,11.913793358470096,11.673467611171466,0.5146581455790162,0.006765567281088791,0.0811868073730655,-0.038462776569368584,0.15194471703632345,-0.33627442196056256,0.2593488688218254,0.800162618768728,-0.020900126681724474,-0.2508015201806937,0.0057518780063987585,0.0690225360767851,-0.38608569089119243,-0.11551734947019489,-0.48731672146863503,0.1341133656771939,-0.750178918195935,-0.224454524741335,0.000279474690177062,-0.014134559400635682,-0.1696147128076282,0.3525454570130172,monthly_segmented_wls_hac,6,0.000558949380354124,0.800162618768728
medarxiv_abstracts,5,"pain, 95, ci, 95 ci, care, physical, heart",clause_depth_std,syntax,2022-11-30,83,42,41,2.3269018171229994,2.252138817441277,0.13515934373706454,0.0006691898938801699,0.008030278726562038,0.025041608417776473,0.04792270839483034,-0.06888690003609099,0.11897011687164394,0.6012932943538247,-0.0056900323421415315,-0.06828038810569838,0.0018425177393176179,0.022110212871811415,-0.11161640533444875,-0.024944370876948008,-0.50518437140779,0.1635862698092412,-0.8258134602339028,-0.18455528258167736,0.0020138427709709933,-0.005020842448261361,-0.060250109379136337,0.37788601563850555,monthly_segmented_wls_hac,6,0.0020138427709709933,0.800162618768728
medarxiv_abstracts,5,"pain, 95, ci, 95 ci, care, physical, heart",sequential_marker_moreover_per_1k_words,sequential_markers,2022-11-30,83,42,41,0.12581591664301262,0.09841458126029003,0.12407232631057763,-8.80211838804474e-05,-0.0010562542065653687,0.00848246784361073,0.022637476849713036,-0.03588698678182682,0.05285192246904828,0.707876847830268,-0.0008663663157528363,-0.010396395789034035,0.0007927821117557722,0.009513385341069266,-0.029042631057529796,0.008249839479461726,-0.08379302700434418,0.07667612612707346,-0.23407823421340818,0.0664921802047198,0.2744738531803329,-0.0009543874996332838,-0.011452649995599406,0.0256135195085736,monthly_segmented_wls_hac,6,0.2744738531803329,0.707876847830268
medarxiv_abstracts,5,"pain, 95, ci, 95 ci, care, physical, heart",emphasis_marker_crucially_per_1k_words,emphasis_markers,2022-11-30,83,42,41,0.0063590777511460675,0.0019565914548133416,0.024985177564522575,-0.00010401114075445067,-0.001248133689053408,-0.003618231228929988,0.004617715928124061,-0.012668954448053146,0.005432491990193171,0.4333016728909469,0.00022444596566186157,0.002693351587942339,0.0002631667306337919,0.003158000767605503,-0.003496329916564448,0.008883033092449125,0.10779797665983906,0.1263949699556937,-0.13993616445332063,0.3555321177729987,0.393733599843574,0.0001204348249074109,0.0014452178988889307,0.020606632496510513,monthly_segmented_wls_hac,6,0.393733599843574,0.4333016728909469
medarxiv_abstracts,6,"cancer, tumor, breast, breast cancer, 95, tumors, expression",avg_syllables_per_word,readability,2022-11-30,83,42,41,2.016626646160774,2.0494489586214564,0.03104923653050789,-0.0005680328218685021,-0.006816393862422025,-0.010714860431065565,0.009195343829656248,-0.02873773433719181,0.00730801347506068,0.24391842642410963,0.0032491766180482717,0.03899011941657926,0.00037925052484188445,0.004551006298102614,0.030070147072298138,0.047910091760860384,1.2557513089981758,0.14657385516165444,0.9684665528813331,1.5430360651150186,1.0588243191988717e-17,0.0026811437961797697,0.032173725554157234,0.7103422257778689,monthly_segmented_wls_hac,6,2.1176486383977434e-17,0.24391842642410963
medarxiv_abstracts,6,"cancer, tumor, breast, breast cancer, 95, tumors, expression",word_across_per_1k_words,marker_words,2022-11-30,83,42,41,0.8075294343281546,1.4687321263705706,0.4622751388315708,0.006435592885736921,0.07722711462884305,-0.39159192099703677,0.11188530800795285,-0.6108871246926244,-0.1722967173014492,0.0004653620158628992,0.039149962680694914,0.46979955216833896,0.004794358751978903,0.05753230502374684,0.35703623432179515,0.5825628700148828,1.0162769154226778,0.12445468118654038,0.7723457402970587,1.2602080905482973,3.19208222244658e-16,0.04558555556643183,0.5470266667971819,0.6511600689639138,monthly_segmented_wls_hac,6,3.19208222244658e-16,0.0004653620158628992
medarxiv_abstracts,6,"cancer, tumor, breast, breast cancer, 95, tumors, expression",clause_depth,syntax,2022-11-30,83,42,41,11.684363487236046,11.648807100866545,0.44279517555136616,0.013111947845875445,0.15734337415050534,0.06299525567911246,0.1338562099045635,-0.19936291573383202,0.32535342709205695,0.6379129435232739,-0.031194166435828327,-0.3743299972299399,0.005212791826460736,0.06255350191752884,-0.4969348609882965,-0.25172513347158343,-0.8453795747973681,0.14126961035570806,-1.122268011094556,-0.5684911385001805,2.175129872103471e-09,-0.018082218589952882,-0.2169866230794346,0.24715627798992468,monthly_segmented_wls_hac,6,4.350259744206942e-09,0.6379129435232739
medarxiv_abstracts,6,"cancer, tumor, breast, breast cancer, 95, tumors, expression",flesch_reading_ease,readability,2022-11-30,83,42,41,22.096301425120366,18.314807559160847,2.660097670656386,-0.017753033796704565,-0.21303640556045478,1.6389235395523083,1.0106841252126488,-0.3420173458644833,3.6198644249690997,0.10488941228137351,-0.21663937226006033,-2.599672467120724,0.0391519588202191,0.4698235058426292,-3.520526538572277,-1.678818395669171,-0.9772845921402759,0.17661889299226335,-1.3234576224051118,-0.6311115618754398,3.1426867386783164e-08,-0.2343924060567649,-2.8127088726811786,0.6481301472353839,monthly_segmented_wls_hac,6,3.1426867386783164e-08,0.20977882456274702
medarxiv_abstracts,6,"cancer, tumor, breast, breast cancer, 95, tumors, expression",clause_depth_std,syntax,2022-11-30,83,42,41,2.2033887926493576,2.173623807962442,0.13269002814057862,0.002539213412485759,0.030470560949829105,0.03930402571013958,0.043293863590001605,-0.04555194692626356,0.12415999834654272,0.3639612408784944,-0.008225709172921716,-0.0987085100750606,0.0016463547889243534,0.01975625746709224,-0.13743077471056137,-0.0599862454395598,-0.743903000536587,0.14889029525384867,-1.0357279792341303,-0.4520780218390435,5.843580434047558e-07,-0.005686495760435957,-0.06823794912523148,0.26129183498885133,monthly_segmented_wls_hac,6,5.843580434047558e-07,0.6379129435232739
medarxiv_abstracts,6,"cancer, tumor, breast, breast cancer, 95, tumors, expression",em_dash_per_1k_words,punctuation,2022-11-30,83,42,41,0.12660716639507394,0.23562132369795646,0.40031188156839304,-0.0035445168016141676,-0.04253420161937001,-0.02845618471539401,0.05585540007894377,-0.1379327688701238,0.08102039943933578,0.6104286674314314,0.015397244550582466,0.1847669346069896,0.0031100781446563317,0.037320937735875984,0.11161789664467267,0.25791597256930654,0.46155745835743395,0.09322965281383916,0.2788273388423092,0.6442875778725587,7.392494643009212e-07,0.011852727748968298,0.14223273298761957,0.3739141420755193,monthly_segmented_wls_hac,6,7.392494643009212e-07,0.6104286674314314
medarxiv_abstracts,6,"cancer, tumor, breast, breast cancer, 95, tumors, expression",verb_align_per_1k_words,verbs,2022-11-30,83,42,41,0.007799108149832426,0.059209297388350145,0.0253881500161633,-0.0004107980035291803,-0.004929576042350163,0.006802066448229872,0.018347608414261998,-0.029159246043723643,0.04276337894018339,0.7108363056267681,0.002740887259251681,0.032890647111020174,0.0008061746279938703,0.009674095535926444,0.01392941986060434,0.051851874361436,1.295511767894881,0.3810476749888218,0.5486583249167903,2.0423652108729717,0.0006741840964032959,0.0023300892557225005,0.027961071068670004,0.33405912932590165,monthly_segmented_wls_hac,6,0.0006741840964032959,0.7108363056267681
medarxiv_abstracts,6,"cancer, tumor, breast, breast cancer, 95, tumors, expression",emphasis_marker_crucially_per_1k_words,emphasis_markers,2022-11-30,83,42,41,0.004200346288738321,0.008324161816275263,0.021265104953366306,-0.00022098857232790456,-0.0026518628679348547,-0.0023248530374829776,0.0043939798198886154,-0.010937053484464665,0.006287347409498709,0.5967363474932665,0.0007185862040297539,0.008623034448357048,0.0003034104786841561,0.003640925744209873,0.0014868199897056958,0.015759248907008395,0.4055016171924421,0.17121597811035058,0.06991830009615492,0.741084934288729,0.01786698779389544,0.0004975976317018494,0.005971171580422192,0.06267087711131258,monthly_segmented_wls_hac,6,0.01786698779389544,0.5967363474932665
medarxiv_abstracts,6,"cancer, tumor, breast, breast cancer, 95, tumors, expression",sequential_marker_moreover_per_1k_words,sequential_markers,2022-11-30,83,42,41,0.22084894694541693,0.14506761461557657,0.21868956855035487,-0.0007614995833818078,-0.009137995000581694,0.0022999543629139835,0.06854105040550842,-0.13204050443188253,0.13664041315771047,0.9732313155627659,-0.0017973284789751626,-0.021567941747701953,0.0036878957043348275,0.044254748452017934,-0.10830724871365709,0.06517136521825319,-0.09862355068269192,0.20236332599388687,-0.4952556696307101,0.2980085682653263,0.6260040746802966,-0.0025588280623569703,-0.030705936748283643,0.10099999051863684,monthly_segmented_wls_hac,6,0.6260040746802966,0.9732313155627659
medarxiv_abstracts,7,"hearing, loss, hearing loss, tinnitus, olfactory, speech, smell",avg_syllables_per_word,readability,2022-11-30,81,40,41,1.9750720921558749,2.0007582768493846,0.04017924052903515,-0.00012489043982564474,-0.0014986852779077368,-0.033447297719274675,0.015250452366540797,-0.06333818435769464,-0.003556411080854714,0.0282929461595122,0.0031323336712173523,0.03758800405460823,0.0005914316023185095,0.007097179227822114,0.02367753276807688,0.05149847534113958,0.9355080772979174,0.1766379636442706,0.589297668555147,1.2817184860406878,1.1824431758101375e-07,0.0030074432313917077,0.03608931877670049,0.3294042824724509,monthly_segmented_wls_hac,6,2.364886351620275e-07,0.0565858923190244
medarxiv_abstracts,7,"hearing, loss, hearing loss, tinnitus, olfactory, speech, smell",clause_depth,syntax,2022-11-30,81,40,41,11.682593795093796,11.663202041860577,1.257706028691061,0.015062962968998277,0.18075555562797932,0.261401406499958,0.3447777581947257,-0.4143629995617044,0.9371658125616205,0.4483470419565855,-0.03827551230594615,-0.4593061476713538,0.010633897566906945,0.12760677080288335,-0.709415418445005,-0.20919687689770244,-0.36519356446861423,0.10145993411170033,-0.5640550353275467,-0.1663320936096816,0.0003189682414325763,-0.02321254933694787,-0.27855059204337446,0.07994983891240137,monthly_segmented_wls_hac,6,0.0006379364828651526,0.4483470419565855
medarxiv_abstracts,7,"hearing, loss, hearing loss, tinnitus, olfactory, speech, smell",clause_depth_std,syntax,2022-11-30,81,40,41,2.2238420707205058,2.2027830623642592,0.36866103724317717,0.001675333429108577,0.020104001149302924,0.1231130394553439,0.10791773158379622,-0.08840571444889671,0.3346317933595845,0.2539512658435398,-0.00831663890746102,-0.09979966688953225,0.003971380605191676,0.047656567262300116,-0.1932065387236405,-0.006392795055424026,-0.2707084742012,0.1292693353728747,-0.5240763715320345,-0.017340576870365592,0.03624724328984232,-0.006641305478352444,-0.07969566574022932,0.05425737681577558,monthly_segmented_wls_hac,6,0.03624724328984232,0.4483470419565855
medarxiv_abstracts,7,"hearing, loss, hearing loss, tinnitus, olfactory, speech, smell",sequential_marker_moreover_per_1k_words,sequential_markers,2022-11-30,81,40,41,0.19589055109569686,0.10564104181195488,0.46383514663777625,-0.0038997495052740636,-0.046796994063288765,-0.13715214124010483,0.11474510444921442,-0.3620525459605651,0.08774826348035542,0.23197896915674726,0.010996140440586293,0.13195368528703552,0.00576701154248114,0.06920413850977368,-0.003686426192120895,0.26759379676619194,0.2844840160206367,0.1491998590693633,-0.007947707755315368,0.5769157397965888,0.05655541351831065,0.00709639093531223,0.08515669122374675,0.056302622758308885,monthly_segmented_wls_hac,6,0.05655541351831065,0.23197896915674726
medarxiv_abstracts,7,"hearing, loss, hearing loss, tinnitus, olfactory, speech, smell",em_dash_per_1k_words,punctuation,2022-11-30,81,40,41,0.22251559036060958,0.41719228427116434,0.7364815569680406,0.003109052674871591,0.037308632098459096,-0.10766203116612291,0.230897393476582,-0.5602209223802236,0.3448968600479778,0.6410175892531622,0.013106673735502368,0.15728008482602843,0.010207674846661388,0.12249209815993667,-0.08280442756744744,0.39736459721950423,0.21355603998221173,0.16632065935800774,-0.11243245235948346,0.5395445323239069,0.19914129617848414,0.01621572641037396,0.19458871692448754,0.08592248194371588,monthly_segmented_wls_hac,6,0.19914129617848414,0.6410175892531622
medarxiv_abstracts,7,"hearing, loss, hearing loss, tinnitus, olfactory, speech, smell",flesch_reading_ease,readability,2022-11-30,81,40,41,22.20150127318417,20.5602995310113,6.443990510581586,-0.056365142158563926,-0.6763817059027671,2.2417326456648534,2.3690960870860023,-2.4016956850237112,6.8851609763534185,0.344026368366501,-0.1582006911747241,-1.898408294096689,0.12561165909462102,1.5073399091354522,-4.8527945160021755,1.0559779278087973,-0.2946013484935056,0.23391404854806513,-0.7530728836477133,0.16387018666070205,0.20787046276957177,-0.21456583333328802,-2.574789999999456,0.19188801476736184,monthly_segmented_wls_hac,6,0.20787046276957177,0.344026368366501
medarxiv_abstracts,7,"hearing, loss, hearing loss, tinnitus, olfactory, speech, smell",word_across_per_1k_words,marker_words,2022-11-30,81,40,41,0.7593888417330057,1.1335334517941602,1.0394835108832117,0.011254588507973241,0.13505506209567888,-0.5442259410394967,0.3703869073227644,-1.270184279392115,0.18173239731312152,0.1417393902557453,0.019509628135104796,0.23411553762125756,0.016669533941898594,0.20003440730278313,-0.1579519006921974,0.6261829759347125,0.22522294502039578,0.1924363447889819,-0.15195229076600875,0.6023981808068003,0.2418495525165951,0.03076421664307804,0.36917059971693644,0.1131397831446539,monthly_segmented_wls_hac,6,0.2418495525165951,0.1417393902557453
medarxiv_abstracts,7,"hearing, loss, hearing loss, tinnitus, olfactory, speech, smell",emphasis_marker_crucially_per_1k_words,emphasis_markers,2022-11-30,81,40,41,0.0,0.013826668878933687,0.0,5.856935715835463e-17,7.028322859002556e-16,0.0350200711860581,0.029639930922828663,-0.02307419342268608,0.09311433579480227,0.23739755251859349,-0.0010254612705185829,-0.012305535246222995,0.0009005408207422708,0.010806489848907249,-0.03348625535008121,0.008875184857635216,,,,,0.2548211502085241,-0.0010254612705185243,-0.012305535246222292,0.03117375265058253,monthly_segmented_wls_hac,6,0.2548211502085241,0.23739755251859349
medarxiv_abstracts,7,"hearing, loss, hearing loss, tinnitus, olfactory, speech, smell",verb_align_per_1k_words,verbs,2022-11-30,81,40,41,0.021701388888888888,0.018114956606692472,0.13725163455591924,-0.0005925227435262005,-0.007110272922314406,-0.0011539331188848076,0.025457279078045195,-0.05105020011185339,0.048742333874083776,0.9638456951122487,0.0013161332348820848,0.015793598818585018,0.0013404714337750653,0.016085657205300783,-0.015734289303804515,0.04732148694097456,0.11507038782951885,0.11719829244545094,-0.11463826536356499,0.34477904102260276,0.3261769281024831,0.0007236104913558843,0.008683325896270612,0.004613593768020174,monthly_segmented_wls_hac,6,0.3261769281024831,0.9638456951122487
medarxiv_abstracts,8,"questions contact, wish work, project questions, work cited, cited reference, contact corresponding, reference project",flesch_reading_ease,readability,2022-11-30,70,32,38,48.17366613390608,42.173745551040916,12.819014657452684,0.07193205996657497,0.8631847195988995,-2.661955691205115,2.3064362703650687,-7.18257078112065,1.8586593987104196,0.24844182849432056,-0.26934914934980697,-3.2321897921976834,0.12597208032623025,1.511664963914763,-6.19505312147062,-0.26932646292474816,-0.2521402680757964,0.11792364735583756,-0.48327061689323814,-0.021009919258354843,0.03250331772834689,-0.197417089383232,-2.369005072598784,0.09589291305742687,monthly_segmented_wls_hac,6,0.045959759458646714,0.4840609838583635
medarxiv_abstracts,8,"questions contact, wish work, project questions, work cited, cited reference, contact corresponding, reference project",avg_syllables_per_word,readability,2022-11-30,70,32,38,1.6857711279881147,1.7508954658290639,0.14263612175297238,-0.00013040145637440928,-0.0015648174764929113,0.017296880604667553,0.02471738729109274,-0.03114919848587422,0.06574295969520932,0.4840609838583635,0.0027123974710573685,0.03254876965268842,0.0013590781515872403,0.01630893781904688,0.0005832515273565299,0.06451428777802032,0.22819443807550202,0.11433946477661448,0.004089087113337583,0.4522997890376665,0.045959759458646714,0.0025819960146829593,0.03098395217619551,0.11959908998412505,monthly_segmented_wls_hac,6,0.045959759458646714,0.4840609838583635
medarxiv_abstracts,8,"questions contact, wish work, project questions, work cited, cited reference, contact corresponding, reference project",clause_depth_std,syntax,2022-11-30,70,32,38,1.8425756013529373,1.9215795669794034,0.7942711861129342,0.002401538851506435,0.028818466218077224,0.41450850105052295,0.2186832649707255,-0.014110698292098989,0.8431277003931449,0.058029597963807904,-0.02623826096848786,-0.3148591316218543,0.013901100058521581,0.16681320070225897,-0.6418130049982819,0.012094741754573299,-0.3964126322682512,0.21002046104507746,-0.808052735916603,0.015227471380100645,0.05909373846010023,-0.023836722116981422,-0.28604066540377704,0.11681224854171324,monthly_segmented_wls_hac,6,0.09517206435570537,0.058029597963807904
medarxiv_abstracts,8,"questions contact, wish work, project questions, work cited, cited reference, contact corresponding, reference project",clause_depth,syntax,2022-11-30,70,32,38,8.102864583333332,8.339473684210526,1.453543762164038,-0.001937713740689772,-0.023252564888277264,1.0155569141216978,0.46333485005867037,0.10742060800670394,1.9236932202366916,0.02839089703728186,-0.04937526066718996,-0.5925031280062796,0.029588629853480923,0.35506355824177105,-1.288427702160151,0.10342144614759174,-0.4076266180828021,0.24427441917067014,-0.8864044796573156,0.07115124349171142,0.09517206435570537,-0.051312974407879734,-0.6157556928945568,0.13501028954180683,monthly_segmented_wls_hac,6,0.09517206435570537,0.05678179407456372
medarxiv_abstracts,8,"questions contact, wish work, project questions, work cited, cited reference, contact corresponding, reference project",sequential_marker_moreover_per_1k_words,sequential_markers,2022-11-30,70,32,38,0.0,0.09233610341643582,0.0,-7.423199516015697e-16,-8.907839419218836e-15,-0.08771981178755396,0.07699887091082856,-0.23863759877277796,0.06319797519767002,0.2546051343186173,0.008921935427304939,0.10706322512765926,0.006538001303899014,0.07845601564678817,-0.046710565540045546,0.26083701579536406,,,,,0.17237020249382673,0.008921935427304196,0.10706322512765035,0.03951733160787163,monthly_segmented_wls_hac,6,0.17237020249382673,0.2546051343186173
medarxiv_abstracts,8,"questions contact, wish work, project questions, work cited, cited reference, contact corresponding, reference project",word_across_per_1k_words,marker_words,2022-11-30,70,32,38,0.0,0.1512401693889897,0.0,-9.26829178483532e-16,-1.1121950141802383e-14,-0.09251487690585662,0.11879541908881194,-0.325353898319928,0.1403241445082148,0.43611239384404327,0.012101291330032554,0.14521549596039063,0.011107196827838894,0.13328636193406673,-0.11602577343038016,0.4064567653511615,,,,,0.27593343953000204,0.012101291330031627,0.14521549596037953,0.030054565592592564,monthly_segmented_wls_hac,6,0.27593343953000204,0.43611239384404327
medarxiv_abstracts,8,"questions contact, wish work, project questions, work cited, cited reference, contact corresponding, reference project",verb_align_per_1k_words,verbs,2022-11-30,70,32,38,0.0,0.0379737221842485,0.0,1.5414832893786297e-16,1.8497799472543557e-15,0.04742637690687863,0.05187762211360498,-0.05425376243578713,0.14910651624954438,0.36061323488744845,-0.0004308416854742432,-0.005170100225690918,0.0014456824823907534,0.01734818978868904,-0.03917255221152144,0.0288323517601396,,,,,0.7656882199775371,-0.000430841685474089,-0.0051701002256890685,0.009822043629614585,monthly_segmented_wls_hac,6,0.7656882199775371,0.36061323488744845
medarxiv_abstracts,8,"questions contact, wish work, project questions, work cited, cited reference, contact corresponding, reference project",emphasis_marker_crucially_per_1k_words,emphasis_markers,2022-11-30,70,32,38,0.0,0.0,0.0,0.0,0.0,0.0,0.0,0.0,0.0,1.0,0.0,0.0,0.0,0.0,0.0,0.0,,,,,1.0,0.0,0.0,,monthly_segmented_wls_hac,6,1.0,1.0
medarxiv_abstracts,8,"questions contact, wish work, project questions, work cited, cited reference, contact corresponding, reference project",em_dash_per_1k_words,punctuation,2022-11-30,70,32,38,0.0,0.0,0.0,0.0,0.0,0.0,0.0,0.0,0.0,1.0,0.0,0.0,0.0,0.0,0.0,0.0,,,,,1.0,0.0,0.0,,monthly_segmented_wls_hac,6,1.0,1.0
