month_ts,paper_count,marker_words_total_per_1k_words_monthly_mean,marker_verbs_total_per_1k_words_monthly_mean,marker_adjectives_total_per_1k_words_monthly_mean,marker_phrases_total_per_1k_words_monthly_mean,sequential_markers_total_per_1k_words_monthly_mean,causal_markers_total_per_1k_words_monthly_mean,contrast_markers_total_per_1k_words_monthly_mean,emphasis_markers_total_per_1k_words_monthly_mean,summary_markers_total_per_1k_words_monthly_mean,word_finding_per_1k_words_monthly_mean,word_interplay_per_1k_words_monthly_mean,word_realm_per_1k_words_monthly_mean,word_insight_per_1k_words_monthly_mean,word_notably_per_1k_words_monthly_mean,word_particularly_per_1k_words_monthly_mean,word_meticulously_per_1k_words_monthly_mean,word_while_per_1k_words_monthly_mean,word_within_per_1k_words_monthly_mean,word_across_per_1k_words_monthly_mean,word_additionally_per_1k_words_monthly_mean,verb_delve_per_1k_words_monthly_mean,verb_underscore_per_1k_words_monthly_mean,verb_showcase_per_1k_words_monthly_mean,verb_enhance_per_1k_words_monthly_mean,verb_exhibit_per_1k_words_monthly_mean,verb_garner_per_1k_words_monthly_mean,verb_align_per_1k_words_monthly_mean,verb_foster_per_1k_words_monthly_mean,adjective_crucial_per_1k_words_monthly_mean,adjective_pivotal_per_1k_words_monthly_mean,adjective_comprehensive_per_1k_words_monthly_mean,adjective_intricate_per_1k_words_monthly_mean,adjective_potential_per_1k_words_monthly_mean,phrase_meticulously_delve_per_1k_words_monthly_mean,phrase_intricate_web_per_1k_words_monthly_mean,phrase_comprehensive_chapter_per_1k_words_monthly_mean,phrase_deep_dive_per_1k_words_monthly_mean,phrase_intricate_interplay_per_1k_words_monthly_mean,phrase_essential_insight_per_1k_words_monthly_mean,sequential_marker_additionally_per_1k_words_monthly_mean,sequential_marker_furthermore_per_1k_words_monthly_mean,sequential_marker_moreover_per_1k_words_monthly_mean,sequential_marker_subsequently_per_1k_words_monthly_mean,sequential_marker_further_per_1k_words_monthly_mean,causal_marker_hence_per_1k_words_monthly_mean,causal_marker_thus_per_1k_words_monthly_mean,causal_marker_consequently_per_1k_words_monthly_mean,causal_marker_accordingly_per_1k_words_monthly_mean,causal_marker_thereby_per_1k_words_monthly_mean,contrast_marker_however_per_1k_words_monthly_mean,contrast_marker_nonetheless_per_1k_words_monthly_mean,contrast_marker_nevertheless_per_1k_words_monthly_mean,contrast_marker_conversely_per_1k_words_monthly_mean,contrast_marker_alternatively_per_1k_words_monthly_mean,emphasis_marker_notably_per_1k_words_monthly_mean,emphasis_marker_crucially_per_1k_words_monthly_mean,emphasis_marker_remarkably_per_1k_words_monthly_mean,emphasis_marker_particularly_per_1k_words_monthly_mean,emphasis_marker_importantly_per_1k_words_monthly_mean,summary_marker_overall_per_1k_words_monthly_mean,summary_marker_collectively_per_1k_words_monthly_mean,summary_marker_ultimately_per_1k_words_monthly_mean,summary_marker_in_summary_per_1k_words_monthly_mean,summary_marker_taken_together_per_1k_words_monthly_mean,em_dash_per_1k_words_monthly_mean,semicolon_per_1k_words_monthly_mean,colon_per_1k_words_monthly_mean,clause_depth_monthly_mean,clause_depth_std_monthly_mean,dependency_entropy_monthly_mean,dependency_length_monthly_mean,dependency_length_std_monthly_mean,coordination_count_monthly_mean,coordination_per_sentence_std_monthly_mean,sentence_depth_std_monthly_mean,list_of_three_per_1k_words_monthly_mean,avg_words_per_sentence_monthly_mean,avg_syllables_per_word_monthly_mean,flesch_reading_ease_monthly_mean,flesch_kincaid_grade_monthly_mean,dale_chall_monthly_mean,smog_index_monthly_mean,automated_readability_index_monthly_mean,gunning_fog_monthly_mean,hedge_ratio_monthly_mean,certainty_ratio_monthly_mean,year,month
2015-01-01,10,5.6087296818539984,0.0,2.32651692926584,0.0,0.6666666666666667,0.6369426751592357,0.8474576271186441,0.0,0.0,0.0,0.0,0.0,0.6097560975609756,0.0,0.0,0.0,1.5984811366976974,1.8089960886571057,1.5914963589382194,0.0,0.0,0.0,0.0,0.0,0.0,0.0,0.0,0.0,0.0,0.0,0.6369426751592357,0.0,1.6895742541066041,0.0,0.0,0.0,0.0,0.0,0.0,0.0,0.6666666666666667,0.0,0.0,0.0,0.0,0.6369426751592357,0.0,0.0,0.0,0.8474576271186441,0.0,0.0,0.0,0.0,0.0,0.0,0.0,0.0,0.0,0.0,0.0,0.0,0.0,0.0,0.0,0.6666666666666667,1.9893289057052121,11.1,2.2617103400636567,2.6373105672898896,3.4461723023473683,0.6449475609266306,3.6,0.7845851856093375,2.2617103400636567,7.0611785874943775,25.87309523809524,1.9524068825507797,14.074154858762608,17.289025522626723,12.890037401158882,18.113470109881753,18.49521223489638,20.976829158318935,0.0012738853503184715,0.0016470436852602458,2015,1
2015-02-01,14,2.201838910067646,0.6037101187338404,0.7465486194477791,0.0,1.3203173380554887,1.050138690162412,0.9504507567366144,0.6493506493506492,0.0,0.0,0.0,0.0,0.295159386068477,0.0,0.0,0.0,1.6431054596870975,0.2635740643120717,0.0,0.0,0.0,0.0,0.0,0.6037101187338404,0.0,0.0,0.0,0.0,0.0,0.0,0.0,0.0,0.7465486194477791,0.0,0.0,0.0,0.0,0.0,0.0,0.0,0.7931692094313453,0.5271481286241434,0.0,0.0,0.0,0.7865646258503401,0.0,0.0,0.2635740643120717,0.9504507567366144,0.0,0.0,0.0,0.0,0.0,0.0,0.6493506493506492,0.0,0.0,0.0,0.0,0.0,0.0,0.0,1.0107816711590296,0.5952794340876847,3.5194174757281553,11.357142857142858,2.106959221898683,2.762901532452634,3.2814043053489113,0.6179685959808826,6.0,0.7916347116022094,2.106959221898683,3.226124677579764,23.940733869305298,1.8824571007991384,23.70117514573031,15.536391497915998,12.807032986637974,16.43479492957755,16.96810113636013,18.516862087294978,0.00267914223332725,0.0007680491551459294,2015,2
2015-03-01,5,7.095141907688593,0.0,1.3245033112582782,0.0,2.115017145250373,0.0,1.1111111111111112,0.0,1.0362694300518134,0.0,0.0,0.0,0.0,0.0,0.0,0.0,0.7905138339920948,2.3520589037360238,3.952569169960474,0.0,0.0,0.0,0.0,0.0,0.0,0.0,0.0,0.0,0.0,0.0,0.0,0.0,1.3245033112582782,0.0,0.0,0.0,0.0,0.0,0.0,0.0,0.7905138339920948,0.0,0.0,1.3245033112582782,0.0,0.0,0.0,0.0,0.0,1.1111111111111112,0.0,0.0,0.0,0.0,0.0,0.0,0.0,0.0,0.0,1.0362694300518134,0.0,0.0,0.0,0.0,0.0,0.0,5.298667116465111,12.4,2.3066911498506393,2.6859808755942294,3.3716460302787064,0.6642814237172977,5.0,0.7482638558973698,2.3066911498506393,4.935591554199348,26.594047619047622,1.8936213919558476,20.233356469296904,16.928797681099613,12.580643876028752,17.49060865815957,18.003598704038026,19.858514979997516,0.0015810276679841897,0.0024356144223693895,2015,3
2015-04-01,11,3.3762163176345124,0.3952569169960474,0.0,0.0,0.8211143695014662,0.0,0.5165289256198347,0.0,0.7618258319520592,0.0,0.0,0.0,0.36656891495601174,0.0,0.0,0.0,1.5215176979882863,0.45454545454545453,0.5790387955993052,0.45454545454545453,0.0,0.0,0.0,0.0,0.0,0.0,0.3952569169960474,0.0,0.0,0.0,0.0,0.0,0.0,0.0,0.0,0.0,0.0,0.0,0.0,0.45454545454545453,0.0,0.36656891495601174,0.0,0.0,0.0,0.0,0.0,0.0,0.0,0.5165289256198347,0.0,0.0,0.0,0.0,0.0,0.0,0.0,0.0,0.0,0.7618258319520592,0.0,0.0,0.0,0.0,0.6684491978609626,0.3952569169960474,0.0,12.363636363636363,2.5373372004746333,2.770382054153948,3.134510985320472,0.5344795662865972,4.818181818181818,0.6969913293814677,2.5373372004746333,1.9525586827639614,23.525931391840484,1.933019420859271,17.138823846028824,16.484909512127704,12.8057461624192,17.190482300277093,17.728211100461703,19.48280745882329,0.0,0.001970008652427056,2015,4
2015-05-01,4,3.039380561978838,0.0,0.0,0.0,0.0,1.1961722488038278,0.0,2.1739130434782608,0.0,0.0,0.0,0.0,0.0,0.0,0.0,0.0,3.039380561978838,0.0,0.0,0.0,0.0,0.0,0.0,0.0,0.0,0.0,0.0,0.0,0.0,0.0,0.0,0.0,0.0,0.0,0.0,0.0,0.0,0.0,0.0,0.0,0.0,0.0,0.0,0.0,0.0,0.0,0.0,0.0,1.1961722488038278,0.0,0.0,0.0,0.0,0.0,0.0,0.0,2.1739130434782608,0.0,0.0,0.0,0.0,0.0,0.0,0.0,0.0,0.0,0.0,10.75,1.8416551968651889,2.7410686019549524,3.183590529030025,0.7568574271799856,8.25,0.9107378051403605,1.8416551968651889,3.566053417795449,19.53333333333333,1.95589129300028,21.79795706826961,15.334641549016549,13.20723141908142,16.34106894326422,15.938674179049181,18.29492381992382,0.0,0.0011961722488038277,2015,5
2015-06-01,16,0.719912617502979,0.5165289256198348,2.463922861190645,0.0,0.7453416149068323,1.3351534506189437,0.2582644628099174,0.0,0.0,0.0,0.0,0.0,0.0,0.0,0.0,0.0,0.719912617502979,0.0,0.0,0.0,0.0,0.0,0.0,0.5165289256198348,0.0,0.0,0.0,0.0,0.2962085308056872,0.0,0.0,0.0,2.1677143303849578,0.0,0.0,0.0,0.0,0.0,0.0,0.0,0.0,0.35714285714285715,0.3881987577639751,0.0,0.3980891719745223,0.7038553234205408,0.2332089552238806,0.0,0.0,0.2582644628099174,0.0,0.0,0.0,0.0,0.0,0.0,0.0,0.0,0.0,0.0,0.0,0.0,0.0,0.0,0.0,1.0726060463336373,1.4457417582417582,11.0,2.105146596459321,2.7447333422977644,3.1472021963500905,0.5515287412921542,6.375,0.8603463188989227,2.105146596459321,4.342943763955601,22.935726686507937,1.9946715283946947,13.294609873861015,16.85663212053393,13.283723534709488,17.420501948818544,17.870039389649364,20.00543936881467,0.00182170038404162,0.002538253075221032,2015,6
2015-07-01,13,1.7046436944352723,0.2689618074233459,0.8012820512820512,0.0,0.29027576197387517,0.0,0.8765207395344381,0.0,0.0,0.0,0.0,0.0,0.0,0.0,0.0,0.0,0.7750346819172729,0.0,0.9296090125179991,0.0,0.0,0.0,0.0,0.0,0.2689618074233459,0.0,0.0,0.0,0.0,0.0,0.0,0.0,0.8012820512820512,0.0,0.0,0.0,0.0,0.0,0.0,0.0,0.0,0.29027576197387517,0.0,0.0,0.0,0.0,0.0,0.0,0.0,0.8765207395344381,0.0,0.0,0.0,0.0,0.0,0.0,0.0,0.0,0.0,0.0,0.0,0.0,0.0,0.0,0.0,0.34965034965034963,0.8068854222700377,11.23076923076923,2.109024247713792,2.7495243834613197,3.3037373863359125,0.5330959794142116,5.230769230769231,0.7288726082521555,2.109024247713792,1.4675326273646907,24.875732600732597,1.8907611970950855,17.55079356734017,16.816905600895858,12.841409405123654,17.792569670083843,18.968722593549067,20.37850877902783,0.002468006270359165,0.002529560866097495,2015,7
2015-08-01,5,2.312138728323699,0.0,0.0,0.0,1.1904761904761902,1.2269938650306749,2.096559082421979,0.0,0.0,1.1560693641618496,0.0,0.0,0.0,0.0,0.0,0.0,1.1560693641618496,0.0,0.0,0.0,0.0,0.0,0.0,0.0,0.0,0.0,0.0,0.0,0.0,0.0,0.0,0.0,0.0,0.0,0.0,0.0,0.0,0.0,0.0,0.0,1.1904761904761902,0.0,0.0,0.0,1.2269938650306749,0.0,0.0,0.0,0.0,2.096559082421979,0.0,0.0,0.0,0.0,0.0,0.0,0.0,0.0,0.0,0.0,0.0,0.0,0.0,0.0,0.0,2.312138728323699,0.0,10.2,2.049673209414618,2.7432274403096337,3.531750340012981,0.8213719711819867,4.4,0.8728993308121964,2.049673209414618,2.4174700555068656,23.20777777777778,1.9815367601542484,13.88671696809618,16.430913905947186,13.0661736813158,16.986766176094708,17.698037872103633,19.47970014407308,0.004372180136191194,0.0020600414078674944,2015,8
2015-09-01,8,7.1277660478854585,0.0,0.0,0.0,1.2791823701842546,2.0480552134646963,0.628140703517588,0.0,0.0,0.78125,0.0,0.0,1.0330578512396695,0.0,0.0,0.0,0.0,4.28040034540612,1.0330578512396695,0.0,0.0,0.0,0.0,0.0,0.0,0.0,0.0,0.0,0.0,0.0,0.0,0.0,0.0,0.0,0.0,0.0,0.0,0.0,0.0,0.0,0.628140703517588,0.0,0.6510416666666666,0.0,0.0,2.0480552134646963,0.0,0.0,0.0,0.628140703517588,0.0,0.0,0.0,0.0,0.0,0.0,0.0,0.0,0.0,0.0,0.0,0.0,0.0,0.0,1.256281407035176,0.0,1.5342620481927711,13.0,2.768049411187708,2.704786739305881,3.4206574813282833,0.5904492641292527,5.0,0.682063858650724,2.768049411187708,0.0,26.264434523809523,1.8909815803399934,18.243089576892146,16.95320555926834,13.05509756170525,17.661765435857298,17.977486907152198,20.070850752259535,0.0006510416666666666,0.000628140703517588,2015,9
2015-10-01,9,9.61762250399503,0.4708097928436912,1.0551465119738213,0.0,1.5259563048175124,0.7716049382716048,0.6693440428380187,0.966183574879227,0.8733862823767025,0.0,0.0,0.0,1.383001498608435,0.0,0.966183574879227,0.0,1.6141270231174432,0.7817952987859502,4.203171065765954,0.6693440428380187,0.0,0.0,0.0,0.4708097928436912,0.0,0.0,0.0,0.0,0.0,0.0,0.0,0.0,1.0551465119738213,0.0,0.0,0.0,0.0,0.0,0.0,0.6693440428380187,0.0,0.8566122619794937,0.0,0.0,0.0,0.7716049382716048,0.0,0.0,0.0,0.6693440428380187,0.0,0.0,0.0,0.0,0.0,0.0,0.0,0.966183574879227,0.0,0.8733862823767025,0.0,0.0,0.0,0.0,0.7716049382716048,0.0,1.2746913580246912,13.222222222222221,2.7155856666567635,2.717199128531484,3.562744119693979,0.843054253716791,8.11111111111111,0.8974012409121741,2.7155856666567635,2.9700686805191783,27.635802469135804,1.9067356606732868,14.452369592031532,17.80821824839277,13.195493545855124,18.30596787631536,19.610757015383506,21.135106469932154,0.0007883789586688138,0.0007883789586688138,2015,10
2015-11-01,18,4.013913037432034,0.22956841138659323,0.4582076805054835,0.0,0.5846391263057931,0.9382555954836135,2.1667464010171473,0.24154589371980675,0.0,0.6482319214356776,0.0,0.0,0.4177109440267335,0.0,0.24154589371980675,0.0,2.359202056027594,0.0,0.0,0.3472222222222222,0.0,0.0,0.0,0.0,0.22956841138659323,0.0,0.0,0.0,0.0,0.0,0.23052097740894423,0.0,0.22768670309653918,0.0,0.0,0.0,0.0,0.0,0.0,0.3472222222222222,0.2374169040835708,0.0,0.0,0.0,0.481000481000481,0.4572551144831325,0.0,0.0,0.0,2.1667464010171473,0.0,0.0,0.0,0.0,0.0,0.0,0.0,0.24154589371980675,0.0,0.0,0.0,0.0,0.0,0.0,0.0,0.472066871128751,2.154328456045315,10.833333333333334,1.9767334893033324,2.783600122526425,3.3421521594013717,0.6639331668651846,6.0,0.7530551274795245,1.9767334893033324,2.3744453632073172,24.53423721340388,1.9513651440398965,15.243745393446046,17.078695322017712,13.028903319297955,17.888170162572457,18.641303875836982,20.48196339476253,0.0016289151353659438,0.0018660203771359862,2015,11
2015-12-01,18,4.492842344799415,1.159268332846048,1.5081130888169723,0.0,0.7853533653384868,1.9659213654670462,1.3353372656648765,0.0,0.0,0.4374453193350831,0.0,0.0,0.5973715651135006,0.0,0.0,0.0,1.3710136274029294,0.0,2.0870118329479017,0.0,0.0,0.0,0.0,0.3703703703703704,0.5192107995846313,0.0,0.2696871628910464,0.0,0.3703703703703704,0.0,0.0,0.0,1.137742718446602,0.0,0.0,0.0,0.0,0.0,0.0,0.0,0.5245291608523104,0.0,0.0,0.2608242044861763,0.0,1.4571835913976077,0.5087377740694387,0.0,0.0,1.0745130611787002,0.0,0.0,0.2608242044861763,0.0,0.0,0.0,0.0,0.0,0.0,0.0,0.0,0.0,0.0,0.0,0.0,0.4025764895330113,1.7404519112016452,11.333333333333334,2.164503355234679,2.762704921127446,3.377249316103534,0.6168473484652353,4.777777777777778,0.722301883600022,2.164503355234679,2.4502238981154068,25.357259098925766,1.9633239208884312,13.806917729180798,17.248592625502795,12.967553202532574,17.979539239597017,18.705532319508748,20.502249948028645,0.0033109963317799634,0.0012731715603062257,2015,12
2016-01-01,10,6.400427104308244,1.090574111494116,0.8620689655172413,0.0,0.4545454545454545,0.0,0.4545454545454545,0.0,0.0,0.0,0.0,0.0,0.0,0.0,0.0,0.0,2.302414091692402,1.4781710107189223,2.6198420018969193,0.0,0.0,0.0,0.0,0.0,0.5319148936170213,0.0,0.5586592178770949,0.0,0.0,0.0,0.0,0.0,0.8620689655172413,0.0,0.0,0.0,0.0,0.0,0.0,0.0,0.4545454545454545,0.0,0.0,0.0,0.0,0.0,0.0,0.0,0.0,0.4545454545454545,0.0,0.0,0.0,0.0,0.0,0.0,0.0,0.0,0.0,0.0,0.0,0.0,0.0,0.0,0.6097560975609756,0.0,0.0,10.9,2.051017917166625,2.7768879343055017,3.052483494633182,0.49372128274900967,4.5,0.6904486355437581,2.051017917166625,1.9064439058766909,21.321666666666665,1.9291769250858757,18.61958466690056,15.663642573444468,12.826543261658909,16.452474645320866,16.900698541650026,18.64988716604465,0.0005208333333333333,0.0028118029146839757,2016,1
2016-02-01,15,3.621396545958851,0.7415424082090749,1.1247711000308724,0.0,1.194891126635524,0.6023277315494643,0.9456436175010092,0.0,0.0,0.546448087431694,0.0,0.0,0.9456264775413711,0.0,0.0,0.0,1.8356362247449634,0.2936857562408223,0.0,0.0,0.0,0.0,0.43290043290043295,0.0,0.30864197530864196,0.0,0.0,0.0,0.0,0.0,0.0,0.0,1.1247711000308724,0.0,0.0,0.0,0.0,0.0,0.0,0.0,0.8848136072556791,0.0,0.0,0.31007751937984496,0.2936857562408223,0.30864197530864196,0.0,0.0,0.0,0.9456436175010092,0.0,0.0,0.0,0.0,0.0,0.0,0.0,0.0,0.0,0.0,0.0,0.0,0.0,0.0,3.0922767560989532,0.638674978608972,2.3216719544403164,13.066666666666666,2.8497016827632438,2.701564213891292,3.478364429775255,0.6911009459465828,6.866666666666666,0.9479408117411989,2.8497016827632438,5.141977624390997,27.90328042328042,1.9301158315788287,14.999070001695848,17.523485246671363,12.868135801978672,18.014331293418916,19.61429217387274,20.72609864928779,0.0013205722456823778,0.0017121798917120496,2016,2
2016-03-01,15,2.241201988583972,0.7020655507519493,0.2544529262086514,0.0,0.24509803921568626,1.1340244943967512,0.5249343832020997,0.27434842249657065,0.0,0.38314176245210724,0.0,0.0,0.0,0.0,0.0,0.0,0.0,0.49019607843137253,1.3678641477004916,0.0,0.0,0.0,0.0,0.3584229390681004,0.0,0.0,0.3436426116838488,0.0,0.0,0.0,0.0,0.0,0.2544529262086514,0.0,0.0,0.0,0.0,0.0,0.0,0.0,0.24509803921568626,0.0,0.0,0.0,0.27434842249657065,0.8596760719001806,0.0,0.0,0.0,0.5249343832020997,0.0,0.0,0.0,0.0,0.0,0.0,0.0,0.0,0.27434842249657065,0.0,0.0,0.0,0.0,0.0,0.0,2.409321908746416,0.7446490046400239,12.0,2.332189754020907,2.773009268179958,3.2112024060618816,0.6632952144507783,5.266666666666667,0.6793631181271259,2.332189754020907,2.007085029678813,23.660389610389608,1.9906829454172599,12.365953944612807,17.278005635579994,13.06320108546513,17.98548512187059,18.92192092563354,20.70351261707666,0.0014175545304867263,0.0023111013518518826,2016,3
2016-04-01,12,3.9127231094223274,0.3109452736318408,2.3862964869140884,0.0,1.5730916592985558,0.0,1.207982651788261,0.0,0.0,0.0,0.0,0.0,0.7318260561688352,0.0,0.0,0.0,0.31928480204342274,1.1691334753908007,1.6924787758192688,0.0,0.0,0.0,0.0,0.0,0.0,0.0,0.3109452736318408,0.0,0.0,0.0,0.0,0.0,2.3862964869140884,0.0,0.0,0.0,0.0,0.0,0.0,0.0,1.1457412319481284,0.4273504273504274,0.0,0.0,0.0,0.0,0.0,0.0,0.0,1.207982651788261,0.0,0.0,0.0,0.0,0.0,0.0,0.0,0.0,0.0,0.0,0.0,0.0,0.0,0.0,0.0,0.4273504273504274,1.5964240102171134,11.666666666666666,2.0976950483957038,2.7358761746137876,3.262555117000467,0.6144804611699538,4.166666666666667,0.577452206594539,2.0976950483957038,4.610530000127818,24.85674603174603,1.9319411210460788,15.092678946098218,17.119222407229902,13.203466427235552,17.70477125777431,19.065607553344776,20.22528804172404,0.004018147799455791,0.0003192848020434227,2016,4
2016-05-01,22,3.5852061871296814,1.147842056932966,1.6022219316406128,0.0,0.5624879220384839,0.3071253071253071,0.47004482488353455,0.6637114550783616,0.48099390492478106,0.6133324518974743,0.0,0.0,0.3367003367003367,0.0,0.6637114550783616,0.0,1.2170455658477286,0.4212551165721017,0.33316126103367855,0.0,0.0,0.0,0.25826446280991733,0.25826446280991733,0.6313131313131313,0.0,0.0,0.0,0.20292207792207792,0.0,0.23310023310023312,0.0,1.1661996206183014,0.0,0.0,0.0,0.0,0.0,0.0,0.0,0.3071253071253071,0.0,0.0,0.2553626149131767,0.0,0.3071253071253071,0.0,0.0,0.0,0.47004482488353455,0.0,0.0,0.0,0.0,0.0,0.0,0.0,0.6637114550783616,0.0,0.48099390492478106,0.0,0.0,0.0,0.0,1.8962661008115553,0.0,0.4929078513830205,12.181818181818182,2.380454108912438,2.712989836425973,3.2340365614575686,0.6238023202212893,6.090909090909091,0.8018690027442666,2.380454108912438,4.633693793514991,24.05721336744064,1.9634626616655197,14.024481594096677,17.094073445725368,13.033294002629335,17.870481856769917,18.612715324241574,20.639835354016892,0.0017308616644748948,0.0026413135260220997,2016,5
2016-06-01,30,4.496774413975095,0.5753350480573981,0.37419220346049614,0.0,0.9434224836871988,0.27543046658488934,1.5291131021332258,0.0,0.0,0.13175230566534915,0.0,0.0,0.21786492374727667,0.0,0.0,0.0,1.5075831850505064,0.7912033273471835,1.7235267270961159,0.12484394506866417,0.0,0.0,0.0,0.0,0.5753350480573981,0.0,0.0,0.0,0.0,0.0,0.0,0.0,0.37419220346049614,0.0,0.0,0.0,0.0,0.0,0.0,0.12484394506866417,0.1736111111111111,0.17094017094017094,0.0,0.47402725656725264,0.0,0.0,0.13175230566534915,0.14367816091954022,0.0,1.5291131021332258,0.0,0.0,0.0,0.0,0.0,0.0,0.0,0.0,0.0,0.0,0.0,0.0,0.0,0.0,0.628153640201833,0.6936938820712268,1.4619813228839798,11.5,2.033417977975327,2.714584931685644,3.3219228721889364,0.6043976787853572,5.233333333333333,0.7260294784018722,2.033417977975327,3.109096253480412,23.969015151515155,1.9410745567581154,16.70808248733855,16.65722010047062,12.975779294424955,17.48501234340999,18.043942430279436,20.076856872177213,0.0022648966599373038,0.0021679149991194104,2016,6
2016-07-01,29,3.476654223182444,0.750786742973234,0.2168726957276079,0.0,1.493784758587119,0.2673082063619353,1.866958306182998,0.0,0.2568628295090906,0.0,0.0,0.2168726957276079,0.0,0.0,0.0,0.0,1.1966868731453104,0.5298620763346773,1.2551458149047703,0.27808676307007785,0.0,0.0,0.0,0.12914890869172155,0.6216378342815124,0.0,0.0,0.0,0.0,0.0,0.0,0.0,0.2168726957276079,0.0,0.0,0.0,0.0,0.0,0.0,0.27808676307007785,0.27531688701103996,0.0,0.514668039114771,0.4257130693912303,0.0,0.2673082063619353,0.0,0.0,0.0,1.866958306182998,0.0,0.0,0.0,0.0,0.0,0.0,0.0,0.0,0.0,0.12914890869172155,0.0,0.0,0.0,0.1277139208173691,0.0,0.5130118923222372,0.9506684375425959,11.758620689655173,2.3185979906432124,2.745754693529381,3.316676239926687,0.6110548698886882,5.275862068965517,0.7552972883953687,2.3185979906432124,3.6034212315907728,23.54808429118774,1.9251792195824053,19.15675203266112,16.138413535124567,12.844764635915896,16.858276467086583,17.689123580619373,18.96938193726972,0.001286351932748273,0.0030175633299546764,2016,7
2016-08-01,21,6.32590312155196,1.3598861740306536,1.4716646563366633,0.0,0.7872043165301702,0.23691068467187867,2.0000825415730015,0.23691068467187867,0.2690341673392521,0.9267118541207923,0.0,0.0,0.38714672861014326,0.0,0.23691068467187867,0.0,2.1657954875598557,0.2817695125387433,2.3275688540505466,0.0,0.0,0.0,0.0,0.5380683346785042,0.5223269738235479,0.0,0.2994908655286014,0.0,0.0,0.0,0.0,0.0,1.4716646563366633,0.0,0.0,0.0,0.0,0.0,0.0,0.0,0.5951920277436878,0.19201228878648233,0.0,0.0,0.0,0.23691068467187867,0.0,0.0,0.0,1.6739246811685657,0.0,0.32615786040443573,0.0,0.0,0.0,0.0,0.0,0.23691068467187867,0.0,0.0,0.2690341673392521,0.0,0.0,0.0,0.2768549280177187,0.6234299649779048,1.592552940716794,10.095238095238095,1.7964689136068823,2.7608793623270493,3.2088981947070643,0.6180955136550728,4.0476190476190474,0.6844395128753943,1.7964689136068823,2.257194093371681,21.355502301930876,1.9624401778867384,18.686552444005812,15.61265925857872,13.137821301420084,16.297789770586366,16.909837503156965,18.372409814997308,0.002461665673197194,0.003161036476500589,2016,8
2016-09-01,23,6.076374961317798,0.7910768780333998,0.6927878796971424,0.0,0.6831487556095375,0.0,1.8491822293847304,0.0,0.16722408026755853,0.319693094629156,0.0,0.0,1.2063615616378878,0.0,0.0,0.0,1.9803707522644265,0.32446463335496434,2.2454849194313637,0.0,0.0,0.0,0.23004370830457788,0.2787068004459309,0.0,0.0,0.28232636928289107,0.0,0.0,0.0,0.0,0.0,0.6927878796971424,0.0,0.0,0.0,0.0,0.0,0.0,0.0,0.0,0.6831487556095375,0.0,0.0,0.0,0.0,0.0,0.0,0.0,1.686949912707248,0.16223231667748217,0.0,0.0,0.0,0.0,0.0,0.0,0.0,0.0,0.16722408026755853,0.0,0.0,0.0,0.0,0.6829422590292156,0.6829422590292156,1.7606048990899594,10.869565217391305,2.027043617531874,2.754933555325417,3.307959394534669,0.6205248794375509,5.043478260869565,0.6617800957210535,2.027043617531874,1.819711934415612,23.710417843026537,1.9479882051541504,17.013272660569786,16.508678693807454,13.153351177209098,17.150539290012542,18.10736619462685,19.515659996888004,0.003540319273877817,0.002335298662748088,2016,9
2016-10-01,28,3.5506898494647317,0.6469246684849054,0.9471108538311804,0.0,0.7936298955414872,0.4225780774453341,0.6877679675850289,0.26455026455026454,0.3522135526382312,0.30959959344157056,0.0,0.0,0.4166373518134168,0.0,0.26455026455026454,0.0,0.8307976335185965,0.8427964982378392,0.8863085079030437,0.0,0.0,0.1457725947521866,0.0,0.35714285714285715,0.14400921658986174,0.0,0.0,0.0,0.27262813522355506,0.0,0.0,0.0,0.6744827186076253,0.0,0.0,0.0,0.0,0.0,0.0,0.0,0.15802781289506954,0.4036911364497571,0.2319109461966605,0.0,0.0,0.4225780774453341,0.0,0.0,0.0,0.6877679675850289,0.0,0.0,0.0,0.0,0.0,0.0,0.0,0.26455026455026454,0.0,0.20644095788604458,0.0,0.0,0.1457725947521866,0.0,0.0,0.15394088669950737,1.0376414394352593,11.857142857142858,2.271881593326094,2.7166016074217616,3.2310501813987216,0.5740696648985717,4.25,0.5947074896599741,2.271881593326094,1.9347977722219285,24.057505986077416,1.8884609189498531,20.596428070163196,16.14038500364384,12.688004695179702,16.853238483772778,17.590025533002976,18.95191210171191,0.0037107647120006837,0.0017091751004409128,2016,10
2016-11-01,23,1.7687006810687194,1.2016452635556532,1.2029052931840665,0.0,0.6332991158647638,0.7728241434638533,1.3410097693304168,0.1509661835748792,0.3813882532418001,0.0,0.0,0.0,0.0,0.0,0.1509661835748792,0.0,0.15472690700912886,0.1789228842368939,1.0750546059133692,0.2090301003344482,0.0,0.0,0.0,0.0,0.7835850628867569,0.0,0.4180602006688964,0.0,0.0,0.0,0.0,0.0,1.2029052931840665,0.0,0.0,0.0,0.0,0.0,0.0,0.2090301003344482,0.0,0.0,0.42426901553031554,0.0,0.1789228842368939,0.5939012592269595,0.0,0.0,0.0,1.3410097693304168,0.0,0.0,0.0,0.0,0.0,0.0,0.0,0.1509661835748792,0.0,0.3813882532418001,0.0,0.0,0.0,0.0,0.19069412662090005,1.1449684186067457,1.6136122441706235,12.08695652173913,2.4919680549281447,2.74986603952129,3.237110348376526,0.624189223506349,5.826086956521739,0.804416448281145,2.4919680549281447,2.0151248153282872,24.277060982495765,1.9259067132690528,19.592641343729664,16.163820268224928,13.225023065667246,17.091076552848076,17.898935512825,19.30575361662866,0.00256190223157437,0.0015474717037917108,2016,11
2016-12-01,36,3.2673719057943633,0.0,1.167563820213346,0.0,0.5419786540538127,0.3925134274371854,0.5680031248804567,0.2757524003459564,0.16937669376693767,0.3609475749929913,0.0,0.0,0.39231906344106693,0.0,0.2757524003459564,0.0,0.6473760964894387,0.5911514342971481,0.9998253362277616,0.0,0.0,0.0,0.0,0.0,0.0,0.0,0.0,0.0,0.0,0.0,0.0,0.0,1.167563820213346,0.0,0.0,0.0,0.0,0.0,0.0,0.0,0.2923572744014733,0.2496213796523394,0.0,0.0,0.12980269989615784,0.2627107275410276,0.0,0.0,0.0,0.4350950972355869,0.13290802764486975,0.0,0.0,0.0,0.0,0.0,0.0,0.2757524003459564,0.0,0.0,0.0,0.16937669376693767,0.0,0.0,0.12980269989615784,0.7165331612402879,2.115096558326656,12.25,2.3453914443173853,2.72049987196815,3.3515852410186584,0.6753030115595393,5.083333333333333,0.8211111848169517,2.3453914443173853,3.1655867163234217,25.954960317460316,1.922069891333796,17.76386737247479,16.759043540962224,13.164968842933767,17.48992288158218,18.62339651742282,20.001347420775915,0.0018097965323998469,0.002478450550987224,2016,12
2017-01-01,24,2.8530892156568455,1.3839035620828435,1.5226283192398016,0.0,1.8271828912725574,1.0282292757797016,1.972162839070319,0.0,0.0,0.5875420875420876,0.0,0.0,0.26371308016877637,0.0,0.0,0.0,0.920181595917546,0.1780626780626781,0.5426143112539948,0.36097546271176223,0.0,0.0,0.0,0.3894080996884735,0.37260491513068833,0.0,0.6218905472636816,0.0,0.15782828282828285,0.0,0.0,0.0,1.3648000364115187,0.0,0.0,0.0,0.0,0.0,0.0,0.36097546271176223,0.25879917184265006,0.8464327940063829,0.2147766323024055,0.14619883040935674,0.0,1.0282292757797016,0.0,0.0,0.0,1.7756219585671742,0.19654088050314464,0.0,0.0,0.0,0.0,0.0,0.0,0.0,0.0,0.0,0.0,0.0,0.0,0.0,0.0,0.25879917184265006,2.5092289847793743,12.041666666666666,2.381520957702309,2.7233492093370093,3.3162287103562647,0.5489477738102508,5.833333333333333,0.7447671043574529,2.381520957702309,1.975329110283888,25.656892413142412,1.9244305203785739,16.870585567596304,16.793943265829036,13.144681300945843,17.275245006466005,18.403004693567638,19.7523188627464,0.0012496659534524856,0.0015462056973916383,2017,1
2017-02-01,22,3.457764483751231,0.48100048100048104,1.0492024565001332,0.0,0.9021405392562879,0.38547967776784026,1.3735273377149333,1.1548828653060628,0.16835016835016836,0.0,0.0,0.0,0.44130626654898497,0.0,0.9807275187369231,0.0,0.400297363755933,0.7948956615700493,0.666382326570201,0.17415534656913967,0.0,0.0,0.0,0.0,0.48100048100048104,0.0,0.0,0.0,0.0,0.0,0.45913682277318646,0.0,0.5900656337269466,0.0,0.0,0.0,0.0,0.0,0.0,0.17415534656913967,0.0,0.5538298461180087,0.0,0.17415534656913967,0.0,0.38547967776784026,0.0,0.0,0.0,1.3735273377149333,0.0,0.0,0.0,0.0,0.0,0.0,0.0,0.9807275187369231,0.17415534656913967,0.16835016835016836,0.0,0.0,0.0,0.0,0.0,2.260784539389555,1.9145045363211162,11.545454545454545,2.4756717011007408,2.7326209120500833,3.429984335379861,0.7057495927910243,5.409090909090909,0.7495062561758,2.4756717011007408,2.4219801854099376,24.43710645415191,1.942672404596344,16.374326205809368,16.81436433917945,13.20356719784484,17.52987065726001,18.45774180990014,20.15794174113757,0.002349488776769918,0.0028628284075073143,2017,2
2017-03-01,23,5.404673274149725,0.35637918745545266,0.9208984751348016,0.0,0.5348816331711341,1.024418783601334,0.7095219513899955,0.4997501249375312,0.21208907741251326,0.0,0.0,0.0,0.751803047093772,0.0,0.4997501249375312,0.0,1.658318294683994,0.33907839019248615,1.9804078492195014,0.1753155680224404,0.0,0.0,0.0,0.0,0.35637918745545266,0.0,0.0,0.0,0.1753155680224404,0.0,0.0,0.0,0.7455829071123613,0.0,0.0,0.0,0.0,0.0,0.0,0.1753155680224404,0.15639662183296843,0.2031694433157253,0.0,0.0,0.0,1.024418783601334,0.0,0.0,0.0,0.7095219513899955,0.0,0.0,0.0,0.0,0.0,0.0,0.0,0.4997501249375312,0.0,0.21208907741251326,0.0,0.0,0.0,0.0,0.0,1.2008607201081574,3.841729720241184,11.956521739130435,2.1159634347790885,2.792805097394464,3.5039785818683584,0.6651587094083802,6.521739130434782,0.739448749478212,2.1159634347790885,2.965769215841017,26.25563397954702,1.9240893984828558,17.862391405336577,16.790983286056363,13.124899149492125,17.518981792774685,18.780166991051235,19.999489322747415,0.0016431064403777094,0.002208241025296936,2017,3
2017-04-01,30,4.852154848631023,0.3604731684642895,1.1032105541973711,0.0,0.7090442367727625,0.9097838161979496,0.664027149321267,0.44186481932222427,0.8619390440639664,0.27548209366391185,0.0,0.0,0.40404040404040403,0.0,0.3058103975535168,0.0,1.073210186121537,0.942548934781046,1.6627389153331313,0.18832391713747648,0.0,0.1508295625942685,0.0,0.0,0.20964360587002098,0.0,0.0,0.0,0.596785762058293,0.0,0.0,0.0,0.5064247921390778,0.0,0.0,0.0,0.0,0.0,0.0,0.18832391713747648,0.0,0.2809121661580678,0.0,0.23980815347721823,0.0,0.6572585636726971,0.25252525252525254,0.0,0.0,0.664027149321267,0.0,0.0,0.0,0.0,0.0,0.0,0.0,0.3058103975535168,0.1360544217687075,0.6874189742559386,0.17452006980802795,0.0,0.0,0.0,0.18832391713747648,1.2685074029611845,3.4037385962213715,12.033333333333333,2.3497088321611006,2.77195524954349,3.2453871203454194,0.5720647453340495,5.2,0.7385238850446039,2.3497088321611006,3.2827835339875318,23.478938283938284,1.9490169577212377,18.37857262480636,16.145929966905495,12.825532428960067,16.96237931887091,17.489170527124145,19.28563867488485,0.0008807078703541988,0.0016654841226155061,2017,4
2017-05-01,36,4.755831121606726,0.9271832756407371,0.8692740487139239,0.0,1.2143042369683104,0.575523611497534,1.8869006557211385,0.6076982084301074,0.12025012025012025,0.16149870801033592,0.0,0.0,0.5217667682639431,0.0,0.6076982084301074,0.0,0.9057551782173944,0.5796039235529682,1.5975393635703519,0.3819689715616252,0.0,0.0,0.0,0.45119397835866426,0.10561892691170258,0.0,0.3703703703703704,0.0,0.0,0.0,0.0,0.0,0.8692740487139239,0.0,0.0,0.0,0.0,0.0,0.0,0.3819689715616252,0.45760486248695487,0.24245527064459804,0.0,0.1322751322751323,0.10979358805445762,0.2599687065706483,0.0,0.0,0.205761316872428,1.7143678744927051,0.0,0.17253278122843338,0.0,0.0,0.0,0.0,0.0,0.6076982084301074,0.0,0.12025012025012025,0.0,0.0,0.0,0.0,0.30136446928051125,0.7818075130202574,1.0737685420469798,11.805555555555555,2.328121892837903,2.7471735648098,3.2552217386837032,0.5898042550077995,5.666666666666667,0.721581996041786,2.328121892837903,1.97655149243944,25.270408449575115,1.9431714227558128,16.663949300974448,16.776874221858357,13.052593567403159,17.49938833335678,18.427341892280925,19.968971160762617,0.003108538522232163,0.0027000275744027713,2017,5
2017-06-01,20,5.5457257854713,0.9774938012588212,0.7395618797977906,0.0,0.4761904761904763,0.6442287838116869,1.4107529905799088,0.37037037037037035,0.0,0.0,0.0,0.0,1.4230493139640226,0.0,0.37037037037037035,0.0,1.4531684780704734,1.0926169924774054,1.2065206305890281,0.0,0.0,0.0,0.0,0.0,0.5102040816326531,0.0,0.4672897196261682,0.0,0.0,0.22935779816513763,0.0,0.0,0.5102040816326531,0.0,0.0,0.0,0.0,0.0,0.0,0.0,0.0,0.4761904761904763,0.0,0.0,0.0,0.6442287838116869,0.0,0.0,0.0,1.4107529905799088,0.0,0.0,0.0,0.0,0.0,0.0,0.0,0.37037037037037035,0.0,0.0,0.0,0.0,0.0,0.0,0.5102040816326531,0.22935779816513763,2.036942162489704,13.15,2.6821963611945754,2.757762120135509,3.3186595867905475,0.5993988114051809,5.3,0.8000595993067391,2.6821963611945754,3.008002793128253,26.382337662337665,1.9235467818500744,15.795012877504288,17.29330014552719,12.896567273933579,17.86172319085054,19.199733783060438,20.46549192691103,0.002609535452406543,0.0017002647879067099,2017,6
2017-07-01,26,4.291842283297418,0.17642907551164433,1.9123074284681658,0.0,0.2403846153846154,0.8353756335407712,2.429990135483175,0.16578249336870024,0.16578249336870024,0.25303643724696356,0.0,0.0,0.8186421193913573,0.0,0.0,0.0,0.8615375990305411,0.8060445301824612,1.5525815974460948,0.0,0.0,0.0,0.0,0.0,0.17642907551164433,0.0,0.0,0.0,0.0,0.0,0.673992673992674,0.0,1.2383147544754918,0.0,0.0,0.0,0.0,0.0,0.0,0.0,0.2403846153846154,0.0,0.0,0.0,0.0,0.8353756335407712,0.0,0.0,0.0,2.429990135483175,0.0,0.0,0.0,0.0,0.0,0.0,0.16578249336870024,0.0,0.0,0.16578249336870024,0.0,0.0,0.0,0.0,0.0,0.0,0.4750781899520963,11.692307692307692,2.166883385211949,2.722717626851519,3.529932443075275,0.7826966191662195,5.730769230769231,0.773815554010704,2.166883385211949,4.078569745726115,25.254578754578752,1.9783207015985769,15.608506501487161,16.822481379529112,13.302902035005618,17.49462403511146,18.458660137383045,19.88334614354384,0.0026783931453785905,0.002454523557997219,2017,7
2017-08-01,29,3.3464509769445763,0.31432916210039846,0.9807183688905967,0.0,0.37386548542735154,0.49407199214038533,1.0336622159803408,0.0,0.5991274737407453,0.5070993914807302,0.0,0.0,0.6051898293277604,0.0,0.0,0.0,1.1334343945168073,0.30733415289107435,0.7933932087282042,0.0,0.0,0.0,0.0,0.0,0.1741553465691397,0.0,0.0,0.14017381553125877,0.8203334450734354,0.0,0.0,0.0,0.16038492381716118,0.0,0.0,0.0,0.0,0.0,0.0,0.0,0.37386548542735154,0.0,0.0,0.0,0.1768346595932803,0.31723733254710507,0.0,0.0,0.0,1.0336622159803408,0.0,0.0,0.0,0.0,0.0,0.0,0.0,0.0,0.0,0.29566056394561874,0.0,0.0,0.16038492381716118,0.1430819859779654,0.2861639719559308,0.0,4.026352950701831,10.827586206896552,2.0336955193633752,2.744794733752353,3.3172689962496107,0.5788201767007652,5.827586206896552,0.6994233828257777,2.0336955193633752,2.1752816466342275,23.35104742001294,1.9146432061279017,21.856366156673463,15.61381550974355,12.809195505752694,16.411703377426825,16.809313344607354,18.430988647888064,0.002327501005405815,0.0025850657956604435,2017,8
2017-09-01,18,3.7726711174636716,0.5668934240362812,0.5862228871914673,0.0,1.3639980348921377,0.5895398781617585,0.9624392506799327,0.4767930168161229,0.0,0.36310820624546114,0.0,0.0,0.36310820624546114,0.0,0.4767930168161229,0.0,0.7918147015891377,0.9034361863894885,0.874410800178,0.0,0.0,0.0,0.0,0.0,0.5668934240362812,0.0,0.0,0.0,0.0,0.0,0.0,0.0,0.5862228871914673,0.0,0.0,0.0,0.0,0.0,0.0,0.0,0.0,0.33467202141900937,0.0,1.0293260134731284,0.0,0.5895398781617585,0.0,0.0,0.0,0.7052376045893978,0.0,0.0,0.0,0.257201646090535,0.0,0.0,0.0,0.4767930168161229,0.0,0.0,0.0,0.0,0.0,0.0,0.257201646090535,1.48975218111412,7.1153801522344,10.277777777777779,1.8689306609252745,2.7585631050900217,3.418986547428158,0.6637550186946515,6.166666666666667,0.8523882051004672,1.8689306609252745,4.737150221320643,23.405479397146067,1.920757599519575,20.20160708965801,15.998533648717991,13.19507173654636,16.66444645153342,17.86926052479793,18.907386024073933,0.003090690776381201,0.003800411446660603,2017,9
2017-10-01,34,2.981187145838395,0.39141646712101674,2.3415084068934573,0.0,1.1454995229497862,0.5106129970987738,1.3100136939293066,0.4305990022291737,0.0,0.17825311942959002,0.0,0.0,0.0,0.0,0.4305990022291737,0.0,1.30523493533188,0.3985727108380425,0.6685273780097089,0.0,0.0,0.0,0.0,0.23069644140581266,0.1607200257152041,0.0,0.0,0.0,0.35650623885918004,0.0,0.4516711833785005,0.0,1.533330984655777,0.0,0.0,0.0,0.0,0.0,0.0,0.0,0.31716558266138684,0.2836716309202078,0.0,0.5446623093681917,0.0,0.30493632083386224,0.20567667626491157,0.0,0.0,1.3100136939293066,0.0,0.0,0.0,0.0,0.0,0.0,0.0,0.4305990022291737,0.0,0.0,0.0,0.0,0.0,0.0,0.0,0.9640858026679604,1.8979229528807002,12.058823529411764,2.4188094427262503,2.757524793366082,3.280651801226839,0.6285231312298363,5.5588235294117645,0.6539795955898979,2.4188094427262503,2.950237594993508,22.959147959883254,1.916874588117633,20.78739245721342,15.68156764605922,12.998956512156889,16.56968474787048,17.179512500276218,18.74034054327693,0.002709308499356845,0.0021844835086304547,2017,10
2017-11-01,47,4.08114825450977,0.09759906304899472,1.1735346080844773,0.0,1.6293866342391554,1.6790931565594414,1.000642980172714,0.6742972269617458,0.3196758744247591,0.08865248226950355,0.0,0.0,0.38006305246762856,0.0,0.5888490512802966,0.0,1.1592714475770627,0.7058540654809289,1.0333017098774042,0.12515644555694616,0.0,0.0,0.0,0.0,0.09759906304899472,0.0,0.0,0.0,0.0,0.0,0.4825043817716717,0.0,0.6910302263128058,0.0,0.0,0.0,0.0,0.0,0.0,0.12515644555694616,0.404018317865499,0.5163253921251769,0.10800302408467435,0.4758834546068589,0.0,0.778039683782606,0.37843747371961983,0.10800302408467435,0.4146129749725412,1.000642980172714,0.0,0.0,0.0,0.0,0.0,0.0,0.0,0.5888490512802966,0.08544817568144919,0.3196758744247591,0.0,0.0,0.0,0.0,0.0,0.5183636336969147,2.145975290568568,11.25531914893617,2.107137073410638,2.7675825110553864,3.2998433080991507,0.6167414060532727,5.382978723404255,0.7849388814287375,2.107137073410638,4.297236615062434,23.484335758803844,1.920988835998066,21.648471010498856,15.532456873605785,12.964398228360169,16.47008157670444,17.149157688912236,18.47477892078246,0.0026133569696409208,0.0023390604781315725,2017,11
2017-12-01,30,3.5480615954973516,0.7216639597955907,1.6371997790939068,0.0,0.6028155468336293,1.4246073084901236,1.436690176232251,0.16260162601626016,0.13386880856760372,0.34782608695652173,0.0,0.0,0.5547682779614759,0.0,0.0,0.0,1.6746523191251732,0.666183469836438,0.30463144161774297,0.0,0.0,0.0,0.0,0.587795151227987,0.0,0.0,0.13386880856760372,0.0,0.23148148148148145,0.0,0.0,0.0,1.4057182976124252,0.0,0.0,0.0,0.0,0.0,0.0,0.0,0.0,0.6028155468336293,0.0,0.0,0.0,0.9876572599772928,0.29977583726454543,0.0,0.13717421124828533,1.436690176232251,0.0,0.0,0.0,0.0,0.0,0.0,0.16260162601626016,0.0,0.0,0.0,0.0,0.13386880856760372,0.0,0.0,0.228310502283105,0.5176047716768769,4.290947704352997,11.866666666666667,2.1226594029240813,2.7828260004230665,3.335885188533652,0.5892821794473204,5.433333333333334,0.70604423178159,2.1226594029240813,3.5416074158585555,25.607021127021127,1.901723072347889,20.305111371217077,16.1878304022158,13.109654908972912,17.084980300690905,17.791549473861092,19.501769317473872,0.0013172976189991666,0.002033401581610461,2017,12
2018-01-01,32,2.1325792633886493,0.6658753612595356,0.8556354433935294,0.0,0.8289789604076693,0.8022916695035854,2.1176022741493936,0.53600116560595,0.33895502645502645,0.0,0.0,0.0,0.2615062761506276,0.0,0.1307531380753138,0.0,0.770323126738801,0.2552346302346302,0.5630630630630631,0.15169902912621358,0.0,0.15024038461538464,0.0,0.22893772893772893,0.0,0.0,0.286697247706422,0.0,0.1736111111111111,0.0,0.1547029702970297,0.0,0.5273213619853885,0.0,0.0,0.0,0.0,0.0,0.0,0.15169902912621358,0.31312003968253965,0.19054878048780488,0.0,0.1736111111111111,0.1547029702970297,0.3425710542498864,0.11446886446886446,0.19054878048780488,0.0,2.1176022741493936,0.0,0.0,0.0,0.0,0.0,0.0,0.0,0.1307531380753138,0.4052480275306362,0.33895502645502645,0.0,0.0,0.0,0.0,0.0,0.19054878048780488,1.622991557667788,11.71875,2.3031348926707977,2.781418181609711,3.267414146872012,0.59330734144817,5.34375,0.668341914142663,2.3031348926707977,3.4394052240182926,23.21688988095238,1.9377113649926283,19.153174349266095,16.00326711490675,13.06468401025385,16.79728928735677,17.59182043355992,18.959494036754375,0.003307167129143426,0.0032883360391941286,2018,1
2018-02-01,37,4.715097411754656,0.26572698690873314,1.0743835287045091,0.0,2.2887764193318674,0.3842883585955553,0.8177297656236627,0.17105713308244955,0.46543424921803295,0.13860013860013862,0.0,0.0,0.41948881038697045,0.0,0.17105713308244955,0.0,0.9587650160616477,0.9027670515769056,1.5132280506528282,0.6111912113937165,0.0,0.0,0.12119743061447097,0.14452955629426217,0.0,0.0,0.0,0.0,0.28499759441463474,0.0,0.4804804804804805,0.0,0.3089054538093939,0.0,0.0,0.0,0.0,0.0,0.0,0.6111912113937165,0.7405854904506283,0.16479894528675015,0.0,0.7722007722007721,0.16479894528675015,0.0,0.10640561821664184,0.0,0.11308379509216329,0.8177297656236627,0.0,0.0,0.0,0.0,0.0,0.0,0.0,0.17105713308244955,0.0,0.2921840759678597,0.17325017325017322,0.0,0.0,0.0,0.3399626041135475,0.8314112537149326,3.543082838025852,11.91891891891892,2.3016700238284904,2.7458027230537154,3.4801112982743097,0.7525592362471147,5.891891891891892,0.7773295378167561,2.3016700238284904,2.8747957935946586,24.830233805233807,1.9415138919945825,18.39524103753057,16.282563126215628,13.067541215115654,17.017007532971608,17.93921061687729,19.47358650602674,0.003016135362305149,0.001592672489570935,2018,2
2018-03-01,38,3.0573806547867304,0.6007520097115474,0.7316534288962633,0.0,1.2639960443195302,0.483844936021925,1.243248000221928,0.21912776239640305,0.2530364372469636,0.0,0.0,0.0,0.8409346322736111,0.10319917440660474,0.1159285879897983,0.0,1.021255665661302,0.33811142446763087,0.4023572444625076,0.23559392552527564,0.0,0.0,0.0,0.2349624060150376,0.25332896492008145,0.0,0.11246063877642827,0.0,0.11542012927054476,0.0,0.4021672960860308,0.0,0.21406600353968774,0.0,0.0,0.0,0.0,0.0,0.0,0.23559392552527564,0.919207971600544,0.10919414719371043,0.0,0.0,0.10239606799098915,0.38144886803093586,0.0,0.0,0.0,1.243248000221928,0.0,0.0,0.0,0.0,0.10319917440660474,0.0,0.0,0.1159285879897983,0.0,0.2530364372469636,0.0,0.0,0.0,0.0,0.18532246108228317,0.0,1.3216874051317327,12.052631578947368,2.3549554025350243,2.7656354591932883,3.34564104385882,0.6533533692936926,5.894736842105263,0.8167753155504645,2.3549554025350243,3.7461170467295624,24.501124971519708,1.942279049826262,16.998256102303614,16.51753829521785,13.085074160499985,17.22693297742938,18.145180677889705,19.675073859086098,0.004390436153551449,0.002847980121500512,2018,3
2018-04-01,30,2.79196861931551,0.3245149911816579,1.1262192188452704,0.0,1.4357274892861587,0.2347417840375587,1.3769476858061862,0.1773049645390071,0.6942018595759472,0.14814814814814817,0.0,0.0,0.8804773219666805,0.0,0.0,0.0,0.5760204452191596,0.650755030317074,0.23894862604540024,0.2976190476190476,0.0,0.14814814814814817,0.0,0.0,0.0,0.0,0.0,0.17636684303350972,0.34480915214369723,0.0,0.21367521367521367,0.0,0.5677348530263594,0.0,0.0,0.0,0.0,0.0,0.0,0.2976190476190476,0.47516158523621216,0.0,0.22522522522522523,0.4377216312056737,0.0,0.2347417840375587,0.0,0.0,0.0,1.25256957635345,0.0,0.12437810945273632,0.0,0.0,0.0,0.0,0.1773049645390071,0.0,0.0,0.24330900243309003,0.0,0.45089285714285715,0.0,0.0,0.0,0.21367521367521367,1.6392972564216708,11.3,2.104372788405906,2.7179513783944134,3.373713686364014,0.6885309764012575,4.733333333333333,0.7978786393644619,2.104372788405906,3.541223115779258,24.78689514189514,1.9451617861635393,16.121735459318018,16.800216646549625,13.00558267682583,17.604198708155405,18.410034286573516,20.20769395968765,0.0027130323284030654,0.0024797812558182706,2018,4
2018-05-01,43,3.2273186966594944,0.33830060461923084,1.1603677378897563,0.0,1.0239239154417772,0.961265102164799,1.1651295167110847,0.4866536831252148,0.628157681477371,0.0,0.0,0.0,0.0904895484571532,0.0,0.18604651162790697,0.0,1.1884578990134713,0.7031157896190509,1.059208947941912,0.0,0.0,0.0,0.0,0.09730466089325679,0.24099594372597408,0.0,0.0,0.0,0.447805608529265,0.13925637097897228,0.0,0.0,0.5733057583815191,0.0,0.0,0.0,0.0,0.0,0.0,0.0,0.3905952030752793,0.4604230324149116,0.0864528399757932,0.0864528399757932,0.0,0.8773090951124943,0.0,0.0,0.0839560070523046,1.1651295167110847,0.0,0.0,0.0,0.0,0.0,0.0,0.11456065986940085,0.18604651162790697,0.18604651162790697,0.5057586606695377,0.0,0.0,0.12239902080783352,0.0,0.1679120141046092,1.4352605060151296,3.2400098064500336,11.581395348837209,2.2200114717003867,2.783984507540458,3.4260508674006256,0.6765662203132242,6.046511627906977,0.8124458221972384,2.2200114717003867,3.5601946898253587,24.25006840704515,1.928858810407023,18.783766135044264,16.328771693417508,13.038013314527882,17.086797450572213,18.178390096251164,19.439020058034696,0.00293454908419502,0.001937834768515619,2018,5
2018-06-01,58,3.6616609171293266,0.48325823239450594,1.0316074157425243,0.0,0.5172017028754479,0.5715895773436116,1.1913161454982153,0.630612909780567,0.5335329947716665,0.0,0.0,0.0,0.1914735630237544,0.10843634786380395,0.3127602591953646,0.0,1.6433586284564574,0.6511608498361743,0.754471268753772,0.0,0.0,0.0,0.17597837839607575,0.21458426630840427,0.0,0.0,0.09269558769002596,0.0,0.3333534702211598,0.0,0.09632055480639569,0.0,0.6019333907149689,0.0,0.0,0.0,0.0,0.0,0.0,0.0,0.2445374476954084,0.09319664492078285,0.17946761025925667,0.0,0.10262725779967158,0.39199187619418635,0.0,0.0769704433497537,0.0,1.1000919163429517,0.09122422915526364,0.0,0.0,0.0,0.10843634786380395,0.06924248719013985,0.0,0.3127602591953646,0.14017381553125877,0.5335329947716665,0.0,0.0,0.0,0.0,0.21551724137931033,0.35033213912524264,1.2643805311480902,11.879310344827585,2.30019611752071,2.7413246440587278,3.383041430525665,0.6654989915292797,6.241379310344827,0.806136252270794,2.30019611752071,4.195655787575773,25.459351424437628,1.9227485073520074,16.64973040998675,16.85107455039667,13.069079265625687,17.54137260913522,18.6551907986144,20.092671700278164,0.0018697553350366148,0.002551279347535245,2018,6
2018-07-01,47,2.8073111072060515,0.4548354465998928,1.057884232637699,0.0,0.904751490371572,0.8780363460751949,1.9249608711931767,0.0,0.23286884427130158,0.15306903413439463,0.0,0.0,0.08791981712678039,0.0,0.0,0.0,1.0705150672085673,0.5638790967556768,0.6180901855169363,0.3138379064636964,0.0,0.0,0.0,0.21710811984368214,0.0,0.0,0.2377273267562106,0.0,0.5386170857956242,0.0,0.0,0.0,0.5192671468420748,0.0,0.0,0.0,0.0,0.0,0.0,0.3138379064636964,0.3059591766130427,0.09498480243161095,0.1899696048632219,0.0,0.23638497240984738,0.6416513736653474,0.0,0.0,0.0,1.9249608711931767,0.0,0.0,0.0,0.0,0.0,0.0,0.0,0.0,0.0,0.09989012086704625,0.0,0.0,0.0,0.13297872340425532,0.3953619272768209,0.6126549711950416,1.7481497628332587,11.51063829787234,2.2203361946917077,2.7684552363276853,3.272385614714526,0.6069818480855151,5.468085106382978,0.7644240705812425,2.2203361946917077,3.087704358902472,23.275365828025404,1.9137322281535856,20.37363957079795,15.805048682461333,13.027542861277238,16.624456585067282,17.350297624874266,18.822048779575752,0.001865766154219074,0.0022699457505272434,2018,7
2018-08-01,54,3.47872632415291,0.6245871613682971,0.6661456278356815,0.0,1.0314736172042713,1.4867847709044293,2.0381966508237257,0.3676255846657623,0.0,0.0758955676988464,0.0,0.0,0.46003306994428655,0.0,0.3676255846657623,0.0,1.1605783911447685,0.24501445827892418,1.0606467905466834,0.10893246187363834,0.0,0.0,0.0,0.2170405917175943,0.11431184270690443,0.0,0.2932347269437983,0.0,0.0,0.0,0.1122334455667789,0.0,0.5539121822689026,0.0,0.0,0.0,0.0,0.0,0.0,0.10893246187363834,0.2710518459912714,0.3892136478708592,0.26227566146850234,0.0,0.5323837132928261,0.6954356245168166,0.0,0.0,0.2589654330947863,2.0381966508237257,0.0,0.0,0.0,0.0,0.0,0.0,0.0,0.3676255846657623,0.0,0.0,0.0,0.0,0.0,0.0,0.0877654906090925,0.8918929699376302,2.312053949712472,11.11111111111111,2.059157358384528,2.7706310639782195,3.4394512697175967,0.7126284145510587,5.611111111111111,0.8200815787773098,2.059157358384528,3.6784225194843456,24.29386457164235,1.922745697847848,17.99525659802742,16.393713905989664,13.06467237766072,17.213911363300106,18.081716873779616,19.586903997857256,0.00312476638406611,0.0022709767383607446,2018,8
2018-09-01,55,3.3785042698621313,0.5510429236188263,0.9929855826505788,0.0,1.0308458986396152,0.6182738778330877,1.80102314838635,0.31042190133099223,0.8429743428545363,0.2529900107071679,0.0,0.10632642211589578,0.2868693418215221,0.08741258741258742,0.0,0.0,0.5675472216556058,0.4170590361734169,1.5444918908560743,0.11580775911986103,0.0,0.0,0.09722897423432184,0.14905872457446015,0.22604605519178383,0.0,0.07870916961826052,0.0,0.19959102873675738,0.0,0.0,0.0,0.7933945539138214,0.0,0.0,0.0,0.0,0.0,0.0,0.11580775911986103,0.15425750719868367,0.4587123302527684,0.0,0.3020683020683021,0.1443001443001443,0.4739737335329434,0.0,0.0,0.0,1.5735211402189258,0.07939658594680428,0.0,0.0,0.14810542222062,0.08741258741258742,0.0,0.2230093139184048,0.0,0.0,0.8429743428545363,0.0,0.0,0.0,0.0,0.5122970188472371,0.796451524759903,1.8764889976477612,11.363636363636363,2.2285828060066635,2.7446535159855006,3.227993941153057,0.5961604395005121,5.090909090909091,0.7376669405878855,2.2285828060066635,2.6553661472114123,22.71732933732934,1.91833715812752,20.19952460774154,15.876683719704458,12.944453931779144,16.558811270762014,17.236169944045972,18.7690224701438,0.0026324591185719858,0.001364536162104827,2018,9
2018-10-01,61,3.0860400768239415,0.3570076607979086,1.7227581719416,0.0,1.460340622119894,0.6076974106955313,1.512718888190018,0.14260512517902477,0.4058791916288788,0.06354047528275511,0.10714668381013608,0.0,0.6164812969644388,0.0,0.07806401249024202,0.0,1.4262639110713486,0.4995338712273325,0.29500982597768843,0.0,0.0,0.0,0.0,0.1450747134774409,0.21193294732046772,0.0,0.0,0.0,0.17663464090499495,0.10645092612305729,0.0,0.09209799226376864,1.3475746126497792,0.0,0.0,0.0,0.0,0.0,0.0,0.0,0.46930770974261354,0.4333274366390177,0.29537734455767245,0.26232813118059023,0.0,0.47188046051565796,0.07127583749109051,0.0,0.06454111268878275,1.512718888190018,0.0,0.0,0.0,0.0,0.0,0.0,0.0,0.07806401249024202,0.06454111268878275,0.32137691006727664,0.0,0.08450228156160217,0.0,0.0,0.0,0.8113951592346014,2.3546499480388947,12.0,2.3490882303106155,2.734553254718419,3.3457845605839753,0.6423317920416478,5.557377049180328,0.7533317669654637,2.3490882303106155,3.1355111656778565,24.686259823964743,1.9366326102065785,18.41637958844455,16.189867588797654,13.08386346360359,16.81664101290415,17.995850995359902,19.175898083384105,0.0017288676872849395,0.0028080251253584003,2018,10
2018-11-01,72,4.699752182932401,0.5914328398025378,1.2080158575647928,0.0,0.8584312379647385,0.20411087883625526,1.6128254762417975,0.0,0.4509692632659076,0.44457763246031434,0.0,0.0,0.5513586659165961,0.0,0.0,0.0,1.628881448615036,0.7208928800355675,1.1433537072479436,0.2106878486569436,0.0,0.0,0.1575458702567598,0.12369791666666667,0.31018905287911136,0.0,0.0,0.0,0.15432098765432098,0.05577867023650155,0.10766580534022394,0.0,0.8902503943337463,0.0,0.0,0.0,0.0,0.0,0.0,0.2106878486569436,0.35740151105077245,0.15841671054941198,0.05301102629346904,0.07891414141414141,0.05032206119162641,0.15378881764462884,0.0,0.0,0.0,1.5243612158030146,0.08846426043878274,0.0,0.0,0.0,0.0,0.0,0.0,0.0,0.0,0.3967157910436854,0.0,0.054253472222222224,0.0,0.0,0.23946360153256702,1.4905944673906495,1.7431136338529403,11.63888888888889,2.186187290508191,2.749054513903806,3.294744760541059,0.5960754527501679,5.138888888888889,0.7233412760020821,2.186187290508191,1.9808440993734848,23.8531472000222,1.9242067434311967,19.41683212537032,16.057473194496513,13.117468440839346,16.926488146587392,17.812366037436544,19.184062499422033,0.002224902613113679,0.00229754701077034,2018,11
2018-12-01,73,3.6235248832109983,0.29272233437707124,1.4073328966749554,0.0,0.7982707277059485,0.409343892028671,1.207994060739529,0.24467748187224064,0.357437532294759,0.19308746331174523,0.0,0.0,0.37000851103877247,0.09784735812133072,0.14683012375090992,0.0,0.6046864183752694,0.8070415360048085,1.3434100649223824,0.060613407685780094,0.0,0.0,0.0,0.08725242125468982,0.12038525388644165,0.0,0.08508465923593975,0.0,0.25705880381282403,0.0,0.0,0.0,1.1502740928621311,0.0,0.0,0.0,0.0,0.0,0.0,0.060613407685780094,0.2603461400871752,0.18345012736683683,0.060613407685780094,0.23324764488037622,0.07739339060444239,0.27946532848558375,0.05248517293864483,0.0,0.0,1.207994060739529,0.0,0.0,0.0,0.0,0.09784735812133072,0.0,0.0,0.14683012375090992,0.0,0.28133403153372405,0.0,0.076103500761035,0.0,0.0,0.4047486825049553,0.562757512798069,2.5238205634756907,11.904109589041095,2.3649626322137673,2.7409515964226854,3.285318196535925,0.6192371474712368,5.493150684931507,0.7477835375896424,2.3649626322137673,4.185161246066632,24.057744880690088,1.9330081663876855,19.17263834557022,16.14299572060651,13.041339198173633,16.81889604666022,17.663237423686127,19.08646502048261,0.0018071380190565992,0.0018848505901218615,2018,12
2019-01-01,42,3.2137188442092772,0.345907817172185,0.9562841354249011,0.0,0.9984116972196164,0.5371814952995555,1.719454214660389,0.08413259296651522,0.6103637226118133,0.2460704442896514,0.0,0.08443093549476528,0.24301125662856599,0.0,0.0,0.0,1.3576513687421359,0.2554951102166599,0.7533870413717078,0.2736726874657909,0.0,0.0,0.0,0.1794076506720185,0.1665001665001665,0.0,0.0,0.0,0.42298235852212634,0.0,0.1972722805635985,0.0,0.3360294963391763,0.0,0.0,0.0,0.0,0.0,0.0,0.2736726874657909,0.15460729746444035,0.3890602234755411,0.0,0.18107148881384405,0.0,0.44665098651809615,0.09053050878145935,0.0,0.0,1.3889382889269968,0.0,0.11964584828906438,0.0,0.210870077444328,0.0,0.0,0.0,0.0,0.08413259296651522,0.6103637226118133,0.0,0.0,0.0,0.0,0.0,0.7366702910468961,3.354022467776084,11.285714285714286,2.0466085313386304,2.78432198592418,3.3426881022066315,0.6917162411685587,5.761904761904762,0.7919910137232138,2.0466085313386304,3.9889680185645733,24.084722288293715,1.9318782885963683,19.20266434553493,16.121589839195817,13.243642781163079,16.896160239876775,17.733296941176953,19.232014140093344,0.002380863470872247,0.0021419830367215022,2019,1
2019-02-01,44,2.3092408445583192,0.5528891398456616,1.3037999124109256,0.0,2.0781752865265215,0.926619654932857,1.977790809315983,0.2592943583263762,0.298255443633915,0.0,0.0,0.0,0.40221578116695583,0.07427213309566251,0.18502222523071368,0.0,0.7412041458146732,0.16960651289009498,0.6032302067880262,0.1336898395721925,0.0,0.0,0.0,0.4532081191120092,0.0996810207336523,0.0,0.0,0.0,0.6502664231750638,0.1385809312638581,0.0,0.0,0.5149525579720039,0.0,0.0,0.0,0.0,0.0,0.0,0.1336898395721925,0.886471807445961,0.745035378520643,0.0,0.3129782609877247,0.24726316781884394,0.4516485138317487,0.0,0.0,0.22770797328226447,1.8886642496011878,0.0,0.08912655971479501,0.0,0.0,0.07427213309566251,0.0,0.0,0.18502222523071368,0.0,0.22398331053825246,0.0,0.0,0.0,0.07427213309566251,0.09469696969696971,0.3448098874928143,1.629638119265934,11.590909090909092,2.286162754856481,2.765756263596277,3.25844683383954,0.5691146674692052,5.159090909090909,0.7686563466528186,2.286162754856481,3.5937909099942504,23.479081808343174,1.9342333225363726,18.992323312402757,15.907692190272678,13.231456278454756,16.68966769038758,17.42224352520085,18.944348673856407,0.0014181445985860526,0.0028664176130130605,2019,2
2019-03-01,68,4.507153007450175,0.18084156739618926,1.3676673085453264,0.0,1.2651576029820613,1.1144934949295222,1.8147226498414692,0.4814999022642127,0.06076810889645115,0.4115285654316361,0.0,0.0,0.3750392692247137,0.08599931200550394,0.3223369964629815,0.0,1.7195576142843794,0.9773744529280421,0.6153167971129185,0.0,0.0,0.0,0.0,0.0,0.18084156739618926,0.0,0.0,0.0,0.24939777763141505,0.0,0.22508477189123707,0.0,0.8931847590226744,0.0,0.0,0.0,0.0,0.0,0.0,0.0,0.3977155205728396,0.568185582427474,0.05549389567147614,0.24376260431027164,0.1987281399046105,0.6333297094548428,0.20163409418028233,0.0,0.08080155138978669,1.8147226498414692,0.0,0.0,0.0,0.0,0.08599931200550394,0.0,0.07316359379572723,0.3223369964629815,0.0,0.06076810889645115,0.0,0.0,0.0,0.0,0.2907592786152747,0.7845581643014988,1.746211978254109,11.352941176470589,2.1524376393956044,2.7527482992900616,3.299768094595981,0.5985860755181409,5.205882352941177,0.7166007407257736,2.1524376393956044,3.4494798523131465,23.463847182229536,1.9256498678042935,19.512885555897242,15.836831949788424,13.137402968491061,16.60637778417947,17.43989470227558,18.755939836921865,0.002487901546751511,0.002436292893954315,2019,3
2019-04-01,83,3.104259067364021,0.34264338063603667,1.2396911054449355,0.0,0.6746362225584425,0.7755584669537456,1.279919178779999,0.31998518478659405,0.4124034528103026,0.14364819039017845,0.0,0.0,0.5686018075117206,0.07625438462711606,0.16699071881499178,0.0,0.7804376829182919,0.712404895203604,0.5366486766150297,0.11927271128308857,0.0,0.0,0.0,0.27855724887494976,0.0640861317610869,0.0,0.0,0.0,0.313640157216939,0.0,0.24813698419322092,0.09981066715745368,0.5781032968773219,0.0,0.0,0.0,0.0,0.0,0.0,0.11927271128308857,0.15164841414988167,0.3264830921826239,0.0772320049428483,0.0,0.3409955567430074,0.3606476171366013,0.0,0.0,0.07391529307413704,1.220568475474165,0.0,0.0,0.059350703305834175,0.0,0.07625438462711606,0.0,0.0,0.16699071881499178,0.07674008134448623,0.21422716039590184,0.0,0.13732683397458093,0.06084945843981989,0.0,0.11002915772679758,1.292807942903138,2.403162366122888,11.987951807228916,2.313001005371525,2.7519532450150948,3.4444039911767996,0.7033850011780409,6.795180722891566,0.8651766949482541,2.313001005371525,4.16230052280188,24.970969492355035,1.9084349713973996,20.96827246245516,15.952660058879054,13.058852131219515,16.741577477758245,17.860009578699525,18.969716840677375,0.001982018257138853,0.0017011370917757352,2019,4
2019-05-01,70,3.4061284972762125,0.7788504275565271,1.097953833261877,0.0,0.8636102166700539,1.0918273498776694,1.37209539098594,0.3538330821531492,0.12586411082651686,0.1844396802379996,0.0,0.0,0.46681085410718026,0.06802721088435375,0.22087080633373052,0.0,0.9288172116886437,0.43552720558257585,1.031607517237247,0.0700280112044818,0.0,0.0,0.0,0.43716025845586537,0.08453085376162299,0.06583278472679394,0.1913265306122449,0.0,0.16046328169822144,0.0,0.17759491693140983,0.05515719801434087,0.7047384366179048,0.0,0.0,0.0,0.0,0.0,0.0,0.0700280112044818,0.5155359291037149,0.17544992680616547,0.05350454788657036,0.049091801669121256,0.19783693081544707,0.6865110267515371,0.07251631617113849,0.0,0.13496307613954672,1.37209539098594,0.0,0.0,0.0,0.0,0.06802721088435375,0.0,0.0,0.22087080633373052,0.06493506493506493,0.06802721088435375,0.0,0.0578368999421631,0.0,0.0,0.2974339543756043,1.28714753921748,2.667778956670464,11.885714285714286,2.295943112039215,2.7869985156765775,3.370002843646783,0.6601598200425695,6.4714285714285715,0.7922951804615325,2.295943112039215,2.792034935893315,24.811380722452153,1.9243719877437968,18.172755430648767,16.399270176309457,12.996385935594382,17.104054004074197,18.192646359423094,19.429500077204263,0.0021274668362801946,0.0020537598534765287,2019,5
2019-06-01,72,4.475177093394683,0.7049196983545891,0.714400502021814,0.0,1.064416284831365,0.9630151333105899,1.3634378807520875,0.0,0.3972108817057666,0.2292504925570705,0.0,0.0,0.49861553346489135,0.0,0.0,0.0,1.6920630496996236,0.9758354470253496,0.9412346941331572,0.13817787651459051,0.0,0.0,0.0,0.10783427383033962,0.16238600409454682,0.0,0.36887530247288336,0.06582411795681938,0.18522258671715194,0.0,0.0674217907227616,0.0,0.4617561245819005,0.0,0.0,0.0,0.0,0.0,0.0,0.13817787651459051,0.3450004539640054,0.33011004365039015,0.0,0.2511279107023788,0.20485972567145727,0.656776656625345,0.0,0.0,0.10137875101378752,1.3634378807520875,0.0,0.0,0.0,0.0,0.0,0.0,0.0,0.0,0.0,0.25994006428789035,0.0,0.07891414141414141,0.05835667600373483,0.0,0.37589089981174195,0.28839344103752096,0.9498557431596288,11.069444444444445,2.049589237874901,2.7553814141499764,3.3633590161655493,0.6411092021796381,5.5,0.7543669563341721,2.049589237874901,2.8291051038892103,23.939346340388006,1.9211534937497317,18.509737174370613,16.17061977904426,13.093128485823195,16.83454091139578,17.820218215325223,19.081250418224617,0.003331465984398001,0.003085291140098766,2019,6
2019-07-01,73,3.602405793094115,0.463105599278188,0.9755211158110823,0.0,1.1883687598810257,0.9771322173150615,1.9354993113910892,0.38453690943064806,0.2899875681491203,0.2503049663316659,0.0,0.0,0.4772418309614598,0.04945353840067257,0.24125713721500086,0.0,0.9787592762894083,0.7909180004293724,0.4949334592360654,0.3195375842304698,0.0,0.0,0.12084192443889889,0.1397819401733296,0.0661769571835087,0.0,0.13630477748245073,0.0,0.06492241771083555,0.0,0.11521420523377472,0.0,0.7953844928664722,0.0,0.0,0.0,0.0,0.0,0.0,0.3195375842304698,0.0,0.2265758766690399,0.09646922631680495,0.5457860726647111,0.20819737413900924,0.7096334140116093,0.0,0.0,0.059301429164442865,1.8482468901363993,0.0,0.08725242125468982,0.0,0.0,0.04945353840067257,0.0,0.0,0.24125713721500086,0.09382623381497467,0.2899875681491203,0.0,0.0,0.0,0.0,0.2560491614389963,0.6392509792237695,2.2105655967860662,11.219178082191782,2.0942528172540666,2.7628344184516904,3.3372404698416687,0.6370142693056949,5.260273972602739,0.7492720548861757,2.0942528172540666,3.120724210416778,24.01623186554693,1.9167985409798178,20.746684495150717,15.813967880573149,13.001465680672455,16.633103348906427,17.48162181946872,18.797381569076478,0.0022784403714641937,0.0015072896487480093,2019,7
2019-08-01,61,4.518788629506349,0.4030124792518016,1.4234992921177236,0.0,1.1258274683760594,0.23018118778697613,2.0650185560423555,0.3057452278907576,0.13566986998304129,0.13422964977769064,0.0,0.0,0.30082341524423345,0.06610259122157588,0.2396426366691817,0.0,1.4361088648104532,0.7557716500331618,1.4357112655761919,0.15039855617386072,0.0,0.0,0.0,0.15039855617386072,0.14752775241799973,0.0,0.10508617065994114,0.0,0.06162948354492789,0.0,0.25293738560272505,0.0,1.1089324229700706,0.0,0.0,0.0,0.0,0.0,0.0,0.15039855617386072,0.4242730510154994,0.3946689212062601,0.0936768149882904,0.06281012499214873,0.07253735673872044,0.1576438310482557,0.0,0.0,0.0,2.0043021018832783,0.0,0.06071645415907711,0.0,0.0,0.06610259122157588,0.0,0.0,0.2396426366691817,0.0,0.07285974499089254,0.06281012499214873,0.0,0.0,0.0,0.0,0.9020377545096931,1.9533255887489425,11.540983606557377,2.194680226956257,2.7714524280151367,3.323372027198317,0.6512685693206246,6.377049180327869,0.8083044887787293,2.194680226956257,2.7841768093641868,25.04438767061718,1.9172794273806486,18.92410618287658,16.381829120310204,12.930261583747049,17.099657420273406,18.06649030665047,19.31685157819893,0.0021179856831935804,0.0021984030723019594,2019,8
2019-09-01,60,3.713033292808099,0.32188442227965325,0.9307804055006874,0.0,1.014822322232401,1.1505817391079987,1.3555120554758417,0.4058130325560268,0.672222023690342,0.15423072638146168,0.0,0.0,0.4995367207874554,0.2043022247562033,0.14155876943051898,0.0,1.0372139159963136,0.886826701692662,0.5358867744036716,0.2534774593598123,0.0,0.0,0.06510416666666667,0.19167608894631993,0.06510416666666667,0.0,0.0,0.0,0.0,0.0,0.07974481658692185,0.0,0.8510355889137656,0.0,0.0,0.0,0.0,0.0,0.0,0.2534774593598123,0.43638317486790273,0.24245343717960352,0.0,0.08250825082508251,0.1766831393804134,0.617218553803711,0.0,0.29157587925720746,0.06510416666666667,1.1891683862251958,0.0,0.166343669250646,0.0,0.0,0.2043022247562033,0.0,0.0,0.14155876943051898,0.05995203836930456,0.5924772071034201,0.0,0.07974481658692185,0.0,0.0,0.07541478129713425,0.3235365631367971,3.1205225314730343,11.95,2.3948782535221755,2.7913377181726404,3.412815926912317,0.6650094660899112,6.216666666666667,0.7841762213540164,2.3948782535221755,3.0313890168227062,23.90496008621009,1.935429649441706,18.980604169657976,16.012140153164612,13.063603743344427,16.834687183949697,17.65964577989465,19.010858343309994,0.0021823491885422327,0.0021688311701829185,2019,9
2019-10-01,105,3.784158715748661,0.09114806379095582,0.958863059186746,0.0,0.9134143407306334,0.585843059065203,1.6045485080152424,0.17305234366398106,0.33793141154780976,0.2618658110860633,0.0,0.0,0.11966407031895913,0.0,0.13738264507293418,0.0,1.7142284528081995,0.6419326922970303,0.6188843004041394,0.2902007437613344,0.0,0.0,0.0,0.0,0.09114806379095582,0.0,0.0,0.0,0.24824031026267135,0.0,0.0,0.0,0.7106227489240745,0.0,0.0,0.0,0.0,0.0,0.0,0.2902007437613344,0.2778772289183017,0.0866455907121691,0.06435006435006435,0.1943407129887638,0.24199273177367442,0.2332977973841599,0.03840245775729647,0.07215007215007216,0.0,1.5666050437769576,0.03794346423828496,0.0,0.0,0.0,0.0,0.0,0.0,0.13738264507293418,0.035669698591046906,0.2919226698868942,0.0,0.0,0.0,0.04600874166091558,0.08900756564307967,0.5723467334608228,1.9898385082960475,12.057142857142857,2.404219112374496,2.7672478745243443,3.316169867105611,0.6098479861493152,6.038095238095238,0.8019107536128048,2.404219112374496,3.8982532152926486,24.393070765213622,1.9193027221132062,19.35388740876343,16.152667496314844,13.086659345710991,16.89198744567143,17.86100937313271,19.122452300876873,0.0025803472124686553,0.0016149381311842588,2019,10
2019-11-01,81,3.880394032428794,0.543958090029039,1.4270245256006997,0.0,0.8837401260444278,1.2220745638256052,1.3244301342915465,0.28410042870053076,0.1271308723339067,0.21476279449348196,0.0,0.0,0.44209196508047083,0.0,0.051872600892208735,0.0,1.8324121505107194,0.2306326558199593,0.96847321357854,0.14014865205341395,0.0,0.07437156031533541,0.06363752068219422,0.17913842432593008,0.07527853056308341,0.0,0.1515320541424959,0.0,0.3345231042593591,0.059640961412297966,0.16902726525844763,0.0,0.8638331946705949,0.0,0.0,0.0,0.0,0.0,0.0,0.14014865205341395,0.39707292248601067,0.16628400710499505,0.04606596646397641,0.13416857793603162,0.0,0.8362229641862315,0.102880658436214,0.09956192751891677,0.18340901368424303,1.2584104604287354,0.06601967386281112,0.0,0.0,0.0,0.0,0.049185972160739756,0.07527853056308341,0.051872600892208735,0.10776332508449887,0.1271308723339067,0.0,0.0,0.0,0.0,0.0842708465006531,0.15099750565952483,0.9166769030785277,11.246913580246913,2.1098977493119,2.76287845682803,3.359223248833987,0.6507563963747856,5.592592592592593,0.7565064327293658,2.1098977493119,3.044013134643098,24.594599433488323,1.9235372186296176,18.40036922007696,16.383720512582226,13.049605924657369,17.145071338683525,18.05006432953171,19.445121804735724,0.0023811840134743364,0.002861983922080706,2019,11
2019-12-01,74,4.2282971154877975,0.5493111620775235,0.920238085403069,0.0,0.9177512715681236,0.7497523715972082,1.250147320329467,0.23710685475391358,0.3116716837651259,0.23852797819158333,0.0,0.0,0.5983515528316002,0.0,0.23710685475391358,0.0,1.0857321060405316,0.4767637365123994,1.3760283145496077,0.2157865726081618,0.0,0.0,0.0,0.4820797515625309,0.0672314105149926,0.0,0.0,0.0,0.22096490740407126,0.08393486654356219,0.15658816500331224,0.0,0.4587501464521232,0.0,0.0,0.0,0.0,0.0,0.0,0.2157865726081618,0.23613415373032945,0.19734039837155598,0.0,0.26849014685807643,0.15803667002035182,0.3080123708068873,0.12280536689539281,0.0,0.16089796387457622,1.1881587262307811,0.0,0.061988594098685845,0.0,0.0,0.0,0.0,0.0,0.23710685475391358,0.0,0.18601452293208567,0.06790710308298249,0.0,0.0,0.05775005775005776,0.2733714892878995,0.38336159153773103,1.45111876527891,11.41891891891892,2.082342417130865,2.7629341718709455,3.3139290316319414,0.6267495385584809,5.486486486486487,0.772159920299784,2.082342417130865,2.8502377518622537,23.821330883830882,1.9296751187767758,19.62136624842002,15.861579791688946,13.039107824605113,16.652619473718723,17.383245110174638,18.80940107665824,0.0022194920633659214,0.002411271978296716,2019,12
2020-01-01,51,2.3252398400494103,0.0,1.7634531931929054,0.0,0.5636283156687524,1.2375255520529063,1.8270709945726746,0.1980590215884334,0.545215027133671,0.15464555239391317,0.0,0.0,0.502836658833766,0.0,0.1980590215884334,0.0,0.8172829566724077,0.1525902189669642,0.38778061366675504,0.11204481792717087,0.0,0.0,0.0,0.0,0.0,0.0,0.0,0.0,0.4510055818384078,0.0,0.16477179106936893,0.0,1.1476758202851287,0.0,0.0,0.0,0.0,0.0,0.0,0.11204481792717087,0.0,0.1133401337413578,0.1298532658096351,0.20839009819058865,0.24087537636777556,0.9966501756851306,0.0,0.0,0.0,1.7037512264138386,0.0,0.12331976815883587,0.0,0.0,0.0,0.0,0.0,0.1980590215884334,0.0,0.545215027133671,0.0,0.0,0.0,0.0,0.35133462569024343,0.6620543338899978,3.4312881771469197,11.705882352941176,2.3587558673240787,2.7690108630448593,3.3719011998198107,0.622929652794455,5.333333333333333,0.753802055028087,2.3587558673240787,3.2975647108454536,25.073204736440033,1.9319929741916355,18.38888806622774,16.251177026877134,13.174595515842592,17.037878843718687,18.13418825766956,19.25683357896666,0.002348625693957464,0.0027709273674912847,2020,1
2020-02-01,75,3.9470553330715505,0.4868259287213475,1.2531290908801889,0.0,1.2901434469846773,0.47615980685921244,1.7758740007119396,0.37566866083332945,0.25319391653129636,0.1916967926179039,0.0,0.0,0.3368485138996539,0.0,0.22002313676675275,0.0,1.2945761742778774,0.593405784319448,0.8913976650395153,0.41910726615039917,0.0,0.0,0.0,0.28007991320684816,0.15604893059688207,0.0,0.050697084917617236,0.0,0.23823398823398823,0.0,0.13958597380650614,0.09523809523809523,0.7800710336015991,0.0,0.0,0.0,0.0,0.0,0.0,0.41910726615039917,0.3433231919512761,0.3273600354936113,0.0,0.20035295338939066,0.06259780907668232,0.32032190454243686,0.0,0.0,0.09324009324009325,1.7098674000518737,0.0,0.0,0.0,0.066006600660066,0.0,0.0,0.08547008547008546,0.22002313676675275,0.07017543859649122,0.11916010498687664,0.0,0.13403381154441973,0.0,0.0,0.19802673500969828,0.5227350603541749,2.2678505916412774,11.48,2.2199031109583665,2.758851304989865,3.282802717481232,0.6155197118162942,5.506666666666667,0.7210846639274545,2.2199031109583665,3.455235139452709,23.071073593073596,1.9197873470532556,21.107571474985345,15.563145257269765,12.829190590393726,16.48489665501963,17.013822692648066,18.609941567633157,0.0022780397504122123,0.003380185003278679,2020,2
2020-03-01,68,2.3889667541237074,0.7385894041887167,1.1826000895989128,0.0,0.7723325299311181,0.703119545826444,2.3895946243346486,0.22388572516686783,0.21021097129265515,0.0,0.0,0.06535947712418301,0.5081557539276362,0.0,0.22388572516686783,0.0,0.6886945327245217,0.22097727980080922,0.5381674629556591,0.14372652242403025,0.0,0.0,0.0,0.41122224156454795,0.24086197231274997,0.0,0.08650519031141868,0.0,0.264109018888829,0.0,0.22509053708635096,0.0,0.693400533623733,0.0,0.0,0.0,0.0,0.0,0.0,0.14372652242403025,0.2946990175580706,0.16282736870972167,0.0,0.17107962123929554,0.16623879856117774,0.47063803396372944,0.06624271330153683,0.0,0.0,2.3164310305389213,0.0,0.07316359379572723,0.0,0.0,0.0,0.0,0.0,0.22388572516686783,0.0,0.13593883819699265,0.0,0.0,0.07427213309566251,0.0,0.0,0.2159670058148536,2.391760598509091,11.632352941176471,2.22336641584479,2.7485026736275358,3.28672144992016,0.6199254984761168,5.794117647058823,0.7587690258509872,2.22336641584479,3.126049885589916,23.800592381474733,1.9279572841147232,17.97284844634237,16.355545858180417,13.01026692106294,16.992725090964967,18.015552143818166,19.21485968041252,0.0017167086425713032,0.0032031371755011154,2020,3
2020-04-01,76,3.5803461565480186,0.5081087664401381,1.490581333512009,0.0,1.0653396474205172,0.6800484645370221,1.1902716372066167,0.32880767754217677,0.1953138473096607,0.3129362494440946,0.0,0.0,0.31867953725227816,0.0,0.32880767754217677,0.0,0.9274668879549829,0.7503951011095773,0.7656735357641169,0.17638716748079145,0.0,0.0,0.0,0.37075763789459043,0.054597073596855214,0.0,0.0827540549486925,0.0,0.3273909835657342,0.0,0.18619062870157135,0.0,0.9769997212447037,0.0,0.0,0.0,0.0,0.0,0.0,0.17638716748079145,0.3162187243360563,0.3367589238256042,0.1818271168116369,0.054147714966428416,0.0,0.6274168855896537,0.0,0.0,0.05263157894736842,0.9787273216795804,0.14336869512889033,0.0,0.0,0.06817562039814562,0.0,0.0,0.0,0.32880767754217677,0.0,0.1953138473096607,0.0,0.0,0.0,0.0,0.09746588693957114,0.4196454182623056,2.071137147015318,11.657894736842104,2.3017865373884785,2.7600317024961014,3.2455666321084906,0.5772259797229559,5.973684210526316,0.791925705817941,2.3017865373884785,4.078397543302895,23.444490012911064,1.9615504419702374,17.04125374639672,16.253538289157472,13.1154157846301,16.818386743625375,17.867300409545585,19.138074444176777,0.0022898601709981257,0.0016708624505716349,2020,4
2020-05-01,75,4.529445964132162,0.6830734462933683,1.1039060913615424,0.0,1.1634934936726442,1.1447935847041792,1.655788692805148,0.3930338248317651,0.06700167504187605,0.3298671009286611,0.0,0.0,0.26630461049904464,0.0,0.32134923701814494,0.0,1.0647750003363143,0.9228771507082602,1.233272493318572,0.39100037132316434,0.0,0.0,0.0,0.20017220821240925,0.3356039671829146,0.0,0.058997050147492625,0.08830022075055188,0.059790732436472344,0.0,0.23286349977949758,0.0,0.8112518591455724,0.0,0.0,0.0,0.0,0.0,0.0,0.39100037132316434,0.2571396055861744,0.23238925199709512,0.0,0.28296426476621034,0.1301408618481789,0.7725983511395511,0.0,0.0,0.2420543717164493,1.655788692805148,0.0,0.0,0.0,0.0,0.0,0.0,0.0,0.32134923701814494,0.07168458781362008,0.06700167504187605,0.0,0.0,0.0,0.0,0.0,0.5511872391221138,2.1445615137642307,11.453333333333333,2.142009790691642,2.7741247115883647,3.3071729950982003,0.6629924971182325,6.2,0.783678487520792,2.142009790691642,3.4722793160110252,23.356784104784104,1.9222138678620202,19.352745375739055,15.962009809655296,13.11068676079767,16.745718371219272,17.663298744653833,18.97255109712487,0.0022255216103993273,0.0027802895832390474,2020,5
2020-06-01,72,2.53192401339395,0.7017788588434609,1.160777011962486,0.0,0.6206353602511575,0.6409109841550588,1.4260569531011902,0.1729459344401873,0.4377679595779558,0.2693705146236792,0.0,0.0,0.22366439563891793,0.0,0.1729459344401873,0.0,0.8055660643024081,0.23026303457015068,0.7061061333106705,0.12400793650793651,0.0,0.0,0.2092372072986861,0.0780274656679151,0.22010982480583208,0.0,0.1944043610710277,0.0,0.44062375608419696,0.0,0.12183697528525116,0.0,0.5983162805930379,0.0,0.0,0.0,0.0,0.0,0.0,0.12400793650793651,0.1880859684604525,0.18025990211167187,0.0,0.12828155317109663,0.3413032282844332,0.2996077558706256,0.0,0.0,0.0,1.2719148364844284,0.0,0.0,0.09578544061302681,0.05835667600373483,0.0,0.0,0.0,0.1729459344401873,0.0,0.3853570581104505,0.0,0.05241090146750524,0.0,0.0,0.13680889839741683,0.14211855772967408,1.8790026979400065,11.26388888888889,2.1703297122506635,2.772716611110438,3.4038628732147074,0.7189989176994833,6.236111111111111,0.8018361872517918,2.1703297122506635,3.64181381733591,24.479262828221163,1.9322991645693763,17.41916556695356,16.493500522658973,13.051652552001322,17.19198351406302,18.358644707896502,19.566846335594576,0.001977386135174666,0.002357118777828918,2020,6
2020-07-01,80,3.5195732533149346,0.5131445384265769,1.0658802680919448,0.0,0.8911907034516938,1.247188270423295,1.2783759147341651,0.4024165037461298,0.45377260158861593,0.149445605013659,0.0,0.0,0.3166212041709494,0.048828125,0.28981286854204813,0.0,1.3537403364469507,0.21347716717320236,1.0425985737627188,0.10504937320540653,0.0,0.0,0.08223684210526315,0.14921062764728532,0.16224747474747475,0.0,0.11944959392655367,0.0,0.23791620626420898,0.0,0.12295574795574796,0.0628140703517588,0.642194243520229,0.0,0.0,0.0,0.0,0.0,0.0,0.10504937320540653,0.37367462258068446,0.1729195169127707,0.06377551020408163,0.17577168054875064,0.40318387674962713,0.6327210864994534,0.047709923664122134,0.0,0.16357338351009237,1.2783759147341651,0.0,0.0,0.0,0.0,0.048828125,0.0,0.0,0.28981286854204813,0.06377551020408163,0.1659359803959107,0.2288743570417618,0.05896226415094339,0.0,0.0,0.1434655353854249,0.5042531711686447,1.4338771156657177,12.125,2.3632719633439776,2.7743538396117926,3.299560647408181,0.6414224797831138,5.825,0.7675405853555489,2.3632719633439776,2.721504057388704,23.82072339119214,1.9428845695740407,16.287003206730734,16.62703098047657,13.199526462569633,17.280789129297247,18.454829825943868,19.686682573973343,0.003021177992899997,0.0014595848833410968,2020,7
2020-08-01,50,3.2155172109190984,0.5764301017999469,0.9359234029412073,0.0,0.8822676440098951,0.9584621037448429,1.6304871900844913,0.08403361344537816,0.5925155577728484,0.3330546265328874,0.0,0.0,0.38841593189419277,0.0,0.08403361344537816,0.0,1.5554270504377283,0.10526315789473684,0.5635848539314222,0.18573797678275292,0.07905138339920949,0.0,0.0,0.22305063684374027,0.15384615384615385,0.0,0.0,0.12048192771084337,0.2785675187516873,0.0,0.17719096823574434,0.0,0.48016491595377575,0.0,0.0,0.0,0.0,0.0,0.0,0.18573797678275292,0.4343611988267949,0.09132420091324199,0.09302325581395349,0.07782101167315175,0.07782101167315175,0.7770141490665098,0.0,0.10362694300518134,0.0,1.5526661784113396,0.0,0.07782101167315175,0.0,0.0,0.0,0.0,0.0,0.08403361344537816,0.0,0.5011913568596064,0.09132420091324199,0.0,0.0,0.0,0.5009290226681532,0.745332738155885,1.399155753770275,11.88,2.3596788720870965,2.7487464832942283,3.3138542307822156,0.6338578827894219,6.26,0.7556525867012622,2.3596788720870965,2.113814102266652,24.125266233766233,1.9406386135587905,17.713076081896357,16.218976171567203,13.133251303661048,16.938788879879255,18.032706068894644,19.190843738833802,0.0018604613222548904,0.003065139570572402,2020,8
2020-09-01,51,2.991982221381354,0.2995813677890376,1.1956377377138785,0.0,1.0855204053279004,0.4958089988760352,1.4055530477137066,0.2547160256439327,0.09248982611912689,0.10374520178441747,0.0,0.0,0.08525149190110827,0.0,0.2547160256439327,0.0,1.0990252692494018,0.518802299182074,0.7314780307207434,0.19896390289967616,0.0,0.0,0.0,0.19125074272133097,0.10833062506770665,0.0,0.0,0.0,0.0,0.0,0.2965226278189775,0.0,0.899115109894901,0.0,0.0,0.0,0.0,0.0,0.0,0.19896390289967616,0.17053199680734443,0.27920291411060133,0.08525149190110827,0.35157009960917024,0.08525149190110827,0.22668738885079967,0.0,0.0,0.1838701181241272,1.2418399539000406,0.0916254352208173,0.0720876585928489,0.0,0.0,0.0,0.0,0.0,0.2547160256439327,0.0,0.09248982611912689,0.0,0.0,0.0,0.0,0.32611938274618285,1.1434477179801552,1.649812508301207,11.705882352941176,2.258251764749725,2.7496897551133483,3.3975831077047167,0.6383074740757693,7.098039215686274,0.8628314218613985,2.258251764749725,3.1401708851571946,24.68634736722972,1.9106379714831865,19.201780516943366,16.35901357687286,12.872192364596833,17.114564769542834,18.099476534098784,19.366862556368066,0.001469525147967194,0.0014960996307515917,2020,9
2020-10-01,35,3.4658601284860353,0.5924211499228864,2.1510647549881163,0.0,1.545691014341155,1.1701840045854899,1.6740593795906733,0.0,0.34917821803067706,0.11074197120708748,0.0,0.2528445006321112,0.6002465496710037,0.0,0.0,0.0,1.4128297102615852,0.23612750885478162,0.5954349189782965,0.2576349688811695,0.0,0.0,0.0,0.4718665989885888,0.12055455093429777,0.0,0.0,0.0,0.6345827382716716,0.0,0.7568971341693431,0.0,0.7595848825471019,0.0,0.0,0.0,0.0,0.0,0.0,0.2576349688811695,0.32791101395229216,0.49655176092601483,0.1680672268907563,0.2955260436909223,0.2514879247609228,0.7944724773400951,0.0,0.12422360248447205,0.0,1.4298546755192905,0.1226241569589209,0.0,0.12158054711246201,0.0,0.0,0.0,0.0,0.0,0.0,0.156128024980484,0.0,0.19305019305019305,0.0,0.0,0.3861003861003861,0.156128024980484,1.0741002331832514,11.285714285714286,2.22907858878201,2.727991635442932,3.221033535673159,0.5713435215508966,6.542857142857143,0.8728852512159032,2.22907858878201,4.677647727494464,24.78790352504638,1.9551638866768741,16.875895887021468,16.642577274077915,13.227333463165554,17.477457449163502,18.30543407596104,19.953541325410477,0.0022757607171640126,0.003373875553791531,2020,10
2020-11-01,29,5.316519284321494,0.5727696112507938,0.5994954746715782,0.0,1.3872357681319154,1.053366145495699,1.4929307582591722,0.16342539630658603,0.7484858790072135,0.8107419135712802,0.0,0.0,0.40784684552294914,0.0,0.16342539630658603,0.0,0.8676545580546358,0.7388268429790091,1.46900456192004,0.8590191659669932,0.0,0.0,0.0,0.189465706707086,0.24807740014884647,0.0,0.1352265043948614,0.0,0.46532131661442006,0.0,0.0,0.0,0.13417415805715818,0.0,0.0,0.0,0.0,0.0,0.0,0.8590191659669932,0.0,0.5282166021649222,0.0,0.0,0.0,0.0,0.12914890869172155,0.0,0.9242172368039775,1.4929307582591722,0.0,0.0,0.0,0.0,0.0,0.0,0.0,0.16342539630658603,0.0,0.38942171361092015,0.14488554042306578,0.0,0.21417862497322765,0.0,0.26834831611431637,0.24807740014884647,1.605101357076428,11.931034482758621,2.4379864404986735,2.736628396886101,3.272525205673596,0.6494819973137591,5.724137931034483,0.8309193403899597,2.4379864404986735,2.7903157308753292,24.008771401012783,1.9423305728463287,17.746688654018843,16.355629502931706,13.28356031801309,17.092974808618575,18.103985046200044,19.510391764968087,0.0024462822205506985,0.0029192276559626756,2020,11
2020-12-01,21,5.221971139264693,0.8859357696567,0.8743492552059584,0.0,1.261839174720767,1.0770076047125368,1.7960050352095271,0.35014005602240894,0.23228803716608595,0.8993631903121411,0.0,0.0,0.18601190476190477,0.0,0.35014005602240894,0.0,1.0845029590018906,0.8480566344628777,1.8538963947034701,0.0,0.0,0.0,0.0,0.8859357696567,0.0,0.0,0.0,0.0,0.221483942414175,0.0,0.0,0.0,0.6528653127917834,0.0,0.0,0.0,0.0,0.0,0.0,0.0,0.8473079718265853,0.22251891410769917,0.0,0.19201228878648233,0.19201228878648233,0.6675567423230975,0.0,0.0,0.21743857360295712,1.7960050352095271,0.0,0.0,0.0,0.0,0.0,0.0,0.0,0.35014005602240894,0.0,0.23228803716608595,0.0,0.0,0.0,0.0,0.21743857360295712,0.6823335394763966,0.4575378538512179,11.857142857142858,2.4124211882368165,2.737188479636486,3.21066019315643,0.6240646357389603,5.523809523809524,0.6895827600233978,2.4124211882368165,1.7650772389340763,23.126741380312808,1.9523199772996893,16.86531024554478,16.507421402908914,13.074982127866544,17.065652355705748,17.808500628894926,19.457185525264297,0.006351716917300003,0.0031424959637730617,2020,12
2021-01-01,24,3.5057743792015876,1.157375965354671,1.184669957472126,0.0,0.7647305435869574,0.6427886726799771,0.6700926405954944,0.38147993311036793,0.0,0.22163120567375885,0.0,0.0,0.24366471734892783,0.20032051282051286,0.0,0.0,1.0172153115739324,0.4076086956521739,1.415333936132282,0.0,0.0,0.0,0.22644927536231885,0.539832285115304,0.391094404877048,0.0,0.0,0.0,0.0,0.18115942028985507,0.18684603886397608,0.0,0.8166644983182949,0.0,0.0,0.0,0.0,0.0,0.0,0.0,0.1560549313358302,0.3650108949021993,0.0,0.24366471734892783,0.16469038208168643,0.4780982905982906,0.0,0.0,0.0,0.6700926405954944,0.0,0.0,0.0,0.0,0.20032051282051286,0.0,0.0,0.0,0.18115942028985507,0.0,0.0,0.0,0.0,0.0,0.0,1.3547697236272398,4.119286404359627,12.041666666666666,2.4040883409075273,2.741515394701416,3.316849743264335,0.6565489898060581,5.708333333333333,0.677952612159666,2.4040883409075273,3.4196910429449896,24.52034712972213,1.9420762630091783,15.802913632521905,16.668349356317396,13.417651369993996,17.394960584444206,18.414470154968303,19.933586861344526,0.0020605573762299983,0.001988706008386139,2021,1
2021-02-01,34,5.276087985470813,0.0,0.948381763128039,0.0,0.48567311266320135,0.7912550713432424,1.4582959777135336,0.25354969574036507,0.3083344061463444,0.0,0.0,0.0,1.6113238155430376,0.0,0.0,0.0,1.3788021538872246,0.47507831789957206,1.6638248746115663,0.14705882352941177,0.0,0.0,0.0,0.0,0.0,0.0,0.0,0.0,0.3771000724938591,0.0,0.0,0.0,0.5712816906341799,0.0,0.0,0.0,0.0,0.0,0.0,0.14705882352941177,0.0,0.3386142891337896,0.0,0.0,0.0983671060397403,0.41408058499454486,0.0983671060397403,0.18044027426921688,0.0,1.4582959777135336,0.0,0.0,0.0,0.0,0.0,0.0,0.0,0.0,0.25354969574036507,0.3083344061463444,0.0,0.0,0.0,0.0,0.3522367030644593,0.23719165085388993,2.0316319857763205,11.411764705882353,2.079196652040754,2.7333680248218557,3.2893747818938364,0.6561473490518221,6.529411764705882,0.7561553975584234,2.079196652040754,2.2349924305997577,23.75411728794082,1.9562248736177565,15.351170831523666,16.795327550136324,13.13125689971448,17.483190627897773,18.27354034959771,19.984549432356378,0.003330791671860738,0.0030959247221466727,2021,2
2021-03-01,34,4.676490990393643,0.45518207282913165,1.5371143578989046,0.0,0.24108003857280622,0.14488554042306578,1.3857435016324582,0.27301747311827956,0.31179383813490597,0.8052002567324615,0.0,0.0,0.3555221612351371,0.0,0.27301747311827956,0.0,0.8489008608233345,0.5966494041305298,1.797200834353901,0.0,0.0,0.0,0.0,0.21008403361344535,0.2450980392156863,0.0,0.0,0.0,0.2869246961507135,0.0,0.35014005602240894,0.0,0.9000496057257822,0.0,0.0,0.0,0.0,0.0,0.0,0.0,0.0,0.0,0.0,0.24108003857280622,0.14488554042306578,0.0,0.0,0.0,0.0,1.3857435016324582,0.0,0.0,0.0,0.0,0.0,0.0,0.0,0.27301747311827956,0.0,0.31179383813490597,0.0,0.0,0.0,0.0,0.0,0.9124801432819882,1.347796195516507,11.470588235294118,2.1726835241313456,2.7589158416258983,3.3721978414035254,0.7170916256458205,6.411764705882353,0.7737360859785116,2.1726835241313456,3.253715938299532,24.155985272897038,1.9817093345427335,13.192413526770983,17.03932643929522,13.126525376950239,17.673238965862883,18.575921631151218,20.341743101866236,0.0018542210368870749,0.002956281956628569,2021,3
2021-04-01,22,3.0694497321334793,0.3223726627981947,1.4460553443549158,0.0,0.4503209093807195,0.0,0.6354184705202327,0.22614201718679328,0.40977355876391713,0.2689618074233459,0.0,0.0,0.0,0.0,0.22614201718679328,0.0,0.4321874875234559,0.22502250225022502,1.917135917749659,0.0,0.0,0.0,0.0,0.0,0.0,0.0,0.3223726627981947,0.0,0.0,0.0,0.6860090264345583,0.0,0.7600463179203575,0.0,0.0,0.0,0.0,0.0,0.0,0.0,0.2307337332718043,0.21958717610891523,0.0,0.0,0.0,0.0,0.0,0.0,0.0,0.6354184705202327,0.0,0.0,0.0,0.0,0.0,0.0,0.0,0.22614201718679328,0.0,0.21958717610891523,0.0,0.1901863826550019,0.0,0.0,0.0,0.2788622420524261,2.4398965355102225,11.954545454545455,2.2946357866545584,2.75132471263402,3.389338375288897,0.6666628664053295,6.2272727272727275,0.8624524512019821,2.2946357866545584,2.263688363134968,25.25117079889807,1.9566559552103444,16.211917411241433,16.562300883423486,13.32367663235395,17.17674582767112,18.30013179922223,19.658717615179068,0.0016493857773711795,0.003310294504527442,2021,4
2021-05-01,20,5.651961456684918,0.1976284584980237,1.853345329338649,0.0,2.093740386100687,0.22831050228310498,0.9847443795003405,0.20491803278688528,0.1838235294117647,0.26041666666666663,0.0,0.0,0.30864197530864196,0.0,0.20491803278688528,0.0,1.9155234553688214,0.939286533251326,1.794864291019472,0.22831050228310498,0.0,0.0,0.0,0.0,0.1976284584980237,0.0,0.0,0.0,0.1838235294117647,0.0,0.30864197530864196,0.0,1.3608798246182423,0.0,0.0,0.0,0.0,0.0,0.0,0.22831050228310498,0.5494340077071291,0.5382513661202186,0.22831050228310498,0.5494340077071291,0.0,0.22831050228310498,0.0,0.0,0.0,0.9847443795003405,0.0,0.0,0.0,0.0,0.0,0.0,0.0,0.20491803278688528,0.0,0.1838235294117647,0.0,0.0,0.0,0.0,0.0,1.5973947201867496,2.226482313640204,11.6,2.2201850232467253,2.7731781809830798,3.2986980637988568,0.7085093000461844,5.65,0.7514704440543991,2.2201850232467253,3.5174161668381068,23.280205627705627,1.911149273610944,20.971154016812367,15.595560279996723,13.089969253853866,16.378432757804383,17.361340748528697,18.48676541057114,0.0037282377813267534,0.001196077411124654,2021,5
2021-06-01,29,6.119613152940946,1.0457556340073828,1.3588937491847328,0.0,1.4252137667192073,0.8531890012810511,1.2435963197636348,0.6582220316796529,0.15745551881593448,0.12099213551119178,0.0,0.0,1.088103340103418,0.12493753123438281,0.53328450044527,0.0,2.3123800878377416,0.4672162094135414,1.0719724081793047,0.4007269402160966,0.0,0.0,0.0,0.7410278898078851,0.30472774419949766,0.0,0.0,0.0,0.337359815532963,0.0,0.3501548795890575,0.0,0.6713790540627124,0.0,0.0,0.0,0.0,0.0,0.0,0.4007269402160966,0.4977896953570075,0.40175959991172,0.0,0.12493753123438281,0.42711779031119357,0.42607121096985756,0.0,0.0,0.0,1.2435963197636348,0.0,0.0,0.0,0.0,0.12493753123438281,0.0,0.0,0.53328450044527,0.0,0.0,0.0,0.0,0.0,0.15745551881593448,0.0,0.19051247856734616,1.2332779742522337,12.172413793103448,2.4438438463848198,2.7342105267885213,3.290426845010848,0.6119560900583776,6.379310344827586,0.8094901361252906,2.4438438463848198,3.225847124180531,25.048481116584565,1.9563002072461777,14.290773939885309,17.014223174230562,13.30625527953759,17.468306648269092,18.668841140392548,19.851707529808973,0.002509351636954511,0.003124119721040469,2021,6
2021-07-01,20,3.302698489990199,0.3125,0.8728666712333286,0.0,1.8852786690017567,1.2027580136114007,2.3448039975191617,0.4990671641791045,0.38759689922480617,0.0,0.0,0.0,0.8600241301916492,0.0,0.0,0.0,1.0917466397938203,0.21008403361344538,0.6492428383215749,0.49160084806970944,0.0,0.0,0.0,0.3125,0.0,0.0,0.0,0.0,0.45045045045045046,0.0,0.1865671641791045,0.0,0.23584905660377356,0.0,0.0,0.0,0.0,0.0,0.0,0.49160084806970944,0.9432273704815965,0.45045045045045046,0.0,0.0,0.0,0.6709013004585431,0.0,0.0,0.5318567131528575,1.5355413709275356,0.0,0.6226954624125216,0.0,0.1865671641791045,0.0,0.0,0.0,0.0,0.4990671641791045,0.38759689922480617,0.0,0.0,0.0,0.0,0.1865671641791045,1.0464199200045068,1.8636551382362492,10.95,2.0874930992013647,2.7424824770725458,3.2990805177561575,0.6416976062112896,6.55,0.8289412875969571,2.0874930992013647,1.9215884928281235,23.715795454545454,1.9730868329013145,15.62876826575349,16.48527184120668,13.35727165715837,17.1009105346791,18.069868768661372,19.56909375488872,0.0017813354456640037,0.001884833519588799,2021,7
2021-08-01,14,4.193211594612383,1.9339155263493755,1.2232459527946913,0.0,0.3369272237196765,1.125365274852428,1.132439284283998,0.0,0.0,0.0,0.0,0.0,0.0,0.0,0.0,0.0,1.97162306933443,0.4761904761904762,1.7453980490874765,0.0,0.0,0.0,0.0,0.8221699560282237,0.0,0.0,0.5580357142857143,0.5537098560354374,0.3369272237196765,0.0,0.0,0.0,0.8863187290750147,0.0,0.0,0.0,0.0,0.0,0.0,0.0,0.0,0.3369272237196765,0.0,0.0,0.3119151590767311,0.2597402597402597,0.0,0.0,0.5537098560354374,1.132439284283998,0.0,0.0,0.0,0.0,0.0,0.0,0.0,0.0,0.0,0.0,0.0,0.0,0.0,0.0,0.7792207792207793,0.0,2.3036968956569472,11.142857142857142,1.9670134919849482,2.8048716188195444,3.284590156456305,0.5030326264078682,7.357142857142857,0.961196247555314,1.9670134919849482,7.2249574846789075,25.72558314701172,1.9720964519245403,15.31712740259866,17.09012667551164,13.13111950117206,17.837466236728464,18.891324953480105,20.30779157088193,0.002404218395407823,0.001249082478834823,2021,8
2021-09-01,14,3.7102500774609157,0.3261578604044357,0.4177109440267334,0.0,0.30921459492888065,1.1999624358335705,1.4911956955887493,0.5411255411255411,0.0,0.3518648838845883,0.0,0.0,1.3637847377826464,0.0,0.5411255411255411,0.0,0.3261578604044357,0.7822514918068372,0.3450655624568668,0.0,0.0,0.0,0.0,0.0,0.3261578604044357,0.0,0.0,0.0,0.0,0.0,0.0,0.0,0.4177109440267334,0.0,0.0,0.0,0.0,0.0,0.0,0.0,0.0,0.0,0.0,0.30921459492888065,0.47303689687795647,0.4177109440267334,0.0,0.0,0.30921459492888065,1.4911956955887493,0.0,0.0,0.0,0.0,0.0,0.0,0.0,0.5411255411255411,0.0,0.0,0.0,0.0,0.0,0.0,0.0,1.098901098901099,1.7581182092568122,11.928571428571429,2.2691885774294014,2.7523578183114847,3.2744337168502464,0.5809494175088481,6.285714285714286,0.7098156332127276,2.2691885774294014,2.9058299649923813,24.372078318506887,1.965341277213197,12.99708923145331,17.346156039622592,13.090353641828017,17.664604601566335,18.966463699429884,20.21964596930312,0.0012166405023547881,0.0019393554278461962,2021,9
2021-10-01,25,4.019575006291229,0.3431479462013813,0.8219696412776942,0.0,1.7317858682261622,0.8376928324640742,1.0085898132009519,0.18264840182648398,0.0,0.21390374331550802,0.0,0.0,0.23952095808383234,0.0,0.18264840182648398,0.0,1.2594512500567085,0.5687830687830688,1.092682550212022,0.4625850340136054,0.0,0.0,0.0,0.19047619047619052,0.15267175572519082,0.0,0.0,0.0,0.1568627450980392,0.0,0.0,0.0,0.665106896179655,0.0,0.0,0.0,0.0,0.0,0.0,0.4625850340136054,0.21978021978021978,0.7440771029819553,0.15267175572519082,0.15267175572519082,0.1568627450980392,0.680830087366035,0.0,0.0,0.0,1.0085898132009519,0.0,0.0,0.0,0.0,0.0,0.0,0.0,0.18264840182648398,0.0,0.0,0.0,0.0,0.0,0.0,0.0,2.330809329079225,1.341444771975623,11.04,2.2069816567088862,2.716955671588729,3.296277205570868,0.6809562680782194,5.44,0.7220770036653212,2.2069816567088862,4.455061819441197,22.998291486291485,1.9585709471002495,14.969248646147367,16.665280124924895,13.174077389210597,17.337819841077597,18.355280381681954,19.777963783434835,0.0020553656160613807,0.001420178702324498,2021,10
2021-11-01,26,3.887863791699551,0.9081538312535355,2.3237453404818393,0.0,0.3518991382061921,0.8140156699471721,1.4959814289723847,0.3178693819542137,0.0,0.19135093761959432,0.0,0.0,0.7607325364129578,0.0,0.15959144589849986,0.0,1.5234113227292465,0.9678772641389677,0.2849002849002849,0.0,0.0,0.0,0.0,0.0,0.6692622880141662,0.0,0.0,0.2388915432393693,0.37707390648567124,0.0,0.0,0.5473156303251676,1.3993558036710008,0.0,0.0,0.0,0.0,0.0,0.0,0.0,0.0,0.0,0.0,0.3518991382061921,0.0,0.5751241267078028,0.0,0.0,0.2388915432393693,1.4959814289723847,0.0,0.0,0.0,0.0,0.0,0.0,0.0,0.15959144589849986,0.15827793605571383,0.0,0.0,0.0,0.0,0.0,1.3808982554658786,0.4753201758371986,0.6159654497250405,11.076923076923077,1.9946874732919124,2.740560722195547,3.298888668135419,0.5752056489663713,5.538461538461538,0.8006469709571736,1.9946874732919124,2.4231057046571993,24.40801837051837,1.9580785069877669,13.42372648717769,17.075187839804297,13.317057815904292,17.72950459098732,18.759042772750664,20.402805150754737,0.002428492179475303,0.002674558888334469,2021,11
2021-12-01,13,2.1213051075518234,0.0,0.2787068004459309,0.0,1.0755570875063034,0.7192035696526131,1.1780007432181345,0.3418803418803419,0.3904724716907457,0.0,0.4551661356395084,0.0,0.0,0.0,0.3418803418803419,0.0,1.3242586300319727,0.0,0.0,0.0,0.0,0.0,0.0,0.0,0.0,0.0,0.0,0.0,0.2787068004459309,0.0,0.0,0.0,0.0,0.0,0.0,0.0,0.0,0.0,0.0,0.0,0.3287310979618673,0.0,0.0,0.7468259895444361,0.0,0.7192035696526131,0.0,0.0,0.0,1.1780007432181345,0.0,0.0,0.0,0.0,0.0,0.0,0.0,0.3418803418803419,0.0,0.3904724716907457,0.0,0.0,0.0,0.0,0.0,0.3418803418803419,1.2675395411034889,11.538461538461538,2.1863727374350717,2.8100326766697283,3.235470102440801,0.5939313219763274,5.769230769230769,0.7974351509954661,2.1863727374350717,5.55998158625625,23.708110265802574,1.9527566124394804,15.83103585127761,16.695225586912322,12.884463277245533,17.512972706179646,18.281397238890126,19.873801810852633,0.0016316467563432914,0.0010171117863425555,2021,12
2022-01-01,16,7.218858862842553,0.0,0.9886404109309426,0.0,0.6758720930232558,0.3125,1.043626925553586,0.7022049987983657,0.0,1.5929850230025575,0.0,0.0,0.7172961582104069,0.0,0.7022049987983657,0.0,1.8781813610382074,1.0590249772497868,1.269166344543229,0.0,0.0,0.0,0.0,0.0,0.0,0.0,0.0,0.0,0.0,0.0,0.22084805653710246,0.0,0.7677923543938401,0.0,0.0,0.0,0.0,0.0,0.0,0.0,0.3125,0.0,0.0,0.3633720930232558,0.0,0.3125,0.0,0.0,0.0,1.043626925553586,0.0,0.0,0.0,0.0,0.0,0.0,0.0,0.7022049987983657,0.0,0.0,0.0,0.0,0.0,0.0,0.8064516129032258,0.29205607476635514,0.9540169133192389,11.4375,2.0395808531873354,2.750078225380576,3.268660456648017,0.6205352513432705,6.875,0.8130230491224786,2.0395808531873354,2.306574765813896,24.575493777056277,1.954020614031426,16.48869662208741,16.412582921139954,12.897125887568903,17.2540085781297,17.827878378693665,19.45656307756811,0.0026488634732046252,0.002115341612908246,2022,1
2022-02-01,34,3.526276832745293,0.6816184811122042,1.3605561932929298,0.0,1.2442074995505281,0.0,1.2694464544794302,0.21945120881720695,0.44502407029237806,0.1508295625942685,0.0,0.0,0.2901856649628078,0.0,0.21945120881720695,0.0,1.1192148584508854,1.3735268991730756,0.10893246187363835,0.2641361768734103,0.0,0.0,0.0,0.3327654263767966,0.23529411764705882,0.0,0.11355893708834885,0.0,0.26185482998427717,0.0,0.5192028539763017,0.0,0.5794985093323507,0.0,0.0,0.0,0.0,0.0,0.0,0.2641361768734103,0.31597836047143973,0.11534025374855825,0.250878339950781,0.29787436850633875,0.0,0.0,0.0,0.0,0.0,1.1223876309500183,0.0,0.14705882352941177,0.0,0.0,0.0,0.0,0.0,0.21945120881720695,0.0,0.44502407029237806,0.0,0.0,0.0,0.0,0.0,0.26331085794001396,0.7764035210510665,11.735294117647058,2.154325654081564,2.758034175545056,3.291483009223807,0.608545814672771,7.382352941176471,0.7868600266537603,2.154325654081564,3.409870959487268,24.53841403694345,1.9683354081351685,14.310520196607344,17.01270146094121,13.124728642640425,17.66025259339431,18.562432142429355,20.281770753023626,0.002286220515893674,0.002566847013721276,2022,2
2022-03-01,24,3.5200127372721624,0.5611672278338945,0.8113068792110146,0.0,1.1378878140133908,0.5017605633802816,2.2369462214353044,0.8654958190857757,0.9820620901541384,0.6141902515723271,0.0,0.0,0.0,0.5516215106732348,0.31387430841254077,0.0,0.47879404269247855,0.5343137254901961,1.027218898431385,0.0,0.0,0.0,0.25252525252525254,0.30864197530864196,0.0,0.0,0.0,0.0,0.0,0.0,0.0,0.0,0.8113068792110146,0.0,0.0,0.0,0.0,0.0,0.0,0.0,0.5242886628335545,0.3531824845131697,0.0,0.2604166666666667,0.0,0.5017605633802816,0.0,0.0,0.0,2.2369462214353044,0.0,0.0,0.0,0.0,0.5516215106732348,0.0,0.0,0.31387430841254077,0.0,0.9820620901541384,0.0,0.0,0.0,0.0,0.0,1.4750155137866103,2.407730639033974,11.791666666666666,2.203459467238554,2.7974181124406594,3.4204325805202096,0.6188496955068774,7.583333333333333,1.0189098102228777,2.203459467238554,3.6773349134715434,26.637573653198654,1.8998224198082478,19.303255269860845,16.461164710422796,13.3411935716521,17.05974229818189,18.483900523212608,19.402318929271804,0.002202734074385798,0.0023155362438042892,2022,3
2022-04-01,13,4.278233771194581,0.3259452411994785,0.5534034311012729,0.0,0.0,0.3139717425431711,2.184076617197372,0.599554517050703,0.0,0.6338259948368251,0.0,0.0,0.0,0.0,0.599554517050703,0.0,1.8038315222820367,0.3139717425431711,0.9270499944818453,0.0,0.0,0.0,0.0,0.0,0.3259452411994785,0.0,0.0,0.0,0.0,0.0,0.0,0.0,0.5534034311012729,0.0,0.0,0.0,0.0,0.0,0.0,0.0,0.0,0.0,0.0,0.0,0.0,0.3139717425431711,0.0,0.0,0.0,2.184076617197372,0.0,0.0,0.0,0.0,0.0,0.0,0.0,0.599554517050703,0.0,0.0,0.0,0.0,0.0,0.0,0.0,0.3139717425431711,0.3139717425431711,12.615384615384615,2.6215034582531684,2.737847740306691,3.3785225362991937,0.6475979185623078,7.538461538461538,0.9158240265940052,2.6215034582531684,3.5396870806025658,26.82065157065157,1.9572677862501329,11.469289199869012,18.037790962630602,13.609178500040578,18.29394038123142,20.13483663193627,21.160482751244633,0.0016811375022638035,0.0023737193769565548,2022,4
2022-05-01,25,2.5161239473579116,0.20100502512562815,0.7909527515361177,0.0,0.9446172575844334,0.9088716417176709,1.7709020865011496,0.5585532274526066,0.38074712643678155,0.17241379310344826,0.0,0.0,0.0,0.22099447513812154,0.3375587523144851,0.0,0.7331505707323329,0.35398230088495575,0.5299568282938115,0.16806722689075632,0.0,0.0,0.0,0.0,0.20100502512562815,0.0,0.0,0.0,0.3076923076923077,0.0,0.0,0.0,0.48326044384381,0.0,0.0,0.0,0.0,0.0,0.0,0.16806722689075632,0.1851851851851852,0.5913648455084919,0.0,0.0,0.20942408376963353,0.4177574171029669,0.28169014084507044,0.0,0.0,1.5499076113630281,0.0,0.22099447513812154,0.0,0.0,0.22099447513812154,0.0,0.0,0.3375587523144851,0.0,0.38074712643678155,0.0,0.0,0.0,0.0,0.0,1.8227537541773111,1.9984789727290806,12.0,2.211164027554492,2.748835585175324,3.428173624890075,0.7241628945373592,5.76,0.7172421487100585,2.211164027554492,2.563371353382282,24.22447619047619,1.9508562594738745,14.15956267638187,17.03942166184225,13.110558666669865,17.624264288935773,18.79028667900171,20.214529683245708,0.002583357784670498,0.0013747656758672671,2022,5
2022-06-01,28,4.214820490460028,0.5392481385913241,0.9051757002049657,0.0,0.5026749779927433,2.053095201111966,2.3450767743597716,0.8358895705521473,0.5052062219158927,0.19098548510313215,0.0,0.0,0.15733165512901198,0.0,0.6573181419807187,0.0,0.9922105706486937,1.3331758931704716,0.7221956416484261,0.1616031027795734,0.0,0.0,0.0,0.17593244194229415,0.14285714285714285,0.0,0.2204585537918871,0.0,0.15733165512901198,0.0,0.3672981042326561,0.0,0.3805459408432977,0.0,0.0,0.0,0.0,0.0,0.0,0.1616031027795734,0.34107187521316995,0.0,0.0,0.0,0.3232062055591468,1.2684137306270191,0.14819205690574985,0.0,0.3132832080200501,2.3450767743597716,0.0,0.0,0.0,0.0,0.0,0.0,0.0,0.6573181419807187,0.17857142857142858,0.18698578908002994,0.0,0.31822043283586277,0.0,0.0,0.8273609923948538,0.16846361185983824,0.9556512772642066,12.392857142857142,2.5184311830408768,2.7310505012095985,3.2268212042641444,0.6163875543768433,5.321428571428571,0.7255297831456449,2.5184311830408768,1.4137053644873634,24.40550788497217,1.9731359360356497,12.36569371985278,17.322425597724,13.195993729880401,17.724434352862183,18.714996093976282,20.50142253029981,0.0018669217333667112,0.002667962224105764,2022,6
2022-07-01,19,6.38582877421648,1.0767230544240136,1.3697281757941413,0.0,1.7677671959465295,1.209992829656672,2.221905376406494,0.5207512606366215,0.0,0.6797400766638666,0.0,0.0,0.662554908984812,0.3151591553734636,0.20559210526315788,0.0,1.4996552233462785,0.926296528323021,2.0968307762618803,0.0,0.0,0.0,0.3732736095558044,0.5085176709890669,0.1949317738791423,0.0,0.0,0.0,0.0,0.0,0.2755580049600441,0.0,1.0941701708340972,0.0,0.0,0.0,0.0,0.0,0.0,0.0,0.5180998434271796,0.7042038144958779,0.2755580049600441,0.26990553306342785,0.4919797058371342,0.33101621979477,0.0,0.0,0.3869969040247678,1.8929580079854413,0.32894736842105265,0.0,0.0,0.0,0.3151591553734636,0.0,0.0,0.20559210526315788,0.0,0.0,0.0,0.0,0.0,0.0,0.0,1.31596296913169,2.3665445530221527,10.789473684210526,1.9419960346879508,2.804655585079757,3.3770502105098443,0.6940055372067974,7.315789473684211,0.8205635839581933,1.9419960346879508,3.563265704911033,23.24072112098428,1.9581107840812901,16.836829516414138,16.207089743957045,13.233491151288698,16.8741341977047,18.0071111601843,19.276286856821837,0.002309034288785341,0.0017548579304417734,2022,7
2022-08-01,20,4.266666266386816,0.5941096817874069,1.4347744172554624,0.0,1.1264043027255926,0.2347417840375587,0.7967883982082765,0.5378980156898938,0.7849161430856715,0.0,0.5555046851631413,0.0,0.8473048966006713,0.0,0.25380710659898476,0.0,1.4095602330896448,0.28409090909090906,0.9163984358434643,0.0,0.0,0.0,0.0,0.23696682464454977,0.0,0.0,0.3571428571428571,0.0,0.694980694980695,0.0,0.19607843137254902,0.0,0.5437152909022185,0.0,0.0,0.0,0.0,0.0,0.0,0.0,0.0,0.5916449444368226,0.0,0.5347593582887701,0.0,0.2347417840375587,0.0,0.0,0.0,0.7967883982082765,0.0,0.0,0.0,0.0,0.0,0.28409090909090906,0.0,0.25380710659898476,0.0,0.7849161430856715,0.0,0.0,0.0,0.0,1.549586776859504,1.6924272910188403,2.499130400885192,11.85,2.419684617178124,2.760051107036868,3.408138444796292,0.704088144649888,8.1,0.9649911201739027,2.419684617178124,4.233777648706907,23.71455627705628,1.932768410958826,18.860037216644706,16.07328010371547,13.271809017848884,16.885692831843528,17.84231461848837,19.164494899558935,0.0016564931226019457,0.0025747663970390796,2022,8
2022-09-01,27,3.703892628089678,1.382077737195368,1.1618475707822786,0.0,1.3767098369888606,0.45864629197962536,2.6206134751710115,0.1780626780626781,0.4472557664047026,0.9548411685424099,0.0,0.0,0.3760977472317678,0.0,0.0,0.0,0.8259571089073751,0.5180795558802431,1.0289170475278817,0.0,0.0,0.0,0.0,0.8807090985718276,0.14524328249818444,0.0,0.3561253561253562,0.0,0.2244668911335578,0.0,0.3760977472317678,0.0,0.561282932416953,0.0,0.0,0.0,0.0,0.0,0.0,0.0,0.6512841476835611,0.37990701045328745,0.18518518518518517,0.160333493666827,0.0,0.28058361391694725,0.0,0.0,0.1780626780626781,2.2688979711797375,0.0,0.3517155039912737,0.0,0.0,0.0,0.0,0.0,0.0,0.1780626780626781,0.2502502502502503,0.0,0.19700551615445233,0.0,0.0,0.0,0.8387799564270153,0.736084176987415,11.407407407407407,2.1096581246711286,2.7761353711337224,3.3313908986009118,0.6006473771341372,6.481481481481482,0.8575273918171715,2.1096581246711286,4.065174032528092,24.280671797338464,1.9833377761628481,12.860016821833462,17.09540686177178,13.134867327562992,17.723671284719714,18.738192282950735,20.44486571671105,0.003014047246684708,0.002370455876031154,2022,9
2022-10-01,26,4.134954830025434,0.38081664432668033,2.0681654572508377,0.0,1.1829225489633843,0.39347810048446996,0.19135093761959432,0.4460631128615709,0.5023417886488427,0.6541294260550524,0.0,0.0,0.37172104267323225,0.0,0.4460631128615709,0.0,1.0052107954205858,1.0005797957643352,0.5087505087505088,0.1485001485001485,0.0,0.0,0.0,0.0,0.38081664432668033,0.0,0.0,0.0,0.6421001280296454,0.0,0.6537093021809178,0.0,0.7723560270402742,0.0,0.0,0.0,0.0,0.0,0.0,0.1485001485001485,0.6374140504811652,0.15959144589849986,0.23741690408357075,0.0,0.0,0.39347810048446996,0.0,0.0,0.0,0.19135093761959432,0.0,0.0,0.0,0.0,0.0,0.0,0.0,0.4460631128615709,0.0,0.3427503427503428,0.15959144589849986,0.0,0.0,0.0,0.0,0.0,0.5390320692863604,11.692307692307692,2.1416405863363654,2.733945022580969,3.2441723800847018,0.555280538717498,6.615384615384615,0.8703242105530875,2.1416405863363654,4.475456178068257,24.29595820845821,1.9756298441989,12.944512066307835,17.27418209356859,13.234446504600463,17.956310323889355,18.861129692709856,20.761579715806434,0.004366518042273631,0.0029852443992086962,2022,10
2022-11-01,36,4.55644758515928,0.0,1.1913271099359508,0.0,0.7967831665799067,0.3188023746758396,2.664916823396605,0.7231325840967024,0.15015015015015015,0.5801431416835825,0.0,0.0,0.16056518946692355,0.0,0.5882890026511792,0.0,1.176725437256078,0.6421120840596496,1.408612730041867,0.0,0.0,0.0,0.0,0.0,0.0,0.0,0.0,0.0,0.35437460781791014,0.0,0.23946360153256702,0.0,0.5974889005854737,0.0,0.0,0.0,0.0,0.0,0.0,0.0,0.49159665449684287,0.16835016835016836,0.0,0.13683634373289547,0.0,0.3188023746758396,0.0,0.0,0.0,2.664916823396605,0.0,0.0,0.0,0.0,0.0,0.0,0.0,0.5882890026511792,0.1348435814455232,0.15015015015015015,0.0,0.0,0.0,0.0,0.0,0.6353476821192053,1.967489655561258,11.13888888888889,2.1185926514947924,2.7543603602243554,3.302236486383662,0.6256034018130011,6.25,0.7442665571289643,2.1185926514947924,3.1793839630075498,23.560403639570307,1.9712737287345767,14.160951203377648,16.800664936169834,13.225394706289835,17.409104181685464,18.28862307705194,19.809162674480987,0.0024354555024193943,0.0024850204261350497,2022,11
2022-12-01,18,5.284962594680244,0.9318481776385446,1.5493408741698456,0.0,2.0803524511428177,1.0399892646269457,1.2116451822840095,0.0,0.0,0.3472222222222222,0.0,0.0,1.0922742430990966,0.0,0.0,0.0,1.4134620038316454,1.1596768336964416,0.5910165484633569,0.6813107433674809,0.0,0.0,0.0,0.34083162917518744,0.5910165484633569,0.0,0.0,0.0,0.4822276616665621,0.0,0.0,0.0,1.0671132125032834,0.0,0.0,0.0,0.0,0.0,0.0,0.6813107433674809,0.5698005698005698,0.34083162917518744,0.0,0.48840950879957973,0.0,0.1929012345679012,0.5787037037037037,0.0,0.2683843263553409,1.2116451822840095,0.0,0.0,0.0,0.0,0.0,0.0,0.0,0.0,0.0,0.0,0.0,0.0,0.0,0.0,0.0,0.8130466357235326,1.1489133289935016,10.944444444444445,2.1327065519796298,2.7599142056200687,3.21655239470928,0.6454893720200217,5.777777777777778,0.7454076676826469,2.1327065519796298,2.6051396050949682,22.143909331409333,1.951151098721341,16.72923044426097,16.14016723685674,13.26416881327175,16.858427892830488,18.212560337572036,19.13345587396995,0.0027761284292704383,0.0018532781767502367,2022,12
2023-01-01,26,3.9523036797029483,0.5054883783626466,1.1471162043993468,0.0,0.9509995003474224,0.16722408026755853,2.393038591399662,0.13986013986013984,0.0,0.0,0.0,0.0,0.5174563998093411,0.0,0.0,0.0,1.6465754142791478,0.6009615384615384,1.1873103271529213,0.0,0.0,0.0,0.0,0.32320620555914675,0.18228217280349981,0.0,0.0,0.0,0.27277686852154936,0.0,0.0,0.0,0.8743393358777976,0.0,0.0,0.0,0.0,0.0,0.0,0.0,0.2388915432393693,0.27277686852154936,0.1502403846153846,0.28909070397111913,0.16722408026755853,0.0,0.0,0.0,0.0,2.1541470481602927,0.2388915432393693,0.0,0.0,0.0,0.0,0.0,0.0,0.0,0.13986013986013984,0.0,0.0,0.0,0.0,0.0,0.4995004995004996,1.402825313377586,3.174658831080681,11.576923076923077,2.131114568477437,2.7450264539997695,3.4317326648792315,0.710842341866067,5.884615384615385,0.8323167874895318,2.131114568477437,1.3171654915366653,24.64075134267442,1.9664156044315446,15.590607651021198,16.721680712388345,13.468130785765053,17.29963178524715,18.354534625414047,19.76931623506936,0.001851889154888489,0.0014654470092504415,2023,1
2023-02-01,26,4.342955813682466,0.655299674907518,1.3098926713224945,0.0,1.015962047017282,0.0,0.9870399329558466,0.37802091653818287,0.40246052515991165,0.8663042352291247,0.0,0.0,0.15698587127158556,0.0,0.37802091653818287,0.0,1.0127597805932276,0.9563919717014784,0.7742376854543382,0.19825535289452817,0.0,0.0,0.0,0.4887995084073516,0.1665001665001665,0.0,0.0,0.0,0.2513826043237808,0.2513826043237808,0.0,0.0,0.8071274626749332,0.0,0.0,0.0,0.0,0.0,0.0,0.19825535289452817,0.3708211800697349,0.17018379850238258,0.0,0.27670171555063644,0.0,0.0,0.0,0.0,0.0,0.9870399329558466,0.0,0.0,0.0,0.0,0.0,0.0,0.0,0.37802091653818287,0.0,0.40246052515991165,0.0,0.0,0.0,0.0,0.5027652086475616,0.7267199997743707,2.2557698969201945,12.461538461538462,2.444647591567477,2.7217152241662386,3.3569279544096533,0.6130041993729833,6.846153846153846,0.8890196638629017,2.444647591567477,3.438123537328632,25.17241647241647,2.0386685434952323,6.905365757908134,18.18474004909481,13.633365514534662,18.52927738780409,19.808269946789252,21.706411811684664,0.001623267599789504,0.0023058523732034535,2023,2
2023-03-01,28,4.632464751910351,0.6943245018692589,0.8500540751434357,0.0,1.655621618405356,0.4901764826396472,1.1414898087721757,0.584206655635227,0.16087516087516088,0.5098712739377701,0.0,0.0,0.17857142857142858,0.17857142857142858,0.40563522706379845,0.0,1.5561776812814208,0.5501930501930502,0.6704253225589033,0.5830193397325514,0.0,0.0,0.0,0.1411631846414455,0.3745898886563848,0.0,0.17857142857142858,0.0,0.0,0.0,0.3862126245847176,0.0,0.4638414505587181,0.0,0.0,0.0,0.0,0.0,0.0,0.5830193397325514,0.0,0.9166446991344392,0.0,0.15595757953836556,0.15802781289506954,0.3321486697445777,0.0,0.0,0.0,1.1414898087721757,0.0,0.0,0.0,0.0,0.17857142857142858,0.0,0.0,0.40563522706379845,0.0,0.16087516087516088,0.0,0.0,0.0,0.0,0.6073858114674441,0.7776507012314873,2.8770622266480363,11.5,2.1092400648255496,2.7633916535702774,3.378337436201013,0.6482833613704873,5.75,0.7707680872900623,2.1092400648255496,3.416500265382185,25.4292439703154,1.9476317240687053,15.189865280614088,17.040200299096643,13.15779331746697,17.668069227097316,18.86426775890675,20.173976231747154,0.0020612229200592225,0.003263394605699477,2023,3
2023-04-01,21,4.979387033200099,0.47661943368078885,2.5383660077589587,0.0,0.5474176985804893,1.5220261323703574,2.778659196107857,1.4975525935599032,0.2506265664160401,0.5096343880196715,0.0,0.0,0.1725327812284334,0.0,1.3250198123314698,0.0,1.4336318535753048,0.7467121411776864,0.7918560568675322,0.0,0.0,0.0,0.0,0.0,0.0,0.0,0.47661943368078885,0.0,0.7342390816967088,0.0,0.5272285208843496,0.0,1.2768984051779004,0.0,0.0,0.0,0.0,0.0,0.0,0.0,0.27056277056277056,0.0,0.0,0.2768549280177187,0.6613756613756613,0.457099219985818,0.0,0.0,0.4035512510088782,2.447971365420026,0.0,0.33068783068783064,0.0,0.0,0.0,0.0,0.0,1.3250198123314698,0.1725327812284334,0.2506265664160401,0.0,0.0,0.0,0.0,0.0,0.9341535657325131,2.5927970605949135,10.857142857142858,2.0710451528189853,2.779858550776255,3.310505296606255,0.6101803676115505,7.095238095238095,0.7520658048520633,2.0710451528189853,4.025857614997905,22.969160997732427,1.9620362841644492,14.98814921554077,16.523879648210592,13.285266125764814,17.33404106949473,18.473227959695137,19.594804954622468,0.003470928271938187,0.0022473196714497693,2023,4
2023-05-01,38,4.816841290490893,0.814838107187561,2.182605034602153,0.0,0.546836875249291,0.9332232818733717,1.86762544694476,0.3316021895762706,0.4156089503305092,0.5448864636507657,0.0,0.0,0.33843529430176694,0.0,0.19936204146730463,0.0,1.0580615674078555,1.7831212849215698,0.7390811330475707,0.15389350569405968,0.0,0.0,0.0,0.2622733407809065,0.4473016085119177,0.0,0.10526315789473684,0.0,0.1370614035087719,0.0,0.25737754791603284,0.16345210853220005,1.6247139746451482,0.0,0.0,0.0,0.0,0.0,0.0,0.15389350569405968,0.3929433695552314,0.0,0.0,0.0,0.22762197464464082,0.1392369813422445,0.12591286829513976,0.11542012927054476,0.32503132832080195,1.6921868504535318,0.0,0.0,0.0,0.1754385964912281,0.0,0.0,0.0,0.19936204146730463,0.1322401481089659,0.31478217073784936,0.0,0.0,0.1008267795926598,0.0,0.0,0.8061064927427761,2.6684466616469766,12.394736842105264,2.458982719821718,2.7408095788812483,3.4143919707128223,0.6779092876497085,6.578947368421052,0.7809841509108099,2.458982719821718,3.654883833812267,25.019705513784462,1.985836848812964,12.05157932395407,17.546515007606775,13.335449425127768,18.041856322217043,19.33056559599925,20.72609291932046,0.0019131056429593965,0.0027957492501822995,2023,5
2023-06-01,29,4.975063548481717,0.7601505333158075,1.8127208114475168,0.0,0.7454356993880937,0.34308337337343925,1.5014125048816236,0.1724137931034483,0.26525198938992045,0.14132278123233466,0.0,0.0,0.31319872810417865,0.0,0.1724137931034483,0.0,0.6162901330625628,0.7950025675575085,2.617254160636961,0.31958138478472303,0.0,0.0,0.0,0.2930109185121214,0.13904338153503892,0.0,0.1741553465691397,0.1539408866995074,0.16038492381716118,0.0,0.28898184471560573,0.0,1.36335404291475,0.0,0.0,0.0,0.0,0.0,0.0,0.31958138478472303,0.0,0.3000048305862552,0.0,0.12584948401711554,0.13904338153503892,0.0,0.0,0.0,0.20403999183840033,1.5014125048816236,0.0,0.0,0.0,0.0,0.0,0.0,0.0,0.1724137931034483,0.0,0.26525198938992045,0.0,0.0,0.0,0.0,0.0,1.0610251421045285,3.52071646889512,12.827586206896552,2.673111129267501,2.7595639389939732,3.3384898104638854,0.6593334630095863,6.655172413793103,0.8356507943627001,2.673111129267501,4.223135321963725,23.694899640589295,1.9835752841675662,15.247272975862602,16.392914572785735,13.296181506681915,17.148884707148863,18.057170706297885,19.593047821782584,0.0027534482031125883,0.0030442866350586986,2023,6
2023-07-01,26,6.800282346392834,2.169433368882069,2.469267263892765,0.0,1.3830319198123904,0.5353817504655494,1.4265588160849396,0.5637849392423842,0.17325017325017325,0.7320596327563431,0.0,0.0,1.2744447020961134,0.0,0.5637849392423842,0.0,1.423894450239989,1.0681224539649266,1.4798450374787249,0.2581311306143521,0.0,0.37707390648567124,0.1326259946949602,1.3233750695452866,0.14405070584845864,0.0,0.19230769230769232,0.0,0.8275127294077157,0.0,0.562438246719221,0.0,1.0793162877658284,0.0,0.0,0.0,0.0,0.0,0.0,0.2581311306143521,0.6983919851706767,0.18761726078799248,0.2388915432393693,0.0,0.0,0.32051282051282054,0.0,0.0,0.21486892995272883,1.4265588160849396,0.0,0.0,0.0,0.0,0.0,0.0,0.0,0.5637849392423842,0.0,0.17325017325017325,0.0,0.0,0.0,0.0,0.0,0.0,2.968208085797952,11.923076923076923,2.0819413931589734,2.7358292501584875,3.4646448522057827,0.6624722674609712,6.0,0.8030973929975267,2.0819413931589734,2.993355443063405,28.240935453435455,1.9936008761441157,9.97235246309077,18.13494680564141,13.735887008183946,18.260518879662825,20.104694470733445,21.317346946449227,0.0016425929394925413,0.0032826053182929372,2023,7
2023-08-01,24,4.476599131540766,1.7432314112326728,2.8107172119165242,0.0,1.1874275058554782,0.35716004379158095,1.462248940331745,1.4238971579473685,0.13144058885383805,0.0,0.0,0.0,0.5304693775378518,0.0,0.7048003909928596,0.0,1.407950227397933,0.4681778796433463,0.8317207008986559,0.5334805550701198,0.0,0.20424836601307192,0.3516424819727588,0.4077646245028219,0.2670940170940171,0.0,0.5124819216500031,0.0,0.0,0.0,1.049086094994417,0.0,1.7616311169221077,0.0,0.0,0.0,0.0,0.0,0.0,0.5334805550701198,0.44027173711014456,0.0,0.0,0.2136752136752137,0.20226537216828477,0.0,0.0,0.15489467162329615,0.0,1.1254037592470223,0.15489467162329615,0.18195050946142646,0.0,0.0,0.0,0.20424836601307192,0.514848400941437,0.7048003909928596,0.0,0.13144058885383805,0.0,0.0,0.0,0.0,0.0,0.4254574421860668,1.4529507576125837,11.708333333333334,2.1595153815257166,2.7445833467230227,3.3480349316894475,0.6112173548503156,6.208333333333333,0.7695855943020778,2.1595153815257166,1.6479351362910464,24.59896284271284,1.9931028321632773,11.847099182555288,17.47245024842106,13.388313758471833,17.9313316592523,19.42104172747527,20.61865334342016,0.0032926533160108147,0.003011538143564972,2023,8
2023-09-01,21,6.872980026328678,0.9424321281550561,2.8866992751968925,0.0,0.6849244951521039,0.7274645985441341,1.848834102555517,0.8586280516105078,1.069190170783745,0.4784688995215311,0.0,0.0,0.7341861907997755,0.4409171075837743,0.4177109440267334,0.0,1.5996263293613968,2.3172828281424764,0.88478772689299,0.0,0.0,0.4409171075837743,0.0,0.0,0.227842333105491,0.0,0.0,0.2736726874657909,0.16252234682268812,0.0,0.9778906142762723,0.4177109440267334,1.3285753700711986,0.0,0.0,0.0,0.0,0.0,0.0,0.0,0.23929169657812877,0.27056277056277056,0.0,0.17507002801120447,0.0,0.4881729019660054,0.0,0.0,0.23929169657812877,1.848834102555517,0.0,0.0,0.0,0.0,0.4409171075837743,0.0,0.0,0.4177109440267334,0.0,0.18896447467876037,0.2506265664160401,0.6295991296889446,0.0,0.0,0.0,1.5046753562097035,3.9759545370022202,11.857142857142858,2.385940576904449,2.7666128953129734,3.4563365185086963,0.7038852945428594,6.523809523809524,0.7691884798477692,2.385940576904449,3.1099786413750103,25.620456263313404,2.0154541553796723,11.109298722051994,17.49250546283693,13.721787139660302,18.000533751580384,19.468668831376707,20.891107883234334,0.001549689501066996,0.0034695393029160557,2023,9
2023-10-01,32,5.350592346534664,2.2741046333413335,2.2482465388394584,0.0,0.9172716069557373,0.7414857867686053,1.8820125471946607,0.1547029702970297,0.9404133737163409,0.4706496614735003,0.0,0.0,0.6983751120776818,0.1547029702970297,0.0,0.20833333333333334,0.9425374742088363,0.8119773228669642,1.7101737597017286,0.3538427125755893,0.0,0.1547029702970297,0.0,0.8352125665377284,0.8558150359190906,0.0,0.42837406058748495,0.0,0.4582206573096325,0.1547029702970297,0.47805318893326715,0.0,1.157269722299529,0.0,0.0,0.0,0.0,0.0,0.0,0.3538427125755893,0.27397777945733504,0.289451114922813,0.0,0.0,0.11200716845878136,0.4820729579324655,0.0,0.14740566037735847,0.0,1.8820125471946607,0.0,0.0,0.0,0.0,0.1547029702970297,0.0,0.0,0.0,0.0,0.8021390374331551,0.13827433628318583,0.0,0.0,0.0,0.17556179775280897,0.1644736842105263,1.6905369407563957,11.40625,2.212232515588887,2.722851759454111,3.40284121154325,0.6745003960406998,6.4375,0.7089701655964858,2.212232515588887,2.716516393049635,22.881281565656565,1.9810534317915158,13.50567602789166,16.76809671266705,13.509759297135723,17.168015247888476,18.601386700407183,19.579915929874723,0.002557978426896026,0.0035740680755218064,2023,10
2023-11-01,34,4.392072861549025,1.8078140729733732,2.454185875655726,0.0,1.5356532569548553,0.13679890560875513,1.3697846840324124,0.8573734554657695,0.5379129473702755,0.2514642220524574,0.0,0.0,0.5218631971734585,0.0,0.32241780506947976,0.0,1.4068693855265448,0.3178784271004429,1.2399979702392225,0.33158185438741844,0.0,0.1849796522382538,0.16806722689075632,1.0602779789623478,0.3944892148820151,0.0,0.0,0.0,0.3290365382146067,0.0,0.41113966247656086,0.0,1.7140096749645581,0.0,0.0,0.0,0.0,0.0,0.0,0.33158185438741844,0.1849796522382538,0.41776402363756376,0.0,0.6013277266916193,0.0,0.0,0.0,0.0,0.13679890560875513,1.2462058407303858,0.0,0.1235788433020267,0.0,0.0,0.0,0.0,0.0,0.32241780506947976,0.5349556503962897,0.3444144953578916,0.0,0.0,0.1934984520123839,0.0,0.6002400960384153,0.5465250395643892,3.783293429678007,11.882352941176471,2.3340706973072667,2.7486491204803962,3.28506740742938,0.5681982569578257,6.529411764705882,0.7965586143462008,2.3340706973072667,3.832494127353198,24.598763899499193,2.016552838551343,10.294568699450409,17.592115113223496,13.376095013982518,18.158176296627484,19.318097926342194,20.934032065883443,0.0030844468180111625,0.0035256490863433314,2023,11
2023-12-01,36,7.658657445856812,1.1596242137545598,2.196549128958504,0.17146776406035666,2.143381278509493,0.6665033936426882,1.4390894455596022,0.8902539748948501,0.6597884266192968,0.5244274911563469,0.17146776406035666,0.0,0.6620054026616139,0.25084710444299485,0.5300455406180845,0.0,2.128769663133446,1.194925454422161,1.9563955932849488,0.23977343207685894,0.17146776406035666,0.3498435281971868,0.0,0.3031159999739954,0.33519692152302105,0.0,0.0,0.0,0.15964240102171134,0.1286008230452675,0.3169907016060862,0.4551201703542724,1.1361950329311665,0.0,0.0,0.0,0.0,0.17146776406035666,0.0,0.23977343207685894,0.6741516278625151,0.7127132632845825,0.5167429552855365,0.0,0.0,0.3065813919296417,0.0,0.0,0.35992200171304645,1.4390894455596022,0.0,0.0,0.0,0.0,0.25084710444299485,0.10936132983377078,0.0,0.5300455406180845,0.0,0.6597884266192968,0.0,0.0,0.0,0.0,0.13683634373289547,1.3848615845221817,1.7720746194944863,11.666666666666666,2.322866142225701,2.7433196113541936,3.4331837563976895,0.690173934545843,6.305555555555555,0.7803920080429062,2.322866142225701,2.7654004110434696,25.279418189834857,1.9719531094670306,12.139100936901691,17.604569411431996,13.470596783002863,18.16506284295397,19.523336852251667,21.002309486890944,0.0026044311731610033,0.0030789319481461922,2023,12
2024-01-01,30,4.084758117203496,2.8876017102255176,3.7884693315519304,0.0,0.7539916007033753,0.6472024443119289,1.9862661333612024,0.8800630201961703,0.39741995813276376,0.5641183647681015,0.0,0.0,0.4760808327782636,0.0,0.3058103975535168,0.0,1.1489039707003095,1.0101344064757682,0.5797101449275363,0.0,0.6043477648145867,0.14492753623188406,0.1579778830963665,1.1047389080798145,0.8756096180028656,0.0,0.0,0.0,1.4148955984891485,0.2995837641506933,0.6051678212281792,0.46088330242461706,1.0079388452592921,0.0,0.0,0.0,0.0,0.0,0.0,0.0,0.33103119790426294,0.2693505717699266,0.0,0.15360983102918585,0.0,0.0,0.0,0.0,0.6472024443119289,1.6599380819146676,0.0,0.32632805144653493,0.0,0.0,0.0,0.0,0.2898550724637681,0.3058103975535168,0.28439755017888546,0.26246719160104987,0.0,0.1349527665317139,0.0,0.0,0.48430593454290144,0.322061191626409,1.5615118564087154,12.1,2.3536005184150968,2.7369472414443936,3.356778649528392,0.6459344465819741,6.766666666666667,0.812052307710411,2.3536005184150968,3.5027013314414064,25.264761904761905,2.049173916796959,7.095150954138323,18.109658418356904,13.789267696331844,18.443848499214326,19.976004609866823,21.5152534398753,0.0020209055912485865,0.004573361178521915,2024,1
2024-02-01,32,4.019558096971044,1.1219911364375825,2.472869468815359,0.0,1.0964367655612206,0.5196314646396091,1.4026679224486807,0.5948316366288862,0.6830601603227723,0.1816860465116279,0.0,0.0,0.44183403277378097,0.0,0.1636125654450262,0.0,1.3116335570003983,0.6855045031144029,1.2352873921258074,0.0,0.0,0.0,0.13827433628318583,0.6345547889812123,0.0,0.0,0.0,0.34916201117318435,0.6069644839067703,0.0,0.4552434505723338,0.5295707693787737,0.8810907649574817,0.0,0.0,0.0,0.0,0.0,0.0,0.0,0.8057916797909912,0.29064508577022946,0.0,0.0,0.0,0.0,0.0,0.0,0.5196314646396091,1.4026679224486807,0.0,0.0,0.0,0.0,0.0,0.0,0.0,0.1636125654450262,0.43121907118385994,0.5013741138111444,0.0,0.1816860465116279,0.0,0.0,0.0,0.6856180080065397,3.5571750293878095,11.1875,2.0812899802878158,2.7317619337644543,3.321777860586677,0.6396291324202263,6.21875,0.7601955999430468,2.0812899802878158,4.022887806687833,24.159759424603173,1.9561552440870495,15.557027750125226,16.79001308258334,13.276565278713253,17.53520812419707,18.61988158503272,20.032760699263303,0.002209466937322946,0.00277420656094674,2024,2
2024-03-01,24,6.615352168718797,1.6788602075816232,2.089475388011935,0.0,1.943954305280271,0.5613798717246994,1.9886101030196703,1.1339536064338265,0.5792689667092749,0.8487901321352229,0.0,0.37394547376398557,0.551973212849644,0.0,0.3320896509750999,0.0,1.1550751406973951,1.7729447438831973,0.9007791753835952,0.6797546390306571,0.0,0.500017857780635,0.0,0.9065111951168922,0.0,0.0,0.27233115468409586,0.0,0.8261584548349253,0.0,0.5949378563347443,0.0,0.6683790768422656,0.0,0.0,0.0,0.0,0.0,0.0,0.6797546390306571,0.475583187204421,0.5532115826233474,0.0,0.2354048964218456,0.0,0.5613798717246994,0.0,0.0,0.0,1.9886101030196703,0.0,0.0,0.0,0.0,0.0,0.27233115468409586,0.257201646090535,0.3320896509750999,0.27233115468409586,0.42551742919389973,0.0,0.15375153751537515,0.0,0.0,0.0,0.7203598285192214,0.6982493634855023,12.041666666666666,2.295911373360576,2.7440704485210916,3.3127743199951905,0.5971697314030487,7.041666666666667,0.8348767781317092,2.295911373360576,4.195405923799265,24.642906861656865,1.9874579796654086,10.663559869754282,17.70138557696869,13.666347926576945,18.404256021475547,19.655178750162616,21.291930650615715,0.0018750516051606284,0.004122448407450589,2024,3
2024-04-01,27,8.218566913169099,2.8116132606666477,2.0027969384630646,0.0,1.4310539259938462,0.40052574273809943,1.2492343063903775,0.9190941030699508,0.4138216428719222,1.3721883201484628,0.3878223773511732,0.0,0.17146776406035666,0.1536806516059628,0.5939456874036314,0.0,2.5324881887355692,0.9032474243276117,1.5045916013002665,0.5991348982360648,0.0,0.415689853568024,0.2608242044861763,1.3982514269789688,0.33652239116097965,0.0,0.40032538447249927,0.0,0.0,0.36671198179013076,0.3351768057650411,0.0,1.3009081509078928,0.0,0.0,0.0,0.0,0.0,0.0,0.5991348982360648,0.1889644746787604,0.1536806516059628,0.48927390147305805,0.0,0.0,0.23293733985557885,0.0,0.0,0.16758840288252055,1.2492343063903775,0.0,0.0,0.0,0.0,0.1536806516059628,0.0,0.0,0.5939456874036314,0.17146776406035666,0.4138216428719222,0.0,0.0,0.0,0.0,0.4462293618920125,0.7631664026780137,1.4410953112725404,12.296296296296296,2.443439307081447,2.7269898585865717,3.400641616322959,0.7024751266479968,6.888888888888889,0.7549339438810553,2.443439307081447,4.436973383698052,24.284682087459867,2.0122413680063107,12.170626592883094,17.14988794135153,13.520687467232369,17.75810164096011,18.949244798416085,20.610176733893848,0.0026833906279497316,0.003077055578886014,2024,4
2024-05-01,26,7.5375871054628565,2.0386794569980355,2.8398697123600654,0.0,1.4181421505091358,0.5762799498042374,1.4823723232624515,1.4031956374784644,0.17403411068569444,0.412861548756268,0.0,0.0,0.4723651875550609,0.13885031935573452,1.2643453181227298,0.0,1.7310250007073757,1.0871275250262973,2.190627590554775,0.2403846153846154,0.4977450400422368,0.0,0.27670171555063644,0.8757323129047738,0.0,0.0,0.38850038850038854,0.0,0.19723865877712032,0.27670171555063644,0.41441872607030983,0.0,1.951510611961999,0.0,0.0,0.0,0.0,0.0,0.0,0.2403846153846154,0.27670171555063644,0.5868956594419624,0.16092693916961698,0.15323322096230463,0.0,0.5762799498042374,0.0,0.0,0.0,1.4823723232624515,0.0,0.0,0.0,0.0,0.13885031935573452,0.0,0.0,1.2643453181227298,0.0,0.17403411068569444,0.0,0.0,0.0,0.0,0.41655095806720355,0.3480682213713889,0.8404070117184337,11.192307692307692,1.7898868491196098,2.7341401576366167,3.4562985084303643,0.6987472887141822,6.269230769230769,0.7909848726330565,1.7898868491196098,4.27665193068621,24.220627983127983,2.000655116049249,9.769737742300515,17.53079463707971,13.677269832549118,17.950225014929067,19.67305874920601,20.7171978873092,0.001989701087357327,0.003951095935492636,2024,5
2024-06-01,27,8.68081213398467,3.1381060030420223,2.3769074894126154,0.0,0.5666949858676902,1.332012671637888,1.8682648203242282,0.508155684754522,0.0,0.5113494325928885,0.14814814814814814,0.0,0.817538864676912,0.14814814814814814,0.21533161068044787,0.0,2.2095461934397047,1.664974867178337,2.965774869120084,0.0,0.22177866489243736,0.6627508871146596,0.23741690408357072,1.1558352205647096,0.33371408094246235,0.0,0.30483158055174514,0.22177866489243736,0.6483668814008501,0.0,0.7011493420872488,0.14814814814814814,0.8792431177763687,0.0,0.0,0.0,0.0,0.0,0.0,0.0,0.20462451401677922,0.0,0.0,0.362070471850911,0.31791448100460973,0.24366471734892786,0.0,0.24366471734892786,0.5267687559354225,1.8682648203242282,0.0,0.0,0.0,0.0,0.14814814814814814,0.14467592592592593,0.0,0.21533161068044787,0.0,0.0,0.0,0.0,0.0,0.0,0.0,1.6008465794977127,3.345044402268534,12.037037037037036,2.2885802430273983,2.7109680365997466,3.392951846866008,0.6688140996676043,7.2592592592592595,0.7927376282517514,2.2885802430273983,3.441175492706662,24.754378543267435,2.0399539571503813,7.0085738251218554,18.147764877679382,13.931028293346849,18.339133775670543,20.316781588852972,21.324975707072053,0.0020883659696208155,0.003276937178872887,2024,6
2024-07-01,27,7.455453614471055,2.141737430455516,2.882128122508087,0.0,2.7980363954995395,0.2905066299184308,1.2276432579642904,0.9380850826206966,0.0,0.666632036431008,0.160333493666827,0.0,1.288237743768172,0.1517911353976928,0.36926807760141095,0.0,1.457102606242884,0.7180872387733068,2.166023826241342,0.4779774563484117,0.0,0.22177866489243736,0.1939111886755866,1.2994326924412822,0.42661488444620976,0.0,0.0,0.0,0.4471649208491314,0.17636684303350972,1.170603735163253,0.0,1.0879926234621933,0.0,0.0,0.0,0.0,0.0,0.0,0.4779774563484117,0.8987637168774893,0.6278924825290739,0.1880052641473961,0.6053974755971683,0.0,0.13871549452073795,0.0,0.0,0.1517911353976928,1.2276432579642904,0.0,0.0,0.0,0.0,0.1517911353976928,0.0,0.0,0.36926807760141095,0.4170258696215929,0.0,0.0,0.0,0.0,0.0,0.1517911353976928,0.40579935981092996,2.6606915456365305,10.777777777777779,1.9863384857261077,2.7344224648605917,3.3531862687370966,0.6426761318676953,6.925925925925926,0.805319828145725,1.9863384857261077,3.57714430973264,24.187830687830687,2.02923925141944,8.178894372153623,17.846670233503236,13.82110487519442,18.1213288345724,19.939405812637435,20.967001868913684,0.0011493110825852714,0.004333073159592062,2024,7
2024-08-01,21,6.938534444346807,2.103522794399145,2.600911669242519,0.0,1.1434408067592277,0.8087196664744828,2.8615820024051084,1.4363050336146814,0.43652768889204924,0.7712593919490471,0.0,0.0,0.7427213309566251,0.0,1.4363050336146814,0.0,0.29394473838918284,1.0961001818837668,2.364777063538564,0.2334267040149393,0.0,0.0,0.38095238095238093,1.3140736814206202,0.4084967320261438,0.0,0.0,0.0,0.7273657140639109,0.0,0.3174603174603175,0.24295432458697763,1.3131313131313131,0.0,0.0,0.0,0.0,0.0,0.0,0.2334267040149393,0.20525451559934316,0.44454621217747187,0.0,0.2602133749674733,0.0,0.8087196664744828,0.0,0.0,0.0,2.8615820024051084,0.0,0.0,0.0,0.0,0.0,0.0,0.0,1.4363050336146814,0.0,0.0,0.24295432458697763,0.0,0.19357336430507163,0.0,0.17507002801120447,0.0,0.8444282872684229,12.0,2.3811965045531713,2.7211055880792236,3.3562686599368394,0.6033237286198511,5.904761904761905,0.779340669152298,2.3811965045531713,1.8492880535965157,25.47609255823542,2.00668015184157,8.252530493340824,18.17409512657156,13.60685809651676,18.457129084030377,20.320476699973018,21.307490649013605,0.001873404724874456,0.004292234815293193,2024,8
2024-09-01,27,8.254737105887383,3.0153520281094037,2.7994034597023747,0.0,0.9219237305104926,0.18611576400521126,1.6818421893505064,1.5664716573733526,0.626427666556942,0.7648031583860363,0.0,0.17226528854435832,1.7075965504614632,0.21164021164021166,1.354831445733141,0.0,1.0878755480154487,0.7186833627083183,2.0940413973982626,0.14300014300014302,0.0,0.16835016835016833,0.18426386585590565,1.867018882550038,0.30516232940578114,0.0,0.24527839097375523,0.24527839097375523,0.6199318600483705,0.0,0.37223152801042253,0.3703796298611169,1.436860441782465,0.0,0.0,0.0,0.0,0.0,0.0,0.14300014300014302,0.21915406530791146,0.17226528854435832,0.0,0.3875042336580798,0.0,0.0,0.0,0.0,0.18611576400521126,1.516498274006591,0.0,0.0,0.0,0.16534391534391535,0.21164021164021166,0.0,0.0,1.354831445733141,0.0,0.626427666556942,0.0,0.0,0.0,0.0,0.0,0.1880052641473961,1.551629175642417,11.222222222222221,1.8935485849023406,2.7272891533561614,3.2557208625259517,0.5510294010150797,6.333333333333333,0.808693542275125,1.8935485849023406,3.2029825648278885,24.33836431058653,2.0703594938243004,5.437474789799922,18.22931768174259,13.896758781915638,18.55596114417875,20.106076541725404,21.709854136401987,0.0020074532559060153,0.0040894098325312996,2024,9
2024-10-01,35,7.950167004004296,2.844153112979541,2.4969540568442494,0.14074595355383535,0.6566935444440828,0.47890791466753546,1.6123831017540744,0.6921693929465874,0.11204481792717086,1.0738829675685224,0.14074595355383535,0.0,0.7876562686348226,0.0,0.43943844819033606,0.0,2.0119507011015005,1.0493844132168142,2.3350634338112943,0.11204481792717086,0.0,0.4614165695438008,0.6159299878143347,1.207062872586427,0.2912199362503622,0.0,0.14430014430014432,0.12422360248447205,0.7913801911503638,0.0,0.3763244428206065,0.14074595355383535,1.1885034693194438,0.0,0.0,0.0,0.0,0.14074595355383535,0.0,0.11204481792717086,0.11757789535567313,0.3028472286767667,0.0,0.12422360248447205,0.0,0.11204481792717086,0.2548182788131938,0.0,0.11204481792717086,1.6123831017540744,0.0,0.0,0.0,0.0,0.0,0.0,0.13166556945358787,0.43943844819033606,0.12106537530266344,0.0,0.0,0.11204481792717086,0.0,0.0,0.6144393241167435,0.37267080745341613,1.5873954634529996,11.4,2.1704328544415032,2.731502782052925,3.359306338021746,0.6744258567128968,6.428571428571429,0.8557698015975346,2.1704328544415032,5.031719640539644,24.104275407132548,2.051337236213082,7.9346127257005685,17.799578025436254,13.982171859045774,18.04308857805386,19.78152287450951,20.97917867789636,0.0019499957715591004,0.003212222965789244,2024,10
2024-11-01,35,8.416386385146554,1.6985381181867265,2.5497590430858494,0.0,1.3015658139267126,0.5575113485167298,1.6554639582281185,0.7364173344038499,0.4104223858784157,0.6144163982737063,0.0,0.0,1.1595888063257533,0.1400560224089636,0.5963613119948864,0.0,1.7874585208084155,1.3519257752343208,2.414767991196427,0.35181155890407995,0.0,0.1400560224089636,0.15117157974300832,0.9035288721682108,0.28733142741632733,0.0,0.21645021645021645,0.0,0.30234315948601664,0.0,0.5350954322759595,0.15117157974300832,1.5611488715808652,0.0,0.0,0.0,0.0,0.0,0.0,0.35181155890407995,0.33700476738451424,0.45041182530045604,0.0,0.16233766233766234,0.16051364365971107,0.20263424518743667,0.0,0.0,0.1943634596695821,1.6554639582281185,0.0,0.0,0.0,0.0,0.1400560224089636,0.0,0.0,0.5963613119948864,0.0,0.13869625520110956,0.0,0.15117157974300832,0.12055455093429777,0.0,0.8281573498964804,0.0,0.7770064547558153,11.857142857142858,2.3515759093840245,2.750008132790633,3.2892626690940086,0.5367930278673528,6.257142857142857,0.8812440576280385,2.3515759093840245,3.7032384097866897,24.561809936095653,1.9962070787401023,10.79677052137902,17.516369701213506,13.626086127847325,17.84137700190098,19.612672399800317,20.58115931214171,0.0012073351720982596,0.003605055070832648,2024,11
2024-12-01,28,6.8741428329820655,0.8853754182308243,1.5846399263646733,0.0,0.8106106207940516,0.3779921059332824,1.2513495951797633,0.64404361010362,0.15006002400960386,0.3188082777299722,0.18796992481203006,0.0,0.17170329670329673,0.0,0.18796992481203006,0.0,1.7423162800265417,1.8577922806585607,2.2652948573460656,0.14228799089356858,0.0,0.0,0.0,0.0,0.8853754182308243,0.0,0.0,0.0,0.4532338850174216,0.0,0.15006002400960386,0.0,0.9813460173376479,0.0,0.0,0.0,0.0,0.0,0.0,0.14228799089356858,0.2204585537918871,0.4478640761085959,0.0,0.0,0.0,0.1750700280112045,0.0,0.20292207792207792,0.0,1.2513495951797633,0.0,0.0,0.0,0.0,0.0,0.0,0.0,0.18796992481203006,0.4560736852915899,0.15006002400960386,0.0,0.0,0.0,0.0,0.0,0.0,2.0483896265803043,11.035714285714286,1.9988845748119033,2.7863581941081876,3.361555406124002,0.6639684355447077,7.607142857142857,0.7798965941684565,1.9988845748119033,2.6269285436692753,23.391329107400537,2.0597231686916673,7.907011241682652,17.54938863063038,13.53224422103229,18.03496662251251,19.169243731208976,21.010829806678885,0.003389816470123023,0.0034334524708332643,2024,12
2025-01-01,30,6.637245758803439,2.1426432524619394,1.7915851828515084,0.0,1.255362067554631,0.9749981982237007,1.2652226642630382,1.1672554645376685,0.2109704641350211,0.6119890752064666,0.0,0.0,0.0,0.16835016835016836,0.8157551130373171,0.0,1.461724361659137,1.0329393529523798,2.2017366991044773,0.3447509884934915,0.0,0.2109704641350211,0.16181229773462782,1.1760519573318011,0.0,0.18214936247723132,0.41165917078325837,0.0,0.4919181113555781,0.2109704641350211,0.39311982661225237,0.0,0.6955767807486564,0.0,0.0,0.0,0.0,0.0,0.0,0.3447509884934915,0.44219928252434293,0.1488095238095238,0.3196022727272727,0.0,0.0,0.5291940024195049,0.0,0.0,0.4458041958041958,1.1350143309297047,0.0,0.13020833333333334,0.0,0.0,0.16835016835016836,0.0,0.0,0.8157551130373171,0.18315018315018314,0.0,0.0,0.2109704641350211,0.0,0.0,0.29570931580981835,0.5454690237298934,3.6475606001073784,11.7,2.248222789105422,2.7645734527148673,3.436457056421824,0.7075202203997705,6.533333333333333,0.8805870120251554,2.248222789105422,4.11591879534793,24.751426166426164,1.9970977173076017,12.730775535616491,17.125728058953055,13.743395359147435,17.83752563450601,19.25521725967134,20.625703228970526,0.0024444210037520503,0.0042039438471017,2025,1
2025-02-01,28,6.503952154487107,1.8960553890619483,1.5521872695130987,0.0,1.2141057595603049,0.836410309650817,1.5425440128160308,0.35895505743280914,0.36266041100295243,0.8454631354828983,0.0,0.2880184331797235,1.1138572192882936,0.14637002341920377,0.21258503401360543,0.0,1.4710963811470343,0.8450310822545931,1.0326163763327396,0.5489144693690148,0.0,0.0,0.0,1.061119228089453,0.6489242562105907,0.0,0.18601190476190474,0.0,0.35173160173160173,0.0,0.45184543186910753,0.3883823032759203,0.3602279326364692,0.0,0.0,0.0,0.0,0.0,0.0,0.5489144693690148,0.317969067969068,0.3472222222222222,0.0,0.0,0.0,0.44802800637489665,0.0,0.0,0.3883823032759203,1.5425440128160308,0.0,0.0,0.0,0.0,0.14637002341920377,0.0,0.0,0.21258503401360543,0.0,0.36266041100295243,0.0,0.0,0.0,0.0,0.38819875776397517,0.0,1.2502787028339928,11.285714285714286,2.122847306384167,2.7186920255618694,3.3608651359261574,0.5876182152925622,6.928571428571429,0.8623203567217946,2.122847306384167,3.9771683093994463,24.798367604617603,2.0114748097007227,7.897808919118271,18.073908160599398,13.853622141137054,18.280753122968786,20.154335601205496,21.28638354048204,0.002432110242491313,0.003000711799867803,2025,2
2025-03-01,45,8.271782695760738,1.9821614022595468,1.4643488681012615,0.0,0.9153494454102366,0.41377889375218235,1.2177213462960632,1.49111959866566,0.0,1.0893450625444554,0.10946907498631638,0.0,0.6277170606510067,0.4794961067683094,0.9021544169110343,0.0,1.149914811105213,1.1255832642916679,2.4409491214258363,0.34715377707689943,0.0,0.0,0.16589522292944345,1.407296423662736,0.2700808667784786,0.0,0.1388888888888889,0.0,0.2289433880090165,0.0,0.5213705220213942,0.0,0.7140349580708508,0.0,0.0,0.0,0.0,0.0,0.0,0.34715377707689943,0.1837014907357113,0.2623940554975037,0.0,0.1221001221001221,0.0,0.41377889375218235,0.0,0.0,0.0,1.2177213462960632,0.0,0.0,0.0,0.0,0.4794961067683094,0.0,0.0,0.9021544169110343,0.10946907498631638,0.0,0.0,0.0,0.0,0.0,0.0,0.3043740397144913,1.9146344742404362,10.844444444444445,2.071380260570537,2.723817083499003,3.3707279806651966,0.6323339023873611,7.155555555555556,0.8692694425340948,2.071380260570537,6.568820740730123,23.338598685265353,2.0695958642380146,6.906363958886709,17.692943251889986,13.95078128086823,17.99863738332051,19.609919889738066,21.06678865922918,0.001957050386307775,0.004652906273482549,2025,3
2025-04-01,28,6.611505405401492,2.278497660228078,1.6626335120598785,0.0,2.359179796842652,0.5258357945273834,1.961675213298664,0.2883663478742632,0.6258361521519417,0.4896703414742321,0.0,0.0,0.9058811955508668,0.12147716229348882,0.0,0.0,1.4608665526094478,0.7558861740214565,1.8301231457779106,1.0476008336740892,0.0,0.0,0.2587991718426501,1.30586565212098,0.5469436506836736,0.0,0.0,0.16688918558077437,0.38411750922842314,0.0,0.4388739296152079,0.16926201760324983,0.6703800556129977,0.0,0.0,0.0,0.0,0.0,0.0,1.0476008336740892,1.1185287701183697,0.19305019305019305,0.0,0.0,0.0,0.18037518037518038,0.0,0.0,0.34546061415220297,1.7686250202484708,0.0,0.19305019305019305,0.0,0.0,0.12147716229348882,0.16688918558077437,0.0,0.0,0.0,0.6258361521519417,0.0,0.0,0.0,0.0,0.34340659340659346,0.0,2.6421868810499296,11.357142857142858,2.2022227681543063,2.757621425843872,3.4154440131875625,0.7363180460841418,6.535714285714286,0.7346362251189007,2.2022227681543063,3.6894698401059487,23.03687126365698,2.0294313850382237,9.437367371659775,17.364675883159453,13.85400813200298,17.85639216632759,19.353389912376798,20.757620915170254,0.0027814475508976854,0.004464725566791697,2025,4
2025-05-01,46,8.54103406815861,1.9510096092168152,1.8512942962517045,0.0,0.6597681886068525,0.23621897244746987,1.6198885444467594,0.9807389748758438,0.11205737337516809,0.6846615460512884,0.0,0.0,1.5204268221108381,0.11148272017837237,0.8692562546974716,0.0,2.2068307927340918,0.7332173935724533,2.318540181326171,0.0966183574879227,0.0,0.35869162193097004,0.0966183574879227,0.705423965128964,0.4249923801551386,0.0,0.24451033765391658,0.12077294685990338,0.3288544364628571,0.0,0.26910239229700217,0.0,1.2533374674918452,0.0,0.0,0.0,0.0,0.0,0.0,0.0966183574879227,0.0,0.3559930578322889,0.10604453870625663,0.10111223458038424,0.0,0.0,0.13017443374121324,0.0,0.10604453870625663,1.5365968569571709,0.0,0.08329168748958854,0.0,0.0,0.11148272017837237,0.0,0.0,0.8692562546974716,0.0,0.0,0.0,0.11205737337516809,0.0,0.0,0.2152389151958674,0.9082139956753997,1.972341256858368,11.304347826086957,2.1166800994732085,2.721342597114042,3.4560481199570687,0.6171844642411692,6.586956521739131,0.7783949567748059,2.1166800994732085,4.309614657146523,24.87219471349906,2.083887128705386,3.629465202053916,18.592353474406696,14.291172074329854,18.72523550335078,20.845789573272956,22.00589512472543,0.001785202894457706,0.0034446131657267726,2025,5
2025-06-01,35,7.647269664506178,1.2795939409077,2.78697912893521,0.0,0.4392488554357104,0.256480970766685,1.5108835267553877,1.0155754390462977,0.3375903375903376,0.6048213542671634,0.0,0.0,1.2317866569181397,0.0,0.7555886447247394,0.0,2.4490361219774295,0.15527950310559008,2.348716567186584,0.1020408163265306,0.0,0.33841964035403904,0.0,0.9411743005536609,0.0,0.0,0.0,0.0,1.1658733490188655,0.0,0.31364124597207305,0.3080678911880958,0.9993966427561761,0.0,0.0,0.0,0.0,0.0,0.0,0.1020408163265306,0.0,0.10863661053775123,0.22857142857142856,0.0,0.0,0.256480970766685,0.0,0.0,0.0,1.5108835267553877,0.0,0.0,0.0,0.0,0.0,0.0,0.0,0.7555886447247394,0.2599867943215583,0.0,0.0,0.3375903375903376,0.0,0.0,0.2040816326530612,0.6060616082253069,2.0360247322482907,10.742857142857142,1.7197319157226696,2.754354113911374,3.3947753060554224,0.544572371762316,6.714285714285714,0.755264723386567,1.7197319157226696,2.8800346527485354,27.03118698761556,2.087503393723639,5.5902870535630935,17.921101046347196,14.142020782751262,18.133180439018155,19.932111102081528,21.337208832240904,0.0022350515615504035,0.003195213639690272,2025,6
2025-07-01,37,9.508535036882982,3.263253243916798,2.1404933195437374,0.0,0.4712388951082901,0.4557358065612783,1.3573419741974444,1.411881505448578,0.669271286377646,0.981254579088742,0.11031439602868175,0.0,0.7613283618831469,0.12397718819737169,0.9441043901786749,0.0,2.9585263530996406,0.9405676142860778,2.6884621541206473,0.0,0.0,0.11168192986374806,0.3447134888303255,2.311613044263658,0.11031439602868175,0.0,0.1801801801801802,0.20475020475020475,0.5641485904643799,0.0,0.4541777450143984,0.0,1.122166984064959,0.0,0.0,0.0,0.0,0.0,0.0,0.0,0.09863878477017163,0.0,0.11403808872163303,0.2585620216164854,0.0,0.10557432432432433,0.0,0.0,0.350161482236954,1.3573419741974444,0.0,0.0,0.0,0.0,0.12397718819737169,0.1076773985140519,0.0,0.9441043901786749,0.23612252855847968,0.669271286377646,0.0,0.0,0.0,0.0,0.8562281289554018,0.17325017325017322,2.0276206930058556,10.972972972972974,2.050129859285063,2.7639965277972935,3.494427125146262,0.6701990863263486,7.648648648648648,0.8267358942402329,2.050129859285063,6.3962382405310825,24.304127404127406,2.102175323282863,2.562277844196875,18.42815104149508,14.40123704956525,18.548812700513043,20.841660918109405,21.968732548011037,0.0010937370328860244,0.0038755749034684287,2025,7
2025-08-01,20,8.865166507142602,0.8425374671958703,1.3831067189982245,0.0,0.5440567711413364,0.2890173410404624,1.1529224140556011,0.2688172043010753,0.26595744680851063,0.26595744680851063,0.0,0.0,1.3745125662337878,0.0,0.0,0.0,3.2197456666111086,0.7669922067672882,3.237958620721906,0.0,0.0,0.0,0.0,0.3472222222222222,0.26595744680851063,0.0,0.22935779816513763,0.0,0.20325203252032523,0.3472222222222222,0.5887300252312867,0.0,0.24390243902439024,0.0,0.0,0.0,0.0,0.0,0.0,0.0,0.2631578947368421,0.28089887640449435,0.0,0.0,0.0,0.0,0.0,0.0,0.2890173410404624,1.1529224140556011,0.0,0.0,0.0,0.0,0.0,0.2688172043010753,0.0,0.0,0.0,0.26595744680851063,0.0,0.0,0.0,0.0,0.5376344086021506,0.867683041596085,3.7470730235639813,10.85,1.9343281087710817,2.7377858204997825,3.4273067448725456,0.6924951257719794,7.8,0.8614991001724988,1.9343281087710817,4.894243364139756,24.016964285714288,2.0524953827007177,6.904288986145545,17.74834914796724,14.196499654670907,18.23822870230301,20.1596910188829,21.545862489734112,0.0010262980352662866,0.00443551162490635,2025,8
2025-09-01,35,8.897107059152118,1.8561411347067398,1.845072469935214,0.0,0.9123101718735499,0.13869625520110956,1.857782914266026,0.7748772419645488,0.26899373610830474,0.6179219886641312,0.0,0.0,1.0996503057798734,0.13736263736263737,0.5093916065237564,0.0,2.2754575045449243,0.575382480112486,3.205214546505669,0.47672598965863994,0.0,0.28388278388278393,0.0,1.0247795138714346,0.0,0.0,0.5474788369525212,0.0,0.1855287569573284,0.0,0.6154364769478422,0.0,1.0441072360300432,0.0,0.0,0.0,0.0,0.0,0.0,0.47672598965863994,0.1078167115902965,0.0,0.0,0.3277674706246135,0.0,0.0,0.0,0.0,0.13869625520110956,1.857782914266026,0.0,0.0,0.0,0.0,0.13736263736263737,0.0,0.0,0.5093916065237564,0.12812299807815503,0.26899373610830474,0.0,0.0,0.0,0.0,0.24213075060532688,0.8216506718537864,2.7902740290024397,11.6,2.110621014275861,2.748299118707004,3.417371243941147,0.5889647828582633,6.771428571428571,0.7845675586547722,2.110621014275861,6.0561521927696855,24.328977530406103,2.05642851095604,6.814888722027637,17.772787130838005,14.189137689212027,18.061138808619507,19.861986298505,21.18199327705485,0.0011003908047376048,0.004262529327525287,2025,9
2025-10-01,38,9.694584418360122,1.9831891626035143,1.8004441749339986,0.0,0.8765309044099705,0.4685864610190226,1.8412436684155717,0.35185659748910053,0.2618101528171675,0.7014013929617021,0.0,0.0,0.427619884596307,0.11343012704174227,0.23842647044735826,0.0,3.581011465319208,0.5288453410954393,3.8094182311694125,0.29443150572895166,0.0,0.25723225531324073,0.0,1.2204177701446957,0.165508109897385,0.0,0.3400310272481928,0.0,0.3445720795590147,0.2712967986977754,0.13777900248002206,0.0,1.0467962941971862,0.0,0.0,0.0,0.0,0.0,0.0,0.29443150572895166,0.2945070779056409,0.10484378276368211,0.0,0.18274853801169588,0.0,0.1866368047779022,0.11644154634373544,0.0,0.165508109897385,1.7363998856518896,0.0,0.0,0.10484378276368211,0.0,0.11343012704174227,0.0,0.0,0.23842647044735826,0.0,0.2618101528171675,0.0,0.0,0.0,0.0,0.13777900248002206,1.0648046362264392,1.726572663645568,10.631578947368421,1.9681093976137862,2.7681162553625724,3.365737557718422,0.6273065090594123,7.368421052631579,0.7786494181282186,1.9681093976137862,4.6221530237210215,23.619661040713673,2.0624799303713304,6.040736224985168,17.977105122906178,14.116654719905622,18.231611566107016,20.254069801192202,21.352377332876586,0.0020575111091313096,0.0034039001968566083,2025,10
2025-11-01,41,9.226864098353593,1.7390151813801416,1.183621511141239,0.0,0.4910340892406072,0.39818859456981004,1.8637572418908208,0.0,0.3836105967757399,0.5263926226052562,0.0,0.0,0.5929993709132793,0.0,0.0,0.0,4.1700651301927545,0.9115806517933501,2.917425238838112,0.10840108401084012,0.0,0.1460493646852636,0.0,1.1366359024692898,0.45632991422558805,0.0,0.0,0.0,0.4660624717456353,0.0,0.344644750795334,0.0,0.37291428860026976,0.0,0.0,0.0,0.0,0.0,0.0,0.10840108401084012,0.2747115720331342,0.10792143319663285,0.0,0.0,0.0,0.10162601626016261,0.0,0.0,0.2965625783096474,1.8637572418908208,0.0,0.0,0.0,0.0,0.0,0.0,0.0,0.0,0.0,0.23928962693882258,0.0,0.1443209698369173,0.0,0.0,0.11839924224484963,1.0510905587447905,1.67101972860714,10.804878048780488,1.9928596103060963,2.730757713542885,3.4402425737249547,0.6571471112229773,7.024390243902439,0.8171758123250322,1.9928596103060963,4.16227663246456,24.380942702284166,2.110400006514866,-2.0637764656891973,19.24957210552349,14.56934378836699,18.93105383429726,21.942801028475735,22.50497950758827,0.0016949361032556347,0.003949099730382807,2025,11
2025-12-01,24,8.879232414039864,0.6038558374964667,1.5049821924355236,0.0,1.454546562620558,0.4499718615978731,1.9201120300036558,1.4594628464695985,0.8354476286681867,0.8835432111021899,0.0,0.0,0.9869278677005665,0.2158894645941278,1.0931522025734248,0.0,1.9029640907410343,0.19747235387045814,2.7179101741256915,0.8813730493323709,0.0,0.0,0.0,0.0,0.6038558374964667,0.0,0.0,0.0,0.4069731300604535,0.0,0.24224806201550386,0.0,0.8557610003595663,0.0,0.0,0.0,0.0,0.0,0.0,0.8813730493323709,0.3008423586040915,0.27233115468409586,0.0,0.0,0.0,0.0,0.2340823970037453,0.0,0.2158894645941278,1.9201120300036558,0.0,0.0,0.0,0.0,0.2158894645941278,0.0,0.0,1.0931522025734248,0.15042117930204574,0.6625568956114786,0.17289073305670818,0.0,0.0,0.0,2.5995009076788596,0.6067961165048544,1.7029065965461847,11.25,1.9952587465012959,2.751637056128768,3.419790993800518,0.6302134129221769,7.0,0.81189109099276,1.9952587465012959,3.1698230167212222,25.609475478225477,2.07229343806774,3.356611396996572,18.68925489859642,14.121573361399783,18.931139499437762,21.170574032007206,22.273910197781078,0.0011591494896949631,0.0034513242951856077,2025,12
2026-01-01,36,10.060037556879317,1.6346253862001727,1.1183359351257696,0.0,0.8685540231249935,1.0615086961752107,1.1328141741181263,0.8779308636887149,0.5494375152568391,0.9811365116512596,0.0,0.0,0.44493429621093306,0.16436554898093358,0.5617741793100886,0.0,1.6716092031344434,0.7553552189083261,5.2051373660615505,0.27572523262178433,0.0,0.22194446202420381,0.0,0.3284072249589491,0.7426368107539643,0.0,0.34163688846305557,0.0,0.13683634373289547,0.0,0.3493898760050731,0.12980269989615784,0.5023070154916431,0.0,0.0,0.0,0.0,0.0,0.0,0.27572523262178433,0.24309426483339525,0.24206872032958993,0.0,0.10766580534022394,0.0,0.2351436911892206,0.0,0.0,0.8263650049859902,1.1328141741181263,0.0,0.0,0.0,0.0,0.16436554898093358,0.15179113539769276,0.0,0.5617741793100886,0.0,0.41963481536068126,0.0,0.0,0.0,0.12980269989615784,0.15179113539769276,0.7687016573765459,2.0199988974195033,10.805555555555555,1.9765770240052316,2.718805144888113,3.33998905480935,0.5923952158589361,7.361111111111111,0.8196437597744499,1.9765770240052316,4.748147463014012,23.153097442680778,2.0797462743052555,3.013290838706457,18.33000037108918,14.25495098258315,18.57274077197296,20.72634916806764,21.93563465582654,0.002339519562847737,0.004709062060459609,2026,1
2026-02-01,29,8.954167079533885,1.5751472703155984,0.6287771451629562,0.0,0.3881176294969399,0.6797154773487883,1.237293638185287,1.1678912806721717,0.69864987136608,0.0,0.0,0.0,0.37479051343253267,0.0,0.8557278539369986,0.0,2.5878385687106116,1.3465517946747187,3.7892583487790232,0.0,0.0,0.3907676980129518,0.0,0.3559510567296997,0.3214652836183534,0.0,0.5069632319545934,0.0,0.1430819859779654,0.0,0.0,0.0,0.48569515918499073,0.0,0.0,0.0,0.0,0.0,0.0,0.0,0.16420361247947457,0.22391401701746533,0.0,0.0,0.0,0.37758233822505355,0.1424907381020234,0.0,0.15964240102171137,1.237293638185287,0.0,0.0,0.0,0.0,0.0,0.0,0.0,0.8557278539369986,0.31216342673517306,0.69864987136608,0.0,0.0,0.0,0.0,0.0,1.2417418032485001,2.226268748383403,11.0,2.0912198910816295,2.7352911924340306,3.4769309064163205,0.700651976698768,8.0,0.8075047408791998,2.0912198910816295,4.321876131593194,22.95655197293128,2.1058156441057405,4.0382719033901635,17.792126204419425,14.417320077924286,18.07425691696569,20.018852099631665,21.37070900691633,0.0025266131436619773,0.0027420165708491834,2026,2
2026-03-01,37,11.884692801877863,1.3973721933392835,1.2426757766584102,0.0,0.5002331381672687,0.12397718819737169,0.8692610140010041,1.6577535781073762,0.5342590870288888,0.5080489191257662,0.7180017133207778,0.0,0.8141850109334264,0.2526773168975004,1.4050762612098757,0.0,1.7225396032684184,2.020483743372993,4.443680233749105,0.0,0.0,0.3960727644938172,0.0,0.5043529062535741,0.35469901192332903,0.0,0.14224751066856328,0.0,0.5273949176573525,0.0,0.0,0.30296412215119306,0.4123167368498648,0.0,0.0,0.0,0.0,0.0,0.0,0.0,0.38064452300343227,0.1195886151638364,0.0,0.0,0.0,0.0,0.0,0.0,0.12397718819737169,0.8692610140010041,0.0,0.0,0.0,0.0,0.2526773168975004,0.0,0.0,1.4050762612098757,0.0,0.4311024953226788,0.0,0.10315659170621001,0.0,0.0,1.6961482670660748,0.9078221278332682,2.899367010620537,11.108108108108109,1.959637122050218,2.706521552376917,3.419012354374651,0.613283085093327,6.918918918918919,0.7883514852166206,1.959637122050218,5.696299829623004,24.486454311454313,2.0896401926515553,2.0307034367186416,18.613159905872624,14.32266610740938,18.767395585983518,21.17550206967205,22.210984072276435,0.0017620587901143834,0.003262578065726672,2026,3
2026-04-01,38,8.792149361817238,1.3819427597246599,0.8351807357231683,0.0,0.24199578092872973,0.4784403784855558,0.8944507402014492,0.3723701792254302,0.5026244256973632,1.0159471581418236,0.0,0.0,0.4053715067547805,0.0,0.3723701792254302,0.0,1.570394374934884,1.682584377797166,3.7454817649631527,0.0,0.0,0.1414827391058291,0.12183235867446394,0.7603046699984827,0.2530598340511473,0.0,0.10526315789473684,0.0,0.0,0.0,0.41410041060097047,0.0,0.4210803251221978,0.0,0.0,0.0,0.0,0.0,0.0,0.0,0.0,0.12183235867446394,0.12016342225426578,0.0,0.0,0.4784403784855558,0.0,0.0,0.0,0.8944507402014492,0.0,0.0,0.0,0.0,0.0,0.0,0.0,0.3723701792254302,0.0,0.5026244256973632,0.0,0.0,0.0,0.0,0.9368659744599593,1.2440026869047875,2.908014990996803,10.657894736842104,1.9712511390550418,2.747943336581219,3.498564682919312,0.7446278175500282,7.605263157894737,0.8678885193881652,1.9712511390550418,5.081538995415753,24.192356839067365,2.1083851888794243,3.4550028547193,18.08892290471846,14.443829115629818,18.001877814792007,20.497491229095385,21.272681135276102,0.0022008682356540036,0.0029340266277639213,2026,4
