month_ts,paper_count,marker_words_total_per_1k_words_monthly_mean,marker_verbs_total_per_1k_words_monthly_mean,marker_adjectives_total_per_1k_words_monthly_mean,marker_phrases_total_per_1k_words_monthly_mean,sequential_markers_total_per_1k_words_monthly_mean,causal_markers_total_per_1k_words_monthly_mean,contrast_markers_total_per_1k_words_monthly_mean,emphasis_markers_total_per_1k_words_monthly_mean,summary_markers_total_per_1k_words_monthly_mean,word_finding_per_1k_words_monthly_mean,word_interplay_per_1k_words_monthly_mean,word_realm_per_1k_words_monthly_mean,word_insight_per_1k_words_monthly_mean,word_notably_per_1k_words_monthly_mean,word_particularly_per_1k_words_monthly_mean,word_meticulously_per_1k_words_monthly_mean,word_while_per_1k_words_monthly_mean,word_within_per_1k_words_monthly_mean,word_across_per_1k_words_monthly_mean,word_additionally_per_1k_words_monthly_mean,verb_delve_per_1k_words_monthly_mean,verb_underscore_per_1k_words_monthly_mean,verb_showcase_per_1k_words_monthly_mean,verb_enhance_per_1k_words_monthly_mean,verb_exhibit_per_1k_words_monthly_mean,verb_garner_per_1k_words_monthly_mean,verb_align_per_1k_words_monthly_mean,verb_foster_per_1k_words_monthly_mean,adjective_crucial_per_1k_words_monthly_mean,adjective_pivotal_per_1k_words_monthly_mean,adjective_comprehensive_per_1k_words_monthly_mean,adjective_intricate_per_1k_words_monthly_mean,adjective_potential_per_1k_words_monthly_mean,phrase_meticulously_delve_per_1k_words_monthly_mean,phrase_intricate_web_per_1k_words_monthly_mean,phrase_comprehensive_chapter_per_1k_words_monthly_mean,phrase_deep_dive_per_1k_words_monthly_mean,phrase_intricate_interplay_per_1k_words_monthly_mean,phrase_essential_insight_per_1k_words_monthly_mean,sequential_marker_additionally_per_1k_words_monthly_mean,sequential_marker_furthermore_per_1k_words_monthly_mean,sequential_marker_moreover_per_1k_words_monthly_mean,sequential_marker_subsequently_per_1k_words_monthly_mean,sequential_marker_further_per_1k_words_monthly_mean,causal_marker_hence_per_1k_words_monthly_mean,causal_marker_thus_per_1k_words_monthly_mean,causal_marker_consequently_per_1k_words_monthly_mean,causal_marker_accordingly_per_1k_words_monthly_mean,causal_marker_thereby_per_1k_words_monthly_mean,contrast_marker_however_per_1k_words_monthly_mean,contrast_marker_nonetheless_per_1k_words_monthly_mean,contrast_marker_nevertheless_per_1k_words_monthly_mean,contrast_marker_conversely_per_1k_words_monthly_mean,contrast_marker_alternatively_per_1k_words_monthly_mean,emphasis_marker_notably_per_1k_words_monthly_mean,emphasis_marker_crucially_per_1k_words_monthly_mean,emphasis_marker_remarkably_per_1k_words_monthly_mean,emphasis_marker_particularly_per_1k_words_monthly_mean,emphasis_marker_importantly_per_1k_words_monthly_mean,summary_marker_overall_per_1k_words_monthly_mean,summary_marker_collectively_per_1k_words_monthly_mean,summary_marker_ultimately_per_1k_words_monthly_mean,summary_marker_in_summary_per_1k_words_monthly_mean,summary_marker_taken_together_per_1k_words_monthly_mean,em_dash_per_1k_words_monthly_mean,semicolon_per_1k_words_monthly_mean,colon_per_1k_words_monthly_mean,clause_depth_monthly_mean,clause_depth_std_monthly_mean,dependency_entropy_monthly_mean,dependency_length_monthly_mean,dependency_length_std_monthly_mean,coordination_count_monthly_mean,coordination_per_sentence_std_monthly_mean,sentence_depth_std_monthly_mean,list_of_three_per_1k_words_monthly_mean,avg_words_per_sentence_monthly_mean,avg_syllables_per_word_monthly_mean,flesch_reading_ease_monthly_mean,flesch_kincaid_grade_monthly_mean,dale_chall_monthly_mean,smog_index_monthly_mean,automated_readability_index_monthly_mean,gunning_fog_monthly_mean,hedge_ratio_monthly_mean,certainty_ratio_monthly_mean,year,month
2015-01-01,1,0.0,0.0,3.2679738562091503,0.0,0.0,0.0,0.0,0.0,0.0,0.0,0.0,0.0,0.0,0.0,0.0,0.0,0.0,0.0,0.0,0.0,0.0,0.0,0.0,0.0,0.0,0.0,0.0,0.0,0.0,0.0,0.0,0.0,3.2679738562091503,0.0,0.0,0.0,0.0,0.0,0.0,0.0,0.0,0.0,0.0,0.0,0.0,0.0,0.0,0.0,0.0,0.0,0.0,0.0,0.0,0.0,0.0,0.0,0.0,0.0,0.0,0.0,0.0,0.0,0.0,0.0,0.0,0.0,0.0,11.0,2.1788191176076888,2.821547420352955,3.324404761904762,0.7524464672326895,8.0,0.646206172658864,2.1788191176076888,0.0,21.785714285714285,1.7344262295081967,41.88905894962488,12.567382636655953,12.128313847802787,15.292465652647298,13.259046087888535,16.653461950696677,0.006535947712418301,0.0,2015,1
2015-02-01,4,1.016260162601626,0.0,5.050623969861078,0.0,2.032520325203252,1.6129032258064515,1.016260162601626,0.0,0.0,1.016260162601626,0.0,0.0,0.0,0.0,0.0,0.0,0.0,0.0,0.0,0.0,0.0,0.0,0.0,0.0,0.0,0.0,0.0,0.0,1.8248175182481752,0.0,0.0,0.0,3.225806451612903,0.0,0.0,0.0,0.0,0.0,0.0,0.0,0.0,0.0,1.016260162601626,1.016260162601626,0.0,0.0,0.0,0.0,1.6129032258064515,1.016260162601626,0.0,0.0,0.0,0.0,0.0,0.0,0.0,0.0,0.0,0.0,0.0,0.0,0.0,0.0,0.0,6.6342376906915135,0.0,10.5,1.5799574862649124,2.6855577328913145,3.048112343155847,0.431902534565136,6.0,0.9429559145475692,1.5799574862649124,6.458623800541294,26.675,1.9606685856160646,12.638589719130465,17.816916662501114,12.926880348407092,17.62471665073446,19.424225119474315,20.296798798098287,0.003437720744054627,0.003437720744054627,2015,2
2015-03-01,2,0.0,0.0,0.0,0.0,0.0,0.0,2.617801047120419,0.0,0.0,0.0,0.0,0.0,0.0,0.0,0.0,0.0,0.0,0.0,0.0,0.0,0.0,0.0,0.0,0.0,0.0,0.0,0.0,0.0,0.0,0.0,0.0,0.0,0.0,0.0,0.0,0.0,0.0,0.0,0.0,0.0,0.0,0.0,0.0,0.0,0.0,0.0,0.0,0.0,0.0,2.617801047120419,0.0,0.0,0.0,0.0,0.0,0.0,0.0,0.0,0.0,0.0,0.0,0.0,0.0,0.0,0.0,2.617801047120419,0.0,12.5,3.057789387669014,2.8510029312883045,3.1853703703703706,0.7387853522745988,7.0,0.7379500364742666,3.057789387669014,2.617801047120419,22.44642857142857,1.8996293550778356,24.413931451612925,14.977898745519715,12.066368279569893,16.67612003250366,16.43663306451613,18.975806451612904,0.002617801047120419,0.0,2015,3
2015-04-01,4,5.004890274466654,0.0,1.0,0.0,0.0,0.9398496240601504,1.445086705202312,0.0,0.0,0.0,0.0,0.0,0.0,0.0,0.0,0.0,4.065040650406504,0.9398496240601504,0.0,0.0,0.0,0.0,0.0,0.0,0.0,0.0,0.0,0.0,0.0,1.0,0.0,0.0,0.0,0.0,0.0,0.0,0.0,0.0,0.0,0.0,0.0,0.0,0.0,0.0,0.0,0.9398496240601504,0.0,0.0,0.0,1.445086705202312,0.0,0.0,0.0,0.0,0.0,0.0,0.0,0.0,0.0,0.0,0.0,0.0,0.0,0.0,0.0,0.0,2.032520325203252,11.25,2.1686049157193725,2.7357644884815393,3.3122257734136205,0.6617378333274269,6.75,0.9077461858581856,2.1686049157193725,1.9398496240601504,25.51439393939394,1.9117976943055166,25.05241534600539,14.955130323397688,12.79846910770588,17.037122688018968,16.170206629587007,19.0430676781576,0.006449976979668967,0.002,2015,4
2015-07-01,1,0.0,0.0,0.0,0.0,0.0,0.0,0.0,0.0,0.0,0.0,0.0,0.0,0.0,0.0,0.0,0.0,0.0,0.0,0.0,0.0,0.0,0.0,0.0,0.0,0.0,0.0,0.0,0.0,0.0,0.0,0.0,0.0,0.0,0.0,0.0,0.0,0.0,0.0,0.0,0.0,0.0,0.0,0.0,0.0,0.0,0.0,0.0,0.0,0.0,0.0,0.0,0.0,0.0,0.0,0.0,0.0,0.0,0.0,0.0,0.0,0.0,0.0,0.0,0.0,0.0,0.0,7.352941176470588,22.0,6.348228099241551,2.6331114173446295,2.9662162162162162,0.697851120125142,4.0,0.8366600265340756,6.348228099241551,0.0,27.0,1.8888888888888888,19.630000000000024,17.228888888888893,12.344366666666668,18.878054631974784,20.050888888888885,21.17037037037037,0.0,0.0,2015,7
2015-08-01,2,2.3584905660377355,0.0,2.3584905660377355,0.0,2.3584905660377355,0.0,2.3584905660377355,0.0,0.0,0.0,0.0,0.0,0.0,0.0,0.0,0.0,2.3584905660377355,0.0,0.0,0.0,0.0,0.0,0.0,0.0,0.0,0.0,0.0,0.0,0.0,0.0,0.0,0.0,2.3584905660377355,0.0,0.0,0.0,0.0,0.0,0.0,0.0,2.3584905660377355,0.0,0.0,0.0,0.0,0.0,0.0,0.0,0.0,2.3584905660377355,0.0,0.0,0.0,0.0,0.0,0.0,0.0,0.0,0.0,0.0,0.0,0.0,0.0,0.0,0.0,4.716981132075471,4.716981132075471,14.5,3.5139037756894234,2.8397528160086836,4.0201927710843375,0.9151026106796574,11.0,1.6737695151933614,3.5139037756894234,13.134352635003253,33.93333333333334,1.923237110440902,10.92707905138343,19.486168642951256,13.466364877344878,19.41476567794509,22.387946428571425,22.729074596900684,0.0021551724137931034,0.0021551724137931034,2015,8
2015-09-01,4,4.353233830845771,0.0,1.8656716417910448,0.0,1.243781094527363,0.0,0.0,2.487562189054726,0.0,0.0,0.0,0.0,0.0,0.0,2.487562189054726,0.0,0.9328358208955224,0.0,0.9328358208955224,0.0,0.0,0.0,0.0,0.0,0.0,0.0,0.0,0.0,0.0,0.0,0.0,0.0,1.8656716417910448,0.0,0.0,0.0,0.0,0.0,0.0,0.0,0.0,1.243781094527363,0.0,0.0,0.0,0.0,0.0,0.0,0.0,0.0,0.0,0.0,0.0,0.0,0.0,0.0,0.0,2.487562189054726,0.0,0.0,0.0,0.0,0.0,0.0,0.0,0.0,0.0,14.25,2.7384095067702514,2.743524134573221,3.3700902813217226,0.7100146854495362,9.25,0.8931079587103392,2.7384095067702514,2.865497076023392,25.093434343434343,2.0006411855967263,23.726217304123175,15.296698154583037,13.239487492023624,15.902853665651214,16.108863404436285,17.543471578834524,0.0037313432835820895,0.0008771929824561404,2015,9
2015-10-01,4,1.4534883720930232,0.0,0.0,0.0,1.4534883720930232,0.0,1.3227513227513228,0.0,0.0,0.0,0.0,0.0,0.0,0.0,0.0,0.0,0.0,0.0,1.4534883720930232,0.0,0.0,0.0,0.0,0.0,0.0,0.0,0.0,0.0,0.0,0.0,0.0,0.0,0.0,0.0,0.0,0.0,0.0,0.0,0.0,0.0,1.4534883720930232,0.0,0.0,0.0,0.0,0.0,0.0,0.0,0.0,1.3227513227513228,0.0,0.0,0.0,0.0,0.0,0.0,0.0,0.0,0.0,0.0,0.0,0.0,0.0,0.0,1.4970059880239521,2.9069767441860463,0.0,11.25,1.9959224429599072,2.7650250042395355,3.0756638511241916,0.5791052376702251,7.75,1.3336987794439856,1.9959224429599072,2.9069767441860463,24.71785714285714,1.9220944031098983,30.027704212953644,13.912057063696626,12.387097404978615,15.214112913014816,14.70351374192611,16.911810748405845,0.01096677472455816,0.005552479389688692,2015,10
2015-11-01,4,6.482038932370058,0.0,2.667774888060702,0.0,0.0,1.0121457489878543,5.483405483405483,1.5151515151515151,0.0,1.6556291390728477,0.0,0.0,3.3112582781456954,0.0,1.5151515151515151,0.0,0.0,0.0,0.0,0.0,0.0,0.0,0.0,0.0,0.0,0.0,0.0,0.0,0.0,0.0,0.0,0.0,2.667774888060702,0.0,0.0,0.0,0.0,0.0,0.0,0.0,0.0,0.0,0.0,0.0,0.0,1.0121457489878543,0.0,0.0,0.0,3.968253968253968,0.0,1.5151515151515151,0.0,0.0,0.0,0.0,0.0,1.5151515151515151,0.0,0.0,0.0,0.0,0.0,0.0,0.0,0.0,0.0,12.5,2.8640587360517094,2.72426720088091,3.552287222982807,0.9672489818099369,6.5,1.0343802105325515,2.8640587360517094,3.0303030303030303,21.391369047619047,1.897060975609756,28.581916929264807,14.449598232186865,12.79585412064111,15.52161528571833,16.388012046037264,17.255134630244278,0.0010121457489878543,0.0016556291390728477,2015,11
2015-12-01,1,0.0,0.0,4.291845493562231,0.0,0.0,0.0,0.0,0.0,0.0,0.0,0.0,0.0,0.0,0.0,0.0,0.0,0.0,0.0,0.0,0.0,0.0,0.0,0.0,0.0,0.0,0.0,0.0,0.0,0.0,0.0,0.0,0.0,4.291845493562231,0.0,0.0,0.0,0.0,0.0,0.0,0.0,0.0,0.0,0.0,0.0,0.0,0.0,0.0,0.0,0.0,0.0,0.0,0.0,0.0,0.0,0.0,0.0,0.0,0.0,0.0,0.0,0.0,0.0,0.0,0.0,0.0,8.583690987124463,4.291845493562231,11.0,2.4976179127511156,2.9991353162807477,4.174242424242424,1.0002443785474058,8.0,1.2149857925879117,2.4976179127511156,4.291845493562231,33.142857142857146,1.603448275862069,46.412222222222255,13.272482269503548,10.508504728132388,14.554592549557764,15.095385342789598,15.891252955082743,0.012875536480686695,0.0,2015,12
2016-01-01,1,0.0,0.0,0.0,0.0,0.0,6.329113924050633,0.0,0.0,0.0,0.0,0.0,0.0,0.0,0.0,0.0,0.0,0.0,0.0,0.0,0.0,0.0,0.0,0.0,0.0,0.0,0.0,0.0,0.0,0.0,0.0,0.0,0.0,0.0,0.0,0.0,0.0,0.0,0.0,0.0,0.0,0.0,0.0,0.0,0.0,0.0,6.329113924050633,0.0,0.0,0.0,0.0,0.0,0.0,0.0,0.0,0.0,0.0,0.0,0.0,0.0,0.0,0.0,0.0,0.0,0.0,0.0,0.0,0.0,13.0,2.6095064302514777,2.7004403537594652,2.819672131147541,0.40382619933482183,10.0,0.7867957924694432,2.6095064302514777,18.9873417721519,22.428571428571427,2.159235668789809,9.99753012048194,17.756161790017213,13.754053872633392,19.5731925562951,18.9992512908778,22.979690189328746,0.0,0.0,2016,1
2016-03-01,4,0.0,1.2376237623762376,0.0,0.0,0.0,1.2376237623762376,0.0,0.0,0.0,0.0,0.0,0.0,0.0,0.0,0.0,0.0,0.0,0.0,0.0,0.0,0.0,0.0,0.0,1.2376237623762376,0.0,0.0,0.0,0.0,0.0,0.0,0.0,0.0,0.0,0.0,0.0,0.0,0.0,0.0,0.0,0.0,0.0,0.0,0.0,0.0,0.0,1.2376237623762376,0.0,0.0,0.0,0.0,0.0,0.0,0.0,0.0,0.0,0.0,0.0,0.0,0.0,0.0,0.0,0.0,0.0,0.0,0.0,0.0,7.335184737985994,12.0,2.381470405782957,2.712421183102443,3.2248069462743376,0.6953836985299864,5.5,0.27883876791260265,2.381470405782957,0.0,23.417460317460318,1.9489638792627648,16.980454106280213,15.752490016959607,13.213633455941736,17.00470402984537,17.488240645970073,19.793649325286697,0.0,0.0,2016,3
2016-04-01,1,0.0,0.0,0.0,0.0,8.032128514056224,0.0,4.016064257028112,0.0,0.0,0.0,0.0,0.0,0.0,0.0,0.0,0.0,0.0,0.0,0.0,0.0,0.0,0.0,0.0,0.0,0.0,0.0,0.0,0.0,0.0,0.0,0.0,0.0,0.0,0.0,0.0,0.0,0.0,0.0,0.0,0.0,0.0,4.016064257028112,0.0,4.016064257028112,0.0,0.0,0.0,0.0,0.0,4.016064257028112,0.0,0.0,0.0,0.0,0.0,0.0,0.0,0.0,0.0,0.0,0.0,0.0,0.0,0.0,12.048192771084338,0.0,0.0,16.0,3.5228843701879127,2.7809018525814393,4.043636363636364,0.7787575273436209,4.0,0.7559289460184544,3.5228843701879127,4.016064257028112,31.0,1.907258064516129,15.874648526077095,17.807891156462592,12.52725283446712,18.599290044081553,19.326090702947845,21.011337868480727,0.004016064257028112,0.004016064257028112,2016,4
2016-05-01,1,6.756756756756757,6.756756756756757,0.0,0.0,6.756756756756757,6.756756756756757,0.0,0.0,0.0,6.756756756756757,0.0,0.0,0.0,0.0,0.0,0.0,0.0,0.0,0.0,0.0,0.0,0.0,0.0,6.756756756756757,0.0,0.0,0.0,0.0,0.0,0.0,0.0,0.0,0.0,0.0,0.0,0.0,0.0,0.0,0.0,0.0,6.756756756756757,0.0,0.0,0.0,0.0,6.756756756756757,0.0,0.0,0.0,0.0,0.0,0.0,0.0,0.0,0.0,0.0,0.0,0.0,0.0,0.0,0.0,0.0,0.0,0.0,0.0,0.0,0.0,10.0,2.1157009420498154,2.701125373914669,3.1533742331288344,0.7387615665445667,6.0,0.37796447300922725,2.1157009420498154,6.756756756756757,21.0,2.3197278911564627,-19.52642857142851,20.95142857142857,14.440857142857142,19.5731925562951,23.05392857142857,24.571428571428573,0.02027027027027027,0.0,2016,5
2016-07-01,1,0.0,0.0,0.0,0.0,0.0,0.0,0.0,0.0,0.0,0.0,0.0,0.0,0.0,0.0,0.0,0.0,0.0,0.0,0.0,0.0,0.0,0.0,0.0,0.0,0.0,0.0,0.0,0.0,0.0,0.0,0.0,0.0,0.0,0.0,0.0,0.0,0.0,0.0,0.0,0.0,0.0,0.0,0.0,0.0,0.0,0.0,0.0,0.0,0.0,0.0,0.0,0.0,0.0,0.0,0.0,0.0,0.0,0.0,0.0,0.0,0.0,0.0,0.0,0.0,0.0,0.0,0.0,13.0,2.5319388392523003,2.592670970381145,3.4911504424778763,0.7615713660463642,9.0,0.9910312089651149,2.5319388392523003,9.950248756218905,25.0,2.12,0.5501136363636476,19.331186868686874,13.795817171717173,18.903936251131103,20.703636363636363,22.223232323232324,0.004975124378109453,0.0,2016,7
2016-08-01,2,4.166666666666667,0.0,4.166666666666667,0.0,0.0,2.4390243902439024,6.605691056910569,0.0,0.0,4.166666666666667,0.0,0.0,0.0,0.0,0.0,0.0,0.0,0.0,0.0,0.0,0.0,0.0,0.0,0.0,0.0,0.0,0.0,0.0,0.0,0.0,0.0,0.0,4.166666666666667,0.0,0.0,0.0,0.0,0.0,0.0,0.0,0.0,0.0,0.0,0.0,0.0,2.4390243902439024,0.0,0.0,0.0,6.605691056910569,0.0,0.0,0.0,0.0,0.0,0.0,0.0,0.0,0.0,0.0,0.0,0.0,0.0,0.0,0.0,0.0,0.0,11.0,1.9285558433705141,2.7719578294112495,3.2901475271332945,0.5214484834884647,6.0,0.4823813825033618,1.9285558433705141,0.0,24.65,2.1218487394957983,12.181989734041892,16.710921841666348,13.169890012282949,17.822332407062063,17.88925461903469,20.207533713458233,0.006605691056910569,0.004166666666666667,2016,8
2016-09-01,3,3.2051282051282057,3.672957477305303,2.898550724637681,0.0,1.6025641025641029,1.6025641025641029,3.672957477305303,0.0,0.0,1.6025641025641029,0.0,0.0,0.0,0.0,0.0,0.0,0.0,1.6025641025641029,0.0,0.0,0.0,0.0,0.0,0.0,3.672957477305303,0.0,0.0,0.0,0.0,0.0,0.0,0.0,2.898550724637681,0.0,0.0,0.0,0.0,0.0,0.0,0.0,1.6025641025641029,0.0,0.0,0.0,0.0,0.0,1.6025641025641029,0.0,0.0,3.672957477305303,0.0,0.0,0.0,0.0,0.0,0.0,0.0,0.0,0.0,0.0,0.0,0.0,0.0,0.0,0.0,2.0703933747412004,7.246376811594203,10.333333333333334,1.874293517415458,2.7579155072372292,3.10093761535622,0.5875932122770543,8.0,1.0715891294286133,1.874293517415458,0.0,22.916666666666668,1.9674664138697269,17.125219566478876,16.56154126001219,12.958465966917586,17.942810822326162,17.992185994335948,20.40710604911644,0.0032051282051282055,0.0035196687370600416,2016,9
2016-10-01,6,2.8783431180691452,0.6127450980392156,0.0,0.0,0.0,0.782472613458529,2.1776903249562736,0.0,0.0,0.0,0.0,0.0,0.0,0.0,0.0,0.0,0.5952380952380952,0.0,2.2831050228310503,0.0,0.0,0.0,0.0,0.0,0.6127450980392156,0.0,0.0,0.0,0.0,0.0,0.0,0.0,0.0,0.0,0.0,0.0,0.0,0.0,0.0,0.0,0.0,0.0,0.0,0.0,0.0,0.782472613458529,0.0,0.0,0.0,2.1776903249562736,0.0,0.0,0.0,0.0,0.0,0.0,0.0,0.0,0.0,0.0,0.0,0.0,0.0,0.0,0.0,1.323040133083801,4.63608751913644,12.166666666666666,2.3111583691418,2.707089109362245,3.2323485344981115,0.7226060303289867,12.333333333333334,0.8033643475541993,2.3111583691418,7.904181831460062,23.776492026492026,1.9161594627057432,21.636560982257,15.983322548259457,13.00027967452742,16.499312556068247,17.86075460735113,18.834637918551564,0.0036764705882352945,0.0,2016,10
2016-11-01,3,1.6025641025641029,0.0,0.0,0.0,1.6025641025641029,0.0,2.968684321143338,1.6025641025641029,0.0,0.0,0.0,0.0,0.0,0.0,0.0,0.0,1.6025641025641029,0.0,0.0,0.0,0.0,0.0,0.0,0.0,0.0,0.0,0.0,0.0,0.0,0.0,0.0,0.0,0.0,0.0,0.0,0.0,0.0,0.0,0.0,0.0,0.0,0.0,0.0,1.6025641025641029,0.0,0.0,0.0,0.0,0.0,2.968684321143338,0.0,0.0,0.0,0.0,0.0,0.0,1.6025641025641029,0.0,0.0,0.0,0.0,0.0,0.0,0.0,0.0,0.0,7.067044976881043,11.666666666666666,1.9975093912715811,2.723790308917618,3.614690507350709,0.6041624367794243,10.0,1.1315908016445533,1.9975093912715811,3.672957477305303,26.51388888888889,1.9277930607741398,24.817176540308566,14.990473704612505,12.644571797004382,16.339520375567176,16.537792236054717,18.083494783826527,0.0016025641025641027,0.0034365135933204353,2016,11
2017-01-01,4,3.0710208282433755,0.0,0.0,0.0,1.1061946902654867,1.1848341232227488,2.0789573361798834,0.0,0.0,0.0,0.0,0.0,1.1061946902654867,0.0,0.0,0.0,0.992063492063492,0.9727626459143969,0.0,0.0,0.0,0.0,0.0,0.0,0.0,0.0,0.0,0.0,0.0,0.0,0.0,0.0,0.0,0.0,0.0,0.0,0.0,0.0,0.0,0.0,0.0,0.0,0.0,1.1061946902654867,0.0,1.1848341232227488,0.0,0.0,0.0,2.0789573361798834,0.0,0.0,0.0,0.0,0.0,0.0,0.0,0.0,0.0,0.0,0.0,0.0,0.0,0.0,0.0,0.0,1.1848341232227488,11.75,2.0964364870804584,2.8502513518720165,3.571098770412798,0.6797134037009043,11.25,1.0338160533168759,2.0964364870804584,4.389286995817214,27.78472222222222,1.9363640255446468,19.79154260920241,15.94370333941421,13.269647423566772,17.001934531582602,17.125888550348918,19.281514475862302,0.006867241059848064,0.0,2017,1
2017-02-01,1,0.0,0.0,5.050505050505051,0.0,5.050505050505051,0.0,0.0,0.0,0.0,0.0,0.0,0.0,0.0,0.0,0.0,0.0,0.0,0.0,0.0,0.0,0.0,0.0,0.0,0.0,0.0,0.0,0.0,0.0,0.0,0.0,5.050505050505051,0.0,0.0,0.0,0.0,0.0,0.0,0.0,0.0,0.0,0.0,0.0,0.0,5.050505050505051,0.0,0.0,0.0,0.0,0.0,0.0,0.0,0.0,0.0,0.0,0.0,0.0,0.0,0.0,0.0,0.0,0.0,0.0,0.0,0.0,0.0,0.0,0.0,11.0,2.309401076758503,2.571082353615808,2.892018779342723,0.6230389299764398,10.0,0.9428090415820634,2.309401076758503,5.050505050505051,19.7,1.9898477157360406,21.442455223880614,15.261935323383089,13.588982388059701,16.280829582073984,16.52850746268657,18.189253731343285,0.0,0.010101010101010102,2017,2
2017-03-01,5,2.864043326583884,0.0,0.7874015748031497,0.0,0.0,0.7874015748031497,1.1173184357541899,0.7874015748031497,0.0,0.0,0.0,0.0,0.0,0.0,0.0,0.0,1.1173184357541899,1.7467248908296942,0.0,0.0,0.0,0.0,0.0,0.0,0.0,0.0,0.0,0.0,0.7874015748031497,0.0,0.0,0.0,0.0,0.0,0.0,0.0,0.0,0.0,0.0,0.0,0.0,0.0,0.0,0.0,0.0,0.7874015748031497,0.0,0.0,0.0,1.1173184357541899,0.0,0.0,0.0,0.0,0.0,0.0,0.0,0.0,0.7874015748031497,0.0,0.0,0.0,0.0,0.0,0.0,0.0,6.9530191236259595,11.4,2.4238719711383134,2.8343450282435256,3.423319095965656,0.8563185150425442,7.8,0.7509138123989832,2.4238719711383134,5.879181303454386,19.96709290709291,1.9277634043823408,39.65970403956786,11.21844980876223,12.947200890468963,13.315368293961267,11.51303252667085,14.257910083197041,0.0017241379310344827,0.0017354314109320884,2017,3
2017-04-01,1,8.23045267489712,0.0,0.0,0.0,0.0,0.0,0.0,0.0,0.0,0.0,0.0,0.0,0.0,0.0,0.0,0.0,4.11522633744856,4.11522633744856,0.0,0.0,0.0,0.0,0.0,0.0,0.0,0.0,0.0,0.0,0.0,0.0,0.0,0.0,0.0,0.0,0.0,0.0,0.0,0.0,0.0,0.0,0.0,0.0,0.0,0.0,0.0,0.0,0.0,0.0,0.0,0.0,0.0,0.0,0.0,0.0,0.0,0.0,0.0,0.0,0.0,0.0,0.0,0.0,0.0,0.0,0.0,0.0,0.0,13.0,2.6095064302514777,2.800790444101519,4.088888888888889,1.1016980597568344,9.0,1.6035674514745464,2.6095064302514777,0.0,34.57142857142857,1.8181818181818181,19.37530612244899,19.251836734693878,12.332989795918369,18.548980349730343,21.677020408163266,21.836734693877553,0.00823045267489712,0.0,2017,4
2017-05-01,1,0.0,0.0,5.128205128205129,0.0,0.0,0.0,0.0,0.0,0.0,0.0,0.0,0.0,0.0,0.0,0.0,0.0,0.0,0.0,0.0,0.0,0.0,0.0,0.0,0.0,0.0,0.0,0.0,0.0,5.128205128205129,0.0,0.0,0.0,0.0,0.0,0.0,0.0,0.0,0.0,0.0,0.0,0.0,0.0,0.0,0.0,0.0,0.0,0.0,0.0,0.0,0.0,0.0,0.0,0.0,0.0,0.0,0.0,0.0,0.0,0.0,0.0,0.0,0.0,0.0,0.0,0.0,0.0,5.128205128205129,13.0,2.6034165586355513,2.6672124934891563,2.943127962085308,0.3137444192211215,9.0,0.7071067811865476,2.6034165586355513,5.128205128205129,21.555555555555557,1.9329896907216495,21.425183276059585,15.625945017182136,13.495964833906072,17.755912252390015,17.777726231386026,20.16861397479954,0.0,0.0,2017,5
2017-06-01,6,1.2165450121654502,0.0,1.5797788309636651,0.0,0.0,2.9093300951224452,0.7898894154818326,0.0,0.7898894154818326,0.0,0.0,0.0,1.2165450121654502,0.0,0.0,0.0,0.0,0.0,0.0,0.0,0.0,0.0,0.0,0.0,0.0,0.0,0.0,0.0,0.0,0.0,0.0,0.0,1.5797788309636651,0.0,0.0,0.0,0.0,0.0,0.0,0.0,0.0,0.0,0.0,0.0,0.0,1.5432098765432098,1.3661202185792352,0.0,0.0,0.7898894154818326,0.0,0.0,0.0,0.0,0.0,0.0,0.0,0.0,0.0,0.0,0.7898894154818326,0.0,0.0,0.0,3.1595576619273302,0.0,0.0,11.333333333333334,2.4561281205150265,2.685573996447932,3.206653940421645,0.6128655886257458,5.333333333333333,0.9303018943304359,2.4561281205150265,7.545522574208031,22.152777777777775,1.9149072529555065,24.67867377640069,14.762702493143662,12.580441195649662,15.96659050032231,15.749935298696542,17.627031981182014,0.0029828718716221835,0.0,2017,6
2017-07-01,4,1.25,0.0,4.699792960662526,0.0,0.0,0.0,2.4154589371980677,0.0,0.0,0.0,0.0,0.0,0.0,0.0,0.0,0.0,1.25,0.0,0.0,0.0,0.0,0.0,0.0,0.0,0.0,0.0,0.0,0.0,1.2077294685990339,0.0,0.0,0.0,3.492063492063492,0.0,0.0,0.0,0.0,0.0,0.0,0.0,0.0,0.0,0.0,0.0,0.0,0.0,0.0,0.0,0.0,2.4154589371980677,0.0,0.0,0.0,0.0,0.0,0.0,0.0,0.0,0.0,0.0,0.0,0.0,0.0,0.0,0.0,0.0,2.066115702479339,12.25,2.5805362246126857,2.8761005185377453,3.1984512907736047,0.5371754166248666,8.5,0.9888890760629082,2.5805362246126857,4.699792960662526,23.084065934065933,1.8065300927334231,31.982127304569893,14.329685365729206,12.519765924227183,16.258858006898368,16.109517450292834,18.112695488322892,0.01259144237405107,0.0,2017,7
2017-08-01,4,2.4154589371980677,0.0,1.6666666666666667,0.0,0.0,0.0,0.0,0.0,0.0,1.2077294685990339,0.0,0.0,0.0,0.0,0.0,0.0,0.0,1.2077294685990339,0.0,0.0,0.0,0.0,0.0,0.0,0.0,0.0,0.0,0.0,0.0,0.0,0.0,0.0,1.6666666666666667,0.0,0.0,0.0,0.0,0.0,0.0,0.0,0.0,0.0,0.0,0.0,0.0,0.0,0.0,0.0,0.0,0.0,0.0,0.0,0.0,0.0,0.0,0.0,0.0,0.0,0.0,0.0,0.0,0.0,0.0,0.0,0.0,0.0,0.0,11.0,2.1790380715563327,2.7858227074139412,3.5290776163572772,0.9520632324978625,6.0,0.9555608095894326,2.1790380715563327,1.2077294685990339,21.55625,1.7660664695929849,38.76347499224815,12.240458127558773,13.061946266757248,14.097955683789973,14.44365687523921,15.180659646860473,0.0028743961352657005,0.0016666666666666668,2017,8
2017-09-01,1,0.0,0.0,0.0,0.0,0.0,0.0,0.0,0.0,0.0,0.0,0.0,0.0,0.0,0.0,0.0,0.0,0.0,0.0,0.0,0.0,0.0,0.0,0.0,0.0,0.0,0.0,0.0,0.0,0.0,0.0,0.0,0.0,0.0,0.0,0.0,0.0,0.0,0.0,0.0,0.0,0.0,0.0,0.0,0.0,0.0,0.0,0.0,0.0,0.0,0.0,0.0,0.0,0.0,0.0,0.0,0.0,0.0,0.0,0.0,0.0,0.0,0.0,0.0,0.0,0.0,0.0,0.0,13.0,2.997022331772464,2.850168582295799,4.174242424242424,0.9483002281038725,11.0,0.9161253813129043,2.997022331772464,5.714285714285714,21.75,2.17816091954023,27.49474226804125,12.866863033873347,14.416391605301916,15.05375534093124,16.84192194403535,18.12017673048601,0.005714285714285714,0.0,2017,9
2017-10-01,3,2.7322404371584703,0.0,0.0,0.0,0.0,0.0,2.8281085226728018,1.3661202185792352,0.0,0.0,0.0,0.0,0.0,0.0,1.3661202185792352,0.0,0.0,1.3661202185792352,0.0,0.0,0.0,0.0,0.0,0.0,0.0,0.0,0.0,0.0,0.0,0.0,0.0,0.0,0.0,0.0,0.0,0.0,0.0,0.0,0.0,0.0,0.0,0.0,0.0,0.0,0.0,0.0,0.0,0.0,0.0,1.3661202185792352,0.0,1.461988304093567,0.0,0.0,0.0,0.0,0.0,1.3661202185792352,0.0,0.0,0.0,0.0,0.0,0.0,0.0,8.771929824561402,9.562841530054646,11.0,1.715968383469825,2.715418476382787,3.236853492313425,0.7373487687533808,7.0,0.5531963774622121,1.715968383469825,2.7322404371584703,21.541666666666668,2.0054884791791303,19.325790368532324,15.630705025547167,13.33124234254713,16.583905025306763,15.710802308175188,19.71697239185228,0.00429009682676637,0.0028281085226728024,2017,10
2017-11-01,2,0.0,0.0,0.0,0.0,0.0,0.0,0.0,0.0,0.0,0.0,0.0,0.0,0.0,0.0,0.0,0.0,0.0,0.0,0.0,0.0,0.0,0.0,0.0,0.0,0.0,0.0,0.0,0.0,0.0,0.0,0.0,0.0,0.0,0.0,0.0,0.0,0.0,0.0,0.0,0.0,0.0,0.0,0.0,0.0,0.0,0.0,0.0,0.0,0.0,0.0,0.0,0.0,0.0,0.0,0.0,0.0,0.0,0.0,0.0,0.0,0.0,0.0,0.0,0.0,0.0,0.0,0.0,11.0,2.278519915521426,2.7787916969378244,3.871810853486246,1.215688096737267,9.0,1.3916715488073181,2.278519915521426,0.0,29.0,1.91295862607338,26.020718902439043,14.319035365853658,13.717420731707318,14.886704671370094,18.562303902439027,16.77829268292683,0.008875739644970414,0.0,2017,11
2018-02-01,3,5.29100529100529,0.0,0.0,0.0,0.0,3.4246575342465753,0.0,1.3227513227513226,0.0,1.3227513227513226,0.0,0.0,0.0,1.3227513227513226,0.0,0.0,2.645502645502645,0.0,0.0,0.0,0.0,0.0,0.0,0.0,0.0,0.0,0.0,0.0,0.0,0.0,0.0,0.0,0.0,0.0,0.0,0.0,0.0,0.0,0.0,0.0,0.0,0.0,0.0,0.0,1.1415525114155252,1.1415525114155252,1.1415525114155252,0.0,0.0,0.0,0.0,0.0,0.0,0.0,1.3227513227513226,0.0,0.0,0.0,0.0,0.0,0.0,0.0,0.0,0.0,0.0,0.0,4.504504504504505,9.333333333333334,1.3891385834501058,2.838216246469924,3.548053909836387,0.7957122496601828,12.666666666666666,0.8798569341852267,1.3891385834501058,9.614310984173997,25.498015873015873,1.8586142805013683,31.301387760457686,13.966861334173098,12.622153631305975,15.311392099787852,15.266123532204423,16.928683337866143,0.003968253968253968,0.001141552511415525,2018,2
2018-03-01,2,0.0,0.0,0.0,0.0,0.0,3.6496350364963503,0.0,0.0,0.0,0.0,0.0,0.0,0.0,0.0,0.0,0.0,0.0,0.0,0.0,0.0,0.0,0.0,0.0,0.0,0.0,0.0,0.0,0.0,0.0,0.0,0.0,0.0,0.0,0.0,0.0,0.0,0.0,0.0,0.0,0.0,0.0,0.0,0.0,0.0,0.0,0.0,0.0,0.0,3.6496350364963503,0.0,0.0,0.0,0.0,0.0,0.0,0.0,0.0,0.0,0.0,0.0,0.0,0.0,0.0,0.0,0.0,0.0,0.0,12.0,2.015770460870051,2.8131221577960375,2.898212898212898,0.4232002413979991,9.5,1.0601685309841278,2.015770460870051,8.241758241758243,22.65,1.9309798505037374,25.194208229000708,15.546031830943171,13.667324466196222,17.09222268231077,16.797048713862967,19.180655588436153,0.0027472527472527475,0.0,2018,3
2018-04-01,1,3.9840637450199203,0.0,0.0,0.0,3.9840637450199203,0.0,0.0,7.968127490039841,0.0,0.0,0.0,0.0,0.0,3.9840637450199203,0.0,0.0,0.0,0.0,0.0,0.0,0.0,0.0,0.0,0.0,0.0,0.0,0.0,0.0,0.0,0.0,0.0,0.0,0.0,0.0,0.0,0.0,0.0,0.0,0.0,0.0,3.9840637450199203,0.0,0.0,0.0,0.0,0.0,0.0,0.0,0.0,0.0,0.0,0.0,0.0,0.0,3.9840637450199203,0.0,0.0,0.0,3.9840637450199203,0.0,0.0,0.0,0.0,0.0,0.0,0.0,0.0,11.0,3.0361458822299396,2.904437247649126,3.9006024096385543,1.1583255853798884,11.0,1.1832159566199232,3.0361458822299396,7.968127490039841,22.727272727272727,1.9,42.968656126482216,10.117582345191042,13.117602042160739,13.023866798666859,10.160607707509879,14.591304347826089,0.0,0.0,2018,4
2018-05-01,4,3.6530826995743055,0.0,1.2077294685990339,0.0,1.2077294685990339,0.0,1.2077294685990339,1.2376237623762376,0.0,1.2077294685990339,0.0,0.0,0.0,0.0,1.2376237623762376,0.0,1.2077294685990339,0.0,0.0,0.0,0.0,0.0,0.0,0.0,0.0,0.0,0.0,0.0,0.0,0.0,0.0,0.0,1.2077294685990339,0.0,0.0,0.0,0.0,0.0,0.0,0.0,1.2077294685990339,0.0,0.0,0.0,0.0,0.0,0.0,0.0,0.0,1.2077294685990339,0.0,0.0,0.0,0.0,0.0,0.0,0.0,1.2376237623762376,0.0,0.0,0.0,0.0,0.0,0.0,0.0,0.0,1.937984496124031,11.5,1.7879801787975707,2.761575169587877,3.4769364515762997,0.9342009658995816,6.25,1.3426660817139358,1.7879801787975707,1.937984496124031,24.0722027972028,1.9808173137483713,20.321884782639238,16.441303626921805,13.664629854828217,16.62709096858748,18.254458653825058,18.692559340401772,0.006068541636772373,0.0012077294685990338,2018,5
2018-06-01,6,4.8141020334513955,1.1820330969267139,1.1820330969267139,0.0,1.5479004840706967,0.0,0.0,0.0,0.0,0.0,0.0,0.0,0.8865248226950354,0.0,0.0,0.0,1.1820330969267139,0.7974481658692185,1.0615711252653928,0.8865248226950354,0.0,0.0,0.0,1.1820330969267139,0.0,0.0,0.0,0.0,0.0,0.0,0.0,0.0,1.1820330969267139,0.0,0.0,0.0,0.0,0.0,0.0,0.8865248226950354,0.6613756613756613,0.0,0.0,0.0,0.0,0.0,0.0,0.0,0.0,0.0,0.0,0.0,0.0,0.0,0.0,0.0,0.0,0.0,0.0,0.0,0.0,0.0,0.0,0.0,0.0,1.1820330969267139,0.0,10.5,1.914877007837316,2.8776853803331073,3.814712743601524,0.9172498550566801,7.666666666666667,0.9212119754451438,1.914877007837316,6.123078278489934,23.42089947089947,1.9409728223238887,29.687224752713107,14.14733780403092,13.156688860242076,15.889199539861352,15.987483368103703,17.628489020280806,0.0038932491340106117,0.0028786054456729757,2018,6
2018-07-01,5,1.2195121951219512,0.0,0.0,0.0,2.4390243902439024,1.2195121951219512,1.735431410932088,0.0,0.7117437722419928,0.0,0.0,0.0,0.0,0.0,0.0,0.0,0.0,0.0,1.2195121951219512,0.0,0.0,0.0,0.0,0.0,0.0,0.0,0.0,0.0,0.0,0.0,0.0,0.0,0.0,0.0,0.0,0.0,0.0,0.0,0.0,0.0,1.2195121951219512,0.0,1.2195121951219512,0.0,0.0,1.2195121951219512,0.0,0.0,0.0,1.735431410932088,0.0,0.0,0.0,0.0,0.0,0.0,0.0,0.0,0.0,0.7117437722419928,0.0,0.0,0.0,0.0,0.0,1.6338187191791058,0.0,11.8,2.178177396590725,2.769259453371352,3.6124798999013343,0.9953978122418754,12.0,1.2337629041756601,2.178177396590725,10.12011927965344,22.445194805194806,1.8985930475576083,24.795904027053968,15.208450117975929,12.437405660974765,16.672417278302582,16.544706002913745,18.60319446964281,0.0016225252392814999,0.0019312559673639444,2018,7
2018-08-01,2,5.376344086021506,0.0,4.66445662799099,0.0,2.688172043010753,0.0,0.0,0.0,0.0,0.0,0.0,0.0,0.0,0.0,0.0,0.0,2.688172043010753,0.0,2.688172043010753,0.0,0.0,0.0,0.0,0.0,0.0,0.0,0.0,0.0,0.0,2.688172043010753,0.0,0.0,1.976284584980237,0.0,0.0,0.0,0.0,0.0,0.0,0.0,0.0,0.0,0.0,2.688172043010753,0.0,0.0,0.0,0.0,0.0,0.0,0.0,0.0,0.0,0.0,0.0,0.0,0.0,0.0,0.0,0.0,0.0,0.0,0.0,0.0,0.0,5.376344086021506,0.0,11.0,1.9527390073505442,2.900567970601317,3.299690242643263,0.7613904009741927,9.5,1.032591440934721,1.9527390073505442,4.66445662799099,19.75,2.0561776061776063,21.05673087419862,15.495846343787907,13.644265203026627,16.78618481254093,17.476100184832205,19.312113633300605,0.00932891325598198,0.00932891325598198,2018,8
2018-09-01,2,5.319148936170213,0.0,5.075033405283174,0.0,2.4154589371980677,0.0,2.4154589371980677,2.6595744680851063,0.0,0.0,0.0,0.0,0.0,0.0,2.6595744680851063,0.0,0.0,2.6595744680851063,0.0,0.0,0.0,0.0,0.0,0.0,0.0,0.0,0.0,0.0,0.0,0.0,0.0,0.0,5.075033405283174,0.0,0.0,0.0,0.0,0.0,0.0,0.0,2.4154589371980677,0.0,0.0,0.0,0.0,0.0,0.0,0.0,0.0,0.0,0.0,0.0,2.4154589371980677,0.0,0.0,0.0,0.0,2.6595744680851063,0.0,0.0,0.0,0.0,0.0,0.0,0.0,0.0,2.6595744680851063,11.0,1.8914115380582555,2.8258004430816124,3.43921568627451,0.6226399127999225,10.0,0.9289278026981566,1.8914115380582555,5.319148936170213,21.9875,2.011149473028399,14.15446732026146,16.372313725490198,13.53710609786257,17.16440621390213,18.03803316551846,19.88109521285992,0.0024154589371980675,0.0026595744680851063,2018,9
2018-10-01,2,2.347417840375587,0.0,0.0,0.0,0.0,2.976190476190476,0.0,0.0,0.0,0.0,0.0,0.0,0.0,0.0,0.0,0.0,2.347417840375587,0.0,0.0,0.0,0.0,0.0,0.0,0.0,0.0,0.0,0.0,0.0,0.0,0.0,0.0,0.0,0.0,0.0,0.0,0.0,0.0,0.0,0.0,0.0,0.0,0.0,0.0,0.0,0.0,2.976190476190476,0.0,0.0,0.0,0.0,0.0,0.0,0.0,0.0,0.0,0.0,0.0,0.0,0.0,0.0,0.0,0.0,0.0,0.0,0.0,2.347417840375587,0.0,10.0,1.3353407486350957,2.854497173347833,3.503372352285396,0.6721301289970629,9.5,0.9707748968631771,1.3353407486350957,2.347417840375587,22.21527777777778,2.248644220991978,6.644454243062128,16.647111054786023,14.315115100882,17.06182314666028,17.08129524929094,20.358574435091704,0.002347417840375587,0.0,2018,10
2018-11-01,2,0.0,5.676020408163265,0.0,0.0,2.5510204081632653,2.5510204081632653,0.0,0.0,3.125,0.0,0.0,0.0,0.0,0.0,0.0,0.0,0.0,0.0,0.0,0.0,0.0,0.0,0.0,5.676020408163265,0.0,0.0,0.0,0.0,0.0,0.0,0.0,0.0,0.0,0.0,0.0,0.0,0.0,0.0,0.0,0.0,2.5510204081632653,0.0,0.0,0.0,0.0,0.0,2.5510204081632653,0.0,0.0,0.0,0.0,0.0,0.0,0.0,0.0,0.0,0.0,0.0,0.0,3.125,0.0,0.0,0.0,0.0,0.0,0.0,0.0,11.5,2.6110469980849826,2.6745263187786117,3.271638703746265,0.537606193409078,9.0,0.8852777825037297,2.6110469980849826,10.204081632653061,20.770833333333336,2.032172230285438,20.540988042406326,14.793515162721894,13.459239614151874,16.27906015190476,17.390177206607497,18.687130177514796,0.0,0.0,2018,11
2018-12-01,3,6.303927758327116,0.0,0.0,0.0,0.0,3.8562439592086313,2.5445292620865136,0.0,0.0,0.0,0.0,0.0,0.0,0.0,0.0,0.0,2.5445292620865136,3.7593984962406015,0.0,0.0,0.0,0.0,0.0,0.0,0.0,0.0,0.0,0.0,0.0,0.0,0.0,0.0,0.0,0.0,0.0,0.0,0.0,0.0,0.0,0.0,0.0,0.0,0.0,0.0,0.0,3.8562439592086313,0.0,0.0,0.0,1.2722646310432568,0.0,0.0,1.2722646310432568,0.0,0.0,0.0,0.0,0.0,0.0,0.0,0.0,0.0,0.0,0.0,0.0,0.0,2.5445292620865136,11.0,1.8058010943633056,2.815022116546606,3.5599130291485452,0.7028713936377521,10.0,0.8447457144976664,1.8058010943633056,9.02420261553938,24.594444444444445,2.02933071429432,21.02698710348061,15.604171722748701,13.584816915136651,16.601761535311635,17.460762746652982,18.79962489491557,0.0025445292620865138,0.0,2018,12
2019-01-01,4,0.0,0.0,0.0,0.0,0.0,0.0,0.0,0.0,0.0,0.0,0.0,0.0,0.0,0.0,0.0,0.0,0.0,0.0,0.0,0.0,0.0,0.0,0.0,0.0,0.0,0.0,0.0,0.0,0.0,0.0,0.0,0.0,0.0,0.0,0.0,0.0,0.0,0.0,0.0,0.0,0.0,0.0,0.0,0.0,0.0,0.0,0.0,0.0,0.0,0.0,0.0,0.0,0.0,0.0,0.0,0.0,0.0,0.0,0.0,0.0,0.0,0.0,0.0,0.0,0.0,0.0,4.878048780487805,12.25,2.3174527982133633,2.7459728741909766,3.2797615743320425,0.6351565617735586,8.25,1.078324789407624,2.3174527982133633,2.4390243902439024,28.508333333333333,1.9110762019574814,24.283392355322725,15.971185818051918,13.269921744710398,17.763858117661073,16.843212371671157,20.369682515626792,0.0015923566878980893,0.005842975281040543,2019,1
2019-02-01,6,3.1653284715264456,0.7751937984496124,0.0,0.0,0.0,0.7974481658692185,0.7183908045977011,0.7183908045977011,0.6218905472636816,0.0,0.0,0.0,0.0,0.0,0.7183908045977011,0.0,1.7285468623310436,0.0,0.7183908045977011,0.0,0.0,0.0,0.0,0.7751937984496124,0.0,0.0,0.0,0.0,0.0,0.0,0.0,0.0,0.0,0.0,0.0,0.0,0.0,0.0,0.0,0.0,0.0,0.0,0.0,0.0,0.7974481658692185,0.0,0.0,0.0,0.0,0.7183908045977011,0.0,0.0,0.0,0.0,0.0,0.0,0.0,0.7183908045977011,0.0,0.0,0.0,0.6218905472636816,0.0,0.0,0.0,0.0,5.064676137708683,11.0,2.1669361198684616,2.7936737342485785,3.2973273524045026,0.6218169144244688,8.5,0.8151217347678125,2.1669361198684616,7.542963983357712,24.321164021164023,2.0149036358795627,15.055192612372835,16.61598711636373,12.836589370323361,17.328893588640526,17.7234197547468,20.1054929610526,0.000946969696969697,0.0,2019,2
2019-03-01,2,2.109704641350211,0.0,0.0,0.0,0.0,2.109704641350211,0.0,0.0,0.0,0.0,0.0,0.0,0.0,0.0,0.0,0.0,0.0,2.109704641350211,0.0,0.0,0.0,0.0,0.0,0.0,0.0,0.0,0.0,0.0,0.0,0.0,0.0,0.0,0.0,0.0,0.0,0.0,0.0,0.0,0.0,0.0,0.0,0.0,0.0,0.0,0.0,2.109704641350211,0.0,0.0,0.0,0.0,0.0,0.0,0.0,0.0,0.0,0.0,0.0,0.0,0.0,0.0,0.0,0.0,0.0,0.0,0.0,0.0,4.219409282700422,13.0,2.439616988723325,2.594668321973401,3.701217701217701,1.0485707350954785,6.5,0.8862090102803517,2.439616988723325,5.952380952380952,27.232142857142858,2.0289973453134573,2.2723684210526613,19.47248120300752,13.752892042606517,20.596382370342248,22.657867011278196,24.194110275689226,0.002109704641350211,0.0,2019,3
2019-04-01,5,4.06105062983078,1.8079418846671835,3.0711646432170445,0.0,3.667207755092709,0.0,0.9345794392523364,0.0,0.0,1.098901098901099,0.0,0.0,0.0,0.0,0.0,0.0,1.0416666666666665,0.0,0.0,1.9204828642630147,0.0,0.0,0.0,1.8079418846671835,0.0,0.0,0.0,0.0,0.0,0.0,0.0,0.0,3.0711646432170445,0.0,0.0,0.0,0.0,0.0,0.0,1.9204828642630147,0.8733624454148471,0.0,0.0,0.8733624454148471,0.0,0.0,0.0,0.0,0.0,0.9345794392523364,0.0,0.0,0.0,0.0,0.0,0.0,0.0,0.0,0.0,0.0,0.0,0.0,0.0,0.0,0.0,0.0,3.0139302109826125,11.6,2.2130094857502134,2.750125348410675,2.8673306110510293,0.500928276884445,5.6,0.6388255616286258,2.2130094857502134,7.732697640821135,19.76590909090909,1.955949563071559,25.68048513157375,14.251122730770541,13.055366484337052,15.413074269537464,15.040183884338578,17.351134767018387,0.0020887870855148343,0.0,2019,4
2019-05-01,4,0.0,0.0,0.0,0.0,0.0,0.0,0.0,0.0,0.0,0.0,0.0,0.0,0.0,0.0,0.0,0.0,0.0,0.0,0.0,0.0,0.0,0.0,0.0,0.0,0.0,0.0,0.0,0.0,0.0,0.0,0.0,0.0,0.0,0.0,0.0,0.0,0.0,0.0,0.0,0.0,0.0,0.0,0.0,0.0,0.0,0.0,0.0,0.0,0.0,0.0,0.0,0.0,0.0,0.0,0.0,0.0,0.0,0.0,0.0,0.0,0.0,0.0,0.0,0.0,0.0,0.0,4.065040650406504,10.0,2.0187193507292363,2.7875529012633553,3.050067034511201,0.7621532021009008,6.5,0.8334493802651122,2.0187193507292363,4.065040650406504,18.857142857142854,1.8294344337563413,33.385905612244905,13.30061224489796,12.103602364279045,14.639952603277553,15.00432525510204,16.080408830198746,0.0020325203252032522,0.0009225092250922509,2019,5
2019-06-01,7,1.5117157974300832,0.7892659826361484,4.024144869215292,0.0,0.0,1.4922349237518604,1.7019316924709547,1.5117157974300832,0.0,0.0,0.0,0.0,0.7558578987150416,0.0,0.7558578987150416,0.0,0.0,0.0,0.0,0.0,0.0,0.0,0.0,0.0,0.7892659826361484,0.0,0.0,0.0,0.0,0.0,2.012072434607646,0.0,2.012072434607646,0.0,0.0,0.0,0.0,0.0,0.0,0.0,0.0,0.0,0.0,0.0,0.0,0.7558578987150416,0.7363770250368189,0.0,0.0,1.7019316924709547,0.0,0.0,0.0,0.0,0.0,0.0,0.0,0.7558578987150416,0.7558578987150416,0.0,0.0,0.0,0.0,0.0,0.0,2.678910729423752,0.0,10.857142857142858,2.1451799400679463,2.795954850261867,3.150210039598607,0.580961158825998,7.428571428571429,0.8707797485378681,2.1451799400679463,5.149376110490522,23.309400123685837,1.8615753839780391,32.14127873203325,13.962294634058782,12.937429294114215,15.504457991064372,15.510346368026982,17.10085984873323,0.0063585347332026304,0.002012072434607646,2019,6
2019-07-01,3,2.9373706004140785,0.0,5.1356871899620655,0.0,1.4492753623188406,0.0,1.4492753623188406,0.0,0.0,0.0,0.0,0.0,0.0,0.0,0.0,0.0,1.4880952380952381,1.4492753623188406,0.0,0.0,0.0,0.0,0.0,0.0,0.0,0.0,0.0,0.0,1.4492753623188406,0.0,0.0,0.0,3.686411827643225,0.0,0.0,0.0,0.0,0.0,0.0,0.0,0.0,1.4492753623188406,0.0,0.0,0.0,0.0,0.0,0.0,0.0,1.4492753623188406,0.0,0.0,0.0,0.0,0.0,0.0,0.0,0.0,0.0,0.0,0.0,0.0,0.0,0.0,0.0,0.0,7.4016563146997925,11.333333333333334,2.1274013515742456,2.821119013403921,3.6800279469634307,0.8812458883985416,10.333333333333334,0.7129575554907678,2.1274013515742456,6.711409395973154,29.795726495726495,2.067153255826959,14.17651562459749,16.206380142720977,13.819227395728674,16.93207379490236,17.656883775150064,19.610239843367598,0.005213326941514861,0.0014492753623188406,2019,7
2019-08-01,2,5.415162454873646,0.0,1.8050541516245489,0.0,3.4965034965034967,1.8050541516245489,0.0,0.0,0.0,0.0,0.0,0.0,1.8050541516245489,0.0,0.0,0.0,0.0,0.0,3.6101083032490977,0.0,0.0,0.0,0.0,0.0,0.0,0.0,0.0,0.0,0.0,0.0,0.0,0.0,1.8050541516245489,0.0,0.0,0.0,0.0,0.0,0.0,0.0,0.0,1.7482517482517483,0.0,1.7482517482517483,0.0,1.8050541516245489,0.0,0.0,0.0,0.0,0.0,0.0,0.0,0.0,0.0,0.0,0.0,0.0,0.0,0.0,0.0,0.0,0.0,0.0,0.0,3.6101083032490977,1.8050541516245489,9.5,1.6091610701646073,2.913762724419509,3.171160361377753,0.6390771937934547,10.0,0.7848784771667177,1.6091610701646073,0.0,21.075,1.876887871853547,31.345364723991963,13.251109853727144,12.905539271498629,15.30069807313842,14.391533282451611,17.219081437582375,0.0,0.0,2019,8
2019-09-01,2,4.444444444444445,2.2222222222222223,0.0,0.0,0.0,4.62962962962963,0.0,0.0,0.0,2.2222222222222223,0.0,0.0,0.0,0.0,0.0,0.0,2.2222222222222223,0.0,0.0,0.0,0.0,0.0,0.0,0.0,2.2222222222222223,0.0,0.0,0.0,0.0,0.0,0.0,0.0,0.0,0.0,0.0,0.0,0.0,0.0,0.0,0.0,0.0,0.0,0.0,0.0,0.0,4.62962962962963,0.0,0.0,0.0,0.0,0.0,0.0,0.0,0.0,0.0,0.0,0.0,0.0,0.0,0.0,0.0,0.0,0.0,0.0,0.0,0.0,0.0,11.5,2.167907732107131,2.758070813560478,3.3001012311008067,0.739784527197631,9.0,0.816227766016838,2.167907732107131,2.2222222222222223,21.36111111111111,1.89817673564753,31.18085467498605,13.338928571428573,13.774560219159373,14.596790888934418,15.342237921576341,15.982262370397963,0.0022222222222222222,0.0,2019,9
2019-10-01,4,1.9518222060517858,0.0,0.0,0.0,0.0,0.9057971014492754,1.8115942028985508,0.0,0.0,1.0460251046025104,0.0,0.0,0.0,0.0,0.0,0.0,0.9057971014492754,0.0,0.0,0.0,0.0,0.0,0.0,0.0,0.0,0.0,0.0,0.0,0.0,0.0,0.0,0.0,0.0,0.0,0.0,0.0,0.0,0.0,0.0,0.0,0.0,0.0,0.0,0.0,0.0,0.9057971014492754,0.0,0.0,0.0,1.8115942028985508,0.0,0.0,0.0,0.0,0.0,0.0,0.0,0.0,0.0,0.0,0.0,0.0,0.0,0.0,0.0,0.0,7.322175732217573,10.25,1.8078533768738356,2.803794799751366,3.1941549029071474,0.6930224975162464,14.5,1.1095779342187424,1.8078533768738356,8.723733869267797,21.81993006993007,1.9401756001205264,20.500463102640083,15.822340161897634,13.17849347363738,16.935774326866202,17.07703305570447,19.281730060037297,0.0020920502092050207,0.0009057971014492754,2019,10
2019-11-01,8,1.1844104764458747,0.7861635220125787,1.2841714901400687,0.0,1.2841714901400687,0.49800796812749004,0.5387931034482758,0.0,1.5368852459016393,0.0,0.0,0.0,0.0,0.0,0.0,0.0,0.6313131313131314,0.0,0.5530973451327433,0.0,0.0,0.0,0.0,0.7861635220125787,0.0,0.0,0.0,0.0,0.49800796812749004,0.0,0.0,0.0,0.7861635220125787,0.0,0.0,0.0,0.0,0.0,0.0,0.0,0.49800796812749004,0.7861635220125787,0.0,0.0,0.0,0.49800796812749004,0.0,0.0,0.0,0.5387931034482758,0.0,0.0,0.0,0.0,0.0,0.0,0.0,0.0,0.0,1.5368852459016393,0.0,0.0,0.0,0.0,0.0,0.5122950819672132,1.4174766533257102,11.125,1.9369445693916467,2.803513045078565,3.5574636218874196,0.7904451022596735,9.0,0.9601979526185324,1.9369445693916467,4.663821692046261,25.354166666666668,2.019796857488421,25.840092173031564,13.993387654041667,13.233373378085783,15.268546045929542,15.074666856948593,17.402916543537554,0.0027620979855130443,0.0036951145481259593,2019,11
2019-12-01,6,2.164502164502165,0.8547008547008548,0.0,0.0,1.8533710084161275,0.0,1.1574074074074072,0.0,0.0,0.0,0.0,0.0,0.0,0.0,0.0,0.0,0.0,2.164502164502165,0.0,0.0,0.0,0.0,0.0,0.8547008547008548,0.0,0.0,0.0,0.0,0.0,0.0,0.0,0.0,0.0,0.0,0.0,0.0,0.0,0.0,0.0,0.0,0.8051529790660226,0.0,0.0,1.0482180293501049,0.0,0.0,0.0,0.0,0.0,0.0,0.0,1.1574074074074072,0.0,0.0,0.0,0.0,0.0,0.0,0.0,0.0,0.0,0.0,0.0,0.0,0.0,0.0,0.0,12.166666666666666,2.654816156626669,2.7934553268866082,3.231707383657552,0.701109490335011,6.666666666666667,0.9020756762747713,2.654816156626669,5.250436905482025,21.04879148629149,1.933623115915623,27.379308511091242,13.942815201685937,13.063568788255237,15.614053791213896,15.075253686232363,17.72809767720385,0.0016598538337668771,0.0019029188840509598,2019,12
2020-01-01,3,3.757329438411549,0.0,0.0,0.0,0.0,0.0,0.0,0.0,0.0,1.9157088122605364,0.0,0.0,0.0,0.0,0.0,0.0,0.0,1.8416206261510129,0.0,0.0,0.0,0.0,0.0,0.0,0.0,0.0,0.0,0.0,0.0,0.0,0.0,0.0,0.0,0.0,0.0,0.0,0.0,0.0,0.0,0.0,0.0,0.0,0.0,0.0,0.0,0.0,0.0,0.0,0.0,0.0,0.0,0.0,0.0,0.0,0.0,0.0,0.0,0.0,0.0,0.0,0.0,0.0,0.0,0.0,0.0,0.0,2.710027100271003,16.0,4.0119145049153095,2.6846417182048756,3.2058979825543106,0.7312785770884647,9.333333333333334,0.9380290696751507,4.0119145049153095,7.822370088818054,20.68686868686869,1.9223010848526954,28.773506496433214,14.356183329395684,12.889459574804732,15.26540660224831,15.452511373224219,17.137846059831546,0.0018416206261510127,0.0013550135501355016,2020,1
2020-02-01,5,1.9546807049668113,0.0,1.176470588235294,0.0,1.9276354040878392,0.0,0.0,0.0,0.0,0.0,0.0,0.0,0.0,0.0,0.0,0.0,1.176470588235294,0.0,0.0,0.7782101167315175,0.0,0.0,0.0,0.0,0.0,0.0,0.0,0.0,0.0,0.0,0.0,0.0,1.176470588235294,0.0,0.0,0.0,0.0,0.0,0.0,0.7782101167315175,0.0,0.0,0.0,1.1494252873563218,0.0,0.0,0.0,0.0,0.0,0.0,0.0,0.0,0.0,0.0,0.0,0.0,0.0,0.0,0.0,0.0,0.0,0.0,0.0,0.0,0.0,0.7782101167315175,1.1494252873563218,11.4,1.86764330663427,2.731258836058882,3.209203816342461,0.5168444382960573,9.4,1.2378143207871362,1.86764330663427,5.143806674895273,25.053571428571427,1.910065092085238,19.61691156721262,16.501992634045212,12.80113392949384,17.459714347340682,18.126708775450062,19.983693924545484,0.0070714420789831115,0.002352941176470588,2020,2
2020-03-01,10,2.0345419441673482,0.5102040816326531,3.549148440788233,0.0,0.9223562575135762,0.5102040816326531,1.995524096644634,0.0,1.602762870422517,1.4997825858785778,0.0,0.0,0.0,0.0,0.0,0.0,0.0,0.0,0.0,0.5347593582887701,0.0,0.0,0.0,0.5102040816326531,0.0,0.0,0.0,0.0,0.0,0.0,0.0,0.0,3.549148440788233,0.0,0.0,0.0,0.0,0.0,0.0,0.5347593582887701,0.38759689922480617,0.0,0.0,0.0,0.0,0.5102040816326531,0.0,0.0,0.0,1.995524096644634,0.0,0.0,0.0,0.0,0.0,0.0,0.0,0.0,0.0,1.602762870422517,0.0,0.0,0.0,0.0,0.8333333333333334,0.5347593582887701,1.418097768279632,11.5,2.1414381700393714,2.776567274946977,3.920862768301531,1.1093443433445034,7.9,1.0166021825189646,2.1414381700393714,6.4449318429211315,25.253820346320346,1.9841780155943212,17.662764661693593,16.635111915643556,13.674492348299841,18.006793270299674,18.7852844105473,20.897485240065475,0.003671489007180587,0.0008978009808574591,2020,3
2020-04-01,5,5.648783362810921,0.0,4.367141028537008,0.0,2.2222222222222223,1.0869565217391304,0.0,0.0,0.6993006993006994,1.1695906432748537,0.0,0.0,0.0,0.0,0.0,0.0,0.6993006993006994,0.6993006993006994,2.0279597419873,1.0526315789473684,0.0,0.0,0.0,0.0,0.0,0.0,0.0,0.0,0.8583690987124463,0.0,0.0,0.0,3.5087719298245608,0.0,0.0,0.0,0.0,0.0,0.0,1.0526315789473684,0.0,0.0,0.0,1.1695906432748537,0.0,1.0869565217391304,0.0,0.0,0.0,0.0,0.0,0.0,0.0,0.0,0.0,0.0,0.0,0.0,0.0,0.6993006993006994,0.0,0.0,0.0,0.0,0.0,1.868891342575553,0.6993006993006994,12.2,2.451711561191261,2.8139691923796897,3.6512689804796032,0.8892712228052112,10.0,1.0914523656130517,2.451711561191261,3.655148563615383,25.220238095238095,1.8721453793633855,24.93144411142476,15.642001923118988,12.608998431949777,16.69000498041078,16.95333297540003,18.48138317067741,0.00397415450047029,0.0,2020,4
2020-05-01,4,4.340064862507836,0.0,0.0,0.0,2.6844357234349876,0.0,0.9541984732824427,0.9541984732824427,1.6556291390728477,1.6556291390728477,0.0,0.0,0.0,0.0,0.0,0.0,1.02880658436214,0.0,0.0,1.6556291390728477,0.0,0.0,0.0,0.0,0.0,0.0,0.0,0.0,0.0,0.0,0.0,0.0,0.0,0.0,0.0,0.0,0.0,0.0,0.0,1.6556291390728477,1.02880658436214,0.0,0.0,0.0,0.0,0.0,0.0,0.0,0.0,0.9541984732824427,0.0,0.0,0.0,0.0,0.0,0.0,0.0,0.0,0.9541984732824427,0.0,0.0,1.6556291390728477,0.0,0.0,0.0,0.0,0.0,11.75,2.1532925358342148,2.8746656618938062,3.3636501777123424,0.7764105733272012,7.0,0.9636621622822626,2.1532925358342148,4.8620798646075425,20.343055555555555,2.0931061397675816,20.141955354108163,14.655881644703337,13.869295337040825,16.236648681462373,15.412079593200918,19.038494014709123,0.0036386341967174305,0.00102880658436214,2020,5
2020-06-01,4,3.728719392830782,0.0,8.268594983617946,0.0,0.0,1.838235294117647,1.880656108597285,0.0,2.8421945701357467,0.0,0.0,0.0,0.0,0.0,0.0,0.0,2.7671809312923203,0.0,0.9615384615384616,0.0,0.0,0.0,0.0,0.0,0.0,0.0,0.0,0.0,0.8865248226950354,0.0,0.0,0.0,7.382070160922911,0.0,0.0,0.0,0.0,0.0,0.0,0.0,0.0,0.0,0.0,0.0,0.0,0.0,0.0,0.0,1.838235294117647,1.880656108597285,0.0,0.0,0.0,0.0,0.0,0.0,0.0,0.0,0.0,2.8421945701357467,0.0,0.0,0.0,0.0,0.0,1.9325499272975457,0.9191176470588235,10.75,2.0207489477268736,2.8511402949528253,3.413767191084955,0.7550369123629603,14.5,1.0342177498229221,2.0207489477268736,1.805642469753859,22.367861305361306,1.9102805417537487,36.70648613673178,12.587157794387217,13.102126960386524,14.416636030081495,13.574091731795258,16.048714885882895,0.004638009049773756,0.0,2020,6
2020-07-01,6,5.702074998951495,0.0,1.4572245755041455,0.0,1.6633565044687189,0.5611672278338945,0.8771929824561403,1.8531568919165817,0.5611672278338945,0.8771929824561403,0.0,0.0,0.0,0.0,1.8531568919165817,0.0,2.4105578967448795,0.5611672278338945,0.0,0.0,0.0,0.0,0.0,0.0,0.0,0.0,0.0,0.0,0.0,0.0,0.0,0.0,1.4572245755041455,0.0,0.0,0.0,0.0,0.0,0.0,0.0,0.7861635220125786,0.0,0.0,0.8771929824561403,0.0,0.5611672278338945,0.0,0.0,0.0,0.8771929824561403,0.0,0.0,0.0,0.0,0.0,0.0,0.0,1.8531568919165817,0.0,0.5611672278338945,0.0,0.0,0.0,0.0,0.0,3.508771929824561,4.9659965053287065,13.0,2.796569901214326,2.8346820196093128,3.525914871119628,0.7739879946395251,7.333333333333333,0.8550426708671134,2.796569901214326,2.5594138521389698,26.652380952380952,1.864519922378088,26.248238782279856,15.432811621906076,12.840097896927468,16.53795310330228,17.28380186168209,18.66856603745556,0.005586480062481529,0.000896057347670251,2020,7
2020-08-01,7,1.3166556945358787,0.0,1.9284712482468442,0.0,0.0,1.1074197120708749,1.8422048576326275,0.0,0.6901311249137336,0.0,0.0,0.0,0.0,0.0,0.0,0.0,1.3166556945358787,0.0,0.0,0.0,0.0,0.0,0.0,0.0,0.0,0.0,0.0,0.0,0.0,0.0,1.152073732718894,0.0,0.7763975155279503,0.0,0.0,0.0,0.0,0.0,0.0,0.0,0.0,0.0,0.0,0.0,0.0,1.1074197120708749,0.0,0.0,0.0,1.8422048576326275,0.0,0.0,0.0,0.0,0.0,0.0,0.0,0.0,0.0,0.6901311249137336,0.0,0.0,0.0,0.0,0.0,0.0,2.6333113890717574,12.285714285714286,2.7527891454263,2.7224035019666855,3.420205092551242,0.8218367579605795,8.714285714285714,0.8740208285826443,2.7527891454263,7.012452779719355,22.06031746031746,1.9297257942249015,33.156645064901234,12.89159963591911,13.350226615655457,14.76505857833676,14.245406509149346,16.45672583089324,0.004760026149690336,0.001697330003166004,2020,8
2020-09-01,3,5.565901096627353,0.0,0.0,0.0,3.714049244775502,0.0,0.0,0.0,0.0,3.714049244775502,0.0,0.0,0.0,0.0,0.0,0.0,1.8518518518518519,0.0,0.0,0.0,0.0,0.0,0.0,0.0,0.0,0.0,0.0,0.0,0.0,0.0,0.0,0.0,0.0,0.0,0.0,0.0,0.0,0.0,0.0,0.0,1.86219739292365,1.8518518518518519,0.0,0.0,0.0,0.0,0.0,0.0,0.0,0.0,0.0,0.0,0.0,0.0,0.0,0.0,0.0,0.0,0.0,0.0,0.0,0.0,0.0,0.0,8.849557522123893,14.866542520173804,20.07620910078022,13.333333333333334,3.2025672431475924,2.732544589871321,3.6855301083057177,0.8960928279787002,6.0,0.9957819157813604,3.2025672431475924,7.061518432458265,22.790476190476188,1.9805469420207977,25.52616822296137,13.829742559392576,13.399172143928036,15.326705322148007,16.165748082200185,17.295046846324738,0.0,0.0,2020,9
2020-10-01,5,0.8403361344537815,2.2988505747126435,1.9897614218101034,0.0,1.1494252873563218,0.0,4.213664241905577,1.2195121951219512,0.0,0.0,0.0,0.0,0.0,0.0,0.0,0.0,0.0,0.0,0.8403361344537815,0.0,0.0,0.0,0.0,2.2988505747126435,0.0,0.0,0.0,0.0,0.0,0.0,0.0,0.0,1.9897614218101034,0.0,0.0,0.0,0.0,0.0,0.0,0.0,0.0,1.1494252873563218,0.0,0.0,0.0,0.0,0.0,0.0,0.0,4.213664241905577,0.0,0.0,0.0,0.0,0.0,1.2195121951219512,0.0,0.0,0.0,0.0,0.0,0.0,0.0,0.0,0.0,1.680672268907563,0.8403361344537815,10.4,2.040148228030965,2.8582332376658806,3.0837340234461457,0.6764647938584907,7.6,0.6658611586754664,2.040148228030965,0.0,19.639722222222222,1.8823256892132072,29.410009885873972,14.069172692378947,12.474550519592414,15.417541032297635,15.002251641919807,16.78026267848002,0.004143577334139947,0.0012195121951219512,2020,10
2020-11-01,9,0.3968253968253968,0.6385696040868454,2.632828403753514,0.0,1.5553962918386433,0.0,0.8258258258258259,0.0,1.2771392081736908,0.0,0.0,0.0,0.3968253968253968,0.0,0.0,0.0,0.0,0.0,0.0,0.0,0.0,0.0,0.0,0.6385696040868454,0.0,0.0,0.0,0.0,0.4894762604013706,0.0,0.0,0.0,2.1433521433521436,0.0,0.0,0.0,0.0,0.0,0.0,0.0,0.4894762604013706,0.6385696040868454,0.0,0.4273504273504274,0.0,0.0,0.0,0.0,0.0,0.8258258258258259,0.0,0.0,0.0,0.0,0.0,0.0,0.0,0.0,0.0,1.2771392081736908,0.0,0.0,0.0,0.0,0.0,1.4109347442680775,5.365622032288699,11.333333333333334,2.2123713609265656,2.7712363674132217,3.791139959883372,1.0662370406333397,10.777777777777779,1.5864436717786516,2.2123713609265656,6.983968095079207,26.423901715568384,1.9941139757129938,17.244961852916457,16.690063433570263,13.214625432008988,17.38146467832294,18.689276405840012,20.032303555851044,0.0022926046053799356,0.0010462843796177129,2020,11
2020-12-01,7,4.233004416313614,0.0,0.6934812760055478,0.0,1.207355890599587,1.721230505193626,1.2040057395077728,0.0,0.0,0.6901311249137336,0.0,0.0,0.0,0.0,0.0,0.0,0.0,0.513874614594039,2.335517400800293,0.6934812760055478,0.0,0.0,0.0,0.0,0.0,0.0,0.0,0.0,0.0,0.0,0.0,0.0,0.6934812760055478,0.0,0.0,0.0,0.0,0.0,0.0,0.6934812760055478,0.0,0.513874614594039,0.0,0.0,0.0,1.721230505193626,0.0,0.0,0.0,1.2040057395077728,0.0,0.0,0.0,0.0,0.0,0.0,0.0,0.0,0.0,0.0,0.0,0.0,0.0,0.0,0.0,1.8393623543838138,10.403433247255062,11.428571428571429,2.4409049888725614,2.8144467763002687,3.599588823374476,0.8867109054154655,5.142857142857143,0.8763574233999964,2.4409049888725614,5.1838044349764045,25.783730158730158,1.918729383762457,23.445738746563496,15.408947006410328,13.56705406378086,16.296163389699274,17.204350454580997,18.521076479392743,0.004615812069228218,0.002510607800307925,2020,12
2021-01-01,9,3.387982920479198,0.9456264775413712,1.0482180293501047,0.0,1.7650639074863053,1.8304753451344762,0.5341880341880343,0.0,0.5341880341880343,1.2799001892961626,0.0,0.0,0.5668934240362812,0.0,0.0,0.0,1.5411893071467542,0.0,0.0,0.0,0.0,0.0,0.0,0.0,0.9456264775413712,0.0,0.0,0.0,0.0,0.0,0.0,0.0,1.0482180293501047,0.0,0.0,0.0,0.0,0.0,0.0,0.0,1.7650639074863053,0.0,0.0,0.0,0.0,1.8304753451344762,0.0,0.0,0.0,0.5341880341880343,0.0,0.0,0.0,0.0,0.0,0.0,0.0,0.0,0.0,0.5341880341880343,0.0,0.0,0.0,0.0,0.0,2.9277170325307953,2.169457526600384,11.555555555555555,2.6399018433947563,2.804859762029913,3.4370669911835274,0.8181127945519518,8.666666666666666,0.9582200858905343,2.6399018433947563,7.903095018308431,22.360079735079736,1.9664204822955296,21.59300000879078,15.054318419861946,13.36820433471126,16.002099978937597,16.758145615817526,18.15682628658284,0.005133915915128527,0.0012698412698412698,2021,1
2021-02-01,1,5.434782608695652,5.434782608695652,0.0,0.0,0.0,0.0,0.0,0.0,0.0,0.0,0.0,0.0,0.0,0.0,0.0,0.0,0.0,0.0,5.434782608695652,0.0,0.0,0.0,0.0,0.0,0.0,0.0,5.434782608695652,0.0,0.0,0.0,0.0,0.0,0.0,0.0,0.0,0.0,0.0,0.0,0.0,0.0,0.0,0.0,0.0,0.0,0.0,0.0,0.0,0.0,0.0,0.0,0.0,0.0,0.0,0.0,0.0,0.0,0.0,0.0,0.0,0.0,0.0,0.0,0.0,0.0,0.0,5.434782608695652,0.0,12.0,2.333333333333333,2.8563788388641167,3.3781512605042017,0.776870895175195,12.0,1.0,2.333333333333333,5.434782608695652,20.333333333333332,1.9234972677595628,25.00246246246249,14.878558558558563,13.959352852852854,16.728156217252725,17.46421021021021,19.24924924924925,0.005434782608695652,0.0,2021,2
2021-03-01,2,2.109704641350211,0.0,2.127659574468085,0.0,2.127659574468085,2.109704641350211,2.127659574468085,0.0,0.0,0.0,0.0,0.0,0.0,0.0,0.0,0.0,2.109704641350211,0.0,0.0,0.0,0.0,0.0,0.0,0.0,0.0,0.0,0.0,0.0,2.127659574468085,0.0,0.0,0.0,0.0,0.0,0.0,0.0,0.0,0.0,0.0,0.0,0.0,2.127659574468085,0.0,0.0,2.109704641350211,0.0,0.0,0.0,0.0,2.127659574468085,0.0,0.0,0.0,0.0,0.0,0.0,0.0,0.0,0.0,0.0,0.0,0.0,0.0,0.0,0.0,0.0,2.109704641350211,13.0,2.534030210707609,2.8120118700605987,3.300890175890176,0.4757851838756523,8.0,0.9691429823984954,2.534030210707609,4.25531914893617,25.857142857142858,1.9882659713168187,13.186321910330179,17.922904233586298,13.671862355088326,17.560502295242326,19.753259620546142,20.977337310170817,0.0,0.002109704641350211,2021,3
2021-04-01,5,2.0052039817621923,0.0,3.237044116286957,0.0,2.7933362524606684,0.0,1.0050251256281408,0.0,0.0,0.0,0.0,0.0,0.0,0.0,0.0,0.0,2.0052039817621923,0.0,0.0,0.0,0.0,0.0,0.0,0.0,0.0,0.0,0.0,0.0,0.0,0.0,0.0,0.0,3.237044116286957,0.0,0.0,0.0,0.0,0.0,0.0,0.0,0.0,0.0,0.0,2.7933362524606684,0.0,0.0,0.0,0.0,0.0,1.0050251256281408,0.0,0.0,0.0,0.0,0.0,0.0,0.0,0.0,0.0,0.0,0.0,0.0,0.0,0.0,0.0,1.0101010101010102,3.3447313602955626,11.8,2.361010953443409,2.8660042247026722,3.3601889584161397,0.7086576733845401,7.0,1.0209733330969866,2.361010953443409,2.635444569256027,25.783116883116882,1.8824389728745738,25.77536234691208,14.97505439499806,13.367021101791181,16.442101903894617,17.77211313087215,18.5611453239354,0.0,0.0010050251256281408,2021,4
2021-05-01,2,4.0983606557377055,2.0491803278688527,1.8181818181818181,0.0,2.0491803278688527,0.0,3.6363636363636362,0.0,0.0,0.0,0.0,0.0,0.0,0.0,0.0,0.0,0.0,0.0,4.0983606557377055,0.0,0.0,0.0,0.0,0.0,2.0491803278688527,0.0,0.0,0.0,0.0,0.0,0.0,0.0,1.8181818181818181,0.0,0.0,0.0,0.0,0.0,0.0,0.0,2.0491803278688527,0.0,0.0,0.0,0.0,0.0,0.0,0.0,0.0,3.6363636363636362,0.0,0.0,0.0,0.0,0.0,0.0,0.0,0.0,0.0,0.0,0.0,0.0,0.0,0.0,0.0,0.0,5.916542473919524,11.5,2.0759356574833014,2.745175087170953,3.2891156462585034,0.5879785044976239,10.5,0.766396084706098,2.0759356574833014,4.0983606557377055,23.566666666666666,1.911132137815025,21.813027256834076,15.77542143462598,12.561592359155997,17.714827996507076,17.808043093270367,20.293504979868615,0.011602086438152012,0.0,2021,5
2021-06-01,2,2.136752136752137,0.0,0.0,0.0,4.273504273504274,0.0,0.0,0.0,0.0,2.136752136752137,0.0,0.0,0.0,0.0,0.0,0.0,0.0,0.0,0.0,0.0,0.0,0.0,0.0,0.0,0.0,0.0,0.0,0.0,0.0,0.0,0.0,0.0,0.0,0.0,0.0,0.0,0.0,0.0,0.0,0.0,0.0,2.136752136752137,0.0,2.136752136752137,0.0,0.0,0.0,0.0,0.0,0.0,0.0,0.0,0.0,0.0,0.0,0.0,0.0,0.0,0.0,0.0,0.0,0.0,0.0,0.0,0.0,0.0,0.0,13.5,2.418771168979654,2.6913327606128736,3.4431415755095616,0.8184582459873753,11.5,1.2302274481294246,2.418771168979654,10.288926049795617,28.89090909090909,1.872018574544431,22.971933300970136,16.530890311842626,11.974661642509844,17.408203637495838,18.13961422285921,19.713982600923124,0.00641025641025641,0.002136752136752137,2021,6
2021-07-01,1,5.025125628140704,0.0,0.0,0.0,0.0,0.0,5.025125628140704,0.0,0.0,0.0,0.0,0.0,0.0,0.0,0.0,0.0,5.025125628140704,0.0,0.0,0.0,0.0,0.0,0.0,0.0,0.0,0.0,0.0,0.0,0.0,0.0,0.0,0.0,0.0,0.0,0.0,0.0,0.0,0.0,0.0,0.0,0.0,0.0,0.0,0.0,0.0,0.0,0.0,0.0,0.0,5.025125628140704,0.0,0.0,0.0,0.0,0.0,0.0,0.0,0.0,0.0,0.0,0.0,0.0,0.0,0.0,0.0,0.0,5.025125628140704,12.0,2.316606713852541,2.8295907620216605,3.5395348837209304,0.40112437845616394,10.0,1.2110601416389966,2.316606713852541,10.050251256281408,33.0,1.8636363636363635,16.299476549413754,19.22540201005025,13.216240033500839,19.287186520377343,21.496197654941376,22.512897822445563,0.0,0.0,2021,7
2021-08-01,4,4.009237282699339,2.100840336134454,0.9541984732824427,0.0,1.1312217194570138,0.0,1.1312217194570138,0.0,0.0,0.0,0.0,0.0,3.0550388094168963,0.0,0.0,0.0,0.9541984732824427,0.0,0.0,0.0,0.0,0.0,0.0,2.100840336134454,0.0,0.0,0.0,0.0,0.0,0.0,0.0,0.0,0.9541984732824427,0.0,0.0,0.0,0.0,0.0,0.0,0.0,0.0,1.1312217194570138,0.0,0.0,0.0,0.0,0.0,0.0,0.0,1.1312217194570138,0.0,0.0,0.0,0.0,0.0,0.0,0.0,0.0,0.0,0.0,0.0,0.0,0.0,0.0,0.0,1.1312217194570138,0.0,11.25,1.7360790860645514,2.7273135719982964,3.53442636807751,0.5583242210647251,7.5,0.9861666497810097,1.7360790860645514,5.191790946169034,27.417361111111113,1.8993211631215723,19.943043555905625,16.800507403287135,13.058191005596058,18.008179543293245,18.88597206148421,20.567154613510112,0.0019083969465648854,0.003267973856209151,2021,8
2021-09-01,4,0.9505703422053232,0.0,0.0,0.0,0.0,3.5460992907801416,0.0,0.0,1.7730496453900708,0.0,0.0,0.0,0.0,0.0,0.0,0.0,0.9505703422053232,0.0,0.0,0.0,0.0,0.0,0.0,0.0,0.0,0.0,0.0,0.0,0.0,0.0,0.0,0.0,0.0,0.0,0.0,0.0,0.0,0.0,0.0,0.0,0.0,0.0,0.0,0.0,0.0,1.7730496453900708,1.7730496453900708,0.0,0.0,0.0,0.0,0.0,0.0,0.0,0.0,0.0,0.0,0.0,0.0,1.7730496453900708,0.0,0.0,0.0,0.0,0.0,0.9505703422053232,1.2755102040816326,16.5,4.120240977945853,2.766371371684262,3.4819238842905924,0.5344376472401449,9.5,1.5918919139266061,4.120240977945853,7.781636101842511,31.770833333333332,1.9430340270061581,21.345126281511035,16.308477131523503,13.554294462272379,17.478544970518804,17.45895413364043,19.962304745474633,0.002339459231094212,0.0017730496453900709,2021,9
2021-10-01,2,0.0,2.7027027027027026,0.0,0.0,0.0,0.0,0.0,0.0,0.0,0.0,0.0,0.0,0.0,0.0,0.0,0.0,0.0,0.0,0.0,0.0,0.0,0.0,0.0,0.0,2.7027027027027026,0.0,0.0,0.0,0.0,0.0,0.0,0.0,0.0,0.0,0.0,0.0,0.0,0.0,0.0,0.0,0.0,0.0,0.0,0.0,0.0,0.0,0.0,0.0,0.0,0.0,0.0,0.0,0.0,0.0,0.0,0.0,0.0,0.0,0.0,0.0,0.0,0.0,0.0,0.0,0.0,0.0,8.108108108108109,12.0,1.9572392137169015,2.741487184715661,3.7704454685099846,0.8446900361230192,11.0,0.9457321403504331,1.9572392137169015,7.608048577211573,37.45,1.9416121585225086,24.151746606554227,16.57512779516823,14.02806927117095,18.14913646544702,19.326473661715994,20.75747072094949,0.002702702702702703,0.0,2021,10
2021-11-01,1,0.0,0.0,0.0,0.0,0.0,0.0,0.0,0.0,7.042253521126761,0.0,0.0,0.0,0.0,0.0,0.0,0.0,0.0,0.0,0.0,0.0,0.0,0.0,0.0,0.0,0.0,0.0,0.0,0.0,0.0,0.0,0.0,0.0,0.0,0.0,0.0,0.0,0.0,0.0,0.0,0.0,0.0,0.0,0.0,0.0,0.0,0.0,0.0,0.0,0.0,0.0,0.0,0.0,0.0,0.0,0.0,0.0,0.0,0.0,0.0,0.0,0.0,7.042253521126761,0.0,0.0,0.0,3.5211267605633805,3.5211267605633805,14.0,2.614414816964752,2.9449686140148845,3.2242990654205608,0.6307122668254815,15.0,1.2066664642907565,2.614414816964752,7.042253521126761,20.214285714285715,1.812720848056537,38.32924416089966,12.40039576124568,13.492815224913494,14.464979459706687,13.612184256055365,15.806314878892733,0.007042253521126761,0.0,2021,11
2021-12-01,3,1.2578616352201257,0.0,1.3333333333333333,0.0,1.3333333333333333,0.0,4.617405582922824,0.0,1.3333333333333333,0.0,0.0,0.0,0.0,0.0,0.0,0.0,1.2578616352201257,0.0,0.0,0.0,0.0,0.0,0.0,0.0,0.0,0.0,0.0,0.0,1.3333333333333333,0.0,0.0,0.0,0.0,0.0,0.0,0.0,0.0,0.0,0.0,0.0,0.0,1.3333333333333333,0.0,0.0,0.0,0.0,0.0,0.0,0.0,2.9753694581280787,0.0,1.6420361247947455,0.0,0.0,0.0,0.0,0.0,0.0,0.0,1.3333333333333333,0.0,0.0,0.0,0.0,0.0,7.547169811320754,0.0,10.666666666666666,2.021234577304215,2.811588598589491,3.7322486847396994,0.6121893224975467,9.0,1.3241019128291294,2.021234577304215,4.308702791461412,31.412698412698415,1.8806824959604393,26.039088315263786,15.639351747989215,12.480727725736907,17.055950395712497,16.974179840435667,18.948260125975057,0.002899897760014871,0.0,2021,12
2022-01-01,10,0.0,0.0,0.6711409395973155,0.0,0.725434737062644,1.1534259860871034,2.597119857127675,0.38759689922480617,0.0,0.0,0.0,0.0,0.0,0.0,0.0,0.0,0.0,0.0,0.0,0.0,0.0,0.0,0.0,0.0,0.0,0.0,0.0,0.0,0.0,0.0,0.0,0.0,0.6711409395973155,0.0,0.0,0.0,0.0,0.0,0.0,0.0,0.0,0.0,0.0,0.725434737062644,0.0,0.7566005892617065,0.0,0.3968253968253968,0.0,2.0816559396019017,0.0,0.5154639175257733,0.0,0.0,0.0,0.0,0.38759689922480617,0.0,0.0,0.0,0.0,0.0,0.0,0.0,0.0,4.02197172656658,10.326644093816755,11.5,2.137218854039876,2.8037883982557186,3.6168495655888373,0.7934399245740585,9.2,0.8911081638457088,2.137218854039876,5.710978375319907,25.657215007215008,1.943498376649296,24.29863615004511,14.97924728936253,13.447468807847704,16.39889515785027,16.37098759499377,18.596491228400097,0.006474077504833631,0.0010936413711963207,2022,1
2022-02-01,3,0.0,0.0,4.47427293064877,0.0,0.0,0.0,2.237136465324385,0.0,0.0,0.0,0.0,0.0,0.0,0.0,0.0,0.0,0.0,0.0,0.0,0.0,0.0,0.0,0.0,0.0,0.0,0.0,0.0,0.0,0.0,0.0,2.237136465324385,0.0,2.237136465324385,0.0,0.0,0.0,0.0,0.0,0.0,0.0,0.0,0.0,0.0,0.0,0.0,0.0,0.0,0.0,0.0,2.237136465324385,0.0,0.0,0.0,0.0,0.0,0.0,0.0,0.0,0.0,0.0,0.0,0.0,0.0,0.0,0.0,0.0,0.0,11.333333333333334,2.3645312495431163,2.7432876717595973,3.2770134658228347,0.5587773609612978,9.333333333333334,1.0058010658183572,2.3645312495431163,7.980164908032059,23.65873015873016,1.9876094581976933,13.6053539199645,17.179991818810915,12.870840946258534,18.557599061718676,18.995981166881165,21.76111919529005,0.0,0.0022371364653243847,2022,2
2022-03-01,1,4.0983606557377055,0.0,4.0983606557377055,0.0,0.0,0.0,4.0983606557377055,0.0,0.0,0.0,0.0,0.0,0.0,0.0,0.0,0.0,0.0,4.0983606557377055,0.0,0.0,0.0,0.0,0.0,0.0,0.0,0.0,0.0,0.0,0.0,0.0,0.0,0.0,4.0983606557377055,0.0,0.0,0.0,0.0,0.0,0.0,0.0,0.0,0.0,0.0,0.0,0.0,0.0,0.0,0.0,0.0,4.0983606557377055,0.0,0.0,0.0,0.0,0.0,0.0,0.0,0.0,0.0,0.0,0.0,0.0,0.0,0.0,0.0,4.0983606557377055,0.0,9.0,1.4573295865416045,2.9749584355288143,3.5884353741496597,1.2299761863735157,6.0,0.632455532033676,1.4573295865416045,0.0,16.2,2.049382716049383,26.244957171314752,12.716452191235064,13.317784780876494,14.117786864225405,13.949422310756972,16.49410358565737,0.00819672131147541,0.004098360655737705,2022,3
2022-04-01,1,0.0,0.0,0.0,0.0,0.0,0.0,0.0,0.0,0.0,0.0,0.0,0.0,0.0,0.0,0.0,0.0,0.0,0.0,0.0,0.0,0.0,0.0,0.0,0.0,0.0,0.0,0.0,0.0,0.0,0.0,0.0,0.0,0.0,0.0,0.0,0.0,0.0,0.0,0.0,0.0,0.0,0.0,0.0,0.0,0.0,0.0,0.0,0.0,0.0,0.0,0.0,0.0,0.0,0.0,0.0,0.0,0.0,0.0,0.0,0.0,0.0,0.0,0.0,0.0,0.0,0.0,0.0,10.0,1.8782379449307742,2.7833401446580464,3.665492957746479,1.2016698487574626,16.0,1.4813657362192647,1.8782379449307742,18.18181818181818,24.333333333333332,1.904109589041096,27.871212121212153,13.926363636363636,14.019833333333333,15.903189008614273,16.59612121212121,18.06060606060606,0.0,0.0,2022,4
2022-05-01,3,5.470521541950113,0.0,4.906643508467217,0.0,0.0,0.0,1.3605442176870748,0.0,0.0,0.0,0.0,0.0,2.7210884353741496,0.0,0.0,0.0,1.3605442176870748,1.388888888888889,0.0,0.0,0.0,0.0,0.0,0.0,0.0,0.0,0.0,0.0,0.0,0.0,3.5460992907801416,0.0,1.3605442176870748,0.0,0.0,0.0,0.0,0.0,0.0,0.0,0.0,0.0,0.0,0.0,0.0,0.0,0.0,0.0,0.0,1.3605442176870748,0.0,0.0,0.0,0.0,0.0,0.0,0.0,0.0,0.0,0.0,0.0,0.0,0.0,0.0,0.0,0.0,3.5460992907801416,12.0,2.3331709346630602,2.7481642181311945,3.07478205830919,0.48144831821262973,7.666666666666667,1.0688201595975573,2.3331709346630602,9.044965503932069,23.203703703703706,1.9769494025997527,15.018380341880354,16.86736433897072,13.317746855791961,17.54281308695214,18.799423463356973,20.184404437170397,0.001360544217687075,0.004906643508467217,2022,5
2022-06-01,2,3.7593984962406015,0.0,0.0,0.0,0.0,0.0,3.7593984962406015,0.0,0.0,0.0,0.0,0.0,0.0,0.0,0.0,0.0,0.0,3.7593984962406015,0.0,0.0,0.0,0.0,0.0,0.0,0.0,0.0,0.0,0.0,0.0,0.0,0.0,0.0,0.0,0.0,0.0,0.0,0.0,0.0,0.0,0.0,0.0,0.0,0.0,0.0,0.0,0.0,0.0,0.0,0.0,3.7593984962406015,0.0,0.0,0.0,0.0,0.0,0.0,0.0,0.0,0.0,0.0,0.0,0.0,0.0,0.0,0.0,0.0,0.0,12.0,2.6376031270245983,2.8469537101440094,4.071708025933378,0.9592327679421404,6.5,0.8998443305889505,2.6376031270245983,3.7593984962406015,28.75,1.95230364873222,13.549079861111125,17.34557291666667,13.53584979046935,18.731577757821885,19.835147835175736,21.4724377394636,0.010516155252997358,0.0037593984962406013,2022,6
2022-08-01,4,2.0558932792975346,0.0,0.0,0.0,0.0,0.0,0.0,0.0,0.0,1.0638297872340425,0.0,0.0,0.0,0.0,0.0,0.0,0.0,0.992063492063492,0.0,0.0,0.0,0.0,0.0,0.0,0.0,0.0,0.0,0.0,0.0,0.0,0.0,0.0,0.0,0.0,0.0,0.0,0.0,0.0,0.0,0.0,0.0,0.0,0.0,0.0,0.0,0.0,0.0,0.0,0.0,0.0,0.0,0.0,0.0,0.0,0.0,0.0,0.0,0.0,0.0,0.0,0.0,0.0,0.0,0.0,0.0,0.992063492063492,0.0,12.25,1.987936831841925,2.784356966783169,3.5379549688018925,0.5941175202880048,11.5,1.0354675635561266,1.987936831841925,5.984286359376007,32.061688311688314,1.8983530661495405,15.551277204149272,18.408241921960716,13.476044979672793,18.338695012824953,20.85850243330242,21.37495450951857,0.003928393080078474,0.003,2022,8
2022-09-01,1,0.0,0.0,0.0,0.0,0.0,0.0,0.0,0.0,0.0,0.0,0.0,0.0,0.0,0.0,0.0,0.0,0.0,0.0,0.0,0.0,0.0,0.0,0.0,0.0,0.0,0.0,0.0,0.0,0.0,0.0,0.0,0.0,0.0,0.0,0.0,0.0,0.0,0.0,0.0,0.0,0.0,0.0,0.0,0.0,0.0,0.0,0.0,0.0,0.0,0.0,0.0,0.0,0.0,0.0,0.0,0.0,0.0,0.0,0.0,0.0,0.0,0.0,0.0,0.0,0.0,0.0,8.81057268722467,13.0,2.5495097567963922,2.77385842603207,3.4595588235294117,0.6852570519203744,10.0,1.4880476182856899,2.5495097567963922,13.215859030837004,28.25,1.8274336283185841,39.36343354430383,12.67536919831224,12.277914345991562,15.021129683784007,12.968797468354431,16.67637130801688,0.004405286343612335,0.0,2022,9
2022-10-01,4,2.4752475247524752,0.0,0.0,0.0,0.0,1.3736263736263736,0.0,0.0,0.0,1.2376237623762376,0.0,0.0,0.0,0.0,0.0,0.0,0.0,0.0,1.2376237623762376,0.0,0.0,0.0,0.0,0.0,0.0,0.0,0.0,0.0,0.0,0.0,0.0,0.0,0.0,0.0,0.0,0.0,0.0,0.0,0.0,0.0,0.0,0.0,0.0,0.0,0.0,0.0,0.0,0.0,1.3736263736263736,0.0,0.0,0.0,0.0,0.0,0.0,0.0,0.0,0.0,0.0,0.0,0.0,0.0,0.0,0.0,0.0,0.0,0.0,11.25,2.0587875690073485,2.7018741946840685,3.1325352143258396,0.540710651998761,4.75,0.7895576245573469,2.0587875690073485,6.648997660755086,23.089285714285715,1.8437568230981027,25.456488486201053,15.35497023046984,12.538574021911188,16.978045210165476,16.200388775645926,19.523651751691354,0.0041737501360026115,0.004037747524752475,2022,10
2022-11-01,3,1.6583747927031507,0.0,1.6583747927031507,0.0,5.362078496406855,1.6583747927031507,1.6583747927031507,1.6583747927031507,0.0,0.0,0.0,0.0,0.0,0.0,1.6583747927031507,0.0,0.0,0.0,0.0,0.0,0.0,0.0,0.0,0.0,0.0,0.0,0.0,0.0,0.0,0.0,0.0,0.0,1.6583747927031507,0.0,0.0,0.0,0.0,0.0,0.0,0.0,1.6583747927031507,3.7037037037037037,0.0,0.0,0.0,1.6583747927031507,0.0,0.0,0.0,1.6583747927031507,0.0,0.0,0.0,0.0,0.0,0.0,0.0,1.6583747927031507,0.0,0.0,0.0,0.0,0.0,0.0,0.0,5.152181884855152,5.353868720205354,11.666666666666666,2.296764114020614,2.7135415233533973,3.493079993884407,0.9678543623148177,9.333333333333334,1.2996780047558334,2.296764114020614,13.822800190466808,23.240740740740744,1.909986010357894,21.46382876372864,16.030000724926044,13.575017925827213,17.393749737590174,18.322257139157944,19.598258737929466,0.0035102266445550027,0.0,2022,11
2023-01-01,4,2.471339745458078,1.3297872340425532,0.9803921568627451,0.0,1.3297872340425532,0.0,0.9689922480620154,0.0,0.0,0.0,0.0,0.0,0.0,0.0,0.0,1.141552511415525,1.3297872340425532,0.0,0.0,0.0,0.0,0.0,0.0,0.0,0.0,0.0,1.3297872340425532,0.0,0.0,0.0,0.0,0.0,0.9803921568627451,0.0,0.0,0.0,0.0,0.0,0.0,0.0,0.0,0.0,0.0,1.3297872340425532,0.0,0.0,0.0,0.0,0.0,0.9689922480620154,0.0,0.0,0.0,0.0,0.0,0.0,0.0,0.0,0.0,0.0,0.0,0.0,0.0,0.0,0.0,0.0,0.0,12.75,2.4001060056434995,2.8610266152283508,3.413008702646353,0.5910593131399382,10.0,0.909962541991661,2.4001060056434995,3.1023368251410153,27.174242424242426,1.8717594977126175,25.217389856452094,15.089099052270342,13.049929774296661,16.7136981922594,17.29235198189839,18.959755328465043,0.0,0.0,2023,1
2023-02-01,3,5.68652758564716,1.6103059581320451,0.0,0.0,0.0,1.8832391713747647,1.0964912280701753,0.0,0.0,1.0964912280701753,0.0,0.0,0.0,0.0,0.0,0.0,2.97973039944494,1.6103059581320451,0.0,0.0,0.0,0.0,0.0,1.6103059581320451,0.0,0.0,0.0,0.0,0.0,0.0,0.0,0.0,0.0,0.0,0.0,0.0,0.0,0.0,0.0,0.0,0.0,0.0,0.0,0.0,1.8832391713747647,0.0,0.0,0.0,0.0,1.0964912280701753,0.0,0.0,0.0,0.0,0.0,0.0,0.0,0.0,0.0,0.0,0.0,0.0,0.0,0.0,0.0,0.0,5.482456140350877,11.666666666666666,2.064841463756671,2.8846308842572115,3.627481652713449,0.747152119954206,13.666666666666666,1.0427662834439797,2.064841463756671,6.510085600474617,26.016666666666666,1.8642881278419103,24.332726199105565,15.421903831960853,13.745842697943784,16.586288534389304,16.639912564474546,18.744413454032834,0.00893919119833482,0.001610305958132045,2023,2
2023-03-01,5,3.6344376582863647,0.0,0.78125,0.0,0.0,0.0,0.6779661016949152,0.0,0.0,0.0,0.0,0.0,0.0,0.0,0.0,0.0,1.7142355317467284,1.9202021265396354,0.0,0.0,0.0,0.0,0.0,0.0,0.0,0.0,0.0,0.0,0.78125,0.0,0.0,0.0,0.0,0.0,0.0,0.0,0.0,0.0,0.0,0.0,0.0,0.0,0.0,0.0,0.0,0.0,0.0,0.0,0.0,0.6779661016949152,0.0,0.0,0.0,0.0,0.0,0.0,0.0,0.0,0.0,0.0,0.0,0.0,0.0,0.0,0.0,0.78125,0.0,13.2,2.4707192187582154,2.7566065624441882,3.32213244239896,0.6537496251923036,9.0,1.0361065528338735,2.4707192187582154,8.31643991102183,24.67116883116883,2.056290543287379,28.686593311956436,13.306657237290068,13.424530374906714,14.696017602341437,13.934727290177568,16.70528073061957,0.0021371822033898306,0.004580597669758474,2023,3
2023-04-01,6,1.4785561660561661,1.4785561660561661,3.9782771126054706,0.0,2.2791263462905254,0.8547008547008548,0.0,0.0,0.6361323155216284,0.0,0.0,0.0,0.0,0.0,0.0,0.0,0.6105006105006104,0.0,0.8680555555555555,0.0,0.0,0.0,0.0,1.4785561660561661,0.0,0.0,0.0,0.0,0.0,0.0,0.8547008547008548,0.0,3.1235762579046162,0.0,0.0,0.0,0.0,0.0,0.0,0.0,0.8547008547008548,0.0,0.0,1.4244254915896706,0.8547008547008548,0.0,0.0,0.0,0.0,0.0,0.0,0.0,0.0,0.0,0.0,0.0,0.0,0.0,0.0,0.6361323155216284,0.0,0.0,0.0,0.0,0.0,0.0,3.1605366027007817,15.0,3.11017833143749,2.8364016682936573,3.6399427145778422,0.9808031432867299,12.666666666666666,1.1320027142146718,3.11017833143749,6.6837746559960864,23.504224941724942,1.9638476998332381,25.870345338547992,14.327526524381929,13.220754745330845,15.717013237578646,16.212013730512563,17.71363787570169,0.001465319711873204,0.004571607393435752,2023,4
2023-05-01,10,3.0126494097694674,0.0,1.297283481128107,0.0,0.5076142131979695,0.0,1.6705607458882945,0.0,0.0,1.8127655183492748,0.0,0.0,0.42735042735042744,0.0,0.0,0.0,0.411522633744856,0.36101083032490977,0.0,0.0,0.0,0.0,0.0,0.0,0.0,0.0,0.0,0.0,0.0,0.0,0.5076142131979695,0.0,0.7896692679301376,0.0,0.0,0.0,0.0,0.0,0.0,0.0,0.0,0.5076142131979695,0.0,0.0,0.0,0.0,0.0,0.0,0.0,1.6705607458882945,0.0,0.0,0.0,0.0,0.0,0.0,0.0,0.0,0.0,0.0,0.0,0.0,0.0,0.0,0.0,0.8395555088162092,2.0985067677674687,11.9,2.477764118418469,2.7362726852229287,3.3642614364322094,0.6727387001406863,9.5,0.9455857834962578,2.477764118418469,9.017764902803322,23.869484126984126,1.8713094045641352,27.47900921141536,14.681346413531614,12.845442949198134,16.157860704160555,15.815263971643898,18.114256177865407,0.0031815392587421975,0.0021405251846303417,2023,5
2023-06-01,1,0.0,0.0,0.0,0.0,0.0,5.1020408163265305,0.0,0.0,0.0,0.0,0.0,0.0,0.0,0.0,0.0,0.0,0.0,0.0,0.0,0.0,0.0,0.0,0.0,0.0,0.0,0.0,0.0,0.0,0.0,0.0,0.0,0.0,0.0,0.0,0.0,0.0,0.0,0.0,0.0,0.0,0.0,0.0,0.0,0.0,0.0,5.1020408163265305,0.0,0.0,0.0,0.0,0.0,0.0,0.0,0.0,0.0,0.0,0.0,0.0,0.0,0.0,0.0,0.0,0.0,0.0,0.0,0.0,0.0,10.0,2.5584085962673253,2.636999719354097,3.029045643153527,0.7161418814039446,3.0,0.45226701686664544,2.5584085962673253,5.1020408163265305,16.25,1.958974358974359,32.91947044334978,12.269926108374385,12.756291133004927,14.348710955821954,13.012709359605914,16.04630541871921,0.0,0.0,2023,6
2023-07-01,5,7.34006734006734,3.6474524010897724,5.2684819739265745,0.0,1.6064257028112447,1.9268083570235999,0.0,1.8518518518518519,0.0,1.8518518518518519,0.0,0.0,0.0,0.0,1.8518518518518519,0.0,2.4242424242424243,1.2121212121212122,0.0,0.0,0.0,0.0,0.0,0.9174311926605505,2.730021208429222,0.0,0.0,0.0,0.0,0.0,0.0,0.0,5.2684819739265745,0.0,0.0,0.0,0.0,0.0,0.0,0.0,0.8032128514056224,0.8032128514056224,0.0,0.0,1.1235955056179774,0.0,0.0,0.8032128514056224,0.0,0.0,0.0,0.0,0.0,0.0,0.0,0.0,0.0,1.8518518518518519,0.0,0.0,0.0,0.0,0.0,0.0,0.0,0.0,3.2128514056224895,10.8,2.184074547620459,2.830091094296903,3.2843088077839653,0.642986306763331,6.8,0.7178503774796546,2.184074547620459,4.581873060281074,21.251313131313132,1.8479226540824267,35.79358836032277,12.901588539349879,13.03714340463939,14.501138583388812,14.59195733703288,15.911880225292796,0.0037616707423447013,0.0009174311926605505,2023,7
2023-08-01,6,5.353120978120978,0.6435006435006435,1.4525621321737827,0.0,1.1904761904761905,0.0,0.8090614886731391,1.0416666666666667,0.0,1.1904761904761905,0.0,0.0,0.6435006435006435,0.0,1.0416666666666667,0.0,1.287001287001287,0.0,0.0,1.1904761904761905,0.0,0.0,0.0,0.6435006435006435,0.0,0.0,0.0,0.0,0.6435006435006435,0.0,0.0,0.0,0.8090614886731391,0.0,0.0,0.0,0.0,0.0,0.0,1.1904761904761905,0.0,0.0,0.0,0.0,0.0,0.0,0.0,0.0,0.0,0.8090614886731391,0.0,0.0,0.0,0.0,0.0,0.0,0.0,1.0416666666666667,0.0,0.0,0.0,0.0,0.0,0.0,0.0,1.2722646310432568,0.6361323155216284,10.666666666666666,2.0068321081468237,2.7874605273428092,3.4418584318182344,0.7091648521262894,9.166666666666666,0.8801429643369346,2.0068321081468237,9.93805889006178,24.737896825396827,1.9116036194577177,24.927325854346282,14.857592856726539,13.444371443566212,15.87070663164649,17.250839655800387,18.16433165829767,0.003833514513126163,0.0008090614886731391,2023,8
2023-09-01,8,5.016728343290596,1.6868900230430683,6.775864554060364,0.0,3.153329935026318,0.4716981132075472,1.037308972936054,0.0,0.0,1.684319064589757,0.0,0.0,1.133792677910325,0.0,0.0,0.0,0.0,0.0,1.0869565217391304,1.1116600790513833,0.0,0.5681818181818181,0.0,0.5656108597285069,0.5530973451327433,0.0,0.0,0.0,1.5807872338056193,0.5681818181818181,1.109089120598072,0.0,3.5178063814748555,0.0,0.0,0.0,0.0,0.0,0.0,1.1116600790513833,0.4716981132075472,0.4512635379061372,0.0,1.1187082048612502,0.4716981132075472,0.0,0.0,0.0,0.0,1.037308972936054,0.0,0.0,0.0,0.0,0.0,0.0,0.0,0.0,0.0,0.0,0.0,0.0,0.0,0.0,0.0,2.840909090909091,3.728191636665744,11.125,1.9960886026072662,2.7410163433183166,3.29539032812676,0.7255103861562411,11.25,0.8298335518528357,1.9960886026072662,6.528608175690014,22.373358585858586,1.97627587060519,25.823959650011677,14.316634713227339,13.67978105556172,15.670348965870005,16.474491460455194,17.543368935123794,0.0037589370104618653,0.002242881798508397,2023,9
2023-10-01,5,10.088393819619117,2.7826086956521743,5.768834590968979,0.0,2.9862258953168044,2.3089430894308944,0.0,0.0,1.4492753623188406,1.4492753623188406,0.0,0.0,1.6528925619834713,0.0,0.0,1.3333333333333335,1.6528925619834713,1.3333333333333335,2.666666666666667,0.0,0.0,0.0,1.3333333333333335,0.0,1.4492753623188406,0.0,0.0,0.0,0.0,0.0,1.3333333333333335,0.0,4.435501257635645,0.0,0.0,0.0,0.0,0.0,0.0,0.0,0.0,0.0,1.3333333333333335,1.6528925619834713,0.0,0.0,0.975609756097561,0.0,1.3333333333333335,0.0,0.0,0.0,0.0,0.0,0.0,0.0,0.0,0.0,0.0,0.0,0.0,0.0,0.0,1.4492753623188406,0.0,0.0,5.797101449275362,11.4,2.408674680436727,2.7171966730620856,3.152289312780416,0.4847061589826859,6.0,0.7847420462604232,2.408674680436727,8.639118457300276,21.261904761904763,2.074268089443194,14.159309839916693,16.692721488612325,13.743444235319055,17.374697633000594,19.520420293528517,20.53740779996635,0.0034004948745139625,0.0023089430894308945,2023,10
2023-11-01,3,9.019990365396643,2.5252525252525255,1.2626262626262628,0.0,0.0,0.0,0.0,0.0,1.2626262626262628,1.6750418760469012,0.0,0.0,0.0,0.0,0.0,0.0,4.819695964097215,0.0,2.5252525252525255,0.0,0.0,1.2626262626262628,0.0,1.2626262626262628,0.0,0.0,0.0,0.0,0.0,0.0,0.0,0.0,1.2626262626262628,0.0,0.0,0.0,0.0,0.0,0.0,0.0,0.0,0.0,0.0,0.0,0.0,0.0,0.0,0.0,0.0,0.0,0.0,0.0,0.0,0.0,0.0,0.0,0.0,0.0,0.0,1.2626262626262628,0.0,0.0,0.0,0.0,0.0,0.0,1.2626262626262628,10.333333333333334,2.1116273967838146,2.759222917765564,3.464509441040411,0.8472725323577452,9.666666666666666,0.723221011454386,2.1116273967838146,1.572327044025157,21.505494505494507,1.8514192131855622,36.47096522588395,12.639222083411914,12.280478418950565,14.327871870113603,14.02921836147542,15.524834273858522,0.004200294401299427,0.003787878787878788,2023,11
2023-12-01,2,2.242152466367713,4.484304932735426,5.347593582887701,0.0,0.0,2.6737967914438503,2.6737967914438503,0.0,0.0,2.242152466367713,0.0,0.0,0.0,0.0,0.0,0.0,0.0,0.0,0.0,0.0,0.0,0.0,0.0,4.484304932735426,0.0,0.0,0.0,0.0,0.0,0.0,2.6737967914438503,0.0,2.6737967914438503,0.0,0.0,0.0,0.0,0.0,0.0,0.0,0.0,0.0,0.0,0.0,0.0,2.6737967914438503,0.0,0.0,0.0,2.6737967914438503,0.0,0.0,0.0,0.0,0.0,0.0,0.0,0.0,0.0,0.0,0.0,0.0,0.0,0.0,0.0,6.72645739910314,2.242152466367713,10.0,2.0439881184177953,2.8259875499065177,3.295120654124842,0.8456958714647005,12.5,1.3820179898525677,2.0439881184177953,7.589746049255414,18.55,1.9582970066841034,31.248358458562322,12.695544269373105,13.272982547942133,13.89322995993449,13.64108594594595,14.917895031961423,0.002242152466367713,0.00267379679144385,2023,12
2024-01-01,3,1.3386880856760373,1.4184397163120568,1.4184397163120568,0.0,1.3386880856760373,0.0,1.297016861219196,0.0,0.0,0.0,0.0,0.0,0.0,0.0,0.0,0.0,1.3386880856760373,0.0,0.0,0.0,0.0,0.0,0.0,0.0,0.0,0.0,0.0,1.4184397163120568,0.0,0.0,0.0,0.0,1.4184397163120568,0.0,0.0,0.0,0.0,0.0,0.0,0.0,0.0,0.0,1.3386880856760373,0.0,0.0,0.0,0.0,0.0,0.0,1.297016861219196,0.0,0.0,0.0,0.0,0.0,0.0,0.0,0.0,0.0,0.0,0.0,0.0,0.0,0.0,0.0,1.297016861219196,0.0,13.0,2.2503691188989228,2.8132113614709127,3.3841303005558423,0.7396159816021178,10.0,0.7244212886628398,2.2503691188989228,6.727930016281701,29.324675324675326,1.8774803125861592,20.102252087060254,17.486748970667577,12.762317126198523,17.84908759761496,19.265528988840618,20.626708881127488,0.005351161524426486,0.0013386880856760374,2024,1
2024-02-01,5,0.684931506849315,0.0,0.684931506849315,0.0,1.5625,0.0,0.684931506849315,0.0,0.0,0.0,0.0,0.0,0.0,0.0,0.0,0.0,0.0,0.0,0.684931506849315,0.0,0.0,0.0,0.0,0.0,0.0,0.0,0.0,0.0,0.0,0.0,0.0,0.0,0.684931506849315,0.0,0.0,0.0,0.0,0.0,0.0,0.0,1.5625,0.0,0.0,0.0,0.0,0.0,0.0,0.0,0.0,0.684931506849315,0.0,0.0,0.0,0.0,0.0,0.0,0.0,0.0,0.0,0.0,0.0,0.0,0.0,0.0,0.0,0.0,0.0,10.0,1.7043975401351321,2.721433569865046,3.0075046752432226,0.6796064246428519,8.4,0.7650799943293525,1.7043975401351321,2.247431506849315,19.42878454878455,1.9090405028924828,28.48942272333839,13.999427915150028,12.43660172630835,15.291587341232326,15.189503608875455,16.800626516511464,0.0021084190513333007,0.0013966752790913078,2024,2
2024-03-01,12,2.6255650528116097,1.5480030673093743,2.181725790726754,0.0,1.277463278575258,0.32808398950131235,1.9076087242221849,0.0,0.40453074433656955,0.5376344086021505,0.0,0.0,0.3180661577608142,0.0,0.0,0.0,0.9333745874587459,0.3156565656565657,0.5208333333333334,0.0,0.0,0.0,0.0,0.3180661577608142,1.2299369095485602,0.0,0.0,0.0,0.4208754208754209,0.0,0.0,0.0,1.7608503698513331,0.0,0.0,0.0,0.0,0.0,0.0,0.0,0.643740555157878,0.3180661577608142,0.0,0.3156565656565657,0.0,0.32808398950131235,0.0,0.0,0.0,1.5895425664613707,0.0,0.3180661577608142,0.0,0.0,0.0,0.0,0.0,0.0,0.0,0.40453074433656955,0.0,0.0,0.0,0.0,0.0,1.0687092331280372,1.9765127212633775,12.333333333333334,2.3352984951256155,2.800537728466495,3.5579686391654772,0.6800908562734028,9.25,1.0591824752844043,2.3352984951256155,7.151787210358049,25.69380711880712,2.009236671278043,18.104797251170158,16.16914767609611,13.620909697003,17.328294920171597,18.124467753967092,19.83731708802651,0.005916362094945965,0.001183784555864277,2024,3
2024-04-01,6,2.340230855855856,0.5630630630630631,1.4880952380952381,0.0,0.5630630630630631,0.0,0.0,0.6510416666666666,1.2141047297297298,0.5630630630630631,0.0,0.0,0.0,0.0,0.6510416666666666,0.0,1.1261261261261262,0.0,0.0,0.0,0.0,0.0,0.0,0.5630630630630631,0.0,0.0,0.0,0.0,0.0,0.0,0.0,0.0,1.4880952380952381,0.0,0.0,0.0,0.0,0.0,0.0,0.0,0.0,0.0,0.0,0.5630630630630631,0.0,0.0,0.0,0.0,0.0,0.0,0.0,0.0,0.0,0.0,0.0,0.0,0.0,0.6510416666666666,0.0,1.2141047297297298,0.0,0.0,0.0,0.0,0.0,0.0,7.8581871345029235,11.333333333333334,1.9117130943306953,2.6901950102075514,3.5108523511473604,0.5810366254555706,6.833333333333333,0.7070540063026914,1.9117130943306953,8.43365099121678,26.48611111111111,1.8406660181799201,24.856076742618345,16.015772739125687,12.978974727102637,16.910724408203198,18.97660782642402,19.176520360743496,0.006354568854568855,0.0,2024,4
2024-05-01,6,3.808731599112724,0.778816199376947,0.0,0.0,2.558377070027893,0.9469696969696969,1.6811840875717527,0.0,0.0,0.0,0.0,0.0,0.0,0.0,0.0,0.0,2.7122403710425487,1.0964912280701753,0.0,0.0,0.0,0.0,0.0,0.0,0.778816199376947,0.0,0.0,0.0,0.0,0.0,0.0,0.0,0.0,0.0,0.0,0.0,0.0,0.0,0.0,0.0,0.9469696969696969,1.6114073730581964,0.0,0.0,0.0,0.9469696969696969,0.0,0.0,0.0,1.6811840875717527,0.0,0.0,0.0,0.0,0.0,0.0,0.0,0.0,0.0,0.0,0.0,0.0,0.0,0.0,0.0,0.9469696969696969,1.557632398753894,12.0,2.5711471838520814,2.7683134309295436,3.503453468954572,0.8016151805889805,9.5,0.935088097336141,2.5711471838520814,3.4624565018538593,26.95601851851852,1.9248283803664854,21.233621196682297,16.027010819196047,13.049120288920507,17.202377190283848,17.930355830086175,19.31088125255144,0.003267416554891284,0.0018753074274471225,2024,5
2024-06-01,5,9.147187343529978,3.488087207325883,3.833140313827009,0.0,1.5625,0.0,2.6978201569135045,0.78125,0.0,1.7713490099009903,0.0,1.0582010582010581,0.9900990099009901,0.0,0.0,0.0,2.706837207325883,0.0,1.0582010582010581,1.5625,0.0,0.0,0.0,0.0,2.4979881974248928,0.0,0.9900990099009901,0.0,0.0,0.0,1.0582010582010581,0.0,2.774939255625951,0.0,0.0,0.0,0.0,0.0,0.0,1.5625,0.0,0.0,0.0,0.0,0.0,0.0,0.0,0.0,0.0,2.6978201569135045,0.0,0.0,0.0,0.0,0.0,0.0,0.78125,0.0,0.0,0.0,0.0,0.0,0.0,0.0,0.0,0.0,0.78125,12.2,2.314783645918268,2.7481986025714935,3.6219555580851215,0.7886016669003435,9.0,0.8913268266570377,2.314783645918268,9.266683002369046,23.54404761904762,2.0412009006968446,18.790303606546708,16.313562231945184,13.903958960084859,17.10289043110826,18.321452059964948,19.58487387131161,0.0035652063060383292,0.0021108326371484265,2024,6
2024-07-01,6,6.79858702117414,2.2988505747126435,4.786066423997458,0.0,1.716537430823145,0.5827505827505828,0.5827505827505828,1.0822510822510825,0.0,0.0,0.0,0.0,1.0822510822510825,1.0822510822510825,0.0,0.0,2.2160379303236444,1.8352963435977483,0.0,0.5827505827505828,0.0,0.0,0.0,2.2988505747126435,0.0,0.0,0.0,0.0,0.5827505827505828,0.0,0.0,0.0,4.203315841246876,0.0,0.0,0.0,0.0,0.0,0.0,0.5827505827505828,0.0,0.0,0.0,1.1337868480725624,0.0,0.0,0.0,0.0,0.5827505827505828,0.5827505827505828,0.0,0.0,0.0,0.0,1.0822510822510825,0.0,0.0,0.0,0.0,0.0,0.0,0.0,0.0,0.0,0.0,0.6858710562414266,0.6858710562414266,10.5,1.7477009064391418,2.6810009779720096,3.478056893395053,0.6493238674458215,9.666666666666666,1.001355840674168,1.7477009064391418,4.1791040137600985,23.273526936026936,2.063847995422752,15.022862217525292,16.136694730648127,13.981378531883372,16.91020289222801,18.055437351199107,19.599273968221848,0.008366343976862131,0.0011494252873563218,2024,7
2024-08-01,2,2.631578947368421,0.0,0.0,0.0,2.631578947368421,0.0,2.631578947368421,0.0,0.0,0.0,0.0,0.0,0.0,0.0,0.0,0.0,2.631578947368421,0.0,0.0,0.0,0.0,0.0,0.0,0.0,0.0,0.0,0.0,0.0,0.0,0.0,0.0,0.0,0.0,0.0,0.0,0.0,0.0,0.0,0.0,0.0,0.0,0.0,2.631578947368421,0.0,0.0,0.0,0.0,0.0,0.0,2.631578947368421,0.0,0.0,0.0,0.0,0.0,0.0,0.0,0.0,0.0,0.0,0.0,0.0,0.0,0.0,0.0,0.0,0.0,10.5,1.714984067095076,2.76520569645106,3.6856393959148197,0.7361994534586526,8.5,1.0971339892442988,1.714984067095076,2.631578947368421,24.4,1.9690152639792928,22.996905117037585,15.284479105406259,13.382282497918922,16.04432711720971,16.67376002448263,18.341988914174348,0.002631578947368421,0.0,2024,8
2024-09-01,9,4.541751431728937,5.440400726596013,1.8505032859353365,0.0,1.9655429967703024,1.7272674163470538,2.8717854057848293,1.8365472910927458,0.823045267489712,0.45724737082761774,0.0,0.0,0.4768717215069146,1.8365472910927458,0.0,0.0,0.4273504273504274,0.0,0.45913682277318646,0.8845977981780452,0.0,2.2937946619203635,0.0,1.8009819917788492,1.3456240728968003,0.0,0.0,0.0,0.45913682277318646,0.0,0.0,0.0,1.39136646316215,0.0,0.0,0.0,0.0,0.0,0.0,0.8845977981780452,0.4273504273504274,0.0,0.0,0.65359477124183,0.0,0.0,0.4273504273504274,0.0,1.2999169889966267,2.8717854057848293,0.0,0.0,0.0,0.0,1.8365472910927458,0.0,0.0,0.0,0.0,0.0,0.0,0.823045267489712,0.0,0.0,0.0,0.0,4.398554247426603,11.11111111111111,2.2606516675061816,2.7254456283354576,3.371551672190378,0.7801653945418052,10.444444444444445,0.9154269046302864,2.2606516675061816,6.191821135714782,22.000513838013838,2.0180434805023046,15.2343453609503,16.557703415934057,13.415256370698815,17.228137217032454,18.569620242617347,19.765120606545253,0.0031866985223837608,0.0037538408191137604,2024,9
2024-10-01,4,6.978758255044573,4.758414660517211,1.243781094527363,0.0,0.9765625,0.0,1.243781094527363,0.0,0.0,0.0,1.2690355329949237,0.0,0.0,0.0,0.0,0.0,1.243781094527363,2.5128166275222865,0.9765625,0.9765625,0.0,0.0,0.0,4.758414660517211,0.0,0.0,0.0,0.0,0.0,0.0,1.243781094527363,0.0,0.0,0.0,0.0,0.0,0.0,0.0,0.0,0.9765625,0.0,0.0,0.0,0.0,0.0,0.0,0.0,0.0,0.0,1.243781094527363,0.0,0.0,0.0,0.0,0.0,0.0,0.0,0.0,0.0,0.0,0.0,0.0,0.0,0.0,0.0,0.0,0.0,11.25,1.8980377945874352,2.796533054734208,3.7022476690385306,0.7835210254557915,8.25,0.9956368675414432,1.8980377945874352,12.509059372132569,25.25,2.048495892739118,11.878676306661312,17.500581890245037,13.973273547795076,17.533773118576086,20.044701857886615,20.573401131255114,0.002220343594527363,0.002512816627522287,2024,10
2024-11-01,2,7.142857142857142,2.293577981651376,9.436435124508519,0.0,2.293577981651376,0.0,0.0,0.0,0.0,0.0,0.0,0.0,0.0,0.0,0.0,0.0,7.142857142857142,0.0,0.0,0.0,0.0,0.0,0.0,0.0,2.293577981651376,0.0,0.0,0.0,0.0,0.0,7.142857142857142,0.0,2.293577981651376,0.0,0.0,0.0,0.0,0.0,0.0,0.0,0.0,0.0,0.0,2.293577981651376,0.0,0.0,0.0,0.0,0.0,0.0,0.0,0.0,0.0,0.0,0.0,0.0,0.0,0.0,0.0,0.0,0.0,0.0,0.0,0.0,0.0,0.0,18.34862385321101,10.5,0.8947161598754398,2.7553473897695056,3.494878134934652,0.9701236327351141,7.0,0.30860669992418377,0.8947161598754398,11.730013106159895,24.483333333333334,2.0750350631136043,9.005240641711254,17.468689839572193,14.486679946524065,18.2270010267504,19.44701604278075,22.495187165775402,0.0022935779816513763,0.01402359108781127,2024,11
2024-12-01,5,4.072552841506049,3.58911366166366,0.9174311926605505,0.0,1.7542512763425588,0.0,0.0,0.0,2.1369433877825017,1.4814814814814814,0.0,0.0,0.0,0.0,0.0,0.0,1.7542512763425588,0.8368200836820083,0.0,0.0,0.0,0.0,0.0,0.9174311926605505,1.7542512763425588,0.0,0.0,0.9174311926605505,0.0,0.0,0.9174311926605505,0.0,0.0,0.0,0.0,0.0,0.0,0.0,0.0,0.0,0.9174311926605505,0.8368200836820083,0.0,0.0,0.0,0.0,0.0,0.0,0.0,0.0,0.0,0.0,0.0,0.0,0.0,0.0,0.0,0.0,0.0,2.1369433877825017,0.0,0.0,0.0,0.0,0.0,3.5085025526851177,3.669724770642202,10.4,1.7525754144388848,2.7938663026278783,3.4408904447806643,0.7552805449915583,8.6,0.8159650893835588,1.7525754144388848,9.172459192251512,20.915,1.9992134206381997,23.935511851289213,14.519719563634592,13.692513783195484,15.820409331717434,16.830392104818905,17.938350247332266,0.0015564202334630351,0.005070595143145141,2024,12
2025-01-01,7,6.687774430741183,2.9566838390367804,4.349213588344023,0.0,1.2987012987012985,0.0,1.3888888888888888,0.6868131868131869,0.0,0.6868131868131869,0.0,0.0,0.5952380952380952,0.0,0.6868131868131869,0.0,0.7763975155279503,0.7763975155279503,2.5167642814701634,0.6493506493506492,0.0,0.0,0.0,2.2698706522235934,0.6868131868131869,0.0,0.0,0.0,2.7619120010424356,0.0,0.0,0.0,1.5873015873015872,0.0,0.0,0.0,0.0,0.0,0.0,0.6493506493506492,0.6493506493506492,0.0,0.0,0.0,0.0,0.0,0.0,0.0,0.0,1.3888888888888888,0.0,0.0,0.0,0.0,0.0,0.0,0.0,0.6868131868131869,0.0,0.0,0.0,0.0,0.0,0.0,0.0,0.7763975155279503,3.7008281573498967,12.571428571428571,2.4605977096070526,2.7548977673920874,3.2740791861277247,0.6047776551451375,11.428571428571429,0.9270437878686879,2.4605977096070526,10.810566245348854,22.189192949907238,2.031389201792496,14.772975716487979,16.590601911047266,13.602061254125216,17.373189313977853,18.324735409290287,20.298508635971768,0.0,0.0018398268398268397,2025,1
2025-02-01,6,3.046162104133119,2.0022883295194505,2.4809382457365694,0.0,1.9235008818342152,0.0,1.7137751786874593,1.5230810520665594,0.8818342151675486,0.0,0.0,0.0,0.0,0.9057971014492754,0.6172839506172839,0.0,0.9057971014492754,0.6172839506172839,0.0,0.0,0.0,0.0,0.0,1.0964912280701753,0.9057971014492754,0.0,0.0,0.0,0.6693440428380186,0.0,0.0,0.0,1.8115942028985508,0.0,0.0,0.0,0.0,0.0,0.0,0.0,0.0,0.8818342151675486,0.0,1.0416666666666667,0.0,0.0,0.0,0.0,0.0,1.7137751786874593,0.0,0.0,0.0,0.0,0.9057971014492754,0.0,0.0,0.6172839506172839,0.0,0.8818342151675486,0.0,0.0,0.0,0.0,0.0,0.0,4.898013955984971,10.833333333333334,2.1394499090617582,2.7731517151910468,3.2908766416809656,0.5472927878864482,10.166666666666666,0.8461395442008574,2.1394499090617582,3.775352733686067,23.77789987789988,2.0921794671700327,11.14567626627443,16.80152999440624,13.75988557797937,16.787980221259065,17.938883400943013,19.880627793692014,0.002693428418066099,0.0009057971014492754,2025,2
2025-03-01,8,5.528230664615863,1.6614396654719235,3.8804730210980214,0.0,1.6066920360974284,1.0827359617682197,1.0080645161290323,2.6393616467145877,0.0,0.5787037037037037,0.0,0.0,0.0,1.2160633484162897,1.4232982982982985,0.0,0.8445945945945946,0.5040322580645161,0.4807692307692308,0.4807692307692308,0.0,0.5787037037037037,0.0,0.5787037037037037,0.5040322580645161,0.0,0.0,0.0,0.8445945945945946,0.4807692307692308,0.0,0.0,2.555109195734196,0.0,0.0,0.0,0.0,0.0,0.0,0.4807692307692308,1.1259228053281976,0.0,0.0,0.0,0.0,0.0,0.5040322580645161,0.0,0.5787037037037037,0.5040322580645161,0.0,0.5040322580645161,0.0,0.0,1.2160633484162897,0.0,0.0,1.4232982982982985,0.0,0.0,0.0,0.0,0.0,0.0,0.0,1.6891891891891893,3.8358671171171173,12.25,2.542788886954556,2.7572625626490685,3.379830768857029,0.5852859944825689,7.375,0.8530907818800704,2.542788886954556,1.736111111111111,23.764232295482294,1.9986974977451384,19.383548519579797,15.74195396922207,13.615516263753907,16.87973214286105,17.606263089967463,19.46675434738968,0.005910177381298855,0.003248423283705542,2025,3
2025-04-01,8,7.470646632006159,2.414875484204137,1.3513513513513513,0.0,0.0,1.1363636363636362,0.5896226415094339,1.1495771670190273,0.6756756756756757,0.0,0.0,0.0,0.0,0.0,1.1495771670190273,0.0,4.49838758074574,0.5656108597285069,1.2570710245128849,0.0,0.0,0.0,0.0,2.414875484204137,0.0,0.0,0.0,0.0,0.0,0.0,0.0,0.0,1.3513513513513513,0.0,0.0,0.0,0.0,0.0,0.0,0.0,0.0,0.0,0.0,0.0,0.0,0.5681818181818181,0.0,0.0,0.5681818181818181,0.5896226415094339,0.0,0.0,0.0,0.0,0.0,0.0,0.0,1.1495771670190273,0.0,0.6756756756756757,0.0,0.0,0.0,0.0,0.0,0.0,2.312367864693446,10.875,2.0410694618284784,2.7180040935308827,3.4492877989253707,0.6811037011855807,10.375,0.9545981267649504,2.0410694618284784,5.642978509781601,23.890228174603177,2.105656684525553,6.833084842287228,17.409991175681554,13.831070469741077,17.914788214384426,19.947496399023763,21.236109482506652,0.0008680555555555555,0.004416389499965081,2025,4
2025-05-01,10,11.681711881240854,5.456734644117996,4.518077327061671,0.0,0.4385964912280701,0.0,3.07142414762218,3.5307950727883535,1.7662337662337664,0.8739624081671596,0.0,0.0,1.166272655634358,1.3333333333333335,2.197461739455021,0.0,3.0523221733632555,1.3333333333333335,1.7250262379543937,0.0,0.0,1.0428158655109008,0.0,1.2839642626876668,3.129954515919428,0.0,0.0,0.0,1.0101010101010102,0.0,0.0,0.0,3.5079763169606606,0.0,0.0,0.0,0.0,0.0,0.0,0.0,0.4385964912280701,0.0,0.0,0.0,0.0,0.0,0.0,0.0,0.0,3.07142414762218,0.0,0.0,0.0,0.0,1.3333333333333335,0.0,0.0,2.197461739455021,0.0,1.7662337662337664,0.0,0.0,0.0,0.0,0.0,0.0,1.7817468705230275,11.2,2.1768826478711554,2.688204906784379,3.6873897364080834,0.7165420370452775,8.9,0.877464520535896,2.1768826478711554,11.1016981283617,24.17060606060606,2.168888739159937,7.55748695313568,16.7851705181574,14.52993175013805,17.2798062347446,19.298516780832596,20.519272298163497,0.0013580246913580246,0.0029153455928979076,2025,5
2025-06-01,9,4.817634464810902,2.0628706184032786,3.983107180878543,0.0,0.5757052389176741,0.526592943654555,1.0096847310941686,0.0,0.4830917874396135,3.0048359081453224,0.0,0.0,0.5757052389176741,0.0,0.0,0.0,0.7662835249042145,0.4708097928436912,0.0,0.0,0.0,0.0,0.0,1.579778830963665,0.4830917874396135,0.0,0.0,0.0,0.5757052389176741,0.0,0.7662835249042145,0.0,2.6411184170566546,0.0,0.0,0.0,0.0,0.0,0.0,0.0,0.0,0.0,0.0,0.5757052389176741,0.0,0.0,0.0,0.0,0.526592943654555,0.526592943654555,0.0,0.0,0.4830917874396135,0.0,0.0,0.0,0.0,0.0,0.0,0.4830917874396135,0.0,0.0,0.0,0.0,0.0,0.526592943654555,6.915897878558304,11.555555555555555,2.007237324106755,2.7704926417733877,3.3278726327955668,0.6253074966901763,10.11111111111111,1.1092053756788922,2.007237324106755,6.8076716678356055,24.874382716049382,2.0399940319151937,13.227955466765735,16.69036733328658,13.823813211957258,17.30986215193917,18.970051894901715,19.882436897600147,0.003673154598541057,0.0033033740318473867,2025,6
2025-07-01,5,5.878427248499371,2.0100502512562817,0.0,0.0,0.7662835249042146,0.0,3.652942563233503,0.0,1.0050251256281408,0.0,0.0,0.0,1.6528925619834713,0.0,0.0,0.0,1.7713086505323552,1.6879425110793296,0.7662835249042146,0.0,0.0,0.0,0.0,1.0050251256281408,0.0,0.0,1.0050251256281408,0.0,0.0,0.0,0.0,0.0,0.0,0.0,0.0,0.0,0.0,0.0,0.0,0.0,0.0,0.0,0.0,0.7662835249042146,0.0,0.0,0.0,0.0,0.0,3.652942563233503,0.0,0.0,0.0,0.0,0.0,0.0,0.0,0.0,0.0,1.0050251256281408,0.0,0.0,0.0,0.0,0.0,0.0,2.4542260359835444,10.2,1.8603310728331433,2.7404666631457433,3.2485206591504685,0.5459957847851915,7.6,0.90996465109325,1.8603310728331433,5.447944345226565,21.891717171717172,1.9284408184408182,23.442561522749582,14.977753737627333,12.907245533421971,16.296855820696276,16.44161490035218,18.404913677766242,0.0037813589017886367,0.0026479174376053617,2025,7
2025-08-01,9,6.144378662673777,1.9442521302155171,3.8257469864445124,0.0,3.8547894280767587,0.0,0.7741765820305163,0.0,0.0,0.6944444444444444,0.5583472920156338,0.0,1.1756312426329178,0.0,0.0,0.0,1.0799957009879866,0.9096378893552787,0.6944444444444444,1.0318776487930716,0.0,0.0,0.0,0.0,1.170075548185001,0.0,0.35958288385472853,0.41459369817578773,0.35958288385472853,0.0,0.0,0.0,3.4661641025897847,0.0,0.0,0.0,0.0,0.0,0.0,1.0318776487930716,1.0744400065400697,0.0,0.6944444444444444,1.054027328299173,0.0,0.0,0.0,0.0,0.0,0.7741765820305163,0.0,0.0,0.0,0.0,0.0,0.0,0.0,0.0,0.0,0.0,0.0,0.0,0.0,0.0,0.0,0.0,2.0865936358894106,12.0,2.319298852755357,2.7613080927123965,3.420740602519712,0.6899996976325343,10.222222222222221,0.8821502252054745,2.319298852755357,6.523817756344926,23.96560846560847,2.1240902870489364,6.306768463064461,17.41455850041241,14.12775267087395,17.748635998119806,19.57979535258082,20.967648919958826,0.004299189247169683,0.0027430146933893596,2025,8
2025-09-01,7,6.641594082343567,0.725163161711385,0.0,0.0,0.0,0.725163161711385,0.0,1.1428571428571428,1.7857142857142858,0.6131207847946045,0.0,0.0,0.6131207847946045,0.0,1.1428571428571428,0.0,2.063447108217374,1.3736263736263739,0.8354218880534668,0.0,0.0,0.0,0.0,0.0,0.725163161711385,0.0,0.0,0.0,0.0,0.0,0.0,0.0,0.0,0.0,0.0,0.0,0.0,0.0,0.0,0.0,0.0,0.0,0.0,0.0,0.0,0.725163161711385,0.0,0.0,0.0,0.0,0.0,0.0,0.0,0.0,0.0,0.0,0.0,1.1428571428571428,0.0,0.8928571428571429,0.0,0.8928571428571429,0.0,0.0,0.0,0.0,3.2129887280101874,11.571428571428571,2.3905932213984626,2.752179071325184,3.3906792046350813,0.6892305952141857,8.285714285714286,0.7305867232196285,2.3905932213984626,7.095902676682036,24.243210361067504,2.0207775021572076,14.111204155992965,16.533171852788115,13.643143920119524,17.330373282014897,18.889276529144688,20.259670569997706,0.005554200039620443,0.0,2025,9
2025-10-01,5,3.9612697634514036,1.762114537444934,0.0,0.0,0.7874015748031497,0.0,0.7874015748031497,0.0,0.0,0.0,0.0,0.0,0.0,0.0,0.0,0.0,1.9806348817257018,1.9806348817257018,0.0,0.0,0.0,0.0,0.0,0.881057268722467,0.881057268722467,0.0,0.0,0.0,0.0,0.0,0.0,0.0,0.0,0.0,0.0,0.0,0.0,0.0,0.0,0.0,0.0,0.7874015748031497,0.0,0.0,0.0,0.0,0.0,0.0,0.0,0.7874015748031497,0.0,0.0,0.0,0.0,0.0,0.0,0.0,0.0,0.0,0.0,0.0,0.0,0.0,0.0,0.0,2.891107519978749,1.0050251256281408,13.0,2.6274342229718988,2.819332534364796,3.8976427836592458,0.9219931075773697,11.4,0.973001684508666,2.6274342229718988,11.228862868279773,30.19404761904762,1.9939362275860475,15.977548321757501,16.4825886388993,14.069853531354203,17.55433903780385,19.283281024424824,20.46442804576148,0.005570897867915861,0.0029499121815846504,2025,10
2025-11-01,4,10.880777559937979,2.3183760683760686,4.636752136752137,0.0,0.0,1.0683760683760686,0.9578544061302682,2.136752136752137,0.0,0.0,0.0,0.0,0.9578544061302682,0.0,2.136752136752137,0.0,3.6231884057971016,2.136752136752137,2.026230474506337,0.0,0.0,0.0,0.0,2.3183760683760686,0.0,0.0,0.0,0.0,0.0,0.0,0.0,0.0,4.636752136752137,0.0,0.0,0.0,0.0,0.0,0.0,0.0,0.0,0.0,0.0,0.0,0.0,0.0,0.0,0.0,1.0683760683760686,0.9578544061302682,0.0,0.0,0.0,0.0,0.0,0.0,0.0,2.136752136752137,0.0,0.0,0.0,0.0,0.0,0.0,0.0,0.0,0.0,11.75,2.265897464705697,2.74074399921345,3.02020007020007,0.5198913410822359,6.75,0.8611898580499507,2.265897464705697,2.5,20.723232323232324,2.0337489730028193,13.627509122315601,16.207674337143413,13.209823698739655,17.109909717802193,18.282633263855384,20.2035310340469,0.0036231884057971015,0.0035683760683760685,2025,11
2025-12-01,7,7.5559028242198645,4.371770671833743,1.1983900872789763,0.0,0.5878894767783657,0.0,2.180359323216466,1.7964139298103348,1.3995777884666774,1.1983900872789763,0.0,0.0,0.8503401360544217,0.0,1.7964139298103348,0.0,0.6105006105006107,0.0,3.100258060575521,0.0,0.0,0.0,0.0,2.026119089611153,1.5339632705342787,0.0,0.8116883116883117,0.0,0.0,0.0,0.0,0.0,1.1983900872789763,0.0,0.0,0.0,0.0,0.0,0.0,0.0,0.0,0.0,0.5878894767783657,0.0,0.0,0.0,0.0,0.0,0.0,2.180359323216466,0.0,0.0,0.0,0.0,0.0,0.0,0.0,1.7964139298103348,0.0,0.5878894767783657,0.0,0.8116883116883117,0.0,0.0,0.0,0.8116883116883117,3.883884932272029,12.0,3.1842576337719564,2.7032046374059258,3.5833818149342735,0.8196000132805835,7.571428571428571,1.1750069150978584,3.1842576337719564,8.686252147873427,26.782086167800454,2.005530638637056,15.510913875250367,16.56593941571282,13.658636949283373,17.627402538520148,19.108320201907784,20.198360296346078,0.0018315018315018315,0.002026119089611153,2025,12
2026-01-01,7,11.865760960872453,4.106476289571753,1.1641967990515707,0.0,1.8983796740795162,2.3755064089792124,2.474768649086523,0.7639419404125286,0.5714285714285714,1.190496858824434,0.0,0.0,0.670690811535882,0.7639419404125286,0.0,0.0,3.4496006470528764,3.35345405767941,2.437576645367322,0.0,0.0,0.5977286312014345,0.670690811535882,1.3353705118411001,1.5026863349933361,0.0,0.0,0.0,0.0,0.0,0.5714285714285714,0.0,0.5927682276229994,0.0,0.0,0.0,0.0,0.0,0.0,0.0,0.670690811535882,0.634920634920635,0.0,0.5927682276229994,0.5714285714285714,0.0,0.634920634920635,0.0,1.1691572026300059,2.474768649086523,0.0,0.0,0.0,0.0,0.7639419404125286,0.0,0.0,0.0,0.0,0.0,0.0,0.5714285714285714,0.0,0.0,0.0,0.0,0.0,11.428571428571429,2.1207471738820174,2.7844505476430714,3.749101935965047,0.6892330959094377,12.0,1.0185727743240502,2.1207471738820174,5.868852410139245,25.376010101010102,2.1109132402349617,11.531173449098983,16.795830351905924,14.286610294303685,17.142127343749426,19.142021314039827,19.916993168185748,0.001970291146761735,0.0022452886192114367,2026,1
2026-02-01,2,8.55393673073231,0.0,0.0,0.0,0.0,0.0,1.9305019305019306,0.0,0.0,0.0,0.0,0.0,0.0,0.0,0.0,0.0,3.8610038610038613,0.0,4.69293286972845,0.0,0.0,0.0,0.0,0.0,0.0,0.0,0.0,0.0,0.0,0.0,0.0,0.0,0.0,0.0,0.0,0.0,0.0,0.0,0.0,0.0,0.0,0.0,0.0,0.0,0.0,0.0,0.0,0.0,0.0,1.9305019305019306,0.0,0.0,0.0,0.0,0.0,0.0,0.0,0.0,0.0,0.0,0.0,0.0,0.0,0.0,0.0,0.0,0.0,14.5,2.903061199720936,2.7385864231059083,3.4942129138932465,0.6697596115111593,11.0,0.9481582012514062,2.903061199720936,11.31636766995883,24.923076923076923,1.981589147286822,11.87326572008115,17.317085868830297,14.053257741717376,18.376385660998512,20.03179860418744,21.34604462474645,0.0019305019305019305,0.0027624309392265192,2026,2
2026-03-01,3,3.698475437605872,0.0,0.0,0.0,0.0,1.3175230566534915,0.0,0.0,0.0,2.380952380952381,0.0,0.0,0.0,0.0,0.0,0.0,0.0,0.0,1.3175230566534915,0.0,0.0,0.0,0.0,0.0,0.0,0.0,0.0,0.0,0.0,0.0,0.0,0.0,0.0,0.0,0.0,0.0,0.0,0.0,0.0,0.0,0.0,0.0,0.0,0.0,0.0,0.0,0.0,1.3175230566534915,0.0,0.0,0.0,0.0,0.0,0.0,0.0,0.0,0.0,0.0,0.0,0.0,0.0,0.0,0.0,0.0,0.0,0.0,2.4875621890547266,11.0,1.7418386226084002,2.827234487339837,3.2958486137380087,0.5103899719280207,9.0,1.1847533348959336,1.7418386226084002,6.186037626660599,23.12207792207792,1.9155978475365074,25.63543057489996,15.234968914351441,13.604892624292887,16.432297789358746,17.232215427543913,18.398398346845514,0.005015998494259363,0.0026350461133069825,2026,3
