month_ts,paper_count,marker_words_total_per_1k_words_monthly_mean,marker_verbs_total_per_1k_words_monthly_mean,marker_adjectives_total_per_1k_words_monthly_mean,marker_phrases_total_per_1k_words_monthly_mean,sequential_markers_total_per_1k_words_monthly_mean,causal_markers_total_per_1k_words_monthly_mean,contrast_markers_total_per_1k_words_monthly_mean,emphasis_markers_total_per_1k_words_monthly_mean,summary_markers_total_per_1k_words_monthly_mean,word_finding_per_1k_words_monthly_mean,word_interplay_per_1k_words_monthly_mean,word_realm_per_1k_words_monthly_mean,word_insight_per_1k_words_monthly_mean,word_notably_per_1k_words_monthly_mean,word_particularly_per_1k_words_monthly_mean,word_meticulously_per_1k_words_monthly_mean,word_while_per_1k_words_monthly_mean,word_within_per_1k_words_monthly_mean,word_across_per_1k_words_monthly_mean,word_additionally_per_1k_words_monthly_mean,verb_delve_per_1k_words_monthly_mean,verb_underscore_per_1k_words_monthly_mean,verb_showcase_per_1k_words_monthly_mean,verb_enhance_per_1k_words_monthly_mean,verb_exhibit_per_1k_words_monthly_mean,verb_garner_per_1k_words_monthly_mean,verb_align_per_1k_words_monthly_mean,verb_foster_per_1k_words_monthly_mean,adjective_crucial_per_1k_words_monthly_mean,adjective_pivotal_per_1k_words_monthly_mean,adjective_comprehensive_per_1k_words_monthly_mean,adjective_intricate_per_1k_words_monthly_mean,adjective_potential_per_1k_words_monthly_mean,phrase_meticulously_delve_per_1k_words_monthly_mean,phrase_intricate_web_per_1k_words_monthly_mean,phrase_comprehensive_chapter_per_1k_words_monthly_mean,phrase_deep_dive_per_1k_words_monthly_mean,phrase_intricate_interplay_per_1k_words_monthly_mean,phrase_essential_insight_per_1k_words_monthly_mean,sequential_marker_additionally_per_1k_words_monthly_mean,sequential_marker_furthermore_per_1k_words_monthly_mean,sequential_marker_moreover_per_1k_words_monthly_mean,sequential_marker_subsequently_per_1k_words_monthly_mean,sequential_marker_further_per_1k_words_monthly_mean,causal_marker_hence_per_1k_words_monthly_mean,causal_marker_thus_per_1k_words_monthly_mean,causal_marker_consequently_per_1k_words_monthly_mean,causal_marker_accordingly_per_1k_words_monthly_mean,causal_marker_thereby_per_1k_words_monthly_mean,contrast_marker_however_per_1k_words_monthly_mean,contrast_marker_nonetheless_per_1k_words_monthly_mean,contrast_marker_nevertheless_per_1k_words_monthly_mean,contrast_marker_conversely_per_1k_words_monthly_mean,contrast_marker_alternatively_per_1k_words_monthly_mean,emphasis_marker_notably_per_1k_words_monthly_mean,emphasis_marker_crucially_per_1k_words_monthly_mean,emphasis_marker_remarkably_per_1k_words_monthly_mean,emphasis_marker_particularly_per_1k_words_monthly_mean,emphasis_marker_importantly_per_1k_words_monthly_mean,summary_marker_overall_per_1k_words_monthly_mean,summary_marker_collectively_per_1k_words_monthly_mean,summary_marker_ultimately_per_1k_words_monthly_mean,summary_marker_in_summary_per_1k_words_monthly_mean,summary_marker_taken_together_per_1k_words_monthly_mean,em_dash_per_1k_words_monthly_mean,semicolon_per_1k_words_monthly_mean,colon_per_1k_words_monthly_mean,clause_depth_monthly_mean,clause_depth_std_monthly_mean,dependency_entropy_monthly_mean,dependency_length_monthly_mean,dependency_length_std_monthly_mean,coordination_count_monthly_mean,coordination_per_sentence_std_monthly_mean,sentence_depth_std_monthly_mean,list_of_three_per_1k_words_monthly_mean,avg_words_per_sentence_monthly_mean,avg_syllables_per_word_monthly_mean,flesch_reading_ease_monthly_mean,flesch_kincaid_grade_monthly_mean,dale_chall_monthly_mean,smog_index_monthly_mean,automated_readability_index_monthly_mean,gunning_fog_monthly_mean,hedge_ratio_monthly_mean,certainty_ratio_monthly_mean,year,month
2015-01-01,37,3.4577312955540562,0.4739148539588745,1.5367229977226966,0.0,0.5704573100869137,0.5697079588705204,1.2489600149854763,0.14150275930380643,0.3636289350575065,0.3293934328417087,0.0,0.0,0.0,0.0,0.0,0.0,0.7569044771237319,0.8677950983128102,1.4020329225125459,0.1016053647632595,0.0,0.0,0.0,0.0,0.4739148539588745,0.0,0.0,0.0,0.10122482032594392,0.0,0.42270531400966177,0.0,1.0127928633870908,0.0,0.0,0.0,0.0,0.0,0.0,0.1016053647632595,0.0,0.13313806417254695,0.0,0.3357138811511073,0.0,0.45939356284183874,0.11031439602868175,0.0,0.0,1.2489600149854763,0.0,0.0,0.0,0.0,0.0,0.0,0.0,0.0,0.14150275930380643,0.2206287920573635,0.0,0.0,0.0,0.143000143000143,0.5604742673708191,2.3541495035582933,3.0772008965398454,11.378378378378379,2.321007158949357,2.7300596185753316,3.5366544687170647,0.8685118811293648,4.243243243243243,0.6903923907120486,2.321007158949357,1.9875149478934941,24.91305233805234,1.9495262523326033,17.12236998730176,16.730325892768924,12.867927334331576,17.58720491010404,18.103059259518457,20.216156995127783,0.003877673922914597,0.0019984317623290403,2015,1
2015-02-01,29,2.9896725701136715,1.2008898082233128,4.158433258196735,0.0,0.6465462563728122,0.4707911292207126,1.2109154379954359,0.679786519484918,0.35550112476133366,0.6122503723450429,0.1424907381020234,0.0,0.1424907381020234,0.0,0.23618327822390175,0.0,0.2645001501353233,1.0446852872179693,0.5470720059873874,0.0,0.0,0.0,0.0,0.20403999183840033,0.9968498163849123,0.0,0.0,0.0,0.3663068956604665,0.0,0.0,0.0,3.7921263625362687,0.0,0.0,0.0,0.0,0.0,0.0,0.0,0.4211687490480433,0.225377507324769,0.0,0.0,0.0,0.4707911292207126,0.0,0.0,0.0,1.2109154379954359,0.0,0.0,0.0,0.0,0.0,0.0,0.44360324126101613,0.23618327822390175,0.0,0.35550112476133366,0.0,0.0,0.0,0.0,0.0,0.3961811810552835,1.0381359085410975,11.724137931034482,2.3041785184388077,2.706609648005509,3.278308004124242,0.5974756776792355,5.103448275862069,0.7385090205090409,2.3041785184388077,1.2632483662010976,24.2853662620904,1.9233485881174732,18.747277839884276,16.470822874455248,12.748898768103157,17.278457127900676,17.98404741825084,19.73002202697271,0.0034695413640916167,0.001993936182170294,2015,2
2015-03-01,41,3.3916818836762794,0.6089769955625987,1.4059934996676167,0.0,0.6086805800278514,1.3460147774902051,1.0527902781874832,0.30530738729386986,0.35376840254889036,1.0286433618796107,0.2950813480260238,0.0,0.0,0.0,0.158378207158695,0.0,0.7008766676267197,0.6443702640026708,0.564332034982559,0.0,0.0,0.0,0.0,0.3017467149461411,0.3072302806164575,0.0,0.0,0.0,0.1443209698369173,0.0,0.0967866821525358,0.0,1.1648858476781636,0.0,0.0,0.0,0.0,0.0,0.0,0.0,0.2960510314820499,0.3126295485458015,0.0,0.0,0.2644880686493476,1.0815267088408578,0.0,0.0,0.0,1.0527902781874832,0.0,0.0,0.0,0.0,0.0,0.0,0.14692918013517486,0.158378207158695,0.0,0.0,0.0,0.24390243902439024,0.10986596352450012,0.0,0.5097012266636154,2.0547799822418935,2.3045854220817157,11.487804878048781,2.2946124212306875,2.7226512639345057,3.4009117345302067,0.6615900322093972,5.0,0.783410200373921,2.2946124212306875,4.5995738588289825,25.269292225389783,1.921780082710446,18.59677970143223,16.607301819751804,12.890025110731303,17.409696207556948,18.17295518319257,19.943635416348915,0.0035953544463141135,0.002097378386523755,2015,3
2015-04-01,30,2.450977228911517,0.350958885209713,1.3557967581207373,0.0,0.3800146823854558,1.1792246297455031,0.7086768772161036,0.1349527665317139,0.3670691968564309,0.20080321285140562,0.0,0.0,0.1610305958132045,0.0,0.1349527665317139,0.0,0.9477177985500039,1.0064728551651887,0.0,0.0,0.0,0.0,0.0,0.13020833333333334,0.22075055187637968,0.0,0.0,0.0,0.0,0.0,0.0,0.0,1.3557967581207373,0.0,0.0,0.0,0.0,0.0,0.0,0.0,0.1792114695340502,0.0,0.0,0.20080321285140562,0.0,0.9208150730903326,0.1349527665317139,0.0,0.1234567901234568,0.7086768772161036,0.0,0.0,0.0,0.0,0.0,0.0,0.0,0.1349527665317139,0.0,0.3670691968564309,0.0,0.0,0.0,0.0,0.6666666666666666,0.8430360544022357,1.6102236713808484,11.9,2.5764583494093047,2.6962190636895973,3.3188023453606106,0.6518743443666345,5.1,0.6831711935383641,2.5764583494093047,1.8741892775504072,24.482607207607206,1.9218423172612977,17.708945089974122,16.647668831154,12.80672722141472,17.388752915689576,18.033100790892863,19.892497599333804,0.002980821649203756,0.002102229540164888,2015,4
2015-05-01,37,2.4823232092811303,0.40884063440454416,2.7982759123233665,0.0,0.9186073228057692,0.6306514702787953,1.3798147936533054,0.22992494902607266,0.2319533595321679,0.24471918881856772,0.0,0.0,0.3447115502991604,0.0,0.12870012870012873,0.0,0.6720687865937128,0.8486368248963445,0.24348672997321646,0.0,0.0,0.2665931237359809,0.0,0.0,0.14224751066856328,0.0,0.0,0.0,0.3542425229172217,0.0,0.22992494902607266,0.0,2.214108440380072,0.0,0.0,0.0,0.0,0.0,0.0,0.0,0.46491686911531543,0.0,0.0,0.4536904536904537,0.2675943270002676,0.3630571432785277,0.0,0.0,0.0,1.0071948558159762,0.20475020475020475,0.16786973308712438,0.0,0.0,0.0,0.10122482032594392,0.0,0.12870012870012873,0.0,0.108542277216976,0.0,0.0,0.12341108231519189,0.0,0.0,0.8807742940638229,1.4310057380218815,11.621621621621621,2.3060195901898966,2.733042529801546,3.309475932369472,0.6367364557863159,5.54054054054054,0.7811126282264882,2.3060195901898966,4.224067305080957,24.051159126159124,1.9077687419477094,20.97025441200183,16.020499762778794,12.519122862971585,16.878787518021646,17.36177311313547,19.142150371105064,0.0030371413561227417,0.001714459651412223,2015,5
2015-06-01,35,3.347875002400755,1.3415540353750113,1.3775922528377056,0.0,0.6402905552448768,0.6873515653601296,1.3454027143162854,0.7121527323264504,0.2210629837088981,0.2864577116803132,0.2976190476190476,0.0,0.3188263257110073,0.0,0.11474469305794605,0.0,0.3673783799798534,0.7042600427118297,1.0453691854360667,0.21321961620469085,0.0,0.0,0.0,0.3342849915073543,1.007269043867657,0.0,0.0,0.0,0.21285055556764432,0.0,0.17746228926353147,0.0,0.9872794080065296,0.0,0.0,0.0,0.0,0.0,0.0,0.21321961620469085,0.3060055637375225,0.12106537530266344,0.0,0.0,0.1400560224089636,0.547295542951166,0.0,0.0,0.0,1.2306580212583393,0.0,0.0,0.0,0.11474469305794605,0.0,0.0,0.4429678848283499,0.11474469305794605,0.15444015444015444,0.2210629837088981,0.0,0.0,0.0,0.0,0.5073067312788672,0.3686274509803922,1.1603346312177945,11.571428571428571,2.0416430983058658,2.687909691801712,3.404352402725298,0.6679828452197552,5.0285714285714285,0.754716809639791,2.0416430983058658,2.9753031180053897,25.89208719851577,1.930635067763086,15.130897199114985,17.188106703518276,12.943202625981689,17.656754778747967,18.8515454416353,20.127655232301592,0.003281001674551583,0.0017792577487069168,2015,6
2015-07-01,42,1.2841988966289941,0.6971595726969773,1.400877318370885,0.0,1.2046305548853142,0.7439114497443898,1.327194238493905,0.4320360284138995,0.0,0.15460729746444035,0.0,0.0,0.5914130101123609,0.0,0.10218679746576742,0.0,0.09087604507451835,0.22045855379188714,0.12465719272001996,0.0,0.0,0.0,0.0,0.2731108411038023,0.3214214737935035,0.0,0.0,0.10262725779967158,0.18456995201181248,0.0,0.0,0.18896447467876037,1.027342891680312,0.0,0.0,0.0,0.0,0.0,0.0,0.0,0.4490104456691671,0.5151198687159065,0.0,0.24050024050024052,0.0,0.6205460414048882,0.1233654083395016,0.0,0.0,0.9106525310676701,0.1497454327643007,0.0,0.26679627466193423,0.0,0.0,0.14088475626937166,0.0,0.10218679746576742,0.18896447467876037,0.0,0.0,0.0,0.0,0.0,0.0,0.44210379717611287,0.516649833758748,12.214285714285714,2.2658740262145334,2.732774423837414,3.4240025526724946,0.6607638875230752,5.285714285714286,0.7684594649925898,2.2658740262145334,3.069294254099799,26.595143613000758,1.9361619796042426,13.971818389481335,17.768680151108605,12.762671603785188,18.448704677421656,19.57374300197824,21.33982813519062,0.0030259139682850505,0.0016500998220945846,2015,7
2015-08-01,32,1.9423069815625862,1.523514627610144,1.5965775697084714,0.0,0.7911911493638633,0.6352670691591784,0.7891170247660284,0.0,0.991742910727883,0.3455724305673398,0.0,0.0,0.0,0.0,0.0,0.0,1.1588192970901448,0.0,0.43791525390510155,0.0,0.0,0.0,0.0,0.1370614035087719,1.386453224101372,0.0,0.0,0.0,0.0,0.21701388888888887,0.0,0.0,1.3795636808195824,0.0,0.0,0.0,0.0,0.0,0.0,0.0,0.12703252032520326,0.16025641025641027,0.1370614035087719,0.3668408152734778,0.12703252032520326,0.3711731453252033,0.0,0.0,0.1370614035087719,0.7891170247660284,0.0,0.0,0.0,0.0,0.0,0.0,0.0,0.0,0.0,0.8151892384114988,0.0,0.0,0.0,0.1765536723163842,0.0,0.22777814657461498,2.07041225576779,11.3125,2.135419101016268,2.7047082822652766,3.274822227415568,0.6367856305082813,5.375,0.648238239097961,2.135419101016268,4.24843888044896,24.270019823926074,1.9339563346941726,18.566819435744577,16.5460303812995,12.679657798010865,17.126557329446037,18.002299801053347,19.59721126964724,0.0033243005025152773,0.0024810106019092382,2015,8
2015-09-01,37,2.9038949999023274,0.9454656106312335,0.7732112277566824,0.0,1.2345997546415357,0.44954878928224307,1.6090514483217453,0.3891738414883981,0.0,0.955885433118271,0.0,0.0,0.0,0.165809981760902,0.22336385972749612,0.0,0.3181179651767887,0.5965755965755966,0.5281463393929424,0.11599582415033058,0.0,0.0,0.0,0.17550017550017552,0.769965435131058,0.0,0.0,0.0,0.0,0.0,0.0,0.0,0.7732112277566824,0.0,0.0,0.0,0.0,0.0,0.0,0.11599582415033058,0.17105713308244955,0.8246966745586328,0.0,0.12285012285012284,0.0,0.44954878928224307,0.0,0.0,0.0,1.3524041619714886,0.0,0.12285012285012284,0.0,0.1337971635001338,0.165809981760902,0.0,0.0,0.22336385972749612,0.0,0.0,0.0,0.0,0.0,0.0,1.1334286607374988,1.136224332655651,2.8279370795349195,11.675675675675675,2.1890144323581513,2.7205567030127833,3.4102407252282387,0.7021441974361866,5.702702702702703,0.7927652427039309,2.1890144323581513,3.298776488507766,24.75212842712843,1.9437897122000405,16.405046832509292,16.944910221439102,12.714726953197358,17.625125537029334,18.36945620659434,20.215417318571422,0.0037555467329361404,0.0023618689045995385,2015,9
2015-10-01,36,4.666190624489641,1.1096874167958872,2.2858619873476798,0.0,1.2593091759425075,0.8244068859847147,0.6358417643838111,0.5814276324370115,0.24832301341589266,0.509574039104453,0.10212418300653595,0.0,0.2438475390156062,0.0,0.0,0.0,0.8633133216560717,1.0898928434401034,1.1978005035258579,0.659638194741012,0.0,0.0,0.0,0.6561195010310169,0.4535679157648704,0.0,0.0,0.0,0.4579666192859136,0.0,0.0,0.0,1.827895368061766,0.0,0.0,0.0,0.0,0.0,0.0,0.659638194741012,0.1803751803751804,0.419295800826315,0.0,0.0,0.0,0.6647644849630033,0.15964240102171134,0.0,0.0,0.5186359509754662,0.0,0.0,0.0,0.11720581340834506,0.0,0.10064412238325282,0.3211411090320473,0.0,0.15964240102171134,0.0,0.0,0.0,0.0,0.24832301341589266,0.17921146953405018,0.0,0.8308298073866902,11.583333333333334,2.257793618721676,2.695162513167603,3.291363015215031,0.6627297149359355,5.638888888888889,0.7392403273990321,2.257793618721676,2.7522772496361267,23.58164597747931,1.9394212837511897,17.93967693018498,16.36504044945137,12.766228666726878,17.246132225467615,17.680641925094857,19.746005022880908,0.0029196320749175983,0.0015946178650586606,2015,10
2015-11-01,35,2.6630951917802412,0.38117043224475416,0.8867902123307421,0.0,1.1099181821464876,0.47663391673479943,1.370077025078272,0.4289953063039211,0.0,0.32064287703385447,0.2012072434607646,0.0,0.5150063367034367,0.16906170752324598,0.0,0.0,0.713616716661177,0.25425197912051933,0.1984126984126984,0.2908956328645448,0.0,0.0,0.0,0.1710863986313088,0.21008403361344538,0.0,0.0,0.0,0.0,0.0,0.0,0.0,0.8867902123307421,0.0,0.0,0.0,0.0,0.0,0.0,0.2908956328645448,0.6246590896123607,0.1943634596695821,0.0,0.0,0.0,0.286157726258609,0.0,0.0,0.1904761904761905,1.370077025078272,0.0,0.0,0.0,0.0,0.16906170752324598,0.0,0.1264222503160556,0.0,0.13351134846461948,0.0,0.0,0.0,0.0,0.0,0.0,0.24420024420024425,0.6173524103015525,11.685714285714285,2.272949593340619,2.7349399466170534,3.3493107802187883,0.673613602617141,5.857142857142857,0.7166195337856748,2.272949593340619,1.7135718873725334,24.257122242836527,1.9519572654710382,16.03127243822861,16.74461390490355,12.824816249312459,17.533495544623378,18.34734402948628,20.144421155332864,0.0036738360761522236,0.0007915628112942446,2015,11
2015-12-01,46,3.661794240459157,0.48963998672713843,1.0248531856800438,0.0,0.36836906341879727,1.3305807065005397,0.6297885364279137,0.8621101590170418,0.1739575766178751,0.5097478918366685,0.0,0.0,0.2337540906965872,0.10552975939214858,0.5824415951669398,0.0,1.0097818889221981,0.5248432143240183,0.6186066851036371,0.0770891150169596,0.0,0.0,0.0,0.11091393078970718,0.3787260559374312,0.0,0.0,0.0,0.0,0.0,0.0,0.07736345350456443,0.9474897321754794,0.0,0.0,0.0,0.0,0.0,0.0,0.0770891150169596,0.17117425539198905,0.0,0.0,0.12010569300984866,0.10552975939214858,1.0328994545360115,0.10656436487638535,0.0,0.08558712769599452,0.6297885364279137,0.0,0.0,0.0,0.0,0.10552975939214858,0.09704968944099379,0.0770891150169596,0.5824415951669398,0.0,0.0,0.08558712769599452,0.0,0.08837044892188053,0.0,0.5733397037744864,0.3845123469435996,1.9574080135348282,12.0,2.282190779876001,2.7566228659412615,3.3919359360668357,0.685530787435665,5.760869565217392,0.7723321145182532,2.282190779876001,2.3739103974155236,25.9777895413765,1.9222118858955561,17.006511989722725,16.904415473483485,12.693948741097714,17.54929492442126,18.440507286755427,20.133130714402018,0.003446231486791086,0.001987546589290899,2015,12
2016-01-01,48,4.022485472444683,0.7191776766957196,1.5954386739313595,0.0,1.2534252637804892,1.020771514025385,1.6014101148752002,0.24738418117987196,0.0,0.42465311340513595,0.0,0.0,0.22538385688125087,0.0,0.14269406392694065,0.0,1.8321181548122585,0.7140172873353098,0.5880532468483126,0.095565749235474,0.0,0.0,0.0,0.13616557734204793,0.5830120993536717,0.0,0.0,0.0,0.25461460811882614,0.0,0.14367816091954022,0.17361111111111113,1.0235347937818822,0.0,0.0,0.0,0.0,0.0,0.0,0.095565749235474,0.4465020352606852,0.46941604097873757,0.0,0.24194143830559245,0.0,0.9481815024109831,0.0,0.0,0.07259001161440186,1.450443931300321,0.0,0.15096618357487923,0.0,0.0,0.0,0.10469011725293133,0.0,0.14269406392694065,0.0,0.0,0.0,0.0,0.0,0.0,0.095565749235474,0.2989959765660701,1.30258365885972,11.645833333333334,2.2414304974233814,2.744351286129657,3.3838608728177153,0.6373521288676313,6.25,0.8211636238973675,2.2414304974233814,3.1256018548942817,24.98608630952381,1.952771463901399,14.969404775180417,17.11099658224892,12.879176879916562,17.69542998916955,18.674141549307866,20.270855502269523,0.002919907299723888,0.001180194499076152,2016,1
2016-02-01,31,3.437770485156548,1.4236102896181402,1.1022200330869956,0.0,0.6540250455771418,0.5950993044188909,1.3580094225270174,0.16374652038644177,0.5217637291977492,0.8525951585191949,0.0,0.0,0.3825199564687816,0.0,0.0,0.0,0.7419963623607503,0.7880715761930205,0.6725874316148006,0.0,0.0,0.0,0.0,0.417689487742368,0.8808895440613187,0.0,0.0,0.1250312578144536,0.17627357659086904,0.0,0.15735641227380015,0.0,0.7685900442223265,0.0,0.0,0.0,0.0,0.0,0.0,0.0,0.2560163850486431,0.1250312578144536,0.0,0.272977402714045,0.0,0.5950993044188909,0.0,0.0,0.0,1.0470431792240313,0.0,0.31096624330298606,0.0,0.0,0.0,0.0,0.16374652038644177,0.0,0.0,0.35548504612491916,0.16627868307283009,0.0,0.0,0.0,0.33255736614566017,0.25356595772608015,1.347153342430902,12.03225806451613,2.3994655451602425,2.7282643007048826,3.2751256981482606,0.6200810101866652,5.0,0.7593474208356951,2.3994655451602425,2.6170241818262547,25.74391244955761,1.91997291202628,18.86248298319238,16.439348143534865,12.55889573194996,17.47534682634696,17.75546417420805,19.820369946793065,0.004308261441443417,0.0029851897508310432,2016,2
2016-03-01,42,2.81720056185291,0.7743643180730482,1.5102759601978024,0.0,1.6588916002037521,1.1472436152291816,0.9125021863332802,0.1155802126675913,0.26712759270898806,0.23660257753895206,0.0,0.0,0.0,0.0,0.0,0.0,0.810846515840514,0.9603255806988255,0.6361561369063864,0.1732697508682321,0.0,0.0,0.0,0.0,0.7743643180730482,0.0,0.0,0.0,0.3138018719904777,0.0,0.08984725965858041,0.0,1.1066268285487442,0.0,0.0,0.0,0.0,0.0,0.0,0.1732697508682321,0.4582677360401394,0.6528653861351946,0.16196954972465175,0.2125191774355343,0.08098477486232587,1.0662588403668556,0.0,0.0,0.0,0.9125021863332802,0.0,0.0,0.0,0.0,0.0,0.1155802126675913,0.0,0.0,0.0,0.26712759270898806,0.0,0.0,0.0,0.0,0.20525451559934316,1.2477492861424957,0.8771215874239573,11.333333333333334,2.1253319185672077,2.71828747697666,3.3867844543351717,0.6463211880579314,5.785714285714286,0.7965962118050969,2.1253319185672077,3.0555788544309106,26.590922833779977,1.950912773705009,15.401426661256716,16.775240594664233,12.944822441947244,17.434457888167543,18.277249219190534,19.89610283085164,0.00416494741073805,0.002018882531476452,2016,3
2016-04-01,35,1.7020133732086236,0.6326616354353446,0.8032778408353267,0.0,0.8719114523994177,1.1434649024347685,1.092644931768603,0.3304128304128304,0.0,0.2768003753225428,0.13869625520110956,0.0,0.0,0.0,0.13736263736263737,0.0,0.6284652389308488,0.12531328320802004,0.39537558318346494,0.0,0.0,0.0,0.0,0.17857142857142858,0.454090206863916,0.0,0.0,0.0,0.3341687552213868,0.13869625520110956,0.0,0.0,0.3304128304128304,0.0,0.0,0.0,0.0,0.0,0.0,0.0,0.45344539917780835,0.30685891036446655,0.0,0.11160714285714286,0.4342273307790549,0.5775720022021259,0.13166556945358787,0.0,0.0,1.092644931768603,0.0,0.0,0.0,0.0,0.0,0.19305019305019305,0.0,0.13736263736263737,0.0,0.0,0.0,0.0,0.0,0.0,0.0,0.8387279643040011,2.9130668364765624,11.628571428571428,2.3644593878051547,2.7662841025407223,3.4043409220021443,0.6532476841444751,6.0285714285714285,0.7677197622198851,2.3644593878051547,1.973519401876294,23.855459699031126,1.889610475367851,22.537619282898895,15.709576068145163,12.625700022965084,16.488380393439616,17.10273296956269,18.61851308485066,0.004370074865343107,0.0014156139606958822,2016,4
2016-05-01,49,4.418852027916697,0.6261306020535555,1.281660327958614,0.0,0.32702771737857295,0.631524309199696,1.2284800691811832,0.9637863992605661,0.6172397465397605,0.7267596416321549,0.0,0.0,0.3770152722608349,0.0,0.5845522007843851,0.0,1.2515694298942805,0.6072183200143024,0.8717371633307389,0.0,0.0,0.0,0.0,0.0,0.6261306020535555,0.0,0.0,0.0,0.19908757153655116,0.125203455615375,0.0,0.0,0.9573693008066879,0.0,0.0,0.0,0.0,0.0,0.0,0.0,0.125203455615375,0.08034709946970915,0.0,0.12147716229348882,0.07586677793794097,0.5556575312617551,0.0,0.0,0.0,1.035950227055654,0.0,0.19252984212552943,0.0,0.0,0.0,0.10465724751439039,0.0,0.5845522007843851,0.27457695096179063,0.3168053191212061,0.0,0.18705574261129815,0.0,0.11337868480725623,0.655655819670926,0.6889869830523854,2.3105489986760266,11.714285714285714,2.4083473999093292,2.7032938340839805,3.413788285935229,0.6695963516969654,5.061224489795919,0.8759709326069104,2.4083473999093292,2.3651526871001964,26.207540418764907,1.9463493330815305,14.435411821104411,17.413712227480854,12.91387084458032,18.037183536634164,19.0510002198576,20.704396989168274,0.003829077662720096,0.001826152326006821,2016,5
2016-06-01,54,5.305591119165222,0.9989922777844604,1.6561205850634808,0.0,1.1673510967416256,1.1789539913648255,1.1391829872566321,0.5132704815940683,0.5810293502971731,0.614953645858469,0.22109363700811113,0.0,0.1789228842368939,0.1286008230452675,0.0,0.0,1.3508444232825254,1.0722216284333794,1.5102710443454963,0.22868303295507925,0.0,0.0,0.0,0.290176216102142,0.6391975710111962,0.0,0.06961849067112225,0.0,0.17619000462137718,0.0,0.0,0.0,1.4799305804421037,0.0,0.0,0.0,0.0,0.0,0.0,0.22868303295507925,0.4047027764569905,0.08573388203017833,0.20807324178110692,0.2401581635182706,0.1295001295001295,0.36358280562326933,0.0,0.0,0.6858710562414266,1.1391829872566321,0.0,0.0,0.0,0.0,0.1286008230452675,0.06475006475006476,0.0,0.0,0.31991959379873613,0.16534391534391535,0.0,0.308641975308642,0.0,0.1070434596446157,1.1669713154056098,0.09645061728395062,0.9239338302436835,11.425925925925926,2.1938605173444454,2.721051299661408,3.3390009869096926,0.616574341660646,5.166666666666667,0.7262910187417433,2.1938605173444454,2.139112222891813,24.84274958580514,1.9371214815366966,15.876667540018277,16.959960315504862,12.75020020222923,17.8852533400612,18.510908939312436,20.611436217991425,0.004763578411965891,0.0011236228860206548,2016,6
2016-07-01,38,3.56336241858986,0.25425883549453343,0.5363699201953375,0.0,1.061274852545392,0.7865607991101375,1.1066580695273778,0.3357134014650336,0.14952153110047847,0.5176389078188178,0.0,0.0,0.7112608248792682,0.0,0.0,0.0,0.663319098103986,0.5283195297889393,1.0388090798419938,0.10401497815685458,0.0,0.0,0.0,0.0,0.25425883549453343,0.0,0.0,0.0,0.0,0.0,0.11392116655274549,0.0,0.4224487536425919,0.0,0.0,0.0,0.0,0.0,0.0,0.10401497815685458,0.391296869625043,0.29904306220095694,0.11392116655274549,0.15299877600979192,0.13027618551328818,0.6562846135968494,0.0,0.0,0.0,1.1066580695273778,0.0,0.0,0.0,0.0,0.0,0.09893153937475267,0.0,0.0,0.2367818620902809,0.14952153110047847,0.0,0.0,0.0,0.0,0.8591566573564592,0.6125401107655883,1.5910695897137257,11.868421052631579,2.310365276390851,2.7306450026618507,3.3179958241862497,0.6809065729203728,5.473684210526316,0.7951326384678269,2.310365276390851,1.9561020669587175,23.556777433093224,1.9118341673806858,19.987335932583957,16.125679560745365,12.494825155751487,17.060792790115997,17.63401121152758,19.304323406314982,0.0033147231728019983,0.0016820783369752013,2016,7
2016-08-01,46,2.866247277955717,1.5321670046874571,1.3830743108862769,0.0,0.6709317812411719,1.178652040246464,1.242339187176094,0.3971327608289615,0.2910882221227049,0.5944370151785578,0.08172605426610004,0.0,0.44735484092046524,0.0,0.3971327608289615,0.0,0.590754560791536,0.5015033921822211,0.2533386537878757,0.0,0.0,0.0,0.0,0.20703933747412012,1.325127667213337,0.0,0.0,0.0,0.17674089784376107,0.0,0.12144765606023804,0.0,1.0848857569822778,0.0,0.0,0.0,0.0,0.0,0.0,0.0,0.14688601645123384,0.37715974833870425,0.0,0.14688601645123384,0.28255907065741365,0.7109502957357556,0.0,0.0,0.18514267385329466,1.154681403164874,0.0,0.0876577840112202,0.0,0.0,0.0,0.0,0.0,0.3971327608289615,0.0,0.2910882221227049,0.0,0.0,0.0,0.0,0.7157617636357417,0.9909267348135616,1.6764467742156355,11.76086956521739,2.3076742036047357,2.740243517103638,3.3645532417073554,0.6408957315681405,5.260869565217392,0.7489699403155374,2.3076742036047357,3.0411330219457313,25.2484759805412,1.9530481406910547,15.272585049766246,17.083092409561836,12.88703793984723,17.79582466273661,18.60342753215358,20.42619990258838,0.005306132275925707,0.0016770119048490912,2016,8
2016-09-01,51,3.026873289239403,0.9412949671778686,1.9975916247215941,0.0,0.695726776023163,1.2883075610413468,1.5007866842484632,0.366813131695813,0.26192114878340306,0.28343087821969654,0.19622311200813108,0.0,0.480324387819644,0.0,0.07156147130385,0.0,0.760716803042375,0.38547141865436,0.8491452181913465,0.0,0.0,0.0,0.0,0.23734020273812664,0.703954764439742,0.0,0.0,0.0,0.12331976815883587,0.0,0.1594238964755654,0.0,1.7148479600871926,0.0,0.0,0.0,0.0,0.0,0.0,0.0,0.10598834128245893,0.5018108870400095,0.0,0.08792754770069462,0.07053180984624066,0.8376236903707767,0.0,0.0,0.3801520608243297,1.5007866842484632,0.0,0.0,0.0,0.0,0.0,0.0,0.0,0.07156147130385,0.295251660391963,0.19238979014065521,0.0,0.0,0.0,0.06953135864274787,0.08036001285760207,0.5829176479415493,1.2318705527919516,11.647058823529411,2.154716631352714,2.6903739217135225,3.3045198147422,0.6138063195834662,4.882352941176471,0.6793941080326357,2.154716631352714,2.0761232618707606,23.854358005828594,1.9323497168439963,17.54513730068431,16.558035115998457,12.800055788069235,17.314180712486486,17.951559020779353,19.74606079549145,0.0032834807820993025,0.0020003604450274442,2016,9
2016-10-01,66,3.653108320082648,0.9757689412915198,1.5699862276049878,0.0,0.7827837514124436,0.49311854370789626,1.1700576495335007,0.43072915413340945,0.2644184524462716,0.8434858974862796,0.24350649350649348,0.0,0.13223403698544256,0.0,0.18901016241441773,0.0,1.1076938672446752,0.5846188540571228,0.40942861233953276,0.143130396048684,0.0,0.0,0.0,0.2831696380083477,0.5835730255971646,0.0,0.10902627768600745,0.0,0.1365001365001365,0.0,0.08417508417508417,0.0,1.349311006929767,0.0,0.0,0.0,0.0,0.0,0.0,0.143130396048684,0.3389434056192161,0.20232348772171782,0.09838646202282567,0.0,0.0,0.41992281833825784,0.0,0.07319572536963842,0.0,1.1700576495335007,0.0,0.0,0.0,0.0,0.0,0.0,0.0,0.18901016241441773,0.2417189917189917,0.07014590347923681,0.0,0.0585000585000585,0.0,0.13577249046697631,1.54837851332939,0.6545707969320419,2.030815431142746,11.757575757575758,2.144218521425296,2.711702493130227,3.3567507019741107,0.641374754457918,5.454545454545454,0.7615412602195872,2.144218521425296,2.4234543775303874,26.659412136684864,1.941440927638166,15.407473277734809,17.170603123537838,12.698797770398626,17.780316789816865,18.720123495700733,20.33656324869761,0.004079597311908579,0.001680468979325073,2016,10
2016-11-01,60,4.031700156908705,1.503966886899486,1.131761829225856,0.0,0.5885427311272319,0.7848428138347668,1.5539478484744715,0.5142851877416046,0.22828863664629526,1.4242769277830858,0.0,0.0,0.0778816199376947,0.0,0.3067586219760133,0.0,0.8600390723378353,0.6833819805113327,0.6022014405355833,0.07716049382716049,0.0,0.0,0.0,0.4807692307692308,1.0231976561302552,0.0,0.0,0.0,0.11884485344586522,0.0,0.0,0.0,1.0129169757799907,0.0,0.0,0.0,0.0,0.0,0.0,0.07716049382716049,0.4449811748830727,0.0,0.06640106241699867,0.0,0.0,0.7069611938970721,0.0,0.0,0.0778816199376947,1.4051529560066394,0.0,0.08291873963515754,0.06587615283267458,0.0,0.0,0.058892815076560655,0.14863375068903065,0.3067586219760133,0.0,0.058892815076560655,0.0,0.0,0.10351966873706003,0.06587615283267458,0.2823036460524861,0.5872213939549622,1.4740072650002658,11.616666666666667,2.2336217202950714,2.7233914142981046,3.30049398961939,0.6104358832474495,5.116666666666666,0.7555406212907936,2.2336217202950714,2.64114964528948,25.246569865319866,1.9452834447272356,16.097000326775337,16.909952973050952,12.941803703451875,17.621692319574755,18.41821242376799,20.162133195769098,0.0036926811735294705,0.0011775670533868401,2016,11
2016-12-01,49,3.8712852059598384,0.20874657969219187,0.9588862273041672,0.0,0.7553007013833123,1.1351394201065372,1.076541568741811,0.5774845400088792,0.49615741291429744,0.5114172928553016,0.0,0.0,0.16960745029223606,0.0,0.44322030800028617,0.0,0.9227869987047621,0.9151460086746421,0.8300057394275476,0.07910140800506249,0.0,0.0,0.0,0.0,0.20874657969219187,0.0,0.0,0.0,0.0,0.09581297307655456,0.1172882946281961,0.0,0.7457849595994166,0.0,0.0,0.0,0.0,0.0,0.0,0.07910140800506249,0.37211011839604946,0.3040891749822002,0.0,0.0,0.2087465796921919,0.815478909624638,0.0,0.0,0.1109139307897072,1.076541568741811,0.0,0.0,0.0,0.0,0.0,0.0,0.0,0.44322030800028617,0.13426423200859292,0.16833234883379486,0.1360544217687075,0.1172882946281961,0.07448234768359899,0.0,0.5417082630967383,1.2464948823176534,2.0095511899950447,11.183673469387756,2.1381013143315903,2.7259769221930563,3.429537104652259,0.7646489227134267,5.877551020408164,0.7382656105338549,2.1381013143315903,2.7625074930898372,24.03615859763819,1.9424672070218807,17.629227428119663,16.48495024124572,12.697315793697568,17.253462956027114,17.924426994994985,19.828524299458273,0.0032058631694966335,0.0017067140704516777,2016,12
2017-01-01,41,3.147142724252403,1.3440565490361052,1.9498324909518099,0.0,0.9539665472958242,1.1066816151492547,1.3939132433796104,0.7554590806672713,0.31865153816373326,0.596416222928449,0.0,0.0,0.0,0.18477457501847747,0.24535112026211883,0.0,0.6264692202967256,0.9103363705897742,0.41203080456129243,0.17176441059556588,0.0,0.0,0.0,0.22342593152978676,1.0347494770047727,0.0,0.08588114050154587,0.0,0.0,0.0,0.0,0.0,1.9498324909518099,0.0,0.0,0.0,0.0,0.0,0.0,0.17176441059556588,0.5284137548962952,0.16820857863751051,0.0,0.08557980316645272,0.0,0.7748415620548461,0.0,0.0,0.33184005309440845,1.3939132433796104,0.0,0.0,0.0,0.0,0.18477457501847747,0.0,0.325333385386675,0.24535112026211883,0.0,0.1935733643050716,0.0,0.0,0.0,0.12507817385866168,0.920650370653194,1.8147941673013028,1.9614505861834093,12.0,2.3117791926214384,2.7289190869839626,3.473574085468687,0.679352359958509,5.634146341463414,0.7818307584250083,2.3117791926214384,3.1095880088809578,27.671491922711432,1.9568511772654957,12.632059129865896,17.855768157112923,13.004055802710484,18.25190988674543,19.51065120747941,21.084391936513505,0.0030205664686470965,0.001891237394452121,2017,1
2017-02-01,53,2.6887782816041637,0.8135774968913041,0.7815326494340846,0.0,0.4828576460594083,0.8487796958615074,0.45928344051514486,0.622972248323513,0.3913934546564957,0.40484310294692677,0.06395906619763352,0.0,0.0799488327470419,0.07487271638215034,0.1179245283018868,0.0,0.6551635102306158,0.9648330734354554,0.32723345136245297,0.0,0.0,0.0,0.0,0.21939447125932426,0.5941830256319799,0.0,0.0,0.0,0.12663036596175764,0.0,0.0,0.0,0.654902283472327,0.0,0.0,0.0,0.0,0.0,0.0,0.0,0.06714563889075403,0.22327896234937195,0.0,0.1924330448192823,0.23113691798569297,0.505333703302589,0.1123090745732255,0.0,0.0,0.45928344051514486,0.0,0.0,0.0,0.0,0.07487271638215034,0.0,0.0,0.1179245283018868,0.4301750036394758,0.31652073827434535,0.0,0.07487271638215034,0.0,0.0,0.57290730220319,0.786483164842742,1.5049557983749586,11.830188679245284,2.2590459504611515,2.7500897057154043,3.3039439841148255,0.6636914982816765,5.830188679245283,0.7095358606782994,2.2590459504611515,2.481518596521774,24.812961147866808,1.8840638829482255,21.608341334519718,16.090175754882456,12.405962633132258,17.053502694051993,17.605584633866812,19.281563838418393,0.004637254843324669,0.0012209759778828832,2017,2
2017-03-01,56,3.979370144308875,1.2842289481380293,0.8851979749083911,0.0,0.739867857932682,1.0856726541056283,1.132262177546839,0.4216673988196134,0.2632196507361315,0.7123606269340524,0.0,0.0,0.41240797838820387,0.06493506493506493,0.0944822373393802,0.0,1.2301904139482247,0.580016872555544,0.7823496924087338,0.10262725779967159,0.0,0.0,0.0,0.0944822373393802,1.1897467107986492,0.0,0.0,0.0,0.0,0.0,0.0,0.0,0.8851979749083911,0.0,0.0,0.0,0.0,0.0,0.0,0.10262725779967159,0.2788824414083916,0.3583581587246189,0.0,0.0,0.0,0.8118089972370452,0.0,0.20243508544001157,0.07142857142857142,1.132262177546839,0.0,0.0,0.0,0.0,0.06493506493506493,0.0,0.07797878976918278,0.0944822373393802,0.1842713067759855,0.10629251700680271,0.0,0.1569271337293288,0.0,0.0,0.9239503661726698,0.6234735174151711,1.7028164064276794,11.625,2.175030032507355,2.73176063601542,3.325912713791864,0.6148101384047339,5.303571428571429,0.7624252273522669,2.175030032507355,1.855548221030401,25.03766813543599,1.9573015610243996,14.312988277660144,17.153972014236185,12.728969302844169,17.740653892012503,18.610223434486475,20.25132585520014,0.0039700588771718805,0.002270850579610211,2017,3
2017-04-01,46,3.1746942320835165,0.5786388214069275,1.0687560233321596,0.0,0.5916884061562492,1.063329813173392,1.5555388796344587,0.07763975155279502,0.25194474296654257,0.18268176835951772,0.12565971349585323,0.0,0.36243949287427546,0.07763975155279502,0.0,0.0,1.704237370625561,0.4073932278394589,0.3146429073360553,0.0,0.0,0.0,0.0,0.22665020639635813,0.35198861501056944,0.0,0.0,0.0,0.1575299306868305,0.0,0.0,0.0,0.9112260926453289,0.0,0.0,0.0,0.0,0.0,0.0,0.0,0.40601335303686953,0.10604453870625663,0.0796305144131231,0.0,0.18912139155598542,0.7095180395357201,0.16469038208168643,0.0,0.0,1.2404790182607979,0.315059861373661,0.0,0.0,0.0,0.07763975155279502,0.0,0.0,0.0,0.0,0.10604453870625663,0.14590020426028597,0.0,0.0,0.0,1.4013129001687357,1.1959386800768659,2.259449992476705,11.58695652173913,2.227862815062799,2.7360016041098425,3.37843107116701,0.6155871627969617,5.978260869565218,0.8406138402107696,2.227862815062799,3.8263962234084063,24.850730067034416,1.9223455991785172,16.03032097166239,17.054730309711655,12.651484179296995,17.765882033322686,18.66323229334671,20.43075722530497,0.002930063778365484,0.002414104173928827,2017,4
2017-05-01,59,3.872640192001869,0.5455419758066229,1.1469482746595279,0.0,0.7222732317001476,0.9321809314977648,0.7577059497588958,0.6078574343911157,0.26008098923363926,0.5070101899898722,0.0,0.0,0.615175374115609,0.0,0.6078574343911157,0.0,0.9653878978668881,0.663632975307438,0.5135763203309464,0.0,0.0,0.0,0.0,0.2399432339426023,0.30559874186402064,0.0,0.0,0.0,0.17263785024443362,0.0,0.0,0.0,0.9743104244150943,0.0,0.0,0.0,0.0,0.0,0.0,0.0,0.1386399029407504,0.4312049369299672,0.06974959893980609,0.0826787928896238,0.2762201054542076,0.17970539317889672,0.22902176092287288,0.0826787928896238,0.16455487905216387,0.5922074655922998,0.09797198001371607,0.06752650415288,0.0,0.0,0.0,0.0,0.0,0.6078574343911157,0.0,0.0,0.0,0.09015506671474936,0.1699259225188899,0.0,0.5404914759130593,0.8955215799202924,2.1228747480049783,11.898305084745763,2.2630482268042433,2.7467347882795514,3.326670235933872,0.6998290106896208,5.779661016949152,0.8354279562764756,2.2630482268042433,2.9674225768690383,25.123229266025877,1.8970531740321488,19.93739824577725,16.369369264764227,12.505858374424223,17.183605100084574,17.904103187940567,19.458065183990676,0.003247430921947072,0.0011988977615013609,2017,5
2017-06-01,62,3.4493372527094492,0.9261276120365628,0.6961964352532894,0.0,0.8174833741904524,1.8911786696237467,1.222775246428918,0.23241876549112575,0.2826655360045226,0.35957059872521496,0.06583278472679395,0.08187326019322089,0.6014891445358511,0.0,0.10541851149061775,0.0,0.5216040863790985,0.8830873736066029,0.830461493052049,0.0,0.0,0.0,0.0,0.18128714880009,0.7448404632364727,0.0,0.0,0.0,0.09112447603426281,0.0,0.0,0.0,0.6050719592190267,0.0,0.0,0.0,0.0,0.0,0.0,0.0,0.4386266781737594,0.2153502194770672,0.0,0.16350647653962586,0.29345274323971826,1.2482163145555516,0.06529972574115189,0.068927488282327,0.21528239780499792,1.222775246428918,0.0,0.0,0.0,0.0,0.0,0.0,0.0,0.10541851149061775,0.12700025400050802,0.2826655360045226,0.0,0.0,0.0,0.0,0.6837416071417878,0.3937573284637264,2.5538732991216007,11.241935483870968,2.086404415677388,2.796271827078382,3.3852300924293517,0.6303865787294725,5.516129032258065,0.7675712667212807,2.086404415677388,2.428147730308535,24.505895359121165,1.9150903343255505,18.64929160141134,16.483952090474308,12.605541534388454,17.19550943020067,18.085677518788515,19.52627362071614,0.004194005815968517,0.0014343802796702794,2017,6
2017-07-01,47,3.7021873362398847,1.785136184566597,1.8704826733091386,0.0,0.8060843987794049,1.317257744329716,1.2029975329703215,0.14878738282993603,0.3680020224707682,0.4366632161224387,0.0,0.0,0.36087378153221145,0.0,0.14878738282993603,0.0,1.2369748344182636,0.30837150771863225,1.2105166136184031,0.0,0.0,0.0,0.0,1.0417427135906183,0.6430321702935218,0.0,0.10036130068245683,0.0,0.28579786372799576,0.0,0.29539548481403277,0.0,1.28928932476711,0.0,0.0,0.0,0.0,0.0,0.0,0.0,0.19656689716053805,0.33248631496441255,0.19519812609798945,0.08183306055646482,0.0731154492944359,1.135588235113439,0.10855405992184107,0.0,0.0,1.2029975329703215,0.0,0.0,0.0,0.0,0.0,0.0,0.0,0.14878738282993603,0.0,0.3680020224707682,0.0,0.0,0.0,0.0,0.0864902266043937,0.09942334460131239,1.8332793213030436,11.446808510638299,2.1050822508263383,2.7683137851323307,3.3043875255381834,0.6696329186409764,5.76595744680851,0.7843130811918199,2.1050822508263383,1.6607770527264707,24.544739185164715,1.92220363090125,18.013936632516604,16.67098956493574,12.751865304605007,17.382270750052516,18.23143489260781,19.84693107697929,0.0038399840630306266,0.0014830420917101542,2017,7
2017-08-01,46,6.24282865034655,0.6841460962253619,1.0578522615598096,0.0,0.6128998684131922,0.8126770942145047,0.5082750479942318,0.47723600075470307,0.4617739733800467,0.8577653817270929,1.5484986265037417,0.0,0.12863390789812196,0.0,0.36098396634410085,0.0,1.8116389998249398,0.6248331549459667,0.9104746131025869,0.0,0.0,0.09057971014492754,0.0,0.0,0.5105926057950047,0.0,0.0,0.0829737802854298,0.0,0.0,0.09619084263178145,0.0,0.9616614189280281,0.0,0.0,0.0,0.0,0.0,0.0,0.0,0.46893211718946626,0.0,0.0,0.14396775122372588,0.3009586321606782,0.35045602457655534,0.07601094557616297,0.08525149190110827,0.0,0.5082750479942318,0.0,0.0,0.0,0.0,0.0,0.0,0.11625203441060218,0.36098396634410085,0.0,0.37004768462568965,0.0,0.0,0.0,0.091726288754357,0.0,0.41375214231880525,0.9221992598533264,11.630434782608695,2.086233332068583,2.688207305262707,3.2863868607602504,0.5853667438933241,5.782608695652174,0.7424686790204799,2.086233332068583,4.979710651489792,23.784665756948367,1.9720379010192872,14.69056202217496,16.85039738660699,12.767108391458104,17.65765565619439,18.321457648256974,20.439381696210614,0.0030577889241539045,0.0012904418945208968,2017,8
2017-09-01,39,2.1352999174579876,1.1796239813647065,0.7490882180400467,0.0,1.512077139291171,1.1275737200926257,1.0537638381677705,0.6248943429593246,0.5625712112022412,0.7238667193175051,0.0,0.0,0.0,0.0,0.10957703265395576,0.0,0.3992692577167463,0.24581005586592178,0.5279274768233277,0.12884937508053088,0.0,0.0,0.0,0.7588951375589396,0.31816474124166433,0.10256410256410256,0.0,0.0,0.19425019425019427,0.0,0.1038098204090107,0.0,0.4510282033808417,0.0,0.0,0.0,0.0,0.0,0.0,0.12884937508053088,0.5067323883311817,0.7726855554704477,0.0,0.1038098204090107,0.3798670465337132,0.3025069821280654,0.0,0.0,0.44519969143084726,1.0537638381677705,0.0,0.0,0.0,0.0,0.0,0.15353907569476433,0.14821402104639098,0.10957703265395576,0.21356421356421357,0.0,0.23427427273581122,0.217296827466319,0.0,0.111000111000111,0.4406221797526145,1.1423723974331264,1.0806679019709438,11.307692307692308,2.141734102395575,2.7263079708493203,3.3948064127186584,0.6835109163707308,5.435897435897436,0.8098762304651298,2.141734102395575,3.318778672864687,24.626127291511906,1.9269150276076596,16.09003448840709,16.865679002116558,12.755836886855905,17.429930528938577,18.530360204583147,19.83722391874322,0.0018810258185339773,0.0020635086893370683,2017,9
2017-10-01,49,2.9103465559119606,0.5960149368033897,1.4804667215539569,0.0,1.1327987439246852,1.4265621648778537,1.3877654817980645,0.6301878488187833,0.15820281601012498,0.40050897438536476,0.132520540683806,0.0,0.08684324793747286,0.0,0.33749393910359704,0.0,0.4243039655692002,0.9231107740337764,0.5344565313927984,0.07110858280594468,0.0,0.0,0.14371945961483185,0.07789375292101573,0.29530031626247955,0.0,0.07910140800506249,0.0,0.22946277371824056,0.0,0.0,0.0,1.251003947835716,0.0,0.0,0.0,0.0,0.0,0.0,0.07110858280594468,0.2370886049123699,0.5675034117842824,0.2570981444220881,0.0,0.10103051121438675,0.7890733692205151,0.34692973670544897,0.11337868480725623,0.07614986293024673,1.3877654817980645,0.0,0.0,0.0,0.0,0.0,0.07558578987150416,0.21710811984368214,0.33749393910359704,0.0,0.07910140800506249,0.0,0.0,0.0,0.07910140800506249,0.9565149895678557,1.0828143270929675,1.512026176540089,12.183673469387756,2.4432432674900006,2.7302403830523927,3.376516398167077,0.7040458085789485,5.877551020408164,0.8185071360307494,2.4432432674900006,2.166328253906721,24.573119114445642,1.938479181046005,16.892782208097792,16.682641245464875,12.809580382746505,17.35785502862376,18.251369043528094,19.830545189348467,0.003995161725180167,0.00180635484355663,2017,10
2017-11-01,57,4.680496927279918,0.9166524810882318,1.8326750234628202,0.0,0.8259914421826806,1.1444821042205746,1.3087803794473665,0.19841269841269843,0.6608202464230105,1.1802105121874702,0.0,0.0,0.44312848776342717,0.0,0.07309941520467837,0.0,1.3961309110293776,0.34895323040110643,1.0702834125292164,0.1686909581646424,0.0,0.0,0.0,0.22038678215201998,0.6962656989362118,0.0,0.0,0.0,0.3233749044748074,0.0,0.14867677668748142,0.12531328320802004,1.235310059092511,0.0,0.0,0.0,0.0,0.0,0.0,0.1686909581646424,0.14681311120939605,0.25252580231271976,0.0,0.25796157049592244,0.2647509439593831,0.8797311602611917,0.0,0.0,0.0,1.1910363549566092,0.11774402449075709,0.0,0.0,0.0,0.0,0.0,0.12531328320802004,0.07309941520467837,0.0,0.4468707385068787,0.0,0.0,0.0,0.2139495079161318,0.2738505124738908,0.701175248246113,1.869734195952848,11.964912280701755,2.296877693283159,2.749044738512837,3.342808213132635,0.6475287870186264,5.5964912280701755,0.7889976464568869,2.296877693283159,3.4152421635194257,24.61036239588871,1.9399315571764104,16.230936645936076,16.84116348448275,12.75849543307496,17.572275099160876,18.295097216658913,20.106861102057504,0.004241795476769989,0.0013898203195540934,2017,11
2017-12-01,41,3.950688371413511,0.8773473222649875,1.5041208433540214,0.0,0.6700005322445475,1.3561080527708997,2.129420520754082,0.2463661000246366,0.20669698222405955,0.709507792068166,0.0,0.0,0.33219271715829507,0.0,0.2463661000246366,0.0,1.1339851708536066,0.8978503622011242,0.6307862291076825,0.0,0.0,0.0,0.0,0.2337419343654885,0.5210413481887501,0.0,0.12256403971074888,0.0,0.6873218962808421,0.0,0.0,0.0,0.8167989470731793,0.0,0.0,0.0,0.0,0.0,0.0,0.0,0.10792143319663285,0.20044885936889445,0.0,0.3616302396790202,0.8439558534782866,0.3054552170685534,0.0,0.0,0.20669698222405955,2.129420520754082,0.0,0.0,0.0,0.0,0.0,0.0,0.0,0.2463661000246366,0.0,0.20669698222405955,0.0,0.0,0.0,0.0,0.16705646508519878,1.6777204749838246,2.4642580926340694,12.24390243902439,2.3661347993359674,2.789645953240282,3.3423391926662314,0.696903437619441,7.170731707317073,0.8340425043755442,2.3661347993359674,3.7575003982605772,24.984807265904823,1.921193782664763,19.96788490888688,16.275429444693756,12.614543472400639,17.16511000233314,17.632473533203527,19.470520938177547,0.004373845387844235,0.002170885733513272,2017,12
2018-01-01,63,2.9836352417634178,1.4831364929978375,0.9123550377728026,0.0,0.6832355018776772,0.5074929479691385,1.3822895326196907,0.23822534835750697,0.6213947180356844,0.5068319490053145,0.0,0.0,0.8480061428971575,0.0,0.06992518005733865,0.0,0.5529117375901119,0.5648766979176335,0.344296852143326,0.09678668215253582,0.0,0.07631257631257632,0.0,0.6553010813710428,0.751522835314218,0.0,0.0,0.0,0.0,0.0,0.0,0.0,0.9123550377728026,0.0,0.0,0.0,0.0,0.0,0.0,0.09678668215253582,0.37934510443101505,0.0,0.0,0.20710371529412633,0.05511463844797178,0.4523783095211667,0.0,0.0,0.0,1.0250758878587276,0.22706215102528468,0.07522756337922215,0.05492393035645631,0.0,0.0,0.06105006105006105,0.0,0.06992518005733865,0.10725010725010725,0.46266455930552575,0.15873015873015872,0.0,0.0,0.0,0.35065878203133105,0.14002028927402063,0.5176319686123608,11.507936507936508,2.1720268562233627,2.7380407684834696,3.3659217827548993,0.6524993749040694,5.904761904761905,0.7410029098892618,2.1720268562233627,4.103476187797848,24.042677780773015,1.933440931746977,16.940216336259834,16.593338764833202,12.834371329790978,17.317680521869445,18.2490451428093,19.802193104342326,0.003038837730955688,0.0020364211117147764,2018,1
2018-02-01,48,4.448783051235619,0.210614548849843,1.6999840458748512,0.0,1.1919258221599331,0.7907179347491562,1.6867595869000986,0.5893022058931646,0.7829831543199072,0.2560841255694197,0.2497758767808345,0.0,0.3950404649755619,0.1498800959232614,0.4394221099699032,0.0,0.36469422241114086,1.3162090769932941,1.0385752976053235,0.2391017810068797,0.0,0.0,0.0,0.11140819964349376,0.0,0.0,0.09920634920634923,0.0,0.804316989290009,0.11140819964349376,0.0,0.0,0.7842588569413484,0.0,0.0,0.0,0.0,0.0,0.0,0.2391017810068797,0.7300076418660658,0.11140819964349376,0.11140819964349376,0.0,0.2449552081905023,0.44702654962342486,0.09873617693522907,0.0,0.0,1.5697183883982262,0.0,0.11704119850187265,0.0,0.0,0.1498800959232614,0.0,0.0,0.4394221099699032,0.0,0.6703705417072946,0.11261261261261261,0.0,0.0,0.0,0.16801075268817203,0.07832080200501253,1.4661074876656432,11.395833333333334,2.158890747106751,2.746519726342195,3.341774779152097,0.6424390716609066,5.583333333333333,0.7752066112114072,2.158890747106751,2.6915714841564053,24.016170866170867,1.947455443535687,16.230766199152864,16.77448994912136,12.843074508127915,17.379592217167172,18.342557236838967,19.7422493641464,0.002956516883794244,0.0017807615472520027,2018,2
2018-03-01,57,2.8384661613833604,0.6684158573968727,1.4086230829093962,0.0,1.2871584352579801,0.955792802387127,1.1140836773111138,0.530488312843552,0.25864681156251196,0.5203291121749657,0.24449502962298714,0.0,0.27282673184455314,0.0,0.19195147466720414,0.0,0.6266476030399376,0.6480073167181948,0.1360009551694991,0.19820793814601864,0.0,0.0,0.0,0.0,0.6684158573968727,0.0,0.0,0.0,0.0790263948158685,0.0,0.0,0.23236900197513652,1.0972276861183912,0.0,0.0,0.0,0.0,0.0,0.0,0.19820793814601864,0.27664721769941814,0.6577333187483998,0.07102777185879679,0.08354218880534671,0.25411318804375915,0.4915678688141313,0.0716075904045829,0.13850415512465375,0.0,0.9106839635534549,0.1309044259513661,0.0724952878062926,0.0,0.0,0.0,0.0,0.17940149519096887,0.19195147466720414,0.159135342985379,0.10442773600668337,0.0,0.09534706331045004,0.0,0.058872012245378545,0.6492098555462723,0.4930840392732435,1.1479822131467308,11.280701754385966,2.0712145917309166,2.747658056390466,3.3181864679782387,0.607135538487289,5.824561403508772,0.7591564993014174,2.0712145917309166,3.258258014668654,24.03504078767237,1.9202039987272868,18.481377776718997,16.370251885520087,12.919224748775783,17.166048395119244,18.042444714267795,19.562543751791942,0.0029352779777547895,0.0014370560135315946,2018,3
2018-04-01,44,4.003433627968096,0.9795091441407414,0.5270344181122687,0.0,0.71131192242994,1.1102610591466735,1.0583330835159197,0.13943112102621305,0.3876088830827364,0.08325008325008325,0.40653108834927015,0.0,0.0,0.0,0.0,0.0,1.3896729738711975,1.0753030452848311,0.9251586506514493,0.12351778656126483,0.0,0.0,0.0,0.27833756282032146,0.5809214610702997,0.0,0.0,0.12025012025012026,0.0,0.0,0.0,0.0,0.5270344181122687,0.0,0.0,0.0,0.0,0.0,0.0,0.12351778656126483,0.38118256562074126,0.10330578512396693,0.10330578512396693,0.0,0.40185627277356384,0.5568896348579582,0.0,0.0,0.15151515151515152,1.0583330835159197,0.0,0.0,0.0,0.0,0.0,0.0,0.0,0.0,0.13943112102621305,0.0,0.0,0.0,0.17834327457758417,0.20926560850515222,0.0,0.693353757286658,2.842441898663924,11.568181818181818,2.154981401784782,2.7392599677828247,3.3967855601692962,0.6442496036244244,6.363636363636363,0.892655239498191,2.154981401784782,4.336484838525174,25.15746179325725,1.9376257523718379,16.373772306007943,16.864770156014817,12.847338831654964,17.524160977727973,18.46764716813594,20.071686795871358,0.0027359654639921545,0.001539589475372998,2018,4
2018-05-01,66,3.5574205127115848,0.47042310025465756,1.4275488569446004,0.0,1.0121824001247273,0.7619383524270008,1.153211915337628,0.7917079772646555,0.44327836148288463,0.37299010513296227,0.0,0.05335040546308152,0.12835790621315654,0.0,0.2748091143251031,0.0,0.5192715734694592,1.2132723177888507,0.9274250761866167,0.06794401413235493,0.0,0.0,0.06530825496342738,0.14605990215746315,0.19317879030109245,0.0,0.0,0.06587615283267456,0.4174238969741575,0.0,0.0,0.0,1.010124959970443,0.0,0.0,0.0,0.0,0.0,0.0,0.06794401413235493,0.5227974296691182,0.2715968602908174,0.1498440960324368,0.0,0.06530825496342738,0.43670701132258677,0.0,0.0,0.2599230861409867,0.9749032672633089,0.0,0.17830864807431904,0.0,0.0,0.0,0.1122334455667789,0.054306505919409144,0.2748091143251031,0.35035891145336423,0.30013808401096215,0.06339546088500063,0.0,0.07974481658692184,0.0,0.2600800012027332,0.6913034565113403,2.2906834995100995,11.575757575757576,2.2351633140581457,2.7308368894267723,3.389657646631406,0.6784922169576458,5.651515151515151,0.8394258827319988,2.2351633140581457,2.438330288591324,24.758070969434606,1.936548893700421,17.680740305351108,16.56350466257491,12.805692648672748,17.233836402291807,17.996428201456354,19.693711505469633,0.0037095826275605585,0.0010142772716807784,2018,5
2018-06-01,62,4.213718450314558,0.4189318335844037,0.8184425127492874,0.0,1.252740872202892,0.9205608926122939,1.6429716220068797,0.5642558785671794,0.3805868011953349,0.2723161879470822,0.2532391958142792,0.0,0.34534572089844506,0.10144045445323596,0.23376636576305238,0.0,0.9268803421351298,0.43756491382043466,1.643165269482899,0.0,0.0,0.0,0.0,0.07331378299120234,0.25936654119178687,0.0,0.08625150940141453,0.0,0.16592002654720425,0.0,0.0,0.0606354596167839,0.5918870265852993,0.0,0.0,0.0,0.0,0.0,0.0,0.0,0.6211930502852305,0.5146707765693681,0.1168770453482936,0.0,0.0,0.48445834746649025,0.2588763523700648,0.0,0.17722619277573884,1.3523413477524153,0.1564467033345497,0.1341835709199147,0.0,0.0,0.10144045445323596,0.0,0.0704324552753909,0.23376636576305238,0.15861660307550005,0.08911067545891999,0.13904338153503892,0.0,0.05973715651135006,0.09269558769002595,0.3218778550846862,0.0,1.2936393684313885,12.016129032258064,2.2678781919102677,2.736007375795707,3.356794321797152,0.6309068244193511,5.661290322580645,0.8164158594237645,2.2678781919102677,3.6453139190702832,24.914267408219022,1.9255352156862307,18.16311314475663,16.61270070870687,12.675761636739157,17.367404581835558,18.168187197723203,19.747409377627356,0.0038486086152762634,0.0009196118693049056,2018,6
2018-07-01,58,3.5491875970160924,0.5285266199542403,0.7845623934805657,0.0,1.240502096230263,1.14665503620561,1.705301490562447,0.4406796474822599,0.4724402872183799,0.36850675088443846,0.06787944610371979,0.07662835249042146,0.286672140120416,0.1501632138794634,0.2242034362553164,0.0,0.9204166923367687,0.6462240236689778,0.49956975517599134,0.3089237861005795,0.0,0.0,0.0,0.06869075422448138,0.4598358657297589,0.0,0.0,0.0,0.13936968934046667,0.0,0.11649580615097857,0.0,0.5286968979891206,0.0,0.0,0.0,0.0,0.0,0.0,0.3089237861005795,0.6821958580386173,0.08210180623973728,0.16728064585132896,0.0,0.318565816693247,0.5351230277847765,0.16780889639258142,0.0,0.1251572953350051,1.5628107524604236,0.0,0.1424907381020234,0.0,0.0,0.1501632138794634,0.0,0.0,0.2242034362553164,0.06631299734748011,0.4071320322549525,0.06530825496342738,0.0,0.0,0.0,0.13603142406387841,1.217912053135273,1.5201542935448027,11.206896551724139,2.126814360427592,2.6871956507609234,3.3291770240987915,0.6325632998565215,5.482758620689655,0.7178214864073375,2.126814360427592,2.564891059478956,24.65782086687259,1.910970274827027,18.968814476532845,16.47117448499717,12.550766955504368,17.323794235965075,17.794745936515177,19.76990193965017,0.00421781596383847,0.0020409201514858437,2018,7
2018-08-01,39,2.4699080012754244,0.8894066865081359,2.663853468917981,0.0,1.3565977853401563,0.803040042109177,0.6408544951007011,0.32088997836541006,0.3579225217115285,0.1149821777624468,0.0,0.0,0.3680151085811463,0.1149821777624468,0.0,0.0,0.6293344293149237,0.7552735144017917,0.4873205934526689,0.0,0.0,0.0,0.0,0.0,0.641667308333975,0.0,0.24773937817416078,0.0,0.2819823358208204,0.0,0.0,0.2419896487693098,2.1398814843278506,0.0,0.0,0.0,0.0,0.0,0.0,0.0,0.293940282115292,0.8489822895496507,0.0,0.2136752136752137,0.12386968908708039,0.6791703530220966,0.0,0.0,0.0,0.6408544951007011,0.0,0.0,0.0,0.0,0.1149821777624468,0.09092562284051645,0.0,0.0,0.1149821777624468,0.09324009324009323,0.0,0.0,0.0,0.2646824284714353,0.6117780311328699,0.7418060945656004,2.297894199065385,11.282051282051283,2.240107833343831,2.7191402804188494,3.3403522333871183,0.6396285216976766,5.641025641025641,0.8608128252173655,2.240107833343831,2.142803870985925,24.047643951490105,1.9336346700088605,18.417762366860774,16.293051453932236,12.94301319912567,17.1940892218681,17.756454059204078,19.53009774114001,0.004331530934162911,0.002708980506791888,2018,8
2018-09-01,66,3.6479159822619036,0.6167539684161392,1.076928850998337,0.0,1.4267091029132242,0.6969959370605165,1.5238064664458908,0.6333647387587398,0.3295961630744895,0.3236848601545842,0.10377750103777501,0.0,0.29544520208014624,0.07284382284382285,0.23492769613836048,0.0,0.7129907335973225,0.6039599595950733,1.2141980525448468,0.08608815426997245,0.0,0.0,0.0,0.13441388987240516,0.41674910386185016,0.0,0.06559097468188377,0.0,0.0,0.0,0.07113387395077536,0.0,1.0057949770475616,0.0,0.0,0.0,0.0,0.0,0.0,0.08608815426997245,0.6069848677579924,0.1857923990607649,0.17935898217588359,0.36848469964861075,0.17804775869291997,0.5189481783675965,0.0,0.0,0.0,1.3120056681348284,0.0,0.06475006475006476,0.08145975887911372,0.06559097468188377,0.07284382284382285,0.07850525985241011,0.1221264789785821,0.23492769613836048,0.12496148094556422,0.24813640419537578,0.0,0.0,0.0,0.08145975887911372,1.1709376699956067,0.9171496946760413,1.5450675784076096,12.196969696969697,2.30893617926339,2.732448087923222,3.362308831249131,0.6297606712909599,6.348484848484849,0.8502192539602835,2.30893617926339,3.813779373878938,25.117052350006894,1.9476664073808667,15.700707469097155,16.933048017530325,12.950800040810675,17.681444957720508,18.67733561562905,20.238337294585115,0.004055457811930182,0.001153022803458307,2018,9
2018-10-01,57,3.80714327586561,1.008361394873022,2.2337172524769184,0.0,0.7536744771022482,1.1010087206867416,1.3523118778733376,0.5109920777367507,0.40863613964515066,0.266467691315691,0.0672178530617732,0.0,0.29385943444573165,0.0,0.34123263179221774,0.0,1.0207567112667142,1.1435398906496261,0.674069063333856,0.0,0.0,0.0,0.0,0.41174755658756157,0.43566099746781983,0.0,0.0,0.16095284081764044,0.15255530129672004,0.22106812638418036,0.13599891200870393,0.0,1.724094912787314,0.0,0.0,0.0,0.0,0.0,0.0,0.0,0.3765952744973236,0.288919103865614,0.0,0.08816009873931059,0.06177415369409439,0.7523262675132752,0.19104021396503962,0.0,0.09586808551433228,1.3523118778733376,0.0,0.0,0.0,0.0,0.0,0.0,0.0,0.34123263179221774,0.16975944594453296,0.21334271126901552,0.0,0.19529342837613514,0.0,0.0,0.19712201852946973,0.6694844006082827,1.3726658390680115,12.368421052631579,2.333420897365765,2.7242413352126187,3.3996738657747962,0.6883412381915831,5.912280701754386,0.8563496851942964,2.333420897365765,2.595324817995816,26.270194084667768,1.9062347758595144,17.255046301329077,17.110569783223685,12.793923920334601,17.676230974067796,18.772646100938477,20.214353626058724,0.0026086121470035224,0.0015628238745962135,2018,10
2018-11-01,63,3.267403690033093,0.9217849656922286,0.5418437189318015,0.0,0.7674646526572751,0.7102263519261774,1.3442904004068388,0.3374136370135184,0.34164638205042247,0.7026411547062704,0.07857928650007857,0.0,0.17102719198737606,0.0,0.3374136370135184,0.0,0.798048796142855,0.7075669867222774,0.47212663696071777,0.0,0.0,0.0,0.0,0.41401048837331983,0.32533786631086914,0.0,0.1824366110080396,0.0,0.2994157581296372,0.0,0.09798157946306094,0.0,0.1444463813391033,0.0,0.0,0.0,0.0,0.0,0.0,0.0,0.22050831246233546,0.2881638995532335,0.0,0.25879244064170615,0.059227671167969675,0.4354716770511433,0.0,0.10374520178441747,0.111781801922647,1.3442904004068388,0.0,0.0,0.0,0.0,0.0,0.0,0.0,0.3374136370135184,0.0,0.2781543185583589,0.0,0.0,0.0,0.06349206349206349,0.4884659945966398,0.6791562597618911,1.4626989293813146,11.634920634920634,2.273822664766613,2.741654830067797,3.4223085657970835,0.6769047738312768,5.476190476190476,0.7684518890231645,2.273822664766613,2.8685549710438605,24.910690059499583,1.9277555328835898,17.309829093547958,16.80388079131177,12.773659738852597,17.55014010999469,18.39389183153993,20.004149077933718,0.004116975362744077,0.0024512477607859483,2018,11
2018-12-01,62,2.720955540107566,1.1392913461230794,1.398684963097844,0.0,1.3162480327399777,0.9935563855809101,0.8900779900959566,0.3313680268965651,0.3611218273122303,0.311013071833624,0.0,0.0,0.19752054334458455,0.2055516168419394,0.0,0.0,0.4086059178427441,0.9388316107432294,0.5639947188028378,0.09543806069860661,0.0,0.0,0.0,0.5280895771104583,0.5157637083140143,0.0,0.0,0.09543806069860661,0.2150310688689479,0.0,0.0674854906195168,0.0,1.1161684036093793,0.0,0.0,0.0,0.0,0.0,0.0,0.09543806069860661,0.4958545932771821,0.41021725872196263,0.0,0.3147381200422264,0.059516724199500055,0.6158882027407239,0.0,0.258634734441186,0.059516724199500055,0.8900779900959566,0.0,0.0,0.0,0.0,0.2055516168419394,0.05659309564233164,0.0,0.0,0.06922331441229405,0.13561092582278086,0.0,0.09543806069860661,0.0,0.13007284079084286,0.1177301624676242,1.0910356503482588,0.7656513366656935,11.951612903225806,2.3431669352271873,2.733327885257744,3.3144504523410903,0.6253395087291117,6.387096774193548,0.8431993210839933,2.3431669352271873,4.476520938644078,24.406066827437797,1.9816930730557525,13.829154952076692,17.07358327764081,12.967391879574214,17.776895830463857,18.419058391851053,20.50171226716753,0.0036620669763916644,0.0021856748571815006,2018,12
2019-01-01,40,6.104710197884839,0.7163682836151191,1.2681049398487556,0.0,0.788785359450805,1.2032775526993134,1.8186342087766758,1.0127545566527694,0.2949776401788785,0.45075501464953793,0.0,0.0,0.5525030525030525,0.0,1.0127545566527694,0.0,0.8561284198934839,1.560381660189298,1.5600798706783119,0.11210762331838564,0.0,0.0,0.0,0.31645569620253167,0.3999125874125874,0.0,0.0,0.0,0.2777777777777778,0.0,0.0,0.0,0.9903271620709777,0.0,0.0,0.0,0.0,0.0,0.0,0.11210762331838564,0.16339869281045752,0.12820512820512822,0.15151515151515152,0.2335587636016821,0.0,0.9507523001740609,0.0,0.0,0.25252525252525254,1.6954814994170697,0.0,0.0,0.12315270935960591,0.0,0.0,0.0,0.0,1.0127545566527694,0.0,0.0,0.16339869281045752,0.13157894736842105,0.0,0.0,0.12195121951219512,0.11848341232227488,0.9363199055092967,12.25,2.468366776752193,2.727606364637288,3.3271872736658623,0.6209148244298015,5.9,0.8429425987501636,2.468366776752193,5.278005306720896,25.4453373015873,1.9686013597885743,13.607378584689844,17.291888908264212,13.169994625516761,18.01296748231335,18.962810732863282,20.82620446124315,0.0035212652906423877,0.0018539930556435082,2019,1
2019-02-01,54,3.1259565275310695,0.6465484723236788,1.5296850438868288,0.0,0.800179839666758,0.9362943723286541,0.690668385548238,0.6266205262609099,0.5895748856539108,0.7413113260216881,0.06613756613756613,0.0,0.573839794679929,0.0,0.35482265980251015,0.0,0.5417755195101761,0.3984365912470488,0.44963307013215115,0.0,0.0,0.0,0.0,0.3738260372449219,0.2727224350787569,0.0,0.0,0.0,0.6531121748929363,0.0,0.0,0.0,0.8765728689938925,0.0,0.0,0.0,0.0,0.0,0.0,0.0,0.2545936820167203,0.17766121157277462,0.0,0.36792494607726306,0.19205464607763456,0.4793131622811313,0.0,0.14772075056154318,0.11720581340834506,0.5162191467165494,0.0,0.17444923883168853,0.0,0.0,0.0,0.09746588693957114,0.06277463904582549,0.35482265980251015,0.11155734047300313,0.42040877117794523,0.0,0.06685385746757588,0.0,0.10231225700838961,0.8719904996500742,0.49300888847975294,1.989210667030986,11.148148148148149,1.9487346884859496,2.7255486797075013,3.413036361234267,0.651979387688018,6.907407407407407,0.8749624025804252,1.9487346884859496,2.841167030194533,25.73578576773021,1.9428353170273025,16.326233876008025,16.961604813869663,12.83241989807437,17.711890691725134,18.54019165081201,20.28323484486554,0.0038557728000023473,0.0014717071156415751,2019,2
2019-03-01,53,4.700240316514389,1.3380928113508503,1.237119753573765,0.0,0.36881256772823984,1.1591501058150515,0.939205503301203,0.22468979767887412,0.3951454440643484,0.7338881609689366,0.24707996406109617,0.0,0.10843634786380393,0.11033873993158996,0.0,0.0,1.519050133507658,0.6687509771072959,1.2443339476816102,0.06836204539239814,0.0,0.0,0.0,0.13012361743656473,1.2079691939142856,0.0,0.0,0.0,0.2466629011846969,0.0,0.3071804958597412,0.1827131031396823,0.5005632533896447,0.0,0.0,0.0,0.0,0.0,0.0,0.06836204539239814,0.08899964400142399,0.13012361743656473,0.0,0.08132726089785296,0.07701193685021178,1.0147527242209042,0.0673854447439353,0.0,0.0,0.6138964597097912,0.32530904359141183,0.0,0.0,0.0,0.11033873993158996,0.0,0.0,0.0,0.11435105774728416,0.24608333465686003,0.0,0.14906210940748837,0.0,0.0,0.4943738557509326,0.07284912945290305,1.7851694484044234,11.547169811320755,2.3020181135879545,2.741403761080818,3.370086501729524,0.6685947894546612,6.264150943396227,0.8440327825041873,2.3020181135879545,3.811130039862894,24.521775027907104,1.92831806985394,19.984536260672712,16.099142200775802,12.851300613567476,17.100411956366205,17.67204974967337,19.46182440788508,0.005006439614301567,0.00178331306870147,2019,3
2019-04-01,61,3.0585584284441634,0.42870475162219507,0.7349154535598873,0.0,1.2695213912375818,0.6054488229919776,2.010706972547248,0.3147997599281907,0.06378771448618996,0.3224055594584656,0.0,0.0,0.1247298803707655,0.12807377049180327,0.06774149844194555,0.0,1.0873286955246864,0.5736824172686187,0.6862905959589164,0.06830601092896176,0.0,0.0,0.0,0.14260512517902477,0.28609962644317033,0.0,0.0,0.0,0.1781895937277263,0.0,0.0,0.0,0.5567258598321609,0.0,0.0,0.0,0.0,0.0,0.0,0.06830601092896176,0.4401856368590642,0.4489260680820123,0.0,0.31210367536754363,0.06071645415907711,0.3564936326355058,0.08766546857192951,0.10057326762546516,0.0,1.6856148913843925,0.0,0.1495764222252574,0.08075587498990552,0.09475978394769259,0.12807377049180327,0.0,0.11898449099444187,0.06774149844194555,0.0,0.06378771448618996,0.0,0.0,0.0,0.0,0.6028911927341156,1.1155145846506256,2.416698344068298,11.950819672131148,2.397856704643336,2.7729743536513554,3.4297858024581305,0.7198262861008629,6.918032786885246,0.9008767689721541,2.397856704643336,4.930916928911786,24.294778536581816,1.939215170274068,18.170759898720306,16.4730335584471,12.751633069809584,17.283910538555194,18.144428654631188,19.718817206159276,0.005097605722226919,0.0009660142711260621,2019,4
2019-05-01,68,3.5239245498965572,0.8816864747879364,2.2927585906038153,0.0,0.4645561698803511,0.7659759983403619,1.4697802066964727,0.2759384963297199,0.338014846623168,0.3010879696902198,0.20458830056155095,0.0,0.3332264828031061,0.0,0.2759384963297199,0.0,1.3758060373847474,0.20617070357554787,0.8271065595516649,0.0,0.0,0.0,0.0,0.12868103623635502,0.6846059857472039,0.0,0.06839945280437756,0.0,0.24761406063927072,0.0,0.145602795573675,0.0,1.8995417343908698,0.0,0.0,0.0,0.0,0.0,0.0,0.0,0.22603307867159986,0.05767012687427912,0.0,0.18085296433447212,0.0,0.5656921944281907,0.0,0.06284565108094521,0.13743815283122596,1.4697802066964727,0.0,0.0,0.0,0.0,0.0,0.0,0.0,0.2759384963297199,0.0,0.2751691955422228,0.0,0.06284565108094521,0.0,0.0,0.2782513971772284,0.6974343325575816,1.5978508308702455,11.970588235294118,2.336470075762727,2.7533582229686835,3.304504593751372,0.6572373457299809,5.764705882352941,0.7486107756058077,2.336470075762727,3.6680634568786536,25.03888701168113,1.9208485920433649,18.63615407769549,16.571436716722125,12.494403741507876,17.274099122996603,17.9566332906958,19.625193364296592,0.0036781312345620007,0.0012163134073678028,2019,5
2019-06-01,64,3.890560383149497,1.2636970502794935,1.3319188872895789,0.0,0.9100272943325873,1.0616454331842093,1.5316093204119767,0.6219493187233515,0.3370266131815045,0.21691313028136316,0.15169902912621358,0.0,0.2546667294280448,0.0716743119266055,0.48851611351611357,0.0,1.270319026992286,0.4749085805662209,0.8871026957624102,0.07476076555023924,0.0,0.0,0.0,0.12112403100775193,0.5181582736163945,0.10629251700680271,0.5181222286485444,0.0,0.14061059446025576,0.0,0.0,0.0,1.191308292829323,0.0,0.0,0.0,0.0,0.0,0.0,0.07476076555023924,0.276105308445309,0.5591612203370391,0.0,0.0,0.06325910931174089,0.6447391471083295,0.11081560283687943,0.0,0.24283157392725968,1.5316093204119767,0.0,0.0,0.0,0.0,0.0716743119266055,0.0,0.06175889328063241,0.48851611351611357,0.0,0.18700396825396826,0.0,0.06510416666666667,0.08491847826086957,0.0,1.091036267381847,0.4146235126605423,1.483970817098121,11.8125,2.27550888684194,2.749005881088074,3.4224167166982427,0.6091498949551823,5.84375,0.791686926454153,2.27550888684194,2.4450691527210737,25.774530460858585,1.9371219817240435,16.204370729111147,16.98617060125468,12.817429314876659,17.500868908018656,18.75080399149759,19.989371764994726,0.0041742752058370755,0.0008061836825680538,2019,6
2019-07-01,60,3.165377918747795,0.89679392442843,1.5458071583746904,0.0,1.0004282700267906,1.0278525204325668,1.2417804301560362,0.4573305943168957,0.3142277217525579,0.32078369885976155,0.0,0.12165450121654502,0.7473705645197873,0.0,0.15669515669515674,0.0,0.8169254348160393,0.12935637681813394,0.7037373777204387,0.16885480810193254,0.0,0.0,0.0,0.4421911725282512,0.4546027519001788,0.0,0.0,0.0,0.13831258644536654,0.0,0.10822510822510824,0.0,1.299269463704216,0.0,0.0,0.0,0.0,0.0,0.0,0.16885480810193254,0.18919352252685587,0.2636976123591178,0.06720430107526881,0.31147802596361546,0.16649388998837683,0.7603485294340891,0.10101010101010101,0.0,0.0,1.166705355080961,0.0,0.0,0.0,0.07507507507507508,0.0,0.0,0.10101010101010101,0.15669515669515674,0.19962533661163798,0.15511782580055672,0.0,0.15910989595200126,0.0,0.0,0.5756152839565342,0.4351011600854398,2.0593037071001685,11.583333333333334,2.1908752477961695,2.7524634214452366,3.3444813425448165,0.6637190937828635,5.55,0.7626394882222384,2.1908752477961695,1.8346773199850892,24.708182743182743,1.9446754578860426,15.133320870869117,17.076524560861454,12.768436318391513,17.763988732884904,18.6035634156204,20.343660516769813,0.0034422460624032388,0.0016034939241211979,2019,7
2019-08-01,42,4.480660142201129,0.8832211007682828,1.6879589474985606,0.0,1.0685484066222,0.45529502496054264,1.0556494937520324,0.2731842354483864,0.12210012210012211,0.7852639560717226,0.0,0.0,0.2613372866537424,0.1123090745732255,0.0,0.0,0.4476187636428944,0.9457646071155963,1.6365661575122668,0.2918002966316813,0.0,0.0,0.0,0.40126436774481467,0.481956733023468,0.0,0.0,0.0,0.1665001665001665,0.0,0.0,0.0,1.521458780998394,0.0,0.0,0.0,0.0,0.0,0.0,0.2918002966316813,0.22749633683392662,0.11337868480725626,0.07883948281299274,0.3570336055363429,0.18896447467876037,0.08950948800572861,0.0,0.0,0.17682106227605368,0.9576679142889714,0.0,0.0,0.09798157946306094,0.0,0.1123090745732255,0.0,0.16087516087516088,0.0,0.0,0.0,0.0,0.0,0.0,0.12210012210012211,0.8032025838835378,0.7429354407092311,2.1553291589912735,11.571428571428571,2.1016926674775838,2.7771710341555966,3.3935713381802772,0.5858617107270936,6.309523809523809,0.9237423708181222,2.1016926674775838,3.257520977518258,26.76599359635074,1.9102003373613896,17.736021839624023,17.05861101234134,12.77689998712241,17.775980052105826,18.793373439166697,20.354834225970624,0.004143609974353158,0.0019631984015593637,2019,8
2019-09-01,68,3.652208119714087,0.4561993679232157,1.630166312837264,0.0,1.7398387444078052,1.3567554267960336,1.4328162324302518,0.41198859700136564,0.3732206391242943,0.41929719451910386,0.12371040881926886,0.05835667600373482,0.44655606061379965,0.0,0.23196932720841504,0.0,0.6582730303975994,0.5063914530763739,0.793644695479002,0.4140092735967894,0.0,0.0,0.05744485294117647,0.05656108597285068,0.34219342900918853,0.0,0.0,0.0,0.17862858676909418,0.0,0.07244277021153289,0.0,1.3790949558566372,0.0,0.0,0.0,0.0,0.0,0.0,0.4140092735967894,0.692264589886054,0.20188089406523083,0.24711850497967097,0.18456548188005986,0.26285016019886376,0.8491047696440027,0.12899896800825592,0.0,0.1158015289449113,1.367745956532282,0.0,0.0650702758979698,0.0,0.0,0.0,0.0,0.0650702758979698,0.23196932720841504,0.11494899389498082,0.18990635945037618,0.05835667600373482,0.0,0.0,0.12495760367018333,2.031977044749908,0.7155800974593572,1.9021704883535406,12.264705882352942,2.4067722275244847,2.7343843215080166,3.357864926278034,0.6765925034023088,6.014705882352941,0.7631489576749474,2.4067722275244847,2.335784854229505,24.528911243984773,1.9246239806505732,17.563069401909857,16.61773800228812,12.85450246530542,17.18918737985151,18.319725111421597,19.67697994781476,0.0029779844584652223,0.0020335984976792075,2019,9
2019-10-01,56,4.071563990435934,0.40002104067292255,0.6363644926404307,0.0,0.7709051421043435,0.5060033999225885,1.0163955671621503,0.12811352603321952,0.36030887870557293,0.2916176263630051,0.0,0.0,0.17195524578136462,0.06589351607801792,0.06222000995520159,0.0,1.3589414311079422,0.7770748245258327,1.1867415056638368,0.1571198309607336,0.0,0.0,0.0,0.0,0.3181075413282305,0.0,0.08191349934469201,0.0,0.0,0.06589351607801792,0.08383635144198524,0.0,0.4866346251204275,0.0,0.0,0.0,0.0,0.0,0.0,0.1571198309607336,0.07598784194528875,0.07631257631257633,0.21218859324867112,0.2492962996370737,0.07598784194528875,0.3626301132333644,0.0,0.0673854447439353,0.0,1.0163955671621503,0.0,0.0,0.0,0.0,0.06589351607801792,0.0,0.0,0.06222000995520159,0.0,0.1298976123401787,0.0,0.0,0.0,0.2304112663653942,0.0,0.16384759031817858,1.6817366928642687,11.785714285714286,2.2086188438329803,2.7444680885207027,3.391813201951353,0.6882486240477951,6.428571428571429,0.7598478820565724,2.2086188438329803,3.8601798996944567,24.874730081426513,1.9043421027460063,19.581693389178117,16.354305684290882,12.766857494730868,17.22988489407093,17.947312399961984,19.5590939023834,0.003270314006365891,0.0017487264653997883,2019,10
2019-11-01,70,4.312888984166035,0.37265778148197054,1.5917821841077344,0.0,0.5631199084393612,0.8084208724916309,1.994981657392717,0.4050061532777957,0.40840207156325886,0.7454362083666526,0.07763975155279504,0.0,0.23934221558514734,0.04977600796416127,0.05370569280343716,0.0,1.5490793545839965,0.7783591283997455,0.8195506249100993,0.0,0.0,0.0,0.0,0.1254932017768758,0.17679160292817708,0.0,0.07037297677691767,0.0,0.1704418030948643,0.0,0.051948051948051945,0.0,1.369392329064818,0.0,0.0,0.0,0.0,0.0,0.0,0.0,0.1193731080949126,0.345806399761502,0.0,0.09794040058294663,0.13741842689492376,0.3716748941214584,0.13146009883958415,0.0,0.16786745263566455,1.8875354107541917,0.0,0.10744624663852502,0.0,0.0,0.04977600796416127,0.13598166539343012,0.05952380952380953,0.05370569280343716,0.10601897759295767,0.40840207156325886,0.0,0.0,0.0,0.0,1.0632299342972225,0.2622836160167862,1.736037186096371,11.67142857142857,2.1588735075360757,2.74033659325916,3.4242711865809237,0.7060907820540423,5.942857142857143,0.7389091947453198,2.1588735075360757,2.647923431405521,25.512670147313003,1.912839942176842,18.207464633983165,16.715331680032516,12.793817381473538,17.35027462732638,18.32725109730463,19.68116138721424,0.0041144924098043215,0.0020496167750876254,2019,11
2019-12-01,54,3.3366561553894507,0.6589926396114157,1.3910036738985478,0.0,1.212796014550317,0.9791146820446747,1.9270604354781429,0.37037037037037035,0.45099409371174204,0.23258078911754487,0.0,0.0,0.43506016696266353,0.2469135802469136,0.0,0.0,1.7974013026551983,0.22496921473903572,0.2920652963278709,0.10766580534022394,0.0,0.0,0.0,0.20360782761272656,0.31402207521610503,0.0,0.1413627367825841,0.0,0.18088906977795868,0.0,0.0,0.0,1.210114604120589,0.0,0.0,0.0,0.0,0.0,0.0,0.10766580534022394,0.6338138067499685,0.2162150567238934,0.09400263207369805,0.16109871366253325,0.0,0.655481867642889,0.23285576284042028,0.0,0.0907770515613653,1.5358293988314076,0.0,0.3241349550579002,0.06709608158883522,0.0,0.2469135802469136,0.0,0.0,0.0,0.1234567901234568,0.37185512568388507,0.0,0.0,0.0,0.07913896802785693,0.21533161068044787,0.3816411432541808,1.6373882104286595,11.407407407407407,2.1100384809616224,2.7493016077470855,3.4918957719972075,0.6836777789686325,5.907407407407407,0.7784939253919554,2.1100384809616224,2.2028083794575006,25.71944177221955,1.9424491725091813,15.699528442518394,17.083243583758748,12.965246125625095,17.760191399077556,18.778924044220393,20.348715801997635,0.0038768663546272213,0.0024535994375479734,2019,12
2020-01-01,58,4.740764707161411,0.25783045360998436,1.1448277133855826,0.0,1.4283191283720762,0.6408002473055524,1.7268767445299813,0.470820408203018,0.06555657532450505,1.3394545262038506,0.2568570289937743,0.0,0.5997601331215656,0.0,0.06814774430966335,0.0,0.8220678557657174,0.6740563885988872,0.4584245418013375,0.5219964883666146,0.0,0.0,0.0,0.06409434687860531,0.19373610673137906,0.0,0.0,0.0,0.07731560228854183,0.0,0.0,0.0,1.0675121110970407,0.0,0.0,0.0,0.0,0.0,0.0,0.5219964883666146,0.28333022457468615,0.4715162201141803,0.0,0.1514761953165952,0.07731560228854183,0.40459279907395335,0.06814774430966335,0.0,0.09074410163339382,1.6410987380108528,0.0,0.0,0.0857780065191285,0.0,0.0,0.06409434687860531,0.08707767328456985,0.06814774430966335,0.25150064373017955,0.0,0.0,0.06555657532450505,0.0,0.0,0.5291575672430021,0.5746726688059178,1.8448666363746968,11.724137931034482,2.1723611571160606,2.7393918504681265,3.3955263580242656,0.6065566751304432,5.948275862068965,0.7023297084550596,2.1723611571160606,2.4153581078110076,24.700785421475075,1.9297688338683356,17.873644666014037,16.42938529388287,12.765702980345514,17.380899112907173,17.82696328988018,19.85378881973438,0.005414461310513521,0.0011176609984063868,2020,1
2020-02-01,71,3.9006857681720617,0.573047017375509,1.4601839607640292,0.0,0.7895438750032112,0.6539850591343376,1.8578146996152196,0.3147638800264231,0.5128821394596209,0.7725158704643268,0.0,0.0,0.22486591610070344,0.0,0.16331756774412712,0.0,1.1662000738790719,0.7290797508930277,0.7041412506849976,0.14056533840580723,0.0,0.0,0.0,0.1391458850949336,0.29316808816181633,0.0,0.1407330441187591,0.0,0.49975488720068667,0.0,0.08188666885031116,0.0,0.8785424047130312,0.0,0.0,0.0,0.0,0.0,0.0,0.14056533840580723,0.25142900066746343,0.2713311187710127,0.0,0.12621841715892793,0.28692353480663546,0.22406792056951075,0.07185972980741592,0.0,0.07113387395077536,1.6713510903735629,0.060709082078678964,0.0,0.12575452716297786,0.0,0.0,0.15144631228229594,0.0,0.16331756774412712,0.0,0.27556983626623954,0.0,0.17660322111470245,0.0,0.060709082078678964,0.9935949200968899,0.28430746061886086,1.5836476507094348,11.267605633802816,2.1135759011614,2.752743239527558,3.3317923141200825,0.632664851234598,5.577464788732394,0.7622392244566031,2.1135759011614,3.3808796566291974,23.707485784950574,1.920310755494458,19.302557798881587,16.1480291189475,12.670286741839279,16.984052065563645,17.60967396726294,19.29549548355909,0.0039480048465690785,0.002850027157173151,2020,2
2020-03-01,56,3.639243221384352,0.8550133977137776,1.294636708277059,0.0,0.6226048264536422,0.8436513505896447,1.5854865719238753,0.28398459545538757,0.3637521846068656,0.47785767780857985,0.08267195767195767,0.0,0.18236461251167133,0.0,0.28398459545538757,0.0,0.8092997600989078,0.8953620606483003,0.9077025571895476,0.0,0.0,0.0,0.0,0.1514649743664785,0.703548423347299,0.0,0.0,0.0,0.0,0.0,0.0,0.0,1.294636708277059,0.0,0.0,0.0,0.0,0.0,0.0,0.0,0.3156858087131093,0.0,0.0,0.3069190177405329,0.09704968944099379,0.5320721453693731,0.06815703380588876,0.0,0.146372481973389,1.5854865719238753,0.0,0.0,0.0,0.0,0.0,0.0,0.0,0.28398459545538757,0.0,0.2084257018467545,0.0,0.07901390644753477,0.07631257631257633,0.0,0.08585164835164837,0.307310513712396,1.4591241602288239,12.035714285714286,2.3033853136732234,2.7549487140780364,3.341782349601242,0.6060326351187622,6.5,0.844285966587469,2.3033853136732234,2.579942485272361,24.81378903834261,1.92242576942267,18.397720455441824,16.50408760387854,13.07358151882738,17.359844974863414,18.23892348885176,19.71275940863423,0.0032470357467694654,0.0021756053295082316,2020,3
2020-04-01,59,3.571520465429784,0.6027277315924152,0.9830587150332651,0.0,0.6881651276726234,1.035488699032977,1.9962892103123135,0.2122367493566246,0.327988375201157,0.6103261608262998,0.0,0.0683433570256971,0.40648364848896645,0.08560178051703476,0.05745475438092502,0.0,0.8466699455497324,0.7985062495249879,0.6981345691161404,0.0,0.0,0.0,0.0,0.07704160246533127,0.3379912618166443,0.0,0.1876948673104397,0.0,0.07062146892655367,0.0,0.08109642364771713,0.13892747985551543,0.6924133426034789,0.0,0.0,0.0,0.0,0.0,0.0,0.0,0.5434192785453267,0.1447458491272967,0.0,0.0,0.16059803070452539,0.7937942446807345,0.0,0.0,0.08109642364771713,1.884043166985341,0.11224604332697273,0.0,0.0,0.0,0.08560178051703476,0.0,0.0,0.05745475438092502,0.06918021445866482,0.2661301542435917,0.0,0.06185822095756526,0.0,0.0,0.6856855151920329,0.89938532447991,2.2783890213359426,11.830508474576272,2.266254768124242,2.753767782944709,3.357456066582281,0.6843163320754433,6.186440677966102,0.7659109817752385,2.266254768124242,2.6672100243960686,24.106256878714508,1.9146947856509113,19.801493106229376,16.262650054492234,12.534754472413029,17.162668149768294,17.76396902302836,19.509858550173302,0.0040287452036342685,0.0007450875846119216,2020,4
2020-05-01,53,3.2933390771393336,0.3509418603758227,1.8402765053896315,0.0,1.41431610233267,0.6425190627443585,1.2152002228056054,0.6457614767971966,0.32340309432080644,0.5849200955592296,0.23024638542589868,0.0,0.24533248434238655,0.0,0.3154911709601743,0.0,0.6439445131824737,0.43943388427251867,0.7501131010486435,0.08385744234800839,0.0,0.0,0.0,0.0,0.3509418603758227,0.0,0.0,0.0,0.07256894049346879,0.0,0.0,0.0,1.7677075648961627,0.0,0.0,0.0,0.0,0.0,0.0,0.08385744234800839,0.38126997492832,0.6844646604025996,0.07764577995185962,0.1870782447018822,0.09481369109699442,0.547705371647364,0.0,0.0,0.0,1.2152002228056054,0.0,0.0,0.0,0.0,0.0,0.0,0.14274294849834418,0.3154911709601743,0.1875273573386781,0.17365766155650578,0.0,0.1497454327643007,0.0,0.0,0.16771488469601678,0.7259140641466127,1.5365481234512195,11.641509433962264,2.1739943282593206,2.720835322012544,3.2725604027939923,0.606377463659105,5.509433962264151,0.7383747936670512,2.1739943282593206,2.8350146602759394,23.856489370168614,1.938416235637119,17.957876527486196,16.275485405028775,12.843758077811716,17.15681409861994,17.94238207084145,19.54426412204132,0.00387279982064017,0.0012914236956369676,2020,5
2020-06-01,94,4.30954282898221,0.43537365873851536,1.0959496669318622,0.0,1.0082336676541812,0.692722261153999,0.9934346281888274,0.6586620262217021,0.32827895810755936,0.5465636212371094,0.14376078205865442,0.0,0.520996559323644,0.14841877002050566,0.18979831081712167,0.0,1.0370595974368173,0.3788073367283393,1.141695494662342,0.20244235669767585,0.0,0.0,0.07765180928715638,0.0,0.2863238771537722,0.07139797229758675,0.0,0.0,0.06149305128520476,0.0,0.09976030981880342,0.0,0.934696305827854,0.0,0.0,0.0,0.0,0.0,0.0,0.20244235669767585,0.36477056323972706,0.17324337033183618,0.0,0.267777377384942,0.15068269705119433,0.5011230338245724,0.04091653027823241,0.0,0.0,0.8987223736357397,0.04307003187182359,0.0,0.0,0.0516422226812642,0.14841877002050566,0.09159546464376171,0.03969514131470308,0.18979831081712167,0.18915433942561005,0.14908143848046482,0.0,0.0,0.06185056902523503,0.11734695060185947,0.14715014168889934,0.699447673720146,1.4324925738929561,11.904255319148936,2.3452372693380754,2.7447579109938176,3.421649412960269,0.7007428477610582,6.361702127659575,0.8426489077042463,2.3452372693380754,3.35909897580828,25.15248610727334,1.9558457145676842,14.210558995184053,17.15853650446974,12.968040800452119,17.711075084550693,18.851570871048157,20.249271301252776,0.003035647671868777,0.0015480957084747153,2020,6
2020-07-01,66,3.965117096546863,0.38549754452184715,1.0885011808104204,0.0,0.7589823987864955,0.9802098298200789,0.9126131026429598,0.5491780441596585,0.06475006475006476,0.4010159323987188,0.207390168148834,0.0,0.4882707614298035,0.12841179644065112,0.2576297209461171,0.0,1.111080733941451,0.6112015680296338,0.6532521750931338,0.10686424011852012,0.0,0.0,0.0,0.09838646202282567,0.17888597427391326,0.0,0.0,0.10822510822510822,0.22868956159320325,0.0,0.10900370612600829,0.09838646202282567,0.652421451068383,0.0,0.0,0.0,0.0,0.0,0.0,0.10686424011852012,0.3697231311982014,0.2258595231730757,0.0,0.056535504296698326,0.16156070843570847,0.39090245477876645,0.057830210501966225,0.12378688849277084,0.24612956761086685,0.770166303425798,0.0,0.14244679921716194,0.0,0.0,0.12841179644065112,0.0,0.09838646202282567,0.2576297209461171,0.06475006475006476,0.06475006475006476,0.0,0.0,0.0,0.0,0.5033679714213246,0.7152254801373433,1.6407614251199305,11.696969696969697,2.296924719397213,2.7398240707603088,3.391302670829945,0.7222390139908736,6.303030303030303,0.8434049374215733,2.296924719397213,2.0954306300615793,25.512860813428993,1.9215823936870193,17.314742322744465,16.918135414813257,12.753655440193983,17.580166050234464,18.621752794048913,20.038851437980803,0.004198027069661014,0.002244708740899848,2020,7
2020-08-01,55,2.5871727013728765,0.9632197279712901,0.8850126485472507,0.0,1.730879927504382,0.38087668582510337,1.339782371386773,0.46152966592119216,0.19881792720121783,0.07770007770007771,0.22500749463586173,0.09828009828009827,0.08869179600886917,0.06966213862765587,0.21205461205461204,0.0,1.3314886227926814,0.21880316119851967,0.1988846334744339,0.0666000666000666,0.0,0.0,0.0,0.0,0.9632197279712901,0.0,0.0,0.0,0.07158196134574088,0.0,0.0,0.0,0.8134306872015099,0.0,0.0,0.0,0.0,0.0,0.0,0.0666000666000666,0.5673542599300703,0.706736202470592,0.2114164904862579,0.17877290801739532,0.0,0.22692036645525018,0.0,0.07974481658692184,0.07421150278293136,1.1182387512442664,0.0,0.22154362014250645,0.0,0.0,0.06966213862765587,0.08153281695882592,0.09828009828009827,0.21205461205461204,0.0,0.10509721492380451,0.09372071227741331,0.0,0.0,0.0,0.5679455679455679,1.2900560562305734,1.126359172934719,11.672727272727272,2.1902454069095043,2.736327681185087,3.2940125505149096,0.5912596375577532,5.818181818181818,0.7811527467399978,2.1902454069095043,2.9380345444136076,24.684466745375836,1.9013459825173709,19.70520599994178,16.39870384302193,12.551086113888978,17.217252804137335,17.90375979276546,19.516690355545585,0.00342254886641335,0.0016606785449139944,2020,8
2020-09-01,57,4.164516359667935,1.046117271820593,1.6652337498520702,0.0,1.2890960484900018,1.103107789001785,1.1857635901452837,0.1491607213013056,0.4136663318651112,0.6386249798140774,0.0,0.0,0.33535852013935763,0.06521880910454575,0.0,0.0,1.0671751258525641,0.8797600668655394,0.831295368169154,0.3470834897226964,0.0,0.0,0.0,0.33952718957161443,0.7065900822489787,0.0,0.0,0.0,0.30457625190308035,0.0,0.18323693061396332,0.1767742239611568,1.00064634337387,0.0,0.0,0.0,0.0,0.0,0.0,0.3470834897226964,0.09746588693957114,0.3623283301673654,0.15194058515358155,0.3302777565067874,0.0,0.6810170190454028,0.066203243958954,0.14380212827149844,0.21208539772593002,0.9206442675706168,0.07309941520467837,0.07102777185879679,0.12099213551119177,0.0,0.06521880910454575,0.0,0.0,0.0,0.08394191219675984,0.2556228889388521,0.0,0.15804344292625905,0.0,0.0,0.2973726450958858,0.1344357061235464,2.0657447716185326,11.491228070175438,2.191647844547644,2.7225809598649167,3.2911496361015278,0.6427034559624782,6.771929824561403,0.7975328027834284,2.191647844547644,4.53829246472314,23.6989885845149,1.945641869016843,17.613536184840374,16.39785989496902,12.858721583666298,17.037603971802028,17.82759377172852,19.39336324121652,0.003331185098224546,0.001296723057368273,2020,9
2020-10-01,78,4.497466132400975,0.7617536399866478,1.2785810125531085,0.0,0.8305225804293025,0.9223853433608321,1.6035509335833444,0.2415914493145104,0.3451470556733715,0.5793024903721367,0.0574910888812234,0.04436163605713779,0.4672233847510327,0.059908938413611314,0.055741360089186176,0.08379420144126026,1.8496951199242686,0.4405089226808664,0.715998705504897,0.1434402842853547,0.08379420144126026,0.0,0.0,0.22784629342006396,0.45011314512532363,0.0,0.0,0.0,0.14183656796354457,0.0,0.054094990803851564,0.0,1.0826494537857125,0.0,0.0,0.0,0.0,0.0,0.0,0.1434402842853547,0.3207460159383175,0.32135202469505897,0.0,0.0449842555105713,0.22670593200911,0.4646669493396983,0.0,0.0,0.2310124620120238,1.5059422353493568,0.0,0.05047445992327882,0.0,0.0471342383107089,0.059908938413611314,0.05008012820512821,0.07586102260658474,0.055741360089186176,0.0,0.18145434812101482,0.0,0.104338481531464,0.0,0.059354226020892686,0.6064481896029194,0.4296115693864287,2.1518606122217494,11.923076923076923,2.171383883445771,2.7518204387636547,3.4227682028757465,0.6753504115500762,6.166666666666667,0.813784551725207,2.171383883445771,3.368952595059617,25.94003589003589,1.9565881844979918,14.588929179556922,17.27545205863569,13.052564054959253,17.850859794888404,18.983331508022083,20.51063354772276,0.0027659183515843754,0.0016140881059089735,2020,10
2020-11-01,62,3.811087549200036,0.5769031131467401,1.579048109165316,0.0,1.3695319765156417,0.9897900439775545,2.0315672628073123,0.27399446122518617,0.20486445510283868,0.3510845759889144,0.24007794647488467,0.0,0.4856122759510068,0.0,0.27399446122518617,0.0,1.3512336199155706,0.5186759979467247,0.4522439935419082,0.13816467815584033,0.0,0.0,0.0,0.07608034083992696,0.39184282461718795,0.0,0.10897994768962511,0.0,0.07467144563918758,0.07608034083992696,0.15248368389285197,0.0,1.2758126387933495,0.0,0.0,0.0,0.0,0.0,0.0,0.13816467815584033,0.35770482396326725,0.5341609730472262,0.08718395815170009,0.252317543197608,0.08862105636299185,0.8358692618734109,0.06529972574115189,0.0,0.0,1.968808382425738,0.0,0.062758880381574,0.0,0.0,0.0,0.0,0.0,0.27399446122518617,0.0,0.08105041335710812,0.0,0.0,0.059297912713472484,0.06451612903225806,0.46134528284477533,0.7546816203259871,1.4316266588416642,12.14516129032258,2.4304864094467016,2.7369060354595645,3.3685971359902744,0.6599142814784882,6.161290322580645,0.8308791715239096,2.4304864094467016,2.653052148741462,25.364577223851416,1.9207171563479455,18.40331273075865,16.641713996904883,12.684662740017695,17.372767480964836,18.006695274374053,19.754556007497445,0.004069053924128171,0.0017232783530941335,2020,11
2020-12-01,63,4.175036651338146,0.8557494842925636,1.4491324801213374,0.0,1.0462500527978882,0.9708607399678888,1.4197167362901786,0.3845706124116794,0.18446696789444586,0.6823799220452512,0.1748217017303375,0.0,0.838756764867807,0.05814291528577243,0.1995704274114944,0.0,0.4612683705694519,0.506024238483288,1.1203046127742347,0.1337676981705085,0.0,0.0,0.10653030787258976,0.40184828351033963,0.2942838833008854,0.0,0.053087009608748736,0.0,0.0,0.0,0.0,0.0,1.4491324801213374,0.0,0.0,0.0,0.0,0.0,0.0,0.1337676981705085,0.4615735766998309,0.28037437379279834,0.0,0.17053440413475054,0.16774929804657826,0.7460142625219729,0.0,0.0,0.05709717939933768,1.344844019908028,0.0,0.0,0.0,0.07487271638215033,0.05814291528577243,0.0,0.05814291528577243,0.1995704274114944,0.06871435442864014,0.18446696789444586,0.0,0.0,0.0,0.0,0.39128829826504247,0.5879988806776527,2.1093516939597037,11.80952380952381,2.3201952608016607,2.7385774790346047,3.40649647383094,0.6561295201828066,6.285714285714286,0.7934927345271398,2.3201952608016607,2.5573592195364956,26.380410991125277,1.9620671211091376,13.724635236352162,17.559816009938295,12.994815214752094,18.21186983150452,19.380881244774482,20.971289250546626,0.003683463755465801,0.002632861865395267,2020,12
2021-01-01,39,3.3259893773860596,0.5062358268460841,1.929206428264123,0.0,1.164219870806781,1.5716699822880167,1.1911888689062389,0.6345767540167581,0.23100479486926195,0.1899335232668566,0.0946163307786924,0.0,0.0893415527561869,0.21824092336912854,0.09675858732462506,0.0,0.8680366473751527,0.47684731375830236,1.1646472070107183,0.12756729174639622,0.0,0.0,0.0,0.135666802333469,0.37056902451261514,0.0,0.0,0.0,0.2324253896580941,0.0,0.0,0.0,1.696781038606029,0.0,0.0,0.0,0.0,0.0,0.0,0.12756729174639622,0.7598393416299203,0.27681323743046454,0.0,0.0,0.2188587094247472,1.3528112728632693,0.0,0.0,0.0,1.0877976364827484,0.0,0.0,0.10339123242349049,0.0,0.21824092336912854,0.0,0.21491999580861418,0.09675858732462506,0.10465724751439037,0.09675858732462506,0.0,0.13424620754463687,0.0,0.0,0.34806822137138876,0.8686443871629057,2.9839594277894164,11.307692307692308,2.1673271409455346,2.7835466349396043,3.3134747207008397,0.6158352749156807,5.538461538461538,0.7845824423273665,2.1673271409455346,2.7035155667009594,24.62279387279387,1.9108525895068924,19.729683748985206,16.25312803408299,12.72129418668926,17.007674967516735,18.066517870968976,19.267035544532312,0.003121276903385009,0.001528169029802217,2021,1
2021-02-01,52,3.2400398784931856,1.164879270216648,1.8426072074514128,0.0,0.7465775150747127,1.1407816746420663,1.248441795806219,0.307374118723812,0.26945540389954414,0.7445795448616082,0.0,0.0,0.524008831154171,0.0,0.23453029587998914,0.0,0.6863505248938444,0.23869822691750542,0.8118724547860677,0.0,0.0,0.0,0.0,0.11655011655011654,0.9597080973035396,0.0,0.08862105636299183,0.0,0.13736263736263735,0.0,0.0,0.0,1.7052445700887755,0.0,0.0,0.0,0.0,0.0,0.0,0.0,0.3155977732248919,0.3594898934082995,0.0,0.0714898484415213,0.0763125763125763,0.6813085948402837,0.0,0.0,0.38316050348920627,1.1550885471131649,0.0,0.09335324869305452,0.0,0.0,0.0,0.0,0.07284382284382285,0.23453029587998914,0.0,0.26945540389954414,0.0,0.0,0.0,0.0,0.0,1.3981012621730586,1.2714884323691527,11.615384615384615,2.177684754373892,2.7307878868488915,3.459999381431741,0.7438268212097596,6.019230769230769,0.8805518326530766,2.177684754373892,5.031002250681909,24.456297468557086,1.9316216225007836,17.08070151009334,16.663693925266642,12.90708741732968,17.289523783475946,18.388728466040604,19.75847547149827,0.002983324454774741,0.0018427857705868554,2021,2
2021-03-01,62,4.168946269454969,0.5322450718877122,1.0706406072533683,0.0,1.185278919115542,0.6644878724526748,1.0954285632131895,0.1784382371729673,0.29789197912015186,0.45406310508507447,0.06227425582264293,0.1168770453482936,0.5466030812725428,0.0,0.1784382371729673,0.0,1.3131233662430573,0.8352982086320483,0.6622689698783419,0.0,0.0,0.0,0.0,0.1848227549779761,0.347422316909736,0.0,0.0,0.0,0.0,0.0,0.0,0.0,1.0706406072533683,0.0,0.0,0.0,0.0,0.0,0.0,0.0,0.318794779237551,0.5701144354513993,0.0,0.2963697044265918,0.0,0.5500975727500895,0.0,0.0,0.11439029970258521,1.0954285632131895,0.0,0.0,0.0,0.0,0.0,0.0,0.0,0.1784382371729673,0.0,0.29789197912015186,0.0,0.0,0.0,0.0,0.8243553266935394,0.8794594170481311,1.9563158691614704,11.951612903225806,2.329706151089921,2.75956702828729,3.3523790319462594,0.6721411150086337,6.354838709677419,0.8855980070523375,2.329706151089921,4.17242992531439,24.871507121910348,1.9228160744817797,18.4791075009589,16.46890729138565,12.748606467999888,17.29815941573703,18.12296330673025,19.696754000826736,0.005376903779979072,0.0012037631144060901,2021,3
2021-04-01,58,4.642565750320312,1.1703181020907412,1.2985671361065452,0.0,0.7487285318482649,0.974130165360451,1.2486430502431252,0.36640721985549574,0.15803687481568052,0.4483345673421367,0.0,0.0,0.16392548982961094,0.0736811081638668,0.21290491118077323,0.0,1.2172470200513872,0.8018134516668545,1.6397262990790575,0.08493290300662477,0.0,0.0,0.0,0.13866613205025397,1.0316519700404871,0.0,0.0,0.0,0.16732643360200952,0.0,0.19557969306340592,0.0,0.9356610094411297,0.0,0.0,0.0,0.0,0.0,0.0,0.08493290300662477,0.35196424290059736,0.31183138594104287,0.0,0.0,0.2163545266993543,0.5160264938546852,0.07008690776562938,0.08369601606963507,0.08796622097114708,1.1344617303070668,0.0,0.0,0.11418131993605846,0.0,0.0736811081638668,0.0,0.0,0.21290491118077323,0.07982120051085569,0.0,0.0,0.09796238244514106,0.0,0.06007449237053947,0.7720317748281186,0.37751885061967344,1.713950420384869,11.586206896551724,2.1286299982934693,2.75562744263327,3.3469233013418873,0.6607428832744319,6.275862068965517,0.7413059656234462,2.1286299982934693,2.800270388448628,24.732007264765883,1.9330786899326513,16.09430584340664,16.880253194700277,12.709237949933952,17.54541781696602,18.450932246401734,19.9672578189733,0.0036858027485353185,0.0017915655197466073,2021,4
2021-05-01,56,4.331427993640535,0.4211419265188035,1.2851872571300684,0.0,1.062954958275746,0.46425635128153087,1.6082521386457922,0.4904768261876597,0.24772042767519187,0.8205459969150912,0.0,0.0,0.2497420901723905,0.08668515950069347,0.15150581371461438,0.0,1.5602886574178039,0.6168261287127933,0.7744055757785766,0.07142857142857142,0.0,0.0,0.13426423200859292,0.16703109815354708,0.0,0.0,0.11984659635666348,0.0,0.10629251700680271,0.0,0.13842746400885936,0.0,1.0404672761144063,0.0,0.0,0.0,0.0,0.0,0.0,0.07142857142857142,0.2633755330007098,0.49572952274092336,0.0,0.23242133110554164,0.0,0.3616290934818593,0.0,0.10262725779967159,0.0,1.4370629925963108,0.09976057462090981,0.07142857142857142,0.0,0.0,0.08668515950069347,0.0,0.11904761904761905,0.15150581371461438,0.1332382339247328,0.24772042767519187,0.0,0.0,0.0,0.0,0.2566512434933487,0.8377465902592122,2.0936606744301023,11.928571428571429,2.2473379113627234,2.750227550620299,3.397021333164672,0.6441864235511785,6.035714285714286,0.771950685950461,2.2473379113627234,2.830784622831484,25.50404273306059,1.9267286293977999,17.711582247962024,16.636761844601708,12.83212632516396,17.36027278306128,18.401155297310538,19.872523615686937,0.003516254211470318,0.0018837039578945833,2021,5
2021-06-01,82,3.8881767629688517,0.8296820367255697,2.2087773424782657,0.0,0.7930881571175737,0.9587582668692769,1.676792248499729,0.6024516872217869,0.06159152500615916,0.837338410110384,0.0,0.0,0.4404640532186534,0.17446349382324994,0.2280857425161918,0.0,0.5952565156210604,0.3675028051124743,0.9814809799213929,0.26358476264544517,0.0,0.0,0.09527439024390244,0.26568222148825293,0.4002135039191474,0.0,0.06851192107426692,0.0,0.12850106375946221,0.0,0.07527853056308341,0.0,2.00499774815572,0.0,0.0,0.0,0.0,0.0,0.0,0.26358476264544517,0.1321838916647902,0.16282718748810515,0.0983477576711251,0.1361445576481081,0.16345562615290019,0.35597097028642494,0.05302226935312831,0.18681583192323306,0.19949356915359054,1.4888293331458509,0.07090187180941576,0.056986551173922956,0.060074492370539474,0.0,0.17446349382324994,0.04601932811780948,0.0,0.2280857425161918,0.15388312276453572,0.0,0.0,0.0,0.06159152500615916,0.0,0.8645835131059296,0.4527802677707648,1.6076329433080578,11.78048780487805,2.275037519289947,2.7546680085462842,3.3247584904936365,0.63314093905577,6.073170731707317,0.768437248390118,2.275037519289947,4.016321481966412,23.94280142283191,1.9509202114073207,16.178986902223812,16.677177880014543,12.74802745880988,17.345718626246402,18.31047690406278,19.799075332043593,0.003964810262541383,0.0013971897927129411,2021,6
2021-07-01,53,3.225390417174607,0.5593418323509013,1.6056733433440993,0.0,0.9668117509396827,0.9047792402531777,1.332199574361697,0.8945362607830988,0.4529882173251264,0.4531507504894773,0.0,0.0,0.32468773649633254,0.17887821002537832,0.28256362652623607,0.0,1.1830818612060845,0.28639572606940694,0.4304775998397646,0.08615490652192641,0.0,0.0,0.0,0.0,0.41307885151135176,0.0,0.1462629808395495,0.0,0.39874692880718976,0.0,0.4366618631709614,0.08203445447087776,0.6882300968950703,0.0,0.0,0.0,0.0,0.0,0.0,0.08615490652192641,0.1948889419632195,0.3879943158087385,0.09027715085311908,0.20749643579267915,0.2647390534449903,0.4184673307278486,0.08775778850372971,0.0,0.13381506757660913,1.332199574361697,0.0,0.0,0.0,0.0,0.17887821002537832,0.0,0.21298689039140029,0.28256362652623607,0.2201075338400842,0.4529882173251264,0.0,0.0,0.0,0.0,0.4809953135339962,0.9222373501056426,2.3533200878938834,11.49056603773585,2.145125519685658,2.7320746195862804,3.3148467128039503,0.6127291301965382,6.433962264150943,0.8196715483240039,2.145125519685658,3.115184512198954,24.257474757946454,1.945306416221354,16.62801916105313,16.606524434472338,12.866307184508576,17.33714853851239,18.22100778925131,19.904979492783674,0.0029211495565027758,0.0017495495608031352,2021,7
2021-08-01,43,3.856176666609086,0.6670839009763905,1.683715995129211,0.0,0.4847367346982949,1.2907388192208917,1.7112050113910322,0.4959153290821821,0.21569927990756305,0.31612404830244223,0.23025558369790466,0.0,0.1983519448640803,0.0,0.21889847054172573,0.0,1.1897083124279162,0.8893921248556893,0.7052796053914747,0.1081665765278529,0.0,0.0,0.0,0.08456659619450317,0.5825173047818873,0.0,0.0,0.0,0.08549931600547195,0.10619093129446744,0.3287971682465842,0.0,1.1632285795826875,0.0,0.0,0.0,0.0,0.0,0.0,0.1081665765278529,0.0,0.376570158170442,0.0,0.0,0.09531071292413268,0.8094997813636695,0.11627906976744186,0.0,0.26964925516564786,1.6185523661580108,0.0,0.0,0.0926526452330214,0.0,0.0,0.0,0.08549931600547195,0.21889847054172573,0.1915175425349844,0.0926526452330214,0.0,0.12304663467454166,0.0,0.0,0.6896952468790634,0.0,2.15571852892825,11.488372093023257,2.166554470572526,2.782717204873449,3.4356708683768264,0.7170657753918832,7.255813953488372,0.8367406130850396,2.166554470572526,3.441235756137965,25.494384297872667,1.9497515730703305,15.535687950701139,17.02951658431634,12.857801153964525,17.71612135118826,18.58005822968215,20.374919491886114,0.004535393710848496,0.002522752692128362,2021,8
2021-09-01,63,5.08668697542015,1.1958113459689146,1.2582515109701566,0.0,1.3554446116914298,0.35124199675842355,1.3236477348789235,0.3671936762072041,0.22101874204994965,0.45960591656852606,0.21924673087463784,0.0,0.4952576196596382,0.0,0.0,0.0,1.0965099711668431,1.385728813743693,1.2278510229543402,0.20248690045247167,0.0,0.0,0.08488243782361429,0.2891648888370744,0.5242399189744454,0.0,0.2975241003337804,0.0,0.07452120128176466,0.0,0.29345380496696283,0.0,0.890276504721429,0.0,0.0,0.0,0.0,0.0,0.0,0.20248690045247167,0.43076231220505706,0.46435745510577836,0.08267195767195766,0.17516598625616506,0.059227671167969675,0.1794945380547541,0.060816152770175755,0.0,0.05170363476552402,1.0449865471268267,0.10582010582010583,0.17284108193199105,0.0,0.0,0.0,0.08488243782361429,0.10582010582010583,0.0,0.17649113256348398,0.22101874204994965,0.0,0.0,0.0,0.0,0.4665571333577118,0.6573598288604681,1.1578921859380542,11.841269841269842,2.279862663173245,2.747976470137294,3.3388524586956687,0.6060109707544091,6.444444444444445,0.8375497672540778,2.279862663173245,3.6583478405072163,24.730802618897854,1.9312335286587834,18.596420635719202,16.419796186043893,12.961857344185718,17.15377936658806,18.1957750463487,19.534669745369303,0.003319638499477585,0.0023035156074643465,2021,9
2021-10-01,75,5.132319149811454,0.671029496931515,1.2951017054272218,0.0,0.8636445039326376,0.603966159721945,1.9004242261634874,0.3511591580096454,0.28812879666230473,0.7678835874641682,0.08602150537634408,0.0,0.40056539897580196,0.0,0.13312852022529442,0.0603318250377074,1.508946130519312,0.6047878085900028,1.5706543736228225,0.0,0.0,0.0,0.0,0.20206515133077707,0.4208295682240834,0.0,0.048134777376654635,0.0,0.0,0.0,0.058997050147492625,0.0,1.2361046552797292,0.0,0.0,0.0,0.0,0.0,0.0,0.0,0.3213795511083975,0.1094342361657817,0.04711425206124852,0.38571646459720993,0.0,0.5337907211254538,0.0,0.0,0.07017543859649122,1.6737249994642607,0.0,0.1526251526251526,0.07407407407407407,0.0,0.0,0.0,0.14822260986113986,0.13312852022529442,0.06980802792321118,0.23743171174468752,0.050697084917617236,0.0,0.0,0.0,0.0603318250377074,1.2617634094271963,0.9057459191981981,12.426666666666666,2.3798641266109706,2.7510111319429895,3.4111229784159764,0.6965059979120298,6.8,0.8320034648015424,2.3798641266109706,3.074639119556039,25.724068006068006,1.9380837637817698,16.33600719724815,16.793271648144756,12.983609392805857,17.51396441298343,18.3945652006912,19.967001905809692,0.0034477709430939195,0.0018910244341835399,2021,10
2021-11-01,59,3.8492239556430072,0.9545016192257332,1.7713793381510945,0.0,1.2364608450953407,1.3466777135097865,0.7002540142742348,0.20167647286291354,0.30678834511073133,0.3146668354848164,0.2706041139604496,0.0,0.3629312434408813,0.0,0.09161704076958314,0.0,1.4938609281588215,0.4878225220079435,0.6720678387083067,0.15565343311220503,0.0,0.0,0.09161704076958314,0.291129699618837,0.4960890192731484,0.0,0.07566585956416465,0.0,0.06620762711864407,0.0,0.16133011938428835,0.0,1.543841591648162,0.0,0.0,0.0,0.0,0.0,0.0,0.15565343311220503,0.21606917834311684,0.5060785864153547,0.13641551025367318,0.2222441369709911,0.29430411198299505,0.21996600386430892,0.4069134085520852,0.2803837009327253,0.14511048817767214,0.6360526788864588,0.06420133538777607,0.0,0.0,0.0,0.0,0.0,0.0,0.09161704076958314,0.11005943209333041,0.10659844366272253,0.0,0.07212405337179949,0.06185822095756526,0.06620762711864407,0.13513657023915723,0.5317191750248694,1.3119046948961954,12.220338983050848,2.29724839992431,2.751670707215228,3.3549559866931973,0.630648194282817,6.983050847457627,0.8402558252199047,2.29724839992431,2.6708265086695073,25.965492182017606,1.9431770538653672,15.853203377923673,17.185033611059843,12.893076166505677,17.802678766490516,18.809855551808326,20.441262062290797,0.003624249265582178,0.0018754469543921016,2021,11
2021-12-01,66,4.736455757806875,1.0695267819720926,1.0152544877987435,0.0,0.9764602325774523,0.21201476119508905,1.233970745506332,0.559959876388944,0.43942303668193466,0.2663606959436535,0.0,0.0,0.714543812843167,0.1044932079414838,0.2625562852984033,0.0,1.3660878526749178,0.957206749464151,0.8280241578374135,0.23718299580368546,0.0,0.0,0.22080410011444493,0.1993620414673046,0.4093082950748398,0.0,0.17871017871017872,0.0613421666053245,0.09589566551591867,0.0,0.13173988089114458,0.0613421666053245,0.7262767747863558,0.0,0.0,0.0,0.0,0.0,0.0,0.23718299580368546,0.5875897982914501,0.08464533604198408,0.0,0.06704210244033253,0.0,0.16233766233766236,0.04967709885742673,0.0,0.0,1.1562706678062544,0.0,0.0,0.07770007770007771,0.0,0.1044932079414838,0.13004102567389023,0.0,0.2625562852984033,0.06286935747516662,0.1676318195672051,0.09018759018759018,0.11873426945197281,0.06286935747516662,0.0,0.5816662747115187,0.7256344835746018,1.441859911028346,11.803030303030303,2.2899040190313094,2.74611923675213,3.317571840848414,0.6489430379263734,6.242424242424242,0.8086112344772717,2.2899040190313094,3.7324253578145954,24.743984382620745,1.9490433198645507,15.242651559917329,17.091802512382802,12.871954448584956,17.72239125148755,18.691913015989556,20.29702557936799,0.003952896204813462,0.001780319832417329,2021,12
2022-01-01,50,4.992100690404764,0.9432676544462918,1.7670930150099595,0.0,0.2816334197532903,0.7817995794055795,1.7378014888043298,0.549425940759498,0.3119477627765604,0.8789205454000464,0.19646819526627218,0.0,0.2354152367879204,0.0,0.3437465009517411,0.0,1.241991702339824,0.8455067843931404,1.065979281122286,0.18407244414353421,0.0,0.0,0.0,0.5753977178246328,0.2631578947368421,0.0,0.0,0.10471204188481677,0.4129348924805487,0.0,0.0,0.0,1.354158122529411,0.0,0.0,0.0,0.0,0.0,0.0,0.18407244414353421,0.0,0.0975609756097561,0.0,0.0,0.14747788506988993,0.5036027400873236,0.0,0.0,0.13071895424836602,1.6700048786348385,0.0,0.06779661016949153,0.0,0.0,0.0,0.11834319526627218,0.0,0.3437465009517411,0.08733624454148471,0.08928571428571429,0.0,0.10638297872340426,0.11627906976744186,0.0,0.903225806451613,0.5710133988473207,2.41603697996886,11.72,2.2219191372866733,2.733890938327354,3.3280118979916926,0.6367932705367962,6.2,0.8147674610026435,2.2219191372866733,2.4810693005241222,24.746092463092463,1.9387612990119996,16.138485462305688,16.835185572195787,12.897551300031369,17.642103110851558,18.65431550254621,20.14550338281185,0.004645827330240304,0.0014634841957924744,2022,1
2022-02-01,56,3.751073297330848,0.6792814117225071,1.1730563498375768,0.0,1.5812620372199928,0.8314627292562962,1.1632959478295721,0.6524951372991582,0.35764335533515107,0.5215237143407235,0.0,0.0,0.28141452130335765,0.16255260793493168,0.21578057974782272,0.0,0.8464613240719542,0.7773900126867461,0.45486913570474236,0.4910814015405694,0.0,0.0,0.0,0.10204081632653061,0.4273650109439066,0.0,0.1498755844520699,0.0,0.22120401945638815,0.0,0.14109950959587766,0.0,0.8107528207853109,0.0,0.0,0.0,0.0,0.0,0.0,0.4910814015405694,0.45822427608229166,0.39836475318865106,0.07171543316121629,0.16187617324726444,0.07471607890017931,0.5078779544393984,0.0,0.07114399544678429,0.1777247004699341,1.067803205278006,0.0,0.09549274255156608,0.0,0.0,0.16255260793493168,0.0,0.20244651645518763,0.21578057974782272,0.07171543316121629,0.35764335533515107,0.0,0.0,0.0,0.0,0.3832483609764705,0.6708070846657007,2.359860052957875,11.982142857142858,2.3315788071517036,2.742361750701933,3.3731355651197816,0.6448218517495902,6.428571428571429,0.8554365590234977,2.3315788071517036,2.83387718126449,25.598053385106958,1.9529379602034524,14.832955407186763,17.151513303249587,13.01398890256726,17.634676383232865,18.91469056001642,20.34929403289559,0.002502928470544266,0.0016246359356973177,2022,2
2022-03-01,70,2.8655079907485117,0.7684513985782621,2.283792273926671,0.0,0.7174459501331784,0.8184196711623684,1.5311847992095924,0.4108022898012859,0.47045727987256336,0.438066207601526,0.0,0.06583278472679394,0.3456767102298782,0.0,0.06583278472679394,0.0,0.6907077963377597,0.8624304515736717,0.3969612555520884,0.0,0.0,0.0,0.08503401360544216,0.0744047619047619,0.5368625509179858,0.0,0.07215007215007216,0.0,0.2952288611692596,0.16126150272491735,0.09157509157509157,0.0,1.7357268184574026,0.0,0.0,0.0,0.0,0.0,0.0,0.0,0.48133443582617536,0.23611151430700303,0.0,0.0,0.15212981744421908,0.6007590542423957,0.0655307994757536,0.0,0.0,1.4714119360894489,0.0,0.05977286312014345,0.0,0.0,0.0,0.0,0.14430014430014432,0.06583278472679394,0.20066936077434763,0.17367689781482884,0.0,0.15444466706738796,0.0,0.14233571499034656,0.5163111122978715,0.16807304256696967,1.4498434724318783,11.8,2.2840777650160575,2.7458115198636555,3.3789549053599632,0.6677042802919777,6.228571428571429,0.792312317626217,2.2840777650160575,3.2129933651657665,25.520527210884353,1.9410955603159574,15.13637909321514,17.24204590190027,12.777699920209484,17.806129005664854,19.0310176404224,20.476310167197283,0.002725392890008062,0.0017603276006295167,2022,3
2022-04-01,62,4.370885078120215,0.9319887026972167,1.6138486337319982,0.0,0.6653124051537637,0.8476532528520883,1.6816836350100748,0.4061940001064212,0.28633042744914705,0.6081081296380149,0.057603686635944694,0.0,0.9049469624591052,0.0,0.06132711885195634,0.0,1.0780700986776002,0.30480594895123725,1.273732151997864,0.08229098090849243,0.0,0.0,0.0,0.2071473750790639,0.20236375725061329,0.0,0.5224775703675394,0.0,0.2677971679885963,0.0,0.0,0.07644091117566122,1.2696105545677407,0.0,0.0,0.0,0.0,0.0,0.0,0.08229098090849243,0.16782911944202267,0.33414189144614054,0.0,0.08105041335710812,0.2621107076663728,0.3720247409629241,0.08718395815170009,0.0,0.1263338460710914,1.5295229533302208,0.0,0.0,0.0,0.15216068167985392,0.0,0.1770779996586448,0.07867820613690008,0.06132711885195634,0.08911067545891999,0.20568526615882446,0.0,0.0,0.08064516129032258,0.0,0.6421981298908325,0.37890605614333883,2.7848376320394923,12.016129032258064,2.3585296172829446,2.7506443530070954,3.3019292002577547,0.5911073228544501,7.161290322580645,0.8934345648204902,2.3585296172829446,4.063035020299077,24.640844504957407,1.9360974907459119,16.338156853470714,16.79249408715531,12.892014637451728,17.552219627712358,18.47016448165587,20.03816961936543,0.003323165778218663,0.0019311860544987548,2022,4
2022-05-01,65,4.619480985730116,1.4792411282613176,1.3543635569139034,0.0,1.0408950551654854,1.6450706796186594,1.5772037222526087,0.5189129963322922,0.36036027337174803,0.4821362459883761,0.0,0.0,0.270504138962782,0.12113870381586918,0.06930006930006931,0.0,1.6974655037798057,0.7148903725464613,1.169661807872853,0.09438414346389806,0.0,0.0,0.0,0.8100950782592377,0.6042320610374582,0.0,0.06491398896462187,0.0,0.16928084445439054,0.196658687224725,0.21048554190370336,0.0,0.7779384833310847,0.0,0.0,0.0,0.0,0.0,0.0,0.09438414346389806,0.4241688660448606,0.2282503285696668,0.0,0.2940917170870598,0.2002645055603426,1.0645089644928145,0.0,0.18761726078799248,0.19267994877750974,1.50463478175914,0.0,0.0,0.07256894049346879,0.0,0.12113870381586918,0.055741360089186176,0.0,0.06930006930006931,0.2727328631271675,0.11589082389911855,0.0,0.0,0.0,0.2444694494726294,0.5983250433483065,0.8256700022887502,1.767944427693399,11.723076923076922,2.1782784034589233,2.787530986002176,3.3917126670997173,0.6686240765843926,6.6461538461538465,0.8416524034910411,2.1782784034589233,3.5134817918880055,25.41070809532348,1.9326422498987939,17.097523631819957,16.649728736328868,12.891875272677723,17.43712120643896,18.523603895476256,19.79498051596799,0.0032987871231246503,0.0012063289943148997,2022,5
2022-06-01,75,4.327763202569186,1.001513642310912,1.2900573461186085,0.0,0.7336646937038579,0.9179415737007154,1.9145663274926255,0.4545873427870285,0.3480871865836473,0.36648525536441023,0.12241796200345424,0.0,0.24150297215312697,0.132066001631219,0.05509641873278238,0.0,0.7594206758143299,0.8774665119558339,1.4205451341025752,0.3527622708114547,0.0,0.0,0.0,0.11838581465548287,0.8333765838743344,0.0,0.04975124378109453,0.0,0.28800887747308385,0.0461361014994233,0.052700922266139656,0.0690846286701209,0.8341268162098409,0.0,0.0,0.0,0.0,0.0,0.0,0.3527622708114547,0.22760166596991582,0.15330075692248732,0.0,0.0,0.0,0.8602215159806577,0.0,0.0,0.05772005772005772,1.8563421644649691,0.0,0.0,0.05822416302765647,0.0,0.132066001631219,0.15257607832107098,0.055325034578146616,0.05509641873278238,0.05952380952380953,0.23490627658998828,0.0,0.113180909993659,0.0,0.0,0.1865033805332313,0.8597755242864968,1.515247777691673,11.826666666666666,2.225851387022285,2.7636600698529272,3.3572116363276114,0.6529774094454822,6.586666666666667,0.7634772248364392,2.225851387022285,2.8341045817850596,25.33352022052022,1.9613555700641487,13.532748177029642,17.35991138152591,12.882688039712592,17.848960405826887,19.060912297956683,20.563613234751372,0.004386028840838751,0.0025811184761525214,2022,6
2022-07-01,55,5.699921153962045,0.4876198632049081,2.0064855083085518,0.0,0.9105736769160426,0.9418028630474042,1.8649585449751356,0.4476160277964401,0.6060970897480756,1.0111025685098043,0.11730205278592375,0.0,0.9755223261810233,0.11019283746556474,0.15901760921681243,0.0,1.4207177223167626,0.9356139417399061,0.8641256736303512,0.10632642211589578,0.0,0.0,0.0,0.10758472296933835,0.3800351402355697,0.0,0.0,0.0,0.09276437847866419,0.0,0.11019283746556474,0.0,1.803528292364323,0.0,0.0,0.0,0.0,0.0,0.0,0.10632642211589578,0.0,0.15330641595419528,0.0,0.6509408388459517,0.1463615749330035,0.7215314581070097,0.0,0.07390983000739099,0.0,1.6328408207604672,0.0,0.0,0.2321177242146684,0.0,0.11019283746556474,0.0,0.09935419771485345,0.15901760921681243,0.07905138339920949,0.3869674699577668,0.11154489682097045,0.10758472296933835,0.0,0.0,0.7254714953227057,1.4663677760348737,2.186531851799723,11.527272727272727,2.092198448316587,2.7670174862548715,3.3294625163088334,0.6176177180905827,6.6,0.802369171143532,2.092198448316587,2.8355980104070375,25.217864256955163,1.9378074652851403,17.953881352828596,16.50887314704492,12.990954664869891,17.02406112219907,18.4759519803978,19.550329477604034,0.0027163720044788343,0.0019955207369496725,2022,7
2022-08-01,53,2.987283824695023,0.8480575960841334,1.3396809510985683,0.0,1.15937580687937,1.3958494860070447,1.977358463909418,0.12578616352201258,0.36152810267305446,0.27363239067394335,0.0,0.0,0.4409490668719545,0.0,0.0,0.0,1.304554137880564,0.42281421997549906,0.5453340092930621,0.0,0.0,0.0,0.1179245283018868,0.5034489121302774,0.22668415565196923,0.0,0.0,0.0,0.20831041918722273,0.0,0.1129815840018077,0.0,1.018388947909538,0.0,0.0,0.0,0.0,0.0,0.0,0.0,0.26924036499084936,0.5796810714611045,0.19252984212552945,0.1179245283018868,0.2730652009231365,0.8496222868545242,0.19252984212552945,0.0,0.08063215610385423,1.7519600035748653,0.0,0.12172854534388314,0.10366991499066971,0.0,0.0,0.12578616352201258,0.0,0.0,0.0,0.2819166067730465,0.0,0.0,0.07961149590000796,0.0,0.971190364089611,1.1856581854740051,1.6117948995944298,11.830188679245284,2.27544679643582,2.7499074583448317,3.333696254468534,0.6310858493781549,5.830188679245283,0.7832643471795004,2.27544679643582,2.8663820489576666,25.20545549838003,1.9471081445131568,16.356444368131598,16.84429462489901,12.899506078858531,17.386390337228985,18.62549508465147,19.92657614618449,0.002734809234323952,0.0020977921353847505,2022,8
2022-09-01,62,5.117773560771055,1.1321633148884864,1.5801792919690987,0.0,1.5921675273429667,1.0019766170437265,1.624082134190152,0.6991388775117618,0.7783315063098614,1.355703616076589,0.0,0.0,0.36565016111821025,0.062758880381574,0.3327696430323051,0.0,0.909137130712544,0.9049719266018557,0.9530925105314323,0.23368969231654554,0.0,0.0,0.0,0.125517760763148,0.6963967403693863,0.0,0.31024881375595226,0.0,0.0,0.0,0.07644091117566122,0.0,1.5037383807934375,0.0,0.0,0.0,0.0,0.0,0.0,0.23368969231654554,0.3199709280379784,0.6445637067215523,0.0,0.3939432002668905,0.17606886915086106,0.6524324059748219,0.0,0.0,0.17347534191804356,1.5417911532816593,0.08229098090849243,0.0,0.0,0.0,0.062758880381574,0.0,0.07572315614114797,0.3327696430323051,0.22788719795673484,0.7221327876406469,0.0,0.05619871866921434,0.0,0.0,1.0832420591911875,1.1757244389856316,2.104612062481737,11.580645161290322,2.1723532493373994,2.7661874319334263,3.429525397197014,0.7049074194875367,6.290322580645161,0.8549316225592868,2.1723532493373994,3.2106251350551163,25.06056824000372,1.9475858418009273,14.82288205509824,17.109569632307515,12.984515770672648,17.645077676644483,18.838854580947253,20.166633269611697,0.004843510695849005,0.0019327116923220468,2022,9
2022-10-01,81,4.494790404841654,0.8079989819960092,2.0363433006989613,0.0,1.0284459407654838,0.7977827411414472,1.321294164203072,0.3927500171251045,0.38427223122788595,0.5433958875957042,0.0,0.06935774726036897,0.6604025269516682,0.0,0.1574310307311267,0.0,1.289515717287991,0.7781634450073264,0.8160593966802594,0.18046465332720918,0.0,0.0,0.14603898336189491,0.3288111559842954,0.15639525801511422,0.0,0.1767535846347046,0.0,0.10807941511251201,0.0,0.20802132145234656,0.0,1.7202425641341028,0.0,0.0,0.0,0.0,0.0,0.0,0.18046465332720918,0.4263655896074322,0.18720786288832708,0.0,0.23440783494251544,0.10723765969418263,0.46262714780166114,0.046763935652824544,0.049185972160739756,0.1319680258320391,1.321294164203072,0.0,0.0,0.0,0.0,0.0,0.0,0.23531898639397777,0.1574310307311267,0.0,0.26302175681464274,0.07668123610152595,0.04456923831171725,0.0,0.0,0.18895114698570675,0.6878815668573418,1.4144982967868305,11.666666666666666,2.2750877111105035,2.7411093378033553,3.447033734482894,0.69257893056126,7.469135802469136,0.9055661380336085,2.2750877111105035,5.677511747928287,25.413199900236936,1.9704774040049733,13.067379434760296,17.40874843763297,13.179765197732351,17.885822315861713,19.143581847152024,20.58739718873776,0.004213468663770533,0.0020880861492666106,2022,10
2022-11-01,63,3.988987803635174,0.6802251443787968,1.4322520763974296,0.0,0.7068155017633864,0.8272163388810782,1.4061853972740737,0.4035707027154523,0.41670525936572783,0.5491746377700212,0.11419435879867536,0.0,0.3310241658327489,0.0,0.05772005772005772,0.0,0.9984079796608947,0.8485916262054745,1.0898749776473013,0.0,0.0,0.0,0.0,0.16794933461600126,0.4512257487127344,0.0,0.0,0.06105006105006105,0.22530867485748537,0.09228497600590624,0.15285126396237508,0.0,0.9618071615716629,0.0,0.0,0.0,0.0,0.0,0.0,0.0,0.20636059638212356,0.23370169368566945,0.13557126233182573,0.13118194936376756,0.1591529711346769,0.5874896831118029,0.0,0.0,0.08057368463459832,1.3484653395540158,0.0,0.05772005772005772,0.0,0.0,0.0,0.0,0.19139866930859584,0.05772005772005772,0.15445197568679872,0.18999518999519002,0.0,0.08443093549476528,0.07558578987150417,0.06669334400426838,0.738172284710492,0.200642845042377,1.5302120062410902,12.174603174603174,2.328385995704104,2.7667484519012864,3.336372877701368,0.6401391825400783,6.523809523809524,0.7699267970109107,2.328385995704104,2.7573361067495714,24.78777580444247,1.9397262523082148,16.084293554423258,16.83560470718998,12.894300420970252,17.3856536516883,18.48824060966117,19.849460288676827,0.0035645653872761794,0.0017393532400015233,2022,11
2022-12-01,66,3.915530418923855,0.6809386329316814,1.2063325495531882,0.0,1.744765298402876,0.930973142933072,1.588403699695193,0.2852855444785986,0.4020509728225261,0.5683261867144518,0.1396719960866095,0.0,0.4143507162197474,0.0,0.115022306033542,0.0,1.0547918464514012,0.5189820394243344,0.8817915225122622,0.222593805481506,0.0,0.06674676278200509,0.06036460219727152,0.13175230566534912,0.31685610706820055,0.0,0.10521885521885521,0.0,0.0,0.0,0.14954192754438297,0.08417508417508417,0.9726155378337212,0.0,0.0,0.0,0.0,0.0,0.0,0.222593805481506,0.3959458716941986,0.4588344217210443,0.12907653094568985,0.5383146685604371,0.08608815426997245,0.5667271605732418,0.0,0.05827505827505828,0.2198827698147995,1.3603103469951694,0.0,0.0,0.16981829442496527,0.05827505827505828,0.0,0.0,0.0,0.115022306033542,0.1702632384450566,0.2606662043680326,0.0,0.0,0.06674676278200509,0.07463800567248843,0.304619622801441,0.34658472351579706,1.9878964256857576,11.454545454545455,2.2133769674200865,2.745385943469116,3.4143880830833573,0.6965657501225834,6.833333333333333,0.9136864164757396,2.2133769674200865,4.703110104950482,25.36947286720014,1.9160815855612139,17.85196298080261,16.71734095345554,12.830208257638414,17.470292684022372,18.606678916988855,19.97106807056667,0.00411431795431403,0.0023255269488061422,2022,12
2023-01-01,62,4.06868022364415,1.1565303898549053,1.0197324798703178,0.0,1.454468403715739,1.0184366308325794,1.9924576448922873,0.5204862827053487,0.6499509069734288,0.41904692860846177,0.16430657861315723,0.0,0.7978663684468617,0.0663746183459445,0.1277728184459464,0.0,1.057815834456911,0.4966592655950465,0.7982706735752125,0.14056713755660818,0.0,0.0,0.0,0.1823586631078827,0.7848727747451861,0.0,0.18929895200183644,0.0,0.14067253014888806,0.0,0.0,0.0,0.8790599497214296,0.0,0.0,0.0,0.0,0.0,0.0,0.14056713755660818,0.4406155542967836,0.4251182079861062,0.08105041335710812,0.36711709051913277,0.2996544148051264,0.5322196792945837,0.0,0.0,0.1865625367328694,1.8849307631718573,0.0,0.0,0.0,0.10752688172043011,0.0663746183459445,0.13968803205586086,0.0,0.1277728184459464,0.1866508138575969,0.3099709966197044,0.0,0.21926713185693467,0.0,0.12071277849678973,1.0348357656944167,0.9401522642850105,1.8712502163924316,11.564516129032258,2.2720202491543318,2.754044103151778,3.3080062911049706,0.6205120915678601,6.290322580645161,0.7745627017815286,2.2720202491543318,2.5127775496883507,24.037898839511744,1.9435337388496685,19.225762312838075,16.062099733846836,12.740607941844916,16.960590124872233,17.592270087319758,19.22246662265305,0.0042681149380560625,0.001587463618034913,2023,1
2023-02-01,57,5.1303692690321006,0.6493383670269264,1.3083023979886383,0.0,0.9879730089308181,1.1772171525183308,1.5904779592937957,0.35932446999640677,0.14342382763435396,1.3108618746505336,0.0,0.0,0.8550679880738585,0.141838606577529,0.1449905756125852,0.0,0.7760076839412933,0.7084748514718631,1.0044521710815508,0.18867551762288604,0.0,0.0,0.09233610341643582,0.0,0.5570022636104905,0.0,0.0,0.0,0.0,0.0,0.0,0.22784233310549104,1.0804600648831473,0.0,0.0,0.0,0.0,0.0,0.0,0.18867551762288604,0.09746588693957114,0.4859685200842239,0.13151760520181574,0.0843454790823212,0.16095284081764044,1.0162643117006904,0.0,0.0,0.0,1.3626356261883048,0.0,0.22784233310549104,0.0,0.0,0.141838606577529,0.0724952878062926,0.0,0.1449905756125852,0.0,0.14342382763435396,0.0,0.0,0.0,0.0,0.803848970715532,0.8417540009935657,2.430572430063904,11.578947368421053,2.1602848698011115,2.7702105586923618,3.4253907168676787,0.6817597245850313,6.543859649122807,0.7847325908308935,2.1602848698011115,3.272892705683486,25.414012564089965,1.908714722192584,19.952702882049987,16.33402030309418,12.760430211131842,17.234121912609087,18.088626376194206,19.666516041422604,0.004080045112376833,0.0017013396180500778,2023,2
2023-03-01,67,4.156980173834906,0.8119442155877099,1.6481008483784123,0.0,0.9852310951831974,1.0628030274996032,1.5711681256292263,0.5036378935357363,0.4295680866917966,0.6481728334759402,0.08728288382648161,0.0,0.5665443962460108,0.0,0.3631018866385628,0.0,0.7051193026810882,1.3287272180913732,0.458031652875449,0.0,0.0,0.0,0.0,0.3238720501490335,0.48807216543867654,0.0,0.0,0.0,0.1629799749308759,0.0,0.1768952276636902,0.09629272989889263,1.2119329158849534,0.0,0.0,0.0,0.0,0.0,0.0,0.0,0.2173076331082114,0.59022666928862,0.0,0.17769679278636594,0.18520251407539107,0.665265651807317,0.06324310650139135,0.0,0.14909175511550377,1.507925019127835,0.0,0.0,0.06324310650139135,0.0,0.0,0.0,0.05807538184563563,0.3631018866385628,0.0824606250515379,0.18553608371164507,0.0,0.0,0.1279487728820015,0.11608323009815005,0.5346478579412322,1.6971974701096495,2.9110141828678313,11.895522388059701,2.2498291711452643,2.7675263208953447,3.4600606852571127,0.7155886710945664,7.059701492537314,0.9092307196450874,2.2498291711452643,3.098382407168789,26.73740295773878,1.9632902025517043,13.496809418745942,17.396103218559904,13.142330637825282,17.993668119698402,19.266749993698337,20.772299921537897,0.004575827192125126,0.0014744243409062284,2023,3
2023-04-01,52,5.8236074245497775,1.2287854246989318,1.0578379352483147,0.0,1.0999381264991446,0.43823501833002076,0.5942430503591475,0.62288148789804,0.2536255179670176,0.5673597762713363,0.09811616954474098,0.0,0.36590341550944455,0.1137915339098771,0.30769565640565805,0.0,0.9199365287858553,1.0366543967263138,2.1268287368910412,0.2873212105055104,0.0,0.0,0.0,0.8268936246553603,0.28094356588779,0.0,0.12094823415578133,0.0,0.3247221821330639,0.0,0.06724045185583648,0.0,0.6658753012594143,0.0,0.0,0.0,0.0,0.0,0.0,0.2873212105055104,0.4375410360065964,0.18082568573684346,0.0,0.19425019425019427,0.0,0.2795027858885492,0.0,0.08361204013377926,0.0751201923076923,0.4971179532340504,0.0,0.0,0.09712509712509713,0.0,0.1137915339098771,0.13171759747102213,0.0,0.30769565640565805,0.06967670011148272,0.17545165930535406,0.0,0.07817385866166354,0.0,0.0,0.10339123242349049,0.31053252156115363,0.8490679497177249,11.48076923076923,2.1276740979760786,2.7349006168198446,3.281983499529318,0.585075541335313,6.788461538461538,0.8148731309908809,2.1276740979760786,3.0575119602312344,24.311676037637575,1.973290971030523,14.157005628396515,17.058955310974167,12.973129390142894,17.68618290284343,18.65457889076898,20.276640771043603,0.0052284924672610054,0.0010001767223088887,2023,4
2023-05-01,76,5.194977525669024,1.1737707791932248,1.70804613519168,0.0,1.2934758714076298,0.4446209850731076,1.7793751641828335,0.7596223093512368,0.5267917012576169,0.5676351182652756,0.0,0.0,0.5690933084809512,0.19702709742630237,0.23210509429559772,0.0,1.4711766031464415,0.7657973742096131,1.185000708810021,0.20714222103482055,0.11150758251561106,0.0,0.0,0.4488173513008364,0.4598293500640727,0.0,0.06817562039814562,0.08544087491455914,0.2772624552354382,0.0,0.2929712956579473,0.0,1.1378123842982946,0.0,0.0,0.0,0.0,0.0,0.0,0.20714222103482055,0.18164506583919934,0.49044997167812737,0.1358157358099057,0.27842287704557683,0.0,0.36027550599078645,0.0,0.0,0.08434547908232118,1.7793751641828335,0.0,0.0,0.0,0.0,0.19702709742630237,0.06063545961678389,0.13287759998286316,0.23210509429559772,0.1369770580296896,0.30150247596948404,0.0,0.16351507159403836,0.06177415369409439,0.0,0.9158011134150638,0.45073424051521155,0.9514126263645659,11.947368421052632,2.233466184823093,2.75295748629971,3.403975850483392,0.6642722982930899,6.0,0.8495977968487669,2.233466184823093,3.063408840245357,25.423281433478802,1.966831060884725,12.987460326671794,17.525291637159658,13.074090587282262,18.058710062060594,19.182028670440584,20.782085958083847,0.0033987445253317616,0.0020981675106765646,2023,5
2023-06-01,82,5.196709663936987,1.1788978976042803,1.5792588352351045,0.0,1.255001214026143,0.8818616160729716,1.8421399380325436,0.8780297993331669,0.4124455599991864,0.7065911106938657,0.19529127834444868,0.07867820613690008,0.452536368754028,0.05645889792231256,0.2660732174454603,0.0,1.5997836190361336,0.593319326144926,0.9600765677465934,0.2879010717123183,0.07216048491845865,0.056986551173922956,0.07867820613690008,0.3450918932222427,0.38187547126845334,0.0,0.24410529088430258,0.0,0.24595321716629437,0.0,0.41911213337993924,0.04878048780487805,0.8654129968839928,0.0,0.0,0.0,0.0,0.0,0.0,0.2879010717123183,0.33713257077065556,0.5347393190185132,0.095228252524656,0.0,0.17996306645479831,0.49666074852273323,0.07131650263871059,0.0,0.13392129845672962,1.7929660591969812,0.0,0.0,0.0,0.04917387883556255,0.05645889792231256,0.0983477576711251,0.4054756807382542,0.2660732174454603,0.05167424555601489,0.3108195437390238,0.0,0.058072009291521495,0.0,0.04355400696864111,1.0978041215953271,0.49570102667384014,2.3706196483912105,11.621951219512194,2.1712970343051445,2.738033541285189,3.3822960516986718,0.6432505928760253,5.780487804878049,0.8169545086237631,2.1712970343051445,3.167445382009923,25.407378664695738,1.9801124935141035,11.903079767258726,17.65336938857628,13.140505782357344,18.01377338822626,19.396506870759804,20.88889984279849,0.004650072735782349,0.0024747701912548434,2023,6
2023-07-01,48,4.999455267788355,1.2657954280235966,1.7034643745032938,0.0,1.1804869260889352,0.9514240911311759,1.6801668008469406,0.5995798261943366,0.6182412840563543,0.35329477858670105,0.0,0.0,0.6970106006913772,0.17576599253537017,0.09218289085545722,0.0,1.6444520022972025,0.5682941113204375,1.3737579218048406,0.09469696969696968,0.0,0.0,0.1590330788804071,0.6002158503919167,0.4143636078958155,0.0,0.09218289085545722,0.0,0.5392203464176138,0.0,0.452001148319606,0.0,0.712242879766074,0.0,0.0,0.0,0.0,0.0,0.0,0.09469696969696968,0.9287233664092195,0.0,0.0,0.1570665899827461,0.2537300485773768,0.23561160283195606,0.0,0.09342301943198804,0.36865942028985504,1.5879839099914832,0.09218289085545722,0.0,0.0,0.0,0.17576599253537017,0.09218289085545722,0.0,0.09218289085545722,0.23944805194805197,0.5355693263843966,0.08267195767195766,0.0,0.0,0.0,0.0,0.581172416205738,1.4812999734476435,11.25,2.096054958814371,2.7486455467185866,3.2892110213165537,0.6483354813981751,6.645833333333333,0.7933750040480265,2.096054958814371,2.865261939659753,23.167818003755503,1.9539401830173382,17.08625763261563,16.379060412815182,12.888065349489247,17.271478805479074,17.69441956400183,19.870789499957286,0.0031675284563513185,0.0028796747896773747,2023,7
2023-08-01,65,5.277406526731562,2.057367357037072,1.528937023691269,0.0,1.8393884625595276,0.41982217438447617,1.5371132757673096,0.7133373926366517,0.34599820308583984,1.0262894854243405,0.0,0.0,0.5910992893697276,0.07326007326007328,0.15327968544342813,0.0,1.198771517660917,0.7553756691286485,0.9774788182040716,0.5018519882403558,0.11312217194570136,0.07541478129713425,0.059862316671655195,0.23275655839236392,0.6810977123332114,0.0,0.5006364988427654,0.3944773175542406,0.41986759528625495,0.07889546351084813,0.3660862116862048,0.0,0.6640877532079611,0.0,0.0,0.0,0.0,0.0,0.0,0.5018519882403558,0.3621147800190686,0.45234382485568614,0.15703479939104065,0.3660430700533765,0.0,0.32056659125792525,0.0,0.0,0.09925558312655086,1.4699315491969367,0.0,0.06718172657037286,0.0,0.0,0.07326007326007328,0.15768545180309887,0.195989792198323,0.15327968544342813,0.13312238993172848,0.06153846153846154,0.0,0.0,0.2115468724259784,0.07291286912139992,1.2336527162637267,0.47542264250033767,1.4359468064910663,11.815384615384616,2.2502677815662353,2.723239758596208,3.3993756409514666,0.6534036091425707,5.923076923076923,0.7390445138323688,2.2502677815662353,2.5051383258335003,25.091270716463026,1.9797337867616207,12.26747539687969,17.437907450582205,13.272514254990897,18.043268964135155,19.159781602090636,20.76700957982442,0.004419336973357623,0.0030098625846977423,2023,8
2023-09-01,79,6.001991642933673,1.536430530461883,2.0614445627523055,0.0,2.0485213250218752,0.45173201753588,1.6470284083481164,0.7193838630031285,0.37594612045903864,1.1119747879226116,0.05124788602470148,0.0,0.43769026104091147,0.13833517531653028,0.3390180615465448,0.0,1.6636347524170498,0.7163052383341335,0.8444131410323926,0.6993723392987967,0.0,0.06993496048674733,0.0,0.5953150280293297,0.527946687252083,0.0,0.27517886626307103,0.06805498843065197,0.2028001955543004,0.06993496048674733,0.3223961925915242,0.12520863039992608,1.3411045837198072,0.0,0.0,0.0,0.0,0.0,0.0,0.6993723392987967,0.31254256384932855,0.5805322649250455,0.11905248684789904,0.3370216701008055,0.0,0.29150128528143354,0.1602307322544464,0.0,0.0,1.47662732320945,0.0,0.0,0.10447281509647256,0.06592827004219409,0.13833517531653028,0.07032348804500703,0.17170713809504634,0.3390180615465448,0.0,0.1641509756256045,0.15860931353889102,0.0,0.0,0.053185831294543136,0.3404627283829559,0.8772944503278358,1.377082675945923,11.582278481012658,2.231288178334458,2.751681754236185,3.419180803068133,0.6995939479969192,6.2784810126582276,0.7579715408260898,2.231288178334458,2.4884379611594034,24.27206836763799,1.9631572903754755,15.040238908160351,16.934695627070628,13.08716880369697,17.602555127266996,18.72299757910248,20.225791995728386,0.0028801942297338318,0.0021026864425495303,2023,9
2023-10-01,89,5.264220054733823,1.8365302341592145,1.2077065005523833,0.0,1.3676534145222525,0.9453767084695485,1.5375137915860475,0.7992109972500474,0.7047804678935243,0.7435554414333431,0.07591861524445795,0.124743345596409,0.6953204885646974,0.24677661822407362,0.3128228606156078,0.124743345596409,0.8599620720813087,0.8775511485133607,1.0192522242632613,0.18357389460089343,0.13018486250475675,0.14201246851610366,0.05480953685941354,0.47491695960572905,0.8643018898936028,0.0,0.17030451677960876,0.0,0.45839075127275714,0.05674724775848372,0.042885324641907537,0.14687522949254608,0.5028079473866889,0.0,0.0,0.0,0.0,0.0,0.0,0.18357389460089343,0.182406375815801,0.28323050043619696,0.2170070461353166,0.5014355975340444,0.17104078001135842,0.6668148274421157,0.05376055050803721,0.0,0.05376055050803721,1.4234402425205241,0.0,0.0,0.11407354906552337,0.0,0.24677661822407362,0.05590027391134216,0.06384065372829417,0.3128228606156078,0.11987059077072965,0.40898150806260924,0.17009128514977132,0.0,0.0,0.12570767468114372,1.7986984599288225,0.7179576975486099,2.207877604157374,11.224719101123595,2.1162307989053586,2.7401774001983537,3.4521341093450353,0.683480557548418,6.49438202247191,0.7879167159063694,2.1162307989053586,2.65066849145923,25.003856349642867,1.9516343935415315,15.066422609579597,17.017685037501142,13.071992405134168,17.625989642947484,18.815942772870898,20.175264450564605,0.003757995495436993,0.0014369464215232943,2023,10
2023-11-01,97,6.0048456353295965,1.789685718155401,1.9337015817714391,0.0,0.8082120702552429,0.4642797636507198,1.5691833521965062,0.7954805125616944,0.39917066942438867,0.8731535792874703,0.1392005669259453,0.06608511763150937,0.5392328114387231,0.3208517633498199,0.33234442834424816,0.0,1.2821574736115298,1.3644508561248327,0.9009021947909057,0.18646684382461204,0.0,0.06286145335680161,0.14869661007666785,0.507016147823577,0.8799608659425581,0.0,0.12751312027360223,0.06363752068219422,0.32009420975842096,0.0,0.2671245442178306,0.10654483619796884,1.2399379915972186,0.0,0.0,0.0,0.0,0.0,0.0,0.18646684382461204,0.3623196805886723,0.1752681715520363,0.0,0.08415737428992216,0.08790943588422458,0.26549035874465277,0.04349906477010744,0.0,0.06738090425173505,1.5691833521965062,0.0,0.0,0.0,0.0,0.3208517633498199,0.04750819516366573,0.0,0.33234442834424816,0.09477612570396075,0.2547993947403665,0.06324710644488014,0.03762510346903454,0.04349906477010744,0.0,0.4841065387231433,0.6138222949226532,2.4041006113181442,11.845360824742269,2.327147901814785,2.7244541733115986,3.2881485920571074,0.611462004989358,6.742268041237113,0.8459180668179075,2.327147901814785,3.876089218805375,24.55660007232172,1.9634588499437466,14.914343271911012,16.957763730849198,13.103633884265404,17.626067790004655,18.838263692874097,20.31160792575582,0.003290905217726941,0.0024809880012228603,2023,11
2023-12-01,65,4.965695930480983,1.3284784811789456,1.5648719857313176,0.0,1.3429546874134615,0.8800428924648899,1.9607005383628742,0.34271061116431883,0.32344062890416664,0.6895814267913059,0.0666000666000666,0.1535187975865942,0.35273026043398886,0.13705738705738704,0.06491398896462187,0.0,1.1530820453077013,0.7546884501442975,1.3759664627615358,0.2175570448334842,0.08499787505312367,0.14125025917478748,0.0,0.41428669257535344,0.243536817723316,0.0,0.4444068366523651,0.0,0.27589892802314214,0.15709780415662766,0.15381621395049438,0.0,0.9780590396010532,0.0,0.0,0.0,0.0,0.0,0.0,0.2175570448334842,0.6488067513409909,0.35007309046387436,0.05360493165371214,0.07291286912139992,0.07849293563579278,0.3814607252151753,0.0869187309865276,0.07256894049346879,0.2606015601339254,1.6858365134988493,0.0,0.0,0.09615384615384616,0.17871017871017872,0.13705738705738704,0.055741360089186176,0.0,0.06491398896462187,0.08499787505312367,0.23294289134760554,0.0,0.0,0.0,0.09049773755656108,0.6166891516668236,1.0111587285633132,1.6929300906987814,11.476923076923077,2.170850613342283,2.7637676248631173,3.395746174479319,0.6625312062617776,6.553846153846154,0.7707029809574317,2.170850613342283,3.580881783475847,24.20414794607102,1.9487301659683487,16.74470106973588,16.67480009080106,12.93878173995414,17.519321146955072,18.375519356575005,20.01549166570371,0.0035344705342524453,0.001807580964967334,2023,12
2024-01-01,62,7.41772915297567,1.9773322938822862,2.4892807548838727,0.0,1.2473746355610213,0.8987668812354945,1.3770157746628167,0.5099439885387866,0.12254901960784313,0.8556332952186715,0.3884255883051871,0.2238205528890873,0.6544992709512985,0.16676871515581196,0.2279679001110853,0.0,1.7102432037119946,1.7559013163397252,1.3707181946482843,0.06375111564452378,0.1366867140513942,0.0,0.163218904159646,0.8108109399803184,0.402851151218429,0.0,0.4637645844724985,0.0,0.6274364342000356,0.1104728236853734,0.13983145648445075,0.21276705489132117,1.3987729856226918,0.0,0.0,0.0,0.0,0.0,0.0,0.06375111564452378,0.5139401984513587,0.31584676236274806,0.062034739454094295,0.29180181964829643,0.07105300554213444,0.5153451593609487,0.0,0.0,0.31236871633241137,1.3770157746628167,0.0,0.0,0.0,0.0,0.16676871515581196,0.0,0.11520737327188939,0.2279679001110853,0.0,0.12254901960784313,0.0,0.0,0.0,0.0,0.5345172382365035,0.9425820033474838,1.8882938144055128,11.806451612903226,2.314426200798699,2.739059552525604,3.3539213643298553,0.6849852809093447,6.596774193548387,0.8346685100499369,2.314426200798699,4.25391123073341,25.00831355024903,1.9894164997222605,11.569633924488752,17.53708090870051,13.207787655239398,18.056077432605807,19.192871497698448,20.85103984730004,0.0035910977982473967,0.0019021989644150917,2024,1
2024-02-01,85,6.794026117697011,1.6831577440151066,2.3850213951562305,0.0,1.0277538077217514,1.1655646587841335,1.7071856010032715,0.3948665194897544,0.5451280087349145,0.7371574384048164,0.39388655380276855,0.04357298474945534,0.7872697149931182,0.05497526113249038,0.18980318916379618,0.0,1.974391263089048,1.0235394121012993,1.463153791355892,0.12627650890432637,0.0,0.07130124777183601,0.10355625139789756,0.6060207435652266,0.6623525074312211,0.05497526113249038,0.184951732716435,0.0,0.7519277571607955,0.0,0.2898179526190231,0.05911912503694946,1.2841565603394622,0.0,0.0,0.0,0.0,0.0,0.0,0.12627650890432637,0.4034068742538311,0.17883133518675037,0.13320664904375312,0.18603244033309052,0.11152504567781125,0.5564524529609246,0.13611351324101398,0.07639419404125287,0.28507945286313074,1.5870564408566175,0.0,0.0,0.12012916014665415,0.0,0.05497526113249038,0.07791195948578107,0.0,0.18980318916379618,0.07217610970768676,0.1234071353230311,0.0,0.4217208734118834,0.0,0.0,0.4800641439564307,0.6527629120009193,1.1007610817320526,11.376470588235295,2.1671565494582032,2.753775717874456,3.3931939613535507,0.6886716723978688,6.470588235294118,0.8369324554478913,2.1671565494582032,3.0918440004096532,23.793731007554538,1.9740307752260937,14.451188306193803,16.87216168553628,13.112387953964184,17.518118895972783,18.64898362450122,20.16537251915779,0.0045630166440591875,0.002009008572506782,2024,2
2024-03-01,65,7.011737730390409,1.686962144779672,2.5310779098571965,0.0,1.2834640005952336,0.8466962990822914,1.5606516762084846,0.3451179812290924,0.34817424723470936,0.8979905387133204,0.0,0.0,0.9057645518863194,0.0,0.26195789806900915,0.05963029218843172,2.2539336255951716,0.7811703475630736,1.5950482491641573,0.2562422272109247,0.05963029218843172,0.08406893652795291,0.23255384707672466,0.5561656134757151,0.3623572797880865,0.0,0.3921861757227611,0.0,0.20432766571467734,0.2929253659060731,0.17115751381485647,0.3039840683048539,1.5586832961167356,0.0,0.0,0.0,0.0,0.0,0.0,0.2562422272109247,0.5782042689923658,0.253032079138225,0.05940005940005941,0.13658536585365855,0.0869187309865276,0.6159930961725092,0.0578368999421631,0.0,0.08594757198109153,1.3764940244846677,0.07504690431519699,0.10911074740861974,0.0,0.0,0.0,0.0,0.0,0.26195789806900915,0.08316008316008316,0.26546126129591696,0.0,0.0827129859387924,0.0,0.0,0.33845389433197853,0.22156705083534356,1.7696734185964023,11.261538461538462,2.186857361469446,2.753403017892638,3.369555445919019,0.6797604066606379,6.7384615384615385,0.7532162176086639,2.186857361469446,3.756590106683958,24.925951527105372,1.9804454040277462,11.607670102227278,17.526829723002436,13.330640373614703,18.025558856548198,19.527718458889865,20.847899439930593,0.0030314208024098113,0.002463830214053359,2024,3
2024-04-01,61,5.45658228282379,1.596526217958462,1.703141438057075,0.0,1.0429069684334578,1.0659463976277388,1.1784700033835813,0.7857737580898002,0.46110937567963484,0.7331065521898961,0.10856584518510477,0.0,0.505142530965206,0.18949536128965727,0.49317498407718174,0.07485590238790328,0.6708421750773169,1.432448595904817,1.0962711510323966,0.15267918471431008,0.0,0.25479797543574767,0.13776002204160354,0.597673896758842,0.5324499875828507,0.0,0.07384433613941811,0.0,0.7424903016227437,0.07485590238790328,0.16395069925176642,0.1841455198742421,0.5376990149204198,0.0,0.0,0.0,0.0,0.0,0.0,0.15267918471431008,0.4972385829423658,0.3145516762650555,0.0,0.0784375245117264,0.2738729204467188,0.28195882772210806,0.06209637357178341,0.0,0.4480182758871284,1.0088247467321436,0.10245901639344263,0.06718624025799518,0.0,0.0,0.18949536128965727,0.0,0.10310341272296114,0.49317498407718174,0.0,0.349589357836432,0.0,0.11152001784320285,0.0,0.0,0.8344629289194997,1.0307392091325929,1.8975405415368898,11.918032786885245,2.262413198195062,2.7383521677174856,3.466384839658189,0.6884673315295071,6.262295081967213,0.8293824981463026,2.262413198195062,4.011273522952765,26.483974631925452,2.005374919140858,9.265130219169064,18.149537583309037,13.422024912188336,18.536615076578062,20.266478864349732,21.639333666444088,0.003021543549439263,0.0020468205379528745,2024,4
2024-05-01,92,5.7666178575946425,2.120805393564559,1.5384770248508535,0.0,1.3910626063243239,0.9640823706702514,1.2127090539101395,0.4270080665240255,0.40706383006248337,0.7172375323049911,0.0,0.0,0.4412622335888137,0.0,0.30409003410144303,0.0,1.418435537443347,1.0622711335021922,1.5592692864369442,0.26405210021691117,0.0,0.12306534045664481,0.20461162210984024,0.6002052875568072,0.8072216324875662,0.0,0.3857015109537005,0.0,0.4838747583489502,0.1178169656430526,0.0,0.15486110477996481,0.7819241960788857,0.0,0.0,0.0,0.0,0.0,0.0,0.26405210021691117,0.2385148965191378,0.30295943387613194,0.12146179267484172,0.4640743830373012,0.07151029748283752,0.5702662739465197,0.0438288920056101,0.11091393078970718,0.16756297644557677,1.0671365985236443,0.0438288920056101,0.0,0.0,0.10174356338088507,0.0,0.05972288580984233,0.0,0.30409003410144303,0.06319514661274014,0.24543592551977383,0.05434782608695652,0.107280078455753,0.0,0.0,1.0457808427314395,1.3998502305058032,1.6584832247475196,11.83695652173913,2.233672529507057,2.744224836162442,3.3642995567476426,0.6568381506163479,6.119565217391305,0.7965905874775427,2.233672529507057,3.322955709968939,24.759048952255473,1.9784319658121252,13.61348925406014,17.142307372577054,13.268095644272966,17.61130365455368,18.973772736557468,20.361541324947385,0.002633420337002736,0.0019431583132845914,2024,5
2024-06-01,82,7.884819435521622,2.51556950189114,1.944199249672693,0.0,1.5306363181680493,0.7844024272799366,1.2736178083868206,0.798560872971745,0.7258009944565468,1.1019972020900113,0.29164605068219523,0.0,1.0724727079145966,0.29575240223536997,0.3814639737093153,0.0,1.6193588501164815,0.8626898001812016,1.4611587580843768,0.7982796905080738,0.0,0.34151919965835187,0.09033423667570009,1.1440514778269533,0.5404551940135107,0.0,0.39920939371662395,0.0,0.517096638881475,0.06128201985537444,0.32464589800060784,0.0,1.0411746929352357,0.0,0.0,0.0,0.0,0.0,0.0,0.7982796905080738,0.3779525890791708,0.19590873328088118,0.0,0.15849530529992367,0.14907038549872936,0.41288735343733596,0.08410428931875526,0.08239947264337509,0.055940926381740884,1.2221615976221814,0.0,0.0,0.05145621076463929,0.0,0.29575240223536997,0.12134449702705981,0.0,0.3814639737093153,0.0,0.46262810443047275,0.05493298176225006,0.0,0.10234118878838329,0.1058987194754407,0.38134796064985155,0.5060943092877851,2.0638474561532267,11.926829268292684,2.270029659331975,2.7345166933735623,3.3738857142035497,0.6329297294470795,6.2926829268292686,0.8188664007150224,2.270029659331975,1.9831737450339355,25.00322741283107,2.0280675902126077,7.330546809212295,18.180689590319012,13.479505105391995,18.496493549985026,20.220658198751327,21.553451673518932,0.003839105617838642,0.002601409459084747,2024,6
2024-07-01,81,6.419146509981705,1.9570044072415427,1.8240291737642256,0.0,1.101120357173264,1.03242725856176,2.161992822930526,0.9267537160213413,0.34902199875728845,0.989964793606904,0.07177720356014929,0.0,0.46018225649288597,0.19651184188040732,0.42114610844135175,0.0,1.6333898941643517,0.5544136337280108,1.6060731055075559,0.4856876726000893,0.07527853056308341,0.10985642263830046,0.059070234508831004,0.6867656902882167,0.8064926063571782,0.0,0.21954092288593285,0.0,0.23256550050398245,0.0,0.1479186897927909,0.06532105297537397,1.378223930492078,0.0,0.0,0.0,0.0,0.0,0.0,0.4856876726000893,0.3854904543252434,0.13867197183796914,0.0,0.09127025840996197,0.07054673721340388,0.7095406760418604,0.05039052658100277,0.045556011115666706,0.15639330760982628,1.9906117034534192,0.04822530864197531,0.06203858800173709,0.06111722283339445,0.0,0.19651184188040732,0.07305135510263716,0.13141816497244727,0.42114610844135175,0.1046262456244977,0.23207273666057168,0.0646370628918622,0.052312199204854574,0.0,0.0,0.589350731352305,0.44005996356079696,1.6298182608840266,11.197530864197532,2.0101975568862454,2.748723398467479,3.3832533353973075,0.6769902730698656,6.049382716049383,0.8007388913213069,2.0101975568862454,3.4286213815661783,23.826832289795252,1.9825182287148422,13.37972310137369,16.97910106073634,13.242186101907846,17.68350312865346,18.821391942119423,20.409471367039412,0.0035774655168350354,0.002565255465048835,2024,7
2024-08-01,65,6.286416679512277,3.1851847842827654,1.79449041574032,0.0,1.0343057308697232,1.027652199990071,1.5817784745725374,0.8180965315635416,0.59971002907002,0.9990001506861184,0.22433344391871082,0.0,0.9454218066163066,0.23294394732544246,0.4951840732169565,0.0,1.0562015318083355,1.1486402881554019,0.8721655404637851,0.31252589732121894,0.08499787505312367,0.353304371414758,0.0814000814000814,1.417443222489916,0.7167897459304273,0.0,0.5312494879944591,0.0,0.49414892537732596,0.0,0.13377926421404682,0.21277741865977162,0.9537848074891755,0.0,0.0,0.0,0.0,0.0,0.0,0.31252589732121894,0.1924461175046655,0.2053596273001022,0.13758599124452783,0.18638809749920862,0.10121457489878542,0.6764243347018223,0.0,0.0,0.25001329038946324,1.398789418725685,0.09799118079372857,0.0,0.08499787505312367,0.0,0.23294394732544246,0.0,0.08996851102114259,0.4951840732169565,0.0,0.5242952477728858,0.0,0.0,0.07541478129713425,0.0,0.35335777872177165,0.6924546215475261,2.358921324396079,12.03076923076923,2.2496657414459764,2.760224355211304,3.359528642123183,0.6262623975448098,7.015384615384615,0.8359764566081722,2.2496657414459764,3.059971914832765,24.748933246240938,1.9854397679230382,13.282047118966826,17.226356537358704,13.410735519091297,17.691112646086125,19.171125011551926,20.356710077131186,0.002796907665663755,0.0028967672130255553,2024,8
2024-09-01,96,6.525000482264151,2.273155307820342,2.1445461901386174,0.0,1.2682206245704386,0.8192654168686423,1.8138047832844733,0.6270888153180653,0.32705562268792054,0.8645841263639505,0.3467612301696978,0.10257858083945041,0.4439366904598212,0.0,0.36507941346340506,0.0,1.409359826751983,1.1701537305467893,1.4794849595308053,0.34306192413824804,0.13589029600244126,0.04822530864197531,0.272728068397843,0.83127533825721,0.2067289664703018,0.0,0.7783073300505707,0.0,0.27223916115668473,0.06091617933723196,0.36261996762841514,0.0,1.4487708820162857,0.0,0.0,0.0,0.0,0.0,0.0,0.34306192413824804,0.16806191422636205,0.3088403949949274,0.0910347551342812,0.3572216360766198,0.04150066401062417,0.5145414271055556,0.15209245804264745,0.0,0.11113086770981506,1.6687123791569693,0.05570409982174688,0.0,0.08938830430575713,0.0,0.0,0.10409398258904838,0.043952180028129395,0.36507941346340506,0.11396323923748235,0.24971976410206198,0.0,0.0,0.03945707070707071,0.03787878787878788,0.779677625479272,0.6104404654015849,1.760039235647602,11.947916666666666,2.3184140914277465,2.7356919706088867,3.3456821876606533,0.6420012545588981,6.416666666666667,0.8054945283664229,2.3184140914277465,4.454076738278829,25.047531711548256,2.0058406298536107,9.64742976852772,17.829171062312202,13.346525149477374,18.24841923446105,19.785531308572075,21.137931199534155,0.0029969040820326098,0.0026650952690209346,2024,9
2024-10-01,120,7.861310813758264,2.0442382673046553,2.095458702848969,0.0,1.553528770365952,0.39463881260149364,1.6784318462558905,0.8823742753129502,0.21611913419621245,1.2782792380656522,0.044563279857397504,0.0,0.7627263399258672,0.32198442057544874,0.39780169318145003,0.0,1.8447297762850396,1.226364288287748,1.6267424627644567,0.3581193148152041,0.0,0.08800037150552616,0.05307855626326964,0.6748871631195164,0.8041617138290343,0.0,0.36049723103514614,0.06361323155216285,0.49745824916359216,0.0,0.256819083197465,0.033602150537634407,1.3075792199502774,0.0,0.0,0.0,0.0,0.0,0.0,0.3581193148152041,0.592741077222865,0.1515062844778307,0.06959063310078463,0.38157146074926757,0.08751729257347236,0.13634582869396675,0.09194565744784085,0.0,0.07883003388621367,1.5278070081310524,0.032051282051282055,0.07122507122507124,0.04734848484848485,0.0,0.32198442057544874,0.0,0.05630630630630631,0.39780169318145003,0.10628185524974516,0.21611913419621245,0.0,0.0,0.0,0.0,0.6731697962077152,0.6828897380702295,2.4877663809775923,11.583333333333334,2.2219926896481628,2.7512884374211395,3.4393474373501722,0.654158836464741,6.766666666666667,0.8582283968758181,2.2219926896481628,4.052515403420062,25.496093443593445,1.9990320089777944,10.559993954228386,17.768296586262455,13.51904658045881,18.231918102950647,19.835897997104702,21.16161860425639,0.0027266509530592077,0.0028108664234473843,2024,10
2024-11-01,74,8.59507280934076,1.643556474974603,2.389971684233862,0.0,0.6809153190667203,0.49511550654842573,1.8193749202342646,0.5626991113050007,0.5790140766267237,1.040703750508545,0.11205422790788645,0.0,1.4286378729296778,0.2099210382003659,0.278117777449864,0.0,2.0686321491817963,0.9628067026388463,2.3789308640599063,0.11526842646387239,0.0,0.0,0.04708541293907147,0.4215289102918761,0.821718926128678,0.0,0.35322322561497743,0.0,0.3525894888055885,0.0,0.3505691145356418,0.04612120653076285,1.640691874361869,0.0,0.0,0.0,0.0,0.0,0.0,0.11526842646387239,0.3997064433815826,0.16594044922126538,0.0,0.0,0.0,0.37512225154372913,0.0,0.0,0.11999325500469665,1.6101231321437313,0.06496881496881497,0.05875440658049354,0.08552856654122477,0.0,0.2099210382003659,0.0746602956547708,0.0,0.278117777449864,0.0,0.46166984163542985,0.0,0.052994170641229466,0.0,0.06435006435006436,1.2596097179600396,0.6175290004912032,2.4893642218419663,11.621621621621621,2.1936923595775264,2.767991549765636,3.406704914667049,0.6529013541116632,7.554054054054054,0.89858018657,2.1936923595775264,4.3643646330274946,25.447196047196048,2.0187898552402217,9.123437061214602,17.885768892200414,13.449968982857632,18.17703610741886,19.83331990346585,21.11668287439695,0.0033233790238651147,0.0024275993621773297,2024,11
2024-12-01,103,7.35680230259276,2.073377014935008,1.4269911511575166,0.0,1.3229800301534318,0.5835871770863061,1.0455311234547897,0.9253433945450836,0.4889117408172026,0.8997327692684683,0.42076146517635243,0.0,1.0234911585118274,0.14566049432365466,0.5389376187516477,0.0,1.5803904868119196,0.7951685362846475,1.5933507584322044,0.3593090150320381,0.0,0.15710294955553508,0.17317959257784307,0.4809399109964189,0.6804523330476728,0.1564288371187719,0.37496905037411543,0.05030434126465114,0.2790714136625815,0.0,0.056776244819167654,0.04045307443365696,1.0506904182421104,0.0,0.0,0.0,0.0,0.0,0.0,0.3593090150320381,0.5237622856624481,0.09764401912987815,0.0,0.3422647103290675,0.0,0.36392971473807223,0.08516759437415615,0.10089561930944912,0.033594248664628616,1.0065402083380117,0.0,0.0,0.03899091511677778,0.0,0.14566049432365466,0.04258218361437574,0.10426612953812056,0.5389376187516477,0.09389696831728495,0.32868936323139925,0.04011875150445319,0.05136898340781836,0.03430649421935572,0.03442814845417613,1.1636102804010793,0.8025656242978635,2.38381493734534,11.45631067961165,2.102396073193522,2.74511429690164,3.367293322706085,0.6706897111115587,6.679611650485437,0.812822775292111,2.102396073193522,4.569376418704906,24.71130774486,2.012696977098447,10.810909669855189,17.61334918238928,13.263094315950868,18.141629380082577,19.38415210416262,20.985320142448998,0.002564013970650581,0.00239954140170196,2024,12
2025-01-01,72,7.503705378900012,2.5277803753825236,2.871994315912095,0.0,1.2868345765159823,0.5624241504840427,1.0043741166341205,0.9312488984585927,0.5005899127059189,1.283638381734777,0.05668934240362812,0.09512937595129375,0.7316385426226597,0.1318377558339769,0.45068558774853884,0.0,1.7461108650648194,0.8773558198958337,1.817683830308989,0.3129358773354947,0.0,0.0,0.11052224507374009,1.123992450137784,0.8448190705603078,0.0,0.44844660961069166,0.0,0.20116843033509701,0.0,0.3245319004107488,0.111531309230054,2.234762675936195,0.0,0.0,0.0,0.0,0.0,0.0,0.3129358773354947,0.6633457437487027,0.13464465519260038,0.0,0.1759083002391844,0.0,0.18231600603893724,0.07122507122507123,0.0,0.3088830732200343,1.0043741166341205,0.0,0.0,0.0,0.0,0.1318377558339769,0.08169934640522875,0.14324078447838484,0.45068558774853884,0.12378542399246333,0.2820957346040552,0.1487007665999095,0.06979341150195423,0.0,0.0,0.42557242392768707,0.5212561077267656,2.519367898613042,11.48611111111111,2.141729389866116,2.7517707223452867,3.4469997549536484,0.7175919346330639,6.986111111111111,0.8783700257221339,2.141729389866116,3.734968018509709,25.184598965848963,1.9995426253140667,10.854960975428403,17.60264503029653,13.466281751615494,18.12646431305243,19.61099476748102,21.025790115583483,0.0022821142146785467,0.002246905763004924,2025,1
2025-02-01,101,9.164284017944732,3.309715823926207,2.4550923699600258,0.0,1.1830923266213547,0.3994692481696691,1.459548817230721,0.4062147938797552,0.7214918048490854,2.06589879006947,0.11104865247997682,0.0,1.2544456794915935,0.0,0.14842345245736757,0.0,2.1466492521835057,1.101177753956999,2.0743148573293353,0.26232557997648426,0.060742270546073014,0.24001053837451394,0.0,1.2114950318120428,1.1131835464520226,0.0,0.6235421661954816,0.060742270546073014,0.220016231383586,0.0,0.3159919690176873,0.27418573320378453,1.6448984363549684,0.0,0.0,0.0,0.0,0.0,0.0,0.26232557997648426,0.3465516331612902,0.2574775733151408,0.0,0.3167375401684393,0.0,0.24984555879027312,0.0,0.0,0.14962368937939594,1.3634916983207193,0.0,0.0419533478771606,0.05410377103284099,0.0,0.0,0.11045399841997623,0.10428955996323794,0.14842345245736757,0.04304778303917348,0.5134037541466329,0.06781500067815001,0.09422193328472155,0.046051116739580934,0.0,0.6289987176771508,0.4675297511457865,2.11097597601332,11.405940594059405,2.0882131050706914,2.758067864959005,3.3998163472698604,0.6206854915048058,6.851485148514851,0.8054200211853718,2.0882131050706914,4.740054781387354,24.58118690989978,2.04223016028088,6.9252866881227595,18.021991643088644,13.77857455852663,18.23579257020679,20.21603433518927,21.342764766063457,0.0036377328173613395,0.0024868289285377865,2025,2
2025-03-01,89,7.723888733331912,1.8726669425577798,1.7996153057468611,0.0,1.1431587132075816,0.9556293355190847,1.626051207500619,0.881897141636848,0.4207554961707316,0.997913099226446,0.1637504788225576,0.0,0.8507616733468731,0.08915182891887607,0.418822402865815,0.0,1.719197717415412,1.109079939388683,1.8743832364714266,0.5008283568758227,0.0,0.10285627503813964,0.08917424647761726,0.5514472548725353,0.8198480030537892,0.0,0.19913655247557255,0.11020461064012581,0.45414838209704605,0.0,0.22236235656616615,0.0,1.123104567083649,0.0,0.0,0.0,0.0,0.0,0.0,0.5008283568758227,0.31566163555878324,0.06494771708774436,0.08917424647761725,0.17254675720761395,0.07857311228097745,0.5495683548011517,0.0,0.04441088955011769,0.2830769788868378,1.3541861302975198,0.0,0.09700223868783626,0.17486283851526283,0.0,0.08915182891887607,0.05762028233938347,0.056462085709446115,0.418822402865815,0.2598405418033274,0.25637454849732555,0.0,0.09943323058566172,0.0,0.06494771708774436,0.5791277328423118,0.933413794471244,1.9845223299975077,11.415730337078651,2.1280305601944134,2.769562565567588,3.4532831794074927,0.6728099003653873,6.550561797752809,0.7791696881477854,2.1280305601944134,3.668302561063037,24.805585301090918,2.026479143493365,9.146975303852726,17.674455010023394,13.588852969636044,18.048538456642316,19.709072330545318,20.96982902737142,0.003208833288423621,0.002614005975220947,2025,3
2025-04-01,75,7.480820907338612,1.964943281873025,1.4715038369969753,0.0,1.003910248572698,0.5338862981934117,1.3177952288816757,0.7654831453390919,0.2834372598368509,1.734589437408714,0.4115729541670042,0.0,0.4443335666600214,0.18032641600082092,0.472872054663065,0.0,1.5123860251500094,1.0207905378740547,1.6348652867448015,0.0690846286701209,0.0,0.05673758865248227,0.0,0.6370954287272277,0.43905594885614807,0.0,0.73749166788303,0.09456264775413711,0.20406054883492056,0.0,0.08281573498964802,0.18481215027977618,0.9998154028926304,0.0,0.0,0.0,0.0,0.0,0.0,0.0690846286701209,0.42375661252156577,0.34602288421970506,0.06980802792321118,0.09523809523809523,0.052083333333333336,0.3177958726614969,0.06944444444444443,0.0,0.09456264775413711,1.3177952288816757,0.0,0.0,0.0,0.0,0.18032641600082092,0.05873715124816447,0.05354752342704149,0.472872054663065,0.0,0.16090425531914893,0.0,0.05873715124816447,0.0,0.06379585326953748,0.866249056772633,0.44687998494351605,2.7521371220809168,11.933333333333334,2.266450756194004,2.7397080106780063,3.380150659518401,0.640906724844471,6.226666666666667,0.8568263366877932,2.266450756194004,4.0169041681222115,25.397501313501312,2.0278239734694754,7.988355272525864,18.05811586048994,13.452422034031438,18.394916675691412,19.95594290741045,21.461558880897172,0.003436225138390275,0.002419333460347624,2025,4
2025-05-01,107,7.959585693742906,2.364697302228082,1.5546043560547051,0.0,0.9113309508971829,0.4413693078336486,1.4275980989688941,1.0694016858947961,0.5239209427654952,1.2877295747042863,0.10548835775961693,0.0,0.659802841200719,0.212449431067425,0.6374287655346638,0.0,2.1011442594308005,1.0741551641758498,1.8813872998695453,0.0,0.0,0.29960813972181627,0.06581545346847441,0.49518001316910903,0.834115638082695,0.0,0.6271074413065225,0.042870616479464975,0.3253569085096864,0.0,0.08616563138859092,0.06314725940894166,1.0799345567474863,0.0,0.0,0.0,0.0,0.0,0.0,0.0,0.3577185594733072,0.3307946326538374,0.05051780752715332,0.17229995124288486,0.0,0.3220408073195201,0.04471671958145151,0.0,0.074611780932677,1.367689160555283,0.0,0.0,0.05990893841361131,0.0,0.212449431067425,0.0988522301114733,0.12067125918123384,0.6374287655346638,0.0,0.35212265242615787,0.0,0.07358893222459342,0.0,0.09820935811474388,0.9532506926871243,0.5501782313952862,2.0034397845787963,11.392523364485982,2.091743097299584,2.728064791948719,3.43035630319453,0.6295592976966483,6.738317757009346,0.7950944966404763,2.091743097299584,5.078681670962664,24.784418126006912,2.0524190252067727,6.10697478267263,18.129342252113155,13.767684678791584,18.413637485322706,20.168585452289395,21.515180027756024,0.0034180574687766576,0.003041297503182464,2025,5
2025-06-01,121,8.696032967818086,2.693450272373226,1.7377359491174498,0.0,0.8015963687920057,0.33538057529083004,1.1060936767996532,0.8023080318821852,0.37102094145103665,1.4658841116802035,0.0,0.0,0.814096588747585,0.13273564082550232,0.4440192862090188,0.0,1.8647739277018887,1.0255503906275305,2.8418512562745644,0.10712176575179286,0.0,0.0842088121414965,0.0,0.7937046790628733,1.0275380441160031,0.0,0.7107143816752801,0.07728435537757307,0.22405704347299268,0.0,0.30625260430698514,0.0,1.207426301337472,0.0,0.0,0.0,0.0,0.0,0.0,0.10712176575179286,0.4121664914009019,0.06406560317765392,0.06481931615621454,0.1534231923054425,0.0,0.17633925639679404,0.05165289256198347,0.0,0.10738842633205255,1.1060936767996532,0.0,0.0,0.0,0.0,0.13273564082550232,0.07913343438353362,0.0,0.4440192862090188,0.14641967046413046,0.16754346909921433,0.033595377276086816,0.13282172373081463,0.03706037134492087,0.0,2.0153376420794578,0.7027578330441979,2.286513171360124,11.289256198347108,2.105653297685537,2.73576127430563,3.449716153150452,0.6499356261396553,6.776859504132231,0.8295132084118544,2.105653297685537,4.314053276148333,24.814091785166166,2.0272599455300733,7.159985875310818,18.022654189068206,13.699871128463181,18.359091153346686,20.300334430306286,21.52100927897633,0.0029821304302013307,0.003220990956823551,2025,6
2025-07-01,113,8.345066841050869,2.1618169477503297,1.835665231211077,0.03830977282304716,1.07338792947859,0.44674558198784087,1.1658317527167146,1.0814011465924924,0.5634619690105188,1.3849356392979026,0.1444968556489859,0.0,0.8766726693574514,0.11657380384550059,0.4844883507951353,0.0,2.437466765549525,0.6025966890976476,2.1256946996115094,0.17214136784721049,0.0,0.17706962096558032,0.04943886883868097,0.5019361877546663,0.8092182469680889,0.0,0.5571119207829808,0.06704210244033253,0.22656587321738594,0.05085952598921778,0.3617989540339268,0.03830977282304716,1.1581311051474992,0.0,0.0,0.0,0.0,0.03830977282304716,0.0,0.17214136784721049,0.4841744285100724,0.2188257956647982,0.04732383701670532,0.15092250043980357,0.0,0.35435969479822677,0.0,0.0,0.0923858871896141,1.118507915700009,0.0,0.0,0.04732383701670532,0.0,0.11657380384550059,0.07932376490419177,0.0988454275708815,0.4844883507951353,0.3021697994767833,0.34643638730062803,0.0,0.13501883619539312,0.0,0.08200674551449763,1.03422450757665,0.555099513141033,1.8451298474789573,11.43362831858407,2.109028063217655,2.7395719155500418,3.433722671621413,0.6775000218037973,7.088495575221239,0.7453351105337671,2.109028063217655,4.668850555971055,23.965025436706853,2.0625364006086695,6.032919352538092,17.9922032332351,13.85604407183053,18.334233271482976,20.22424405259342,21.474810290439343,0.003829033650540043,0.0031580119775617647,2025,7
2025-08-01,105,7.171782218784248,1.581201367511709,2.1977677405755505,0.0,0.7239189668563673,0.8671723226205801,1.3381966870397133,0.6355062023960083,0.5449603124228396,1.180547670538221,0.034885749171463455,0.0,0.8017169130183098,0.11535040098902084,0.28010056769758,0.0,1.7249111130658783,0.9767887063219918,1.9039116015224944,0.1535694964592888,0.0,0.2241690835417685,0.05350454788657035,0.4468743012629413,0.47541633804136574,0.0,0.2638804326598088,0.11735666411925405,0.23331734740460328,0.05065856129685917,0.18343073219677242,0.037792894935752074,1.6925682047415636,0.0,0.0,0.0,0.0,0.0,0.0,0.1535694964592888,0.2063845055802953,0.08140156802379431,0.07682490118087308,0.20573849561211582,0.03514320857494289,0.39653819777814064,0.1345874861123657,0.038872691933916424,0.2620307382212144,1.2978415619388255,0.0,0.04035512510088782,0.0,0.0,0.11535040098902084,0.19513160388011713,0.0,0.28010056769758,0.0449236298292902,0.15683675638331585,0.2498825093705941,0.13824104666892964,0.0,0.0,0.6375198083974145,0.8809758775837966,2.4233481378835453,11.857142857142858,2.3415245546215404,2.760529143040139,3.524731607393834,0.714598869727578,7.619047619047619,0.8412353040662297,2.3415245546215404,4.786045347426364,25.705565545565545,2.017774939137808,7.820170069538688,18.091585725099474,13.685332900134245,18.505244028211877,20.377837005485066,21.608604633824314,0.0037513043548413724,0.0024246897570155287,2025,8
2025-09-01,107,8.928272824192165,2.11432058464062,1.6435117044512493,0.0,0.7442105111101693,0.7475622409576459,1.040578690544813,0.7909774965152647,0.5348957394132707,1.031287364862999,0.03487236713628121,0.0,1.0482380373217521,0.14540006586139018,0.39090202044418154,0.0,2.282057437911416,0.8852721103558299,2.833566113371378,0.2766773069269372,0.0,0.09073800612041066,0.06314725940894166,0.7620501668735037,0.6907851161913997,0.0,0.4706601372616873,0.03693989878467733,0.35944461955751605,0.0,0.14097055123508473,0.05310110450297366,1.0899954291556748,0.0,0.0,0.0,0.0,0.0,0.0,0.2766773069269372,0.19320386360160324,0.24142161384739158,0.0,0.032907726734237204,0.0,0.4634784544088676,0.0,0.0,0.28408378654877836,0.8894908972032087,0.0,0.07323303839871385,0.07785475494289039,0.0,0.14540006586139018,0.07189072609633357,0.0,0.39090202044418154,0.18278468411335946,0.2843689651717113,0.07134194192765926,0.09956753285207288,0.035945363048166784,0.04367193641366058,0.7845442375619138,0.7811870610919427,2.5456256088312363,10.981308411214954,1.980533811114594,2.7201703642070183,3.3976488422792728,0.6346079730907307,6.97196261682243,0.8030500125434765,1.980533811114594,4.4944378116943655,24.388302896480468,2.068313782701302,3.9795117288188693,18.35457475658044,13.912973522522575,18.56779434072443,20.57048269132074,21.89310685766081,0.0025019421935491884,0.002439485656808665,2025,9
2025-10-01,148,7.158682147655095,2.057298058818101,1.0513487768768635,0.0,0.9191556031308266,0.9871168673913797,1.2469151976143087,0.6286265624224565,0.32815843598116634,1.2391770107977136,0.0,0.0,0.5115972363717564,0.0574031824031824,0.39000067772623054,0.0,1.7690316404224224,0.9458904000955405,2.0441139073128003,0.20146809252544878,0.025789147926552503,0.05359473128769142,0.0,0.5585884181511659,0.6582786442925829,0.0,0.7037670087291049,0.057280108431003576,0.13899615365691528,0.0,0.13270226036183483,0.025025025025025027,0.7546253378330883,0.0,0.0,0.0,0.0,0.0,0.0,0.20146809252544878,0.2184527164749131,0.20914374766346427,0.12962343233442103,0.16046761413257943,0.09105066954431745,0.3241057479434991,0.07692176566348752,0.11242847507220878,0.38261020916786687,1.1923817772034169,0.026497085320614733,0.028036335090277,0.0,0.0,0.0574031824031824,0.05672672356866279,0.0,0.39000067772623054,0.12449597872438083,0.14942415146796348,0.12281597884710725,0.0,0.0,0.05591830566609562,1.5634729221381471,0.8759846403893248,3.3025308185601903,11.155405405405405,1.962007217869542,2.7681250597825677,3.507725465261985,0.6913076142410537,7.5,0.8592944300630431,1.962007217869542,4.560668490610359,25.237981275481275,2.0297418004046226,8.136480677125046,17.953636511100683,13.75055758569232,18.351563514823344,20.22032462226008,21.475219499546867,0.002384743168108825,0.002482486348660213,2025,10
2025-11-01,93,6.72993825343201,2.08270719731494,1.478689037255853,0.0,1.2506871894915668,0.7341404922762039,1.3824516737406585,0.4393881130036265,0.5624041554395287,0.9393937520774761,0.042333418000169334,0.06109481915933529,0.33088530393462123,0.15825378728604536,0.19345421988715775,0.0,1.6230755906267536,1.276267021540393,2.0020001971703607,0.10318014374969815,0.0,0.11918817336365534,0.0,0.5301216447351677,1.0665305343471876,0.0,0.3668668448689295,0.0,0.15707572279415621,0.0,0.04800307219662058,0.0,1.2736102422650761,0.0,0.0,0.0,0.0,0.0,0.0,0.10318014374969815,0.3801349946825596,0.20757153562327793,0.18167465097920477,0.3781258644568264,0.14474128958632437,0.47964968591948975,0.0,0.04865469761105436,0.06109481915933529,1.328955712685718,0.0,0.053495961054940346,0.0,0.0,0.15825378728604536,0.0,0.04517936206740761,0.19345421988715775,0.04250074376301585,0.3523623634735752,0.0912275580207269,0.05940711697261332,0.05940711697261332,0.0,0.7015941382846925,0.89546815703056,3.020211907364792,11.913978494623656,2.2440258948052274,2.7466034768057432,3.4345305207810486,0.6377781223282601,6.967741935483871,0.797414770397862,2.2440258948052274,4.397339809604799,25.255885363143427,2.0691807131635698,5.389584430370123,18.1537001627577,13.921789133913359,18.390336651971605,20.315414690392366,21.61735966058591,0.0038958754513442064,0.002390435276562891,2025,11
2025-12-01,112,8.002370110435871,2.0997821736894977,1.2063919694695973,0.0,0.33849965478105926,0.33965338019516406,1.4173650076926803,0.5160812519649163,0.782134859477036,1.120601667700245,0.17462706045453016,0.0,0.46098580024487346,0.08364274665662433,0.20149432792323632,0.0,1.8430125042587275,0.8857535873314614,3.1632966668203713,0.06895574904580153,0.0,0.11349972742462491,0.03177427554651754,0.6173620217522163,0.8832106196977657,0.042517006802721094,0.4114185224656522,0.0,0.30269841225552885,0.0,0.15220625166638455,0.0,0.7514873055476838,0.0,0.0,0.0,0.0,0.0,0.0,0.06895574904580153,0.10783957348842844,0.16170433224682926,0.0,0.0,0.11194091163035262,0.14671024008721353,0.0,0.0,0.08100222847759794,1.3295260526662251,0.0,0.046502976190476185,0.0,0.04133597883597884,0.08364274665662433,0.07999715565668776,0.07802725572760416,0.20149432792323632,0.07291976600076376,0.4899018460042123,0.1776799429449199,0.04532269760696156,0.0,0.06923037292094213,1.1998669125126418,0.8568767140722855,3.8793399377030755,11.196428571428571,2.047573578384064,2.748363403102337,3.4866804927388233,0.6724892466209829,7.3125,0.8333384810855315,2.047573578384064,4.62909557379318,24.873522265841068,2.044339890818584,5.875653922153352,18.250157836192027,13.810715035026169,18.504361911308145,20.608465356139053,21.61083333024529,0.0027394758552650236,0.0028311817463542105,2025,12
2026-01-01,85,7.586713894740503,2.046930412539895,1.102877861183129,0.0,0.6970286072568898,0.6405249270976952,1.6077375709854638,0.6898303513474913,0.49994034789786096,1.1370572915146426,0.1184213522807497,0.0,0.23674209116656028,0.07044734061289186,0.3333103603938721,0.0,2.029144025554208,0.9836645013473483,2.630488601699451,0.04743833017077799,0.0,0.0,0.09049773755656108,0.3533524261947868,1.063077554129144,0.0,0.49138820754224205,0.04861448711716092,0.046685340802987856,0.0,0.04922471080482402,0.0,1.0069678095753172,0.0,0.0,0.0,0.0,0.0,0.0,0.04743833017077799,0.4360774536017914,0.16682748268133252,0.0,0.046685340802987856,0.0,0.23604596113710766,0.13578906695615375,0.0,0.26868989900443374,1.4716360715621648,0.0,0.05767012687427913,0.0784313725490196,0.0,0.07044734061289186,0.228118434171501,0.0,0.3333103603938721,0.057954216169226316,0.3029317582805987,0.05824111822947001,0.09170864785838048,0.0,0.047058823529411764,1.1241458154157238,1.285649034629895,3.8773848720630975,11.2,2.0451887723088746,2.751916745371589,3.4238810799527535,0.6750124807737156,7.752941176470588,0.8525626382106837,2.0451887723088746,5.099497706868128,24.809531514237396,2.0792272385709625,1.9702692201089993,18.84749713023733,14.113906820422663,18.934603528194263,21.326599855538664,22.31410337620046,0.003260329963696403,0.0017259611625623874,2026,1
2026-02-01,76,7.288584612503603,2.063223028277459,0.6103255205678079,0.0,0.8023042741208698,0.6186964466946976,1.135066260702075,0.9217490301136647,0.7943862112076922,0.7681740035571346,0.0,0.0,0.2953802543739771,0.13290802764486975,0.3644824252033488,0.0,1.4650260075399926,0.965913194900636,3.173727035185634,0.12297366409801115,0.0,0.05575379125780553,0.0,0.11512530850572868,0.9693944077401255,0.0,0.8123789767667228,0.11057054400707651,0.15781718097031414,0.06063545961678389,0.13602161724430747,0.0,0.2558512627364024,0.0,0.0,0.0,0.0,0.0,0.0,0.12297366409801115,0.45972881690813144,0.21960179311472713,0.0,0.0,0.09604302727621974,0.2164357863075185,0.09604302727621974,0.0719010641357492,0.13827354169899034,1.135066260702075,0.0,0.0,0.0,0.0,0.13290802764486975,0.2348215727982169,0.06418485237483953,0.3644824252033488,0.12535215209238978,0.438246390916186,0.0504133897963299,0.2522390535161433,0.0,0.053487376979032955,1.0283078726112962,1.4167683947745442,3.725151489693164,11.43421052631579,2.1496646615968666,2.7590378005318197,3.4964327647025875,0.6927884849573648,6.907894736842105,0.8071154936073186,2.1496646615968666,4.477331491393817,24.734057682084,2.054922605926623,5.075258089799659,18.205710328049438,13.996609642905499,18.51224430313408,20.802619133341846,21.725602379463517,0.002845359426242591,0.0031641019296202947,2026,2
2026-03-01,113,7.771332892014401,1.4202599860835503,0.9235386106599571,0.0,0.5855621024431751,0.5022673605503375,1.3042392800949012,0.5682703529917509,0.32718854605902753,0.9790707605760149,0.14223965027465557,0.0,0.645274988138108,0.12224947551512798,0.2750631368775204,0.0,2.029786232535418,0.9133493002975165,2.533277162021216,0.13102218577882296,0.0,0.047072114479382414,0.0,0.48854877406427744,0.6930721746912922,0.0,0.19156692284859816,0.0,0.15554107891985086,0.0,0.0,0.0,0.7679975317401064,0.0,0.0,0.0,0.0,0.0,0.0,0.13102218577882296,0.24024725231638708,0.12901422823323438,0.03718301479883989,0.04809542131589073,0.10427402990814635,0.19498150834318262,0.0502815768302494,0.12550083770837803,0.027229407760381213,1.2105197541550403,0.0,0.040408938457186724,0.05331058748267406,0.0,0.12224947551512798,0.07452522655434024,0.05429176393941039,0.2750631368775204,0.042140750105351885,0.32718854605902753,0.0,0.0,0.0,0.0,2.0018546044935426,2.0299480046785425,3.5721326883438937,10.79646017699115,1.9862231678470008,2.7441261236035173,3.517358727013765,0.664995453670372,7.1415929203539825,0.8589119005101644,1.9862231678470008,3.977860648637104,25.227094586829104,2.0826678323314907,2.771248560316262,18.635070003712748,14.098179911137414,18.654515511187043,21.10864076740702,22.00494108878262,0.0024437727087647967,0.0023831093171534194,2026,3
2026-04-01,109,8.441271440183225,1.6350692723720792,1.1906239752509369,0.0,0.7748377036134857,0.6972273329856299,0.8515232000098886,0.6302913316443299,0.8005418563254382,1.286753894275268,0.04475274110539271,0.0,0.22319954110939352,0.0362621024767016,0.3232070427921856,0.0,2.0229290516393785,1.194494184459737,3.2720732432817026,0.03759963904346519,0.0,0.09806331228274336,0.0,0.2338219306166613,0.8624492520097523,0.0,0.44073477746292233,0.0,0.19210083882889967,0.0,0.21916111386260903,0.0,0.7793620225594281,0.0,0.0,0.0,0.0,0.0,0.0,0.03759963904346519,0.29665272421510636,0.253843160284961,0.0,0.18674218006995322,0.0,0.32955448609899657,0.17966528194037187,0.0,0.18800756494626145,0.7649730874947422,0.08655011251514626,0.0,0.0,0.0,0.0362621024767016,0.2271349867249402,0.0,0.3232070427921856,0.04368719965050241,0.5165039910028212,0.04327505625757313,0.1557177234393056,0.0,0.08504508562573829,1.0325916151184247,0.8394728424388795,3.698987168402437,11.01834862385321,2.042478697539241,2.742039907792861,3.5369081320429845,0.7011277453486269,7.477064220183486,0.8126753017619203,2.042478697539241,4.345040524031851,25.00908500266298,2.06685014723036,4.401111205803538,18.33088156139682,14.176902442646265,18.47716086226143,20.818170307674272,21.78294431749891,0.0029601587897666237,0.002515826440793251,2026,4
