month_ts,paper_count,marker_words_total_per_1k_words_monthly_mean,marker_verbs_total_per_1k_words_monthly_mean,marker_adjectives_total_per_1k_words_monthly_mean,marker_phrases_total_per_1k_words_monthly_mean,sequential_markers_total_per_1k_words_monthly_mean,causal_markers_total_per_1k_words_monthly_mean,contrast_markers_total_per_1k_words_monthly_mean,emphasis_markers_total_per_1k_words_monthly_mean,summary_markers_total_per_1k_words_monthly_mean,word_finding_per_1k_words_monthly_mean,word_interplay_per_1k_words_monthly_mean,word_realm_per_1k_words_monthly_mean,word_insight_per_1k_words_monthly_mean,word_notably_per_1k_words_monthly_mean,word_particularly_per_1k_words_monthly_mean,word_meticulously_per_1k_words_monthly_mean,word_while_per_1k_words_monthly_mean,word_within_per_1k_words_monthly_mean,word_across_per_1k_words_monthly_mean,word_additionally_per_1k_words_monthly_mean,verb_delve_per_1k_words_monthly_mean,verb_underscore_per_1k_words_monthly_mean,verb_showcase_per_1k_words_monthly_mean,verb_enhance_per_1k_words_monthly_mean,verb_exhibit_per_1k_words_monthly_mean,verb_garner_per_1k_words_monthly_mean,verb_align_per_1k_words_monthly_mean,verb_foster_per_1k_words_monthly_mean,adjective_crucial_per_1k_words_monthly_mean,adjective_pivotal_per_1k_words_monthly_mean,adjective_comprehensive_per_1k_words_monthly_mean,adjective_intricate_per_1k_words_monthly_mean,adjective_potential_per_1k_words_monthly_mean,phrase_meticulously_delve_per_1k_words_monthly_mean,phrase_intricate_web_per_1k_words_monthly_mean,phrase_comprehensive_chapter_per_1k_words_monthly_mean,phrase_deep_dive_per_1k_words_monthly_mean,phrase_intricate_interplay_per_1k_words_monthly_mean,phrase_essential_insight_per_1k_words_monthly_mean,sequential_marker_additionally_per_1k_words_monthly_mean,sequential_marker_furthermore_per_1k_words_monthly_mean,sequential_marker_moreover_per_1k_words_monthly_mean,sequential_marker_subsequently_per_1k_words_monthly_mean,sequential_marker_further_per_1k_words_monthly_mean,causal_marker_hence_per_1k_words_monthly_mean,causal_marker_thus_per_1k_words_monthly_mean,causal_marker_consequently_per_1k_words_monthly_mean,causal_marker_accordingly_per_1k_words_monthly_mean,causal_marker_thereby_per_1k_words_monthly_mean,contrast_marker_however_per_1k_words_monthly_mean,contrast_marker_nonetheless_per_1k_words_monthly_mean,contrast_marker_nevertheless_per_1k_words_monthly_mean,contrast_marker_conversely_per_1k_words_monthly_mean,contrast_marker_alternatively_per_1k_words_monthly_mean,emphasis_marker_notably_per_1k_words_monthly_mean,emphasis_marker_crucially_per_1k_words_monthly_mean,emphasis_marker_remarkably_per_1k_words_monthly_mean,emphasis_marker_particularly_per_1k_words_monthly_mean,emphasis_marker_importantly_per_1k_words_monthly_mean,summary_marker_overall_per_1k_words_monthly_mean,summary_marker_collectively_per_1k_words_monthly_mean,summary_marker_ultimately_per_1k_words_monthly_mean,summary_marker_in_summary_per_1k_words_monthly_mean,summary_marker_taken_together_per_1k_words_monthly_mean,em_dash_per_1k_words_monthly_mean,semicolon_per_1k_words_monthly_mean,colon_per_1k_words_monthly_mean,clause_depth_monthly_mean,clause_depth_std_monthly_mean,dependency_entropy_monthly_mean,dependency_length_monthly_mean,dependency_length_std_monthly_mean,coordination_count_monthly_mean,coordination_per_sentence_std_monthly_mean,sentence_depth_std_monthly_mean,list_of_three_per_1k_words_monthly_mean,avg_words_per_sentence_monthly_mean,avg_syllables_per_word_monthly_mean,flesch_reading_ease_monthly_mean,flesch_kincaid_grade_monthly_mean,dale_chall_monthly_mean,smog_index_monthly_mean,automated_readability_index_monthly_mean,gunning_fog_monthly_mean,hedge_ratio_monthly_mean,certainty_ratio_monthly_mean,year,month
2015-01-01,13,1.666317622096848,0.0,0.0,0.0,1.1557512383048982,0.0,0.5740528128587831,0.6203473945409429,0.4578754578754578,0.0,0.0,0.0,0.0,0.6203473945409429,0.0,0.0,1.0459702275559053,0.0,0.0,0.0,0.0,0.0,0.0,0.0,0.0,0.0,0.0,0.0,0.0,0.0,0.0,0.0,0.0,0.0,0.0,0.0,0.0,0.0,0.0,0.0,0.8213030777697811,0.33444816053511706,0.0,0.0,0.0,0.0,0.0,0.0,0.0,0.5740528128587831,0.0,0.0,0.0,0.0,0.6203473945409429,0.0,0.0,0.0,0.0,0.4578754578754578,0.0,0.0,0.0,0.0,0.7541478129713425,0.0,1.441650472310724,10.307692307692308,1.7874506730837874,2.666985588065416,3.3098080541863526,0.5362521237286295,3.5384615384615383,0.6888732739550135,1.7874506730837874,2.2190874259112836,23.37554945054945,1.9105214273581754,22.77698568749331,15.580636114848119,12.415220999779704,16.915216272567953,17.47604939666173,19.13540009683138,0.0016558012260742291,0.003169762929199057,2015,1
2015-02-01,27,2.1148779347567066,0.0,0.8246436581842025,0.0,0.8753374932045274,0.7112126217197761,0.9933816978490518,0.2502502502502503,0.0,0.0,0.0,0.0,0.0,0.0,0.0,0.0,0.9448715920521967,0.4444022460115888,0.2420721374969741,0.4835319591959468,0.0,0.0,0.0,0.0,0.0,0.0,0.0,0.0,0.1899335232668566,0.0,0.0,0.14814814814814814,0.4865619867691977,0.0,0.0,0.0,0.0,0.0,0.0,0.4835319591959468,0.0,0.3918055340085806,0.0,0.0,0.22045855379188709,0.19912385503783356,0.2916302128900554,0.0,0.0,0.9933816978490518,0.0,0.0,0.0,0.0,0.0,0.0,0.0,0.0,0.2502502502502503,0.0,0.0,0.0,0.0,0.0,1.0815034129182524,0.13370771493515177,2.867619299431653,11.814814814814815,2.36002354676793,2.737894747769928,3.3993251225897505,0.6061811029329214,4.962962962962963,0.6873997897880635,2.36002354676793,3.654591266605203,25.12319223985891,1.8868980598273197,18.75287445841228,16.4741885899674,12.440988212643916,17.082873298178917,18.15671267945911,19.401762325926523,0.0015275879305619744,0.003006299784804212,2015,2
2015-03-01,8,3.430591982015736,0.0,0.0,0.0,0.0,0.7961783439490446,1.4506286057291495,0.0,0.7961783439490446,0.7961783439490446,0.0,0.0,0.0,0.0,0.0,0.0,0.7961783439490446,0.0,1.838235294117647,0.0,0.0,0.0,0.0,0.0,0.0,0.0,0.0,0.0,0.0,0.0,0.0,0.0,0.0,0.0,0.0,0.0,0.0,0.0,0.0,0.0,0.0,0.0,0.0,0.0,0.0,0.0,0.0,0.7961783439490446,0.0,1.4506286057291495,0.0,0.0,0.0,0.0,0.0,0.0,0.0,0.0,0.0,0.0,0.7961783439490446,0.0,0.0,0.0,0.0,0.7961783439490446,3.9078323637147165,11.0,2.1992689629209305,2.749922993374414,3.3691367911282013,0.5689830787930557,4.75,0.6535589515170797,2.1992689629209305,0.5387931034482758,24.390972222222224,1.8849777671090717,19.926736478986136,16.410386600744257,12.687543639307975,16.794485433619837,18.53391489786623,18.803050817467955,0.0014506286057291494,0.0010775862068965517,2015,3
2015-04-01,13,4.398593938404387,0.0,0.0,0.0,0.8566774024417647,0.0,1.2827131104160792,0.0,0.0,0.9661572383046515,0.48995590396864286,0.0,0.8725876938546622,0.0,0.0,0.0,0.7637171042827765,0.31655587211142766,0.5027652086475616,0.48685491723466406,0.0,0.0,0.0,0.0,0.0,0.0,0.0,0.0,0.0,0.0,0.0,0.0,0.0,0.0,0.0,0.0,0.0,0.0,0.0,0.48685491723466406,0.0,0.36982248520710065,0.0,0.0,0.0,0.0,0.0,0.0,0.0,1.2827131104160792,0.0,0.0,0.0,0.0,0.0,0.0,0.0,0.0,0.0,0.0,0.0,0.0,0.0,0.0,0.5963029218843172,0.48685491723466406,1.6232232323216005,12.0,2.5049485704027137,2.8042840489440475,3.443202948044883,0.7254597036974796,5.3076923076923075,0.8399060780624665,2.5049485704027137,2.375982661355568,25.005311355311356,1.965665113300914,17.971143106038724,16.58535400151573,12.543767653699083,17.292023417786822,17.76290206544854,19.60463955197513,0.0027258680335523135,0.0015463463289856585,2015,4
2015-05-01,15,2.6221382724871116,0.0,2.4577572964669736,0.0,2.8998619752084482,0.5050505050505051,1.2488464115497908,0.3072196620583717,0.0,0.0,0.0,0.0,0.5902594137888255,0.0,0.3072196620583717,0.0,0.7750963633316575,0.0,0.0,0.9495628333082569,0.0,0.0,0.0,0.0,0.0,0.0,0.0,0.0,0.0,0.0,0.0,0.0,2.4577572964669736,0.0,0.0,0.0,0.0,0.0,0.0,0.9495628333082569,1.021324354657688,0.40404040404040403,0.0,0.5249343832020997,0.0,0.0,0.0,0.0,0.5050505050505051,1.2488464115497908,0.0,0.0,0.0,0.0,0.0,0.0,0.0,0.3072196620583717,0.0,0.0,0.0,0.0,0.0,0.0,0.0,1.0279467004832312,1.2406721833388767,12.666666666666666,2.875447006062667,2.7543684055931825,3.5846162304413127,0.7566360164595912,4.2,0.9134199108425977,2.875447006062667,1.3407268994114374,27.706459096459096,1.8927179083129995,23.345917011797074,15.908867681106875,12.540346528750062,16.69615112994995,17.84223241558169,18.992334415434616,0.0011731188201776438,0.0016134946115356412,2015,5
2015-06-01,21,1.8056948532330535,0.0,0.2467308166790032,0.0,1.3218362405494886,0.2467308166790032,0.5425024508993975,0.23809523809523808,0.0,0.0,0.0,0.0,0.5692995930686933,0.0,0.0,0.0,1.2363952601643604,0.0,0.0,0.0,0.0,0.0,0.0,0.0,0.0,0.0,0.0,0.0,0.2467308166790032,0.0,0.0,0.0,0.0,0.0,0.0,0.0,0.0,0.0,0.0,0.0,0.8359275913755331,0.0,0.0,0.48590864917395526,0.0,0.2467308166790032,0.0,0.0,0.0,0.5425024508993975,0.0,0.0,0.0,0.0,0.0,0.0,0.23809523809523808,0.0,0.0,0.0,0.0,0.0,0.0,0.0,0.17571604287471446,0.436871996505024,2.4880224385266465,10.904761904761905,1.9773072714388307,2.7614753715664784,3.5151342832857546,0.7433467478222479,4.619047619047619,0.8370857959784836,1.9773072714388307,3.0438806692704015,26.20668934240363,1.9480272299420518,15.63660277012826,17.203462156307307,12.756450644364303,17.662073865206963,18.64935371309109,20.188577244661936,0.0014041959549129872,0.002573823470297589,2015,6
2015-07-01,23,2.850227071090273,0.2050861361771944,0.19496977968414894,0.0,0.7656917943905747,0.708467356155429,0.7093271889053591,0.5010749452821307,0.20128824476650564,0.31279324366593686,0.0,0.0,0.0,0.0,0.5010749452821307,0.0,1.156920818189928,0.0,0.8794380639522776,0.0,0.0,0.0,0.0,0.0,0.2050861361771944,0.0,0.0,0.0,0.0,0.0,0.0,0.0,0.19496977968414894,0.0,0.0,0.0,0.0,0.0,0.0,0.0,0.31279324366593686,0.45289855072463764,0.0,0.0,0.2131287297527707,0.4953386264026582,0.0,0.0,0.0,0.7093271889053591,0.0,0.0,0.0,0.0,0.0,0.0,0.0,0.5010749452821307,0.0,0.20128824476650564,0.0,0.0,0.0,0.0,0.14992503748125935,0.8854541405420221,1.6630284074367172,11.608695652173912,2.2276496611499836,2.7446300814601865,3.411621002822217,0.6349127540894398,4.869565217391305,0.805168103817517,2.2276496611499836,3.367143113635186,26.46863354037267,1.9049943468879975,18.401219197180968,17.126397650619577,12.87631166763592,17.602352585245708,18.705178212449145,20.32321588151922,0.0014700288053891284,0.0024477699559904624,2015,7
2015-08-01,15,1.4017078624705477,0.0,0.0,0.0,0.8392482478460782,0.3992015968063872,0.5899705014749262,0.0,0.9486804258969571,0.0,0.0,0.0,0.0,0.0,0.0,0.0,1.4017078624705477,0.0,0.0,0.0,0.0,0.0,0.0,0.0,0.0,0.0,0.0,0.0,0.0,0.0,0.0,0.0,0.0,0.0,0.0,0.0,0.0,0.0,0.0,0.0,0.0,0.8392482478460782,0.0,0.0,0.3992015968063872,0.0,0.0,0.0,0.0,0.5899705014749262,0.0,0.0,0.0,0.0,0.0,0.0,0.0,0.0,0.0,0.9486804258969571,0.0,0.0,0.0,0.0,0.0,0.0,2.402283638685505,12.533333333333333,2.5823506319150384,2.7537916310762527,3.499655920017783,0.6556784870666422,3.933333333333333,0.7141871885509409,2.5823506319150384,0.7936507936507937,28.136296296296294,1.9277069027033673,16.019939796144143,17.419801497969864,12.924518212953028,18.501372866099295,19.5147252259353,21.432533615901605,0.0016303228191943593,0.0035192996428735903,2015,8
2015-09-01,20,0.9671751146417821,0.0,0.7130743139068764,0.0,0.38167938931297707,0.9172678318781639,0.9143763213530656,0.18115942028985507,0.0,0.0,0.0,0.0,0.0,0.0,0.18115942028985507,0.0,0.22123893805309733,0.24630541871921183,0.3184713375796179,0.0,0.0,0.0,0.0,0.0,0.0,0.0,0.0,0.0,0.0,0.0,0.0,0.0,0.7130743139068764,0.0,0.0,0.0,0.0,0.0,0.0,0.0,0.0,0.38167938931297707,0.0,0.0,0.0,0.5355884425651867,0.0,0.0,0.38167938931297707,0.9143763213530656,0.0,0.0,0.0,0.0,0.0,0.0,0.0,0.18115942028985507,0.0,0.0,0.0,0.0,0.0,0.0,1.294050242207676,0.8654944134665581,4.224597615783807,12.0,2.3667920234997637,2.7165985448916006,3.3398970651623863,0.6667690517580595,4.0,0.6249044007061141,2.3667920234997637,1.8937980890331894,25.353316405816408,1.920136293740163,17.181310295910446,16.933383726725584,12.99712443725968,17.722109260637524,18.476550456993298,20.347348536985997,0.0007568273806182841,0.0023109870127819626,2015,9
2015-10-01,24,1.889322072032943,0.22045855379188714,0.5652026628961943,0.0,0.9967999780983736,0.4646650326797386,0.7250413902887988,0.5825746314876751,0.0,0.0,0.0,0.0,0.24084778420038533,0.0,0.22644927536231885,0.0,1.0860035070938945,0.33602150537634407,0.0,0.0,0.0,0.0,0.0,0.0,0.22045855379188714,0.0,0.0,0.0,0.5652026628961943,0.0,0.0,0.0,0.0,0.0,0.0,0.0,0.0,0.0,0.0,0.0,0.0,0.9967999780983736,0.0,0.0,0.0,0.4646650326797386,0.0,0.0,0.0,0.7250413902887988,0.0,0.0,0.0,0.0,0.0,0.0,0.0,0.22644927536231885,0.3561253561253562,0.0,0.0,0.0,0.0,0.0,1.0711928471167993,0.33602150537634407,1.4610356983354436,12.041666666666666,2.5128996826229146,2.7015264547232003,3.4061876008893868,0.6995168038623975,4.541666666666667,0.8028918252737153,2.5128996826229146,2.2843483808777094,25.881448412698415,1.9009388170639367,18.17149276553575,16.845977285142173,13.095065474040048,17.507296603512522,18.623118187220935,20.127249405933558,0.000693062862001169,0.002396105981157316,2015,10
2015-11-01,23,2.712571762163941,0.2635046113306983,0.2635046113306983,0.0,0.6668131441389424,1.025967237031481,1.3948726503797721,0.36845983787767134,0.0,0.1575299306868305,0.0,0.0,0.27344818156959255,0.0,0.0,0.0,1.554636744296754,0.2651113467656416,0.4618455588451223,0.0,0.0,0.0,0.0,0.2635046113306983,0.0,0.0,0.0,0.0,0.0,0.0,0.0,0.0,0.2635046113306983,0.0,0.0,0.0,0.0,0.0,0.0,0.0,0.3423485107839781,0.32446463335496434,0.0,0.0,0.0,1.025967237031481,0.0,0.0,0.0,1.1981384383002918,0.0,0.0,0.0,0.19673421207948066,0.0,0.0,0.36845983787767134,0.0,0.0,0.0,0.0,0.0,0.0,0.0,0.19409937888198758,0.2635046113306983,2.466500541139261,12.695652173913043,2.6851239640332554,2.7124732169570684,3.403139543409541,0.6450388495954328,4.130434782608695,0.7706786737557453,2.6851239640332554,1.8081071767272145,27.696808143547273,1.985964293097739,11.377718607429742,18.01585387813564,13.221379297176119,18.42779984185712,19.4827179062052,21.339817004033392,0.0019377500244285798,0.003397405911517167,2015,11
2015-12-01,21,3.643891419287465,0.6027727546714888,0.5669737774627924,0.0,0.8050948581716388,0.3013863773357444,1.1745798576264115,0.0,0.0,0.6530816732310321,0.0,0.0,0.39682539682539686,0.0,0.0,0.0,1.3840763489559178,0.3284072249589491,0.6397797214123745,0.24172105390379497,0.0,0.0,0.0,0.0,0.6027727546714888,0.0,0.0,0.0,0.2868617326448652,0.0,0.0,0.0,0.2801120448179272,0.0,0.0,0.0,0.0,0.0,0.0,0.24172105390379497,0.0,0.563373804267844,0.0,0.0,0.0,0.3013863773357444,0.0,0.0,0.0,1.1745798576264115,0.0,0.0,0.0,0.0,0.0,0.0,0.0,0.0,0.0,0.0,0.0,0.0,0.0,0.0,0.9767335926276324,1.1948939192869321,2.860797682356561,11.238095238095237,2.0865822397652742,2.7313196965679687,3.605843971256659,0.7657877560787648,5.0476190476190474,0.8612439842194318,2.0865822397652742,2.7104372549791003,26.621371882086166,1.933100071885392,15.709726577665332,17.36097515635748,13.108583832223914,18.080318370103896,19.278895932755013,20.76421120108916,0.001122787294053409,0.0022149982559592288,2015,12
2016-01-01,9,2.2411059448096484,0.0,0.0,0.0,1.4805074634134465,0.0,0.823045267489712,0.0,0.0,0.0,0.0,0.0,0.8818342151675485,0.0,0.0,0.0,1.3592717296421002,0.0,0.0,0.0,0.0,0.0,0.0,0.0,0.0,0.0,0.0,0.0,0.0,0.0,0.0,0.0,0.0,0.0,0.0,0.0,0.0,0.0,0.0,0.0,0.823045267489712,0.6574621959237343,0.0,0.0,0.0,0.0,0.0,0.0,0.0,0.823045267489712,0.0,0.0,0.0,0.0,0.0,0.0,0.0,0.0,0.0,0.0,0.0,0.0,0.0,0.0,0.0,0.0,2.440808211910979,11.666666666666666,2.375129018930505,2.7692172029494078,3.4726597425029775,0.6290650649675921,4.444444444444445,0.8757964849056642,2.375129018930505,2.405507171926038,25.245502645502643,1.9016257392544125,21.352882149478717,16.121186906965406,12.915742842989003,17.017827806839374,18.04643920327199,19.377903468754425,0.0013175640626621019,0.0008818342151675485,2016,1
2016-02-01,39,3.961853648479288,0.12884937508053088,0.9864722736009864,0.0,0.844097399628451,0.5268391550506778,1.176699255167547,0.5308119496713227,0.3210200502270135,0.2531614532570784,0.0,0.23694147599028698,0.10055304172951231,0.0,0.34896070399028983,0.0,1.4153976504050354,0.5563753506949959,0.8130470683285186,0.23741690408357075,0.0,0.0,0.0,0.0,0.12884937508053088,0.0,0.0,0.0,0.0,0.0,0.0,0.0,0.9864722736009864,0.0,0.0,0.0,0.0,0.0,0.0,0.23741690408357075,0.0,0.49615883329908,0.0,0.11052166224580016,0.1256913021618904,0.40114785288878746,0.0,0.0,0.0,1.176699255167547,0.0,0.0,0.0,0.0,0.0,0.0,0.1818512456810329,0.34896070399028983,0.0,0.3210200502270135,0.0,0.0,0.0,0.0,0.2956494630870209,0.9634951372625249,2.5720773381188233,11.692307692307692,2.4311162746526116,2.7188587448389714,3.370243005208596,0.639252086675199,4.3076923076923075,0.7760494143451605,2.4311162746526116,2.4542852317502613,24.82808302808303,1.936750999584277,15.639600358076981,16.942698475149143,12.973876756757374,17.524852678693335,18.65957413686856,20.046822793697,0.0009971892452554755,0.004737172340301212,2016,2
2016-03-01,26,3.2749078237266414,0.21853146853146851,1.0248340889195362,0.0,1.0984433451069768,0.6251158621434085,1.403185243578776,0.0,0.17247326664367021,0.24654832347140038,0.0,0.0,0.0,0.0,0.0,0.0,1.616609190279989,0.7577735748497444,0.48379293662312534,0.17018379850238258,0.0,0.0,0.0,0.0,0.21853146853146851,0.0,0.0,0.0,0.0,0.0,0.0,0.0,1.0248340889195362,0.0,0.0,0.0,0.0,0.0,0.0,0.17018379850238258,0.5879765016666536,0.3402830449379406,0.0,0.0,0.0,0.6251158621434085,0.0,0.0,0.0,1.0556343342301138,0.0,0.2035002035002035,0.14405070584845864,0.0,0.0,0.0,0.0,0.0,0.0,0.17247326664367021,0.0,0.0,0.0,0.0,0.8432465671047933,0.8631479444463974,2.9495604405028724,11.961538461538462,2.459762925556025,2.733411400550729,3.5889549126403093,0.7254752483591793,5.538461538461538,0.8221963596487419,2.459762925556025,4.43470667925149,26.614423076923078,1.9285077086161975,16.489573928043935,17.06691209373208,12.73047952503806,17.468550019433597,18.741805689709132,19.948132506543207,0.0024430000644110094,0.002382800371439687,2016,3
2016-04-01,21,3.2447307684260522,0.285143997718848,0.42729775257816677,0.0,0.8447285621382231,0.0,0.7431951538920416,0.16708437761069342,0.5292475423067254,0.0,0.0,0.0,0.0,0.0,0.16708437761069342,0.0,1.3405663073068839,0.7326007326007327,0.7193353531888946,0.285143997718848,0.0,0.0,0.0,0.0,0.285143997718848,0.0,0.0,0.0,0.0,0.0,0.0,0.0,0.42729775257816677,0.0,0.0,0.0,0.0,0.0,0.0,0.285143997718848,0.32615786040443573,0.2334267040149393,0.0,0.0,0.0,0.0,0.0,0.0,0.0,0.7431951538920416,0.0,0.0,0.0,0.0,0.0,0.0,0.0,0.16708437761069342,0.0,0.2690341673392521,0.0,0.0,0.2602133749674733,0.0,0.647878198898607,1.6702161940539382,3.0274376575110558,11.19047619047619,2.469634677340416,2.7715672395591664,3.4359254972868016,0.7175866141151185,5.142857142857143,0.8209736571787457,2.469634677340416,2.4539327155617436,25.051001511715796,1.950779063839591,15.964413667602182,16.942457696616692,13.218631492517117,17.34355670301426,18.66291257513079,19.7623118807383,0.0017859599005746608,0.004714557928349125,2016,4
2016-05-01,34,4.016459698210943,0.0,0.0,0.0,0.8520191789390973,0.5545551795674384,1.3593869259134403,0.12306177701206004,0.0,0.0,0.20424836601307186,0.0,0.13808340237503453,0.0,0.12306177701206004,0.0,1.9550951501109595,0.30012004801920766,1.0779860309333322,0.2178649237472767,0.0,0.0,0.0,0.0,0.0,0.0,0.0,0.0,0.0,0.0,0.0,0.0,0.0,0.0,0.0,0.0,0.0,0.0,0.0,0.2178649237472767,0.12787723785166238,0.5062770173401582,0.0,0.0,0.13491635186184567,0.13808340237503453,0.14347202295552366,0.0,0.13808340237503453,1.242208580471678,0.0,0.0,0.11717834544176237,0.0,0.0,0.0,0.0,0.12306177701206004,0.0,0.0,0.0,0.0,0.0,0.0,0.6498811645870469,0.4233420603847909,2.547598866003986,11.941176470588236,2.412585411019296,2.7055693665641853,3.565789320165214,0.6813645390500084,3.9705882352941178,0.7333465005942205,2.412585411019296,1.1266483516074903,27.31910173160173,1.9389096015980276,14.34336722274231,17.522626125933133,12.911961060437958,17.78243526078608,19.45988739808956,20.58227824932758,0.0018586267981168505,0.0025851204204910576,2016,5
2016-06-01,29,4.44773229170273,0.0,0.0,0.0,0.16420361247947457,0.4528852820828329,0.13061650992685475,0.7282594477289797,0.29726516052318663,0.32840722495894914,0.0,0.0,0.1362954886193267,0.18843037497644619,0.13061650992685475,0.0,2.5715864944140243,0.19932230416583613,0.8930738946412928,0.0,0.0,0.0,0.0,0.0,0.0,0.0,0.0,0.0,0.0,0.0,0.0,0.0,0.0,0.0,0.0,0.0,0.0,0.0,0.0,0.0,0.0,0.16420361247947457,0.0,0.0,0.13061650992685475,0.0,0.0,0.0,0.3222687721559781,0.13061650992685475,0.0,0.0,0.0,0.0,0.18843037497644619,0.0,0.0,0.13061650992685475,0.40921256282567875,0.29726516052318663,0.0,0.0,0.0,0.0,1.280251169451418,0.43649061545176776,4.629665805580998,11.620689655172415,2.2569672398368854,2.7378043737896776,3.5390510072504116,0.6767003763446613,5.0344827586206895,0.6935167025240531,2.2569672398368854,2.7778922521566853,26.33668582375479,1.9059989274665947,18.758673353415666,16.834334033071162,12.749651413813488,17.583971113702237,18.713193630642266,20.085566096137907,0.001281701637572341,0.0035840823626774767,2016,6
2016-07-01,17,2.873298520188934,0.6257822277847309,0.5643704850361196,0.0,0.9189549425718242,0.796225874352335,0.39215686274509803,0.21867483052700634,0.4423384404576706,0.0,0.0,0.0,1.2004801920768307,0.0,0.21867483052700634,0.0,0.6463929502436813,0.5497526113249038,0.25799793601651183,0.0,0.0,0.0,0.0,0.6257822277847309,0.0,0.0,0.0,0.0,0.0,0.0,0.0,0.0,0.5643704850361196,0.0,0.0,0.0,0.0,0.0,0.0,0.0,0.35014005602240894,0.35014005602240894,0.21867483052700634,0.0,0.25799793601651183,0.5382279383358232,0.0,0.0,0.0,0.39215686274509803,0.0,0.0,0.0,0.0,0.0,0.0,0.0,0.21867483052700634,0.0,0.21867483052700634,0.0,0.0,0.0,0.22366360993066428,1.8527095877721167,1.1534025374855825,1.7454722297697767,12.058823529411764,2.496510516869316,2.7600786643187156,3.34643699103754,0.707869848131164,5.588235294117647,0.9213116813132994,2.496510516869316,2.073002326168477,25.50093795093795,1.9649549307221899,17.353787958904825,16.679252562388573,12.714890097377019,17.634458207264288,18.280938990288092,20.282562202606723,0.0011697253710710042,0.0023886835425749,2016,7
2016-08-01,16,1.749498357418088,0.47709923664122134,0.2248201438848921,0.0,1.3491270205401422,0.2248201438848921,0.29904306220095694,0.8667834766910906,0.0,0.0,0.0,0.0,0.28538812785388123,0.5813953488372093,0.0,0.0,0.0,0.0,0.2248201438848921,0.6578947368421052,0.0,0.0,0.0,0.0,0.47709923664122134,0.0,0.0,0.0,0.0,0.0,0.0,0.0,0.2248201438848921,0.0,0.0,0.0,0.0,0.0,0.0,0.6578947368421052,0.0,0.28538812785388123,0.0,0.4058441558441559,0.0,0.0,0.0,0.0,0.2248201438848921,0.29904306220095694,0.0,0.0,0.0,0.0,0.5813953488372093,0.0,0.28538812785388123,0.0,0.0,0.0,0.0,0.0,0.0,0.0,0.29069767441860467,0.834850704639198,4.186547633921536,11.6875,2.3319954303052755,2.7897756689887574,3.309019015443689,0.6244597268496878,4.625,0.7845678300340633,2.3319954303052755,0.936981228451028,23.364804292929293,1.895025067135999,23.316701263006884,15.581474648993527,12.6909276550968,16.391164192070168,17.61058472982102,18.54234289271117,0.0025850593091983993,0.0020246312747945203,2016,8
2016-09-01,22,1.7144829575813907,0.5309196792222403,0.267379679144385,0.0,0.15837820715869497,1.3094826907236703,0.8348946906037877,0.46971071027201994,0.0,0.5976354868759932,0.0,0.0,0.0,0.15837820715869497,0.0,0.0,0.9584692635467023,0.0,0.0,0.0,0.0,0.0,0.0,0.21958717610891523,0.311332503113325,0.0,0.0,0.0,0.0,0.0,0.267379679144385,0.0,0.0,0.0,0.0,0.0,0.0,0.0,0.0,0.0,0.0,0.15837820715869497,0.0,0.0,0.3918495297805642,0.7505208614778656,0.16711229946524064,0.0,0.0,0.43617060766917853,0.0,0.3987240829346092,0.0,0.0,0.15837820715869497,0.0,0.0,0.0,0.311332503113325,0.0,0.0,0.0,0.0,0.0,0.0,1.0127648817424442,3.952468655916144,11.590909090909092,2.426165264541473,2.7155874516587506,3.425156652731144,0.5773305562079183,4.045454545454546,0.6699152522525572,2.426165264541473,1.9059178589475174,27.081277056277056,1.915131329661464,16.168031419824214,17.570025526216895,12.797381578932665,17.930063268875877,19.422766661016706,20.622173694729906,0.002954938930869327,0.002971337637125132,2016,9
2016-10-01,27,3.546867174344656,0.18611576400521126,1.1692607023300479,0.0,0.7895044099612682,0.279485158917783,0.1959631589261219,0.27233115468409586,0.20576131687242796,0.7531220494183457,0.0,0.0,0.25195263290501385,0.27233115468409586,0.0,0.0,1.13973879179662,0.15304560759106214,0.6101397516479408,0.36653718630157794,0.0,0.0,0.0,0.0,0.0,0.18611576400521126,0.0,0.0,0.20576131687242796,0.0,0.1536806516059628,0.0,0.8098187338516569,0.0,0.0,0.0,0.0,0.0,0.0,0.36653718630157794,0.0,0.42296722365969025,0.0,0.0,0.0,0.14814814814814814,0.0,0.0,0.1313370107696349,0.1959631589261219,0.0,0.0,0.0,0.0,0.27233115468409586,0.0,0.0,0.0,0.0,0.20576131687242796,0.0,0.0,0.0,0.0,1.1773360821059193,0.34411130707427007,1.6364741969760128,12.296296296296296,2.6580658147470633,2.7334633738905127,3.4112150352260255,0.6043244108691495,6.0,0.8056331584969679,2.6580658147470633,2.3389252768020476,27.40961199294533,1.9183967453185622,15.8250539145511,17.2743574447093,12.871391360125457,17.637222880661255,19.230076481497573,20.283859159409594,0.0018758760653640818,0.0019536080387408702,2016,10
2016-11-01,45,2.21753028911623,0.08613264427217915,0.3857786908634367,0.0,1.0535260588570323,0.8469504723426082,1.363172700226555,0.22222777791667012,0.12554927809165098,0.23453695968315852,0.0,0.0,0.16400164001640016,0.0,0.0,0.0,0.4976053213022652,0.4315392315392315,0.8898471365751744,0.0,0.0,0.0,0.0,0.0,0.08613264427217915,0.0,0.0,0.0,0.12554927809165098,0.13468013468013468,0.0,0.0,0.12554927809165098,0.0,0.0,0.0,0.0,0.0,0.0,0.0,0.43378829326969714,0.4242130148065198,0.10482180293501046,0.09070294784580499,0.11757789535567313,0.618261465875824,0.0,0.1111111111111111,0.0,1.281171880218355,0.0,0.08200082000820008,0.0,0.0,0.0,0.0,0.0,0.0,0.22222777791667012,0.12554927809165098,0.0,0.0,0.0,0.0,0.5033565862191098,1.257296225815208,2.173633411447267,11.688888888888888,2.315565083508136,2.707824311223851,3.3413283501767133,0.6351540937208136,5.155555555555556,0.8094910870171308,2.315565083508136,1.7559842764367886,25.080605258938593,1.90882822417144,19.07807101348222,16.51838351191231,12.659322890083192,17.226405823696528,17.938150533668168,19.56052683426077,0.0017030492507454846,0.0030473297562973174,2016,11
2016-12-01,24,2.824405522589251,0.5674157303370787,0.0,0.0,1.754175544686052,0.9798527840866434,2.28242697978428,0.0,0.20128824476650564,0.20032051282051286,0.0,0.0,0.0,0.0,0.0,0.0,0.6102758173026713,0.5274261603375527,0.984375,0.5020080321285141,0.0,0.0,0.0,0.0,0.5674157303370787,0.0,0.0,0.0,0.0,0.0,0.0,0.0,0.0,0.0,0.0,0.0,0.0,0.0,0.0,0.5020080321285141,0.20032051282051286,0.8633100464941897,0.18853695324283562,0.0,0.15096618357487923,0.40371653248455347,0.0,0.42517006802721086,0.0,2.28242697978428,0.0,0.0,0.0,0.0,0.0,0.0,0.0,0.0,0.0,0.20128824476650564,0.0,0.0,0.0,0.0,1.146513144245873,0.6712037962037963,1.7602961401411592,11.375,2.1649501525970525,2.772175464618719,3.412066114851506,0.631959024581823,4.5,0.6805485738984425,2.1649501525970525,1.1880629475448552,25.923660714285713,1.9401514627387988,15.617903322960993,17.02523793735911,12.687393470524556,17.603388423407555,18.822333685633115,20.158142644835465,0.0023746084826415867,0.002568372931741567,2016,12
2017-01-01,16,2.706167598257768,0.0,0.3238341968911917,0.0,0.3787878787878788,0.3238341968911917,0.6340858889402579,0.0,0.26371308016877637,0.21331058020477817,0.0,0.0,0.3787878787878788,0.0,0.0,0.0,1.570070728372502,0.5439984108926088,0.0,0.0,0.0,0.0,0.0,0.0,0.0,0.0,0.0,0.0,0.0,0.0,0.3238341968911917,0.0,0.0,0.0,0.0,0.0,0.0,0.0,0.0,0.0,0.3787878787878788,0.0,0.0,0.0,0.0,0.3238341968911917,0.0,0.0,0.0,0.3306878306878307,0.30339805825242716,0.0,0.0,0.0,0.0,0.0,0.0,0.0,0.0,0.26371308016877637,0.0,0.0,0.0,0.0,1.7055860805860805,1.1310255379295333,2.931774136704526,12.1875,2.4967748890945374,2.752126173564497,3.3023410742248647,0.5901894420161848,4.8125,0.7166605106070831,2.4967748890945374,1.824571124517915,26.92609126984127,1.926611099214005,17.214032563480274,17.237655854252747,12.672864859294453,17.82913875611223,19.223920112366617,20.456961160064164,0.0025289280353853402,0.003174476727213731,2017,1
2017-02-01,40,1.8649705435417587,0.18248175182481752,0.8027385934536136,0.0,0.8500005203677728,1.2157573070211691,0.745998187858653,0.0,0.0,0.15822784810126583,0.0,0.0,0.14970059880239522,0.0,0.0,0.0,0.9553187271576242,0.2860091404983046,0.3157142289821691,0.0,0.0,0.0,0.0,0.0,0.18248175182481752,0.0,0.0,0.0,0.3854364326375711,0.0,0.25907431271477666,0.0,0.15822784810126583,0.0,0.0,0.0,0.0,0.0,0.0,0.0,0.11904761904761907,0.43767507002801115,0.2932778312921426,0.0,0.4247391952309985,0.7910181117901707,0.0,0.0,0.0,0.5944830363435014,0.0,0.15151515151515152,0.0,0.0,0.0,0.0,0.0,0.0,0.0,0.0,0.0,0.0,0.0,0.0,0.5488905713120961,0.22421524663677128,1.6782021255833353,11.775,2.25674779758912,2.763759354688099,3.481072939407496,0.6435978352818814,4.425,0.7507568187432909,2.25674779758912,2.593807792372309,29.823809523809523,1.893347646855337,19.651224656157815,16.774524592884866,12.775749534976418,17.276795515476483,18.482249808124102,19.81461918104278,0.0024555678155816604,0.0029914069630479125,2017,2
2017-03-01,58,3.133750486857407,0.19180189826702565,0.5708429468402759,0.0,0.3030366034950568,0.5137614812274245,0.6406131410979523,0.08132726089785294,0.19499178981937604,0.18271755633163425,0.0,0.0,0.4169570759201092,0.0,0.08132726089785294,0.0,1.2610153106810629,0.7948607940476567,0.39687248897909055,0.0,0.0,0.0,0.0,0.0,0.11123470522803114,0.0,0.0,0.08056719303899453,0.2016329927845868,0.0,0.09319664492078285,0.0,0.27601330913490624,0.0,0.0,0.0,0.0,0.0,0.0,0.0,0.0,0.3030366034950568,0.0,0.0,0.0,0.25827362365245254,0.13233514821536602,0.0,0.1231527093596059,0.6406131410979523,0.0,0.0,0.0,0.0,0.0,0.0,0.0,0.08132726089785294,0.0,0.1231527093596059,0.0,0.0,0.0,0.07183908045977012,0.24326461108070302,0.48774954627949185,1.8074167680165227,12.137931034482758,2.4714641698058104,2.729010206528068,3.36634026744464,0.6498656640019506,4.327586206896552,0.8255132882578148,2.4714641698058104,1.8416392993417423,27.078565208737622,1.9074435284521034,16.877914408201992,17.381631357968644,12.764203875906501,17.716266625281772,19.194134660335404,20.440686000668837,0.0014327745196702603,0.00500004137454859,2017,3
2017-04-01,30,3.0655731419339833,0.6000508517670989,0.8514929231041762,0.0,1.1847119313627805,1.651105008554754,0.7611177791006222,0.3854965195171381,0.0,0.4584092289010322,0.0,0.0,0.0,0.0,0.1718213058419244,0.0,1.6631042246585266,0.21367521367521367,0.5585631688572865,0.0,0.0,0.0,0.11695906432748539,0.0,0.48309178743961356,0.0,0.0,0.0,0.0,0.0,0.0,0.0,0.8514929231041762,0.0,0.0,0.0,0.0,0.0,0.0,0.0,0.9069341535850027,0.2777777777777778,0.0,0.0,0.1893939393939394,1.104602041975061,0.19607843137254902,0.0,0.1610305958132045,0.7611177791006222,0.0,0.0,0.0,0.0,0.0,0.0,0.21367521367521367,0.1718213058419244,0.0,0.0,0.0,0.0,0.0,0.0,1.5030915296656788,1.2008270870472832,3.5170513695641206,12.233333333333333,2.416709273021623,2.7760613527849305,3.354691913077963,0.5935475979986514,4.9,0.730495467862541,2.416709273021623,2.0471507893687146,27.36583092833093,1.942855454108735,13.838804304291337,17.474354242249493,12.78956322573959,17.85596423311133,19.229406824003977,20.559358928248304,0.002188303657530448,0.002778481022096442,2017,4
2017-05-01,53,2.7048256615991044,0.5656345420778477,0.33395963589555444,0.0,0.9264506788893888,0.8349579823061054,1.0745419062025576,0.18492684617138588,0.5150181077818677,0.4405670873375663,0.0,0.0,0.30303030303030304,0.0,0.0,0.0,1.3101628196930062,0.26205450733752617,0.3890109442007028,0.0,0.16697278343629987,0.0,0.0,0.2821930887137583,0.0,0.0,0.11646866992778943,0.0,0.0,0.09930486593843098,0.0,0.0,0.23465476995712348,0.0,0.0,0.0,0.0,0.0,0.0,0.0,0.1283532280836863,0.24680498292932201,0.11435105774728416,0.43694141012909626,0.06667111140742715,0.7682868708986783,0.0,0.0,0.0,0.7745689057578591,0.09827044025157232,0.20170256019312624,0.0,0.0,0.0,0.0,0.10144045445323596,0.0,0.08348639171814994,0.3339959386271565,0.06667111140742715,0.0,0.11435105774728416,0.0,0.6417377242098892,0.5612259538710203,2.6071346236385855,12.018867924528301,2.546205832871131,2.7444029357572526,3.439983750441613,0.6895937933426765,4.471698113207547,0.6921961139556877,2.546205832871131,2.7644723303171914,25.6512177026328,1.920157861363762,17.96626784761816,16.718187320670182,12.716269213768435,17.289378346181962,18.50334798882586,19.77088435282177,0.0021162951601601124,0.002065474147901747,2017,5
2017-06-01,38,2.2621267506267957,0.18274853801169588,0.5086229919059946,0.0,0.24906015037593987,0.23503620074054482,1.1240047665266615,0.16761649346295676,0.0,0.12963443090484833,0.0,0.0,0.0,0.16761649346295676,0.0,0.0,1.19878955015936,0.4286904957096792,0.33739578038995166,0.0,0.0,0.0,0.0,0.0,0.18274853801169588,0.0,0.0,0.0,0.0,0.0,0.0,0.0,0.5086229919059946,0.0,0.0,0.0,0.0,0.0,0.0,0.0,0.0,0.1174812030075188,0.0,0.13157894736842105,0.0,0.0,0.0,0.0,0.23503620074054482,0.9950057985184054,0.12899896800825594,0.0,0.0,0.0,0.16761649346295676,0.0,0.0,0.0,0.0,0.0,0.0,0.0,0.0,0.0,0.12963443090484833,0.44863453011226295,1.4075772866783303,11.0,2.1070136500214782,2.748892379536452,3.352692357815714,0.6174944316525145,4.5,0.7227176493817594,2.1070136500214782,3.044365458586129,24.97792310029152,1.9137064960960244,19.173648590055226,16.384576427655826,12.672983390819164,17.054509627167747,18.102006500733058,19.52113256127025,0.002376162536433732,0.003645178656667248,2017,6
2017-07-01,38,2.542701376958046,0.0,0.6729213590412616,0.0,0.7159843437069435,0.6365080912535419,1.4133621541631747,0.27700831024930744,0.1016053647632595,0.12963443090484833,0.0,0.0,0.0,0.0,0.0,0.0,1.8357698983680504,0.0,0.41585048649690115,0.16144656118824668,0.0,0.0,0.0,0.0,0.0,0.0,0.0,0.0,0.2358695967718524,0.0,0.1470155836518671,0.0,0.29003617861754216,0.0,0.0,0.0,0.0,0.0,0.0,0.16144656118824668,0.14302059496567507,0.4115171875530218,0.0,0.0,0.12127091923356778,0.5152371720199741,0.0,0.0,0.0,1.2267253493852726,0.0,0.1866368047779022,0.0,0.0,0.0,0.0,0.27700831024930744,0.0,0.0,0.0,0.0,0.1016053647632595,0.0,0.0,0.5083607002730752,0.33701274462752623,3.007604695817561,12.105263157894736,2.4072529338371673,2.761067244122826,3.3165402788539753,0.5929680355726461,4.368421052631579,0.7346961364241501,2.4072529338371673,3.4444117005439425,26.509617794486218,1.896513378550611,17.388795710742706,17.170362470316295,12.818224917738522,17.426890332608142,19.094715678019092,19.931424377236095,0.001366982460994904,0.0016623284796872342,2017,7
2017-08-01,28,1.5115395922993822,0.5737706373236967,0.47908197687933374,0.0,0.877714822355874,0.606193700752718,2.0001829212042765,0.15802781289506954,0.0,0.0,0.0,0.0,0.0,0.15802781289506954,0.0,0.0,0.9270383455166064,0.42647343388770637,0.0,0.0,0.0,0.0,0.0,0.3403439333087575,0.2334267040149393,0.0,0.0,0.0,0.0,0.0,0.0,0.0,0.47908197687933374,0.0,0.0,0.0,0.0,0.0,0.0,0.0,0.5756764768392675,0.3020383455166064,0.0,0.0,0.0,0.16087516087516088,0.0,0.2768549280177187,0.16846361185983824,2.0001829212042765,0.0,0.0,0.0,0.0,0.15802781289506954,0.0,0.0,0.0,0.0,0.0,0.0,0.0,0.0,0.0,0.36865878953306946,0.4881554722152754,1.9713120567853004,11.678571428571429,2.28997071013005,2.7548507300966345,3.4105757103802388,0.6462290487258785,4.071428571428571,0.6419758333184261,2.28997071013005,1.636603513114043,24.963265306122448,1.9223831934912035,18.139730243829174,16.411215126591042,12.745490402213141,17.090163378692445,18.108483212348183,19.416978507829477,0.0028921921188693536,0.0017773052752554116,2017,8
2017-09-01,46,2.4667393959614587,0.2295727136431784,0.30013972374853004,0.0,0.5414177316584513,0.3610423627358665,1.3208500658595468,0.2504441975882726,0.12565971349585323,0.26983762489834456,0.0,0.0,0.4168962941919743,0.0,0.0,0.0,1.125575780664026,0.23126734505087881,0.19913251565343607,0.22402983550279873,0.0,0.0,0.0,0.2295727136431784,0.0,0.0,0.0,0.0,0.1659475605708596,0.0,0.0,0.0,0.1341921631776704,0.0,0.0,0.0,0.0,0.0,0.0,0.22402983550279873,0.23008215143765015,0.0,0.0,0.08730574471800243,0.1271294177472667,0.0997207818109294,0.0,0.0,0.1341921631776704,1.1359975023882893,0.0,0.18485256347125756,0.0,0.0,0.0,0.0,0.0,0.0,0.2504441975882726,0.12565971349585323,0.0,0.0,0.0,0.0,0.7468702797056495,0.536966048556121,2.2702102941571964,11.695652173913043,2.2504308870622065,2.763600949541745,3.369652473719899,0.6344795424897608,5.239130434782608,0.7760422580935773,2.2504308870622065,2.371394894593877,25.110567753502536,1.923642491488357,17.321622944768944,16.655795725199646,12.872847333080925,17.187303184019843,18.302296408846793,19.66890484307291,0.0014876796572470049,0.0031197689521752533,2017,9
2017-10-01,48,2.3851932717422737,0.40734775473147566,0.3606284856284856,0.0,1.1679559780457651,0.4993374400534416,1.6035195889958131,0.08753501400560225,0.11322463768115942,0.0,0.0,0.0,0.1177024482109228,0.0,0.0,0.0,1.1996669842419514,0.500349899106182,0.4732054635618,0.09426847662141781,0.0,0.0,0.12112403100775193,0.11261261261261261,0.17361111111111113,0.0,0.0,0.0,0.0,0.0,0.0,0.0,0.3606284856284856,0.0,0.0,0.0,0.0,0.0,0.0,0.09426847662141781,0.5381445394537694,0.4433600711151207,0.0,0.09218289085545722,0.19654088050314464,0.302796559550297,0.0,0.0,0.0,1.4205986301048916,0.0,0.1829209588909214,0.0,0.0,0.0,0.0,0.0,0.0,0.08753501400560225,0.11322463768115942,0.0,0.0,0.0,0.0,0.1765536723163842,0.3633720930232558,1.6364485101287138,11.145833333333334,2.1389573593823137,2.727012266081777,3.422813906251182,0.6786700132621332,4.145833333333333,0.7246128232100504,2.1389573593823137,3.3550209825432415,25.12148644179894,1.979125894442791,12.14579381074609,17.437915287198525,13.113922318029067,17.834240124409703,18.922438744232092,20.655613881072114,0.000703086089860549,0.0023782760023489356,2017,10
2017-11-01,73,2.170500160660274,0.32101202744683777,0.3904960282748478,0.0,1.2154459537799682,0.6113530810919034,0.5570800486190657,0.22326379055781517,0.3762104780982993,0.31181089752007096,0.0,0.0,0.07134703196347031,0.0,0.06008171112713289,0.0,1.3578318030262635,0.0,0.16548080372982799,0.2039479132935087,0.0,0.0,0.0,0.13684429314113164,0.18416773430570613,0.0,0.0,0.0,0.14516637036307264,0.0,0.07652865998316369,0.0,0.16880099792861147,0.0,0.0,0.0,0.0,0.0,0.0,0.2039479132935087,0.26590097103236354,0.47696320228978706,0.18354920792836918,0.08508465923593975,0.0,0.5377045319683212,0.0,0.0,0.07364854912358228,0.47968665801462335,0.0,0.0,0.07739339060444239,0.0,0.0,0.08953353030710001,0.0,0.06008171112713289,0.07364854912358228,0.3762104780982993,0.0,0.0,0.0,0.0,0.34785598983416494,0.4716446036554497,3.251992692014443,12.054794520547945,2.3761690681836547,2.756770410586993,3.3814201105722552,0.6570268885163116,4.260273972602739,0.6911105793129868,2.3761690681836547,2.4899040780511252,25.905950898416652,1.915839925340161,17.961067491809533,16.764902738126857,12.809777284326625,17.358362115850987,18.595529302367037,19.870234761057194,0.001702829133178437,0.0027741342481162625,2017,11
2017-12-01,41,3.879222212243529,0.13702384214853383,0.1636929120969062,0.0,0.886531989089354,0.8480547980866449,1.4652343507861778,0.24722083955533436,0.15149219815179515,0.1636929120969062,0.0,0.0,0.0,0.0,0.24722083955533436,0.0,2.388293481597167,0.8284829495101932,0.0,0.2515320294839283,0.0,0.0,0.0,0.13702384214853383,0.0,0.0,0.0,0.0,0.0,0.0,0.0,0.0,0.1636929120969062,0.0,0.0,0.0,0.0,0.0,0.0,0.2515320294839283,0.11450818733539449,0.5204917722700311,0.0,0.0,0.08130081300813008,0.7667539850785148,0.0,0.0,0.0,1.372495780814927,0.0,0.0,0.09273856997125104,0.0,0.0,0.0,0.0,0.24722083955533436,0.0,0.0,0.0,0.15149219815179515,0.0,0.0,1.3248910919960912,0.15339776039269828,3.6512973590699054,11.853658536585366,2.359799487940559,2.7455505547934305,3.304267018027736,0.5955278186850653,4.780487804878049,0.7499117949153137,2.359799487940559,3.095802513744343,25.03317055573153,1.9188796552031708,16.948643725917407,16.791761619684465,12.957384357265186,17.07361024837179,18.80708554664318,19.57137113222795,0.0011682088972726373,0.002026773415070809,2017,12
2018-01-01,36,3.640853166980104,0.2586872407314396,0.39974175824965735,0.0,1.0117342457226044,0.2822032376407809,0.8288801048897829,0.4857991699846317,0.0,0.16534391534391532,0.0,0.0,0.19157088122605362,0.36179123347669523,0.0,0.0,2.0839422486148234,0.36341308894616714,0.47479179937244914,0.0,0.0,0.0,0.0,0.0,0.10521885521885523,0.0,0.1534683855125844,0.0,0.0,0.0,0.1534683855125844,0.0,0.24627337273707292,0.0,0.0,0.0,0.0,0.0,0.0,0.0,0.5700723249318268,0.34419603385120623,0.0,0.09746588693957116,0.0,0.15179113539769276,0.0,0.13041210224308816,0.0,0.8288801048897829,0.0,0.0,0.0,0.0,0.36179123347669523,0.12400793650793651,0.0,0.0,0.0,0.0,0.0,0.0,0.0,0.0,0.6430041152263375,0.6715098984835827,2.1443874899982784,11.88888888888889,2.3081902497121467,2.7542079931568035,3.347543368866354,0.5928729197044762,5.0,0.7548633650907632,2.3081902497121467,1.5511744944785426,26.570006613756615,1.938633698968371,14.378145040624364,17.578610327074998,12.89516361077908,18.07213391907037,19.284999175230986,20.78427041405041,0.00203735799881346,0.0024577482616970356,2018,1
2018-02-01,109,2.5027651088491183,0.826560156588532,0.47853681289613387,0.0,0.8596983635808128,0.8410432087498377,1.285083525534982,0.303336578766387,0.32575038479453544,0.09807555679115312,0.0,0.0,0.16222575590919888,0.07339449541284404,0.14406678215132804,0.0,1.1103621276534699,0.2789878467442976,0.5937607089055233,0.04189183528130367,0.0,0.0,0.0,0.28767172486737613,0.4808231663628932,0.0,0.0,0.05806526535826269,0.16315193623544813,0.0,0.08596765584177575,0.07003291547027102,0.15938430534863893,0.0,0.0,0.0,0.0,0.0,0.0,0.04189183528130367,0.30821132320362,0.5095952050958891,0.0,0.0,0.18040391645416978,0.5583224864040439,0.10231680589162398,0.0,0.0,1.2439431133080514,0.0,0.0,0.0,0.04114041222693051,0.07339449541284404,0.08587530120221493,0.0,0.14406678215132804,0.0,0.2281623368195263,0.0,0.051253139254779354,0.0,0.04633490872022983,0.5793382230307584,0.2322541354726448,2.013412565755753,11.577981651376147,2.28017015385189,2.756888365093079,3.378111934019989,0.618538807910924,4.862385321100917,0.7160390241331746,2.28017015385189,2.2463757511854348,25.46670505844818,1.945244613091772,15.679668188698805,16.880533465236358,12.923860492866195,17.322483937289693,18.66564364180311,19.82410298772402,0.002030993415622847,0.002971750220486103,2018,2
2018-03-01,117,2.7467233263274493,0.6056655679718025,0.328918949413783,0.0,0.8075526476182197,0.814618711276435,0.9682366109744142,0.342855120754587,0.2948918044778868,0.21257522888312191,0.0,0.0,0.1716242877274219,0.08426919764129066,0.15453742509147747,0.0,1.149361627431742,0.3904854558101988,0.5355819198607922,0.048288183881404226,0.0,0.0,0.0,0.14847189677496042,0.3497159147124631,0.056602705609328126,0.05087505087505087,0.0,0.11276209131796332,0.0,0.0,0.0,0.2161568580958197,0.0,0.0,0.0,0.0,0.0,0.0,0.048288183881404226,0.3079808044039132,0.2776659611345216,0.1736176981983807,0.0,0.16234842380140246,0.4259446296872188,0.03606332720256771,0.03576154203769266,0.15450078854755334,0.9363447880378151,0.031891822936599055,0.0,0.0,0.0,0.08426919764129066,0.07262567248134631,0.0,0.15453742509147747,0.0314228255404726,0.2948918044778868,0.0,0.0,0.0,0.0,0.5975941359848383,0.7088985393760688,2.560010865747966,11.948717948717949,2.3121783030814917,2.765033143171059,3.4906159589299377,0.6836452921055484,5.196581196581197,0.7832615196949586,2.3121783030814917,2.717939480893155,27.75616143116143,1.9268754299688642,15.754621603092778,17.46574733109466,13.013428867571495,17.79078165699555,19.454919940794746,20.464694259900654,0.0016902756749714654,0.0032690913849826374,2018,3
2018-04-01,90,2.5052732876983552,0.5928714559623086,0.5603112163809507,0.0,1.011527015211705,0.6215694345530326,1.3676045694782129,0.11333242667391995,0.42473920983532465,0.08129718803876107,0.0,0.0,0.1136360486805746,0.048732943469785565,0.0,0.0,1.1412382893244377,0.5763328168368412,0.5025766315303765,0.04145936981757877,0.0,0.0,0.07558578987150415,0.13244780335127296,0.3848378627395315,0.0,0.0,0.0,0.11589478926162344,0.0,0.06775067750677508,0.0,0.3766657496125521,0.0,0.0,0.0,0.0,0.0,0.0,0.04145936981757877,0.403149377535043,0.5093477439673159,0.0,0.057570523891767415,0.1714370900417412,0.3281264354683453,0.05341880341880342,0.0,0.06858710562414266,1.2826893876141547,0.0,0.08491518186405807,0.0,0.0,0.048732943469785565,0.06459948320413436,0.0,0.0,0.0,0.3402538027692724,0.0,0.044802867383512544,0.03968253968253968,0.0,0.3745726085538954,0.8255395493449877,3.1700069253928214,11.6,2.2665580593949195,2.786429560334317,3.474308535220181,0.6864600718666221,5.055555555555555,0.8034977769991619,2.2665580593949195,2.4186789836582894,26.68640251723585,1.9097741016701577,17.32037259720879,17.11987735292164,12.969078123750865,17.636177240115966,19.19272387003785,20.231210393764524,0.002202931472589787,0.0022791263666597085,2018,4
2018-05-01,196,2.6356829958422088,0.20866947153853924,0.3709846950652032,0.0,0.6364574555026467,0.7311748547392276,1.2893451694544786,0.3834220760722038,0.27923559370366413,0.07503001200480192,0.03751500600240096,0.0,0.3146296221561461,0.04689076587572828,0.2117731451348714,0.0,1.1467239248485748,0.43326804424702325,0.23929303054704823,0.13055944502561337,0.0,0.0,0.0,0.05020729489952663,0.0933685716294412,0.0,0.0650936050095714,0.0,0.0989531311145761,0.0,0.0,0.0,0.27203156395062716,0.0,0.0,0.0,0.0,0.0,0.0,0.13055944502561337,0.2588909310948595,0.20864587023686146,0.0,0.03836120914531226,0.08890080118426108,0.5510011313426034,0.0,0.0,0.0912729222123632,1.2065430785682199,0.0,0.06376462515369691,0.0,0.01903746573256168,0.04689076587572828,0.0,0.0,0.2117731451348714,0.12475816506160414,0.2023326494072389,0.051645316492828525,0.025257627803596687,0.0,0.0,0.7314940970300127,0.7600526270935126,2.589688963645656,11.229591836734693,2.1455254937841626,2.750505625811246,3.4126304051154457,0.6322318242171312,4.75,0.7648815723470852,2.1455254937841626,2.121849178274628,26.241121675943106,1.932411328203032,16.343619835622775,17.051154576300007,12.977978976177173,17.451420359090484,18.769632693164887,19.968340826130024,0.001502157036759748,0.0030578443177276134,2018,5
2018-06-01,151,2.0568764444845664,0.4242369084542623,0.8119033667895913,0.0,0.5157217051776853,0.53107162694992,1.5789576782869725,0.21679819373867593,0.28190958027176405,0.1600015004692458,0.08008078530834624,0.023994625203954314,0.21344460636822868,0.0,0.10156362892270415,0.0,1.0784536657513182,0.1500433588981028,0.1580915243891149,0.09120274917355156,0.0,0.0,0.0,0.03522615189516697,0.3637339758098915,0.0,0.02527678074920378,0.0,0.14078781836739537,0.0,0.0,0.0,0.671115548422196,0.0,0.0,0.0,0.0,0.0,0.0,0.09120274917355156,0.1699473501204373,0.220434922603844,0.03413668327985253,0.0,0.0269207990093146,0.30486438153176676,0.16228914721168006,0.0,0.036997299197158606,1.432166529821484,0.05518763796909493,0.06280996025164845,0.028793550244745177,0.0,0.0,0.07358351729212656,0.04165104752384523,0.10156362892270415,0.0,0.23623705229734066,0.0,0.04567252797442338,0.0,0.0,0.6576549894965502,0.7343810199736744,3.0044725605560907,11.6158940397351,2.2142261202369817,2.749558945471645,3.3766138491294244,0.6072894328377756,4.675496688741722,0.7557029404871788,2.2142261202369817,3.2216283035694397,26.10597235729686,1.9200310764524064,16.03823106674796,17.17797729287418,12.84699627553462,17.687555390750042,18.925836341860293,20.302910334420826,0.0017505887367044318,0.0023772758116462583,2018,6
2018-07-01,116,2.05995537156592,0.29191493218825376,0.21594316478124576,0.0,0.9338150828624193,0.337690752888589,1.7786990206795625,0.40755694663878905,0.1247010104966448,0.19295374124321304,0.0,0.0,0.21801975451990815,0.0,0.18477875448585768,0.0,1.0680071352010096,0.18451414024126644,0.21168184587466488,0.0,0.0,0.0,0.05904581955597544,0.15075801885789855,0.08211109377437979,0.0,0.0,0.0,0.062468765617191405,0.0,0.0,0.0,0.15347439916405434,0.0,0.0,0.0,0.0,0.0,0.0,0.0,0.4959644745394361,0.11212721342031688,0.03134796238244514,0.2943754325202212,0.030142271521581866,0.26707575998122113,0.0,0.0,0.04047272138578598,1.740554376187649,0.038144644491913335,0.0,0.0,0.0,0.0,0.03831417624521073,0.10902252536063414,0.18477875448585768,0.07544149054708654,0.1247010104966448,0.0,0.0,0.0,0.0,0.25716005200243763,0.40568211957189,3.118844634865568,11.827586206896552,2.27418497046502,2.7787360414279245,3.4392265053612503,0.6482385283340186,5.224137931034483,0.7768241214254483,2.27418497046502,3.0227459020446643,26.083374551693517,1.9056922812606913,17.81918431657437,16.799969665581816,12.82816356262293,17.28103565894271,18.678967118302975,19.716809068502098,0.0021118324141373855,0.002962095121299067,2018,7
2018-08-01,76,2.5824547422110826,0.4743529198046164,0.4063590408913596,0.0,0.8659816319831999,0.6264323776278257,2.2220632852252997,0.17949657296819446,0.26367903012385674,0.09201324990798676,0.06782419967444385,0.0,0.0,0.056715063520871134,0.12278150944732331,0.0,1.3787122852967189,0.2616919969637206,0.34753504420070785,0.2551813931993103,0.0,0.0,0.06387327542156361,0.0,0.41047964438305284,0.0,0.0,0.0,0.0,0.0,0.0,0.0,0.4063590408913596,0.0,0.0,0.0,0.0,0.0,0.0,0.2551813931993103,0.22278832477413527,0.2675561353879421,0.05263157894736842,0.06782419967444385,0.22595465843187468,0.33334560319165457,0.0,0.0,0.06713211600429646,2.2220632852252997,0.0,0.0,0.0,0.0,0.056715063520871134,0.0,0.0,0.12278150944732331,0.0,0.1787893866603593,0.0,0.08488964346349745,0.0,0.0,0.7566541685324859,0.1468769325912183,3.034819967796851,11.513157894736842,2.276415617343189,2.775534646137309,3.440524971106098,0.6399663926519095,4.631578947368421,0.7649522591294655,2.276415617343189,1.8411872768374855,26.100316131237182,1.9423564015150112,15.177528508435199,17.277089665088894,12.942213999920309,17.528819933510334,18.971880744274777,20.01140862282128,0.001250951866885047,0.003130733989924719,2018,8
2018-09-01,171,2.5235172561085757,0.41079817786820005,0.6675406329933506,0.0,0.7898412476180343,0.5992518800612665,1.5217994315621548,0.5149721965290629,0.15037735098308475,0.14873787237898398,0.0,0.0,0.26348249656468836,0.0,0.14642183372395948,0.0,1.1835073062110508,0.20080910341172317,0.5002047141557863,0.08035392966238365,0.0,0.0,0.0354421407052986,0.22274498212900443,0.1317998336233124,0.0,0.020811221410584585,0.0,0.1897258455491741,0.0,0.0336089265308866,0.0,0.44420586091328995,0.0,0.0,0.0,0.0,0.0,0.0,0.08035392966238365,0.26811719078446866,0.26105741060411614,0.0906398648209365,0.08967285174612932,0.1831724197785331,0.3155836209037952,0.024991253061428506,0.049397652315838876,0.026106934001670846,1.4641828149299183,0.05761661663223674,0.0,0.0,0.0,0.0,0.07590105716778331,0.19840904884378735,0.14642183372395948,0.09424025679353265,0.12472843336740813,0.0,0.0,0.025648917615676614,0.0,0.2398091876341363,0.7069483746604243,2.700725344352721,11.695906432748538,2.3346865342439926,2.7653563479891883,3.3428160282137065,0.6039064126955517,4.549707602339181,0.6943282515285297,2.3346865342439926,2.4320777983029873,25.740476255388536,1.9074274341521267,17.82702148404141,16.73943760695619,12.836799170881427,17.16139176120933,18.588227812407496,19.523343235364415,0.0015681382289125816,0.0022220559620271555,2018,9
2018-10-01,191,2.903217123930807,0.3071363488846718,0.501689068875131,0.0,1.1077864665344543,0.575397758982557,1.1555029448830652,0.18679707296166215,0.1283760300089832,0.24270191238128405,0.0241271985909716,0.025539522410930916,0.23536983566794298,0.0,0.12616471914548094,0.0,1.2914582506516723,0.3428151936276185,0.3702375487302191,0.2448029427246867,0.0,0.0,0.0,0.14535485824420202,0.13134194358093002,0.0,0.030439547059539752,0.0,0.026309558262516776,0.0,0.060335423700785804,0.0,0.4150440869118283,0.0,0.0,0.0,0.0,0.0,0.0,0.2448029427246867,0.3098778294829853,0.3420826645187061,0.02712747199088517,0.18389555781719116,0.08345957932176477,0.40716676549097836,0.025171163914619415,0.024696236293588854,0.034904013961605584,1.1276539975732733,0.0,0.027848947309791688,0.0,0.0,0.0,0.02316638094796831,0.017930144158359033,0.12616471914548094,0.019535828709853872,0.09459795198162296,0.0,0.03377807802736024,0.0,0.0,0.3761122602408567,0.5053577548759897,2.513460518050126,11.821989528795811,2.31315446373485,2.770290267597808,3.400559799647254,0.6277749575880908,5.0942408376963355,0.7806256565826745,2.31315446373485,2.7392012250754063,25.685837925890283,1.921602095948223,17.05498542095326,16.87171463931479,12.873470376803374,17.30927246036072,18.566323581884163,19.774300626270904,0.0020347417765181875,0.002637497629567415,2018,10
2018-11-01,170,2.9452854206884926,0.37909452444512726,0.5022289407408086,0.0,0.8391331850046478,0.888522775659206,1.2217802327131344,0.33784210564403067,0.12372105792727356,0.030012004801920768,0.026497085320614733,0.0,0.042303240564934334,0.026028110359187923,0.26621436008192434,0.0,1.5262679975017495,0.4065213692513298,0.49590426305708835,0.12553698974974284,0.0,0.02686005909213,0.08680555555555555,0.09829969756093736,0.16712921223650434,0.0,0.0,0.0,0.1305302427229764,0.0,0.0,0.0,0.3716986980178321,0.0,0.0,0.0,0.0,0.0,0.0,0.12553698974974284,0.21136529502175108,0.3052802751608765,0.0,0.19695062507227745,0.1061828089274246,0.5409963520831738,0.06805381727158948,0.02306805074971165,0.15022174662730656,1.084597005468022,0.07715307676351697,0.026028110359187923,0.03400204012240734,0.0,0.026028110359187923,0.0,0.0,0.26621436008192434,0.045599635202918376,0.08552396090664711,0.03819709702062644,0.0,0.0,0.0,0.4829285567571917,0.6087433374031561,3.1807347763114002,11.447058823529412,2.1386876963281862,2.7689123309492127,3.400040430782991,0.6252607912903003,4.7176470588235295,0.7187394628321357,2.1386876963281862,2.757286378844275,26.064848060436297,1.9105216195478496,17.404554829054284,16.9079747196122,12.825646261323199,17.453378223497,18.6670203109412,19.902493305272774,0.002025506955967258,0.0025278247378481746,2018,11
2018-12-01,126,2.905396708955068,0.7618537476839795,0.3680669732763908,0.0,0.708659587809838,0.6811516710964957,1.4284092964650437,0.4514796868555157,0.24240416525673292,0.17301987728135637,0.0,0.0,0.20946215761904413,0.13840297409938776,0.09115944522126015,0.0,1.2300805215620574,0.3367700496958297,0.6904266474010964,0.03607503607503607,0.0,0.0,0.1442413575941686,0.2927105299674843,0.23312051834098474,0.0,0.09178134178134179,0.0,0.0,0.0,0.06298815822625346,0.0,0.30507881505013734,0.0,0.0,0.0,0.0,0.0,0.0,0.03607503607503607,0.2800811488220175,0.262674146337996,0.0,0.1298292565747884,0.21232564842706236,0.43386343264076405,0.034962590028669326,0.0,0.0,1.398232460204557,0.0,0.0,0.0,0.03017683626048645,0.13840297409938776,0.0,0.1155478134349153,0.09115944522126015,0.10636945409995248,0.10257303490386196,0.08960006746358021,0.0,0.0,0.05023106288929074,0.489891085236425,0.9065565731813724,3.132564465337514,11.571428571428571,2.2281732587005387,2.7682970292830604,3.3873270300751788,0.6543291754900668,5.007936507936508,0.7550782262502138,2.2281732587005387,3.242478710286466,26.26526174442841,1.9531362841499835,13.542126420816203,17.46162239770194,13.013844486024519,17.668738451123726,19.207204310536746,20.279240804834853,0.001609091542059387,0.0035873546680708344,2018,12
2019-01-01,167,2.5970870484279827,0.6698114025900793,0.5454697991204717,0.0,0.9068475477910988,0.7146178450074849,1.398361598621741,0.38019057984505966,0.09149076340874353,0.09051285330843004,0.04216918276123809,0.0,0.2771289474415412,0.06671944751093715,0.21440589502116755,0.0,1.2508136233206473,0.18659004935007842,0.34358785169982875,0.12515919801411376,0.0,0.0,0.03236769703835572,0.3040250428623723,0.31002794412647705,0.0,0.023390718562874252,0.0,0.29251063089901347,0.0,0.033083005260197834,0.0,0.2198761629612603,0.0,0.0,0.0,0.0,0.0,0.0,0.12515919801411376,0.3285106294406745,0.32143089443130674,0.022942620506114206,0.10880420539888962,0.13869650835346808,0.2578292410935,0.0,0.17017454102969523,0.14791755453082164,1.398361598621741,0.0,0.0,0.0,0.0,0.06671944751093715,0.0,0.0,0.21440589502116755,0.09906523731295495,0.09149076340874353,0.0,0.0,0.0,0.0,1.064131408517056,0.5729497160714551,2.613650175267719,11.658682634730539,2.20438485768829,2.7790172591682207,3.4324390159474043,0.6511341342886048,5.137724550898204,0.7792907172810127,2.20438485768829,2.7794025473150104,26.918345925531558,1.9036478460855835,18.167397994120797,16.80302882536233,12.802243914184244,17.237109504527933,18.659394892905027,19.720732692864704,0.001907452446776656,0.0026059816347864854,2019,1
2019-02-01,198,3.3724208027365656,0.49918007826820393,0.4618087429650329,0.0,1.1569984273072438,0.4353396215636102,1.478179324067292,0.33462388890054834,0.07428160447213404,0.15803127924042,0.026304713804713803,0.0,0.21253861126024937,0.05522720200033829,0.1513118963004203,0.0,1.5986613145718087,0.452752570427646,0.556964449732242,0.16062876539872759,0.0,0.0,0.030424729219909945,0.1178350625864438,0.24332444045742785,0.02616841995080337,0.081427426053619,0.0,0.16162535174101977,0.0,0.04984974864492937,0.0,0.2503336425790838,0.0,0.0,0.0,0.0,0.0,0.0,0.16062876539872759,0.3671602923586748,0.40480660889589615,0.06335314454859549,0.16104961610534965,0.13457377111725316,0.19588641088949815,0.03156565656565657,0.0,0.07331378299120235,1.454688602902152,0.023490721165139773,0.0,0.0,0.0,0.05522720200033829,0.0,0.06784090624523349,0.1513118963004203,0.0602438843545563,0.07428160447213404,0.0,0.0,0.0,0.0,0.5535980421171259,0.49157570617597895,3.2037247498603567,11.742424242424242,2.295764127735753,2.754546101831875,3.4139893280720623,0.6385779407469236,4.494949494949495,0.7529434663979345,2.295764127735753,2.920876323008805,26.130181140408414,1.9254780433423948,17.33433422352295,16.91350293445531,12.847246200390913,17.264180386421916,18.801579016292063,19.743956356313838,0.002105132885135407,0.0032199041714744874,2019,2
2019-03-01,166,2.50721061100592,0.5657367635618716,0.4026510678780307,0.0,0.9842679056155383,0.6176762699599958,1.5746923215519797,0.351438258739861,0.16335294338244816,0.23494139097873934,0.0,0.0,0.30604128222885457,0.0,0.08307149799950271,0.0,1.1918526798744464,0.35404326134247843,0.18949127228656834,0.14776922629532993,0.0,0.0,0.0,0.2157821952216923,0.27279209622221,0.03673229503379371,0.04043017708417563,0.0,0.16573504266030706,0.0,0.0,0.0,0.23691602521772356,0.0,0.0,0.0,0.0,0.0,0.0,0.14776922629532993,0.21597715509765564,0.43104798072724343,0.05672921713420129,0.13274432636110808,0.13191087303144142,0.2404466896203103,0.030120481927710843,0.06875695112660825,0.146441274253925,1.549274193342941,0.0,0.0,0.025418128209038687,0.0,0.0,0.07842314531758876,0.06269822773009616,0.08307149799950271,0.12724538769267335,0.1291251230100495,0.0,0.03422782037239869,0.0,0.0,0.7999647607845699,0.47205565018887496,2.846257679584603,11.75301204819277,2.3193179674637143,2.7628733098875253,3.3641923228270523,0.6405316998331584,4.650602409638554,0.7342280767104996,2.3193179674637143,2.424149159217045,25.603528014823194,1.9297286203717376,16.224820567644276,16.96542967322683,12.9745598202846,17.45444872150974,18.788243346313198,20.00011244415741,0.0017093733526084378,0.00300658300645049,2019,3
2019-04-01,141,2.6152079189319752,0.43123458291047345,0.6601375420853669,0.0,1.0808790226581455,0.5517517620428719,1.580039378324805,0.47018398730375305,0.06194059896559199,0.08443093549476527,0.0,0.05065856129685917,0.2572461114434052,0.042468254979402896,0.2454482535981018,0.0,1.1438402726235029,0.22049426574014014,0.49898289424508807,0.07163836951070994,0.0,0.0,0.0,0.18704850256550373,0.15978987579857742,0.0,0.0,0.08439620454639228,0.08727242138910356,0.0,0.1724654415517995,0.06690753378830455,0.33349214535615923,0.0,0.0,0.0,0.0,0.0,0.0,0.07163836951070994,0.7001976886125275,0.22614713695822922,0.0,0.08289582757667863,0.12719809661634546,0.32048806644880906,0.03896812407450705,0.03426182889642649,0.030835646006783842,1.4689782139733436,0.0,0.07629548503008748,0.0,0.03476567932137394,0.042468254979402896,0.03732736095558044,0.0,0.2454482535981018,0.1449401177706679,0.06194059896559199,0.0,0.0,0.0,0.0,0.32135407193931387,0.9995205324520751,3.32264698681133,11.46808510638298,2.1991693248962085,2.754238903582367,3.3869208555671753,0.6003030938714252,4.801418439716312,0.769250012767944,2.1991693248962085,2.5920073958703465,26.565906532395893,1.9211425220897251,16.119121088964746,17.12812466753695,12.873721321288393,17.64714301344705,19.118970599966858,20.238889480751176,0.0014039977413338855,0.002373582067529345,2019,4
2019-05-01,338,2.8766518924985642,0.5960712465302722,0.5360798913860907,0.0,0.7796341209890076,0.9041997864800776,1.423792556456367,0.3363685327914452,0.27432186216828214,0.24520801628518213,0.029410038822651724,0.0,0.24849517918314157,0.040470437059189956,0.10154177090665553,0.0,1.144833220398496,0.37912150388142457,0.5406539795775567,0.14691774638426608,0.0,0.0,0.024053494972819552,0.18003428404231187,0.3611386985361656,0.0,0.009861932938856016,0.02098283604011918,0.03659657690258284,0.0,0.19634684181828319,0.0,0.30313647266522464,0.0,0.0,0.0,0.0,0.0,0.0,0.14691774638426608,0.29799077771848126,0.2556027462048084,0.04491961505536166,0.03420323562609023,0.14627368131379148,0.5104889652828624,0.05855580126137155,0.010758472296933835,0.1781228663251183,1.3887355687366574,0.0,0.0,0.0,0.035056987719709616,0.040470437059189956,0.08401770432842809,0.0,0.10154177090665553,0.11033862049717165,0.24294611525332155,0.0,0.02012639375276738,0.0,0.011249353162193174,0.608425850319285,0.5072367801878234,2.480483640075011,11.633136094674557,2.272187460512319,2.776414860854667,3.383664984697987,0.6467274108872766,4.644970414201183,0.739696400282844,2.272187460512319,2.5495394260077417,25.627630673653993,1.9222667771797146,17.320605365238713,16.790958559811788,12.889967200722513,17.263091171786137,18.559607060329206,19.675532297446793,0.0018097683018893113,0.00368568062114413,2019,5
2019-06-01,324,3.074593542182413,0.3169705018576979,0.4641729237605276,0.0,1.130958315592616,0.6209855593900029,1.456572194690824,0.486445946789201,0.22244249218902118,0.2562867631424961,0.03359346143421466,0.0,0.1456039108716029,0.14359194963535726,0.15156161031007961,0.0,1.2733728284771673,0.38231446582663475,0.5541056791719083,0.13416287331295185,0.0,0.0,0.038983722761402335,0.12093941463462483,0.14054244599596794,0.0,0.01650491846570278,0.0,0.09857855971158914,0.0,0.04218546317521354,0.0,0.3234089008737249,0.0,0.0,0.0,0.0,0.0,0.0,0.13416287331295185,0.48348285204090474,0.41226583204930084,0.0,0.10104675818945849,0.16670834632779372,0.3684777725455292,0.016958350291683626,0.0,0.06884109022499638,1.3491665853383448,0.028067639950356004,0.03214247920381595,0.0,0.04719549019830732,0.14359194963535726,0.0407928729997034,0.05174541391578374,0.15156161031007961,0.09875409992827698,0.18349364419027933,0.0,0.03894884799874184,0.0,0.0,0.636737103627534,0.37590645661485406,3.008812899309501,11.533950617283951,2.2089009534983948,2.7618251906526483,3.39989013047267,0.6335092566733342,4.756172839506172,0.7289453669359416,2.2089009534983948,2.2134620803858347,26.12482597135375,1.9394748511654645,15.255785102840472,17.152562206727236,12.951749232436532,17.643439435033788,19.065101580946738,20.24908977643659,0.0016771105052162329,0.0032512414534301708,2019,6
2019-07-01,174,2.939150075228596,0.47380993467167887,0.7711319386411251,0.0,0.7984687489930539,1.2719519349560435,1.6912718543307228,0.4822899263782792,0.3090644792344523,0.10628511024717667,0.06843999584471454,0.0,0.2838409878590272,0.06183905442227351,0.2308308016492541,0.0,1.1181361278934554,0.38063744963801127,0.5684814316011176,0.12065911607356565,0.0,0.0,0.09577734237217748,0.18421861240484608,0.16152675272172495,0.0,0.03228722717293039,0.0,0.17673315956951083,0.1277139208173691,0.0958519834857528,0.0,0.3708328747684924,0.0,0.0,0.0,0.0,0.0,0.0,0.12065911607356565,0.26046962581821415,0.1933977117320717,0.03284072249589491,0.1911015728733074,0.294866771877703,0.6644406810446916,0.0,0.061841389204967095,0.25080309282868196,1.6428991251109173,0.022715914769887782,0.0,0.0,0.025656814449917898,0.06183905442227351,0.0,0.08461111931628194,0.2308308016492541,0.1050089509904697,0.26801357611458365,0.041050903119868636,0.0,0.0,0.0,0.5512711614091353,0.5047713904666461,2.7244964566370675,11.482758620689655,2.151952366305772,2.755823190901952,3.406302637751218,0.6328758281626424,4.908045977011494,0.7681323496248291,2.151952366305772,2.6764467306227084,26.47698044292872,1.922860548306922,16.02452758623662,17.179709132747234,12.941906903050606,17.622918227244174,19.22672412832773,20.149261170775116,0.0014602651801801404,0.002777841517662228,2019,7
2019-08-01,115,3.0086788807331413,0.18869870565446908,0.5914657892444456,0.0,0.9035253874878617,0.7548669109620569,1.7687118794581724,0.3282052875299298,0.13490004961407784,0.0673608686566893,0.04160599126274184,0.06587615283267458,0.13261701235210738,0.10468107115370619,0.14912934740616518,0.0,1.251237539005844,0.5908284019598886,0.513965093335693,0.09137740276763126,0.0,0.0,0.04082465809348847,0.03139224611520954,0.040072129833700655,0.03357394661742488,0.04283572499464554,0.0,0.14299000232504067,0.0,0.07327112142898491,0.040444893832153696,0.3347597716582663,0.0,0.0,0.0,0.0,0.0,0.0,0.09137740276763126,0.39778756416307526,0.4143604205571552,0.0,0.0,0.0,0.4767658313218514,0.12434653732979811,0.04528985507246377,0.10846468723794363,1.7687118794581724,0.0,0.0,0.0,0.0,0.10468107115370619,0.0,0.0,0.14912934740616518,0.07439486897005844,0.08088978766430739,0.0,0.054010261949770454,0.0,0.0,0.6007073156386266,0.7074911150844182,2.8411235028848183,11.71304347826087,2.2816571497052407,2.7621415957973423,3.3477831613331133,0.6241707262352517,5.086956521739131,0.7504543242263209,2.2816571497052407,3.1512588895960567,25.40767471658776,1.9262883778142286,17.293226024307252,16.78439666168679,12.974568784372032,17.30706366439444,18.621577001698935,19.75290759858298,0.0018381333970004603,0.0028797382845407423,2019,8
2019-09-01,250,3.0408032451906495,0.47800642182554276,0.5283466713450063,0.0,0.812114209907175,0.6366940320821394,1.5241956973773922,0.23731442270851452,0.11798537202665461,0.17418458449376617,0.024242424242424242,0.0,0.28715575853255276,0.06880193041533193,0.06234275528393175,0.0,1.6750012364267461,0.19853593633964478,0.4388709719409873,0.11166764751526456,0.0,0.0,0.021739130434782608,0.2289116904644428,0.15987260772903844,0.0,0.06748299319727892,0.0,0.12767990638252552,0.0,0.12114755089933382,0.018433179723502304,0.2610860343396447,0.0,0.0,0.0,0.0,0.0,0.0,0.11166764751526456,0.25236398045501035,0.2984838403759836,0.08666725659656334,0.06293148496435322,0.1078209747028739,0.3440990245688024,0.01951219512195122,0.032790633113967044,0.13247120457454487,1.4843705856959932,0.015873015873015872,0.023952095808383235,0.0,0.0,0.06880193041533193,0.038986175115207376,0.0,0.06234275528393175,0.06718356189404347,0.10172520942502859,0.016260162601626018,0.0,0.0,0.0,0.2542074462431104,0.5341275357155065,2.8560721669219644,11.588,2.230383325639431,2.7616264738274925,3.4158722643035646,0.6469590763325282,5.112,0.7727677426096031,2.230383325639431,2.432521362035314,26.545701565101563,1.9284938521173685,14.884558573352608,17.3385898175264,13.041220843149956,17.7619202143921,19.172188366693923,20.36327407216672,0.0014116870764792563,0.0025416922163616737,2019,9
2019-10-01,294,3.6120152458923647,0.617635433971258,0.3897185241225997,0.0,1.2621058470151283,0.5741889603479695,1.4315622787065343,0.324155994833463,0.19479676707784108,0.24131328587621778,0.03224875897498424,0.0,0.25225449430383506,0.047894734382812096,0.22741445080649905,0.0,1.7673023573012663,0.3171904374653556,0.49654293637374153,0.2298537904076528,0.0,0.0,0.02345765892563922,0.3147925562328399,0.13347915217776485,0.0,0.11152001784320287,0.0343860487918111,0.11369049878274687,0.0,0.08683996846199005,0.0,0.18918805687786283,0.0,0.0,0.0,0.0,0.0,0.0,0.2298537904076528,0.4263956910918545,0.3701247448513336,0.01619695497246518,0.21953466569182206,0.0736159550265032,0.31130768229985734,0.06806688715313496,0.04071676979970732,0.08048166606876664,1.3663654041851354,0.0,0.049152721010937976,0.0,0.016044153510460787,0.047894734382812096,0.0,0.02907145764288622,0.22741445080649905,0.019775352001265623,0.1557553946498105,0.024123124427075794,0.014918248000954766,0.0,0.0,0.5032363557761428,0.42736407180466546,3.024948747483942,11.60204081632653,2.2553186659364868,2.7763896172151994,3.4012127314875262,0.6556460711244765,4.891156462585034,0.7529868892461098,2.2553186659364868,2.2785345089548694,25.83722236757951,1.9466159335153972,14.25342036124561,17.283693971762464,13.105895176076698,17.652406254672403,19.195176802036165,20.27759306614097,0.0017997011183731035,0.002806054051273716,2019,10
2019-11-01,261,2.9795038043636795,0.4191348802388954,0.512836400887357,0.0,1.0081939457427491,0.8034899833386544,1.3371540946220217,0.36573757588413697,0.04797187453019919,0.1349604617592597,0.02796655200380345,0.013490907128595327,0.2573505088873045,0.037468842601160166,0.17609271339750793,0.0,1.3550888028351222,0.3643049334128231,0.44676986294913107,0.16601021938897212,0.013032032736466232,0.0,0.06019917277523769,0.12789765930522648,0.16326030533491148,0.0547457100870535,0.0,0.0,0.06222729978636107,0.0,0.0905699712230631,0.0,0.36003912987793285,0.0,0.0,0.0,0.0,0.0,0.0,0.16601021938897212,0.4993852487294256,0.2255399884902625,0.0,0.11725848913408887,0.13982779709196674,0.5018537879305238,0.02817597591639142,0.02717317464199342,0.10645924775777893,1.2716554280539838,0.014908239784128688,0.050590426783908994,0.0,0.0,0.037468842601160166,0.07250875732752576,0.02776389582986285,0.17609271339750793,0.05190336672808028,0.04797187453019919,0.0,0.0,0.0,0.0,0.5283378459979967,0.38245757462894586,2.5224600153206747,11.720306513409962,2.3009427598544008,2.7559003338735417,3.389862955948021,0.6558471781408999,4.7701149425287355,0.7213170409234675,2.3009427598544008,2.3706498041846573,25.802342410675745,1.9300627746051813,15.956901044212207,17.08538387024043,12.965863784983629,17.54928945968728,18.962760727115953,20.093023794085024,0.0015266544754736185,0.003348084866562662,2019,11
2019-12-01,195,3.3605047073697283,0.471419085555665,1.2568077860125935,0.0,0.7369854897972904,0.8360125143848364,1.3177767526703055,0.3359012494105885,0.11129922898630468,0.16379661540951862,0.0,0.03245699448231094,0.13751033912324234,0.07764700387651208,0.22698470206941104,0.0,1.7769682013575492,0.28715292277715676,0.5454468529176785,0.11254107535634898,0.0,0.0,0.13199531773816553,0.0852138033547329,0.10652303162424619,0.0,0.09640488155646905,0.05128205128205128,0.20368903464336532,0.0,0.25052381963760023,0.0,0.8025949317316278,0.0,0.0,0.0,0.0,0.0,0.0,0.11254107535634898,0.21943682327678793,0.24224939463057557,0.0,0.16275819653357787,0.19138487746124586,0.4444952621596536,0.07878703329642235,0.0,0.12134534146751455,1.2369996244930506,0.0,0.080777128177255,0.0,0.0,0.07764700387651208,0.031269543464665414,0.0,0.22698470206941104,0.0,0.11129922898630468,0.0,0.0,0.0,0.0,0.7460449862283877,0.48414416275458627,2.4549616158642666,11.65128205128205,2.2979494228578394,2.758932381797017,3.3704231462021568,0.5969217999014381,4.846153846153846,0.764410848116177,2.2979494228578394,2.2786159107633392,26.43402282902283,1.9390730412614519,15.166066434338394,17.26901587764793,13.054592152032816,17.650544539444013,19.19223384424673,20.20237332174295,0.0019177994242872331,0.0032108351460606046,2019,12
2020-01-01,161,3.1652685510842966,0.49942468393596984,0.40409843268007023,0.0,0.6231438700699863,0.7559722206955011,1.5200301199355155,0.32482580453172644,0.22660597455023934,0.25242875057117137,0.0,0.0,0.31683291726494806,0.02957704821058859,0.24957831423125845,0.0,1.4096386427294496,0.35298167489152843,0.40694550596712253,0.14728569721822954,0.0,0.0,0.0,0.19852644130666938,0.1801978495041441,0.0,0.0,0.12070039312515636,0.10637480810376625,0.0,0.12901320542472158,0.0,0.1687104191515824,0.0,0.0,0.0,0.0,0.0,0.0,0.14728569721822954,0.14303931841361658,0.1364466056529616,0.0282326369282891,0.1681396118568895,0.1292791043351637,0.49779615206952627,0.06382745822751619,0.0,0.0650695060632949,1.4886605233485277,0.0,0.0,0.0,0.031369596586987895,0.02957704821058859,0.0,0.04567044208987943,0.24957831423125845,0.0,0.22660597455023934,0.0,0.0,0.0,0.0,0.5786167738211206,0.40190104080114797,2.7915142921692713,11.621118012422361,2.265041473407286,2.777781418456762,3.3681999109854743,0.6088424626573742,5.043478260869565,0.7572647445739822,2.265041473407286,2.786905124623739,26.590216150309317,1.91507250025492,17.384593500596957,16.91444408717798,12.939607528637291,17.37811252322881,18.773395922297787,19.858501988917734,0.0017633075364479212,0.0026316027986482762,2020,1
2020-02-01,404,3.4257818529536306,0.49115309410981894,0.4194183318404191,0.0,0.8744353391456381,0.6249859708835256,1.5732603530970863,0.34586880829118977,0.21450891348687998,0.1511181503929779,0.018610883644755452,0.0,0.23880421427950696,0.08987941575096905,0.13571824477424346,0.0,1.5183530838821235,0.49168021133672557,0.6235566388615147,0.15806101003081408,0.0,0.0,0.05760020843603289,0.13208660873671735,0.2544264253528601,0.012759007859548843,0.02531255559149867,0.008968288133161143,0.08636670766837301,0.0,0.10734549260224745,0.0,0.22570613156979866,0.0,0.0,0.0,0.0,0.0,0.0,0.15806101003081408,0.21224967246151633,0.30259678577775007,0.08048266612331403,0.12104520475224358,0.13451293503204417,0.4062130391487397,0.046456628745498586,0.01576590780097118,0.02203746015627204,1.5104160813529692,0.02833387734377833,0.01057798087501058,0.0,0.02393241352532819,0.08987941575096905,0.05306555084760998,0.0,0.13571824477424346,0.06720559691836735,0.20310224286590084,0.011406670620979147,0.0,0.0,0.0,0.6532290698293061,0.7815547387545251,2.78340311096599,11.529702970297029,2.2342380222585683,2.7707965002630197,3.4155702947701694,0.6449625816047527,4.735148514851486,0.7433263794798544,2.2342380222585683,2.1028618986177006,26.24319231373687,1.9292919495066412,16.538773085773382,16.984423785419633,12.938438930449278,17.380126846687908,18.94426725458886,19.872067640000665,0.0018707040606053737,0.002954330619087484,2020,2
2020-03-01,242,3.2224819709249584,0.3184524864712396,0.6450467865025354,0.0,1.0891261390177487,0.9283447376963389,1.5123010711243583,0.12513102557337938,0.16071517704936988,0.20183429521479274,0.025507601265177024,0.0,0.17946607256597563,0.0,0.08093477341556236,0.0,1.3644357101920739,0.2261456593852759,0.8949011767462054,0.24925668213989519,0.0,0.0,0.02773309667757502,0.14308127284625494,0.11510086179025472,0.0,0.0,0.03253725515715494,0.16478662387333903,0.0,0.16148972224123606,0.0,0.3187704403879603,0.0,0.0,0.0,0.0,0.0,0.0,0.24925668213989519,0.44313946604377213,0.31013346221091576,0.02334594014100948,0.06325058848215624,0.15166269929784693,0.6000743333336669,0.029303295225564834,0.03999198699365625,0.107312422845604,1.4781384926481822,0.0,0.03416257847617613,0.0,0.0,0.0,0.021979954281695094,0.0,0.08093477341556236,0.022216297876121924,0.12615759813767286,0.03455757891169704,0.0,0.0,0.0,0.4300309454776728,0.5815914431403851,2.9651419975458095,11.557851239669422,2.2646990394886295,2.7699431529636227,3.4111407692819316,0.6504610353448157,5.210743801652892,0.7585369981630874,2.2646990394886295,2.656490949213214,25.8252316668639,1.9405352519672552,14.840948892793149,17.230247464732518,13.066372559414091,17.53870960876229,19.243006216854816,20.072136100559845,0.0013192657163373087,0.003207749589802473,2020,3
2020-04-01,194,2.4504124398021636,0.36031761962333814,0.605977207718366,0.0,1.264352230400747,0.8790786684989147,1.5460810477534055,0.2623451310250285,0.26970345503548593,0.03325573661456601,0.02539231120816617,0.031240237425804437,0.19198931430643112,0.02086898451521349,0.20182507593090937,0.0,1.1654436035237556,0.25049985769557076,0.3769241292221583,0.1529731893595881,0.0,0.0,0.018150137941048354,0.06455270910672077,0.2255465335956312,0.0,0.03482864307606576,0.017239595903872012,0.22829262819286184,0.0,0.045877012497102104,0.0,0.3318075670284021,0.0,0.0,0.0,0.0,0.0,0.0,0.1529731893595881,0.26416735733583446,0.6339378811762664,0.1142105405674309,0.09906326196162735,0.08756529774052356,0.5625617426560339,0.0907321715108753,0.06303718406528744,0.07518227252619451,1.4995496041061762,0.016735841478109522,0.029795602169119834,0.0,0.0,0.02086898451521349,0.03965107057890563,0.0,0.20182507593090937,0.0,0.22835673228212494,0.0,0.04134672275336096,0.0,0.0,0.49452307895838027,0.6196892688303943,3.1570010061456095,12.015463917525773,2.3643284076737086,2.766758916559272,3.3915127422091564,0.6438742748493389,5.206185567010309,0.762569127809049,2.3643284076737086,2.3701313431574564,26.427855713873754,1.9107876228707035,16.750885446460316,17.05661389633241,12.941013352107591,17.49787825154266,18.956746651022467,20.005610022206195,0.002050732668106287,0.0029991855807934968,2020,4
2020-05-01,202,3.336202685456729,0.7106821527381106,0.4351226651390112,0.0,1.3116041310613455,0.6833872633095796,1.6105052293447453,0.3871064511220974,0.19240987375212806,0.11650563351707294,0.0,0.0,0.28120050020982096,0.06448190988729516,0.22006622456976727,0.0,1.5828386726829913,0.364769204531882,0.54520914372376,0.16113139633413912,0.0,0.0,0.0,0.5265695809158076,0.12587145359283303,0.0,0.0,0.05824111822947,0.09488668926249633,0.0,0.16555643750909704,0.024752475247524754,0.14992706311989307,0.0,0.0,0.0,0.0,0.0,0.0,0.16113139633413912,0.5866219865459051,0.4358209194308982,0.0,0.12802982875040306,0.10475077917481439,0.4069717141984535,0.08070055831874268,0.022708692887637386,0.06825551872993162,1.5385048164868866,0.0,0.0720004128578587,0.0,0.0,0.06448190988729516,0.02291895856252292,0.02487685954525101,0.22006622456976727,0.05476249855726109,0.16728045725717908,0.0,0.025129416494948983,0.0,0.0,0.5811597465185927,0.349553593996273,2.979197881350501,11.767326732673267,2.325332222485325,2.756626472396717,3.418270106436719,0.6616608975985876,4.9504950495049505,0.7582587898418768,2.325332222485325,2.5029136272407566,26.076626220314342,1.9303504045725854,15.150304110879311,17.23865743572825,12.960306004974445,17.65278072827574,19.122099183975475,20.183935536293923,0.001400222643073964,0.002872114168891468,2020,5
2020-06-01,507,2.9548371690942035,0.4808835955922698,0.5479656015209835,0.0,0.8642819002472535,0.6944336240248065,1.437639048283381,0.3556382136115237,0.1906132219586914,0.13505771867496166,0.0,0.0,0.35959941995777706,0.050817954137752766,0.14335024459991041,0.0,1.4197762977299526,0.1942431700329205,0.5470678249432624,0.10492453901766609,0.0,0.0,0.05726001446284295,0.198457175328039,0.17792781575862282,0.0,0.04723859004276507,0.0,0.10877818054452854,0.0,0.11772303023861172,0.0,0.32146439073784333,0.0,0.0,0.0,0.0,0.0,0.0,0.10492453901766609,0.2587742956160141,0.3856140498930548,0.02161248225125868,0.09335653346925983,0.13458714931969684,0.4387772492076698,0.044128564728251385,0.011602274045712959,0.06533838672347542,1.3458530967604965,0.03260133643042458,0.00962139798912782,0.0495632171033322,0.0,0.050817954137752766,0.05682626662202636,0.06534980971083071,0.14335024459991041,0.039293938541003465,0.14673528019088614,0.012483459416273438,0.019583784221165343,0.0,0.011810698130366486,0.6528470641857013,0.49619816901377267,2.9884107159345272,11.60552268244576,2.2486537631495507,2.762724405798282,3.437003544763051,0.6609187351922757,5.051282051282051,0.758379946748563,2.2486537631495507,2.6859614634606093,26.002578125359193,1.9347047294827493,15.245552875309516,17.109482973389213,13.043846857751209,17.480607054883563,19.131005101594802,20.033038251048534,0.0018225286787421494,0.0029090612490750064,2020,6
2020-07-01,343,3.751028600056852,0.4661978285646879,0.5730627549582445,0.0,0.9663682598469072,0.6269383478940095,1.483196819818281,0.4489452506398719,0.2452398596312339,0.10423672009207256,0.011127678988716532,0.0,0.33355501890330763,0.07374891581981673,0.24010257306054097,0.0,1.8409640231592952,0.3619178572906342,0.5679377105552281,0.2174381021872396,0.0,0.01388310426211301,0.027407670176971138,0.1919264452815594,0.18241880602128652,0.0,0.024761343574583157,0.025800459248174618,0.14847369812379535,0.0,0.088029019866215,0.0,0.3365600369682343,0.0,0.0,0.0,0.0,0.0,0.0,0.2174381021872396,0.3532629359821191,0.3330006591162101,0.011433144686446007,0.0512334178748924,0.1499509666372339,0.3545774153214288,0.0,0.0,0.12240996593534681,1.4400529934306887,0.0,0.027718154985244506,0.0,0.015425671402347787,0.07374891581981673,0.012566602995878152,0.03410935098881213,0.24010257306054097,0.08841780777482387,0.1502907891364105,0.015264146047349382,0.06586761688802506,0.0,0.013817307559448965,0.7185394593760531,0.3869200754305019,2.8224396201830277,11.620991253644315,2.231434284527739,2.7602952930930176,3.420511009392507,0.6364241066858828,4.970845481049563,0.7855816066650088,2.231434284527739,2.228198288258933,26.47646762858133,1.9417991580209777,14.439941273627271,17.377484709240935,13.059958168709262,17.648230668980258,19.29405531466432,20.248193173371284,0.0017516826162709237,0.0031444030150189913,2020,7
2020-08-01,189,3.6427273267981457,0.33799927684172054,0.6037349291676961,0.0,1.115682601744217,0.6346600780355205,1.8090198997990183,0.3692372850122919,0.21339545335822602,0.1804005124191155,0.01917030902538149,0.0,0.27857908793353053,0.12764476936160934,0.18298346071359828,0.0,1.959249407613717,0.2293258983131467,0.5007216700936752,0.16465221132437174,0.0,0.0,0.0,0.14726991657014726,0.06475304381906637,0.0,0.12597631645250693,0.0,0.19060382073440604,0.0,0.03435717721432008,0.0,0.37877393121897,0.0,0.0,0.0,0.0,0.0,0.0,0.16465221132437174,0.43307039383438584,0.3470924134430406,0.03948511411197979,0.13138246903043893,0.055364939969088374,0.30949784855729945,0.0,0.06528621136401522,0.20451107814511738,1.7065627342299654,0.0,0.033916700583367244,0.044380623474245894,0.02415984151143968,0.12764476936160934,0.0,0.0,0.18298346071359828,0.058609054937084314,0.12835885615318474,0.0850365972050413,0.0,0.0,0.0,0.5811562781136109,0.5749355770553246,2.669888052602228,11.62962962962963,2.263563327630483,2.7585449713231514,3.442849690205335,0.6428503459716537,5.253968253968254,0.7433970135420126,2.263563327630483,2.628917926806904,26.587051668202463,1.9231945729255666,14.931533360679108,17.383736404289877,13.008047502141244,17.637033365956604,19.39381218211371,20.258928856672615,0.0020413913788315022,0.002513294684606583,2020,8
2020-09-01,218,3.332889024127111,0.7688671463014943,0.43819766011016453,0.0,1.0577875739702567,0.9868246190930623,2.0575835922957,0.1486762388560994,0.21274291230315331,0.16588834780117465,0.0,0.0,0.14705746290237615,0.05718751313784123,0.05472396587799774,0.0,1.760812772874633,0.3561204247270144,0.6115316715605423,0.1795668652455319,0.0,0.0,0.0,0.3017854300884756,0.16257134525971556,0.0,0.3045103709533032,0.0,0.1293685507585673,0.0,0.10868469318716653,0.0,0.20014441616443074,0.0,0.0,0.0,0.0,0.0,0.0,0.1795668652455319,0.32182756982669947,0.3867831920340658,0.05733501184686902,0.1122749350170905,0.1222552023317842,0.6100736523177581,0.08224603960858994,0.04629447143415551,0.1259552534007746,1.8954466676381598,0.025343403112169902,0.0957284988025135,0.02011910510220505,0.020945917640651835,0.05718751313784123,0.017244947230461476,0.0,0.05472396587799774,0.019519812609798945,0.1667904583747016,0.019437101539418442,0.0,0.0,0.026515352389033246,0.2436476710755428,0.4817626175226398,2.9253969865874927,11.591743119266056,2.3058464714453266,2.780548202768374,3.389908990461351,0.6379855110889362,5.330275229357798,0.7909224051011203,2.3058464714453266,2.516963976485846,26.014145563916205,1.9259857304532957,15.990203662305955,17.036916683320776,13.089280718597353,17.373980485048776,18.960493519528356,19.795333133569347,0.0012767354773648115,0.0031019684924417307,2020,9
2020-10-01,204,2.878601082243594,0.5619686355534931,0.6487274940102284,0.0,0.9324868178005752,0.3118625628515006,1.5057696435659216,0.17853745007077912,0.1963457309442884,0.2424892947169872,0.053054301933743726,0.0,0.32401331392713034,0.021312872975277068,0.08732117089316348,0.0,1.283805884553262,0.2330702327927987,0.48800391221474976,0.14553009823648164,0.0,0.0,0.03770739064856712,0.20763214591565604,0.23638410201003632,0.032463316452408776,0.04778168052682484,0.0,0.08851877724426743,0.0,0.14922196390420892,0.0,0.4109867528617522,0.0,0.0,0.0,0.0,0.0,0.0,0.14553009823648164,0.3870558986268709,0.2853547222671064,0.04684862717141749,0.06769747149869884,0.10225011884430515,0.06514402804470176,0.022383382576775,0.02785204991087344,0.09423298347484528,1.4270657850339976,0.023013900395839088,0.0314228255404726,0.0,0.0242671325956125,0.021312872975277068,0.017444700300048844,0.017444700300048844,0.08732117089316348,0.0350140056022409,0.12457623688070922,0.015967298971705946,0.05580219509187323,0.0,0.0,0.3457724264375204,0.24948110261017745,3.139860168691876,11.470588235294118,2.238120092409465,2.757301517799288,3.4039607088366495,0.6504450684506918,4.573529411764706,0.7338772572688947,2.238120092409465,1.6895751837073312,25.585082442067737,1.928886864147157,16.515335599026184,16.824813276901615,12.989560136095815,17.242003510090715,18.73811084094706,19.65436779487185,0.0015489565445807446,0.0027640900282069314,2020,10
2020-11-01,92,3.095703969484216,0.7845025707480152,0.4881882512645527,0.0,1.1715097084400445,0.8771576028305624,0.7672434734609697,0.38680536798111137,0.10289763404192906,0.15684088574114152,0.05812601720530109,0.0,0.12322135635478965,0.13108763596188044,0.11327342037727366,0.0,1.262099659924396,0.36142159077679265,0.7836238387241619,0.10600956441847866,0.0,0.0,0.0,0.17097326684424718,0.47593987077223254,0.0,0.0,0.1375894331315355,0.13217745746691872,0.0,0.14306901907096223,0.0,0.21294177472667178,0.0,0.0,0.0,0.0,0.0,0.0,0.10600956441847866,0.6619700784804564,0.29406379258995324,0.06072382803011902,0.048742444921037235,0.2590298328126067,0.3463229121288618,0.08436265563849313,0.06356470887363334,0.12387749337696742,0.7036787645873364,0.0,0.06356470887363334,0.0,0.0,0.13108763596188044,0.0,0.0,0.11327342037727366,0.1424443116419572,0.10289763404192906,0.0,0.0,0.0,0.0,0.26049280400101105,0.2886316552654115,2.9456812428882553,11.597826086956522,2.2106345324973202,2.738218406668556,3.463592539712892,0.6607143870914424,4.728260869565218,0.7407293713837909,2.2106345324973202,1.8464355509930326,26.19940044858523,1.942027632637094,14.653279226416796,17.28348658915752,13.028117340071189,17.812989470192623,19.311397693926207,20.496953330726104,0.0009422858898439246,0.003659496435567787,2020,11
2020-12-01,92,2.799375954675927,0.1949729134404124,0.3455849329517681,0.0,0.9900529316037974,0.3031496972384925,1.3071262274790456,0.1336400887370189,0.15901959778007446,0.09521085322000654,0.08951601673617972,0.0,0.19941430252798692,0.0818802543684889,0.0,0.0,1.0944133341121378,0.46445977712792424,0.6597622515207887,0.1147191650624145,0.0,0.0,0.0,0.05380972879896685,0.14116318464144553,0.0,0.0,0.0,0.0,0.0,0.07496251874062967,0.0,0.2706224142111385,0.0,0.0,0.0,0.0,0.0,0.0,0.1147191650624145,0.14670996344403828,0.6110817248795534,0.06923289947382996,0.04830917874396135,0.04830917874396135,0.04705439488048184,0.13282360487341963,0.07496251874062967,0.0,1.1690593108026128,0.0,0.1380669166764327,0.0,0.0,0.0818802543684889,0.0,0.0,0.0,0.05175983436853003,0.15901959778007446,0.0,0.0,0.0,0.0,0.4595907320459553,1.1049838467642659,2.9796153246201307,11.771739130434783,2.151105151392384,2.7530089492428673,3.4300855908824373,0.636781891009545,5.228260869565218,0.7850615906340528,2.151105151392384,3.1085508213544926,26.680144221720308,1.939133360128222,15.145942542058783,17.507836623691563,12.988212608967187,17.860121984216327,19.53796659078102,20.55938649791176,0.001861754062505774,0.002960020972959569,2020,12
2021-01-01,55,2.74449124725223,0.529136957901855,0.17718413520512472,0.0,0.7112177669588818,0.7536049479648386,1.3916009660669306,0.38844975542052435,0.11730205278592375,0.35278167769430296,0.0,0.0,0.2016488413547237,0.0,0.38844975542052435,0.0,1.1958434609814745,0.23797784161874705,0.08417508417508418,0.283614586007373,0.0,0.0,0.0,0.1864801864801865,0.1929453717102688,0.0,0.08658008658008659,0.06313131313131312,0.09881422924901186,0.0,0.0,0.0,0.07836990595611285,0.0,0.0,0.0,0.0,0.0,0.0,0.283614586007373,0.1820833517479118,0.16714992324748423,0.0,0.07836990595611285,0.0,0.6796951179574475,0.0,0.0,0.07390983000739099,1.313231060110818,0.0,0.07836990595611285,0.0,0.0,0.0,0.0,0.0,0.38844975542052435,0.0,0.11730205278592375,0.0,0.0,0.0,0.0,0.43906365901545946,1.281720060495087,2.2024531812100276,11.818181818181818,2.2946782236182997,2.7569493228327184,3.482229528479537,0.6427254954898343,4.636363636363637,0.7480862471530321,2.2946782236182997,1.917935528039077,26.885245966155058,1.9162120727572987,17.57550719416824,17.21281346498124,12.921782418078719,17.620793339638865,19.105026404760824,20.151249334949313,0.0013616263593291661,0.0026404563085506553,2021,1
2021-02-01,159,2.486589715149397,0.520717754683464,0.5512195972546502,0.0,1.108582883205285,0.8232325360768421,0.9013218015074259,0.5263575777948375,0.19295070711204032,0.15696903695745562,0.042784409361228765,0.0,0.15892554809173656,0.09662560687297081,0.14947333510166239,0.0,1.1703354193366737,0.30303004652286086,0.25606229624223903,0.1523840166625692,0.0,0.0,0.09035223042555951,0.05104957935146614,0.17851594722601477,0.02699273895322158,0.13591986007599344,0.03788739865120861,0.1577650051595966,0.0,0.13915467983929797,0.0,0.2542999122557556,0.0,0.0,0.0,0.0,0.0,0.0,0.1523840166625692,0.42481568131332464,0.34934942350669423,0.0,0.18203376172269692,0.0782167927337326,0.5372094808173927,0.0,0.03930817610062893,0.16849808642508782,0.7892650440352286,0.03455663833022324,0.07750011914197419,0.0,0.0,0.09662560687297081,0.04777209691645848,0.16130236367536818,0.14947333510166239,0.07118417522837765,0.19295070711204032,0.0,0.0,0.0,0.0,0.9692413186675679,1.0389126470503485,2.283206704589886,11.874213836477987,2.378940026137088,2.745228738889736,3.4730256026613024,0.6417234777275409,4.333333333333333,0.770682957396258,2.378940026137088,2.4576194702687557,27.499489050432448,1.9434064721582698,14.40563458473725,17.551168943531735,13.050779888105184,17.90947223585526,19.563560086777162,20.678234090247976,0.001128498495849629,0.003188262810873208,2021,2
2021-03-01,105,3.0950994380923795,0.4776689836234935,0.5900558976530041,0.0,1.0820106967683045,0.4869434028866496,1.4829856036458484,0.28360483666920194,0.0,0.2470766366617858,0.0447127207690588,0.0,0.3481420187650908,0.24425025186007165,0.03935458480913027,0.0,1.1744784050400447,0.3655406839913507,0.4764291240893092,0.15511501210653755,0.0,0.04645760743321719,0.06105006105006104,0.14444978466351907,0.18635694566756597,0.0,0.0,0.03935458480913027,0.08162622968963874,0.11193282717374535,0.1400041636370772,0.0,0.2564926771525428,0.0,0.0,0.0,0.0,0.0,0.0,0.15511501210653755,0.4636207161809668,0.26786310761757154,0.04859086491739553,0.14682099594583323,0.06932391725018454,0.24128778197141312,0.0,0.0838718285964812,0.09245987506857073,1.4415777361510245,0.0,0.0,0.0,0.041407867494824016,0.24425025186007165,0.0,0.0,0.03935458480913027,0.0,0.0,0.0,0.0,0.0,0.0,1.4883208762792264,0.7661768762219123,2.5350715840236564,11.60952380952381,2.1972221511510623,2.7481357112939695,3.484383934490199,0.6594655129766768,5.123809523809523,0.7401077251023277,2.1972221511510623,2.2507999530429457,27.10423890923891,1.9683644488227168,13.281912704716703,17.72577769876888,13.178050544349023,18.009876561293726,19.775989210677835,20.75263351893622,0.0013694581652136143,0.0030917723364855404,2021,3
2021-04-01,54,2.5884278901366753,0.4023595836397475,0.23087014309633544,0.0,0.8069163721061917,0.6789266931513868,1.7293655349407162,0.10403662089055346,0.0,0.19023216088205605,0.0,0.0,0.4436303544403887,0.0,0.10403662089055346,0.0,0.8732627873498339,0.46214471806553814,0.5151212485083052,0.0,0.0,0.0,0.0,0.09746588693957114,0.3048936967001763,0.0,0.0,0.0,0.11291779584462512,0.0,0.0,0.11795234725171032,0.0,0.0,0.0,0.0,0.0,0.0,0.0,0.0,0.2935188195471546,0.4318181758254752,0.0,0.08157937673356176,0.11291779584462512,0.487871688367865,0.0781372089388967,0.0,0.0,1.7293655349407162,0.0,0.0,0.0,0.0,0.0,0.0,0.0,0.10403662089055346,0.0,0.0,0.0,0.0,0.0,0.0,0.0,1.4156036120124826,3.6720135141422565,11.037037037037036,2.0996834576037915,2.7511785239693203,3.4364126172524543,0.656432104345532,4.796296296296297,0.7164896396829017,2.0996834576037915,2.1104255668118763,25.777598738709848,1.920450189954179,16.17158518196457,17.086909335192267,13.030447048811268,17.65243517861013,19.042852145322474,20.1983228643372,0.0018087388074241278,0.00260508840451175,2021,4
2021-05-01,81,2.761610019413523,0.6204317501982946,0.3756817135396556,0.0,1.3976470095277076,1.017492605936516,0.9453186658115224,0.19061934618147816,0.2004449957666332,0.05209147262593113,0.05209147262593113,0.0,0.2554563287689953,0.05018568704205561,0.09570293808019906,0.0,1.6281871601564752,0.28837512497643214,0.33951983513750333,0.0,0.0,0.05209147262593113,0.13820920253668792,0.36549401214381333,0.0,0.0,0.0646370628918622,0.0,0.06566850538481744,0.05209147262593113,0.0,0.0,0.257921735528907,0.0,0.0,0.0,0.0,0.0,0.0,0.0,0.5223477054320286,0.7406605248988747,0.0,0.13463877919680445,0.3031456436935647,0.46055781956491965,0.06235191420376606,0.0,0.19143722847426553,0.8838973771928871,0.0,0.06142128861863522,0.0,0.0,0.05018568704205561,0.0,0.0,0.09570293808019906,0.044730721059223474,0.2004449957666332,0.0,0.0,0.0,0.0,0.7161928461839514,0.6376282777615058,2.452369099035715,11.333333333333334,2.20925788116533,2.7601068822614603,3.4711796963279387,0.6532527977115593,4.753086419753086,0.814145668198822,2.20925788116533,2.589538963577625,26.155070546737214,1.9434747733770996,15.767812640278365,17.203357287280777,13.108837845930527,17.586321801799166,19.355511632547277,20.209139723464766,0.0008968867948428137,0.0024098686073514885,2021,5
2021-06-01,160,3.4123595217919642,0.4384195555690984,0.2117843790420244,0.0,1.1085994935708878,0.6700879231824836,1.414472334058591,0.29856396383878303,0.1325508694989479,0.3136377927274939,0.12297453703703702,0.029761904761904767,0.3804601799770137,0.07313288563288563,0.07634437321937322,0.0,1.500854772029928,0.08076915421121596,0.6796689853678067,0.15475493682730526,0.0,0.0,0.12163781203826114,0.04942985056000999,0.23787076089535558,0.0,0.029481132075471695,0.0,0.06248441785091001,0.0,0.057318600517129926,0.0,0.09198136067398448,0.0,0.0,0.0,0.0,0.0,0.0,0.15475493682730526,0.3791145984142052,0.3744889642343314,0.05618255618255619,0.14405843791248985,0.1884040969158152,0.3148970507834011,0.03221649484536083,0.028409090909090905,0.10616118972881552,1.317482044072943,0.032051282051282055,0.06493900793436606,0.0,0.0,0.07313288563288563,0.026041666666666668,0.053999442586399105,0.07634437321937322,0.06904559573345836,0.1325508694989479,0.0,0.0,0.0,0.0,0.9201585137011129,0.46417507017307924,2.755390752032503,11.74375,2.288964854445171,2.764200529109352,3.4517173480035503,0.634707867636381,5.08125,0.7655896103627396,2.288964854445171,2.7212730217317462,26.784141726329228,1.9376588056083215,14.896287888287754,17.41230780997279,13.018582328077812,17.885751730018708,19.39898193699742,20.543566351663863,0.002261690694903476,0.0034259868455923216,2021,6
2021-07-01,77,2.0358914370312737,0.5296539330472799,0.8135292968989558,0.0,1.3084336775900205,0.8253368235102353,1.329843110149509,0.2872651182457063,0.0,0.05903187721369539,0.0,0.0,0.06626027034190299,0.0,0.07918910357934748,0.0,0.8426744194211,0.31846948413527904,0.5108655899462379,0.15940069239371094,0.0,0.0,0.06154982458299994,0.06626027034190299,0.2781196360571611,0.0,0.0,0.12372420206521591,0.07823501799405415,0.05903187721369539,0.06764069264069264,0.06304375236414071,0.5455779566863729,0.0,0.0,0.0,0.0,0.0,0.0,0.15940069239371094,0.7580054534992667,0.26424636268345514,0.055029716046665206,0.07175145296692258,0.10724584373210293,0.5013413018943526,0.0,0.0,0.21674967788377983,1.329843110149509,0.0,0.0,0.0,0.0,0.0,0.0,0.14652619008335885,0.07918910357934748,0.06154982458299994,0.0,0.0,0.0,0.0,0.0,0.888351207246125,0.17646511194898293,2.489017187703197,11.779220779220779,2.2548075237089904,2.770930395307492,3.5180267369522107,0.6712307114653986,5.038961038961039,0.7573105338257142,2.2548075237089904,2.367068149591425,27.044284683570396,1.9318770837475474,16.13722239527112,17.263808537425923,13.032715246349806,17.774783819768636,19.445484936681808,20.34142761295389,0.0012258759241123099,0.003605168062077629,2021,7
2021-08-01,39,3.053415377516211,0.5898427604447009,0.5460350673417873,0.0,0.7607559897058566,0.5967787317624146,0.7620119962535886,0.5339937984939036,0.1295001295001295,0.34543868059598676,0.0,0.0,0.0,0.0,0.11148272017837235,0.0,1.4927963690105177,0.231000231000231,0.604345460027538,0.26835191670356506,0.0,0.0,0.2849002849002849,0.0,0.17208742040956806,0.0,0.13285505513484788,0.0,0.0,0.0,0.0,0.14088475626937166,0.40515031107241567,0.0,0.0,0.0,0.0,0.0,0.0,0.26835191670356506,0.0,0.3595490178674436,0.0,0.13285505513484788,0.0,0.3700005057813189,0.13285505513484788,0.0,0.09392317084624777,0.7620119962535886,0.0,0.0,0.0,0.0,0.0,0.32116315088064734,0.0,0.11148272017837235,0.10134792743488395,0.0,0.0,0.0,0.1295001295001295,0.0,0.8414041488905963,0.8974764431847597,1.9993160895481776,11.948717948717949,2.1150595217264807,2.741011655649226,3.51379594462333,0.7390163717544358,5.871794871794871,0.8506975270364745,2.1150595217264807,3.076932659742828,27.73350538350538,1.9795855676316148,11.341650274067097,18.142990850869978,13.217661102513862,18.35767594620948,19.89947973402187,21.21780631051275,0.002451867271230795,0.0035558158128731606,2021,8
2021-09-01,71,2.707145961946018,0.47112800279319733,0.5342600211519632,0.0,0.5765380488494073,0.7206132944967347,1.6632271457104206,0.3493443744112442,0.13436261009929365,0.2833206218025753,0.0,0.0,0.24450320113556936,0.21638123519481767,0.0,0.0,1.2882577915976388,0.36175961316683003,0.2190267854335634,0.09389671361502348,0.0,0.0,0.0,0.13796492669732108,0.3331630760958763,0.0,0.0,0.0,0.12428977740280185,0.0869414014953921,0.0,0.0,0.32302884225376927,0.0,0.0,0.0,0.0,0.0,0.0,0.09389671361502348,0.23736997761459142,0.13076317028439796,0.11450818733539449,0.0,0.1186069007742159,0.3910397631576417,0.0,0.07572315614114797,0.13524347442372914,1.582744248326115,0.0,0.0,0.08048289738430583,0.0,0.21638123519481767,0.05844193793466192,0.0,0.0,0.07452120128176466,0.0814133355043556,0.05294927459493805,0.0,0.0,0.0,0.7457136153004802,1.0856990473415413,1.9108110428650684,11.746478873239436,2.35228255958648,2.762799066307667,3.4399230491803006,0.6579319136114605,4.633802816901408,0.7759814473016207,2.35228255958648,1.868624707511054,25.46315202794076,1.9233056554619876,16.22816951432798,16.94254252246563,13.086427349465431,17.486183593253028,18.91339564906647,20.085823534411137,0.0016624532313039247,0.003883458247611745,2021,9
2021-10-01,139,4.370108846239186,0.5082766543929692,0.8234043262875956,0.0,0.9556712899766361,0.8114896379190408,1.5342042516813321,0.5133360193413838,0.15520188087397477,0.40288458949355666,0.02756415557209405,0.0,0.38428742587708564,0.09905435219622608,0.32758206330767187,0.0,1.7273090942239866,0.4448339415538468,0.7716622876862096,0.18493093632850935,0.0,0.0,0.0,0.04927564797477087,0.07978870359933252,0.0,0.1344805519876468,0.24473175083121906,0.4778368710156531,0.0,0.15018695509596905,0.03022791850553171,0.1651525816704419,0.0,0.0,0.0,0.0,0.0,0.0,0.18493093632850935,0.32581841677790735,0.31568304570708283,0.05289885738468049,0.076340033778456,0.15474043556150974,0.5042081481253379,0.03074463506118183,0.0,0.12179641917101136,1.5063195826723534,0.0,0.02788466900897886,0.0,0.0,0.09905435219622608,0.0,0.0,0.32758206330767187,0.08669960383748589,0.07202030583325547,0.041109969167523124,0.0,0.0,0.04207160587319617,0.8459908404195866,0.7178661051091606,2.4076383060574393,11.76978417266187,2.3776264784015595,2.7755620565735377,3.522444533342805,0.7246769658697431,5.071942446043166,0.7611571005560929,2.3776264784015595,2.170883829241976,26.837035206999236,1.952963627522454,14.71022671379977,17.24727637924474,13.135611226499451,17.693712957127985,19.190581376771387,20.33968526954432,0.0021684600950607337,0.003123621968351515,2021,10
2021-11-01,80,3.124528247943831,0.21393167593111723,0.5386541702516421,0.0,0.7754530702085056,0.37060935078557355,1.0524211962393841,0.6010029241814456,0.232965976622105,0.21547156481808546,0.0,0.0,0.16544117647058826,0.241764909474326,0.046296296296296294,0.0,1.7888882373308406,0.20780904883197313,0.3301997524437692,0.1286572622779519,0.0,0.0,0.0,0.10694799427193794,0.10698368165917929,0.0,0.0,0.0,0.11335784313725492,0.0,0.05868544600938967,0.0,0.3666108811049975,0.0,0.0,0.0,0.0,0.0,0.0,0.1286572622779519,0.3968554370129191,0.182005588308939,0.0,0.06793478260869565,0.06720430107526883,0.2551425014477565,0.0,0.0,0.04826254826254826,0.8538088442179413,0.0,0.13611235202144295,0.0,0.0625,0.241764909474326,0.08064516129032258,0.08680555555555555,0.046296296296296294,0.14549100156494524,0.08064516129032258,0.07062146892655367,0.08169934640522876,0.0,0.0,0.32646653514620266,0.45298027378931643,2.0507370075082454,11.45,2.162088115076888,2.751347134019184,3.4917889213435673,0.6531993504715781,5.0375,0.753702427307738,2.162088115076888,2.1135139305717443,28.468663211788215,1.939022716685944,16.85056165342602,17.162028370633017,13.025718791828444,17.521203172813948,19.333880798165517,20.138771508509613,0.0018370262485426462,0.0024544250059648025,2021,11
2021-12-01,73,4.869376956624974,0.35063610911067916,0.4940129655002075,0.0,1.0052163068278415,0.5119831709625577,1.2052740462059837,0.3172524916453635,0.2757745848161955,0.28092900528583786,0.14695634943712585,0.0,0.2413941808032917,0.0,0.14037818024273313,0.0,2.240306966031421,0.38467631595792534,1.1789243463685537,0.2558116124980854,0.0,0.0,0.16736136942420035,0.0484050534875841,0.1348696861988947,0.0,0.0,0.0,0.05955926146515783,0.06554368486596317,0.08781173164734808,0.0,0.28109828752173843,0.0,0.0,0.0,0.0,0.0,0.0,0.2558116124980854,0.4955693079509793,0.16927594108873784,0.0,0.08455944529003889,0.06815238874122537,0.3160784107278177,0.0,0.0,0.12775237149351462,1.2052740462059837,0.0,0.0,0.0,0.0,0.0,0.0,0.1768743114026304,0.14037818024273313,0.0,0.22328941187755064,0.0,0.0,0.0,0.05248517293864483,1.2547856296167959,0.4588321381936516,2.704725427807253,11.67123287671233,2.27291717544402,2.7601050254581523,3.448409601012218,0.6474449586581549,4.657534246575342,0.7517166176371994,2.27291717544402,1.9346920133296304,26.47762359406195,1.9563844796561278,12.952456706160222,17.656926210088265,13.1034633617179,18.04734278183616,19.57256772000578,20.818577727795766,0.0012372608129704483,0.003341686570680197,2021,12
2022-01-01,61,2.4873290547998184,0.6469819648803374,0.4402284446300995,0.0,0.6752715051141944,0.891449590380461,0.970436626714469,0.2692833123160992,0.07996801279488204,0.17177680167783665,0.0,0.0,0.07318501170960187,0.11384335154826956,0.0,0.0,0.7252274550543869,0.5550425332512497,0.8482539015584735,0.0,0.0,0.0,0.07996801279488204,0.1734755833116489,0.3935383687738065,0.0,0.0,0.0,0.14637002341920374,0.0,0.09643201542912246,0.0,0.1974264057817733,0.0,0.0,0.0,0.0,0.0,0.0,0.0,0.4465665647687304,0.11793843613633684,0.0,0.11076650420912716,0.23725036692292278,0.4961267996419652,0.0,0.09758001561280248,0.06049240820277055,0.9003791796078414,0.0,0.07005744710662745,0.0,0.0,0.11384335154826956,0.07005744710662745,0.0,0.0,0.08538251366120218,0.07996801279488204,0.0,0.0,0.0,0.0,1.0212954874806992,1.1589294626337563,2.8148149912087033,11.672131147540984,2.245828850466506,2.737579372752432,3.5147960785505172,0.6413339467548737,4.688524590163935,0.8394208219190852,2.245828850466506,3.465646503080624,28.0064621626097,1.9203795735534743,16.127013522906086,17.19945704687775,13.009784158736291,17.614309158212357,19.16856152309766,20.294645919123486,0.0016186500823600566,0.002975588720519397,2022,1
2022-02-01,136,3.5000923997380893,0.4892777893349165,0.24291946990108126,0.0,1.2804746191467253,0.6937717315027484,1.0411351150613464,0.19865776092972579,0.10613672500106196,0.3051157337698892,0.0,0.0,0.27808793859763586,0.0384970742223591,0.09390616683858266,0.0,1.4697205004286829,0.4406594827541375,0.6065194131070707,0.2675860900197313,0.0,0.0,0.1216873014311525,0.0356938892061679,0.24292052705323558,0.0,0.05328218243819267,0.0356938892061679,0.03076544425301501,0.0,0.0,0.03953194180898166,0.17262208383908462,0.0,0.0,0.0,0.0,0.0,0.0,0.2675860900197313,0.507511142801492,0.41861626349836906,0.04325259515570934,0.0435085276714236,0.0,0.464850739005103,0.08007341717948187,0.09916554034201094,0.049682034976152624,1.0411351150613464,0.0,0.0,0.0,0.0,0.0384970742223591,0.038296568627450976,0.027957951241333035,0.09390616683858266,0.0,0.03640069889341875,0.0,0.0,0.027957951241333035,0.04177807486631016,0.9368661061839434,0.743285581047037,2.941159894095572,11.941176470588236,2.4119132147387115,2.7628866348274848,3.435586753523643,0.6462682030742872,5.0,0.7700069537854491,2.4119132147387115,2.281215229520432,26.536208991172227,1.9446166464385488,15.004919793017406,17.226067560077887,13.000768899562257,17.508528716464433,19.267968930743894,20.1034212584016,0.001762983299208554,0.0026016489766526826,2022,2
2022-03-01,83,3.0279343416223456,0.30882136448666253,0.39911235783161175,0.0,0.9506091183845475,0.4088281619944502,1.1830492616760635,0.4962267303963215,0.21861787697099885,0.17532714324948886,0.0,0.0,0.1894837274347173,0.12501992605505247,0.23351742562551647,0.0,1.4129515506185053,0.2890909268309197,0.43430767272171583,0.16823596908642977,0.0,0.0,0.15915437354151551,0.07483349547257352,0.0,0.0,0.07483349547257352,0.0,0.10752636731052635,0.0,0.050622658702035035,0.0,0.24096333181905036,0.0,0.0,0.0,0.0,0.0,0.0,0.16823596908642977,0.32589743630235474,0.356277348688331,0.0,0.10019836430743218,0.14638947822337803,0.13288447909284196,0.0651253663301856,0.0,0.06442883834804458,1.1830492616760635,0.0,0.0,0.0,0.0,0.12501992605505247,0.0,0.0,0.23351742562551647,0.13768937871575257,0.17061710895871066,0.0,0.0,0.0,0.0480007680122882,0.32969630233955344,0.2552881774890238,2.49171829310288,11.74698795180723,2.2927505083711104,2.7481968432265935,3.437210869167491,0.6876292871775586,4.9397590361445785,0.7953811312945837,2.2927505083711104,2.4641591693170803,25.914929682098357,1.9334852777319818,16.5890569149933,16.915975686031246,12.930940117041352,17.435987640373337,18.946731881703634,19.91423722346642,0.00163209949637115,0.002764859676851476,2022,3
2022-04-01,54,4.062490906958821,0.515014772785525,0.8924106760164909,0.0,1.3834940271797975,0.7184481034192799,1.511272909098365,0.4028495549813379,0.24985302763080539,0.0,0.09122422915526364,0.0,0.08573388203017833,0.14355440712029857,0.11574074074074074,0.0,1.9028724454931967,0.3008501722854224,0.9427302686347127,0.47978476149900795,0.0,0.0,0.12103606874848705,0.21414912311852777,0.09122422915526364,0.0,0.0,0.0886053517632465,0.28879257046538714,0.0,0.35922247480466174,0.0,0.24439563074644202,0.0,0.0,0.0,0.0,0.0,0.0,0.47978476149900795,0.2781240048826537,0.37106025333594395,0.0949667616334283,0.1595582458287637,0.0,0.5206006833496376,0.0949667616334283,0.0,0.10288065843621398,1.3014817046835048,0.0,0.20979120441486032,0.0,0.0,0.14355440712029857,0.0,0.14355440712029857,0.11574074074074074,0.0,0.24985302763080539,0.0,0.0,0.0,0.0,0.18607123870281764,0.6483026554382113,2.22090461941499,11.814814814814815,2.196835036307212,2.7625713353202137,3.3546863972853735,0.6207107487108748,4.648148148148148,0.7131502651495234,2.196835036307212,2.036992169508138,25.96809903059903,1.9393695755962599,16.202788267966714,17.154745513024622,12.858138743518271,17.51783665761957,18.791563567544053,19.990066716250286,0.001690495010755029,0.003196418793156767,2022,4
2022-05-01,109,2.955005224427924,0.5463431689076962,0.3683600739607281,0.0,1.1070280023507129,0.46375805668934594,1.2280342265835342,0.4665991745122116,0.037910379862006224,0.2999208871265481,0.12207743770684744,0.0,0.18014394567706904,0.10981752421265221,0.08737439930100482,0.0,1.4015631371285755,0.27134460837738716,0.33094504298265015,0.1518182419151895,0.0,0.0,0.06672226855713094,0.04610206998294224,0.390648213888158,0.042870616479464975,0.0,0.0,0.20911912409915123,0.0,0.0,0.0,0.15924094986157689,0.0,0.0,0.0,0.0,0.0,0.0,0.1518182419151895,0.34225101502884214,0.41579121503025673,0.0,0.19716753037642443,0.09424345584982594,0.2365330858409878,0.0,0.040062497496093905,0.09291901750243825,1.0900619600364854,0.0362621024767016,0.10171016407034705,0.0,0.0,0.10981752421265221,0.03971563604591127,0.1483488743523087,0.08737439930100482,0.08134274060033456,0.037910379862006224,0.0,0.0,0.0,0.0,0.7554710126769136,0.22328677762720017,3.346339599915851,11.669724770642201,2.284900378603491,2.7651764988171283,3.4900840867424465,0.6660542973848901,4.669724770642202,0.6869677148456143,2.284900378603491,1.6229182818799086,26.369808835405166,1.9410998136359185,16.064989150777624,17.107912913666862,13.027809530702612,17.482028398335437,19.325348702713082,20.0760624531967,0.0009392401787064259,0.0035612362194067386,2022,5
2022-06-01,170,3.348832976438404,0.6129972337505227,0.46178470306020825,0.0,1.1163010106161968,0.6943253128883918,1.13028382807074,0.6450519555869639,0.22159404352237563,0.09244434413940968,0.07635029048330051,0.0,0.11637423686369716,0.06868651474669608,0.32880074878475885,0.0,1.609510193956839,0.2389028446557186,0.637853695935896,0.17991010687208817,0.0,0.03179650238473768,0.09937645348245233,0.08879156812939767,0.29413376010657366,0.0,0.02410800385728062,0.07479094579008073,0.12833422970363786,0.02410800385728062,0.041718815185648725,0.0,0.2676236543136411,0.0,0.0,0.0,0.0,0.0,0.0,0.17991010687208817,0.5066392195414932,0.32026220419532475,0.0319693094629156,0.0775201705443752,0.1486385202686792,0.3916445549173921,0.0994258198296998,0.0,0.05461641787262082,1.0092608551798452,0.02955956251847473,0.06802774128406747,0.0,0.023435669088352474,0.06868651474669608,0.023435669088352474,0.0928933728635888,0.32880074878475885,0.13123565010356777,0.13240736633556408,0.028835063437139565,0.060351613749671996,0.0,0.0,0.9169958800551887,0.5623884960778037,2.1719753045570354,11.852941176470589,2.32755591189513,2.7559068721608844,3.520901723324381,0.6784325171493502,4.876470588235295,0.7808764085040015,2.32755591189513,1.941025103618093,27.91084012392836,1.955623115634951,12.301969485664056,17.957936197671266,13.163883340158014,18.174272550803746,20.0934553563705,21.06736017178079,0.0019183901575167295,0.003019969461370754,2022,6
2022-07-01,77,3.9878942860700755,0.40148117845887304,0.560227011091101,0.0,0.9006287930660003,0.6176203647161405,1.0087106327339834,0.2765309484467846,0.07337295472888694,0.5176000926158697,0.0,0.0,0.15182499845076533,0.06944926731022988,0.1559517087467398,0.0,1.315366008870767,0.24041034858907936,1.2767611550131137,0.26053070647351045,0.0,0.0,0.0,0.0,0.3375057450253115,0.0,0.06397543343356152,0.0,0.22866979536623244,0.06397543343356152,0.0725531451788435,0.0,0.19502863711246352,0.0,0.0,0.0,0.0,0.0,0.0,0.26053070647351045,0.18462243584138174,0.39617422158666526,0.0,0.05930142916444285,0.16178017759045427,0.24660497789047697,0.07594744436849699,0.0,0.13328776486671223,0.9327631883654864,0.0,0.07594744436849699,0.0,0.0,0.06944926731022988,0.0,0.05112997238981491,0.1559517087467398,0.0,0.0,0.07337295472888694,0.0,0.0,0.0,1.0148154302085792,0.5905323613782746,3.3397434010692955,11.688311688311689,2.3195465386203087,2.750898516161104,3.4350647644312953,0.6389869270087093,4.883116883116883,0.7748178962527589,2.3195465386203087,2.4883223936983234,25.95717143606754,1.9656203734456523,13.52331862301053,17.41521857706615,13.204470379721114,17.797518445238584,19.458341533467845,20.453075722302547,0.0015983819071353142,0.0027555442936285897,2022,7
2022-08-01,59,2.2078942985176693,0.44254765549726455,0.7167230254691345,0.0,0.7080890215686647,0.801288451431484,1.398431015913808,0.16567022676263443,0.5251748713012164,0.0974089226573154,0.0,0.0,0.38063805398887857,0.0,0.07739339060444236,0.0,0.9970330445742253,0.15989766549408377,0.29993093800823595,0.1955922831904879,0.0,0.0,0.0,0.21194694063504851,0.11530035743110803,0.0,0.11530035743110803,0.0,0.29680321887729266,0.0,0.0,0.1839204082099456,0.23599939838189618,0.0,0.0,0.0,0.0,0.0,0.0,0.1955922831904879,0.2579650179802356,0.10210332856851134,0.0,0.15242839182942988,0.23509812427148735,0.46220779622519365,0.0,0.0,0.10398253093480296,1.248438515538827,0.0,0.0,0.14999250037498124,0.0,0.0,0.08827683615819208,0.0,0.07739339060444236,0.0,0.353958562421947,0.0,0.0,0.0715154115711936,0.09970089730807577,1.1488811697312518,0.310222812481305,1.985654086575059,12.084745762711865,2.39274123020819,2.760416651965465,3.487944795012784,0.6793520735169255,4.9491525423728815,0.7377148825315446,2.39274123020819,1.9219664985247515,27.23350147968792,1.9412023023268863,14.490404411735387,17.61541212945286,12.904941217158768,18.046233568818312,19.502962639415276,20.80353008682959,0.0014612128380907835,0.0029117157659248115,2022,8
2022-09-01,70,3.3653158881866156,0.3409164737451065,0.29251132583491773,0.0,1.1953915491839293,0.9669137614195762,1.0525391696907789,0.2750777660174831,0.16563286155973345,0.1862649821833495,0.0,0.0,0.2820070016655546,0.1349375571123972,0.14014020890508594,0.0,1.5208181934589164,0.3612746119614834,0.5991137163484391,0.1407596165513894,0.0,0.0,0.0,0.0,0.26727877124142463,0.0,0.07363770250368189,0.0,0.0,0.0,0.0,0.0,0.29251132583491773,0.0,0.0,0.0,0.0,0.0,0.0,0.1407596165513894,0.29199636574352344,0.693622454397643,0.0,0.06901311249137336,0.0,0.6328033082463289,0.08257638315441783,0.0835421888053467,0.16799188121348269,0.9851537249468436,0.0,0.0673854447439353,0.0,0.0,0.1349375571123972,0.0,0.0,0.14014020890508594,0.0,0.16563286155973345,0.0,0.0,0.0,0.0,0.8349002489560519,0.849338876016898,2.794876366438068,12.057142857142857,2.316186045226575,2.7404694193897945,3.4872791962169,0.6522520457202649,4.828571428571428,0.7513149159952386,2.316186045226575,2.1352226157620344,27.485353535353536,1.9402968990913498,14.104537820744468,17.69496944925387,13.187673784848636,18.05441593227222,19.801339647735553,20.855435214240988,0.0017211585761927974,0.002113760270975784,2022,9
2022-10-01,136,3.750033534049839,0.6763763605171326,0.686919533128185,0.0,0.8459923826864447,0.4786556516919268,1.536426993013605,0.6048598964526668,0.1711919877154917,0.1550743365535819,0.0,0.0,0.19142944778845775,0.10789381305880588,0.26785381447250745,0.0,2.1200240208161336,0.3780225489061516,0.3883657047229176,0.14136984773128325,0.0,0.0,0.08289470108080196,0.20554161714979186,0.3105406614815852,0.0,0.07739938080495355,0.0,0.17468083732924028,0.0,0.10780601239030474,0.04177807486631016,0.3626546085423299,0.0,0.0,0.0,0.0,0.0,0.0,0.14136984773128325,0.263201060910993,0.3134334184968442,0.03751500600240096,0.09047304954492333,0.1018228743862635,0.22249370415218003,0.0,0.0,0.15433907315348327,1.3759166609346456,0.07427213309566251,0.08623819898329703,0.0,0.0,0.10789381305880588,0.08492046758966432,0.0,0.26785381447250745,0.14419180133168907,0.14520986341700906,0.0,0.0,0.025982124298482644,0.0,1.0233573236712528,0.7169385620889811,2.489865360029663,11.580882352941176,2.1882562179403386,2.747125454044518,3.5177045637184303,0.6806495633102777,4.9338235294117645,0.7279402357873986,2.1882562179403386,2.47487271558356,26.61503294499618,1.9465525045084968,14.627746576543203,17.30416056377594,13.196046958634849,17.71842297641079,19.336922805186497,20.371455534211893,0.0011524545486609162,0.003062399755707568,2022,10
2022-11-01,84,3.382120125166144,0.7785379545110439,0.22644197249833548,0.0,0.9943354450486975,0.4516856640073022,0.8928281158227601,0.24581954067640183,0.21672004495652558,0.15954856120852096,0.0,0.04960317460317461,0.306478763478517,0.050020008003201284,0.09915260795542487,0.0,1.402258339169315,0.4323438139467159,0.7835085075949251,0.09920634920634921,0.0,0.0,0.05615453728661275,0.11125945705384958,0.23230283378442626,0.0,0.10444581873153302,0.27437530765462237,0.04960317460317461,0.0,0.0,0.0,0.17683879789516088,0.0,0.0,0.0,0.0,0.0,0.0,0.09920634920634921,0.4384388881498483,0.2559508582420767,0.0,0.20073934945042324,0.13557816984065532,0.21148697590819157,0.0,0.0,0.10462051825845525,0.8338936509477012,0.0,0.058934464875058934,0.0,0.0,0.050020008003201284,0.0,0.040492387431162936,0.09915260795542487,0.05615453728661275,0.13770091996949885,0.0,0.0,0.0790191249870267,0.0,0.2849908617865963,0.5015904333360576,2.767153670992361,11.678571428571429,2.3647062083457806,2.7375971612198393,3.464202015555061,0.7123362667685884,4.75,0.7418441612908047,2.3647062083457806,2.4738207036535735,25.791734522091662,1.9488794195005554,13.266026752053687,17.435840301483932,13.080601468745575,17.816749393587575,19.304785693106755,20.504586141823925,0.0019037904120914424,0.002377477083357,2022,11
2022-12-01,67,1.8705933508770916,0.6026289047640828,0.38844350583136483,0.0,0.9185976973896279,0.8456985812479813,0.8313017499387458,0.39347510151082926,0.1404863964901149,0.20714133757319927,0.0,0.0,0.053882213481329815,0.2051665257375835,0.1015331505736623,0.0,0.5452398842891606,0.45492854544874384,0.3027016937734123,0.0,0.0,0.06489292667099286,0.0,0.05675046819136258,0.22365149034434187,0.0,0.25733401955738544,0.0,0.0,0.0,0.06663113006396588,0.0,0.32181237576739896,0.0,0.0,0.0,0.0,0.0,0.0,0.0,0.3028973561292953,0.37346022847088944,0.0,0.2422401127894432,0.22291820962471073,0.44872209631762716,0.17405827530564336,0.0,0.0,0.8313017499387458,0.0,0.0,0.0,0.0,0.2051665257375835,0.0,0.0,0.1015331505736623,0.08677542519958348,0.1404863964901149,0.0,0.0,0.0,0.0,1.067905114997358,0.4790511684906498,2.3370991513536454,11.402985074626866,2.0771462317817733,2.730648707164621,3.529867852306503,0.6316542612606205,4.970149253731344,0.8012694385173388,2.0771462317817733,2.2313903996894866,27.36822920031875,1.9730037105995997,10.850338326367087,18.162272266345816,13.252033220604575,18.3683535117385,20.299132518663463,21.22244345615438,0.0016783039690266913,0.0027862910725231227,2022,12
2023-01-01,86,3.446872814917049,0.4419509532602582,1.0235737185514318,0.0,1.2784748233569743,0.7507684043525835,1.0485282814434915,0.15066499803722727,0.0,0.22834665235411492,0.056446150372544586,0.0,0.14322253344356328,0.0,0.0,0.0,1.2178594207760751,0.7554950864696306,0.9699970820417424,0.07550588945937785,0.0,0.0,0.0,0.16224740668395896,0.12934268049771064,0.0,0.0,0.15036086607858862,0.21174597229043712,0.0,0.13575411213680885,0.0,0.6760736341241858,0.0,0.0,0.0,0.0,0.0,0.0,0.07550588945937785,0.5503170061228934,0.5057758392019226,0.054591112566874114,0.09228497600590622,0.404588826869169,0.11588414122644626,0.12232486409771644,0.0,0.10797057215925185,0.9918067839959589,0.05672149744753261,0.0,0.0,0.0,0.0,0.05099959200326397,0.0,0.0,0.0996654060339633,0.0,0.0,0.0,0.0,0.0,0.33048455855567377,0.925258692163646,2.4205790193645678,11.348837209302326,2.1405459050981177,2.7656658709027293,3.4453422526292203,0.6122712708869336,5.0813953488372094,0.7906898228235033,2.1405459050981177,2.1162577350462426,27.212112403100775,1.9713948805398722,13.609954061986453,17.505626893999302,13.150081363038987,17.999509817831974,19.518216837253572,20.733371015491926,0.0017907153316903315,0.0030569653862343436,2023,1
2023-02-01,129,2.948126231793229,0.2408964363805773,0.3872724637139533,0.0,1.291928808003973,0.7474865539205803,1.6782256678667025,0.42990247377222096,0.22919554934649447,0.20165647962167055,0.0,0.0,0.32340393070920787,0.034300610550867805,0.10811070536229099,0.0,1.2391069965236792,0.1980494985857272,0.5978802429346315,0.24561776750515402,0.0,0.0,0.10139080441548695,0.0,0.11258918063003434,0.0,0.026916451335055984,0.0,0.0862677896345309,0.046698421593350144,0.0,0.0,0.25430625248607225,0.0,0.0,0.0,0.0,0.0,0.0,0.24561776750515402,0.47471579875145614,0.46962211117225416,0.0,0.10197313057510865,0.10283175968687305,0.48750103067291645,0.033851257574218876,0.03915120194189962,0.08415130404467232,1.455168311889015,0.026916451335055984,0.15698970270073176,0.0,0.03915120194189962,0.034300610550867805,0.13561449949958843,0.0,0.10811070536229099,0.15187665835947375,0.1902410871128456,0.0,0.0,0.0,0.038954462233648866,0.8564236574247107,0.6620643677345578,2.332328108856441,12.007751937984496,2.388267531400235,2.748886293089903,3.5405131485937402,0.6793528042140577,5.51937984496124,0.8427562280472692,2.388267531400235,3.1930585721936176,27.4883704151146,1.9536022135821542,14.016294224108899,17.588695119127497,13.167346145385947,17.841502480680074,19.763148078150486,20.544778842996923,0.001468984776054549,0.0026400434348263233,2023,2
2023-03-01,91,3.0501910666080185,0.49835320077756273,0.7114489565898785,0.0,1.478658685298984,0.4237703158088885,1.203246841156759,0.35554025177234,0.1547768927448072,0.07905763301446755,0.11567379988432619,0.0,0.06004924037710923,0.03466564980760564,0.21226103669361346,0.0,1.5312452750626746,0.17325689914522402,0.5972415014635645,0.2467400311594334,0.06426322215795899,0.0,0.0,0.06868131868131869,0.23981996292101662,0.0,0.0,0.12558869701726844,0.18662884734313304,0.0,0.17048477761494632,0.0,0.3543353316317992,0.0,0.0,0.0,0.0,0.0,0.0,0.2467400311594334,0.4850370282057164,0.5241818573589505,0.06619886137958428,0.1565009071952995,0.0,0.18293386352007346,0.1787516444412954,0.06208480784751971,0.0,1.203246841156759,0.0,0.0,0.0,0.0,0.03466564980760564,0.0,0.0,0.21226103669361346,0.10861356527112093,0.10090919181828274,0.05386770092652446,0.0,0.0,0.0,0.5221029566033051,0.685157361254298,2.124681054169745,12.219780219780219,2.517714935492389,2.735258212948962,3.4915103774089484,0.7165736096867249,4.934065934065934,0.8000868057000109,2.517714935492389,2.5159823437962547,27.86736944374307,1.93404281138118,16.261056913136713,17.212252607554174,13.03841106190519,17.617226863993917,19.292506954758398,20.261980517388015,0.001680829653372447,0.002793913017676005,2023,3
2023-04-01,66,4.192409428981324,0.6378435508355136,0.9772236602100471,0.0,1.1249876555236955,1.127947453160284,0.6917981710130371,0.34755093860075564,0.09072763563781527,0.2419702871099564,0.06794401413235493,0.0,0.466852411281319,0.1449905756125852,0.15304560759106212,0.0,1.6475619903125736,0.5989714847754701,0.6716255343037629,0.19944752386223957,0.0,0.0,0.07891414141414141,0.16218407892958506,0.396745330491787,0.0,0.0,0.0,0.1579911861769742,0.07113387395077536,0.3353724734005297,0.0,0.4127261266817678,0.0,0.0,0.0,0.0,0.0,0.0,0.19944752386223957,0.6374790635537273,0.15522694394798173,0.05391998274560551,0.07891414141414141,0.32395273990675166,0.39927655593737565,0.21185146730998256,0.14043930193864754,0.052427388067526476,0.5927686602188205,0.0,0.09902951079421668,0.0,0.0,0.1449905756125852,0.0,0.0,0.15304560759106212,0.04951475539710834,0.09072763563781527,0.0,0.0,0.0,0.0,0.6255514756332728,0.445076851114604,2.010877873132074,12.318181818181818,2.4854696667526,2.7416617884850334,3.4680689239211286,0.6637694202147044,5.0606060606060606,0.7778378564306461,2.4854696667526,2.5120166312213517,26.803315897065897,1.953430327297392,13.617248309484081,17.6764751040628,13.037249274219958,17.93799785498557,19.613430348155592,20.74307987391008,0.0015778949108135913,0.002691180235844616,2023,4
2023-05-01,123,3.505342665193112,0.8399769443638909,0.9983030049605199,0.0,1.2368006982364315,0.4563019046401895,1.3314043326545189,0.52090718417021,0.16122595163867132,0.17008529710941778,0.05493298176225006,0.04371011452050005,0.28949198286516314,0.16100823276033938,0.2368478069773112,0.0,1.3957182590645179,0.4161147435950496,0.43500363201945563,0.3024296145191074,0.0,0.0,0.0,0.20942914968356435,0.44342129868798036,0.0,0.1190249925587922,0.06810150343355398,0.3305259788663239,0.1283697047496791,0.0,0.0,0.539407321344517,0.0,0.0,0.0,0.0,0.0,0.0,0.3024296145191074,0.2773035860300555,0.4731792193839217,0.0,0.18388827830334686,0.04442667377493447,0.245471443769813,0.04324511330219685,0.037123658907821946,0.0860350148854232,1.297244327188918,0.0,0.03416000546560088,0.0,0.0,0.16100823276033938,0.0,0.03332000533120086,0.2368478069773112,0.08973113910135853,0.1307762089389971,0.030449742699674185,0.0,0.0,0.0,0.7972497653432347,0.5779828322860003,2.900043468580187,12.05691056910569,2.3846698373935817,2.762103383524391,3.5617509090087784,0.691711521792748,4.715447154471545,0.7306834583110926,2.3846698373935817,1.77154608264509,27.95107755839463,1.9504814337798153,13.345209905101662,17.805854108006745,13.162663518865056,18.084815598031952,20.048327773048655,20.844524531021033,0.0019630638273024055,0.0035797466135277798,2023,5
2023-06-01,130,3.6264751925757386,0.5563504127388835,0.4673381046345649,0.0,1.3572174862206319,0.48584439820359204,1.0693224628083953,0.35934019719009125,0.2805983735098425,0.4029802977365747,0.0,0.032051282051282055,0.2710104111905732,0.18002212309143004,0.0709538409462248,0.0,1.6384864126331535,0.3297369406262876,0.37419038570275787,0.32704349859745463,0.0,0.0,0.10052592611503995,0.21738928209932454,0.198161342261128,0.0,0.040273862263391066,0.0,0.16929651545036162,0.0,0.037341299477221805,0.0,0.26070028970698145,0.0,0.0,0.0,0.0,0.0,0.0,0.32704349859745463,0.35601206589516515,0.4733063040552795,0.10895518094470975,0.09190043672802294,0.03645643456069996,0.22281419522317952,0.08722933251235139,0.0,0.13934443590736117,1.033037992561661,0.0,0.0,0.0,0.036284470246734396,0.18002212309143004,0.03985651654045436,0.03645643456069996,0.0709538409462248,0.032051282051282055,0.20930062364066407,0.07129774986917843,0.0,0.0,0.0,0.6812512054116938,0.4392688913933049,2.4419236399091258,11.7,2.3486909977471915,2.7579111963658973,3.459701599202694,0.687855576830535,5.0,0.7529614501232293,2.3486909977471915,1.8734312025957263,25.924215762869608,1.967591513888001,13.824624937676893,17.3405068987565,13.225496381568925,17.70418992966395,19.387362956822525,20.364121252297807,0.0013854711890506448,0.0034776252978655966,2023,6
2023-07-01,73,3.8936354133495836,1.0540528677934948,0.41863841742962155,0.0,0.8957745941663163,0.35219875550636126,0.9820047528507636,0.707491854770512,0.0,0.20607807512169224,0.0,0.0,0.24342324334983362,0.22933304224339285,0.14318474271234521,0.0,2.2089446559937818,0.07444907683144729,0.6453309306944827,0.14289164640260796,0.0,0.0,0.07695859627520393,0.40282121478342126,0.35459967556184896,0.0,0.21967338117302068,0.0,0.0,0.0,0.0,0.06008171112713289,0.3585567063024886,0.0,0.0,0.0,0.0,0.0,0.0,0.14289164640260796,0.38964799413135875,0.18058655180586553,0.09132420091324202,0.09132420091324202,0.0,0.20824805251625728,0.08252186829509821,0.06142883469500583,0.0,0.9820047528507636,0.0,0.0,0.0,0.0,0.22933304224339285,0.08615490652192642,0.07134703196347031,0.14318474271234521,0.17747213132937717,0.0,0.0,0.0,0.0,0.0,0.9897822420263411,0.486246442408795,3.0389889045661267,11.95890410958904,2.347904747275523,2.741844604592546,3.461353113230134,0.6719071325258554,4.917808219178082,0.7829891516728416,2.347904747275523,2.7724994562186276,26.221620312716205,1.9432250537979034,14.418496686188073,17.41377432215072,13.043650569390529,17.817469471737105,19.52032086042892,20.41976538804734,0.002096592337070518,0.0025650826977135304,2023,7
2023-08-01,42,3.444598220559534,0.7006584409423462,0.7295143354274499,0.0,1.2001836458731576,1.2617018406885068,2.0040424237185652,0.12664640324214793,0.5992440524881969,0.3171225937183384,0.109217999126256,0.0,0.0,0.0,0.12664640324214793,0.0,1.3865804011671017,0.4605210696521899,0.8847142918446151,0.15979546180888463,0.0,0.0,0.0,0.45400586870837856,0.24665257223396755,0.0,0.0,0.0,0.2763333685758499,0.0,0.34396296772534396,0.0,0.109217999126256,0.0,0.0,0.0,0.0,0.0,0.0,0.15979546180888463,0.09228497600590624,0.8072184517889951,0.0,0.14088475626937166,0.17904174970905715,0.8055731117648108,0.0,0.0,0.27708697921463876,1.6441369139087958,0.12465719272001996,0.2352483170897493,0.0,0.0,0.0,0.0,0.0,0.12664640324214793,0.0,0.35573203841915363,0.14088475626937166,0.10262725779967158,0.0,0.0,0.8988888611464525,0.42404562641775784,2.4523515532184272,11.666666666666666,2.252947726710229,2.7504104019326667,3.5031275973415927,0.6858164918948867,5.5,0.7353797629473886,2.252947726710229,2.4829574650968413,27.247380331308904,1.9286474645974503,16.50314320511737,17.052684251164408,12.953002491996633,17.369044511731403,19.248293783282662,19.966178331442848,0.0014663972168021458,0.003421102820278382,2023,8
2023-09-01,68,3.3017109929879114,0.7975729608335896,1.3153918697315594,0.0,1.3869650673389466,0.5333818787817172,1.0434034910163734,0.8504812586510504,0.14637359420360566,0.34912206303714644,0.0,0.0,0.055285272003538256,0.19039973060792312,0.25062656641604014,0.0,1.5309208921056057,0.477166385138214,0.23689872592820502,0.21129135775123878,0.0,0.0,0.19448883615561555,0.26448481894291054,0.11873908441881426,0.14705882352941177,0.0,0.0728013977868375,0.12660116440399982,0.0,0.4812648929140191,0.0,0.7075258124135405,0.0,0.0,0.0,0.0,0.0,0.0,0.21129135775123878,0.6546773178047448,0.2563548557941784,0.0,0.2646415359887846,0.0,0.3845947195644278,0.0,0.0,0.14878715921728936,1.0434034910163734,0.0,0.0,0.0,0.0,0.19039973060792312,0.0,0.0,0.25062656641604014,0.40945496162708717,0.06421782686873875,0.0821557673348669,0.0,0.0,0.0,0.967837496758653,0.841568397645605,3.076419334888724,11.955882352941176,2.371995802854425,2.7603990633144164,3.4261717651146157,0.6559378334343361,5.794117647058823,0.8424671761679221,2.371995802854425,3.021769376187125,26.153735684250393,1.9968559117993265,10.802546992454626,17.746799640226335,13.113018749543354,18.065481750281165,19.67544931282482,20.914769777859416,0.0013362709120248275,0.0030155489263964316,2023,9
2023-10-01,124,5.042626420738042,0.8639936564328864,0.6736101084354971,0.0,1.5164424872258062,0.5948905567996007,1.2737147063793575,0.4922969540814428,0.2885552203194127,0.5714182071988235,0.08105041335710812,0.12059256506638846,0.18665978340989295,0.13472876086688668,0.227542129997721,0.031379440190787,1.9480945897521185,0.6391533249790977,0.7579115509625557,0.3440956549566628,0.03417167851284855,0.0344637441411635,0.0,0.4367731374487049,0.2018382965010409,0.0,0.15674679982912865,0.0,0.08511479030449925,0.05072022722661798,0.11682281844819388,0.0,0.4209522724561859,0.0,0.0,0.0,0.0,0.0,0.0,0.3440956549566628,0.42380650842014944,0.5201398987958055,0.05561735261401557,0.17278307243917274,0.04947555907381754,0.4145144259243881,0.03768465480856195,0.0,0.09321591699283309,1.0995854569347827,0.04052520667855406,0.09914029862485721,0.0344637441411635,0.0,0.13472876086688668,0.0,0.04156967076820752,0.227542129997721,0.08845639244862762,0.24921611725096263,0.0,0.03933910306845004,0.0,0.0,0.5415987559095305,0.3547810134081287,2.7521668764942677,12.137096774193548,2.480431893630342,2.7674345748216105,3.527286233235371,0.7105284990864509,5.145161290322581,0.7963263590918053,2.480431893630342,1.9739426956771968,26.56152774197129,1.9707605993556645,13.639646922787273,17.38645312207109,13.30201127214256,17.7582014823236,19.481062778551966,20.469875333032885,0.0016811516060930198,0.003311117922185945,2023,10
2023-11-01,72,4.493056070489465,1.1742991092429722,0.960142004409991,0.0,1.5229852473082675,0.6519404310435941,1.014953150381607,0.6165117938873159,0.0925925925925926,0.6514907056771281,0.062003968253968256,0.0,0.21517432905064882,0.2312049481039028,0.3853068457834131,0.0,1.4849831759229861,0.48682013316943124,0.8135398858282439,0.1625320786997434,0.062003968253968256,0.0,0.31773450604889764,0.4809135395890676,0.04805843906189927,0.20128824476650564,0.06430041152263374,0.0,0.2815740803409045,0.0,0.2180662119920432,0.0,0.46050171207704316,0.0,0.0,0.0,0.0,0.0,0.0,0.1625320786997434,0.8992493077962516,0.46120386081227227,0.0,0.0,0.19063066595658695,0.3791269905965404,0.08218277449046679,0.0,0.0,0.8782673544202526,0.0,0.13668579596135452,0.0,0.0,0.2312049481039028,0.0,0.0,0.3853068457834131,0.0,0.0,0.0,0.0925925925925926,0.0,0.0,0.7529617294232323,0.9108070038639511,1.655593376199601,11.791666666666666,2.2272119984914345,2.7659178333214185,3.4630574277915405,0.6688190629044248,5.041666666666667,0.7074201639261707,2.2272119984914345,2.447982856995146,27.14130942360109,1.9527899617009357,14.089925217819951,17.580550237712778,13.24654634219251,18.064810038903985,19.69960401441224,20.889739546019197,0.0017040555710141321,0.0026738192465098807,2023,11
2023-12-01,89,4.011784432365881,1.1025819063661737,1.246864708033628,0.0,2.084425821048802,0.5657087283184561,1.6197373610106063,0.3513811378888305,0.1567673604985456,0.3128968063424993,0.0,0.0,0.44408804985621064,0.06893223960846488,0.2824488982803656,0.0,1.7030146003162119,0.309511815425373,0.6061236087793687,0.2847684137573871,0.04146108876819105,0.0553495322964521,0.21151602645787057,0.4156371793051309,0.1093685469896241,0.11363652668234431,0.056179775280898875,0.09943323058566172,0.27413428201143547,0.05480953685941354,0.23551457718651175,0.12626074956954786,0.5561455624067192,0.0,0.0,0.0,0.0,0.0,0.0,0.2847684137573871,1.0297741312975848,0.5848519331427049,0.04971661529283086,0.13531472755829407,0.11827321111768184,0.11026914031878755,0.1754843892499341,0.041007135241532024,0.12067485239052056,1.6197373610106063,0.0,0.0,0.0,0.0,0.06893223960846488,0.0,0.0,0.2824488982803656,0.0,0.05674724775848372,0.0,0.05762028233938347,0.0423998304006784,0.0,0.5883384115227597,0.2804610069314051,2.473944017037692,11.438202247191011,2.179825794778754,2.740147858536508,3.454066237064869,0.6809999439364406,4.764044943820225,0.7156055378297755,2.179825794778754,2.81381978596094,26.023427290562125,1.9668215383493495,13.754705596560406,17.412097119301194,13.194613999117985,17.750215193999324,19.698205850405945,20.458506945156206,0.0020937755202670404,0.003440824565930191,2023,12
2024-01-01,51,4.021742373154176,0.5315258382097955,0.8804175965787217,0.0,1.715784886030716,0.8881828293877103,2.222246371338847,0.6676636925153496,0.07512583577492299,0.2613626529099454,0.0,0.1352265043948614,0.2074394856783886,0.4165535066052762,0.1015950421619425,0.0,1.6026482094382464,0.6654469174386903,0.2823789252939267,0.34909112923289826,0.0,0.0,0.1352265043948614,0.11204481792717087,0.10004001600640255,0.0,0.08714596949891068,0.09706853038245,0.10656436487638533,0.0,0.19219760679411624,0.0,0.58165562490822,0.0,0.0,0.0,0.0,0.0,0.0,0.34909112923289826,0.9609739693062491,0.40571978749156873,0.0,0.0,0.0,0.7925348140840278,0.09564801530368244,0.0,0.0,1.8586697001891375,0.0,0.228350166754848,0.0,0.1352265043948614,0.4165535066052762,0.0,0.14951514374813105,0.1015950421619425,0.0,0.07512583577492299,0.0,0.0,0.0,0.0,0.7073444567655137,0.7333779772505148,2.176757097362714,11.96078431372549,2.283301448467228,2.747582250410529,3.445740716529792,0.6450384314549262,5.2745098039215685,0.7934796529417979,2.283301448467228,2.9374048403920914,26.36021984551396,1.9867247025055188,10.847665842310075,17.834256497066935,13.242826028783174,17.958069284931295,19.726444947226167,20.78098537746424,0.0029192489822352126,0.003576443757999312,2024,1
2024-02-01,144,4.148451746933905,1.325941822857536,0.7134798906327237,0.0,1.3083230022467738,0.5739462357594319,1.1987933224618843,0.7559637166592722,0.23025876310059828,0.2675561278684693,0.12730898257794201,0.02857796067672611,0.29171353659502297,0.36180974884519995,0.14409977365478366,0.0,1.6077824913257919,0.4314611299296247,0.6428810631929581,0.245260932267386,0.02857796067672611,0.08841436117826125,0.29401945575510924,0.29355558260783465,0.3023522116343557,0.029178338001867414,0.2898439130033814,0.0,0.07276656182186136,0.03794778384942319,0.11085583541335753,0.0,0.49190970954808155,0.0,0.0,0.0,0.0,0.0,0.0,0.245260932267386,0.44561445106662606,0.5334097767227457,0.0,0.08403784219001612,0.07833061787191377,0.3459283283332007,0.0,0.02650551314673452,0.12318177640758285,1.1138929116666436,0.03733572281959379,0.04756468797564688,0.0,0.0,0.36180974884519995,0.0647690246206644,0.1016504498279551,0.14409977365478366,0.08363471971066908,0.1704881588236452,0.029178338001867414,0.030592266275085662,0.0,0.0,0.6610383744759124,0.44572165666013563,2.3039518619438932,11.902777777777779,2.4260406461228716,2.7489149851432106,3.50523810805844,0.6723646013662395,4.208333333333333,0.7433241376234947,2.4260406461228716,2.087471605736118,26.607652840986177,1.9576413315401768,12.931892661201202,17.63483444158611,13.30557126807083,17.92853642469998,19.748087486948705,20.720137036489422,0.0013106900619478368,0.003170205215549747,2024,2
2024-03-01,87,4.587620733731665,1.1464971301831732,0.7924877238144953,0.0,1.2056974130054567,0.5013203206872118,1.4005348858393651,0.8712462841503886,0.35345789563372304,0.443253939389997,0.07662835249042146,0.0,0.5175409018470444,0.3280554418028133,0.319935602093792,0.06568144499178982,1.4387397924797156,0.6241390397883865,0.4652585973358761,0.3083876215118292,0.1439055397569371,0.0,0.09499382540134892,0.37283603458425685,0.2369472429574607,0.13981064482971622,0.06530825496342738,0.09269558769002595,0.2125231090748332,0.06682705159048383,0.14984015423286234,0.0,0.3632974089163158,0.0,0.0,0.0,0.0,0.0,0.0,0.3083876215118292,0.357766247415299,0.4537655375592001,0.0,0.0857780065191285,0.0,0.3327643629975272,0.06882786151834262,0.04525296406914653,0.05447513210219535,1.4005348858393651,0.0,0.0,0.0,0.0,0.3280554418028133,0.1423097974822113,0.0,0.319935602093792,0.08094544277157197,0.35345789563372304,0.0,0.0,0.0,0.0,0.8821455549156446,0.9811481254408171,3.175678836488517,11.264367816091953,2.268658650053804,2.745723504231134,3.5189256208436124,0.6921136006002724,5.103448275862069,0.7674955262308943,2.268658650053804,2.449470358975536,26.262141530244982,2.0254868921420797,8.970154589763332,18.09850563981968,13.509655235554764,18.334962095564848,20.472025848778433,21.291023392921975,0.0015404653494453086,0.002998109331831176,2024,3
2024-04-01,64,4.453446873850061,0.9293940893876086,0.9723708883761523,0.0,0.9356425855015326,0.3083267150759453,0.4459934585856929,0.7482794283995444,0.1174812030075188,0.4153358312978881,0.0,0.0,0.07440476190476192,0.15868526897938662,0.5895941594201578,0.0,2.11277218223978,0.599915259743344,0.3600482945622636,0.14269111570247933,0.0,0.10416666666666667,0.0,0.1911122311827957,0.2573708479460197,0.0,0.3767443435921265,0.0,0.2908365915720226,0.0,0.32953048941421037,0.0,0.3520038073899194,0.0,0.0,0.0,0.0,0.0,0.0,0.14269111570247933,0.47184235297856747,0.32110911682048576,0.0,0.0,0.0,0.21641495037006295,0.0,0.0,0.09191176470588235,0.4459934585856929,0.0,0.0,0.0,0.0,0.15868526897938662,0.0,0.0,0.5895941594201578,0.0,0.1174812030075188,0.0,0.0,0.0,0.0,1.3482435096227898,0.653906212072122,2.7757692106326175,11.890625,2.2978209545056965,2.7510726018794824,3.468639791172405,0.7073696963523278,4.6875,0.7490305902665674,2.2978209545056965,2.6313852346109914,27.437200126262628,1.9759459573589946,12.469453297799078,17.609236818724927,13.390180736535596,17.883667938950037,19.810901077501747,20.753874907650477,0.0018268325780405065,0.002982650118225602,2024,4
2024-05-01,137,5.2073973729995835,1.4045553070646946,0.6494669187071646,0.0,1.7752082860668787,0.6944605444919788,1.0161596072893015,0.6895613873509131,0.27624039658842015,0.4468979647080598,0.11123643410988164,0.03443051921222971,0.27145647471618967,0.21776966431844597,0.17474395887447364,0.0,1.832831505672008,0.5439139130140878,0.9294053158783868,0.6447116224958208,0.06133840397472858,0.1513640666155435,0.1783879413406292,0.43984053945148965,0.23574011591724847,0.04619791185438418,0.2636122122453144,0.02807411566535654,0.13663503000312457,0.04171011470281543,0.1472109722009781,0.0,0.32391080180024645,0.0,0.0,0.0,0.0,0.0,0.0,0.6447116224958208,0.5500310713539875,0.4458568809829867,0.06754014475179153,0.06706856648229206,0.04590735894963963,0.43583744822355763,0.0,0.03560619547801317,0.17710954184076844,0.8790498198370015,0.04077804510051788,0.029551700700375307,0.06678004165140698,0.0,0.21776966431844597,0.039886721710342625,0.0,0.17474395887447364,0.2571610424476508,0.27624039658842015,0.0,0.0,0.0,0.0,0.5901927411834547,0.4802884137587004,2.4425755900438535,11.379562043795621,2.314705186386925,2.746494914536011,3.5064069852518176,0.6902768556781887,4.927007299270073,0.7573039129864022,2.314705186386925,2.438293761859515,26.850203608232807,1.9715881137031182,13.249915648952172,17.478142401755214,13.370352642284926,17.807586364731712,19.741285785768444,20.542271472209354,0.0011385001887749243,0.0029690550303080525,2024,5
2024-06-01,120,4.787728727172847,0.9702119301021473,0.8751699372382405,0.0,1.0643110190337308,0.570916068586905,1.1299201617803334,0.6986423700689041,0.05175983436853002,0.2195519728895862,0.0,0.0,0.3497345488560571,0.2765498610611131,0.16427249291425003,0.0,1.4707283870008256,1.091389351397621,0.9701345609285364,0.24536755212485709,0.0,0.07407770800627946,0.0,0.4158973132321962,0.22455864207782367,0.0,0.15527666036014523,0.10040160642570281,0.32777011962647024,0.0,0.3536613931392625,0.05707762557077625,0.13666079890173155,0.0,0.0,0.0,0.0,0.0,0.0,0.24536755212485709,0.451573425472844,0.28600515028853,0.04528985507246377,0.03607503607503607,0.13265973792289582,0.1813878273132495,0.18798522613414914,0.0,0.06888327721661056,1.0867422688615078,0.0,0.0,0.04317789291882556,0.0,0.2765498610611131,0.0,0.10893462598008054,0.16427249291425003,0.14888539011346028,0.05175983436853002,0.0,0.0,0.0,0.0,0.6205004375484993,0.516326879690059,2.1540883221044873,11.725,2.31014367245861,2.746381539808157,3.507688695978709,0.7174888362481969,4.916666666666667,0.7404211210818376,2.31014367245861,2.9245913145754026,26.325235389610388,1.9743624273809453,13.255872425175902,17.574111314885176,13.387042200059843,17.87830987976513,19.66556563341962,20.735716583868303,0.0013533834599017591,0.004105770709140482,2024,6
2024-07-01,65,4.127344576496112,0.7506806245811336,0.8035979570260517,0.0,1.2676276719588033,0.9317318709113087,1.483007548556541,0.5673518226920853,0.06410256410256411,0.42140442838078424,0.0,0.0,0.08547008547008547,0.2132960207494369,0.17445866502470278,0.0,1.927983624732752,0.36424131921844943,0.8102197011454101,0.13027073177449117,0.0,0.13978555696498104,0.0,0.6108950676161525,0.0,0.0,0.0,0.0,0.16461880868660533,0.0,0.36108798370595746,0.0,0.27789116463348906,0.0,0.0,0.0,0.0,0.0,0.0,0.13027073177449117,0.5870303776429963,0.29219626327335696,0.0,0.2581302992679591,0.08316008316008316,0.36897071195754055,0.12307692307692308,0.16194331983805665,0.19458083287870523,1.3548024203514126,0.0,0.12820512820512822,0.0,0.0,0.2132960207494369,0.09267840593141799,0.0,0.17445866502470278,0.0869187309865276,0.0,0.0,0.0,0.0,0.06410256410256411,1.4779549318942198,0.7518446527776836,2.799862115487207,11.676923076923076,2.264124680509844,2.7840217627917045,3.4344854558128537,0.6568043901357287,5.4,0.8042351804431824,2.264124680509844,2.0109150641024716,25.36190809190809,1.9837537924930035,12.006471685167066,17.574908889137255,13.143730934057823,17.990428334106785,19.392984566377187,20.761354963450785,0.000723514811444655,0.004167546874723955,2024,7
2024-08-01,51,6.367097851685102,1.1298784487094777,0.9524560098242897,0.0,2.291138786495547,0.7086875307621692,2.039800578383158,0.7316865083392808,0.11204481792717087,0.3336807952584899,0.0,0.0,0.47105873107794954,0.20135243421805754,0.41828925619405244,0.0,1.957458187591023,0.7706191219840267,1.4899046097527235,0.7247347156087792,0.09337068160597574,0.0,0.10319917440660474,0.7652535991086769,0.0,0.09205560158335635,0.07599939200486396,0.0,0.3136414426236831,0.0,0.5628151751957425,0.0,0.07599939200486396,0.0,0.0,0.0,0.0,0.0,0.0,0.7247347156087792,0.8872162308761828,0.679187840010585,0.0,0.0,0.07512583577492299,0.25175502299685304,0.0,0.0,0.38180667199039303,1.9450766984930377,0.0,0.0,0.0,0.09472387989012031,0.20135243421805754,0.11204481792717087,0.0,0.41828925619405244,0.0,0.11204481792717087,0.0,0.0,0.0,0.0,0.0,0.858817577884515,2.2252395684742305,11.333333333333334,2.2121981089627227,2.7501806752593327,3.555330268334377,0.714353499878925,5.117647058823529,0.7859936779618596,2.2121981089627227,2.688068970673234,26.588037942449706,1.9833225966101804,11.125360063633961,17.67915473806632,13.478148561968814,18.096425615721717,19.81268742468676,20.950922354306613,0.0017976698468189418,0.004151438642584787,2024,8
2024-09-01,72,5.24539764425739,1.4110450212739665,1.2485804599471542,0.0,1.1359273884999008,0.8846572862594466,1.0530762208473392,0.787665152019442,0.17623264026141724,0.515475592373408,0.06677350427350429,0.0,0.6554431381264553,0.1562966475247177,0.3204965856871784,0.0,1.5400098414618475,0.7027233850748947,0.8761671385405553,0.41201181119482894,0.0,0.08122157244964262,0.24557426597582038,0.6544083343806807,0.2916395283358097,0.06875687568756876,0.06944444444444445,0.0,0.24361798066573156,0.0,0.29109825354691465,0.0,0.713864225734508,0.0,0.0,0.0,0.0,0.0,0.0,0.41201181119482894,0.3253727575433002,0.3200745209544899,0.0,0.07846829880728186,0.0,0.26287743409312564,0.2596162070147845,0.0,0.3621636451515365,0.9983955559304538,0.05468066491688539,0.0,0.0,0.0,0.1562966475247177,0.3108719188075459,0.0,0.3204965856871784,0.0,0.17623264026141724,0.0,0.0,0.0,0.0,0.3811707333356889,0.20902983660235588,2.5044737452245225,11.76388888888889,2.2046586077000305,2.7166081383251086,3.4645952404246985,0.6267791282899764,4.902777777777778,0.7574220937823346,2.2046586077000305,2.7881541672941963,27.461353114478115,1.9676593842144636,11.68254924470903,17.827812966942094,13.395858265925655,18.122807343488173,20.01085522093801,21.02346566158498,0.0013301971756745185,0.0034960994157974892,2024,9
2024-10-01,142,5.247552688050635,1.9787065895853213,0.7952369974164605,0.0,1.5992352858987129,0.6707623014938285,1.168497968811129,0.6580679313887717,0.21856128521043233,0.3070819439936111,0.0,0.03275466754012447,0.39737005719464946,0.2668269510941355,0.2965558806457295,0.0,1.8850078014823441,0.7544443505249134,0.9534541863731976,0.3540568492019294,0.0702134628652668,0.043204009332066015,0.0732254221848504,0.9015340819546761,0.5645924137619591,0.061774153694094384,0.20523205398381633,0.05893099180859213,0.23234208279254115,0.03275466754012447,0.17966562361432412,0.0,0.3504746234694707,0.0,0.0,0.0,0.0,0.0,0.0,0.3540568492019294,0.5630452270404335,0.3451795874756102,0.1193486158433392,0.2176050063374007,0.03706449221645663,0.328344905615634,0.13971912872584344,0.0,0.1656337749358945,1.168497968811129,0.0,0.0,0.0,0.0,0.2668269510941355,0.034352456200618345,0.0,0.2965558806457295,0.060332643448288335,0.10378877565045418,0.09090046372565014,0.023872045834328,0.0,0.0,1.0663451127652044,0.5123094002363312,3.407769944518555,11.633802816901408,2.2147532024520658,2.75024687207593,3.4916985572963584,0.6219493272224419,4.169014084507042,0.6896329344395911,2.2147532024520658,1.9990237059141094,27.48683050126712,1.987046728920771,11.181961714803876,17.8468822194657,13.479996818515586,18.1486899142126,20.228453496525827,21.04559247560619,0.0015019163541142911,0.00401601269448849,2024,10
2024-11-01,87,5.794459583460407,1.4067145430648282,1.0138147171273484,0.0,1.6390940696743943,0.544114369477031,1.1538550001911332,0.9453382132637304,0.08269246671628215,0.371048334685381,0.07415647015202076,0.04179728317659352,0.5881500431997461,0.18798482532132949,0.25929653861564955,0.0,2.2669535567764156,0.6269241258940167,0.9741541991285075,0.4039942065107461,0.0,0.06644076805527871,0.04257130693912303,0.9013999178400465,0.31361008351409786,0.0,0.08269246671628215,0.0,0.3331906173083298,0.06179705846001731,0.13962942123861666,0.0,0.47919762012038475,0.0,0.0,0.0,0.0,0.0,0.0,0.4039942065107461,0.24719596871580773,0.6939096694061877,0.18623245710410216,0.10776176793755055,0.12841564565702496,0.26408296308090723,0.0,0.0,0.15161576073909877,1.0247021048067526,0.07415647015202076,0.0549964252323599,0.0,0.0,0.18798482532132949,0.12235484325020952,0.0,0.25929653861564955,0.37570200607654175,0.0,0.08269246671628215,0.0,0.0,0.0,0.7854869241560003,0.6547781520872237,2.6492742477662534,11.770114942528735,2.252275770639921,2.7704719697257407,3.4504557460967598,0.6702518387713776,5.655172413793103,0.8340089476291341,2.252275770639921,2.0071609271259754,26.287831070589693,2.0101219703785285,10.675952040631104,17.82012489950177,13.533822740776667,18.193978807913602,20.00447937844034,21.150238322603307,0.0011600138584892303,0.003240857482928949,2024,11
2024-12-01,74,5.6162462810124,1.1409901906516406,1.1114551024911492,0.07112375533428164,1.0119796184302818,0.30492309150447083,1.6666479444638356,0.6309752732387682,0.07549448890231013,0.6905973782999353,0.1866238708343972,0.0,0.4119890878364414,0.17441517048126018,0.2548575084084602,0.0,1.8263891725344705,0.8930259085272046,0.9374977927183903,0.2408503913718407,0.0,0.133106079052025,0.15795015795015793,0.4072407754565179,0.19428048738393566,0.0,0.24841269080900416,0.0,0.3012834727529094,0.05341309689135776,0.4060423100568454,0.1245368522256394,0.22617937056439733,0.0,0.0,0.0,0.0,0.07112375533428164,0.0,0.2408503913718407,0.30206978476290053,0.21506120442633495,0.13406263406263408,0.11993560380657153,0.0,0.07344300822561692,0.05405405405405406,0.0785669390320553,0.0988590901927445,1.6035006850548938,0.0,0.06314725940894166,0.0,0.0,0.17441517048126018,0.133106079052025,0.0,0.2548575084084602,0.0685965152970229,0.07549448890231013,0.0,0.0,0.0,0.0,0.571040204385048,0.6695937331619498,2.9825630080153944,11.824324324324325,2.4244875066928753,2.746706315623919,3.5036616524387414,0.7153246673069518,6.0,0.8631201152953443,2.4244875066928753,2.3142295351285704,25.770201007701008,2.013171470484833,8.239147198764357,18.117996494655983,13.554236566058325,18.293986256908862,20.13722590316712,21.221596551681127,0.001024411429545975,0.004201111084685382,2024,12
2025-01-01,88,4.763272823310999,1.435699219787046,0.7090172093327,0.0,0.8613618870135095,0.9285324304230425,1.3626302404230992,0.331814170325727,0.0,0.3807822885228536,0.0762660158633313,0.0,0.5133604529550284,0.18670585411085347,0.0,0.0,1.7482519622920139,0.7161916223486032,0.843423215867275,0.2982914113510399,0.0,0.1042535446205171,0.2917852091240802,0.5586223580479498,0.30862014694276463,0.0,0.17241796105173435,0.0,0.4810246361566406,0.0,0.06764069264069263,0.0,0.16035188053536678,0.0,0.0,0.0,0.0,0.0,0.0,0.2982914113510399,0.37766439565565463,0.1854060800068148,0.0,0.0,0.1499577151042949,0.4607885701206851,0.09845288326300984,0.07058159232072275,0.14875166961432984,1.3256151382614174,0.0,0.03701510216168197,0.0,0.0,0.18670585411085347,0.09853603603603603,0.04657228017883756,0.0,0.0,0.0,0.0,0.0,0.0,0.0,0.5109072733873384,0.7236919239878281,3.094593360639051,12.0,2.388570894445922,2.7631083480351015,3.50329428219214,0.6483248789979934,4.954545454545454,0.7025970847980236,2.388570894445922,2.6964998748248656,27.480069362455723,1.9904421378105388,9.466091462959252,18.261043798223383,13.461754722822242,18.39616679356222,20.509289583296802,21.416990794165937,0.0011062431614120157,0.002849275058231922,2025,1
2025-02-01,139,5.687817751713803,1.1902414757473911,0.8603734868743265,0.0,1.4030035390417959,0.7076193352640752,1.366437457492703,0.6786203405159738,0.02560229396553931,0.5459909630777928,0.029728283488911354,0.0,0.5878522079321127,0.3535182012226235,0.3251021392933503,0.0,1.980008311759403,0.5526889015636332,0.7267946094144621,0.5861341339615143,0.0,0.07359562863718297,0.03526590492312033,0.5569769360421696,0.20209762145799742,0.034587714443829555,0.25174644722150863,0.03597122302158273,0.06245850777005514,0.1303452052034899,0.19047509503856333,0.0,0.4770946788622181,0.0,0.0,0.0,0.0,0.0,0.0,0.5861341339615143,0.2781696476466128,0.4145471141330794,0.0,0.12415264330058925,0.032553143005957234,0.07308128089180198,0.0,0.0,0.601984911366316,1.3243658516195067,0.0,0.04207160587319617,0.0,0.0,0.3535182012226235,0.0,0.0,0.3251021392933503,0.0,0.02560229396553931,0.0,0.0,0.0,0.0,1.1953252924474773,0.4232289832753235,3.339657627347283,11.776978417266188,2.3269447942388966,2.757595042298307,3.52717977165904,0.6822929262924494,5.251798561151079,0.7527814687070653,2.3269447942388966,2.4770531084520093,27.411454772246138,1.9902510581025892,10.352038277216627,18.15265943712717,13.526358687244265,18.272756052948733,20.472659936206416,21.31253718397527,0.0014623184324230975,0.003964881569192107,2025,2
2025-03-01,86,5.215436807352576,0.9033768400844111,0.7333611668412583,0.08677542519958348,1.645646177849979,0.5564332474890655,1.3731105185274375,0.6916308346738839,0.05145091582630171,0.5547465650183537,0.08677542519958348,0.0,0.15194449872972446,0.18081584596335087,0.16473022321102854,0.0,1.902691154629212,0.4605349933637699,1.135492239491088,0.5777058617464659,0.0,0.14888200723166573,0.0,0.5164226998715724,0.23807213298117305,0.0,0.0,0.0,0.12977574750830564,0.0,0.2677515969901566,0.08677542519958348,0.24905839714321243,0.0,0.0,0.0,0.0,0.08677542519958348,0.0,0.5777058617464659,0.4830538309429105,0.43763310901695024,0.0,0.1472533761436524,0.09531071292413268,0.34498272116847,0.06962818548948614,0.0,0.046511627906976744,1.1278961537117438,0.06921373200442967,0.17600063281126405,0.0,0.0,0.18081584596335087,0.15789884767396362,0.11978646502116329,0.16473022321102854,0.06839945280437756,0.0,0.05145091582630171,0.0,0.0,0.0,1.033046454439959,0.45432712893070837,2.850580175530954,11.418604651162791,2.1457424906571583,2.749960012123414,3.5193902485453066,0.6932696569488058,5.1976744186046515,0.7765292278435308,2.1457424906571583,2.26111255995939,26.260808732611057,2.009217830220646,8.770957266430056,18.048096635501302,13.662038009908695,18.247928013657052,20.385608088145926,21.296836039742036,0.0009321350997211863,0.003583456377361345,2025,3
2025-04-01,65,5.759860314166244,1.374979036013115,0.6725359759806427,0.0,1.2204684897761127,0.7279343956132591,1.124614974659961,0.7780573279657528,0.18153554027689386,0.6782952286117675,0.0,0.0,0.5342723599320506,0.18654185320851988,0.33434209258385084,0.0,1.6778245082878014,0.9326037631866063,1.1208147922118106,0.29516571614383685,0.0,0.1053740779768177,0.0,0.8111037359113336,0.2680155665230292,0.0,0.19048565560193467,0.0,0.25092554504319214,0.0,0.25474026406728373,0.0,0.16687016687016687,0.0,0.0,0.0,0.0,0.0,0.0,0.29516571614383685,0.5477215949295028,0.3237888172181038,0.0,0.05379236148466918,0.37585168729455387,0.35208270831870536,0.0,0.0,0.0,1.124614974659961,0.0,0.0,0.0,0.0,0.18654185320851988,0.08012820512820512,0.09157509157509157,0.33434209258385084,0.08547008547008547,0.18153554027689386,0.0,0.0,0.0,0.0,0.771511056406565,0.6536889680834533,3.283179521972532,11.261538461538462,2.139742037885881,2.743394133734258,3.4994006453090614,0.6634584941585429,5.323076923076923,0.7766295275838172,2.139742037885881,2.7222271817322174,26.896818736818737,2.0260898305920794,6.5227736734984125,18.522210651412347,13.703370709499204,18.689288321898392,20.932655993483618,21.99813421247963,0.0009618930392623276,0.003578491923315619,2025,4
2025-05-01,145,5.365996300468382,0.6525205793119311,0.7683224009873294,0.0,1.1105898293796828,0.6977602387691143,1.3779763070971225,0.5100955293515927,0.18266557678185946,0.45211154220925465,0.04257130693912303,0.0,0.32472649477753646,0.08894362342638204,0.24749872314383398,0.0,2.1363540175074403,0.5774675961781496,1.2489913347741426,0.24733166151251923,0.0,0.12235914435676624,0.07001755770228676,0.13626700471365913,0.20954053149437776,0.0,0.11433634104484124,0.0,0.13239556956307386,0.03518648838845883,0.03707823507601039,0.03178134435086604,0.5318807636089202,0.0,0.0,0.0,0.0,0.0,0.0,0.24733166151251923,0.5027050279364093,0.3206886790975871,0.0,0.03986446083316723,0.052246603970741906,0.2755340604926827,0.08839750528323281,0.0,0.28158206902245686,1.3779763070971225,0.0,0.0,0.0,0.0,0.08894362342638204,0.05764027133624025,0.0,0.24749872314383398,0.11601291144513658,0.15173933586644273,0.03092624091541673,0.0,0.0,0.0,1.1156514699035434,0.31259143409991624,2.8168428860354937,11.413793103448276,2.183383066475744,2.755608549358827,3.467747823982993,0.650776590273449,5.744827586206896,0.8238547750888817,2.183383066475744,3.2847987809131602,25.93115788426133,2.0177207098031444,8.303195293975131,18.163687729397132,13.754106156726172,18.373798798773112,20.538743598702606,21.361786652119914,0.0010618573287059022,0.0032736715521017533,2025,5
2025-06-01,122,6.695690887712371,1.280187757877502,1.4491912043269644,0.0,0.9577950493690811,0.28090712921954586,1.6070940663637259,0.7687734229017372,0.11883720694455734,0.23364868820157852,0.08437928946130872,0.0,0.49625370329310664,0.14343166258416987,0.41261613036391953,0.0,2.511464312234963,0.8567342087427164,1.5972310768853049,0.3599318159453033,0.0,0.0,0.05692167577413478,0.6912368537475233,0.3748679422727255,0.0,0.1571612860831185,0.0,0.41709835210408597,0.0,0.4611697023927061,0.029274004683840747,0.5416491451463316,0.0,0.0,0.0,0.0,0.0,0.0,0.3599318159453033,0.43757283206688163,0.1029706719060191,0.0,0.057319729450876995,0.0,0.113300906561463,0.04057782827463074,0.04998000799680128,0.07704838638665082,1.411580350093653,0.0,0.09332279334726115,0.10219092292281179,0.0,0.14343166258416987,0.14155004917320682,0.03812428516965307,0.41261613036391953,0.03305129561078794,0.11883720694455734,0.0,0.0,0.0,0.0,1.3445238835255284,0.31697652416163213,4.177384293332464,11.39344262295082,2.181469321442525,2.739823420578612,3.515659414452565,0.6782478734159009,5.172131147540983,0.7536375748577216,2.181469321442525,2.599197088500489,26.637777068104935,2.0327751255254682,7.566964841231871,18.262550353071916,13.739446008574717,18.349864515737593,20.759465326312053,21.42478828056082,0.0018813759888374152,0.0035855414126688303,2025,6
2025-07-01,81,6.5647780165901395,0.8575658856420325,0.5335630293925142,0.0,1.0364197713330914,0.8660004817425258,1.1557965170037916,1.4100231011710695,0.31366447058454855,0.5422564664935431,0.08398421096833794,0.059640961412297966,0.5819486623047854,0.092824654228163,0.6432670555794219,0.0,2.432381366981475,0.4451766350624976,1.3788125865783014,0.3044854169813157,0.0,0.0,0.0,0.44720642060884613,0.11888431641518062,0.0,0.19270971651924032,0.09876543209876543,0.08755800717975658,0.0,0.17611999793287136,0.0,0.2698850242798863,0.0,0.0,0.0,0.0,0.0,0.0,0.3044854169813157,0.4150511306131839,0.25014982367185834,0.0667334000667334,0.0,0.18460869644292607,0.3647598645822349,0.07014590347923681,0.0,0.24648601723812796,1.0436223866167984,0.049185972160739756,0.06298815822625346,0.0,0.0,0.092824654228163,0.2982519255598558,0.1317106580264475,0.6432670555794219,0.24396880777718138,0.31366447058454855,0.0,0.0,0.0,0.0,1.5762563853103844,0.6787385588506275,3.3939031999862306,11.271604938271604,2.0084014149275005,2.7588113888006047,3.5696835016236044,0.7065561000978978,6.135802469135802,0.8106570670262091,2.0084014149275005,3.172864107000086,26.696569891014338,1.992500846520421,9.513568814074626,18.081742022117936,13.72955283297591,18.36650170719622,20.55750949685314,21.38461407576258,0.001271445525547183,0.003474342671351215,2025,7
2025-08-01,55,5.827837501378901,2.035043680265385,0.7541903686430708,0.0,1.2824800651141146,0.8389115954652957,1.2218431716868088,0.8419533713817858,0.09372071227741331,0.6992055591680258,0.0,0.0,0.4074660047769541,0.41784049410885754,0.0819000819000819,0.0,2.3504292307300845,0.43298843510259993,1.2021232419637207,0.23588445362857619,0.0,0.06809669731018045,0.07905138339920949,0.8999557567057044,0.4748474238755183,0.11655011655011654,0.3965423024246554,0.0,0.11507479861910241,0.0,0.4844882153966138,0.0,0.15462735462735464,0.0,0.0,0.0,0.0,0.0,0.0,0.23588445362857619,0.5197401861311522,0.237084372857122,0.13879250520471895,0.15097854729254515,0.0,0.5838172134493529,0.07047216349541931,0.0,0.1846222185205236,1.0946975899957727,0.0,0.12714558169103624,0.0,0.0,0.41784049410885754,0.16610441058658376,0.09671179883945841,0.0819000819000819,0.07939658594680428,0.09372071227741331,0.0,0.0,0.0,0.0,0.765568581053496,0.9654062751407885,3.4044961266144598,11.690909090909091,2.251710742140505,2.7351208699654586,3.5670566098500136,0.6646459743197348,5.490909090909091,0.726045875747994,2.251710742140505,2.851360932562971,25.920575283302554,2.023094438616301,7.337296298219384,18.172234801106384,13.788225913293152,18.438636560025383,20.539485678074207,21.65142523974345,0.0012583136841634894,0.0032633257358344147,2025,8
2025-09-01,81,6.728264175284059,1.1371082592490025,0.7793049658500214,0.0,0.9086066599333066,0.5825095476591259,0.8856177227476509,0.6961348078332514,0.25334639765826594,0.38364136853015607,0.0,0.0,0.407845074986401,0.23756951491876144,0.34158526912025533,0.0,2.8399969170383375,0.38517436915845565,1.993736167010954,0.13871549452073795,0.0,0.31518974770677705,0.13685758487232502,0.27068926638065277,0.16882697030011323,0.0,0.24554468998913445,0.0,0.0,0.0,0.18526439553214302,0.0,0.5940405703178784,0.0,0.0,0.0,0.0,0.0,0.0,0.13871549452073795,0.41571211038306005,0.2413771174337532,0.0,0.11280193759575535,0.11643857466424219,0.211865036206792,0.0,0.0,0.25420593678809167,0.8856177227476509,0.0,0.0,0.0,0.0,0.23756951491876144,0.06111722283339445,0.05586280096084019,0.34158526912025533,0.0,0.1280095548933352,0.0,0.06266842138246537,0.0,0.06266842138246537,0.6711126643198376,0.182014001803941,5.257612829130523,10.753086419753087,1.9347215864172178,2.7528187552865533,3.50661468313941,0.6359435959412328,5.777777777777778,0.7848837352779864,1.9347215864172178,2.6465719356322004,26.422143083254195,2.0470879468340786,6.073572401881558,18.337560295704115,13.830955401252435,18.65275307728738,20.734832789542807,21.892833330964724,0.0015776621211257733,0.003974186422438888,2025,9
2025-10-01,128,5.707595036390912,1.2313938688553843,0.6679233278520438,0.0,0.583397893098708,0.5036769355618186,1.236634083944836,0.5061654771808708,0.21803535762273119,0.23867715369854706,0.0,0.0,0.2591772183453906,0.0,0.21727368544182468,0.0,2.9044040267982685,0.6798755194106237,1.1797645046008594,0.2284229280953986,0.0,0.08388205238917673,0.08964342948717949,0.2660052728455991,0.36730397578679497,0.0,0.36954153271283124,0.05501760563380282,0.0852183726361358,0.10132477648593684,0.11440198589468331,0.0,0.36697819283528776,0.0,0.0,0.0,0.0,0.0,0.0,0.2284229280953986,0.11743588231919302,0.13324294454311975,0.0,0.10429613814099664,0.0,0.09221998658618377,0.11435203318821288,0.032018442622950824,0.26508647316447104,1.2082249930357452,0.0,0.028409090909090908,0.0,0.0,0.0,0.0390625,0.07102272727272727,0.21727368544182468,0.17880656446631887,0.1779712550586286,0.0,0.04006410256410257,0.0,0.0,0.9719928017151699,0.40963680250753975,3.7185059867987134,11.34375,2.1643620650142203,2.7451885708123593,3.5600359538622297,0.6679285346184141,5.6875,0.8028096001480467,2.1643620650142203,3.6264147636399455,26.63933555593712,2.022628731914669,5.724734327411875,18.548747127825656,13.831619315520802,18.619130412036093,21.16894647062971,21.755368441336937,0.0015193250194478322,0.004038837370549006,2025,10
2025-11-01,93,6.1218090067012705,1.3066495427409426,0.737534156247771,0.0,0.6435064066003964,1.0289178375380224,1.009930962667395,0.3866182741727773,0.28222636093884335,0.6420337082621815,0.0,0.0,0.3429264462852336,0.0,0.20331336717989748,0.0,2.563277661597967,0.7185839636120825,1.5534757942657986,0.09819806549810967,0.0,0.04695497018359393,0.04909903274905483,0.763191041532715,0.3487096009116779,0.0,0.09869489736390105,0.0,0.2833720386573444,0.0,0.20992688998029896,0.04887585532746823,0.19535937228265937,0.0,0.0,0.0,0.0,0.0,0.0,0.09819806549810967,0.12017320832671222,0.30706639990608253,0.0,0.11806873286949188,0.0551419906258616,0.32160240439017557,0.11499402628434886,0.0,0.5371794162376363,1.009930962667395,0.0,0.0,0.0,0.0,0.0,0.0,0.1833049069928797,0.20331336717989748,0.0,0.24022367276680032,0.04200268817204301,0.0,0.0,0.0,0.7331969763214677,0.7236809737871974,3.999325198746037,11.559139784946236,2.2510487405711466,2.7657148864592944,3.529300159779125,0.6932046376559027,5.462365591397849,0.8108426816213924,2.2510487405711466,2.1290266692662625,26.886821273111597,1.9990249490205776,9.344479442586247,18.06192482481493,13.667521414046242,18.283602838065363,20.60892360150169,21.189443811521425,0.002057896702452472,0.003376718833448363,2025,11
2025-12-01,60,5.700168237028266,0.6550056316284346,0.816380040326334,0.0,0.9724941420528896,0.5069681596576454,0.8918849753514506,0.5636806450525557,0.21572871572871574,0.46913678194080755,0.07407407407407408,0.0,0.5080369634704998,0.061500615006150054,0.1561357320462191,0.0,2.4352609404644383,0.66857903461839,1.0852743572220125,0.24216973818567444,0.0,0.061500615006150054,0.0,0.2377622377622378,0.0,0.0,0.35574277886004685,0.0,0.13123359580052493,0.0,0.2677048953299632,0.07751937984496124,0.3399221693508846,0.0,0.0,0.0,0.0,0.0,0.0,0.24216973818567444,0.36210219293222085,0.28809400580678923,0.08012820512820513,0.0,0.0,0.20961848804772173,0.0,0.0,0.29734967160992365,0.7592289000724245,0.06830601092896176,0.06435006435006435,0.0,0.0,0.061500615006150054,0.3460442980001865,0.0,0.1561357320462191,0.0,0.21572871572871574,0.0,0.0,0.0,0.0,1.5767098961610666,0.6612815875621024,4.88798166156107,11.283333333333333,2.188495260451671,2.73981576089516,3.618699666416762,0.7277299121156716,6.283333333333333,0.9135434022498745,2.188495260451671,4.286036039071701,26.8810575998076,1.999009252256513,7.8240445455246626,18.281426020123448,13.910320767953655,18.51076483426768,20.865259572391697,21.580635478200538,0.00042780962680709247,0.0036015664012963634,2025,12
2026-01-01,76,6.119664756743602,0.8526614037532558,0.7556754375537134,0.0,0.7518294580292914,0.5506694469115928,0.798183434777771,0.7364729899539108,0.0,0.3271322451759934,0.0,0.0,0.2517361023044943,0.17152754497709244,0.3472295211564789,0.0,2.8489011388436065,0.6920612203341615,1.2505442304976897,0.23053275345408603,0.0,0.0,0.08771929824561404,0.05284295075036989,0.4830623357360347,0.0,0.2290368190212373,0.0,0.06782419967444385,0.0,0.24351911098578927,0.062359690695934146,0.38197243619754606,0.0,0.0,0.0,0.0,0.0,0.0,0.23053275345408603,0.2146722600603356,0.24814491235112707,0.0,0.058479532163742694,0.04928050463236743,0.22490716811943254,0.0,0.09201324990798676,0.184468524251806,0.798183434777771,0.0,0.0,0.0,0.0,0.17152754497709244,0.10890809863076695,0.05720823798627002,0.3472295211564789,0.05159958720330237,0.0,0.0,0.0,0.0,0.0,1.1929862113120528,0.9246234419693495,3.99987311685931,11.052631578947368,2.028267743607547,2.7513926674240037,3.563100891833998,0.6667895191483985,6.565789473684211,0.8465265652788284,2.028267743607547,3.9201556144297753,26.929952357583936,2.0289195454358704,5.486864603703782,18.667293169022713,13.913063643336221,18.759637499203297,21.52027517376428,22.00564227740158,0.0007841101467775602,0.0036991238954621783,2026,1
2026-02-01,142,5.406612073270258,0.8918754623411785,0.5305565295448382,0.0,0.5688869657166201,0.4360535791402939,0.7475805435732221,0.5286810038618296,0.20970979950633162,0.12286167102414888,0.0,0.0,0.35020718499336384,0.06955915460377346,0.19088642295135447,0.0,2.2123936345997,0.5730877299340533,1.7575991091822796,0.13001716598158516,0.0,0.0,0.029465495904296066,0.2914770544826555,0.26533941819652795,0.0,0.28026164655940133,0.025331847198297702,0.03765910973864578,0.05216484089723526,0.11374357789929876,0.0,0.3269890010096584,0.0,0.0,0.0,0.0,0.0,0.0,0.13001716598158516,0.11575805971406714,0.27990773068890185,0.0,0.043204009332066015,0.03630027588209671,0.2036158580237686,0.0,0.03129890453834116,0.16483854069608742,0.6217227410225105,0.05255413075467732,0.04024144869215292,0.03306222310388151,0.0,0.06955915460377346,0.14691577556772256,0.028627046833848622,0.19088642295135447,0.09269260390513047,0.14271498022684578,0.0,0.0,0.03230391523452642,0.03469090404495941,1.769307193193972,0.9907895357729877,4.176150593231572,11.316901408450704,2.1860204823149547,2.7487107801125457,3.586555156310631,0.7033536557352509,5.584507042253521,0.7944468164326257,2.1860204823149547,2.4998950340736914,26.501836094265673,2.024163472146668,7.657752973577626,18.23427879932828,13.870704544630879,18.360495507040923,20.798421437694323,21.440207878309945,0.0014772479558686003,0.0034421162724238923,2026,2
2026-03-01,127,5.425970802518479,0.5818949038446974,0.49114843803162683,0.0,1.07351264711907,0.5894398917607728,0.8668242863613803,0.2313943101496009,0.3792016487236029,0.15017252091412175,0.041010498687664036,0.0,0.1622274544771661,0.03379405900442702,0.08859720129671445,0.0,2.5164336928072863,0.6401281111767375,1.7002493080990537,0.09335795605530761,0.0,0.0,0.0,0.03350644999162339,0.38153932336336915,0.0,0.16684913048970484,0.0,0.07591572659216315,0.035468539405547284,0.22769212127413582,0.0,0.15207205075978056,0.0,0.0,0.0,0.0,0.0,0.0,0.09335795605530761,0.440507127948736,0.43695460705160755,0.054680664916885384,0.04801229114653351,0.07446918261005507,0.14134014373602025,0.030284675953967295,0.03350644999162339,0.30983943946910686,0.795314397066934,0.0,0.07150988929444635,0.0,0.0,0.03379405900442702,0.030757874015748032,0.044738725841088046,0.08859720129671445,0.03350644999162339,0.262441828621074,0.0,0.04631773969430292,0.0,0.07044208040822594,1.8553870763353066,1.1640795489315705,4.544401848910275,11.307086614173228,2.214485340996648,2.7367819879922117,3.6686379788952848,0.6977745142638206,6.267716535433071,0.8057572130920703,2.214485340996648,4.045193374650811,28.015967147463208,2.0168155543647353,6.529282267950374,18.646284382759955,13.86568608434814,18.726749507032075,21.428313061923873,22.01248598652696,0.0019277256385253929,0.0038356822950434064,2026,3
2026-04-01,88,5.193280491934158,1.0256157714647527,0.34877322234488867,0.0,0.39401563108069093,0.5466560375614633,1.1790116263404375,0.5610845564063477,0.2975790490807629,0.32160317322339405,0.0,0.0,0.17950532647149792,0.14441940061774775,0.30270891498506847,0.0,2.380161080219938,0.49756920679508004,1.3034727358931377,0.06384065372829417,0.0,0.050505050505050504,0.0,0.1744017009817883,0.42885214532414223,0.0,0.3164245021482285,0.05543237250554323,0.053101104502973666,0.0,0.055704099821746886,0.0,0.23996801802016804,0.0,0.0,0.0,0.0,0.0,0.0,0.06384065372829417,0.05411255411255412,0.2760624232398426,0.0,0.0,0.0,0.2625672631303784,0.0,0.0,0.28408877443108493,1.1790116263404375,0.0,0.0,0.0,0.0,0.14441940061774775,0.05797773654916512,0.0,0.30270891498506847,0.055978504254366325,0.2975790490807629,0.0,0.0,0.0,0.0,0.7620166598255256,1.016402475296539,2.9157280235550904,11.238636363636363,2.056643152964831,2.7462116696371264,3.6107042756595464,0.6965648455087332,5.034090909090909,0.8250645630043564,2.056643152964831,2.709522025183038,27.60952216974944,1.980856770089153,9.264534944332745,18.219918298159687,13.674174866400415,18.32561389786406,20.885805509652336,21.323917600644158,0.0013195745724823963,0.0026002752852185766,2026,4
