domain,topic_id,topic_label,topic_count,topic_share,feature,family,intervention_date,n_months,n_pre_months,n_post_months,pre_mean,post_mean,pre_sd,pre_slope_per_month,pre_slope_per_year,level_shift,level_shift_se,level_shift_ci_low,level_shift_ci_high,level_shift_p,slope_change_per_month,slope_change_per_year,slope_change_se,slope_change_per_year_se,slope_change_per_year_ci_low,slope_change_per_year_ci_high,standardized_slope_change_per_year,standardized_slope_change_per_year_se,standardized_slope_change_per_year_ci_low,standardized_slope_change_per_year_ci_high,slope_change_p,post_slope_per_month,post_slope_per_year,r_squared,model,hac_lags,slope_change_q,level_shift_q
arxiv_titles,0,"learning, neural, deep, networks, based, neural networks, models",174804,0.4334911357059073,avg_words_per_sentence,syntax,2022-11-30,136,95,41,9.364067020081405,10.593418749098072,0.5657292007145202,0.018354462588502048,0.22025355106202457,-0.04146919609887223,0.0558474423701245,-0.15093018314431625,0.06799179094657179,0.45775766403848744,0.0006956662137135019,0.008347994564562023,0.0019324585614129929,0.023189502736955914,-0.03710343079987157,0.05379941992899561,0.014756167003609579,0.04099046453261985,-0.06558514348032533,0.09509747748754448,0.7188544352527602,0.01905012880221555,0.2286015456265866,0.9048371856744292,monthly_segmented_wls_hac,6,0.7652695725723484,0.45775766403848744
arxiv_titles,0,"learning, neural, deep, networks, based, neural networks, models",174804,0.4334911357059073,certainty_ratio,other,2022-11-30,136,95,41,0.0001593243484665097,0.0005200463986607073,0.0001774537078502213,1.9143702892982906e-06,2.297244347157949e-05,0.00029570136505110387,7.802307195796635e-05,0.0001427761440134898,0.00044862658608871796,0.00015069453385586456,-3.002775777088631e-06,-3.603330932506357e-05,4.111543211577114e-06,4.933851853892536e-05,-0.0001327368056613573,6.067018701123014e-05,-0.20305751714964027,0.2780359967489055,-0.7480080707774952,0.3418930364782145,0.4651896209398783,-1.0884054877903403e-06,-1.3060865853484084e-05,0.5021644931095203,monthly_segmented_wls_hac,6,0.4651896209398783,0.00015069453385586456
arxiv_titles,0,"learning, neural, deep, networks, based, neural networks, models",174804,0.4334911357059073,clause_depth,syntax,2022-11-30,136,95,41,5.1791267269453165,5.570741723177675,0.1996356591980023,0.006562754795401703,0.07875305754482044,0.02829476515043325,0.020413634232763284,-0.011715957945782784,0.06830548824664928,0.16572494432237192,-0.00389344290113081,-0.046721314813569725,0.0010041436680136543,0.012049724016163851,-0.07033877388525087,-0.02310385574188857,-0.2340329127634992,0.06035857553991752,-0.3523357208217375,-0.11573010470526082,0.00010558896411852893,0.002669311894270893,0.032031742731250715,0.8883448055196969,monthly_segmented_wls_hac,6,0.00044347679799377533,0.43276493456538956
arxiv_titles,0,"learning, neural, deep, networks, based, neural networks, models",174804,0.4334911357059073,clause_depth_std,syntax,2022-11-30,136,95,41,0.009393201768074193,0.01587305089281001,0.006015041363669785,0.00011522260860563727,0.0013826713032676474,-0.0020200569453257193,0.0015529973463005702,-0.005063931744074837,0.0010238178534233981,0.19334500129840038,5.244273706417803e-05,0.0006293128447701364,6.453388688167198e-05,0.0007744066425800639,-0.0008885241746867886,0.0021471498642270615,0.10462319487462207,0.12874502364312876,-0.14771705146591024,0.35696344121515444,0.4164252086860527,0.0001676653456698153,0.002011984148037784,0.39417515912028667,monthly_segmented_wls_hac,6,0.5829952921604737,0.43276493456538956
arxiv_titles,0,"learning, neural, deep, networks, based, neural networks, models",174804,0.4334911357059073,colon_per_1k_words,punctuation,2022-11-30,136,95,41,20.984262471442936,35.483947828363796,4.1467901642385145,0.13470390769412682,1.6164468923295219,0.23036773565962199,0.32170811814057687,-0.4001801758959087,0.8609156472151527,0.4739438977718041,0.24812787910955414,2.9775345493146497,0.01154796597507556,0.13857559170090672,2.7059263895808727,3.249142709048427,0.7180335708791337,0.03341755579917406,0.6525351615127526,0.7835319802455148,2.072573009562696e-102,0.38283178680368096,4.593981441644171,0.9667081527828517,monthly_segmented_wls_hac,6,4.145146019125392e-102,0.4739438977718041
arxiv_titles,0,"learning, neural, deep, networks, based, neural networks, models",174804,0.4334911357059073,coordination_count,syntax,2022-11-30,136,95,41,0.21043636920973008,0.24274542993611029,0.025194260149465672,0.000513831149528534,0.006165973794342409,-0.0039793732173286685,0.00415113307379709,-0.012115594041970965,0.004156847607313628,0.33774851007892553,6.0887719947135276e-05,0.0007306526393656233,0.00020393240402820774,0.0024471888483384927,-0.004065837503377823,0.00552714278210907,0.02900075791196112,0.09713279270041963,-0.1613795157808614,0.21938103160478364,0.7652695725723484,0.0005747188694756693,0.006896626433708032,0.544342577872332,monthly_segmented_wls_hac,6,0.7652695725723484,0.45775766403848744
arxiv_titles,0,"learning, neural, deep, networks, based, neural networks, models",174804,0.4334911357059073,dependency_entropy,syntax,2022-11-30,136,95,41,1.7104412720883682,1.797927489575509,0.041249113458874095,0.001349376646133819,0.016192519753605826,0.004854484585842089,0.004195945868703127,-0.0033695693168160398,0.013078538488500218,0.24729424832307975,-0.0004244956747815514,-0.0050939480973786165,0.000183363710760775,0.0022003645291293,-0.009406662574472044,-0.0007812336202851888,-0.12349230493056171,0.053343316852690476,-0.22804520596183503,-0.018939403899288377,0.020610340276658548,0.0009248809713522676,0.011098571656227211,0.9193458787774297,monthly_segmented_wls_hac,6,0.04809079397886995,0.43276493456538956
arxiv_titles,0,"learning, neural, deep, networks, based, neural networks, models",174804,0.4334911357059073,dependency_length,syntax,2022-11-30,136,95,41,1.9616102754972082,2.1056689820680705,0.05645240571329705,0.0018920968835220429,0.022705162602264514,0.004147318846105613,0.0051352921816286996,-0.0059178538298866375,0.014212491522097864,0.4193145084105924,0.0007355741556879043,0.008826889868254851,0.0001919170405026688,0.0023030044860320254,0.004313001075632082,0.013340778660877621,0.15635985316699666,0.04079550653214351,0.0764006603639954,0.23631904596999795,0.0001267076565696501,0.002627671039209947,0.031532052470519364,0.9165116753494446,monthly_segmented_wls_hac,6,0.00044347679799377533,0.45775766403848744
arxiv_titles,0,"learning, neural, deep, networks, based, neural networks, models",174804,0.4334911357059073,marker_words_total_per_1k_words,marker_words,2022-11-30,136,95,41,0.4531013532579485,0.7099931229943202,0.3087986609236324,0.0004216805321000311,0.005060166385200373,0.000984319933132638,0.06495966596805651,-0.12633662536425813,0.1283052652305234,0.987910288448553,0.010697167581172765,0.12836601097407319,0.002260355436753202,0.027124265241038427,0.07520245110163787,0.1815295708465085,0.415694843332947,0.08783802740565123,0.24353230961787056,0.5878573770480234,2.217541515743685e-06,0.011118848113272796,0.13342617735927356,0.40328165106272507,monthly_segmented_wls_hac,6,3.3263122736155276e-06,0.987910288448553
arxiv_titles,0,"learning, neural, deep, networks, based, neural networks, models",174804,0.4334911357059073,semicolon_per_1k_words,punctuation,2022-11-30,136,95,41,0.030107114319699143,0.01604339160489239,0.08251199555485349,4.8195921761120335e-05,0.000578351061133444,-0.012249121262317914,0.007529586029458921,-0.027007109880057396,0.0025088673554215703,0.10377984378649409,-0.00018190772446177427,-0.0021828926935412913,0.00023568352051905924,0.0028282022462287107,-0.007726169096149564,0.003360383709066982,-0.02645545873496802,0.034276255557878714,-0.0936369196284103,0.040726002158474266,0.44021483738908634,-0.00013371180270065395,-0.0016045416324078474,0.032834947064191655,monthly_segmented_wls_hac,6,0.44021483738908634,0.20755968757298818
arxiv_titles,0,"learning, neural, deep, networks, based, neural networks, models",174804,0.4334911357059073,sentence_depth_std,syntax,2022-11-30,136,95,41,0.009393201768074193,0.01587305089281001,0.006015041363669785,0.00011522260860563727,0.0013826713032676474,-0.0020200569453257193,0.0015529973463005702,-0.005063931744074837,0.0010238178534233981,0.19334500129840038,5.244273706417803e-05,0.0006293128447701364,6.453388688167198e-05,0.0007744066425800639,-0.0008885241746867886,0.0021471498642270615,0.10462319487462207,0.12874502364312876,-0.14771705146591024,0.35696344121515444,0.4164252086860527,0.0001676653456698153,0.002011984148037784,0.39417515912028667,monthly_segmented_wls_hac,6,0.5829952921604737,0.43276493456538956
arxiv_titles,0,"learning, neural, deep, networks, based, neural networks, models",174804,0.4334911357059073,smog_index,readability,2022-11-30,136,95,41,13.007258771613163,13.924279779665964,0.36572613736215165,0.01173558054441971,0.1408269665330365,-0.015587691140314275,0.03307060642896119,-0.0804060797410782,0.049230697460449654,0.63739382074612,0.006267062869584953,0.07520475443501944,0.001267546361128351,0.015210556333540213,0.045392064021280626,0.10501744484875826,0.20563133654445295,0.04159001717309124,0.12411490288519414,0.2871477702037118,7.643856038820909e-07,0.018002643414004663,0.21603172096805595,0.9380120206587482,monthly_segmented_wls_hac,6,7.643856038820909e-07,0.63739382074612
arxiv_titles,0,"learning, neural, deep, networks, based, neural networks, models",174804,0.4334911357059073,verb_align_per_1k_words,verbs,2022-11-30,136,95,41,0.08996008957370365,0.3512773858787867,0.11607835196079987,0.001686078625215233,0.020232943502582798,-0.03360609933062309,0.04228647379703016,-0.1164875879728022,0.04927538931155603,0.42677374192760886,0.008550301903392359,0.10260362284070831,0.0016293145209653375,0.01955177425158405,0.06428214530760357,0.14092510037381303,0.8839169501248431,0.1684360082764335,0.5537823739030333,1.2140515263466527,1.5393387495276391e-07,0.010236380528607592,0.1228365663432911,0.6361355619910342,monthly_segmented_wls_hac,6,1.5393387495276391e-07,0.42677374192760886
arxiv_titles,0,"learning, neural, deep, networks, based, neural networks, models",174804,0.4334911357059073,word_across_per_1k_words,marker_words,2022-11-30,136,95,41,0.1758276279598096,0.32738040735366697,0.2003116671069,0.0008306601129994635,0.009967921355993562,-0.11142418131062871,0.03856130463658776,-0.18700433839834074,-0.0358440242229167,0.0038581390387579734,0.009251061132947502,0.11101273359537002,0.0011148599016098633,0.01337831881931836,0.08479122870950603,0.137234238481234,0.5542000383638465,0.06678751673600108,0.42329650556128434,0.6851035711664086,1.0591571110885713e-16,0.010081721245946966,0.12098065495136359,0.4284628669808501,monthly_segmented_wls_hac,6,3.1774713332657137e-16,0.011574417116273921
arxiv_titles,0,"learning, neural, deep, networks, based, neural networks, models",174804,0.4334911357059073,word_insight_per_1k_words,marker_words,2022-11-30,136,95,41,0.10319735279785303,0.22837282821010726,0.13834664472760122,0.0006527493894418812,0.007832992673302574,0.0715117134776135,0.04595918416362058,-0.01856828748308284,0.16159171443830983,0.11971211302193235,0.0004688088034733098,0.005625705641679717,0.001910465573305887,0.022925586879670643,-0.03930844464247474,0.050559855925834174,0.04066383866957162,0.16571118818826555,-0.28413009017942886,0.36545776751857206,0.8061546104278776,0.001121558192915191,0.013458698314982292,0.22398561919213045,monthly_segmented_wls_hac,6,0.8061546104278777,0.17956816953289853
arxiv_titles,1,"language, models, language models, large, large language, text, generation",105531,0.2617031248837561,avg_words_per_sentence,syntax,2022-11-30,136,95,41,9.3643850082244,10.623015483535324,0.38601551277214524,0.012413192883114304,0.14895831459737163,0.19812836505144457,0.06133627927738592,0.07790925766776817,0.31834747243512096,0.0012370424517236596,0.011725557113742019,0.14070668536490422,0.0020093104602608284,0.024111725523129943,0.09344770333956955,0.1879656673902389,0.3645104424804805,0.062463099863456675,0.24208276674810542,0.48693811821285554,5.3593340522509685e-09,0.02413874999685632,0.28966499996227585,0.9462109518632281,monthly_segmented_wls_hac,6,3.751533836575678e-08,0.004329648581032809
arxiv_titles,1,"language, models, language models, large, large language, text, generation",105531,0.2617031248837561,certainty_ratio,other,2022-11-30,136,95,41,0.00029491483189815937,0.0008491292864519269,0.0004609441896907841,2.4592563884296067e-06,2.951107666115528e-05,0.0005083450257328549,0.00012766473395452258,0.0002581221471819906,0.0007585679042837191,6.837370850217772e-05,-4.8502117808495644e-06,-5.8202541370194777e-05,5.382921855479364e-06,6.459506226575237e-05,-0.0001848088634110694,6.840378067067986e-05,-0.1262680877032833,0.14013640633822672,-0.4009354441262076,0.14839926871964104,0.3675686453601803,-2.3909553924199577e-06,-2.8691464709039492e-05,0.45332014800650633,monthly_segmented_wls_hac,6,0.3675686453601803,6.837370850217772e-05
arxiv_titles,1,"language, models, language models, large, large language, text, generation",105531,0.2617031248837561,clause_depth,syntax,2022-11-30,136,95,41,5.29388747283205,5.658400886491468,0.15478202786126924,0.0043672660888776915,0.0524071930665323,0.07172839649478803,0.027266185113714706,0.018286673671907207,0.12517011931766886,0.008521617399879274,0.0004308120143923441,0.0051697441727081295,0.0010134322719281363,0.012161187263137637,-0.018666182863041635,0.029005671208457894,0.03340015791330605,0.07856976311253448,-0.12059657778726152,0.18739689361387363,0.6707623712737079,0.004798078103270036,0.05757693723924043,0.8900102070543042,monthly_segmented_wls_hac,6,0.6707623712737079,0.01988377393305164
arxiv_titles,1,"language, models, language models, large, large language, text, generation",105531,0.2617031248837561,clause_depth_std,syntax,2022-11-30,136,95,41,0.02940795312844572,0.0490832430211449,0.01701069870018847,0.00037988422795401356,0.004558610735448163,-0.0018564334615557025,0.00329698667577263,-0.008318527346070057,0.004605660422958653,0.5733873894158656,-0.00018699334060137806,-0.002243920087216537,0.0001223023279823066,0.0014676279357876791,-0.005120470841360388,0.0006326306669273142,-0.13191228219165832,0.08627675803648314,-0.3010147279431653,0.03719016355984866,0.12627846896943148,0.0001928908873526355,0.002314690648231626,0.42762932678797716,monthly_segmented_wls_hac,6,0.2209873206965051,0.5733873894158658
arxiv_titles,1,"language, models, language models, large, large language, text, generation",105531,0.2617031248837561,colon_per_1k_words,punctuation,2022-11-30,136,95,41,26.078186222544964,45.88434480216359,6.521722037536423,0.22117839287171454,2.654140714460574,0.8971163159804325,0.73243466947188,-0.5384556361844521,2.332688268145317,0.2206349778656273,0.20455300590881617,2.454636070905794,0.023953701856983534,0.2874444222838024,1.8912450032295416,3.018027138582047,0.37637851732684874,0.04407492693331413,0.2899916605375531,0.4627653741161445,1.3478589702764052e-17,0.4257313987805307,5.108776785366368,0.962549573784807,monthly_segmented_wls_hac,6,2.6957179405528104e-17,0.2206349778656273
arxiv_titles,1,"language, models, language models, large, large language, text, generation",105531,0.2617031248837561,coordination_count,syntax,2022-11-30,136,95,41,0.2408507669514429,0.2618002600346217,0.03767269450274403,0.00015775042590138473,0.0018930051108166169,0.007987902208243497,0.005439727750175471,-0.002673964182100426,0.01864976859858742,0.1419853223114044,0.00023864177799029696,0.0028637013358835638,0.00019683490790201264,0.002362018894824152,-0.0017658556979717735,0.0074932583697389,0.07601530428557415,0.06269843253850892,-0.0468736234899033,0.1989042320610516,0.2253609810455325,0.0003963922038916817,0.004756706446700181,0.2658102522898297,monthly_segmented_wls_hac,6,0.3155053734637455,0.2484743140449577
arxiv_titles,1,"language, models, language models, large, large language, text, generation",105531,0.2617031248837561,dependency_entropy,syntax,2022-11-30,136,95,41,1.772545699369027,1.8692692431458553,0.03603275944635985,0.0011119045634709872,0.013342854761651847,0.026404093760072307,0.005667945688313751,0.015294920210977355,0.03751326730916726,3.185303304980778e-06,-0.00015460613402940807,-0.0018552736083528969,0.0002513496630710028,0.0030161959568520335,-0.007767017683782882,0.004056470467077088,-0.05148852424457664,0.08370704889649354,-0.21555434008170396,0.1125772915925507,0.5384861696919887,0.0009572984294415792,0.01148758115329895,0.9248796749296248,monthly_segmented_wls_hac,6,0.6282338646406534,2.2297123134865446e-05
arxiv_titles,1,"language, models, language models, large, large language, text, generation",105531,0.2617031248837561,dependency_length,syntax,2022-11-30,136,95,41,1.962967791298883,2.113853670321555,0.059956943908238004,0.0019477664420883038,0.023373197305059646,0.008616095050842501,0.00811707504893941,-0.007293372045078742,0.024525562146763744,0.2884728118449048,0.0005652898050983513,0.006783477661180216,0.00026107212428515725,0.003132865491421887,0.0006430612979933178,0.012923894024367114,0.11313914984663144,0.05225192091539268,0.010725384852461804,0.21555291484080108,0.030367551897117318,0.0025130562471866553,0.030156674966239864,0.9105419128206097,monthly_segmented_wls_hac,6,0.10628643163991061,0.40386193658286673
arxiv_titles,1,"language, models, language models, large, large language, text, generation",105531,0.2617031248837561,marker_words_total_per_1k_words,marker_words,2022-11-30,136,95,41,0.6151001527880235,1.163203847920631,0.5961375646068646,0.0036649515779293026,0.04397941893515163,0.03019033803132664,0.08766740729873125,-0.1416377802741866,0.2020184563368399,0.7305653627029337,0.013493850231148373,0.16192620277378048,0.0037470500561739683,0.04496460067408762,0.07379558545256874,0.2500568200949922,0.2716255649492011,0.07542655142649912,0.12378952415326282,0.41946160574513935,0.00031676037899587073,0.017158801809077674,0.2059056217089321,0.5236537285552929,monthly_segmented_wls_hac,6,0.0004751405684938061,0.7305653627029337
arxiv_titles,1,"language, models, language models, large, large language, text, generation",105531,0.2617031248837561,semicolon_per_1k_words,punctuation,2022-11-30,136,95,41,0.057251630715095043,0.01801725871606918,0.23521674203008788,-0.0011360978773932607,-0.013633174528719129,0.01987087228614435,0.013070987130168805,-0.005748262488986508,0.045490007061275206,0.1284538427366298,0.0014431732689886667,0.017318079227864,0.0005282234041224957,0.0063386808494699486,0.0048942647629028994,0.0297418936928251,0.07362604837732489,0.02694825544628593,0.020807467702604464,0.12644462905204532,0.006292693557496292,0.00030707539159540603,0.0036849046991448723,0.05117265458180631,monthly_segmented_wls_hac,6,0.006292693557496292,0.2206349778656273
arxiv_titles,1,"language, models, language models, large, large language, text, generation",105531,0.2617031248837561,sentence_depth_std,syntax,2022-11-30,136,95,41,0.02940795312844572,0.0490832430211449,0.01701069870018847,0.00037988422795401356,0.004558610735448163,-0.0018564334615557025,0.00329698667577263,-0.008318527346070057,0.004605660422958653,0.5733873894158656,-0.00018699334060137806,-0.002243920087216537,0.0001223023279823066,0.0014676279357876791,-0.005120470841360388,0.0006326306669273142,-0.13191228219165832,0.08627675803648314,-0.3010147279431653,0.03719016355984866,0.12627846896943148,0.0001928908873526355,0.002314690648231626,0.42762932678797716,monthly_segmented_wls_hac,6,0.2209873206965051,0.5733873894158658
arxiv_titles,1,"language, models, language models, large, large language, text, generation",105531,0.2617031248837561,smog_index,readability,2022-11-30,136,95,41,13.105191839177795,13.482791349907973,0.2778648106890667,0.006183799833306508,0.0742055979996781,-0.24760178595224155,0.08063700121210293,-0.40565030832796334,-0.0895532635765198,0.0021364856517722183,0.008063502027717127,0.09676202433260553,0.002456629042865353,0.029479548514384234,0.03898210924441243,0.15454193942079864,0.3482341793933854,0.10609313371232215,0.14029163731723399,0.5561767214695368,0.0010294786705219029,0.014247301861023635,0.17096762233228363,0.7256494439768318,monthly_segmented_wls_hac,6,0.0010294786705219029,0.0021364856517722183
arxiv_titles,1,"language, models, language models, large, large language, text, generation",105531,0.2617031248837561,verb_align_per_1k_words,verbs,2022-11-30,136,95,41,0.18682348445296007,0.7297445704034056,0.2932432917349925,0.0003143127134119187,0.0037717525609430244,0.30641089370845787,0.09171529042018081,0.12664892448490347,0.48617286293201223,0.0008350965580857842,0.010646605913444612,0.12775927096133533,0.002924213496951986,0.03509056196342383,0.058981769513024626,0.19653677240964604,0.4356767045051211,0.11966364773703195,0.20113595494053849,0.6702174540697037,0.0002717454901905381,0.01096091862685653,0.13153102352227836,0.6714142358818811,monthly_segmented_wls_hac,6,0.0002717454901905381,0.0008350965580857842
arxiv_titles,1,"language, models, language models, large, large language, text, generation",105531,0.2617031248837561,word_across_per_1k_words,marker_words,2022-11-30,136,95,41,0.3218880299162604,0.6210699931619879,0.3229512866046343,0.002484879774900907,0.029818557298810885,-0.10980339316113885,0.08482993753802481,-0.27607007073566747,0.05646328441338977,0.19552923595029514,0.01098426730818882,0.13181120769826585,0.002753192379962884,0.033038308559554606,0.06705612292153883,0.19656629247499288,0.40814578905713633,0.10230121361925706,0.2076354103633925,0.6086561677508802,6.617153872643145e-05,0.013469147083089727,0.1616297649970767,0.4483921970798621,monthly_segmented_wls_hac,6,0.00019851461617929436,0.2932938539254427
arxiv_titles,1,"language, models, language models, large, large language, text, generation",105531,0.2617031248837561,word_insight_per_1k_words,marker_words,2022-11-30,136,95,41,0.08599520227797387,0.3172110445045271,0.15713104998915758,0.000537460284284644,0.006449523411415728,0.14107121455146587,0.084593490337918,-0.024732026510853405,0.3068744556137851,0.09538785534398483,0.002941457462383467,0.03529748954860161,0.003075063845131516,0.03690076614157819,-0.03702801208889164,0.10762299118609486,0.22463726647939553,0.23484070235720075,-0.23565051014071797,0.684925043099509,0.3387935917457199,0.0034789177466681112,0.041747012960017336,0.4238247451137688,monthly_segmented_wls_hac,6,0.3387935917457199,0.2861635660319545
arxiv_titles,3,"learning, reinforcement, reinforcement learning, policy, multi, bandits, control",43732,0.1084496598858764,avg_words_per_sentence,syntax,2022-11-30,136,95,41,9.434113090686147,10.554307713527846,0.5686866899107168,0.015723625897645845,0.18868351077175013,-0.08554047759300987,0.04716474702984667,-0.17798338177150935,0.006902426585489604,0.06973118927760741,0.006496980201782295,0.07796376242138754,0.0015929218801981665,0.019115062562377997,0.040498239799126666,0.11542928504364841,0.13709440330602388,0.033612642781175414,0.07121362345492005,0.20297518315712768,4.52968253530931e-05,0.02222060609942814,0.2666472731931377,0.8567505260021677,monthly_segmented_wls_hac,6,0.00015853888873582585,0.13918965425138727
arxiv_titles,3,"learning, reinforcement, reinforcement learning, policy, multi, bandits, control",43732,0.1084496598858764,certainty_ratio,other,2022-11-30,136,95,41,0.00012512196793631263,0.00036502409183910244,0.00035455009523733627,7.36563343826256e-07,8.838760125915073e-06,0.0002179735804285094,8.294841886557466e-05,5.5394679451983045e-05,0.0003805524814050358,0.008593377189733483,-6.819660023373041e-07,-8.183592028047648e-06,2.822077608685282e-06,3.386493130422338e-05,-7.455885738432548e-05,5.819167332823018e-05,-0.023081624114554368,0.09551522269809054,-0.21029146060281184,0.1641282123737031,0.8090483692830874,5.4597341488951955e-08,6.551680978674235e-07,0.24879728695448544,monthly_segmented_wls_hac,6,0.8090483692830874,0.008593377189733483
arxiv_titles,3,"learning, reinforcement, reinforcement learning, policy, multi, bandits, control",43732,0.1084496598858764,clause_depth,syntax,2022-11-30,136,95,41,5.223933710198702,5.525854744712605,0.23141279242095478,0.004845465569302408,0.058145586831628904,-0.011145891937494823,0.020233152787841612,-0.05080287140166438,0.028511087526674736,0.5817209284496857,-0.0010353816025665272,-0.012424579230798326,0.0009273784430705485,0.011128541316846582,-0.034236520211817625,0.009387361750220976,-0.05369011410655819,0.048089568430612295,-0.14794566823055827,0.0405654400174419,0.2642249756959517,0.003810083966735881,0.045721007600830574,0.6674467799975208,monthly_segmented_wls_hac,6,0.2642249756959517,0.5817209284496857
arxiv_titles,3,"learning, reinforcement, reinforcement learning, policy, multi, bandits, control",43732,0.1084496598858764,clause_depth_std,syntax,2022-11-30,136,95,41,0.008594166467703496,0.014777508145777336,0.010574665938330154,9.994324918820317e-05,0.001199318990258438,-0.004153157839414685,0.002368659288019054,-0.00879573004393203,0.0004894143651026604,0.07953694528650701,0.00013012314809226144,0.0015614777771071372,6.089392639968056e-05,0.0007307271167961667,0.00012925262818665043,0.0029937029260276244,0.14766213762339525,0.06910167385500936,0.012222856867576917,0.2831014183792136,0.03260757320846414,0.00023006639728046462,0.0027607967673655754,0.1271170441444025,monthly_segmented_wls_hac,6,0.0456506024918498,0.13918965425138727
arxiv_titles,3,"learning, reinforcement, reinforcement learning, policy, multi, bandits, control",43732,0.1084496598858764,colon_per_1k_words,punctuation,2022-11-30,136,95,41,19.26963602314272,32.840870686857436,4.501433630878067,0.09057996901760226,1.0869596282112273,-1.908366335836894,0.8227952521601091,-3.5210450300707077,-0.29568764160308025,0.020375001832560323,0.4640913956287746,5.569096747545295,0.02400285504891137,0.2880342605869365,5.0045495967949005,6.1336438982956905,1.2371829075393845,0.0639872281157573,1.1117679404325005,1.3625978746462688,2.735076100916297e-83,0.5546713646463769,6.656056375756522,0.9237092057817323,monthly_segmented_wls_hac,6,5.470152201832594e-83,0.040750003665120646
arxiv_titles,3,"learning, reinforcement, reinforcement learning, policy, multi, bandits, control",43732,0.1084496598858764,coordination_count,syntax,2022-11-30,136,95,41,0.2062356502548759,0.22606318717202611,0.04882479878861179,0.00031994715440141516,0.003839365852816982,-0.006720096783637729,0.006592734988226452,-0.019641857360561576,0.006201663793286117,0.3080517807274486,0.0004268953467967885,0.005122744161561462,0.0003136983711899732,0.0037643804542796784,-0.0022554415288267068,0.01250092985194963,0.10492094772864326,0.07709976380194948,-0.04619458932317772,0.2560364847804642,0.1735621870595455,0.0007468425011982037,0.008962110014378443,0.21968979164910674,monthly_segmented_wls_hac,6,0.20248921823613641,0.431272493018428
arxiv_titles,3,"learning, reinforcement, reinforcement learning, policy, multi, bandits, control",43732,0.1084496598858764,dependency_entropy,syntax,2022-11-30,136,95,41,1.7201189939558428,1.7810942719784475,0.046913637781402506,0.0009226102768595641,0.01107132332231477,-0.012122128520650338,0.005654677724926593,-0.02320529686150646,-0.0010389601797942162,0.03205415492208206,0.0004897677901323887,0.005877213481588664,0.00022245842930950074,0.002669501151714009,0.0006449912242292067,0.01110943573894812,0.12527729162624238,0.0569024547649181,0.013748480287002898,0.23680610296548182,0.027692523310944996,0.0014123780669919527,0.016948536803903434,0.7379378890054382,monthly_segmented_wls_hac,6,0.0456506024918498,0.13918965425138727
arxiv_titles,3,"learning, reinforcement, reinforcement learning, policy, multi, bandits, control",43732,0.1084496598858764,dependency_length,syntax,2022-11-30,136,95,41,1.9498258244530449,2.0942450477315964,0.06999727530022123,0.0017076817124863984,0.02049218054983678,-0.007050416327833056,0.011535256734451067,-0.029659519527357146,0.015558686871691034,0.5410633150148799,0.0018661159159409518,0.022393390991291423,0.0003386991098536478,0.004064389318243773,0.014427187927533626,0.03035959405504922,0.31991803816998926,0.05806496468343143,0.2061107073904636,0.43372536894951486,3.595336268940199e-08,0.00357379762842735,0.0428855715411282,0.8601251524488951,monthly_segmented_wls_hac,6,2.516735388258139e-07,0.5817209284496857
arxiv_titles,3,"learning, reinforcement, reinforcement learning, policy, multi, bandits, control",43732,0.1084496598858764,marker_words_total_per_1k_words,marker_words,2022-11-30,136,95,41,0.48606908704984275,0.5651779332220935,0.7985191003704777,-0.0038722294442370617,-0.04646675333084474,0.25920671253499195,0.12189690653365476,0.020288775729028624,0.49812464934095524,0.03346646640092911,0.00356332860262751,0.04275994323153012,0.005166187643433171,0.06199425172119806,-0.07874879014201806,0.1642686766050783,0.053549055009067904,0.07763652953628217,-0.09861854288204515,0.20571665290018093,0.4903574218949313,-0.00030890084160955155,-0.0037068100993146186,0.05223641353403485,monthly_segmented_wls_hac,6,0.8994374318038011,0.10039939920278733
arxiv_titles,3,"learning, reinforcement, reinforcement learning, policy, multi, bandits, control",43732,0.1084496598858764,semicolon_per_1k_words,punctuation,2022-11-30,136,95,41,0.02024721362174132,0.008023292856187731,0.11961629542017593,-5.954310194820633e-06,-7.14517223378476e-05,-0.00462192856295476,0.018089427749222654,-0.04007720695143116,0.030833349825521644,0.79833353799322,-0.0003827358501997916,-0.004592830202397499,0.0004654869080164893,0.005585842896197872,-0.015541082278945326,0.006355421874150329,-0.038396358842783695,0.04669800946916548,-0.12992445740234804,0.05313173971678065,0.4109477804304276,-0.0003886901603946122,-0.004664281924735347,0.013927622204822132,monthly_segmented_wls_hac,6,0.4109477804304276,0.79833353799322
arxiv_titles,3,"learning, reinforcement, reinforcement learning, policy, multi, bandits, control",43732,0.1084496598858764,sentence_depth_std,syntax,2022-11-30,136,95,41,0.008594166467703496,0.014777508145777336,0.010574665938330154,9.994324918820317e-05,0.001199318990258438,-0.004153157839414685,0.002368659288019054,-0.00879573004393203,0.0004894143651026604,0.07953694528650701,0.00013012314809226144,0.0015614777771071372,6.089392639968056e-05,0.0007307271167961667,0.00012925262818665043,0.0029937029260276244,0.14766213762339525,0.06910167385500936,0.012222856867576917,0.2831014183792136,0.03260757320846414,0.00023006639728046462,0.0027607967673655754,0.1271170441444025,monthly_segmented_wls_hac,6,0.0456506024918498,0.13918965425138727
arxiv_titles,3,"learning, reinforcement, reinforcement learning, policy, multi, bandits, control",43732,0.1084496598858764,smog_index,readability,2022-11-30,136,95,41,13.181866308834522,13.908732272403055,0.4694855473997699,0.011614267405967976,0.1393712088716157,-0.05945996670288933,0.04882392007025559,-0.1551548500405903,0.036234916634811626,0.2232828819418721,-0.0014421793808621509,-0.01730615257034581,0.0017417132747880417,0.0209005592974565,-0.058271248793360556,0.023658943652668928,-0.036861949566276024,0.044518003617392596,-0.12411723665636552,0.05039333752381346,0.4076572371574735,0.010172088025105825,0.1220650563012699,0.7759196001819625,monthly_segmented_wls_hac,6,0.4076572371574735,0.2232828819418721
arxiv_titles,3,"learning, reinforcement, reinforcement learning, policy, multi, bandits, control",43732,0.1084496598858764,verb_align_per_1k_words,verbs,2022-11-30,136,95,41,0.031082407709902872,0.3522556340354989,0.10720649159919714,0.001053372985014538,0.012640475820174454,0.016020734921043302,0.06559340679064542,-0.11254234238862171,0.14458381223070832,0.8070425733579122,0.011080318164426898,0.1329638179731228,0.0018342247676683887,0.022010697212020664,0.08982285143756227,0.17610478450868328,1.2402590178048374,0.20531123520308822,0.8378489968067844,1.6426690388028902,1.5328296413672092e-09,0.012133691149441435,0.14560429379329723,0.5729220204629337,monthly_segmented_wls_hac,6,1.5328296413672092e-09,0.8070425733579122
arxiv_titles,3,"learning, reinforcement, reinforcement learning, policy, multi, bandits, control",43732,0.1084496598858764,word_across_per_1k_words,marker_words,2022-11-30,136,95,41,0.10289485294163574,0.20500502102562,0.25177898349977335,0.00018989169831977947,0.0022787003798373537,0.06628032255685894,0.04463240553893496,-0.02119919229945358,0.15375983741317145,0.13753670010872815,0.0008411468154061099,0.010093761784873319,0.0016023677705115599,0.01922841324613872,-0.02759392817755857,0.0477814517473052,0.04008977097519502,0.07637020762757997,-0.1095958359748617,0.1897753779252517,0.5996249545358674,0.0010310385137258893,0.012372462164710671,0.06412953923414,monthly_segmented_wls_hac,6,0.8994374318038011,0.13753670010872815
arxiv_titles,3,"learning, reinforcement, reinforcement learning, policy, multi, bandits, control",43732,0.1084496598858764,word_insight_per_1k_words,marker_words,2022-11-30,136,95,41,0.06001140057106614,0.14692019545631785,0.183872773997648,-0.0004482173048345805,-0.005378607658014966,0.09822231815511857,0.06104212033341986,-0.021420237698384345,0.21786487400862148,0.1075964746210648,0.00016538465785133545,0.0019846158942160253,0.0026225821575898253,0.031470985891077906,-0.05969851645229667,0.06366774824072871,0.01079341900961048,0.17115631208936058,-0.32467295268553625,0.34625979070475715,0.9497173213462262,-0.00028283264698324503,-0.0033939917637989406,0.06397493467633586,monthly_segmented_wls_hac,6,0.9497173213462262,0.13753670010872815
arxiv_titles,2,"graph, learning, federated, federated learning, networks, privacy, graph neural",39804,0.0987087318690529,avg_words_per_sentence,syntax,2022-11-30,136,95,41,8.878612351328282,10.1157082662946,0.49490108991338544,0.0149664623201584,0.1795975478419008,-0.01423117027971188,0.08417492142468985,-0.17921401627210398,0.15075167571268022,0.8657442325959378,0.013510158613145144,0.16212190335774174,0.00304211957405266,0.03650543488863192,0.09057125097602316,0.23367255573946027,0.327584454069631,0.0737630925303092,0.18300879271022497,0.47216011542903696,8.952735216235235e-06,0.028476620933303543,0.34171945119964253,0.8716476877572976,monthly_segmented_wls_hac,6,3.457592299507024e-05,0.8657442325959378
arxiv_titles,2,"graph, learning, federated, federated learning, networks, privacy, graph neural",39804,0.0987087318690529,certainty_ratio,other,2022-11-30,136,95,41,0.00017469269214487998,0.0006059456450814245,0.00033411624093855467,6.132173716096769e-06,7.358608459316122e-05,0.00012690146456450433,0.00019711476139887797,-0.0002594434677772965,0.0005132463969063051,0.5197084858829443,-3.5964702231660086e-06,-4.31576426779921e-05,8.16120699525266e-06,9.793448394303192e-05,-0.00023510923120633468,0.00014879394585035044,-0.12916954457753813,0.29311500592706136,-0.7036749561945784,0.4453358670395021,0.6594456069650045,2.53570349293076e-06,3.042844191516912e-05,0.21244086513864202,monthly_segmented_wls_hac,6,0.6594456069650045,0.5197084858829443
arxiv_titles,2,"graph, learning, federated, federated learning, networks, privacy, graph neural",39804,0.0987087318690529,clause_depth,syntax,2022-11-30,136,95,41,5.115016559571275,5.4452782405996105,0.17725031156711316,0.004486629391372281,0.05383955269646737,0.024318027423564953,0.039219067116759786,-0.05255134412528423,0.10118739897241413,0.5352207587752942,0.001305454009829574,0.015665448117954887,0.0012989795511609218,0.015587754613931061,-0.014886550925349995,0.04621744716125977,0.08838036999457348,0.08794204352091642,-0.08398603530642273,0.26074677529556967,0.3149044265334877,0.005792083401201855,0.06950500081442226,0.7613673889184247,monthly_segmented_wls_hac,6,0.31490442653348766,0.856545747327012
arxiv_titles,2,"graph, learning, federated, federated learning, networks, privacy, graph neural",39804,0.0987087318690529,clause_depth_std,syntax,2022-11-30,136,95,41,0.012884469724042424,0.01932661499036066,0.014602539798253098,5.0876871314099625e-05,0.0006105224557691954,-0.0005855377597784428,0.001724362110035417,-0.00396528749544786,0.0027942119758909744,0.7341820691374389,0.00013467957297036125,0.001616154875644335,5.749964083270457e-05,0.0006899956899924548,0.0002637633232591235,0.0029685464280295466,0.11067628631545834,0.0472517589080633,0.01806283885565424,0.2032897337752624,0.019166942413788808,0.00018555644428446086,0.00222667733141353,0.09018522318410227,monthly_segmented_wls_hac,6,0.033542149224130416,0.856545747327012
arxiv_titles,2,"graph, learning, federated, federated learning, networks, privacy, graph neural",39804,0.0987087318690529,colon_per_1k_words,punctuation,2022-11-30,136,95,41,25.011565930038465,37.72689446257528,6.012542326899781,0.14123124958877936,1.6947749950653523,-0.3134701510344928,0.8164997922141072,-1.9138097437741428,1.2868694417051572,0.7010381501244667,0.15931128962685262,1.9117354755222316,0.03089327738707348,0.3707193286448818,1.1851255913782632,2.6383453596661997,0.31795792388341837,0.061657666339628756,0.197108897857746,0.4388069499090907,2.511695465046192e-07,0.300542539215632,3.606510470587584,0.844097333752378,monthly_segmented_wls_hac,6,5.023390930092384e-07,0.7010381501244667
arxiv_titles,2,"graph, learning, federated, federated learning, networks, privacy, graph neural",39804,0.0987087318690529,coordination_count,syntax,2022-11-30,136,95,41,0.21229842399588272,0.24019209014230297,0.048904610633466614,0.00018623013168020055,0.002234761580162407,0.010586101447367342,0.007519977147523829,-0.004153053761779362,0.025325256656514045,0.15921087670977707,0.000289264123120126,0.0034711694774415118,0.0002777345739243944,0.003332814887092733,-0.0030611477012602454,0.010003486656143269,0.07097836855214845,0.06814929807072233,-0.06259425566646731,0.20455099277076425,0.29763760005556567,0.00047549425480032653,0.005705931057603918,0.22003330458032422,monthly_segmented_wls_hac,6,0.31490442653348766,0.5572380684842198
arxiv_titles,2,"graph, learning, federated, federated learning, networks, privacy, graph neural",39804,0.0987087318690529,dependency_entropy,syntax,2022-11-30,136,95,41,1.7142480736853019,1.7841191164887125,0.03857097954049636,0.0006958614843504505,0.008350337812205406,0.014275416788351682,0.0087254083633737,-0.0028263836038607687,0.03137721718056413,0.10182402838483397,0.0006137791131793119,0.007365349358151743,0.0002976401249438075,0.0035716814993256895,0.00036485361947339104,0.014365845096830095,0.19095572489723087,0.09260022799202486,0.009459278032862109,0.3724521717615996,0.03919328797114508,0.0013096405975297624,0.015715687170357148,0.7362711846690526,monthly_segmented_wls_hac,6,0.05487060315960311,0.5572380684842198
arxiv_titles,2,"graph, learning, federated, federated learning, networks, privacy, graph neural",39804,0.0987087318690529,dependency_length,syntax,2022-11-30,136,95,41,1.8899526130964222,2.0428613237161,0.07351224142044499,0.0019176585025621978,0.023011902030746375,-0.009002780411953924,0.00827320763759543,-0.025218267381640968,0.007212706557733119,0.2765134474809159,0.0016276903737081326,0.019532284484497592,0.0003682716868975056,0.0044192602427700674,0.01087053440866826,0.028194034560326924,0.265701114631846,0.06011597738524399,0.14787379895676778,0.3835284303069242,9.878835141448639e-06,0.0035453488762703304,0.04254418651524396,0.8225671387144778,monthly_segmented_wls_hac,6,3.457592299507024e-05,0.6451980441221371
arxiv_titles,2,"graph, learning, federated, federated learning, networks, privacy, graph neural",39804,0.0987087318690529,marker_words_total_per_1k_words,marker_words,2022-11-30,136,95,41,0.5304066193153811,0.8873843681996656,0.7350493941447707,-0.0017498779665173039,-0.020998535598207645,0.3459282927692009,0.1397457141884247,0.07202669295988845,0.6198298925785133,0.013308235408801264,0.004323822793394226,0.05188587352073071,0.005071596407756823,0.060859156893081884,-0.06739807398970976,0.17116982103117118,0.07058828145977847,0.08279600987072638,-0.09169189788684523,0.23286846080640217,0.39390526027686995,0.002573944826876922,0.030887337922523062,0.11227322888129454,monthly_segmented_wls_hac,6,0.6166741115756377,0.019962353113201894
arxiv_titles,2,"graph, learning, federated, federated learning, networks, privacy, graph neural",39804,0.0987087318690529,semicolon_per_1k_words,punctuation,2022-11-30,136,95,41,0.0026521329779475135,0.014195759625352303,0.025849794711140184,0.00025100185290135034,0.0030120222348162043,0.006600169230164155,0.015066581871932116,-0.022930331238822793,0.0361306696991511,0.6613378641440886,-0.0004400978137929602,-0.005281173765515523,0.0005146207834443074,0.006175449401331689,-0.01738505459212563,0.006822707061094587,-0.20430234841437858,0.2388974253118663,-0.6725413020256364,0.26393660519687934,0.39244676081987695,-0.00018909596089160984,-0.0022691515306993183,0.022120447249516895,monthly_segmented_wls_hac,6,0.39244676081987695,0.7010381501244667
arxiv_titles,2,"graph, learning, federated, federated learning, networks, privacy, graph neural",39804,0.0987087318690529,sentence_depth_std,syntax,2022-11-30,136,95,41,0.012884469724042424,0.01932661499036066,0.014602539798253098,5.0876871314099625e-05,0.0006105224557691954,-0.0005855377597784428,0.001724362110035417,-0.00396528749544786,0.0027942119758909744,0.7341820691374389,0.00013467957297036125,0.001616154875644335,5.749964083270457e-05,0.0006899956899924548,0.0002637633232591235,0.0029685464280295466,0.11067628631545834,0.0472517589080633,0.01806283885565424,0.2032897337752624,0.019166942413788808,0.00018555644428446086,0.00222667733141353,0.09018522318410227,monthly_segmented_wls_hac,6,0.033542149224130416,0.856545747327012
arxiv_titles,2,"graph, learning, federated, federated learning, networks, privacy, graph neural",39804,0.0987087318690529,smog_index,readability,2022-11-30,136,95,41,12.659867184877434,13.501438028779134,0.3821419582674984,0.009406830273146247,0.11288196327775496,-0.06047559342880093,0.07198914812994864,-0.20157432376350026,0.0806231369058984,0.40087171147553774,0.014470080184976104,0.17364096221971326,0.002613356507793313,0.03136027809351975,0.11217481715641453,0.23510710728301196,0.45438863349877173,0.08206447215505092,0.2935422680748719,0.6152349989226715,3.0774681933464107e-08,0.02387691045812235,0.2865229254974682,0.8149523625800462,monthly_segmented_wls_hac,6,3.0774681933464107e-08,0.40087171147553774
arxiv_titles,2,"graph, learning, federated, federated learning, networks, privacy, graph neural",39804,0.0987087318690529,verb_align_per_1k_words,verbs,2022-11-30,136,95,41,0.07920004322408296,0.281905396303008,0.24843071553293863,0.0022251529200177306,0.026701835040212767,-0.18581493521921388,0.08120322719604912,-0.34497326052347016,-0.026656609914957607,0.022121783430758934,0.01123447907729682,0.13481374892756184,0.00393642262736674,0.047237071528400884,0.04222908873189611,0.22739840912322756,0.542661355856729,0.1901418326114263,0.16998336393833352,0.9153393477751246,0.004317498599591383,0.01345963199731455,0.1615155839677746,0.26493793131052257,monthly_segmented_wls_hac,6,0.004317498599591383,0.022121783430758934
arxiv_titles,2,"graph, learning, federated, federated learning, networks, privacy, graph neural",39804,0.0987087318690529,word_across_per_1k_words,marker_words,2022-11-30,136,95,41,0.2011295845408855,0.32137805537012004,0.4829009136217523,0.0010484398175760125,0.01258127781091215,0.021585265262477955,0.07511490153832534,-0.1256399417526397,0.1688104722775956,0.7738341663645416,0.0013098928093505792,0.01571871371220695,0.0028099941857478625,0.03371993022897435,-0.05037234953658277,0.08180977696099667,0.032550598412243094,0.0698278451702963,-0.10431197812153765,0.16941317494602384,0.6411045649307485,0.0023583326269265917,0.0282999915231191,0.034364635435113144,monthly_segmented_wls_hac,6,0.6411045649307485,0.7738341663645416
arxiv_titles,2,"graph, learning, federated, federated learning, networks, privacy, graph neural",39804,0.0987087318690529,word_insight_per_1k_words,marker_words,2022-11-30,136,95,41,0.10188765482554096,0.30980693713790824,0.2898456569243833,-0.0006400472584266942,-0.007680567101120331,0.1980547002473597,0.07402165566711719,0.05297225513980999,0.34313714535490936,0.007458852564954597,0.0023801565109791427,0.028561878131749714,0.002895810028007342,0.03474972033608811,-0.03954757372698297,0.09667132999048239,0.09854168054414254,0.11989042963356814,-0.136443561537651,0.33352692262593603,0.41111607438375847,0.0017401092525524485,0.02088131103062938,0.17950713043011157,monthly_segmented_wls_hac,6,0.6166741115756377,0.019962353113201894
arxiv_titles,4,"causal, learning, clinical, data, medical, models, prediction",16560,0.0410666415373208,avg_words_per_sentence,syntax,2022-11-30,136,95,41,10.451531586202893,11.437850530328133,0.7539830306161087,0.011494873327810833,0.13793847993372998,0.056320614816354836,0.13329507172959293,-0.2049377257736473,0.31757895540635694,0.672641229315246,0.006033958511826247,0.07240750214191496,0.004822024031980152,0.05786428838376183,-0.04100650309025821,0.18582150737408815,0.09603333125779766,0.07674481524667562,-0.05438650662568653,0.24645316914128187,0.21081295648886786,0.01752883183963708,0.21034598207564498,0.5832695365205748,monthly_segmented_wls_hac,6,0.7378453477110375,0.9681122672736501
arxiv_titles,4,"causal, learning, clinical, data, medical, models, prediction",16560,0.0410666415373208,certainty_ratio,other,2022-11-30,136,95,41,0.00033351965314997367,0.0009277827407545193,0.0008705976048783963,3.6133220722308764e-06,4.3359864866770515e-05,0.0005386647211076125,0.0003844881758148965,-0.00021493210348958456,0.0012922615457048097,0.16121657219609847,-8.820499547188675e-06,-0.00010584599456626409,1.3969145262157146e-05,0.00016762974314588573,-0.0004344002911322001,0.00022270830199967197,-0.12157855015124754,0.19254560569265522,-0.49896793730885175,0.2558108370063567,0.5277611765140214,-5.207177474957798e-06,-6.248612969949357e-05,0.12917657489004974,monthly_segmented_wls_hac,6,0.5277611765140214,0.16121657219609847
arxiv_titles,4,"causal, learning, clinical, data, medical, models, prediction",16560,0.0410666415373208,clause_depth,syntax,2022-11-30,136,95,41,5.678126350137972,5.851875762844055,0.2738305105143985,0.002997264742635157,0.03596717691162188,0.0057550583800138055,0.061558027884743814,-0.11489867627408407,0.12640879303411168,0.925514314998424,-0.0013372304407495712,-0.016046765288994853,0.0024441408080801905,0.029329689696962286,-0.07353295709504094,0.04143942651705122,-0.05860108597413248,0.10710891800137837,-0.2685345652568341,0.15133239330856912,0.5842985070668365,0.0016600343018855857,0.01992041162262703,0.20095902035057012,monthly_segmented_wls_hac,6,0.818017909893571,0.9681122672736501
arxiv_titles,4,"causal, learning, clinical, data, medical, models, prediction",16560,0.0410666415373208,clause_depth_std,syntax,2022-11-30,136,95,41,0.024273839767661447,0.025255749309418356,0.036834116118281225,0.0003770186429342424,0.004524223715210909,-0.0225793632591952,0.008156625003251579,-0.0385663482655683,-0.006592378252822106,0.005636274118117832,5.61380184520104e-05,0.0006736562214241248,0.00027244003349645435,0.003269280401957452,-0.005734133366412482,0.007081445809260731,0.018288920501333298,0.08875685767670335,-0.1556745205450053,0.1922523615476719,0.8367468386248966,0.0004331566613862528,0.005197879936635034,0.0744934253884092,monthly_segmented_wls_hac,6,0.8367468386248966,0.01972695941341241
arxiv_titles,4,"causal, learning, clinical, data, medical, models, prediction",16560,0.0410666415373208,colon_per_1k_words,punctuation,2022-11-30,136,95,41,21.270125615000495,34.910833125923844,6.873513933775844,0.09738656531773632,1.1686387838128358,2.2740652568170345,1.3981855811783261,-0.4663784822924848,5.014508995926554,0.10385604179883752,0.19706062354362425,2.3647274825234907,0.04103581475819632,0.4924297770983559,1.3995651194107135,3.329889845636268,0.34403472595049633,0.0716416351000031,0.20361712115449032,0.4844523307465024,1.5696175158345728e-06,0.29444718886136056,3.5333662663363268,0.7617428702538426,monthly_segmented_wls_hac,6,3.1392350316691455e-06,0.20771208359767504
arxiv_titles,4,"causal, learning, clinical, data, medical, models, prediction",16560,0.0410666415373208,coordination_count,syntax,2022-11-30,136,95,41,0.26524930182273393,0.2923500523797634,0.09007413357182366,0.0006048416554119769,0.007258099864943723,-0.010007548996010196,0.01371342369069093,-0.03688585942976442,0.016870761437744027,0.4655350741895542,-0.00041044235419004335,-0.00492530825028052,0.00046824761352729405,0.005618971362327529,-0.015938492120442474,0.0060878756198814365,-0.05468060646237756,0.06238163099117741,-0.17694860320508526,0.06758739028033017,0.3807312133184117,0.00019439930122193357,0.002332791614663203,0.040379007204145556,monthly_segmented_wls_hac,6,0.818017909893571,0.9681122672736501
arxiv_titles,4,"causal, learning, clinical, data, medical, models, prediction",16560,0.0410666415373208,dependency_entropy,syntax,2022-11-30,136,95,41,1.7960363160982926,1.8492334412028715,0.05235817550827487,0.0008492961646905982,0.010191553976287179,0.00030095261646718996,0.007528334077366161,-0.014454582175170485,0.015056487408104864,0.9681122672736501,-0.00026221231982551704,-0.0031465478379062045,0.00037047236426172175,0.0044456683711406614,-0.011860057845341901,0.005566962169529491,-0.06009659059660917,0.08490877170534814,-0.22651778313909152,0.10632460194587316,0.47908291115491075,0.0005870838448650812,0.007045006138380975,0.4176359103169086,monthly_segmented_wls_hac,6,0.818017909893571,0.9681122672736501
arxiv_titles,4,"causal, learning, clinical, data, medical, models, prediction",16560,0.0410666415373208,dependency_length,syntax,2022-11-30,136,95,41,1.9752787780542824,2.121226013761274,0.09981520398343333,0.0016397882380532866,0.01967745885663944,0.004368942162110381,0.01882248743770898,-0.032523133215799215,0.04126101754001998,0.8164503249861443,0.0012164808810572175,0.01459777057268661,0.0005270590640265725,0.00632470876831887,0.002201341386781624,0.026994199758591592,0.1462479661426074,0.06336418216776478,0.02205416909378844,0.2704417631914264,0.020996122668988947,0.0028562691191105043,0.03427522942932605,0.6342457965172543,monthly_segmented_wls_hac,6,0.14697285868292262,0.9681122672736501
arxiv_titles,4,"causal, learning, clinical, data, medical, models, prediction",16560,0.0410666415373208,marker_words_total_per_1k_words,marker_words,2022-11-30,136,95,41,0.7628629453634477,1.510153125840529,1.5502579816127149,-0.0001889275889259386,-0.002267131067111263,0.5384168900421635,0.2320275325562371,0.08364292623193886,0.9931908538523881,0.020314543383585185,0.01584620328493635,0.19015443941923618,0.009155470047534062,0.10986564057040875,-0.025182216098764962,0.4054910949372373,0.12265986801849638,0.07086926297010052,-0.016243887402900645,0.26156362343989337,0.08348908420598423,0.01565727569601041,0.18788730835212492,0.2888198419351482,monthly_segmented_wls_hac,6,0.12523362630897636,0.031414292238013716
arxiv_titles,4,"causal, learning, clinical, data, medical, models, prediction",16560,0.0410666415373208,semicolon_per_1k_words,punctuation,2022-11-30,136,95,41,0.08488187337560778,0.03684725615124269,0.41953885637984695,-0.0013653034911111671,-0.016383641893334005,0.028640055790302446,0.05591603667999741,-0.08095537610249247,0.13823548768309735,0.6085127726655559,0.0007266984646408357,0.008720381575690028,0.002283955847832828,0.027407470173993937,-0.044998259965338086,0.062439023116718145,0.020785635092151436,0.06532760853306861,-0.10725647763266304,0.14882774781696592,0.7503519253381254,-0.0006386050264703314,-0.007663260317643977,0.01215381178042696,monthly_segmented_wls_hac,6,0.7503519253381254,0.6085127726655559
arxiv_titles,4,"causal, learning, clinical, data, medical, models, prediction",16560,0.0410666415373208,sentence_depth_std,syntax,2022-11-30,136,95,41,0.024273839767661447,0.025255749309418356,0.036834116118281225,0.0003770186429342424,0.004524223715210909,-0.0225793632591952,0.008156625003251579,-0.0385663482655683,-0.006592378252822106,0.005636274118117832,5.61380184520104e-05,0.0006736562214241248,0.00027244003349645435,0.003269280401957452,-0.005734133366412482,0.007081445809260731,0.018288920501333298,0.08875685767670335,-0.1556745205450053,0.1922523615476719,0.8367468386248966,0.0004331566613862528,0.005197879936635034,0.0744934253884092,monthly_segmented_wls_hac,6,0.8367468386248966,0.01972695941341241
arxiv_titles,4,"causal, learning, clinical, data, medical, models, prediction",16560,0.0410666415373208,smog_index,readability,2022-11-30,136,95,41,13.79647709988814,14.347861241475321,0.5427758593669848,0.0018066868699682377,0.02168024243961885,0.018291377183463797,0.08545110145508135,-0.14919278166849564,0.18577553603542324,0.8305028744325291,0.019292966948431058,0.2315156033811727,0.0027060001460618554,0.032472001752742265,0.16787047994579785,0.29516072681654754,0.4265399784934779,0.059825803215737904,0.3092814041906316,0.5437985527963243,1.005885411171639e-12,0.021099653818399296,0.2531958458207916,0.615564493714008,monthly_segmented_wls_hac,6,1.005885411171639e-12,0.8305028744325291
arxiv_titles,4,"causal, learning, clinical, data, medical, models, prediction",16560,0.0410666415373208,verb_align_per_1k_words,verbs,2022-11-30,136,95,41,0.03489937082847931,0.27222652961797095,0.15520435655063386,0.0011993164705781834,0.0143917976469382,-0.1691853933109604,0.07421178484535458,-0.3146404916078554,-0.023730295014065428,0.02262165894609071,0.014629954604704214,0.17555945525645056,0.0029257307205292713,0.035108768646351256,0.10674626870960212,0.24437264180329904,1.1311503050442793,0.22620994298505642,0.6877788167935687,1.57452179329499,5.719823958131348e-07,0.015829271075282397,0.18995125290338877,0.3584682047109937,monthly_segmented_wls_hac,6,5.719823958131348e-07,0.02262165894609071
arxiv_titles,4,"causal, learning, clinical, data, medical, models, prediction",16560,0.0410666415373208,word_across_per_1k_words,marker_words,2022-11-30,136,95,41,0.3374681826750254,0.5678999945365562,1.1838281684585104,-0.0008757807787614501,-0.010509369345137402,-0.023363950013523357,0.1273247876171112,-0.2729205337430613,0.22619263371601456,0.8544066339049645,0.017623571452802446,0.21148285743362935,0.00454519051927388,0.05454228623128656,0.10457997642030768,0.318385738446951,0.1786432043672402,0.0460728065816404,0.08834050346722502,0.2689459052672554,0.00010557395345881918,0.016747790674040995,0.20097348808849194,0.17179275116186832,monthly_segmented_wls_hac,6,0.00031672186037645753,0.8544066339049645
arxiv_titles,4,"causal, learning, clinical, data, medical, models, prediction",16560,0.0410666415373208,word_insight_per_1k_words,marker_words,2022-11-30,136,95,41,0.19122946100452293,0.5918610905175735,0.8923509904361919,-0.0001334758690277535,-0.0016017104283330419,0.3537287071490865,0.15319476834082768,0.053466961201064256,0.6539904530971088,0.020942861492009142,0.004136564191821699,0.04963877030186038,0.0066879222367138055,0.08025506684056566,-0.1076611607056483,0.2069387013093691,0.055626957143395286,0.08993665911810779,-0.12064889472809598,0.23190280901488658,0.5362374926620702,0.004003088322793945,0.04803705987352734,0.1778609299521945,monthly_segmented_wls_hac,6,0.5362374926620702,0.031414292238013716
arxiv_titles,5,"ai, intelligence, artificial, human, artificial intelligence, agents, agent",13964,0.0346288999050209,avg_words_per_sentence,syntax,2022-11-30,136,95,41,9.313569469577766,10.909780208234725,1.0748527018888268,0.01911826895217339,0.22941922742608067,0.29097442461629025,0.11974618851778406,0.05627189512143352,0.525676954111147,0.015101889254991736,0.003649572536612966,0.04379487043935559,0.0034554914764015304,0.04146589771681836,-0.03747828908560839,0.1250680299643196,0.04074499730278889,0.03857821415339125,-0.03486830243785796,0.11635829704343574,0.2908923911033832,0.022767841488786356,0.27321409786543627,0.7443118054399968,monthly_segmented_wls_hac,6,0.2908923911033832,0.05285661239247108
arxiv_titles,5,"ai, intelligence, artificial, human, artificial intelligence, agents, agent",13964,0.0346288999050209,certainty_ratio,other,2022-11-30,136,95,41,0.00022263845540911894,0.0008599705364316926,0.0006250091054741995,5.800663325697278e-06,6.960795990836734e-05,0.000741270133541398,0.00022082886927029575,0.0003084455497716184,0.0011740947173111776,0.0007886073615076378,-2.4124828358078628e-05,-0.00028949794029694355,6.521640774904124e-06,7.825968929884948e-05,-0.00044288693132268854,-0.00013610894927119853,-0.46318995637239413,0.12521367867028627,-0.7086087665661552,-0.21777114617863297,0.00021628341422888164,-1.832416503238135e-05,-0.00021988998038857617,0.1807661062694258,monthly_segmented_wls_hac,6,0.00021628341422888164,0.0007886073615076378
arxiv_titles,5,"ai, intelligence, artificial, human, artificial intelligence, agents, agent",13964,0.0346288999050209,clause_depth,syntax,2022-11-30,136,95,41,5.201338669678342,5.651058592287457,0.49731999948268685,0.00685258357222145,0.0822310028666574,0.08163966176621637,0.05605668028176556,-0.02823143158604413,0.19151075511847687,0.14528842070728312,-0.004051913977670291,-0.04862296773204349,0.0019571221008145654,0.023485465209774785,-0.09465447954320207,-0.0025914559208849164,-0.09776998267236627,0.04722405138382613,-0.19032912338466546,-0.0052108419600670666,0.03842023858321819,0.0028006695945511587,0.033608035134613905,0.49879838105663055,monthly_segmented_wls_hac,6,0.06723541752063183,0.25425473623774547
arxiv_titles,5,"ai, intelligence, artificial, human, artificial intelligence, agents, agent",13964,0.0346288999050209,clause_depth_std,syntax,2022-11-30,136,95,41,0.04590106851482861,0.0788693843779854,0.05344316847543839,0.0005343889373357001,0.0064126672480284,0.003899753491509678,0.01166452283871699,-0.018962711272375622,0.02676221825539498,0.7381335581192303,-0.0005892108567600147,-0.007070530281120176,0.00032355866055712955,0.0038827039266855546,-0.014680629977423861,0.0005395694151835106,-0.13229998300661527,0.07265108034285023,-0.27469610047860166,0.010096134465371153,0.06860190719874906,-5.4821919424314605e-05,-0.0006578630330917753,0.07586513764049829,monthly_segmented_wls_hac,6,0.08003555839854058,0.7446147927104294
arxiv_titles,5,"ai, intelligence, artificial, human, artificial intelligence, agents, agent",13964,0.0346288999050209,colon_per_1k_words,punctuation,2022-11-30,136,95,41,28.25005404182644,45.094299470011755,10.192752616382132,0.037802846054721215,0.4536341526566546,5.852594372117441,1.5855951363762861,2.74482790481992,8.960360839414962,0.0002232840188386526,0.34601059658077926,4.152127158969352,0.0517997083224891,0.6215964998698692,2.9337980192244077,5.370456298714295,0.4073607312215068,0.06098416426499144,0.28783176926212356,0.52688969318089,2.3930307604433593e-11,0.3838134426355005,4.605761311626006,0.7679404486823928,monthly_segmented_wls_hac,6,4.7860615208867185e-11,0.0004465680376773052
arxiv_titles,5,"ai, intelligence, artificial, human, artificial intelligence, agents, agent",13964,0.0346288999050209,coordination_count,syntax,2022-11-30,136,95,41,0.33148344102204913,0.3953637160264615,0.12919862931917275,0.0012581649776014013,0.015097979731216815,0.04803081089929826,0.01734647594117133,0.01403171805460246,0.08202990374399406,0.00562443665083047,-0.0030391681892269805,-0.03647001827072377,0.0005757512329779083,0.0069090147957349,-0.05001168727036417,-0.02292834927108336,-0.28227867790012,0.053475914041369935,-0.38709146942120504,-0.17746588637903493,1.301650822004971e-07,-0.0017810032116255792,-0.02137203853950695,0.1933637973989999,monthly_segmented_wls_hac,6,9.111555754034796e-07,0.03937105655581329
arxiv_titles,5,"ai, intelligence, artificial, human, artificial intelligence, agents, agent",13964,0.0346288999050209,dependency_entropy,syntax,2022-11-30,136,95,41,1.7962825075748368,1.914475784460802,0.09316680929799788,0.0017240717362748863,0.020688860835298636,0.023572888751220475,0.011425391016977222,0.0011791223579451192,0.04596665514449583,0.03909344724012032,-0.001026374906359118,-0.012316498876309416,0.00044074447486424387,0.005288933698370926,-0.02268280892511643,-0.001950188827502401,-0.13219835442592637,0.056768432215533474,-0.24346448156837197,-0.02093222728348077,0.019873370727725957,0.0006976968299157683,0.00837236195898922,0.6499144323322568,monthly_segmented_wls_hac,6,0.06723541752063183,0.09121804356028075
arxiv_titles,5,"ai, intelligence, artificial, human, artificial intelligence, agents, agent",13964,0.0346288999050209,dependency_length,syntax,2022-11-30,136,95,41,1.9472960786200582,2.1196144507476804,0.14195650386510905,0.002168158162085145,0.02601789794502174,0.005621687168360492,0.01725776330811362,-0.028203528915542203,0.03944690325226319,0.7446147927104294,0.0013386860425117974,0.01606423251014157,0.0006223625082203778,0.007468350098644534,0.0014262663167982845,0.030702198703484854,0.11316306102752602,0.05261012983062167,0.010047206559507563,0.21627891549554448,0.03147819247302358,0.0035068442045969425,0.04208213045516331,0.6649870218661509,monthly_segmented_wls_hac,6,0.06723541752063183,0.7446147927104294
arxiv_titles,5,"ai, intelligence, artificial, human, artificial intelligence, agents, agent",13964,0.0346288999050209,marker_words_total_per_1k_words,marker_words,2022-11-30,136,95,41,0.5182103259342609,1.7346449340405161,1.0577715449753569,0.0020933832733838714,0.025120599280606455,0.766870992412106,0.3476246743745167,0.08552663063805321,1.4482153541861589,0.02738179210414354,0.011191952774037858,0.1343034332884543,0.011746523138704862,0.14095827766445834,-0.14197479093388404,0.4105816575107927,0.12696827961238377,0.1332596611565518,-0.13422065625445773,0.3881572154792253,0.34069721573147965,0.01328533604742173,0.15942403256906076,0.3471206951516008,monthly_segmented_wls_hac,6,0.34069721573147965,0.04107268815621531
arxiv_titles,5,"ai, intelligence, artificial, human, artificial intelligence, agents, agent",13964,0.0346288999050209,semicolon_per_1k_words,punctuation,2022-11-30,136,95,41,0.04531916963858888,0.04761286161578158,0.2749475704464701,0.0005871920340075578,0.007046304408090693,0.018269728592252957,0.09891738092211753,-0.1756083380150974,0.2121477951996033,0.8534668175962595,-0.0033870435090190363,-0.040644522108228436,0.0023455052802517622,0.028146063363021147,-0.09581080629974989,0.014521762083293008,-0.14782644575556111,0.10236883823820127,-0.3484693687024356,0.05281647719131335,0.1487229194652369,-0.0027998514750114784,-0.03359821770013774,0.02847146480261198,monthly_segmented_wls_hac,6,0.1487229194652369,0.8534668175962595
arxiv_titles,5,"ai, intelligence, artificial, human, artificial intelligence, agents, agent",13964,0.0346288999050209,sentence_depth_std,syntax,2022-11-30,136,95,41,0.04590106851482861,0.0788693843779854,0.05344316847543839,0.0005343889373357001,0.0064126672480284,0.003899753491509678,0.01166452283871699,-0.018962711272375622,0.02676221825539498,0.7381335581192303,-0.0005892108567600147,-0.007070530281120176,0.00032355866055712955,0.0038827039266855546,-0.014680629977423861,0.0005395694151835106,-0.13229998300661527,0.07265108034285023,-0.27469610047860166,0.010096134465371153,0.06860190719874906,-5.4821919424314605e-05,-0.0006578630330917753,0.07586513764049829,monthly_segmented_wls_hac,6,0.08003555839854058,0.7446147927104294
arxiv_titles,5,"ai, intelligence, artificial, human, artificial intelligence, agents, agent",13964,0.0346288999050209,smog_index,readability,2022-11-30,136,95,41,12.588229896009208,13.556707639137986,0.8766583015951658,0.011085076873110025,0.13302092247732028,0.25328509987108794,0.09658314017902639,0.06398214512019623,0.44258805462197964,0.008729836858035852,-0.0008481874739424342,-0.01017824968730921,0.002568025689741084,0.03081630827689301,-0.0705782139100195,0.050221714535401085,-0.011610281530202687,0.035152017862398285,-0.08050823654050332,0.057287673480097945,0.7411825343462872,0.01023688939916759,0.12284267279001108,0.603214501020809,monthly_segmented_wls_hac,6,0.7411825343462872,0.008729836858035852
arxiv_titles,5,"ai, intelligence, artificial, human, artificial intelligence, agents, agent",13964,0.0346288999050209,verb_align_per_1k_words,verbs,2022-11-30,136,95,41,0.14265091155930146,0.4654564864560342,0.5242184455572799,0.008201579930208343,0.09841895916250012,-0.1918096749278489,0.18197094867747102,-0.5484727343356921,0.1648533844799943,0.2918519843151117,-0.0006887699486357894,-0.008265239383629473,0.005093344260035425,0.0611201311204251,-0.12806069637966266,0.11153021761240371,-0.015766784731969817,0.11659286627247585,-0.24428880262602248,0.21275523316208284,0.8924304933814284,0.007512809981572554,0.09015371977887064,0.12085066739774919,monthly_segmented_wls_hac,6,0.8924304933814284,0.2918519843151117
arxiv_titles,5,"ai, intelligence, artificial, human, artificial intelligence, agents, agent",13964,0.0346288999050209,word_across_per_1k_words,marker_words,2022-11-30,136,95,41,0.27641397273301344,0.4753535822277086,0.9435167571302427,-0.004340799807697479,-0.05208959769236975,-0.17137770464474766,0.15766783488823655,-0.4804066610256913,0.13765125173619597,0.2770570811281636,0.027391821017024847,0.32870185220429815,0.005401942008650717,0.0648233041038086,0.2016481761608333,0.455755528247763,0.34837945348640403,0.06870392456088664,0.2137197613470662,0.4830391456257418,3.962804742442704e-07,0.023051021209327366,0.2766122545119284,0.21687529599528288,monthly_segmented_wls_hac,6,1.1888414227328113e-06,0.2770570811281636
arxiv_titles,5,"ai, intelligence, artificial, human, artificial intelligence, agents, agent",13964,0.0346288999050209,word_insight_per_1k_words,marker_words,2022-11-30,136,95,41,0.15545712337887682,0.8325005980161031,0.4765584437889791,0.0018247898842064952,0.021897478610477944,0.720688784241345,0.2144745070262329,0.30031875046992845,1.1410588180127614,0.0007787089166362065,-0.008409060920722366,-0.10090873104866839,0.00836621065075275,0.10039452780903299,-0.2976820055543731,0.09586454345703627,-0.2117447132955448,0.21066572026470662,-0.6246495250143699,0.20116009842328017,0.3148381918844931,-0.006584271036515871,-0.07901125243819046,0.21996831671532535,monthly_segmented_wls_hac,6,0.34069721573147965,0.0023361267499086196
arxiv_titles,6,"foundation, knowledge, ontology, models, foundation models, model, data",4489,0.0111321348949899,avg_words_per_sentence,syntax,2022-11-30,136,95,41,9.041542662754814,9.96175996229683,1.0483423827007108,0.009672109476787228,0.11606531372144674,-0.24120136989268448,0.18124163272473431,-0.5964349700331637,0.11403223024779474,0.18324573909590622,0.0237153430197282,0.2845841162367384,0.005171471720481484,0.06205766064577781,0.16295110137101393,0.40621713110246294,0.2714610426257886,0.05919598565299494,0.1554369107459185,0.38748517450565867,4.52248020982164e-06,0.03338745249651543,0.4006494299581852,0.468554167238888,monthly_segmented_wls_hac,6,3.165736146875148e-05,0.2603060903593447
arxiv_titles,6,"foundation, knowledge, ontology, models, foundation models, model, data",4489,0.0111321348949899,certainty_ratio,other,2022-11-30,136,95,41,0.0005336475492292621,0.0007131130267447853,0.0019483979351394112,9.617386470638186e-06,0.00011540863764765823,-0.0007883576027576718,0.00040728163417005784,-0.0015866296057309853,9.914400215641525e-06,0.05290970718789279,1.29999040976239e-05,0.00015599884917148678,9.347629482665575e-06,0.0001121715537919869,-6.385739626080753e-05,0.00037585509460378116,0.08006518912694537,0.05757117258695967,-0.03277430914349559,0.19290468739738637,0.16431136216148493,2.2617290568262085e-05,0.00027140748681914504,0.04029624765946627,monthly_segmented_wls_hac,6,0.16431136216148493,0.05290970718789279
arxiv_titles,6,"foundation, knowledge, ontology, models, foundation models, model, data",4489,0.0111321348949899,clause_depth,syntax,2022-11-30,136,95,41,5.1663171157006245,5.426402682146484,0.5135781799680621,0.0037475215053986736,0.04497025806478408,-0.11812495085249441,0.0797967961482447,-0.274526671303054,0.0382767695980652,0.13878734154171196,0.006019293242885167,0.07223151891462201,0.0025033281718460773,0.030039938062152927,0.013353240312802273,0.13110979751644175,0.14064366776468945,0.058491460957358084,0.026000404288267602,0.2552869312411113,0.016193886684748228,0.00976681474828384,0.11720177697940608,0.26088322379300055,monthly_segmented_wls_hac,6,0.03778573559774587,0.2603060903593447
arxiv_titles,6,"foundation, knowledge, ontology, models, foundation models, model, data",4489,0.0111321348949899,clause_depth_std,syntax,2022-11-30,136,95,41,0.01570806990896251,0.026565825271412078,0.03854144370812234,0.0004252564466492956,0.005103077359791547,-0.014575653063283418,0.011019565136044542,-0.036174000729930725,0.007022694603363886,0.18593292168524625,-4.852619729200409e-05,-0.0005823143675040491,0.00035928118147284167,0.0043113741776741,-0.009032607755745284,0.007867979020737187,-0.015108784505167108,0.11186332848153034,-0.23436090832896653,0.20414333931863235,0.8925607366456789,0.0003767302493572915,0.004520762992287498,0.06030985261474209,monthly_segmented_wls_hac,6,0.8925607366456789,0.2603060903593447
arxiv_titles,6,"foundation, knowledge, ontology, models, foundation models, model, data",4489,0.0111321348949899,colon_per_1k_words,punctuation,2022-11-30,136,95,41,25.72681598305739,42.19850515006763,13.204609252818345,0.16391344915003986,1.9669613898004783,-0.19886113087685975,2.919307012187838,-5.9207028747650225,5.5229806130113035,0.9456906721197152,0.2724529921605965,3.269435905927158,0.12512644875414297,1.5015173850497157,0.3264618312297153,6.212409980624601,0.2475980805891201,0.11371161056729014,0.02472332387723146,0.4704728373010088,0.029449149396173966,0.43636644131063634,5.236397295727636,0.5866439011500444,monthly_segmented_wls_hac,6,0.05889829879234793,0.9456906721197152
arxiv_titles,6,"foundation, knowledge, ontology, models, foundation models, model, data",4489,0.0111321348949899,coordination_count,syntax,2022-11-30,136,95,41,0.2619408394753974,0.3115334506612788,0.13215991500927105,0.0014009097691026799,0.01681091722923216,0.03569084983971787,0.02557808316836834,-0.014442193170284078,0.08582389284971981,0.16290476529210166,-0.0036061466247587952,-0.043273759497105546,0.000943962321588317,0.011327547859059803,-0.06547575330086276,-0.02107176569334833,-0.3274348314620956,0.08571091967080316,-0.4954282340168698,-0.1594414289073214,0.00013333104020344568,-0.0022052368556561156,-0.026462842267873387,0.12653170587718687,monthly_segmented_wls_hac,6,0.00046665864071205985,0.2603060903593447
arxiv_titles,6,"foundation, knowledge, ontology, models, foundation models, model, data",4489,0.0111321348949899,dependency_entropy,syntax,2022-11-30,136,95,41,1.7614632893888238,1.8226103917718615,0.10905642518919834,0.0009165243583259759,0.010998292299911712,-0.00858229131925687,0.01966058098406041,-0.04711703004801527,0.02995244740950153,0.6624574805885306,0.0003311147418900216,0.003973376902680259,0.0005626035088131699,0.006751242105758039,-0.009259057624605497,0.017205811429966016,0.03643413852771151,0.06190595459227217,-0.08490153247314194,0.15776980952856495,0.5561698065589875,0.0012476391002159974,0.01497166920259197,0.22220942146518896,monthly_segmented_wls_hac,6,0.7786377291825826,0.6624574805885306
arxiv_titles,6,"foundation, knowledge, ontology, models, foundation models, model, data",4489,0.0111321348949899,dependency_length,syntax,2022-11-30,136,95,41,1.9197405354742727,2.052389050957224,0.1850240266339746,0.001043473321371018,0.012521679856452216,0.017839772295375568,0.02762789347064898,-0.03631089890709643,0.07199044349784756,0.5184633099410163,0.00222503805038427,0.02670045660461124,0.0009733425555620997,0.011680110666745196,0.003807439697790657,0.049593473511431826,0.14430805063729182,0.06312753472743017,0.02057808257152871,0.268038018703055,0.022255642901843876,0.003268511371755288,0.039222136461063456,0.3894112868663643,monthly_segmented_wls_hac,6,0.038947375078226786,0.6048738615978523
arxiv_titles,6,"foundation, knowledge, ontology, models, foundation models, model, data",4489,0.0111321348949899,marker_words_total_per_1k_words,marker_words,2022-11-30,136,95,41,0.8915812104017011,1.282352325562692,2.064703948123793,0.019130048182610188,0.22956057819132225,-0.5194819520095186,0.5339055441501657,-1.5659368185438434,0.5269729145248061,0.33056088183841276,-0.023587210492093006,-0.2830465259051161,0.015772552329202633,0.1892706279504316,-0.654016956687962,0.08792390487772986,-0.13708818940474343,0.09166962078143105,-0.3167606461363483,0.04258426732686144,0.134794607205542,-0.0044571623094828185,-0.05348594771379382,0.031042503908847552,monthly_segmented_wls_hac,6,0.202191910808313,0.33056088183841276
arxiv_titles,6,"foundation, knowledge, ontology, models, foundation models, model, data",4489,0.0111321348949899,semicolon_per_1k_words,punctuation,2022-11-30,136,95,41,0.0,0.03416000546560088,0.0,8.105961378788991e-17,9.72715365454679e-16,0.10616924382962419,0.07901978582666468,-0.04870953639063859,0.261048024049887,0.1790848956473893,-0.0032705498225794943,-0.03924659787095393,0.0024439040025567758,0.029326848030681307,-0.0967272200110893,0.018234024269181436,,,,,0.18081558282141325,-0.003270549822579413,-0.03924659787095296,0.04392623254816963,monthly_segmented_wls_hac,6,0.18081558282141325,0.3581697912947786
arxiv_titles,6,"foundation, knowledge, ontology, models, foundation models, model, data",4489,0.0111321348949899,sentence_depth_std,syntax,2022-11-30,136,95,41,0.01570806990896251,0.026565825271412078,0.03854144370812234,0.0004252564466492956,0.005103077359791547,-0.014575653063283418,0.011019565136044542,-0.036174000729930725,0.007022694603363886,0.18593292168524625,-4.852619729200409e-05,-0.0005823143675040491,0.00035928118147284167,0.0043113741776741,-0.009032607755745284,0.007867979020737187,-0.015108784505167108,0.11186332848153034,-0.23436090832896653,0.20414333931863235,0.8925607366456789,0.0003767302493572915,0.004520762992287498,0.06030985261474209,monthly_segmented_wls_hac,6,0.8925607366456789,0.2603060903593447
arxiv_titles,6,"foundation, knowledge, ontology, models, foundation models, model, data",4489,0.0111321348949899,smog_index,readability,2022-11-30,136,95,41,12.840864414754915,13.316958886219995,0.924113986660934,0.0016433287815224972,0.019719945378269967,-0.19229444568992227,0.2223698894057014,-0.628139428925097,0.24355053754525247,0.3871758127753983,0.023726561168677236,0.28471873402412684,0.006383979320915343,0.07660775185098412,0.13456754039619795,0.43486992765205573,0.30809915024973294,0.08289859579746,0.14561790248671133,0.4705803980127546,0.00020193880782752016,0.02536988995019973,0.3044386794023968,0.25647393339359137,monthly_segmented_wls_hac,6,0.00020193880782752016,0.3871758127753983
arxiv_titles,6,"foundation, knowledge, ontology, models, foundation models, model, data",4489,0.0111321348949899,verb_align_per_1k_words,verbs,2022-11-30,136,95,41,0.061919504643962855,0.469313073517555,0.6035166776971496,-0.0008955443450734561,-0.010746532140881473,-0.2524206863102222,0.2851917070073876,-0.8113964320447019,0.30655505942425754,0.3761074147873328,0.031910463296141556,0.38292555955369867,0.012276126515828616,0.1473135181899434,0.09419106390140965,0.6716600552059877,0.6344904353179356,0.24409187622130094,0.15607035792418586,1.1129105127116854,0.009338909899920863,0.031014918951068098,0.37217902741281716,0.17544983276009063,monthly_segmented_wls_hac,6,0.009338909899920863,0.3761074147873328
arxiv_titles,6,"foundation, knowledge, ontology, models, foundation models, model, data",4489,0.0111321348949899,word_across_per_1k_words,marker_words,2022-11-30,136,95,41,0.43598055507907374,0.45415609210517294,1.4231527255555614,0.01156858512894851,0.1388230215473821,-0.8665520883629991,0.3271409505112882,-1.507748351365124,-0.22535582536087428,0.008076267747656287,0.0066145848422494635,0.07937501810699356,0.008224424075673066,0.09869308890807679,-0.11406343615283693,0.2728134723668241,0.055774068855475534,0.06934820637015582,-0.08014841563002985,0.19169655334098093,0.42124616414733207,0.018183169971197972,0.21819803965437568,0.05001876444187037,monthly_segmented_wls_hac,6,0.421246164147332,0.02422880324296886
arxiv_titles,6,"foundation, knowledge, ontology, models, foundation models, model, data",4489,0.0111321348949899,word_insight_per_1k_words,marker_words,2022-11-30,136,95,41,0.1896601209046089,0.6341817901768829,0.9992153390316271,0.0035757587175858697,0.04290910461103044,0.5415908735971297,0.2812700821500964,-0.009698487417059254,1.0928802346113184,0.05416446739611084,-0.020898244012424138,-0.25077892814908964,0.010156597690512439,0.12187917228614926,-0.4896621058299422,-0.011895750468237085,-0.2509758591097369,0.12197488121456025,-0.490046626290275,-0.011905091929198818,0.039628276091097626,-0.017322485294838267,-0.20786982353805922,0.041412235257750396,monthly_segmented_wls_hac,6,0.11888482827329289,0.08124670109416626
arxiv_titles,7,"rag, fashion, 3d, generation, human, based, image",2463,0.006107918967779,avg_words_per_sentence,syntax,2022-11-30,124,83,41,9.089265395212273,10.070704135530466,1.9054246653105826,0.018262320433517755,0.21914784520221306,-0.46094609885475596,0.17640683480673436,-0.8067034950759553,-0.11518870263355663,0.008975868695878221,0.010956152420644096,0.13147382904772914,0.006208661031364089,0.07450393237636907,-0.014553878409954216,0.27750153650541254,0.06899975183553059,0.0391009593466268,-0.007638128483857925,0.14563763215491912,0.07762155758400188,0.02921847285416185,0.35062167424994223,0.29961348829340206,monthly_segmented_wls_hac,6,0.2716754515440066,0.06283108087114755
arxiv_titles,7,"rag, fashion, 3d, generation, human, based, image",2463,0.006107918967779,certainty_ratio,other,2022-11-30,124,83,41,0.00046926383522768794,0.0012168873041454075,0.0023006389858024924,-6.51508927261074e-06,-7.818107127132887e-05,0.0014605702646271253,0.0006945975238694519,9.915911784299982e-05,0.002821981411411251,0.03548695879516293,-1.4021768861746043e-05,-0.0001682612263409525,2.8331861306447585e-05,0.000339982335677371,-0.0008346266042685998,0.0004981041515866947,-0.0731367360891091,0.14777735132519315,-0.36278034468648773,0.2165068725082695,0.6206624709340729,-2.053685813435678e-05,-0.0002464422976122814,0.0475682427841142,monthly_segmented_wls_hac,6,0.6206624709340729,0.03548695879516293
arxiv_titles,7,"rag, fashion, 3d, generation, human, based, image",2463,0.006107918967779,clause_depth,syntax,2022-11-30,124,83,41,5.094521312801564,5.481409843784454,0.8126478660328866,0.006618852388378295,0.07942622866053954,-0.02213911064492574,0.09566765084486707,-0.2096477063008652,0.16536948501101373,0.8169909415787099,-0.003595179716723587,-0.043142156600683046,0.0035682262465293133,0.04281871495835176,-0.1270668379190525,0.0407825247176864,-0.05308837739436966,0.05269036780639125,-0.1563614982948965,0.05018474350615718,0.3136687441849339,0.0030236726716547082,0.036284072059856495,0.14532761442661657,monthly_segmented_wls_hac,6,0.43913624185890743,0.8169909415787099
arxiv_titles,7,"rag, fashion, 3d, generation, human, based, image",2463,0.006107918967779,clause_depth_std,syntax,2022-11-30,124,83,41,0.030933386153456255,0.03787036768825617,0.13090610280450565,-0.0006266211695686494,-0.007519454034823793,0.01686837603489629,0.02256496403175753,-0.02735895346734847,0.061095705537141054,0.45473331318600907,0.001050134726601249,0.01260161671921499,0.0008833951358523819,0.010600741630228583,-0.008175836876033033,0.03337907031446301,0.09626454725364611,0.08097973588030241,-0.06245573507174663,0.2549848295790388,0.23453861178452665,0.00042351355703259966,0.005082162684391196,0.01948312880470071,monthly_segmented_wls_hac,6,0.4104425706229216,0.6366266384604127
arxiv_titles,7,"rag, fashion, 3d, generation, human, based, image",2463,0.006107918967779,colon_per_1k_words,punctuation,2022-11-30,124,83,41,32.83967636078247,52.234089754932924,31.424944053617324,0.18833449598717714,2.2600139518461257,5.571420618057987,2.785096588698565,0.11263130420879985,11.030209931907173,0.04545269534332197,0.2582843819253851,3.0994125831046215,0.10529576125942597,1.2635491351131116,0.6228562782829226,5.5759688879263205,0.0986290565168993,0.04020847683792979,0.019820441914556904,0.1774376711192417,0.014169323271254915,0.4466188779125623,5.359426534950748,0.4228562386953295,monthly_segmented_wls_hac,6,0.014169323271254915,0.04545269534332197
arxiv_titles,7,"rag, fashion, 3d, generation, human, based, image",2463,0.006107918967779,coordination_count,syntax,2022-11-30,124,83,41,0.31038931024346045,0.2978185698779488,0.30481900351209107,0.0010905957453480174,0.01308714894417621,-0.0465792607707666,0.035610453939155365,-0.11637575049151111,0.02321722894997791,0.1908658132484794,-0.00086623223821879,-0.01039478685862548,0.0012825702741874395,0.015390843290249274,-0.040560839707514056,0.019771265990263097,-0.03410150528299708,0.050491744651474046,-0.13306532479988623,0.06486231423389205,0.49942945296050684,0.0002243635071292275,0.00269236208555073,0.013640519603806522,monthly_segmented_wls_hac,6,0.5826676951205912,0.44535356424645195
arxiv_titles,7,"rag, fashion, 3d, generation, human, based, image",2463,0.006107918967779,dependency_entropy,syntax,2022-11-30,124,83,41,1.727115594241603,1.828328297676717,0.20430669802427967,0.001985248083699408,0.023822977004392894,-0.012123852187628632,0.03228938562323504,-0.07541104800916931,0.05116334363391204,0.7073073481513876,-0.00031905314937536225,-0.003828637792504347,0.0009481527897457981,0.011377833476949577,-0.026129191407325517,0.018471915822316824,-0.018739658706878784,0.05568996800877005,-0.12789199600406806,0.0904126785903105,0.7364940618031678,0.0016661949343240456,0.019994339211888548,0.2477193306868125,monthly_segmented_wls_hac,6,0.7364940618031678,0.8169909415787099
arxiv_titles,7,"rag, fashion, 3d, generation, human, based, image",2463,0.006107918967779,dependency_length,syntax,2022-11-30,124,83,41,1.9221130651539897,2.0748096029668863,0.3083899116881297,0.003089911361474188,0.03707893633769026,-0.100812714455524,0.044815152796467764,-0.1886504139366008,-0.012975014974447197,0.02447924474864577,0.002956361742361554,0.03547634090833865,0.0014181551742046851,0.01701786209045622,0.0021213312110444534,0.06883135060563284,0.11503729390543542,0.05518294031507147,0.006878730887895338,0.22319585692297547,0.037100790359754034,0.006046273103835742,0.07255527724602889,0.3212113589952289,monthly_segmented_wls_hac,6,0.2597055325182782,0.0856773566202602
arxiv_titles,7,"rag, fashion, 3d, generation, human, based, image",2463,0.006107918967779,marker_words_total_per_1k_words,marker_words,2022-11-30,124,83,41,0.48747138157410824,0.7999741097190084,1.779309518578632,0.0029679310553046736,0.03561517266365608,0.22145497524810193,0.5878143568406142,-0.930661164159502,1.3735711146557057,0.7063645647966699,-0.013025697884485187,-0.15630837461382224,0.014706610631831485,0.17647932758197782,-0.5022078566744987,0.18959110744685426,-0.08784777071202668,0.09918416427230435,-0.2822487326857432,0.10655319126168984,0.3757772714140595,-0.010057766829180513,-0.12069320195016617,0.0035761988115468046,monthly_segmented_wls_hac,6,0.3757772714140595,0.7480191699060464
arxiv_titles,7,"rag, fashion, 3d, generation, human, based, image",2463,0.006107918967779,semicolon_per_1k_words,punctuation,2022-11-30,124,83,41,0.0,0.06682494437899376,0.0,4.366091613242599e-16,5.239309935891118e-15,-0.10031655653267854,0.04625192992510389,-0.1909703391858822,-0.009662773879474909,0.030089052452060543,0.007399707188320935,0.08879648625985123,0.0019881807267678876,0.02385816872121465,0.04203447556627051,0.13555849695343195,,,,,0.00019776977978187997,0.007399707188321372,0.08879648625985646,0.07695571824895386,monthly_segmented_wls_hac,6,0.00039553955956375995,0.04545269534332197
arxiv_titles,7,"rag, fashion, 3d, generation, human, based, image",2463,0.006107918967779,sentence_depth_std,syntax,2022-11-30,124,83,41,0.030933386153456255,0.03787036768825617,0.13090610280450565,-0.0006266211695686494,-0.007519454034823793,0.01686837603489629,0.02256496403175753,-0.02735895346734847,0.061095705537141054,0.45473331318600907,0.001050134726601249,0.01260161671921499,0.0008833951358523819,0.010600741630228583,-0.008175836876033033,0.03337907031446301,0.09626454725364611,0.08097973588030241,-0.06245573507174663,0.2549848295790388,0.23453861178452665,0.00042351355703259966,0.005082162684391196,0.01948312880470071,monthly_segmented_wls_hac,6,0.4104425706229216,0.6366266384604127
arxiv_titles,7,"rag, fashion, 3d, generation, human, based, image",2463,0.006107918967779,smog_index,readability,2022-11-30,124,83,41,12.25287492050083,13.183803980618999,1.8070957893161015,0.015491250785315899,0.18589500942379078,-0.39526162724381547,0.22925474002452242,-0.8446009176918794,0.05407766320424845,0.08468701294880365,0.010201746149180273,0.12242095379016328,0.0071790073770612375,0.08614808852473485,-0.046429299718317024,0.2912712072986436,0.06774458471650455,0.04767212066679528,-0.025692771790414206,0.1611819412234233,0.15530150685061606,0.02569299693449617,0.30831596321395405,0.31364858539211105,monthly_segmented_wls_hac,6,0.15530150685061606,0.08468701294880365
arxiv_titles,7,"rag, fashion, 3d, generation, human, based, image",2463,0.006107918967779,verb_align_per_1k_words,verbs,2022-11-30,124,83,41,0.05737234652897304,0.9444353673801124,0.5226869523318588,0.006360795342847011,0.07632954411416414,0.0460982787651921,0.37584213220690005,-0.690552300360332,0.7827488578907162,0.9023816436997208,0.02697339068994952,0.3236806882793942,0.013675482241454831,0.16410578689745797,0.0020333459603766174,0.6453280305984119,0.6192629963984376,0.3139657230113249,0.003890179296240835,1.2346358135006346,0.048565050215396074,0.03333418603279653,0.4000102323935584,0.11252429342184489,monthly_segmented_wls_hac,6,0.048565050215396074,0.9023816436997208
arxiv_titles,7,"rag, fashion, 3d, generation, human, based, image",2463,0.006107918967779,word_across_per_1k_words,marker_words,2022-11-30,124,83,41,0.31756097069984196,0.3865528700535874,1.4428009228004866,-0.0001428928393278758,-0.0017147140719345096,0.1589320612223779,0.43710219770443653,-0.6977882462783177,1.0156523687230736,0.7161538184509237,-0.013613528265021428,-0.16336233918025714,0.01321840054701525,0.158620806564183,-0.47425912004605586,0.14753444168554156,-0.11322583497047514,0.10993949619625897,-0.32870724751514274,0.10225557757419242,0.3030605897588351,-0.013756421104349305,-0.16507705325219166,0.013475548041675056,monthly_segmented_wls_hac,6,0.3757772714140595,0.7480191699060464
arxiv_titles,7,"rag, fashion, 3d, generation, human, based, image",2463,0.006107918967779,word_insight_per_1k_words,marker_words,2022-11-30,124,83,41,0.09267840593141799,0.2572230896737171,0.8443404614591566,0.002472229919682491,0.029666759036189892,-0.06637105533762483,0.2066010012177614,-0.4713090177244372,0.3385669070491875,0.7480191699060466,0.007429478814823221,0.08915374577787866,0.007955941341838371,0.09547129610206045,-0.09796999458215985,0.27627748613791714,0.10558980630136638,0.11307203724084315,-0.11603138669068623,0.32721099929341896,0.3503927518229008,0.009901708734505712,0.11882050481406854,0.030393155721673004,monthly_segmented_wls_hac,6,0.3757772714140595,0.7480191699060464
arxiv_titles,8,"fuzzy, based, algorithm, decision, optimization, data, classification",1892,0.004691913393032,avg_words_per_sentence,syntax,2022-11-30,136,95,41,10.863316280547075,11.226239836609242,1.363278541707834,0.01744015749286116,0.2092818899143339,-0.5045656549041446,0.24103109348845747,-0.9769865981415213,-0.03214471166676797,0.03631673237106609,-0.012066809358178748,-0.14480171229814498,0.007422056505350672,0.08906467806420806,-0.31936848130399276,0.02976505670770281,-0.10621579366806877,0.06533124034405556,-0.23426502474241764,0.021833437406280104,0.10399135133947089,0.005373348134682411,0.06448017761618893,0.11448115070054077,monthly_segmented_wls_hac,6,0.2591790010765213,0.25421712659746265
arxiv_titles,8,"fuzzy, based, algorithm, decision, optimization, data, classification",1892,0.004691913393032,certainty_ratio,other,2022-11-30,136,95,41,0.00012535325554716,0.0007016425141651366,0.0008594699378879298,4.396046441790745e-06,5.2752557301488946e-05,0.0005770283048473867,0.00040818722635589,-0.00022301865881015764,0.0013770752685049311,0.1574686997358908,-1.5798025555611603e-05,-0.00018957630666733923,1.5707319230598912e-05,0.00018848783076718696,-0.0005590124549710256,0.00017985984163634716,-0.22057351666447575,0.21930706643489925,-0.6504153668768782,0.20926833354792673,0.31452392130748585,-1.1401979113820858e-05,-0.0001368237493658503,0.03233528764353599,monthly_segmented_wls_hac,6,0.31452392130748585,0.1574686997358908
arxiv_titles,8,"fuzzy, based, algorithm, decision, optimization, data, classification",1892,0.004691913393032,clause_depth,syntax,2022-11-30,136,95,41,5.677227526169728,5.802362214220777,0.6007871677122727,0.006043745119281445,0.07252494143137733,-0.09502117864245041,0.11125879493524478,-0.31308841671553017,0.12304605943062935,0.3930742741046062,-0.006692154505746946,-0.08030585406896334,0.003234455595047728,0.03881346714057274,-0.1563802496644859,-0.004231458473440794,-0.1336677252524528,0.06460435446444351,-0.26029226000276207,-0.007043190502143535,0.038544175415893556,-0.0006484093864655011,-0.007780912637586013,0.08130054340118653,monthly_segmented_wls_hac,6,0.2591790010765213,0.5503039837464487
arxiv_titles,8,"fuzzy, based, algorithm, decision, optimization, data, classification",1892,0.004691913393032,clause_depth_std,syntax,2022-11-30,136,95,41,0.017672030719606376,0.014946771320684758,0.07376984054156278,-0.00016278411826626973,-0.001953409419195237,0.028184203823573124,0.020409949711479275,-0.011819297610926253,0.0681877052580725,0.16730813899061867,-0.0008526824451793042,-0.01023218934215165,0.0007252586447279471,0.008703103736735366,-0.027290272666152967,0.006825893981849665,-0.13870423559322614,0.11797644773045071,-0.36993807314490956,0.09252960195845723,0.2397170623984279,-0.001015466563445574,-0.012185598761346889,0.03528376870167971,monthly_segmented_wls_hac,6,0.33560388735779906,0.31682169750346717
arxiv_titles,8,"fuzzy, based, algorithm, decision, optimization, data, classification",1892,0.004691913393032,colon_per_1k_words,punctuation,2022-11-30,136,95,41,9.273206443960067,14.364158989086974,8.12842053807484,0.06885895853086726,0.8263075023704072,-4.21790223910406,3.0059698136627677,-10.109603073883084,1.673798595674965,0.16056460647745183,0.216412507377239,2.596950088526868,0.08545307593161466,1.025436911179376,0.5870937426152912,4.606806434438445,0.31949012435593516,0.12615451013835507,0.07222728448475924,0.5667529642271111,0.011324256944676838,0.28527146590810626,3.423257590897275,0.1651296269302145,monthly_segmented_wls_hac,6,0.022648513889353676,0.18463589951505832
arxiv_titles,8,"fuzzy, based, algorithm, decision, optimization, data, classification",1892,0.004691913393032,coordination_count,syntax,2022-11-30,136,95,41,0.29425135133594166,0.34044993775741605,0.15794690754452262,0.0016620418831247545,0.019944502597497055,-0.02609997436614414,0.0390959015776041,-0.10272794145824818,0.0505279927259599,0.5043962992356134,-0.0023383633973373353,-0.028060360768048024,0.0014675562768371845,0.017610675322046215,-0.06257728439925861,0.006456562863162556,-0.17765691778509987,0.11149743667556174,-0.3961918936692009,0.040878058099001136,0.11107671474708056,-0.0006763215142125808,-0.00811585817055097,0.06324680942371852,monthly_segmented_wls_hac,6,0.2591790010765213,0.5884623491082156
arxiv_titles,8,"fuzzy, based, algorithm, decision, optimization, data, classification",1892,0.004691913393032,dependency_entropy,syntax,2022-11-30,136,95,41,1.7852822765424605,1.8086477825330942,0.10908013039130769,0.0007021640348550159,0.008425968418260191,-0.022078796771867665,0.016506811180117553,-0.05443214668489807,0.01027455314116274,0.18104097000198124,0.00012455733235737293,0.0014946879882884751,0.0007480838285767637,0.008977005942921164,-0.016100243659837005,0.01908961963641396,0.013702660447200775,0.08229735251248396,-0.14760015047726777,0.17500547137166936,0.8677620369296071,0.0008267213672123888,0.009920656406548666,0.0438989399582187,monthly_segmented_wls_hac,6,0.8677620369296071,0.31682169750346717
arxiv_titles,8,"fuzzy, based, algorithm, decision, optimization, data, classification",1892,0.004691913393032,dependency_length,syntax,2022-11-30,136,95,41,2.0212604813609363,2.069186965268131,0.20902716263452026,0.0008414682031454516,0.010097618437745419,0.01853273648745707,0.0497244588048215,-0.07892720276999307,0.11599267574490721,0.7093652892428518,-0.0014540641679483845,-0.017448770015380616,0.0013724779175395853,0.016469735010475023,-0.049729450635911665,0.014831910605150432,-0.08347608892289964,0.07879231963394163,-0.23790903540542527,0.070956857559626,0.2893973968601558,-0.0006125959648029329,-0.007351151577635195,0.020932763266343524,monthly_segmented_wls_hac,6,0.33763029633684843,0.7093652892428518
arxiv_titles,8,"fuzzy, based, algorithm, decision, optimization, data, classification",1892,0.004691913393032,marker_words_total_per_1k_words,marker_words,2022-11-30,136,95,41,0.4603526554746066,0.2707855604197068,3.4694624585265936,-0.004383648671362076,-0.05260378405634491,-0.13438285256511892,0.49799856018351396,-1.1104600305248062,0.8416943253945683,0.7872788355295255,0.013982187372949817,0.1677862484753978,0.016968805879418982,0.20362567055302777,-0.23132006580853667,0.5668925627593323,0.04836087736388219,0.05869084130096142,-0.06667317158600222,0.16339492631376662,0.4099431968483484,0.009598538701587741,0.11518246441905289,0.003922831965848417,monthly_segmented_wls_hac,6,0.6149147952725226,1.0
arxiv_titles,8,"fuzzy, based, algorithm, decision, optimization, data, classification",1892,0.004691913393032,semicolon_per_1k_words,punctuation,2022-11-30,136,95,41,0.061520859003696526,0.0,0.4262154045328043,0.0008233170777013237,0.009879804932415885,-0.1143408566591502,0.08618989828245485,-0.2832730572927617,0.054591343974461304,0.18463589951505832,-0.0008233170777013413,-0.009879804932416095,0.0011869364274172645,0.014243237129007175,-0.03779654970527016,0.018036939840437968,-0.02318030936316306,0.033417931350040925,-0.08867945480924327,0.042318836082917144,0.48790245609485094,-1.7564075194265172e-17,-2.1076890233118206e-16,0.01444645651532761,monthly_segmented_wls_hac,6,0.48790245609485094,0.18463589951505832
arxiv_titles,8,"fuzzy, based, algorithm, decision, optimization, data, classification",1892,0.004691913393032,sentence_depth_std,syntax,2022-11-30,136,95,41,0.017672030719606376,0.014946771320684758,0.07376984054156278,-0.00016278411826626973,-0.001953409419195237,0.028184203823573124,0.020409949711479275,-0.011819297610926253,0.0681877052580725,0.16730813899061867,-0.0008526824451793042,-0.01023218934215165,0.0007252586447279471,0.008703103736735366,-0.027290272666152967,0.006825893981849665,-0.13870423559322614,0.11797644773045071,-0.36993807314490956,0.09252960195845723,0.2397170623984279,-0.001015466563445574,-0.012185598761346889,0.03528376870167971,monthly_segmented_wls_hac,6,0.33560388735779906,0.31682169750346717
arxiv_titles,8,"fuzzy, based, algorithm, decision, optimization, data, classification",1892,0.004691913393032,smog_index,readability,2022-11-30,136,95,41,13.597153174195663,13.962563509787312,1.1721520079806975,0.008767003812920986,0.10520404575505184,-0.06029235524880394,0.19857378149292026,-0.44949696697492764,0.32891225647731975,0.7614121032765611,-0.008017136663076343,-0.09620563995691611,0.006577692524543419,0.07893231029452102,-0.25091296813417735,0.05850168822034509,-0.08207607827473891,0.06733965369431918,-0.21406179951560453,0.04990964296612669,0.2229059704773158,0.0007498671498446432,0.008998405798135718,0.059643911757501056,monthly_segmented_wls_hac,6,0.2229059704773158,0.7614121032765611
arxiv_titles,8,"fuzzy, based, algorithm, decision, optimization, data, classification",1892,0.004691913393032,verb_align_per_1k_words,verbs,2022-11-30,136,95,41,0.0,0.0,0.0,0.0,0.0,0.0,0.0,0.0,0.0,1.0,0.0,0.0,0.0,0.0,0.0,0.0,,,,,1.0,0.0,0.0,,monthly_segmented_wls_hac,6,1.0,1.0
arxiv_titles,8,"fuzzy, based, algorithm, decision, optimization, data, classification",1892,0.004691913393032,word_across_per_1k_words,marker_words,2022-11-30,136,95,41,0.0,0.0903342366757001,0.0,-2.713857021677337e-16,-3.2566284260128044e-15,0.23310862879672042,0.18870045135134914,-0.13674425585192387,0.6029615134453647,0.21670514962060372,-0.007016099253792505,-0.08419319104551005,0.005870174499137592,0.07044209398965111,-0.22225969526522624,0.053873313174206114,,,,,0.23200446076726333,-0.007016099253792776,-0.08419319104551332,0.034813324709946025,monthly_segmented_wls_hac,6,0.6149147952725226,0.6501154488618112
arxiv_titles,8,"fuzzy, based, algorithm, decision, optimization, data, classification",1892,0.004691913393032,word_insight_per_1k_words,marker_words,2022-11-30,136,95,41,0.0,0.0,0.0,0.0,0.0,0.0,0.0,0.0,0.0,1.0,0.0,0.0,0.0,0.0,0.0,0.0,,,,,1.0,0.0,0.0,,monthly_segmented_wls_hac,6,1.0,1.0
medarxiv_titles,0,"19, covid 19, covid, sars, cov, sars cov, vaccination",35632,0.4344783016912365,avg_words_per_sentence,syntax,2022-11-30,83,42,41,14.940016365623256,16.340354291005994,1.1221180919824214,0.07635738663525611,0.9162886396230734,-0.03503701929457215,0.1761638589980048,-0.38031818293066155,0.31024414434151726,0.8423497273605642,-0.062391645428521936,-0.7486997451422632,0.008973635757316136,0.10768362908779364,-0.9597596581543388,-0.5376398321301877,-0.6672200996416979,0.09596461357962006,-0.8553107422577534,-0.4791294570256427,3.581767634010376e-12,0.013965741206734175,0.1675888944808101,0.8841299636435512,monthly_segmented_wls_hac,6,8.357457812690878e-12,0.8423497273605642
medarxiv_titles,0,"19, covid 19, covid, sars, cov, sars cov, vaccination",35632,0.4344783016912365,certainty_ratio,other,2022-11-30,83,42,41,0.0005123918566635287,0.00045307239070998547,0.0003788656547751355,-1.6695900607763016e-05,-0.0002003508072931562,0.00013184900153278062,7.259231282528336e-05,-1.0431931604774778e-05,0.00027412993467033605,0.06932524438669355,1.9216261693097775e-05,0.0002305951403171733,3.8309418537127114e-06,4.597130224455254e-05,0.00014049138791785031,0.0003206988927164962,0.608646197961745,0.12133932349142981,0.3708211239185426,0.8464712720049473,5.273989468538725e-07,2.5203610853347582e-06,3.02443330240171e-05,0.24692246856526456,monthly_segmented_wls_hac,6,5.273989468538725e-07,0.06932524438669355
medarxiv_titles,0,"19, covid 19, covid, sars, cov, sars cov, vaccination",35632,0.4344783016912365,clause_depth,syntax,2022-11-30,83,42,41,6.673477099120715,6.930563522135791,0.2126030864429498,0.018979176328136334,0.227750115937636,-0.03741446130564152,0.06171840466028596,-0.158382534439802,0.08355361182851896,0.5443737294618866,-0.020424341477335378,-0.24509209772802454,0.0029231532607333207,0.035077839128799845,-0.31384466242047226,-0.1763395330355768,-1.1528153322166979,0.1649921443554051,-1.4761999351532922,-0.8294307292801038,2.8064173620669432e-12,-0.0014451651491990437,-0.017341981790388525,0.8045491344316233,monthly_segmented_wls_hac,6,8.357457812690878e-12,0.635102684372201
medarxiv_titles,0,"19, covid 19, covid, sars, cov, sars cov, vaccination",35632,0.4344783016912365,clause_depth_std,syntax,2022-11-30,83,42,41,0.048922426843360164,0.03626912163888233,0.06908456259725099,8.858684725198231e-05,0.0010630421670237877,-0.004530569971585407,0.005804998841853242,-0.01590836770161776,0.006847227758446948,0.4351201047919395,-0.0002888022989679512,-0.0034656275876154144,0.00028043184788085395,0.0033651821745702476,-0.0100613846497731,0.0031301294745422707,-0.0501650073087865,0.048711058564394165,-0.14563868209499906,0.04530866747742606,0.3030811610792989,-0.0002002154517159689,-0.0024025854205916267,0.04708947845703093,monthly_segmented_wls_hac,6,0.3030811610792989,0.6091681467087153
medarxiv_titles,0,"19, covid 19, covid, sars, cov, sars cov, vaccination",35632,0.4344783016912365,colon_per_1k_words,punctuation,2022-11-30,83,42,41,20.367787385731692,22.665411783364505,2.4798605018339637,-0.10122558033793783,-1.214706964055254,1.7390758304882743,0.9031693837711898,-0.031136161703257725,3.5092878226798065,0.05416362801343887,0.18842985155513875,2.2611582186616648,0.05033790545563059,0.604054865467567,1.0772106823452334,3.4451057549780963,0.9118086347959656,0.24358421170095754,0.4343835798620889,1.3892336897298425,0.00018161960188849038,0.08720427121720092,1.046451254606411,0.2916659167205198,monthly_segmented_wls_hac,6,0.00036323920377698076,0.05416362801343887
medarxiv_titles,0,"19, covid 19, covid, sars, cov, sars cov, vaccination",35632,0.4344783016912365,coordination_count,syntax,2022-11-30,83,42,41,0.6529945850605752,0.725930150535699,0.07427331667665736,0.004809231574222805,0.057710778890673664,-0.03655983777009365,0.02465897025642777,-0.08489141947269208,0.011771743932504776,0.138175882346405,-0.0035702468249293956,-0.04284296189915275,0.0010150745916351098,0.012180895099621317,-0.06671751629441053,-0.018968407503894967,-0.5768284468252035,0.16400095814557225,-0.898270324790525,-0.25538656885988187,0.0004360821876844188,0.0012389847492934097,0.014867816991520916,0.6732255583151017,monthly_segmented_wls_hac,6,0.0006105150627581863,0.32241039214161166
medarxiv_titles,0,"19, covid 19, covid, sars, cov, sars cov, vaccination",35632,0.4344783016912365,dependency_entropy,syntax,2022-11-30,83,42,41,2.012023112311915,2.021067882357731,0.02506348963429351,0.0017469640840540566,0.02096356900864868,-0.028256528893665422,0.01410591147207492,-0.055904115378932265,-0.00060894240839858,0.045159119017514314,-0.0015339407769387678,-0.018407289323265213,0.0003735057385717667,0.0044820688628612,-0.027192144294473163,-0.009622434352057261,-0.7344264343014371,0.17882860400766137,-1.0849304981564534,-0.3839223704464208,4.010509231967963e-05,0.00021302330711528883,0.002556279685383466,0.5084712387068768,monthly_segmented_wls_hac,6,7.018391155943934e-05,0.19005755541434416
medarxiv_titles,0,"19, covid 19, covid, sars, cov, sars cov, vaccination",35632,0.4344783016912365,dependency_length,syntax,2022-11-30,83,42,41,2.520152344200809,2.592908951988219,0.10080277309196904,0.007490048971195266,0.08988058765434319,-0.04330359154499602,0.022502170695123665,-0.0874078461074384,0.0008006630174463639,0.05430215868981262,-0.00749174134000875,-0.089900896080105,0.0009843517593053142,0.01181222111166377,-0.11305284945896599,-0.06674894270124401,-0.8918494335278104,0.1171815094896913,-1.1215251921276053,-0.6621736749280155,2.723253292203365e-14,-1.6923688134842796e-06,-2.0308425761811355e-05,0.7354347988949874,monthly_segmented_wls_hac,6,1.9062773045423556e-13,0.19005755541434416
medarxiv_titles,0,"19, covid 19, covid, sars, cov, sars cov, vaccination",35632,0.4344783016912365,marker_words_total_per_1k_words,marker_words,2022-11-30,83,42,41,1.915925790037979,2.744445973385919,0.8961725329922405,-0.005724697382396509,-0.0686963685887581,0.05531806707140907,0.359284471150727,-0.6488794963840158,0.7595156305268339,0.8776355032996327,0.046924193681755315,0.5630903241810638,0.013488044371397258,0.1618565324567671,0.24585152056580029,0.8803291277963272,0.6283280322160233,0.18060867355122176,0.2743350320556287,0.982321032376418,0.0005033878299950901,0.041199496299358804,0.49439395559230565,0.3795256257061973,monthly_segmented_wls_hac,6,0.0007550817449926352,0.9409066933458631
medarxiv_titles,0,"19, covid 19, covid, sars, cov, sars cov, vaccination",35632,0.4344783016912365,semicolon_per_1k_words,punctuation,2022-11-30,83,42,41,0.3401237666515776,0.25262396771954115,0.27237633987627147,0.007920808997918822,0.09504970797502586,-0.2378288294352106,0.07681534676271067,-0.3883869090901235,-0.0872707497802977,0.0019607703803595123,-0.009141943143137802,-0.10970331771765363,0.002954616416260879,0.03545539699513055,-0.1791958958281095,-0.040210739607197746,-0.4027637560864758,0.13017061985353195,-0.6578981709993984,-0.14762934117355314,0.001973964116617206,-0.0012211341452189797,-0.014653609742627756,0.12020062887944372,monthly_segmented_wls_hac,6,0.001973964116617206,0.0039215407607190245
medarxiv_titles,0,"19, covid 19, covid, sars, cov, sars cov, vaccination",35632,0.4344783016912365,sentence_depth_std,syntax,2022-11-30,83,42,41,0.048922426843360164,0.03626912163888233,0.06908456259725099,8.858684725198231e-05,0.0010630421670237877,-0.004530569971585407,0.005804998841853242,-0.01590836770161776,0.006847227758446948,0.4351201047919395,-0.0002888022989679512,-0.0034656275876154144,0.00028043184788085395,0.0033651821745702476,-0.0100613846497731,0.0031301294745422707,-0.0501650073087865,0.048711058564394165,-0.14563868209499906,0.04530866747742606,0.3030811610792989,-0.0002002154517159689,-0.0024025854205916267,0.04708947845703093,monthly_segmented_wls_hac,6,0.3030811610792989,0.6091681467087153
medarxiv_titles,0,"19, covid 19, covid, sars, cov, sars cov, vaccination",35632,0.4344783016912365,smog_index,readability,2022-11-30,83,42,41,15.38758382482322,16.203242502204105,0.5687874701419116,0.035397806137767704,0.42477367365321245,0.012607573954066087,0.08641143645176194,-0.1567588414913873,0.18197398939951948,0.8839990034664507,-0.01609705753663987,-0.19316469043967843,0.00544412495772509,0.06532949949270109,-0.32121050944537255,-0.06511887143398432,-0.3396078510510862,0.11485748706173411,-0.564728525692085,-0.11448717641008735,0.003108739574279689,0.019300748601127835,0.23160898321353401,0.885678007094034,monthly_segmented_wls_hac,6,0.003108739574279689,0.8839990034664507
medarxiv_titles,0,"19, covid 19, covid, sars, cov, sars cov, vaccination",35632,0.4344783016912365,verb_align_per_1k_words,verbs,2022-11-30,83,42,41,0.004539480049610871,0.026947162034021154,0.016946921318713445,7.413885397147498e-05,0.0008896662476576998,-0.033553919619738526,0.015798467144921967,-0.06451891522378558,-0.002588924015691472,0.03368086098120167,0.002468912105785127,0.02962694526942152,0.0008824918330899582,0.0105899019970795,0.008870737355145706,0.050383153183697335,1.7482199104038032,0.6248864792560122,0.5234424110620196,2.9729974097455867,0.0051474264903041645,0.002543050959756602,0.030516611517079226,0.1581328952641362,monthly_segmented_wls_hac,6,0.0051474264903041645,0.03368086098120167
medarxiv_titles,0,"19, covid 19, covid, sars, cov, sars cov, vaccination",35632,0.4344783016912365,word_across_per_1k_words,marker_words,2022-11-30,83,42,41,0.609479946509325,0.9221909606876036,0.4044983012445982,-0.0007513747409224259,-0.009016496891069111,-0.03242040991761935,0.17726244937420452,-0.3798548106910602,0.3150139908558215,0.8548804316480059,0.013290369013877798,0.15948442816653358,0.006600124000460964,0.07920148800553158,0.004249511675691688,0.31471934465737544,0.39427712718648505,0.19580178152006333,0.010505635407160903,0.7780486189658091,0.044045826239360444,0.012538994272955371,0.15046793127546446,0.12711995828201417,monthly_segmented_wls_hac,6,0.04404582623936045,0.9409066933458631
medarxiv_titles,0,"19, covid 19, covid, sars, cov, sars cov, vaccination",35632,0.4344783016912365,word_insight_per_1k_words,marker_words,2022-11-30,83,42,41,0.37751196771313583,0.8494228379436397,0.39949351073191436,-0.0011882108293304124,-0.014258529951964949,0.010542091212062954,0.1422102569339504,-0.26819001237847984,0.28927419480260574,0.9409066933458631,0.026302900038984087,0.31563480046780906,0.006707952276485222,0.08049542731782267,0.1578637629248766,0.4734058380107415,0.7900874281775759,0.20149370429158295,0.39515976776607337,1.1850150885890784,8.812667371471884e-05,0.025114689209653675,0.3013762705158441,0.4952653527788825,monthly_segmented_wls_hac,6,0.0002643800211441565,0.9409066933458631
medarxiv_titles,1,"disease, alzheimer, parkinson disease, alzheimer disease, parkinson, brain, disorder",11283,0.1375791052419797,avg_words_per_sentence,syntax,2022-11-30,83,42,41,14.292233315044298,14.79351685216413,0.7662839909369826,0.028520453517951835,0.342245442215422,-0.024064690028342994,0.1367541705925073,-0.2921028643896573,0.24397348433297134,0.8603171743595217,-0.03280951826028744,-0.3937142191234493,0.0060615995905194805,0.07273919508623376,-0.5362830414924675,-0.2511453967544311,-0.5137967434789166,0.09492459185698382,-0.6998489435186049,-0.32774454343922826,6.208728011043511e-08,-0.004289064742335605,-0.05146877690802726,0.28441246662396247,monthly_segmented_wls_hac,6,4.3461096077304577e-07,0.8603171743595217
medarxiv_titles,1,"disease, alzheimer, parkinson disease, alzheimer disease, parkinson, brain, disorder",11283,0.1375791052419797,certainty_ratio,other,2022-11-30,83,42,41,0.0005181827512536762,0.0005417776795587585,0.0007590422601583719,-4.8357965455866465e-06,-5.802955854703976e-05,-0.00012987763459436938,0.0001744996790610187,-0.000471897005553966,0.00021214173636522726,0.4567035853833134,1.5107427165282834e-05,0.00018128912598339402,1.1321347975449627e-05,0.00013585617570539553,-8.498897839918119e-05,0.00044756723036596925,0.2388393051337729,0.17898367829618544,-0.11196870432675053,0.5896473145942964,0.18206642265523548,1.0271630619696188e-05,0.00012325956743635425,0.03160776777370378,monthly_segmented_wls_hac,6,0.18206642265523548,0.4567035853833134
medarxiv_titles,1,"disease, alzheimer, parkinson disease, alzheimer disease, parkinson, brain, disorder",11283,0.1375791052419797,clause_depth,syntax,2022-11-30,83,42,41,6.498075181550815,6.512835536685069,0.23049436727339934,0.003069096256867672,0.036829155082412066,0.036953491403274086,0.05937580489243794,-0.07942308618590428,0.15333006899245244,0.533701129804663,-0.007739302936810896,-0.09287163524173075,0.0029223897741528166,0.0350686772898338,-0.161606242729805,-0.024137027753656507,-0.40292366507842553,0.1521454849620569,-0.701128815604057,-0.10471851455279398,0.008090277003775563,-0.004670206679943225,-0.056042480159318696,0.10469109277945587,monthly_segmented_wls_hac,6,0.02831596951321447,0.8603171743595217
medarxiv_titles,1,"disease, alzheimer, parkinson disease, alzheimer disease, parkinson, brain, disorder",11283,0.1375791052419797,clause_depth_std,syntax,2022-11-30,83,42,41,0.03170235349863405,0.025625266220051107,0.04964826897178263,-0.0001314853577553725,-0.00157782429306447,0.002750374034033353,0.011420029297664192,-0.019632883389388463,0.025133631457455168,0.8096808789428245,-0.00013801551796662216,-0.0016561862155994658,0.0004119145767178008,0.004942974920613609,-0.01134441706000214,0.008032044628803208,-0.0333583879135998,0.09955986428092642,-0.2284957219042156,0.16177894607701598,0.73758088824131,-0.0002695008757219947,-0.0032340105086639363,0.019192963759155246,monthly_segmented_wls_hac,6,0.73758088824131,0.8603171743595217
medarxiv_titles,1,"disease, alzheimer, parkinson disease, alzheimer disease, parkinson, brain, disorder",11283,0.1375791052419797,colon_per_1k_words,punctuation,2022-11-30,83,42,41,16.112826409953037,18.787121628809302,3.8352570714669363,-0.0422147288050032,-0.5065767456600384,-0.059242358412708196,0.8360809958026157,-1.697961110185835,1.5794763933604186,0.9435114070911718,0.2201801236999648,2.642161484399578,0.04034257444116814,0.4841108932940177,1.693304133543303,3.5910188352558525,0.6889137899142144,0.12622645217074108,0.4415099436595618,0.9363176361688669,4.821764634714232e-08,0.1779653948949616,2.1355847387395395,0.48202040605871566,monthly_segmented_wls_hac,6,9.643529269428464e-08,0.9435114070911718
medarxiv_titles,1,"disease, alzheimer, parkinson disease, alzheimer disease, parkinson, brain, disorder",11283,0.1375791052419797,coordination_count,syntax,2022-11-30,83,42,41,0.6379087595449815,0.6542206227142364,0.07607569733222266,0.0009987295163812557,0.011984754196575069,0.00811527856207983,0.020774156987799684,-0.03260206913400755,0.048832626258167214,0.6960611526459375,-0.0015743802292862343,-0.018892562751434812,0.0008992760316550618,0.010791312379860741,-0.04004353501596186,0.00225840951309224,-0.24833900199338255,0.14184966761113035,-0.526364350511198,0.029686346524432933,0.07999421105921625,-0.0005756507129049786,-0.006907808554859743,0.03177360130044071,monthly_segmented_wls_hac,6,0.13998986935362845,0.8603171743595217
medarxiv_titles,1,"disease, alzheimer, parkinson disease, alzheimer disease, parkinson, brain, disorder",11283,0.1375791052419797,dependency_entropy,syntax,2022-11-30,83,42,41,1.9785119342441018,2.0004491042841215,0.04018539644399309,0.0005473030944617558,0.006567637133541069,0.004970859564370433,0.007193103922541875,-0.00912762412381164,0.01906934325255251,0.48952843296136805,-0.0004688417438795424,-0.005626100926554509,0.0003327143368880109,0.00399257204265613,-0.013451542130160525,0.0021993402770515078,-0.14000361883689957,0.09935380501273963,-0.3347370766618693,0.05472983898807013,0.15879318584074342,7.846135058221337e-05,0.0009415362069865605,0.12653839423838387,monthly_segmented_wls_hac,6,0.2223104601770408,0.8603171743595217
medarxiv_titles,1,"disease, alzheimer, parkinson disease, alzheimer disease, parkinson, brain, disorder",11283,0.1375791052419797,dependency_length,syntax,2022-11-30,83,42,41,2.2996378664056842,2.3519669190046715,0.08701500280755843,0.003179062077875695,0.03814874493450834,-0.04464772989100185,0.02032839173084782,-0.08449137768346358,-0.004804082098540122,0.02806877780817414,-0.0017681231430252166,-0.0212174777163026,0.0009421083856863599,0.011305300628236318,-0.04337586694764579,0.0009409115150405866,-0.2438370054785492,0.1299235794227234,-0.49848722114708716,0.010813210189988706,0.06054927630083946,0.0014109389348504783,0.016931267218205738,0.2639551627771711,monthly_segmented_wls_hac,6,0.13998986935362845,0.19648144465721898
medarxiv_titles,1,"disease, alzheimer, parkinson disease, alzheimer disease, parkinson, brain, disorder",11283,0.1375791052419797,marker_words_total_per_1k_words,marker_words,2022-11-30,83,42,41,2.9809134320745287,4.4426689053215105,1.9075684126153802,-0.0212190652914796,-0.2546287834977552,0.9645213814019794,0.42137288665486416,0.13863052355844563,1.790412239245513,0.022079511805601797,0.06140206600499128,0.7368247920598954,0.020117035880688656,0.24140443056826388,0.26367210814609826,1.2099774759736925,0.38626388819768115,0.12655086390180117,0.13822419495015092,0.6343035814452115,0.0022713874073369274,0.040183000713511684,0.4821960085621402,0.25128636142906624,monthly_segmented_wls_hac,6,0.006814162222010782,0.03311926770840269
medarxiv_titles,1,"disease, alzheimer, parkinson disease, alzheimer disease, parkinson, brain, disorder",11283,0.1375791052419797,semicolon_per_1k_words,punctuation,2022-11-30,83,42,41,0.22441057392149186,0.1036795067264766,0.37115525669652066,0.004719133316822503,0.05662959980187003,-0.13951819356353623,0.12989390639344076,-0.3941102500946801,0.11507386296760763,0.2827808016190071,-0.007919012394057772,-0.09502814872869327,0.0043721904554522165,0.0524662854654266,-0.1978620682409294,0.007805770783542873,-0.25603341732108115,0.14135940288817264,-0.5330978469818994,0.02103101233973725,0.07010632227835539,-0.0031998790772352695,-0.038398548926823234,0.07750443061067258,monthly_segmented_wls_hac,6,0.07010632227835539,0.5655616032380142
medarxiv_titles,1,"disease, alzheimer, parkinson disease, alzheimer disease, parkinson, brain, disorder",11283,0.1375791052419797,sentence_depth_std,syntax,2022-11-30,83,42,41,0.03170235349863405,0.025625266220051107,0.04964826897178263,-0.0001314853577553725,-0.00157782429306447,0.002750374034033353,0.011420029297664192,-0.019632883389388463,0.025133631457455168,0.8096808789428245,-0.00013801551796662216,-0.0016561862155994658,0.0004119145767178008,0.004942974920613609,-0.01134441706000214,0.008032044628803208,-0.0333583879135998,0.09955986428092642,-0.2284957219042156,0.16177894607701598,0.73758088824131,-0.0002695008757219947,-0.0032340105086639363,0.019192963759155246,monthly_segmented_wls_hac,6,0.73758088824131,0.8603171743595217
medarxiv_titles,1,"disease, alzheimer, parkinson disease, alzheimer disease, parkinson, brain, disorder",11283,0.1375791052419797,smog_index,readability,2022-11-30,83,42,41,15.939239071661765,16.252259553514367,0.4571820197368157,0.017075846131979374,0.20491015358375247,-0.03425786798018926,0.09189462639415093,-0.21437133571272507,0.14585559975234655,0.7093009375246956,-0.017748776240752356,-0.21298531488902828,0.004753213460496352,0.057038561525956225,-0.32478089547990246,-0.10118973429815409,-0.46586546647577426,0.12476116527677839,-0.7103973504182598,-0.2213335825332886,0.0001884188380038247,-0.0006729301087729823,-0.008075161305275788,0.23864804601881306,monthly_segmented_wls_hac,6,0.0001884188380038247,0.7093009375246956
medarxiv_titles,1,"disease, alzheimer, parkinson disease, alzheimer disease, parkinson, brain, disorder",11283,0.1375791052419797,verb_align_per_1k_words,verbs,2022-11-30,83,42,41,0.0,0.013401232913428037,0.0,-3.635670030399816e-17,-4.362804036479779e-16,0.04006768389499316,0.027411348830382293,-0.013658559812556127,0.09379392760254246,0.14381828352080356,-0.0013204218057877506,-0.015845061669453007,0.000901745294998307,0.010820943539979685,-0.03705411100781319,0.005363987668907175,,,,,0.1431131570761733,-0.001320421805787787,-0.015845061669453445,0.049961229069210966,monthly_segmented_wls_hac,6,0.1431131570761733,0.14381828352080356
medarxiv_titles,1,"disease, alzheimer, parkinson disease, alzheimer disease, parkinson, brain, disorder",11283,0.1375791052419797,word_across_per_1k_words,marker_words,2022-11-30,83,42,41,1.468666994042096,2.181986864136462,1.1884186064388635,-0.006618175729875589,-0.07941810875850708,-0.10168033357441514,0.3589161803175966,-0.8051560469969044,0.6017953798480742,0.7769482020150684,0.045186659906552795,0.5422399188786335,0.018374471236479818,0.22049365483775782,0.11007235539662824,0.9744074823606388,0.4562701357423827,0.18553534389576287,0.09262086170668749,0.8199194097780779,0.013924363841857999,0.03856848417667721,0.46282181012012646,0.19054374986152578,monthly_segmented_wls_hac,6,0.020886545762787,0.7769482020150683
medarxiv_titles,1,"disease, alzheimer, parkinson disease, alzheimer disease, parkinson, brain, disorder",11283,0.1375791052419797,word_insight_per_1k_words,marker_words,2022-11-30,83,42,41,0.8051391236836614,1.3380983211884099,1.1797173885943397,-0.012072535652878377,-0.14487042783454052,0.6571399536215066,0.21827277822831279,0.22932530829401354,1.0849545989489995,0.002607008960752342,0.021902548704463093,0.2628305844535571,0.011786196932658427,0.1414343631919011,-0.014380767402569064,0.5400419363096833,0.22279114217916698,0.11988834322466281,-0.012190010541172134,0.4577722948995061,0.06312330571215936,0.009830013051584716,0.1179601566190166,0.19016057932795882,monthly_segmented_wls_hac,6,0.06312330571215936,0.007821026882257026
medarxiv_titles,2,"health, study, care, review, clinical, data, language",9798,0.1194717781760983,avg_words_per_sentence,syntax,2022-11-30,83,42,41,15.400226589192734,15.99911196163754,0.8494306673095352,0.05062773581120809,0.6075328297344971,-0.7129296814764494,0.1690243049261628,-1.0442173191317285,-0.38164204382117034,2.465747657366183e-05,-0.03683477421272874,-0.44201729055274486,0.006710688641613972,0.08052826369936766,-0.5998526874035055,-0.2841818937019842,-0.5203688865540715,0.09480263286753092,-0.7061820469744322,-0.334555726133711,4.042823715958879e-08,0.013792961598479349,0.16551553918175219,0.439980801768483,monthly_segmented_wls_hac,6,1.4149883005856077e-07,0.0001726023360156328
medarxiv_titles,2,"health, study, care, review, clinical, data, language",9798,0.1194717781760983,certainty_ratio,other,2022-11-30,83,42,41,0.0004978973361353786,0.0004961163803201708,0.0012099748420704305,-2.3209984323869342e-05,-0.0002785198118864321,0.0005560312904750272,0.00021454953103334286,0.00013551420964967516,0.0009765483713003792,0.009552465767019395,2.2206773205094993e-05,0.00026648127846113994,1.3333716319286574e-05,0.00016000459583143887,-4.712772936848031e-05,0.0005800902862907601,0.22023704063561722,0.13223795261531998,-0.03894934649040999,0.47942342776164437,0.09582098728856907,-1.003211118774349e-06,-1.2038533425292187e-05,0.06530445800525109,monthly_segmented_wls_hac,6,0.09582098728856907,0.009552465767019395
medarxiv_titles,2,"health, study, care, review, clinical, data, language",9798,0.1194717781760983,clause_depth,syntax,2022-11-30,83,42,41,6.762010380410022,6.916260208913622,0.2876648971719627,0.011193467994103756,0.13432161592924508,0.0515878465528703,0.07662077140195374,-0.09858886539495904,0.20176455850069963,0.5007640804394564,-0.017412520506250362,-0.20895024607500434,0.003039820763182071,0.03647784915818485,-0.2804468304250467,-0.13745366172496204,-0.7263668529917863,0.12680674464211328,-0.9749080724903285,-0.47782563349324425,1.0153744154699749e-08,-0.006219052512146606,-0.07462863014575927,0.28554033531480116,monthly_segmented_wls_hac,6,7.107620908289824e-08,0.5007640804394564
medarxiv_titles,2,"health, study, care, review, clinical, data, language",9798,0.1194717781760983,clause_depth_std,syntax,2022-11-30,83,42,41,0.09886312278385506,0.07941457869129122,0.06355007287224493,0.0014432395656148878,0.017318874787378653,-0.025913594471075017,0.016596376683818144,-0.05844249277135858,0.006615303829208545,0.11842923257190484,-0.0024946478419905927,-0.029935774103887113,0.0008876447008940682,0.010651736410728817,-0.050813177468915595,-0.00905837073885863,-0.47105806100438574,0.1676117104089253,-0.7995770134058794,-0.14253910860289215,0.004947802688002002,-0.0010514082763757049,-0.01261689931650846,0.15329862860111765,monthly_segmented_wls_hac,6,0.004947802688002002,0.13816743800055564
medarxiv_titles,2,"health, study, care, review, clinical, data, language",9798,0.1194717781760983,colon_per_1k_words,punctuation,2022-11-30,83,42,41,29.25347817955889,32.97139423270554,6.262645108709038,0.08450723964812637,1.0140868757775165,-1.487338595676344,0.9296154277155734,-3.309384833998868,0.3347076426461797,0.1096095823481459,0.06467561932176191,0.776107431861143,0.052882189879970926,0.6345862785596511,-0.46768167411577316,2.0198965378380587,0.12392645893056636,0.10132879439027684,-0.07467797807437623,0.32253089593550893,0.22132468889003648,0.14918285896988828,1.7901943076386595,0.3448574486681877,monthly_segmented_wls_hac,6,0.22132468889003648,0.2192191646962918
medarxiv_titles,2,"health, study, care, review, clinical, data, language",9798,0.1194717781760983,coordination_count,syntax,2022-11-30,83,42,41,0.6856700171856703,0.6770154638811249,0.12135549874520438,0.004021013017730029,0.04825215621276034,-0.0702881771165417,0.022046930444670168,-0.11350016078809523,-0.02707619344498817,0.001432029535417226,-0.00426028772550735,-0.0511234527060882,0.0009345063096407877,0.011214075715689453,-0.07310304110883953,-0.029143864303336875,-0.4212701792229951,0.09240681989395723,-0.6023875462151512,-0.24015281223083892,5.143091705152136e-06,-0.00023927470777732138,-0.0028712964933278566,0.12064593246270938,monthly_segmented_wls_hac,6,1.2000547312021652e-05,0.005012103373960291
medarxiv_titles,2,"health, study, care, review, clinical, data, language",9798,0.1194717781760983,dependency_entropy,syntax,2022-11-30,83,42,41,2.0281446829358902,2.0309420570332204,0.061813455066743274,0.0011502791373764372,0.013803349648517246,-0.01658695679183042,0.009127343869773668,-0.03447655077658681,0.0013026371929259692,0.0691739602772728,-0.0009201227330240085,-0.011041472796288102,0.00028394317334804223,0.003407318080176507,-0.017719816233434056,-0.004363129359142149,-0.1786257180474063,0.0551225955012132,-0.2866660052297842,-0.07058543086502843,0.0011931307989379739,0.00023015640435242873,0.002761876852229145,0.13653523590567263,monthly_segmented_wls_hac,6,0.0020879788981414543,0.13816743800055564
medarxiv_titles,2,"health, study, care, review, clinical, data, language",9798,0.1194717781760983,dependency_length,syntax,2022-11-30,83,42,41,2.545961016096338,2.595009020163681,0.08785761812991576,0.004155202148125034,0.04986242577750041,-0.0549998670113539,0.032758280414996135,-0.11920609662474632,0.009206362602038526,0.09315969376150686,-0.003000772146105647,-0.036009265753267766,0.00101431642129571,0.01217179705554852,-0.05986598798214287,-0.012152543524392668,-0.40985934424059367,0.1385400300466829,-0.6813978031320922,-0.13832088534909523,0.0030922231394456385,0.001154430002019387,0.013853160024232643,0.23895509088854838,monthly_segmented_wls_hac,6,0.004329112395223894,0.13816743800055564
medarxiv_titles,2,"health, study, care, review, clinical, data, language",9798,0.1194717781760983,marker_words_total_per_1k_words,marker_words,2022-11-30,83,42,41,2.250696306049041,2.8371949391143834,1.6967325384242051,-0.015196053557066104,-0.18235264268479326,-0.29399256572623045,0.5410937346492976,-1.3545362856388534,0.7665511541863926,0.586902476341069,0.06870390071726978,0.8244468086072374,0.02269979467749225,0.27239753612990697,0.2905476377926197,1.358345979421855,0.48590263340674794,0.16054241311532158,0.17123950370071764,0.8005657631127783,0.0024729569493520103,0.05350784716020368,0.6420941659224442,0.1933359338988231,monthly_segmented_wls_hac,6,0.007418870848056031,0.586902476341069
medarxiv_titles,2,"health, study, care, review, clinical, data, language",9798,0.1194717781760983,semicolon_per_1k_words,punctuation,2022-11-30,83,42,41,0.06791496365449788,0.28160888235960424,0.22282138377449523,0.009564816050371561,0.11477779260445874,0.10930861261825289,0.13816256445507943,-0.16149001371370278,0.3801072389502086,0.42885097579231,-0.013410441537688549,-0.16092529845226258,0.004778963000250236,0.057347556003002835,-0.2733265082181482,-0.048524088686377025,-0.7222165831943933,0.2573700738751403,-1.2266619279896687,-0.21777123839911827,0.005013882794227194,-0.003845625487316987,-0.046147505847803846,0.10770442157062532,monthly_segmented_wls_hac,6,0.010027765588454389,0.42885097579231
medarxiv_titles,2,"health, study, care, review, clinical, data, language",9798,0.1194717781760983,sentence_depth_std,syntax,2022-11-30,83,42,41,0.09886312278385506,0.07941457869129122,0.06355007287224493,0.0014432395656148878,0.017318874787378653,-0.025913594471075017,0.016596376683818144,-0.05844249277135858,0.006615303829208545,0.11842923257190484,-0.0024946478419905927,-0.029935774103887113,0.0008876447008940682,0.010651736410728817,-0.050813177468915595,-0.00905837073885863,-0.47105806100438574,0.1676117104089253,-0.7995770134058794,-0.14253910860289215,0.004947802688002002,-0.0010514082763757049,-0.01261689931650846,0.15329862860111765,monthly_segmented_wls_hac,6,0.004947802688002002,0.13816743800055564
medarxiv_titles,2,"health, study, care, review, clinical, data, language",9798,0.1194717781760983,smog_index,readability,2022-11-30,83,42,41,15.701020778504033,16.08863078302958,0.44116633904635805,0.023657432524358944,0.2838891902923073,-0.11586428810462834,0.07001872725310972,-0.25310099352072335,0.02137241731146669,0.09797290392249647,-0.01912980611359144,-0.2295576733630973,0.0038660408558600823,0.04639249027032099,-0.32048695429292645,-0.13862839243326813,-0.5203426758698724,0.10515872623148168,-0.7264537792835765,-0.31423157245616823,7.491658413970204e-07,0.004527626410767503,0.05433151692921004,0.4631484408787526,monthly_segmented_wls_hac,6,7.491658413970204e-07,0.09797290392249647
medarxiv_titles,2,"health, study, care, review, clinical, data, language",9798,0.1194717781760983,verb_align_per_1k_words,verbs,2022-11-30,83,42,41,0.013597672078540153,0.03800063840989645,0.08812298684299938,-0.0005589569241552797,-0.0067074830898633565,0.015863959622852225,0.03092604133182144,-0.044751081387517794,0.07647900063322224,0.6079761920933849,0.0012228299639057368,0.014673959566868842,0.0015120681967434877,0.01814481836092185,-0.02088988442053799,0.05023780355427568,0.1665168203276188,0.20590335179229463,-0.23705374918527872,0.5700873898405163,0.4186799609904072,0.0006638730397504571,0.007966476477005486,0.015572921812375795,monthly_segmented_wls_hac,6,0.4186799609904072,0.6079761920933849
medarxiv_titles,2,"health, study, care, review, clinical, data, language",9798,0.1194717781760983,word_across_per_1k_words,marker_words,2022-11-30,83,42,41,0.8566390738861593,1.061092061622337,1.4089375942381126,-0.018812189858106454,-0.22574627829727745,0.24920342545999521,0.24508850387086756,-0.2311700421269052,0.7295768930468957,0.309253562358251,0.0344400662361687,0.4132807948340244,0.015303025438330954,0.18363630525997146,0.05335363652448037,0.7732079531435685,0.2933279632285682,0.13033672038488928,0.03786799127418523,0.5487879351829512,0.02441470650215678,0.015627876378062247,0.18753451653674696,0.07441654427370847,monthly_segmented_wls_hac,6,0.02441470650215678,0.576527950590815
medarxiv_titles,2,"health, study, care, review, clinical, data, language",9798,0.1194717781760983,word_insight_per_1k_words,marker_words,2022-11-30,83,42,41,0.3238749149612843,0.8776889967789818,0.5012034414850952,0.00452458671532649,0.054295040583917875,-0.1620980171425876,0.18633976796966797,-0.5273239623631368,0.20312792807796165,0.3843519670605433,0.023729759852808972,0.28475711823370764,0.010059152639147107,0.12070983166976529,0.04816584816096771,0.5213483883064476,0.5681467736732924,0.24083998966985337,0.09610039392037986,1.040193153426205,0.018323181850001976,0.028254346568135462,0.3390521588176255,0.293395913771917,monthly_segmented_wls_hac,6,0.02441470650215678,0.576527950590815
medarxiv_titles,3,"cancer, learning, cell, breast, deep, breast cancer, based",7220,0.0880369706502786,avg_words_per_sentence,syntax,2022-11-30,83,42,41,15.191447810734346,15.599140219897835,0.7930521667148839,0.0201573919677482,0.24188870361297843,0.18090344729857222,0.2914554816945934,-0.3903492968228308,0.7521561914199753,0.5348037358821713,-0.027448897440893127,-0.32938676929071753,0.012860222358322128,0.15432266829986555,-0.631859199158454,-0.02691433942298109,-0.41534060824164903,0.1945933379630337,-0.7967435506491951,-0.03393766583410302,0.032809804585347026,-0.007291505473144926,-0.08749806567773911,0.1437777191200822,monthly_segmented_wls_hac,6,0.1148343160487146,0.9359065377937998
medarxiv_titles,3,"cancer, learning, cell, breast, deep, breast cancer, based",7220,0.0880369706502786,certainty_ratio,other,2022-11-30,83,42,41,0.0006756053877679001,0.0009212691712284854,0.0009923272681695964,-1.3254178928715151e-06,-1.5905014714458182e-05,0.00026820026156838323,0.00029797153643166044,-0.00031582394983767126,0.0008522244729744378,0.368074033577787,-1.3387327720424476e-06,-1.6064793264509372e-05,1.5846509263637212e-05,0.00019015811116364654,-0.0003887746911452565,0.0003566451046162378,-0.01618900717516489,0.19162842467727798,-0.39178071954262966,0.35940270519229994,0.9326738168330339,-2.6641506649139625e-06,-3.196980797896755e-05,0.012164252484570093,monthly_segmented_wls_hac,6,0.9326738168330339,0.368074033577787
medarxiv_titles,3,"cancer, learning, cell, breast, deep, breast cancer, based",7220,0.0880369706502786,clause_depth,syntax,2022-11-30,83,42,41,6.676071018351184,6.691570415110714,0.3574379261785026,0.0071243091714084696,0.08549171005690163,0.08655213049150334,0.0826734101069365,-0.07548775331809221,0.2485920143010989,0.2951382398848717,-0.015758454662807467,-0.1891014559536896,0.0034861097688564514,0.041833317226277415,-0.2710947577171934,-0.10710815419018585,-0.5290469815988507,0.11703659338429039,-0.7584387046320599,-0.2996552585656414,6.173593967342567e-06,-0.008634145491398997,-0.10360974589678797,0.17199826774719162,monthly_segmented_wls_hac,6,4.321515777139797e-05,0.6886558930647007
medarxiv_titles,3,"cancer, learning, cell, breast, deep, breast cancer, based",7220,0.0880369706502786,clause_depth_std,syntax,2022-11-30,83,42,41,0.03280580427189194,0.02067217907001984,0.0858302904950976,-8.422626748256716e-05,-0.001010715209790806,0.0006812752225522477,0.013992697373165658,-0.026744411628852445,0.028106962073956937,0.9611680090387599,-0.00011029013168389277,-0.0013234815802067132,0.0005999963641288018,0.007199956369545621,-0.015435396064516129,0.012788432904102701,-0.015419749514681032,0.08388596063247465,-0.17983623235433133,0.14899673332496927,0.8541562347626392,-0.00019451639916645991,-0.002334196789997519,0.009581578139419511,monthly_segmented_wls_hac,6,0.8541562347626392,0.9611680090387599
medarxiv_titles,3,"cancer, learning, cell, breast, deep, breast cancer, based",7220,0.0880369706502786,colon_per_1k_words,punctuation,2022-11-30,83,42,41,14.35327314381569,19.094539050640083,4.410027965808136,0.04551202179340776,0.5461442615208931,-0.9507784738818836,1.2237658482125606,-3.3493595363785023,1.447802588614735,0.437200999363576,0.16187019211438558,1.942442305372627,0.06094772189528771,0.7313726627434525,0.5089518863954601,3.375932724349794,0.4404603146358223,0.16584308952549437,0.11540785916585335,0.7655127701057913,0.007910038484217624,0.20738221390779335,2.4885865668935203,0.4776683654252565,monthly_segmented_wls_hac,6,0.015820076968435248,0.7058737187486408
medarxiv_titles,3,"cancer, learning, cell, breast, deep, breast cancer, based",7220,0.0880369706502786,coordination_count,syntax,2022-11-30,83,42,41,0.548396255381435,0.579827539891893,0.10233519229698289,0.0017713018739648507,0.02125562248757821,-0.0075924906444369555,0.026790709141578873,-0.060102280561931544,0.04491729927305763,0.7768701232824584,-0.001720257554057857,-0.020643090648694285,0.0011367120841049114,0.013640545009258938,-0.047378558866841794,0.006092377569453229,-0.20172034844852585,0.13329280673722932,-0.4629742496534952,0.05953355275644358,0.13018757978104983,5.104431990699356e-05,0.0006125318388839228,0.03807258306945205,monthly_segmented_wls_hac,6,0.3037710194891163,0.9611680090387599
medarxiv_titles,3,"cancer, learning, cell, breast, deep, breast cancer, based",7220,0.0880369706502786,dependency_entropy,syntax,2022-11-30,83,42,41,1.9443824800407232,1.9649475701247892,0.04524753697353921,0.0004045664440480116,0.0048547973285761395,0.017466065305479117,0.011180891907084305,-0.00444848283240612,0.039380613443364354,0.11825613175836464,-0.0007586007180427796,-0.009103208616513356,0.0005978820381865806,0.007174584458238967,-0.023165394154661734,0.00495897692163502,-0.20118683193378942,0.15856298349310524,-0.5119702795802757,0.10959661571269687,0.2045076388220228,-0.00035403427399476804,-0.004248411287937216,0.08217629154412787,monthly_segmented_wls_hac,6,0.3578883679385399,0.522478837599092
medarxiv_titles,3,"cancer, learning, cell, breast, deep, breast cancer, based",7220,0.0880369706502786,dependency_length,syntax,2022-11-30,83,42,41,2.381046791463259,2.4480484073787183,0.09790160155552095,0.0009010502630926769,0.010812603157112122,0.03357541984690787,0.023282625380837505,-0.012058525899533636,0.07920936559334937,0.14927966788545485,-0.0002117323254873897,-0.0025407879058486765,0.0010034736065724296,0.012041683278869154,-0.026142487132432217,0.021060911320734864,-0.025952465184216327,0.12299781706880657,-0.2670281866390772,0.21512325627064452,0.8328877422025565,0.0006893179376052872,0.008271815251263446,0.1926262244422673,monthly_segmented_wls_hac,6,0.8541562347626392,0.522478837599092
medarxiv_titles,3,"cancer, learning, cell, breast, deep, breast cancer, based",7220,0.0880369706502786,marker_words_total_per_1k_words,marker_words,2022-11-30,83,42,41,1.5746922867429736,2.3899806990159913,1.9517778905394267,0.00012621217467069108,0.0015145460960482929,0.4074005698682422,0.7220173078040476,-1.0077533534276912,1.8225544931641755,0.5725818328068089,0.02820451863569473,0.33845422362833677,0.027955825162998684,0.3354699019559842,-0.31906678420539225,0.9959752314620659,0.17340816558527353,0.1718791382882547,-0.1634749454597057,0.5102912766302529,0.3130245403149455,0.028330730810365422,0.33996876972438506,0.15804282084173604,monthly_segmented_wls_hac,6,0.6606755308041967,0.8588727492102133
medarxiv_titles,3,"cancer, learning, cell, breast, deep, breast cancer, based",7220,0.0880369706502786,semicolon_per_1k_words,punctuation,2022-11-30,83,42,41,0.23495921643027526,0.07057701275544094,0.8917972750007794,-0.0025791540711516967,-0.03094984885382036,-0.04044487920815736,0.10716612950734425,-0.25049049304255205,0.16960073462623734,0.7058737187486408,0.0030025344947020144,0.03603041393642417,0.00710735953712275,0.085288314445473,-0.1311346823767029,0.20319551024955124,0.04040202291086018,0.09563643760337623,-0.1470453947917572,0.2278494406134776,0.6726934615205435,0.00042338042355031776,0.005080565082603813,0.013561274655810918,monthly_segmented_wls_hac,6,0.6726934615205435,0.7058737187486408
medarxiv_titles,3,"cancer, learning, cell, breast, deep, breast cancer, based",7220,0.0880369706502786,sentence_depth_std,syntax,2022-11-30,83,42,41,0.03280580427189194,0.02067217907001984,0.0858302904950976,-8.422626748256716e-05,-0.001010715209790806,0.0006812752225522477,0.013992697373165658,-0.026744411628852445,0.028106962073956937,0.9611680090387599,-0.00011029013168389277,-0.0013234815802067132,0.0005999963641288018,0.007199956369545621,-0.015435396064516129,0.012788432904102701,-0.015419749514681032,0.08388596063247465,-0.17983623235433133,0.14899673332496927,0.8541562347626392,-0.00019451639916645991,-0.002334196789997519,0.009581578139419511,monthly_segmented_wls_hac,6,0.8541562347626392,0.9611680090387599
medarxiv_titles,3,"cancer, learning, cell, breast, deep, breast cancer, based",7220,0.0880369706502786,smog_index,readability,2022-11-30,83,42,41,15.763650810473118,16.138554655999396,0.561989933915665,0.007823253231173976,0.09387903877408771,0.2642915608082701,0.19041256588436412,-0.10891706832508358,0.6375001899416237,0.16513877327035126,-0.008653258593885965,-0.10383910312663158,0.008398624425186577,0.10078349310223893,-0.3013747496070199,0.09369654335375673,-0.18477039687015853,0.1793332709716523,-0.536263607974597,0.16672281423428004,0.3028604909447519,-0.0008300053627119889,-0.009960064352543867,0.22240061433850233,monthly_segmented_wls_hac,6,0.3028604909447519,0.16513877327035126
medarxiv_titles,3,"cancer, learning, cell, breast, deep, breast cancer, based",7220,0.0880369706502786,verb_align_per_1k_words,verbs,2022-11-30,83,42,41,0.0,0.009169264624977075,0.0,4.975880550705982e-18,5.971056660847179e-17,-0.004166146210655269,0.0072056341800836345,-0.018289189203619192,0.009956896782308655,0.5631432896243105,0.0006370027552321586,0.007644033062785903,0.000609826093826123,0.007317913125913476,-0.006699076664004509,0.021987142789576315,,,,,0.29622424372765604,0.0006370027552321636,0.007644033062785964,0.023456336045358572,monthly_segmented_wls_hac,6,0.29622424372765604,0.5631432896243105
medarxiv_titles,3,"cancer, learning, cell, breast, deep, breast cancer, based",7220,0.0880369706502786,word_across_per_1k_words,marker_words,2022-11-30,83,42,41,0.7104447034126559,0.9467008897471095,1.7932536253158997,0.005517505916607475,0.06621007099928969,-0.0012450768894606556,0.3323065105754878,-0.6525658376174167,0.6500756838384955,0.9970105150782097,0.011222632453685027,0.1346715894442203,0.01454777440892126,0.17457329290705514,-0.20749206465360773,0.47683524354204837,0.0750990197610762,0.09735002926666456,-0.11570703760158628,0.26590507712373873,0.44045035386946446,0.0167401383702925,0.20088166044351,0.10410125746531551,monthly_segmented_wls_hac,6,0.6606755308041967,0.9970105150782097
medarxiv_titles,3,"cancer, learning, cell, breast, deep, breast cancer, based",7220,0.0880369706502786,word_insight_per_1k_words,marker_words,2022-11-30,83,42,41,0.40601146317883047,0.9933481707208729,0.883349043388645,-0.00795730976649159,-0.09548771719789909,0.7438231896501305,0.43635354760142653,-0.11142976364866553,1.5990761429489266,0.08826266487762668,0.007277331561033834,0.087327978732406,0.020976674274410523,0.2517200912929263,-0.40604340020172947,0.5806993576665415,0.09886010449210904,0.2849610730626869,-0.45966359871075735,0.6573838076949754,0.7286477060379621,-0.0006799782054577562,-0.008159738465493074,0.09633624497323179,monthly_segmented_wls_hac,6,0.7286477060379623,0.26478799463288005
medarxiv_titles,4,"stroke, study, pain, patients, injury, review, brain",6189,0.0754654863371986,avg_words_per_sentence,syntax,2022-11-30,83,42,41,15.562964979499887,15.861285332459383,0.863871493968833,0.02897584421608585,0.34771013059303024,-0.5200740302368336,0.22430014016825767,-0.9597023049666187,-0.08044575550704863,0.02041389822517398,-0.020173516619429982,-0.24208219943315978,0.008850237556208335,0.10620285067450003,-0.45023978675517984,-0.03392461211113973,-0.28022941041957067,0.12293825113568528,-0.5211883826455138,-0.03927043819362752,0.0226413849814525,0.00880232759665587,0.10562793115987043,0.12570911287473763,monthly_segmented_wls_hac,6,0.07924484743508375,0.14289728757621786
medarxiv_titles,4,"stroke, study, pain, patients, injury, review, brain",6189,0.0754654863371986,certainty_ratio,other,2022-11-30,83,42,41,0.00032650880468722856,0.0004953428451196024,0.0006720254940503179,4.163596043965033e-06,4.996315252758039e-05,4.122025862409939e-05,0.00021134075612186176,-0.0003730076233747497,0.0004554481406229484,0.8453603089774703,-2.9244233525203835e-06,-3.5093080230244605e-05,8.70754504450959e-06,0.00010449054053411508,-0.00023989453967711017,0.00016970837921662096,-0.0522198644857021,0.15548597703391792,-0.35697237947218124,0.25253265050077706,0.7369844726843813,1.2391726914446492e-06,1.487007229733579e-05,0.01444996049075331,monthly_segmented_wls_hac,6,0.7369844726843813,0.8453603089774703
medarxiv_titles,4,"stroke, study, pain, patients, injury, review, brain",6189,0.0754654863371986,clause_depth,syntax,2022-11-30,83,42,41,6.745791396060438,6.740592638999997,0.36335521123334463,0.010251309568386699,0.12301571482064039,-0.11151840782150413,0.10925958973258823,-0.32566720369737706,0.1026303880543688,0.30740898038198533,-0.015127003680498755,-0.18152404416598505,0.004594848723293146,0.055138184679517754,-0.28959488613783985,-0.07345320219413026,-0.49957737925330414,0.15174733421975975,-0.7970021543240333,-0.20215260418257505,0.0009941899211990846,-0.004875694112112056,-0.05850832934534467,0.11142688581627491,monthly_segmented_wls_hac,6,0.006959329448393592,0.5379657156684743
medarxiv_titles,4,"stroke, study, pain, patients, injury, review, brain",6189,0.0754654863371986,clause_depth_std,syntax,2022-11-30,83,42,41,0.09875981258347565,0.056165794989349,0.11631565678115209,0.0011554877946322105,0.013865853535586526,-0.03192947641102738,0.028431407657685558,-0.08765503542009107,0.023796082598036318,0.26142247297546906,-0.0023188899859025026,-0.02782667983083003,0.0012217655114374801,0.014661186137249762,-0.05656260465983956,0.0009092449981795026,-0.23923417191535898,0.12604654044841773,-0.48628539119425773,0.007817047363539777,0.05769834141609564,-0.0011634021912702922,-0.013960826295243506,0.11262760892937063,monthly_segmented_wls_hac,6,0.10097209747816736,0.5379657156684743
medarxiv_titles,4,"stroke, study, pain, patients, injury, review, brain",6189,0.0754654863371986,colon_per_1k_words,punctuation,2022-11-30,83,42,41,23.535780908964067,25.91079334336581,7.650824490034014,-0.10552438602962312,-1.2662926323554775,2.8993533411934074,1.0894770843718724,0.7639782558245374,5.034728426562277,0.007785485462495596,0.2365880671786355,2.839056806143626,0.0650152511864206,0.7801830142370472,1.3098980982390136,4.368215514048239,0.37107854321345224,0.10197371737559995,0.17121005715727639,0.5709470292696283,0.00027373855200547186,0.1310636811490124,1.5727641737881488,0.3112854129883359,monthly_segmented_wls_hac,6,0.0005474771040109437,0.015570970924991191
medarxiv_titles,4,"stroke, study, pain, patients, injury, review, brain",6189,0.0754654863371986,coordination_count,syntax,2022-11-30,83,42,41,0.609436186519168,0.6478897771808844,0.14395516663431562,0.0013558659721242222,0.016270391665490665,-0.0038940688631644155,0.024718153045538992,-0.05234164883242084,0.04455351110609201,0.8748202095393917,-0.0016577321025584334,-0.0198927852307012,0.001172421747772832,0.014069060973273984,-0.0474681447383182,0.0076825742769158056,-0.13818736552356028,0.09773224054551051,-0.32974255699276084,0.053367825945640324,0.1573799968072106,-0.0003018661304342112,-0.0036223935652105344,0.01763348486480565,monthly_segmented_wls_hac,6,0.2203319955300948,0.8748202095393917
medarxiv_titles,4,"stroke, study, pain, patients, injury, review, brain",6189,0.0754654863371986,dependency_entropy,syntax,2022-11-30,83,42,41,1.9635946416103494,1.9780907546131643,0.05561565357432715,0.0003223528250202392,0.0038682339002428707,-0.003653457894479073,0.01177881860347439,-0.026739942357288878,0.019433026568330732,0.7564302800790976,-4.988011262128597e-05,-0.0005985613514554317,0.0005248796198118801,0.006298555437742562,-0.012943730009430852,0.01174660730651999,-0.010762461878749453,0.11325148646010069,-0.2327353753405468,0.2112104515830479,0.924289784007926,0.00027247271239895325,0.003269672548787439,0.021527429940960907,monthly_segmented_wls_hac,6,0.924289784007926,0.8748202095393917
medarxiv_titles,4,"stroke, study, pain, patients, injury, review, brain",6189,0.0754654863371986,dependency_length,syntax,2022-11-30,83,42,41,2.508185797190237,2.5522723388948463,0.15469301159396742,0.0013764056754802718,0.016516868105763263,0.02034014071771134,0.039256883154683946,-0.056603350265469185,0.09728363170089187,0.6043680705269889,-0.0008657441014452393,-0.010388929217342871,0.0017325399207120586,0.020790479048544704,-0.05113826815249049,0.030360409717804748,-0.0671583616499196,0.13439830819969292,-0.33057904572131774,0.1962623224214785,0.617288810749594,0.0005106615740350325,0.0061279388884203905,0.10196660347566455,monthly_segmented_wls_hac,6,0.7201702792078596,0.8461152987377846
medarxiv_titles,4,"stroke, study, pain, patients, injury, review, brain",6189,0.0754654863371986,marker_words_total_per_1k_words,marker_words,2022-11-30,83,42,41,1.2117064333723095,2.0394552845068836,1.4687395768256597,0.0026374557635950114,0.03164946916314014,-0.08551412902038508,0.46701526469313215,-1.0008640478189241,0.8298357897781539,0.8547134502886087,0.0369332925494398,0.44319951059327756,0.020368396533752334,0.24442075840502803,-0.03586517588057733,0.9222641970671326,0.301754999719658,0.166415314369949,-0.02441901644544202,0.6279290158847581,0.06979101926401352,0.03957074831303481,0.4748489797564177,0.16130392398364857,monthly_segmented_wls_hac,6,0.1242376723509635,0.8547134502886088
medarxiv_titles,4,"stroke, study, pain, patients, injury, review, brain",6189,0.0754654863371986,semicolon_per_1k_words,punctuation,2022-11-30,83,42,41,0.21723746262282237,0.3337362012562874,0.4634066736861356,0.005260359385126874,0.06312431262152249,0.28329476139862947,0.1379026708547668,0.01300552652328657,0.5535839962739724,0.039945749653254994,-0.019472692823040486,-0.23367231387648585,0.005788867643723958,0.0694664117246875,-0.36982648085687336,-0.09751814689609833,-0.5042489181645917,0.1499037792704232,-0.7980603255346213,-0.21043751079456224,0.0007687242839163286,-0.014212333437913612,-0.17054800125496333,0.09724454388976833,monthly_segmented_wls_hac,6,0.0007687242839163286,0.039945749653254994
medarxiv_titles,4,"stroke, study, pain, patients, injury, review, brain",6189,0.0754654863371986,sentence_depth_std,syntax,2022-11-30,83,42,41,0.09875981258347565,0.056165794989349,0.11631565678115209,0.0011554877946322105,0.013865853535586526,-0.03192947641102738,0.028431407657685558,-0.08765503542009107,0.023796082598036318,0.26142247297546906,-0.0023188899859025026,-0.02782667983083003,0.0012217655114374801,0.014661186137249762,-0.05656260465983956,0.0009092449981795026,-0.23923417191535898,0.12604654044841773,-0.48628539119425773,0.007817047363539777,0.05769834141609564,-0.0011634021912702922,-0.013960826295243506,0.11262760892937063,monthly_segmented_wls_hac,6,0.10097209747816736,0.5379657156684743
medarxiv_titles,4,"stroke, study, pain, patients, injury, review, brain",6189,0.0754654863371986,smog_index,readability,2022-11-30,83,42,41,16.11138378409026,16.17678852811053,0.643929499043042,0.011796027572442616,0.1415523308693114,-0.39885864335931975,0.13102567939126306,-0.6556689749661954,-0.14204831175244415,0.002333575828175664,0.0018829962901978636,0.022595955482374364,0.005504699078968013,0.06605638894761615,-0.10687456685495328,0.152066477819702,0.035090728901152564,0.10258326267981824,-0.1659724659512912,0.2361539237535963,0.7322976837065398,0.01367902386264048,0.16414828635168577,0.16943609012107608,monthly_segmented_wls_hac,6,0.7322976837065398,0.002333575828175664
medarxiv_titles,4,"stroke, study, pain, patients, injury, review, brain",6189,0.0754654863371986,verb_align_per_1k_words,verbs,2022-11-30,83,42,41,0.07730364873222016,0.02300966405890474,0.5009849024743243,-0.0036985284971700707,-0.04438234196604085,0.0886346598282779,0.060087883373191604,-0.02913759158317765,0.20640691123973343,0.14019003094467344,0.002491147149347061,0.029893765792164732,0.003074899696677889,0.03689879636013467,-0.04242787507369922,0.1022154066580287,0.059669993336170055,0.0736525116383637,-0.0846889294750228,0.20402891614736293,0.41785076327100557,-0.0012073813478230095,-0.014488576173876114,0.016310989347733673,monthly_segmented_wls_hac,6,0.41785076327100557,0.14019003094467344
medarxiv_titles,4,"stroke, study, pain, patients, injury, review, brain",6189,0.0754654863371986,word_across_per_1k_words,marker_words,2022-11-30,83,42,41,0.20417685508531644,0.6943676346656888,0.522724833792591,0.010006688188903141,0.12008025826683769,-0.35142332582960856,0.2346861464256734,-0.8114081728239284,0.1085615211647113,0.13428445458534838,0.017471847089080884,0.20966216506897062,0.010172417696978112,0.12206901236373735,-0.029593099163954598,0.44891742930189577,0.4010947089461628,0.23352441757563866,-0.05661314950208903,0.8588025673944144,0.0858749394104098,0.027478535277984023,0.3297424233358083,0.22694901152631564,monthly_segmented_wls_hac,6,0.1242376723509635,0.40285336375604514
medarxiv_titles,4,"stroke, study, pain, patients, injury, review, brain",6189,0.0754654863371986,word_insight_per_1k_words,marker_words,2022-11-30,83,42,41,0.2938957255245861,0.6643246123864619,0.7029053954172563,-0.00041111769427977366,-0.0049334123313572835,0.0934198256410147,0.2051004680342219,-0.30857709170606024,0.49541674298808963,0.6487616226541773,0.015067657608452124,0.1808118913014255,0.00980184141477777,0.11762209697733324,-0.04972741877414766,0.41135120137699865,0.25723503117242763,0.1673370239355053,-0.07074553574116278,0.5852155980860181,0.1242376723509635,0.01465653991417235,0.1758784789700682,0.11453050397534781,monthly_segmented_wls_hac,6,0.1242376723509635,0.8547134502886088
medarxiv_titles,5,"diabetes, study, health, type, type diabetes, risk, women",5849,0.0713197010157174,avg_words_per_sentence,syntax,2022-11-30,83,42,41,16.381490013240487,16.983145235753472,0.9290283577092924,0.027377189000515858,0.3285262680061903,0.16784200281226225,0.17244311820527577,-0.17014650887007826,0.5058305144946027,0.33039524481510385,-0.031973495425406645,-0.38368194510487974,0.010398848018659222,0.12478617622391067,-0.6282628505037446,-0.13910103970601484,-0.41299271644508817,0.1343190174857485,-0.6762579907171553,-0.1497274421730211,0.0021070369496614897,-0.004596306424890787,-0.055155677098689446,0.18096961499972197,monthly_segmented_wls_hac,6,0.014749258647630428,0.47157019413767803
medarxiv_titles,5,"diabetes, study, health, type, type diabetes, risk, women",5849,0.0713197010157174,certainty_ratio,other,2022-11-30,83,42,41,0.0004068936817246072,0.0005492768375193487,0.0011636362364898616,-8.345708105108182e-08,-1.0014849726129818e-06,-3.4575156079007154e-05,0.00022788475948605952,-0.0004812292846716838,0.0004120789725136695,0.8794061194152288,9.05954044790742e-06,0.00010871448537488905,1.2089385345319458e-05,0.0001450726241438335,-0.0001756278579470246,0.00039305682869680267,0.0934265210774366,0.1246717999960613,-0.15093020691484352,0.3377832490697167,0.4536283585879027,8.976083366856338e-06,0.00010771300040227606,0.032496282705893775,monthly_segmented_wls_hac,6,0.4536283585879027,0.8794061194152288
medarxiv_titles,5,"diabetes, study, health, type, type diabetes, risk, women",5849,0.0713197010157174,clause_depth,syntax,2022-11-30,83,42,41,6.8298062693388335,6.98822333952576,0.287478050188327,0.01314256184445704,0.15771074213348446,-0.10034158978195262,0.0973680786860458,-0.2911830240066024,0.09049984444269715,0.3027571153710726,-0.012020071922055023,-0.14424086306466027,0.00612833364557334,0.07354000374688008,-0.2883792704085453,-0.00010245572077532267,-0.5017456566515879,0.2558108478150036,-1.003134918368995,-0.00035639493418090137,0.0498331729673252,0.0011224899224020167,0.0134698790688242,0.17729063135133494,monthly_segmented_wls_hac,6,0.0872080526928191,0.47157019413767803
medarxiv_titles,5,"diabetes, study, health, type, type diabetes, risk, women",5849,0.0713197010157174,clause_depth_std,syntax,2022-11-30,83,42,41,0.06072201948292158,0.05421675621634756,0.08954521708159205,0.00024221663102117066,0.002906599572254048,0.01631699485655586,0.019561496900490808,-0.022023539068406126,0.05465752878151785,0.4042030235465812,-0.0014439947066580419,-0.017327936479896503,0.0008971262940200065,0.010765515528240078,-0.03842834691524706,0.0037724739554540502,-0.1935104637035788,0.12022435010047189,-0.42915018990050374,0.0421292624933461,0.10749002381798552,-0.0012017780756368712,-0.014421336907642454,0.05232491703102804,monthly_segmented_wls_hac,6,0.11073374795383813,0.47157019413767803
medarxiv_titles,5,"diabetes, study, health, type, type diabetes, risk, women",5849,0.0713197010157174,colon_per_1k_words,punctuation,2022-11-30,83,42,41,27.573203283517884,28.1577561691167,6.042981371789358,0.07492520436186266,0.8991024523423519,-1.581504031580483,1.2332705326633424,-3.998714275600634,0.8357062124396681,0.19971433323839788,0.008489726462943326,0.1018767175553199,0.08453800110393045,1.0144560132471654,-1.8864570684091242,2.090210503519764,0.01685868469343861,0.16787343048631304,-0.31217323905973493,0.3458906084466122,0.9200069445396719,0.08341493082480599,1.0009791698976718,0.09272577019923955,monthly_segmented_wls_hac,6,0.9200069445396719,0.27348261642902066
medarxiv_titles,5,"diabetes, study, health, type, type diabetes, risk, women",5849,0.0713197010157174,coordination_count,syntax,2022-11-30,83,42,41,0.8253172536128759,0.879377224331802,0.15762228553791865,0.0026276820074962745,0.0315321840899553,0.037610234162903405,0.04008368392797556,-0.040953786335928694,0.1161742546617355,0.34809393148383955,-0.003074964267382954,-0.036899571208595446,0.0019279935579220662,0.023135922695064794,-0.08224597969092244,0.008446837273731553,-0.23410123183195844,0.14678078430412725,-0.5217915690680478,0.053589105404130984,0.11073374795383813,-0.00044728225988667925,-0.005367387118640151,0.10567648498104165,monthly_segmented_wls_hac,6,0.11073374795383813,0.47157019413767803
medarxiv_titles,5,"diabetes, study, health, type, type diabetes, risk, women",5849,0.0713197010157174,dependency_entropy,syntax,2022-11-30,83,42,41,2.0325685312473176,2.049625343048634,0.0434899575565048,0.0014600899610657597,0.017521079532789117,-0.015648571789690646,0.00978911782248837,-0.034835242721767856,0.0035380991423865603,0.10991659545917963,-0.001294287947643323,-0.015531455371719877,0.0004635504127566412,0.005562604953079695,-0.026434161079756078,-0.0046287496636836754,-0.35712739778006136,0.12790550429607617,-0.6078221862003707,-0.10643260935975211,0.005236408298526368,0.0001658020134224366,0.0019896241610692393,0.1262596359334449,monthly_segmented_wls_hac,6,0.01832742904484229,0.47157019413767803
medarxiv_titles,5,"diabetes, study, health, type, type diabetes, risk, women",5849,0.0713197010157174,dependency_length,syntax,2022-11-30,83,42,41,2.6198417494012505,2.67530593673293,0.13473333779960892,0.004036283074106407,0.04843539688927688,-0.004834721937827247,0.04065541781767633,-0.08451934086047284,0.07484989698481835,0.9053391330381482,-0.004227223117289732,-0.050726677407476786,0.002046925645048238,0.024563107740578856,-0.09887036857901134,-0.002582986235942223,-0.3764968510089418,0.18230905685059154,-0.7338226024361012,-0.019171099581782352,0.03890813408470071,-0.00019094004318332553,-0.0022912805181999063,0.12371856359342615,monthly_segmented_wls_hac,6,0.0872080526928191,0.9053391330381482
medarxiv_titles,5,"diabetes, study, health, type, type diabetes, risk, women",5849,0.0713197010157174,marker_words_total_per_1k_words,marker_words,2022-11-30,83,42,41,1.3862510507593826,3.1933099751843104,1.3068220721126393,-0.0019147951312749323,-0.022977541575299187,0.7538132260052174,0.42746998065680425,-0.08402793608211889,1.5916543880925538,0.07782805760574305,0.04801689166955974,0.5762027000347169,0.01519265888211286,0.18231190658535432,0.21887136312742245,0.9335340369420113,0.4409190144020249,0.13950782625719246,0.16748367493792773,0.7143543538661221,0.0015748105257610851,0.04610209653828481,0.5532251584594177,0.35365140716289545,monthly_segmented_wls_hac,6,0.004724431577283255,0.23348417281722914
medarxiv_titles,5,"diabetes, study, health, type, type diabetes, risk, women",5849,0.0713197010157174,semicolon_per_1k_words,punctuation,2022-11-30,83,42,41,0.4345536796880126,0.21056782469820806,1.001448241089242,0.0032861556653800365,0.03943386798456044,-0.24843917230020057,0.2268689994754879,-0.6931024112721569,0.19622406667175568,0.27348261642902066,-0.005739823608689134,-0.06887788330426961,0.012618493839378147,0.15142192607253777,-0.3656648584064436,0.22790909179790442,-0.0687782757792389,0.15120294775079055,-0.36513605337078836,0.2275795018123106,0.6491999549322054,-0.002453667943309097,-0.029444015319709166,0.04661760748420052,monthly_segmented_wls_hac,6,0.9200069445396719,0.27348261642902066
medarxiv_titles,5,"diabetes, study, health, type, type diabetes, risk, women",5849,0.0713197010157174,sentence_depth_std,syntax,2022-11-30,83,42,41,0.06072201948292158,0.05421675621634756,0.08954521708159205,0.00024221663102117066,0.002906599572254048,0.01631699485655586,0.019561496900490808,-0.022023539068406126,0.05465752878151785,0.4042030235465812,-0.0014439947066580419,-0.017327936479896503,0.0008971262940200065,0.010765515528240078,-0.03842834691524706,0.0037724739554540502,-0.1935104637035788,0.12022435010047189,-0.42915018990050374,0.0421292624933461,0.10749002381798552,-0.0012017780756368712,-0.014421336907642454,0.05232491703102804,monthly_segmented_wls_hac,6,0.11073374795383813,0.47157019413767803
medarxiv_titles,5,"diabetes, study, health, type, type diabetes, risk, women",5849,0.0713197010157174,smog_index,readability,2022-11-30,83,42,41,15.938903275622005,16.38256003166476,0.465834455307153,0.021516581412266023,0.2581989769471923,0.04465447477007212,0.08731386919277423,-0.12648070884776538,0.21578965838790962,0.6090536595865141,-0.02056428055723794,-0.2467713666868553,0.004473998487123704,0.05368798184548445,-0.3519998111040048,-0.14154292226970577,-0.5297404772778002,0.11525120401427734,-0.7556328371457837,-0.30384811740981654,4.2985593518520426e-06,0.0009523008550280827,0.011427610260336993,0.36472600542790123,monthly_segmented_wls_hac,6,4.2985593518520426e-06,0.6090536595865141
medarxiv_titles,5,"diabetes, study, health, type, type diabetes, risk, women",5849,0.0713197010157174,verb_align_per_1k_words,verbs,2022-11-30,83,42,41,0.0,0.03462117833760481,0.0,-1.0659670766559974e-16,-1.2791604919871968e-15,0.015232185518821323,0.026247436987182186,-0.03621279097605576,0.0666771620136984,0.5616918328744427,0.001118084561959034,0.013417014743508409,0.0013726007539084906,0.016471209046901886,-0.018866554988419288,0.04570058447543611,,,,,0.4153163334673547,0.0011180845619589274,0.013417014743507129,0.035071409707280066,monthly_segmented_wls_hac,6,0.4153163334673547,0.5616918328744427
medarxiv_titles,5,"diabetes, study, health, type, type diabetes, risk, women",5849,0.0713197010157174,word_across_per_1k_words,marker_words,2022-11-30,83,42,41,0.5488695676221522,1.2631952718194825,0.9859666954928811,-0.00023432263602232988,-0.0028118716322679586,0.36887948707686524,0.4576117918421016,-0.5280396249336539,1.2657985990873843,0.4201869281654784,0.017136481003946165,0.20563777204735398,0.016173746814632864,0.19408496177559437,-0.17476875303281095,0.5860442971275189,0.20856462291006334,0.19684738101480398,-0.17725624387895242,0.5943854896990791,0.2893609775492306,0.016902158367923834,0.20282590041508602,0.14112986471165057,monthly_segmented_wls_hac,6,0.2893609775492306,0.5132322196893627
medarxiv_titles,5,"diabetes, study, health, type, type diabetes, risk, women",5849,0.0713197010157174,word_insight_per_1k_words,marker_words,2022-11-30,83,42,41,0.2454250243432799,0.9453713900784397,0.7230426901163015,0.000768682454332995,0.00922418945199594,0.15902385880850067,0.2432252528729638,-0.31769763682250834,0.6357453544395097,0.5132322196893627,0.02340933773694706,0.28091205284336473,0.012461682074452553,0.14954018489343063,-0.012186709547759328,0.5740108152344888,0.3885137858155789,0.20682068560761893,-0.016854757975354254,0.7938823296065121,0.060312051722845546,0.024178020191280056,0.29013624229536067,0.23230661791737228,monthly_segmented_wls_hac,6,0.09046807758426832,0.5132322196893627
medarxiv_titles,6,"heart, cardiovascular, patients, risk, disease, coronary, heart failure",4467,0.05446830303252,avg_words_per_sentence,syntax,2022-11-30,83,42,41,15.82988114003735,16.213043900607122,1.027540383391705,0.008870974159197643,0.10645168991037171,0.43345580733106237,0.24145073069666978,-0.039787624834410396,0.9066992394965352,0.07261956110223822,-0.01718817246613072,-0.20625806959356863,0.009046465980968248,0.10855759177161897,-0.41903094946594177,0.006514810278804545,-0.2007298914255341,0.10564800520373915,-0.4077999816248628,0.006340198773794623,0.05743475739043905,-0.008317198306933076,-0.09980637968319692,0.0894139860272044,monthly_segmented_wls_hac,6,0.10051082543326834,0.08472282128594459
medarxiv_titles,6,"heart, cardiovascular, patients, risk, disease, coronary, heart failure",4467,0.05446830303252,certainty_ratio,other,2022-11-30,83,42,41,0.00042890233472409045,0.0005643971342717926,0.0010520809720674603,-3.356055377738618e-06,-4.027266453286341e-05,-0.0001739123453653416,0.0003012519808999659,-0.0007643662279292748,0.0004165415371985916,0.5637377625311887,1.9413844633019703e-05,0.00023296613559623642,1.7233984993811598e-05,0.00020680781992573916,-0.00017237719145821233,0.0006383094626506852,0.2214336555659125,0.19657025021499816,-0.16384403485548388,0.6067113459873089,0.25995981865810047,1.6057789255281084e-05,0.000192693471063373,0.042731578580416874,monthly_segmented_wls_hac,6,0.25995981865810047,0.5637377625311887
medarxiv_titles,6,"heart, cardiovascular, patients, risk, disease, coronary, heart failure",4467,0.05446830303252,clause_depth,syntax,2022-11-30,83,42,41,6.763964626224343,6.893430745280299,0.43356465473106737,-0.0019038278781623767,-0.02284593453794852,0.46254522175499024,0.055369277603756144,0.3540214376516282,0.5710690058583523,6.608757751700168e-17,-0.010785685383958785,-0.12942822460750542,0.003180689966346791,0.038168279596161495,-0.20423805261598196,-0.05461839659902889,-0.29852116217311925,0.08803365122056966,-0.4710671185654358,-0.1259752057808027,0.0006964084060132915,-0.012689513262121161,-0.15227415914545395,0.28323576289024155,monthly_segmented_wls_hac,6,0.00487485884209304,4.626130426190118e-16
medarxiv_titles,6,"heart, cardiovascular, patients, risk, disease, coronary, heart failure",4467,0.05446830303252,clause_depth_std,syntax,2022-11-30,83,42,41,0.03349916514761194,0.017138323751481974,0.061983380033123085,0.000837515620108584,0.010050187441303008,-0.025551567842632628,0.012848473261459327,-0.05073457543509291,-0.00036856025017234506,0.04673596724537896,-0.0011332316121228174,-0.01359877934547381,0.0004345780443475647,0.005214936532170776,-0.023820054948528534,-0.003377503742419088,-0.21939396235259845,0.0841344329622551,-0.3842974509586185,-0.05449047374657844,0.009116355924752613,-0.00029571599201423345,-0.0035485919041708014,0.06501737852233214,monthly_segmented_wls_hac,6,0.021271497157756097,0.06543035414353054
medarxiv_titles,6,"heart, cardiovascular, patients, risk, disease, coronary, heart failure",4467,0.05446830303252,colon_per_1k_words,punctuation,2022-11-30,83,42,41,22.21117434583736,21.959372777716837,7.567311163410878,-0.17194582375454484,-2.063349885054538,0.26107309888552965,1.4442685879790014,-2.569693333553313,3.0918395313243723,0.8565520975352853,0.320105197119288,3.8412623654314557,0.0754635016915878,0.9055620202990536,2.066360805645311,5.6161639252176005,0.5076125829217324,0.1196676072575932,0.2730640726968498,0.742161093146615,2.2168035778217633e-05,0.14815937336474314,1.7779124803769175,0.14289613824482028,monthly_segmented_wls_hac,6,4.433607155643527e-05,0.8565520975352853
medarxiv_titles,6,"heart, cardiovascular, patients, risk, disease, coronary, heart failure",4467,0.05446830303252,coordination_count,syntax,2022-11-30,83,42,41,0.6549296895480955,0.6464043981763413,0.17190660227856108,0.00232385033609073,0.02788620403308876,-0.11961851725899386,0.038979178893507056,-0.19601770789026768,-0.04321932662772003,0.0021493494323138337,0.000547764258742066,0.006573171104904792,0.002187506749184263,0.026250080990211155,-0.04487698763590907,0.05802332984571866,0.03823687408034211,0.1526996673907554,-0.2610544740055385,0.33752822216622275,0.8022735867089952,0.002871614594832796,0.034459375137993555,0.08925407133673413,monthly_segmented_wls_hac,6,0.8105087784644154,0.005015148675398945
medarxiv_titles,6,"heart, cardiovascular, patients, risk, disease, coronary, heart failure",4467,0.05446830303252,dependency_entropy,syntax,2022-11-30,83,42,41,1.9701693487658398,1.956313868875397,0.055154959698448365,0.0010927594462550178,0.013113113355060213,-0.05467212265366428,0.01673437213034933,-0.08747149202914897,-0.021872753278179592,0.0010867237019817932,-0.0003521088220556634,-0.004225305864667961,0.0007517238796858213,0.009020686556229856,-0.021905851514878477,0.013455239785542555,-0.0766079041262871,0.16355168430090664,-0.3971692053560641,0.2439533971034899,0.6394972775360376,0.0007406506241993543,0.008887807490392252,0.13766366777712524,monthly_segmented_wls_hac,6,0.8105087784644154,0.003803532956936276
medarxiv_titles,6,"heart, cardiovascular, patients, risk, disease, coronary, heart failure",4467,0.05446830303252,dependency_length,syntax,2022-11-30,83,42,41,2.484443856131474,2.51807000153529,0.11906449355017305,0.0005970140255118129,0.007164168306141755,0.014661869596921062,0.020285905268281383,-0.025098504728910447,0.05442224392275257,0.4698264765944824,-0.0003379575324670564,-0.004055490389604677,0.0014095087803199335,0.0169141053638392,-0.03720713690272951,0.029096156123520157,-0.034061291226974544,0.1420583488788931,-0.312495655029605,0.24437307257565594,0.8105087784644154,0.0002590564930447565,0.0031086779165370782,0.029152123493841442,monthly_segmented_wls_hac,6,0.8105087784644154,0.4698264765944824
medarxiv_titles,6,"heart, cardiovascular, patients, risk, disease, coronary, heart failure",4467,0.05446830303252,marker_words_total_per_1k_words,marker_words,2022-11-30,83,42,41,2.2355318650178213,3.2007795952211264,3.0521437048903883,0.008420158712657054,0.10104190455188464,0.348743293016392,0.7238151079637805,-1.0699343185926176,1.7674209046254017,0.6299390248121062,0.027439411485612013,0.3292729378273441,0.037982577744769506,0.45579093293723405,-0.5640772907296345,1.2226231663843228,0.10788251460760408,0.1493346896500743,-0.1848134771065415,0.40057850632174963,0.47003568465421225,0.03585957019826907,0.4303148423792288,0.08223061471936144,monthly_segmented_wls_hac,6,0.6498805791596364,0.6299390248121062
medarxiv_titles,6,"heart, cardiovascular, patients, risk, disease, coronary, heart failure",4467,0.05446830303252,semicolon_per_1k_words,punctuation,2022-11-30,83,42,41,0.43306696781281345,0.28720394976617675,0.9924782175308224,0.002381029822131561,0.028572357865578733,0.16131784943917515,0.27168616193041156,-0.3711870279444315,0.6938227268227818,0.5526690171293251,-0.01863963841999989,-0.22367566103999867,0.010098073734970804,0.12117688481964964,-0.461182355286512,0.013831033206514645,-0.22537085156032877,0.12209525879683739,-0.46467755880213013,0.013935855681472533,0.06491242036076866,-0.01625860859786833,-0.19510330317441993,0.08590987341291967,monthly_segmented_wls_hac,6,0.06491242036076866,0.8565520975352853
medarxiv_titles,6,"heart, cardiovascular, patients, risk, disease, coronary, heart failure",4467,0.05446830303252,sentence_depth_std,syntax,2022-11-30,83,42,41,0.03349916514761194,0.017138323751481974,0.061983380033123085,0.000837515620108584,0.010050187441303008,-0.025551567842632628,0.012848473261459327,-0.05073457543509291,-0.00036856025017234506,0.04673596724537896,-0.0011332316121228174,-0.01359877934547381,0.0004345780443475647,0.005214936532170776,-0.023820054948528534,-0.003377503742419088,-0.21939396235259845,0.0841344329622551,-0.3842974509586185,-0.05449047374657844,0.009116355924752613,-0.00029571599201423345,-0.0035485919041708014,0.06501737852233214,monthly_segmented_wls_hac,6,0.021271497157756097,0.06543035414353054
medarxiv_titles,6,"heart, cardiovascular, patients, risk, disease, coronary, heart failure",4467,0.05446830303252,smog_index,readability,2022-11-30,83,42,41,16.348357429346894,16.546335527229765,0.5852708443213371,0.00466305912745046,0.05595670952940551,0.05742518180417999,0.1540779563058518,-0.24456761255528953,0.3594179761636495,0.7093701543596521,-0.0010321155115664005,-0.012385386138796806,0.006994903772474766,0.0839388452696972,-0.1769055228674033,0.1521347505898097,-0.02116180270889546,0.14341880530035664,-0.3022626610975945,0.2599390556798035,0.8826959472369098,0.0036309436158840592,0.04357132339060871,0.07045188875016606,monthly_segmented_wls_hac,6,0.8826959472369098,0.7093701543596521
medarxiv_titles,6,"heart, cardiovascular, patients, risk, disease, coronary, heart failure",4467,0.05446830303252,verb_align_per_1k_words,verbs,2022-11-30,83,42,41,0.0,0.027653337757867373,0.0,-9.143551169971128e-16,-1.0972261403965354e-14,-0.045036125066279104,0.03892693709856687,-0.12133292177947017,0.03126067164691196,0.2472969329700486,0.0029932044549017757,0.03591845345882131,0.002462992819808882,0.029555913837706584,-0.022011137663083595,0.09384804458072621,,,,,0.22426263914963235,0.0029932044549008615,0.03591845345881034,0.05519338788514849,monthly_segmented_wls_hac,6,0.22426263914963235,0.2472969329700486
medarxiv_titles,6,"heart, cardiovascular, patients, risk, disease, coronary, heart failure",4467,0.05446830303252,word_across_per_1k_words,marker_words,2022-11-30,83,42,41,0.45622638384908454,0.7371062270915898,1.0683357654200498,0.018457224824284937,0.22148669789141923,-0.6088404463638166,0.2648673152199744,-1.1279803841949665,-0.08970050853266676,0.02152413696536766,0.005973034659877692,0.0716764159185323,0.012849528463161477,0.1541943415579377,-0.23054449353502565,0.37389732537209025,0.06709165623632422,0.1443313483914969,-0.21579778661100973,0.34998109908365815,0.6420427047589006,0.02443025948416263,0.2931631138099515,0.07724778956204403,monthly_segmented_wls_hac,6,0.6498805791596364,0.06457241089610298
medarxiv_titles,6,"heart, cardiovascular, patients, risk, disease, coronary, heart failure",4467,0.05446830303252,word_insight_per_1k_words,marker_words,2022-11-30,83,42,41,1.2020162606349898,1.6939552221029475,2.6591879691360916,0.0021389905727606713,0.025667886873128057,0.43096850948784315,0.708135607047259,-0.9569772803247844,1.8189142993004705,0.5427922456192495,0.017119962643738457,0.2054395517248615,0.03771514192819503,0.45258170313834034,-0.6816205864262855,1.0924996898760084,0.077256498641427,0.17019545379688733,-0.25632659080047215,0.41083958808332616,0.6498805791596364,0.01925895321649913,0.23110743859798955,0.08957986069800383,monthly_segmented_wls_hac,6,0.6498805791596364,0.6299390248121062
medarxiv_titles,7,"dental, caries, hygiene, oral, cleft, sanitation, study",860,0.0104863981660996,avg_words_per_sentence,syntax,2022-11-30,80,39,41,15.932768157768159,16.469797852596496,2.3094580111250185,0.08515403249505106,1.0218483899406128,-1.2725718392939784,0.6976256304977958,-2.6399180750696583,0.09477439648170138,0.06812982169049915,-0.0681643752869873,-0.8179725034438475,0.02764771242282026,0.3317725490738431,-1.4682466996285801,-0.16769830725911505,-0.35418375199009755,0.1436581862392142,-0.6357537970189574,-0.07261370696123776,0.013683681414136105,0.016989657208063766,0.2038758864967652,0.14362523080085587,monthly_segmented_wls_hac,6,0.023946442474738185,0.15896958394449803
medarxiv_titles,7,"dental, caries, hygiene, oral, cleft, sanitation, study",860,0.0104863981660996,certainty_ratio,other,2022-11-30,80,39,41,0.0005175522483214743,0.0007705778425789537,0.0016074514942834251,2.7579536878006538e-05,0.0003309544425360785,-0.0010955667813679305,0.0007219969092374385,-0.0025106807234733103,0.00031954716073744906,0.12916269352560583,1.891879436176188e-06,2.2702553234114255e-05,2.8730814823954614e-05,0.0003447697778874554,-0.0006530462114252983,0.0006984513178935268,0.014123320868375361,0.21448222799478497,-0.4062618460014032,0.4345084877381539,0.947498487576419,2.9471416314182725e-05,0.0003536569957701927,0.030467681002115832,monthly_segmented_wls_hac,6,0.947498487576419,0.12916269352560583
medarxiv_titles,7,"dental, caries, hygiene, oral, cleft, sanitation, study",860,0.0104863981660996,clause_depth,syntax,2022-11-30,80,39,41,6.896629296629298,7.002657297847537,0.8718344824371362,0.023292294251254064,0.27950753101504877,-0.23927019803453242,0.24778143620882717,-0.7249218130038337,0.24638141693476884,0.33421923740378334,-0.026707147115178215,-0.3204857653821386,0.011655001149415426,0.13986001379298513,-0.5946113924163894,-0.04636013834788777,-0.36759932285110924,0.1604203740623092,-0.6820232560132352,-0.053175389688983284,0.021935939538047153,-0.0034148528639241504,-0.040978234367089805,0.060963719894934765,monthly_segmented_wls_hac,6,0.030710315353266016,0.38992244363774725
medarxiv_titles,7,"dental, caries, hygiene, oral, cleft, sanitation, study",860,0.0104863981660996,clause_depth_std,syntax,2022-11-30,80,39,41,0.042346740606024204,0.09914753220758776,0.10696293572262379,0.0019697542902739973,0.023637051483287968,0.10035481354273273,0.04203167523776102,0.01797273007672115,0.18273689700874432,0.016958804007256006,-0.006402173260371511,-0.07682607912445813,0.0021676659535190294,0.026011991442228353,-0.1278095823512257,-0.025842575897690567,-0.7182495376125752,0.2431869625351592,-1.194895984181487,-0.24160309104366318,0.0031420582048933,-0.004432418970097514,-0.05318902764117017,0.10449579463916969,monthly_segmented_wls_hac,6,0.00779533233793963,0.05935581402539602
medarxiv_titles,7,"dental, caries, hygiene, oral, cleft, sanitation, study",860,0.0104863981660996,colon_per_1k_words,punctuation,2022-11-30,80,39,41,22.85987262938756,28.125957695491785,14.540570997236237,-0.2322120349852937,-2.7865444198235245,4.475637932685468,2.7578681677338026,-0.9297836760727849,9.881059541443722,0.10461902606524924,0.39712100474933426,4.765452056992011,0.1515104773932071,1.8181257287184853,1.20192562870378,8.328978485280242,0.327734863912689,0.12503812464201447,0.08266013961434067,0.5728095882110373,0.00876518219407457,0.16490896976404057,1.9789076371684868,0.08948136046577126,monthly_segmented_wls_hac,6,0.01753036438814914,0.20923805213049848
medarxiv_titles,7,"dental, caries, hygiene, oral, cleft, sanitation, study",860,0.0104863981660996,coordination_count,syntax,2022-11-30,80,39,41,0.8651394901394903,0.8400171258511514,0.4517069831202714,0.001961383532101699,0.02353660238522039,-0.11937744412485597,0.0890109367861902,-0.29383888022578875,0.055083991976076815,0.17987020182979593,0.002860703721716218,0.03432844466059462,0.0050006684055314094,0.06000802086637691,-0.08328727623750413,0.1519441655586934,0.07599715289647035,0.13284722864335083,-0.1843834152444973,0.336377721037438,0.5672784340592443,0.004822087253817917,0.05786504704581501,0.044731190371685825,monthly_segmented_wls_hac,6,0.5672784340592443,0.2518182825617143
medarxiv_titles,7,"dental, caries, hygiene, oral, cleft, sanitation, study",860,0.0104863981660996,dependency_entropy,syntax,2022-11-30,80,39,41,2.0049647186366863,2.022338348459477,0.10860112023142199,0.0017597290150204083,0.0211167481802449,-0.006672731208980404,0.022444479602177544,-0.05066391122924839,0.03731844881128758,0.7662379094077508,-0.0020190575631517,-0.0242286907578204,0.001283661480228617,0.015403937762743404,-0.054420408772797475,0.005963027257156674,-0.22309798191943714,0.1418395844344755,-0.5011035674110091,0.05490760357213486,0.11574442496298919,-0.00025932854813129173,-0.003111942577575501,0.03659523149166988,monthly_segmented_wls_hac,6,0.1350351624568207,0.7662379094077508
medarxiv_titles,7,"dental, caries, hygiene, oral, cleft, sanitation, study",860,0.0104863981660996,dependency_length,syntax,2022-11-30,80,39,41,2.5271966400497647,2.6803076345569345,0.30713639511293694,0.00969554883536774,0.11634658602441289,-0.10243073140264758,0.07456109053644301,-0.24857046885407588,0.043709006048780724,0.16950917376590208,-0.007950452970781792,-0.0954054356493815,0.002709304231920985,0.03251165078305182,-0.15912827118416306,-0.03168260011459994,-0.3106288839989153,0.10585411335278902,-0.5181029461703818,-0.10315482182744884,0.0033408567162598415,0.0017450958645859483,0.02094115037503138,0.10573317292005757,monthly_segmented_wls_hac,6,0.00779533233793963,0.2518182825617143
medarxiv_titles,7,"dental, caries, hygiene, oral, cleft, sanitation, study",860,0.0104863981660996,marker_words_total_per_1k_words,marker_words,2022-11-30,80,39,41,0.9724421859700376,2.8995647286582495,2.9674411167028985,0.005140294795375228,0.06168353754450273,0.7264082056654668,0.8238915055467353,-0.8884191452061343,2.341235556537068,0.3779501794603148,0.05291380281115073,0.6349656337338088,0.04972949833113757,0.5967539799736509,-0.5346721670145469,1.8046034344821644,0.21397750073616095,0.20110052954873786,-0.18017953717936522,0.6081345386516871,0.28731397350343174,0.05805409760652596,0.6966491712783115,0.1275328121469449,monthly_segmented_wls_hac,6,0.5466250363499167,0.5669252691904721
medarxiv_titles,7,"dental, caries, hygiene, oral, cleft, sanitation, study",860,0.0104863981660996,semicolon_per_1k_words,punctuation,2022-11-30,80,39,41,0.2070913835619718,0.12277784261096197,0.9238753909265964,-0.0010737421519243671,-0.012884905823092405,-0.1409545757858593,0.3936192307600144,-0.9124482680754875,0.630539116503769,0.720269374022178,0.00032620336580351655,0.003914440389642199,0.01921677885260721,0.23060134623128653,-0.4480641982236794,0.4558930790029638,0.004236978739866887,0.24960221745922467,-0.4849833674802135,0.4934573249599472,0.9864566204209154,-0.0007475387861208506,-0.008970465433450207,0.009742163269087278,monthly_segmented_wls_hac,6,0.9864566204209154,0.720269374022178
medarxiv_titles,7,"dental, caries, hygiene, oral, cleft, sanitation, study",860,0.0104863981660996,sentence_depth_std,syntax,2022-11-30,80,39,41,0.042346740606024204,0.09914753220758776,0.10696293572262379,0.0019697542902739973,0.023637051483287968,0.10035481354273273,0.04203167523776102,0.01797273007672115,0.18273689700874432,0.016958804007256006,-0.006402173260371511,-0.07682607912445813,0.0021676659535190294,0.026011991442228353,-0.1278095823512257,-0.025842575897690567,-0.7182495376125752,0.2431869625351592,-1.194895984181487,-0.24160309104366318,0.0031420582048933,-0.004432418970097514,-0.05318902764117017,0.10449579463916969,monthly_segmented_wls_hac,6,0.00779533233793963,0.05935581402539602
medarxiv_titles,7,"dental, caries, hygiene, oral, cleft, sanitation, study",860,0.0104863981660996,smog_index,readability,2022-11-30,80,39,41,15.234406351018512,15.780749194869893,1.34127372203534,0.03356484907379184,0.4027781888855021,-0.5437276251335215,0.2720674745846577,-1.0769798753194504,-0.01047537494759243,0.0456621705555038,-0.014413472143769743,-0.1729616657252369,0.013395287882647905,0.16074345459177486,-0.4880188367251156,0.14209550527464182,-0.12895329482991222,0.11984388566701494,-0.36384731073726145,0.10594072107743709,0.28192250268889285,0.0191513769300221,0.22981652316026518,0.15414291347637343,monthly_segmented_wls_hac,6,0.28192250268889285,0.0456621705555038
medarxiv_titles,7,"dental, caries, hygiene, oral, cleft, sanitation, study",860,0.0104863981660996,verb_align_per_1k_words,verbs,2022-11-30,80,39,41,0.0,0.0,0.0,0.0,0.0,0.0,0.0,0.0,0.0,1.0,0.0,0.0,0.0,0.0,0.0,0.0,,,,,1.0,0.0,0.0,,monthly_segmented_wls_hac,6,1.0,1.0
medarxiv_titles,7,"dental, caries, hygiene, oral, cleft, sanitation, study",860,0.0104863981660996,word_across_per_1k_words,marker_words,2022-11-30,80,39,41,0.7435044570323086,0.725096057535837,2.6666479159795236,-0.02175367582969346,-0.26104410995632155,0.2652519622447889,0.6563752708705531,-1.0212435686614953,1.551747493151073,0.6861271808430431,0.03290585223470773,0.39487022681649275,0.036280629556275444,0.4353675546753053,-0.4584501803471056,1.2481906339800912,0.148077376263393,0.1632639809951755,-0.17192002648715096,0.468074779013937,0.36441669089994444,0.011152176405014272,0.13382611686017126,0.005665443908763224,monthly_segmented_wls_hac,6,0.5466250363499167,0.6861271808430431
medarxiv_titles,7,"dental, caries, hygiene, oral, cleft, sanitation, study",860,0.0104863981660996,word_insight_per_1k_words,marker_words,2022-11-30,80,39,41,0.0,1.3542811152186067,0.0,1.384554389783681e-14,1.6614652677404172e-13,1.3364236853789573,0.8313332393655057,-0.29298946377743396,2.9658368345353487,0.10793009623922101,0.003344884111132521,0.04013860933359025,0.03196503489090248,0.38358041869082976,-0.7116790113004361,0.7919562299676166,,,,,0.9166599130139719,0.0033448841111463666,0.0401386093337564,0.10842378313111734,monthly_segmented_wls_hac,6,0.9166599130139718,0.323790288717663
medarxiv_titles,8,"gastric, study, patients, urinary, surgery, laparoscopic, review",712,0.0086817622026313,avg_words_per_sentence,syntax,2022-11-30,80,39,41,14.8992340992341,15.904870724389935,2.105323345692711,-0.03967991564984557,-0.4761589877981468,0.996294973320579,0.4219225567084231,0.16932676217206977,1.8232631844690883,0.018209916394773106,0.0562830960065244,0.6753971520782928,0.023572077786882726,0.2828649334425927,0.12098188253081102,1.2298124216257744,0.32080447569257725,0.134357002225481,0.05746475133063446,0.58414420005452,0.016954085292766437,0.016603180356678827,0.19923816428014593,0.07839519832177011,monthly_segmented_wls_hac,6,0.03955953234978835,0.10699323674388604
medarxiv_titles,8,"gastric, study, patients, urinary, surgery, laparoscopic, review",712,0.0086817622026313,certainty_ratio,other,2022-11-30,80,39,41,0.0015009593581022103,0.00037649493342759027,0.004007876467665918,3.732188519127388e-05,0.0004478626222952866,-0.002035913513067735,0.0009987524163079001,-0.003993468249031219,-7.835877710425047e-05,0.04150428500686418,-1.531178997447261e-05,-0.0001837414796936713,4.5626190252135755e-05,0.000547514283025629,-0.0012568694744239043,0.0008893865150365616,-0.045845095570192944,0.13660957054010375,-0.3135998538287963,0.22190966268841042,0.7371784660676539,2.2010095216801272e-05,0.0002641211426016153,0.04510107690191956,monthly_segmented_wls_hac,6,0.7371784660676539,0.04150428500686418
medarxiv_titles,8,"gastric, study, patients, urinary, surgery, laparoscopic, review",712,0.0086817622026313,clause_depth,syntax,2022-11-30,80,39,41,6.598890923890924,6.728869178267999,1.0586878130916666,0.011060285419103894,0.13272342502924672,-0.18888583346840482,0.17344254507820875,-0.528833221821694,0.15106155488488432,0.2761363378781759,-0.007177965412501246,-0.08613558495001496,0.009729060777954797,0.11674872933545757,-0.3149630944475118,0.14269192454748186,-0.08136070320718512,0.11027682371682206,-0.29750327769215634,0.1347818712777861,0.46064446600459097,0.003882320006602647,0.046587840079231765,0.016880704673853164,monthly_segmented_wls_hac,6,0.460644466004591,0.4158488876395163
medarxiv_titles,8,"gastric, study, patients, urinary, surgery, laparoscopic, review",712,0.0086817622026313,clause_depth_std,syntax,2022-11-30,80,39,41,0.09973326857894398,0.04286615546597574,0.2158801148654359,0.010880837808048445,0.13057005369658134,-0.24730771356707354,0.12385620383480761,-0.4900658730832964,-0.0045495540508506405,0.0458542443188083,-0.0115055824240283,-0.13806698908833961,0.004514712776280946,0.054176553315371356,-0.24425303358646744,-0.031880944590211756,-0.639553991225179,0.2509566633737485,-1.1314290514377259,-0.14767893101263188,0.010819849176473596,-0.0006247446159798557,-0.007496935391758268,0.17718702487259952,monthly_segmented_wls_hac,6,0.037869472117657586,0.10699323674388604
medarxiv_titles,8,"gastric, study, patients, urinary, surgery, laparoscopic, review",712,0.0086817622026313,colon_per_1k_words,punctuation,2022-11-30,80,39,41,22.220426761539365,26.431117892621657,18.61627382854533,-0.34185622401984,-4.10227468823808,5.551453235108789,3.2654843252974644,-0.8488960424742409,11.951802512691819,0.08912344431198581,0.6516275353519041,7.819530424222849,0.17706276380656202,2.124753165678744,3.655014219492511,11.984046628953188,0.4200373552860371,0.1141341809455309,0.19633436063279652,0.6437403499392776,0.00023304514876891554,0.3097713113320641,3.717255735984769,0.19966450753070264,monthly_segmented_wls_hac,6,0.0004660902975378311,0.08912344431198581
medarxiv_titles,8,"gastric, study, patients, urinary, surgery, laparoscopic, review",712,0.0086817622026313,coordination_count,syntax,2022-11-30,80,39,41,0.473041773041773,0.6445764261971922,0.29084002164593403,-0.004777282696133398,-0.05732739235360078,0.057548581206471404,0.08789047194893505,-0.1147167438134413,0.22981390622638412,0.5126119150317626,0.01053894850786552,0.12646738209438624,0.0050040277688771385,0.06004833322652566,0.008772648970395952,0.24416211521837652,0.434834866875187,0.20646516558036826,0.030163142337665254,0.8395065914127088,0.03519626345361932,0.005761665811732122,0.06913998974078546,0.11094735518304288,monthly_segmented_wls_hac,6,0.061593461043833814,0.5126119150317626
medarxiv_titles,8,"gastric, study, patients, urinary, surgery, laparoscopic, review",712,0.0086817622026313,dependency_entropy,syntax,2022-11-30,80,39,41,1.9245260138635392,1.9628510310069927,0.12600642373743684,-0.0009922258937039132,-0.011906710724446958,0.0283244452568735,0.027959383920627755,-0.026475947227556904,0.0831248377413039,0.31103300976534715,0.0017487195109561848,0.02098463413147422,0.001783079353690782,0.021396952244289384,-0.020953392267332973,0.06292266053028141,0.16653622497215298,0.16980842412347819,-0.16628828630986425,0.4993607362541702,0.3267258790238324,0.0007564936172522717,0.00907792340702726,0.037675076276664776,monthly_segmented_wls_hac,6,0.4574162306333653,0.4158488876395163
medarxiv_titles,8,"gastric, study, patients, urinary, surgery, laparoscopic, review",712,0.0086817622026313,dependency_length,syntax,2022-11-30,80,39,41,2.5186097739470577,2.5601576984421053,0.34584276874521735,-0.0032249604461315525,-0.03869952535357863,0.09061378305196438,0.09826188112684418,-0.1019795039566502,0.283207070060579,0.3564419036910139,0.003459725257699788,0.04151670309239745,0.004662293046119831,0.055947516553437965,-0.06814042935234096,0.15117383553713587,0.12004502289588956,0.1617715378477511,-0.19702719128570265,0.43711723707748174,0.458047854487382,0.0002347648115682355,0.002817177738818826,0.015419254078809175,monthly_segmented_wls_hac,6,0.460644466004591,0.4158488876395163
medarxiv_titles,8,"gastric, study, patients, urinary, surgery, laparoscopic, review",712,0.0086817622026313,marker_words_total_per_1k_words,marker_words,2022-11-30,80,39,41,1.2584509112286888,0.9521561482865624,3.639926496355944,0.061726449763686526,0.7407173971642383,-2.1034350969084015,0.993876374255599,-4.051432790449375,-0.15543740336742728,0.03431121775350323,-0.01695682300900521,-0.2034818761080625,0.04343820998332885,0.5212585197999462,-1.225148574915957,0.8181848226998321,-0.05590274317675789,0.14320578185350613,-0.3365860756096299,0.22478058925611413,0.6962655386918836,0.04476962675468132,0.5372355210561758,0.04543119000169549,monthly_segmented_wls_hac,6,0.6962655386918836,0.0438845093668783
medarxiv_titles,8,"gastric, study, patients, urinary, surgery, laparoscopic, review",712,0.0086817622026313,semicolon_per_1k_words,punctuation,2022-11-30,80,39,41,0.15540015540015542,0.2476898997702441,0.9704736594247704,-0.01958486495879687,-0.23501837950556242,1.0192047803335247,0.4275150241904434,0.18127533292025566,1.8571342277467937,0.017124626778772876,-0.013467502822927337,-0.16161003387512804,0.022701040222737168,0.272412482672846,-0.6955384999139061,0.3723184321636501,-0.1665269657817599,0.2807005424900592,-0.7167000290622759,0.38364609749875617,0.5530105918930535,-0.033052367781724205,-0.39662841338069044,0.0827902600220427,monthly_segmented_wls_hac,6,0.5530105918930535,0.03424925355754575
medarxiv_titles,8,"gastric, study, patients, urinary, surgery, laparoscopic, review",712,0.0086817622026313,sentence_depth_std,syntax,2022-11-30,80,39,41,0.09973326857894398,0.04286615546597574,0.2158801148654359,0.010880837808048445,0.13057005369658134,-0.24730771356707354,0.12385620383480761,-0.4900658730832964,-0.0045495540508506405,0.0458542443188083,-0.0115055824240283,-0.13806698908833961,0.004514712776280946,0.054176553315371356,-0.24425303358646744,-0.031880944590211756,-0.639553991225179,0.2509566633737485,-1.1314290514377259,-0.14767893101263188,0.010819849176473596,-0.0006247446159798557,-0.007496935391758268,0.17718702487259952,monthly_segmented_wls_hac,6,0.037869472117657586,0.10699323674388604
medarxiv_titles,8,"gastric, study, patients, urinary, surgery, laparoscopic, review",712,0.0086817622026313,smog_index,readability,2022-11-30,80,39,41,15.648074125515073,16.449809845691473,1.86168898886989,0.010708557291359118,0.12850268749630941,0.04335596053487456,0.32291613256492513,-0.5895596592923786,0.6762715803621278,0.8931939443804033,-0.00039000935709728596,-0.0046801122851674315,0.015380420329652537,0.18456504395583045,-0.36642759843859507,0.3570673738682602,-0.0025139066262665185,0.09913849469984128,-0.19682535623795538,0.19179754298542237,0.9797697922063628,0.010318547934261832,0.12382257521114198,0.050003381051456186,monthly_segmented_wls_hac,6,0.9797697922063628,0.8931939443804033
medarxiv_titles,8,"gastric, study, patients, urinary, surgery, laparoscopic, review",712,0.0086817622026313,verb_align_per_1k_words,verbs,2022-11-30,80,39,41,0.0,0.0,0.0,0.0,0.0,0.0,0.0,0.0,0.0,1.0,0.0,0.0,0.0,0.0,0.0,0.0,,,,,1.0,0.0,0.0,,monthly_segmented_wls_hac,6,1.0,1.0
medarxiv_titles,8,"gastric, study, patients, urinary, surgery, laparoscopic, review",712,0.0086817622026313,word_across_per_1k_words,marker_words,2022-11-30,80,39,41,0.35612535612535606,0.2458396767339857,2.2240021361817655,0.04936276190750661,0.5923531428900793,-1.5827217578406478,0.74361656280594,-3.04021022094029,-0.12523329474100553,0.03330301235877957,-0.016882439337359195,-0.20258927204831034,0.035062264233525785,0.4207471708023094,-1.0272537268208368,0.622075182724216,-0.09109221108758545,0.18918469724343923,-0.4618942176847264,0.27970979550955544,0.6301620084060165,0.032480322570147414,0.389763870841769,0.0706171530179538,monthly_segmented_wls_hac,6,0.6962655386918836,0.0438845093668783
medarxiv_titles,8,"gastric, study, patients, urinary, surgery, laparoscopic, review",712,0.0086817622026313,word_insight_per_1k_words,marker_words,2022-11-30,80,39,41,0.0,0.1893427443923358,0.0,1.9079955890910377e-16,2.2895947069092455e-15,0.5808346393203521,0.2882279046248239,0.015907946255697247,1.1457613323850069,0.04388450936687831,-0.015375284979519314,-0.18450341975423176,0.008961897871865881,0.10754277446239058,-0.3952872577005173,0.02628041819205377,,,,,0.08623010830787567,-0.015375284979519123,-0.1845034197542295,0.057032553845852485,monthly_segmented_wls_hac,6,0.258690324923627,0.0438845093668783
