month_ts,paper_count,marker_words_total_per_1k_words_monthly_mean,marker_verbs_total_per_1k_words_monthly_mean,marker_adjectives_total_per_1k_words_monthly_mean,marker_phrases_total_per_1k_words_monthly_mean,sequential_markers_total_per_1k_words_monthly_mean,causal_markers_total_per_1k_words_monthly_mean,contrast_markers_total_per_1k_words_monthly_mean,emphasis_markers_total_per_1k_words_monthly_mean,summary_markers_total_per_1k_words_monthly_mean,word_finding_per_1k_words_monthly_mean,word_interplay_per_1k_words_monthly_mean,word_realm_per_1k_words_monthly_mean,word_insight_per_1k_words_monthly_mean,word_notably_per_1k_words_monthly_mean,word_particularly_per_1k_words_monthly_mean,word_meticulously_per_1k_words_monthly_mean,word_while_per_1k_words_monthly_mean,word_within_per_1k_words_monthly_mean,word_across_per_1k_words_monthly_mean,word_additionally_per_1k_words_monthly_mean,verb_delve_per_1k_words_monthly_mean,verb_underscore_per_1k_words_monthly_mean,verb_showcase_per_1k_words_monthly_mean,verb_enhance_per_1k_words_monthly_mean,verb_exhibit_per_1k_words_monthly_mean,verb_garner_per_1k_words_monthly_mean,verb_align_per_1k_words_monthly_mean,verb_foster_per_1k_words_monthly_mean,adjective_crucial_per_1k_words_monthly_mean,adjective_pivotal_per_1k_words_monthly_mean,adjective_comprehensive_per_1k_words_monthly_mean,adjective_intricate_per_1k_words_monthly_mean,adjective_potential_per_1k_words_monthly_mean,phrase_meticulously_delve_per_1k_words_monthly_mean,phrase_intricate_web_per_1k_words_monthly_mean,phrase_comprehensive_chapter_per_1k_words_monthly_mean,phrase_deep_dive_per_1k_words_monthly_mean,phrase_intricate_interplay_per_1k_words_monthly_mean,phrase_essential_insight_per_1k_words_monthly_mean,sequential_marker_additionally_per_1k_words_monthly_mean,sequential_marker_furthermore_per_1k_words_monthly_mean,sequential_marker_moreover_per_1k_words_monthly_mean,sequential_marker_subsequently_per_1k_words_monthly_mean,sequential_marker_further_per_1k_words_monthly_mean,causal_marker_hence_per_1k_words_monthly_mean,causal_marker_thus_per_1k_words_monthly_mean,causal_marker_consequently_per_1k_words_monthly_mean,causal_marker_accordingly_per_1k_words_monthly_mean,causal_marker_thereby_per_1k_words_monthly_mean,contrast_marker_however_per_1k_words_monthly_mean,contrast_marker_nonetheless_per_1k_words_monthly_mean,contrast_marker_nevertheless_per_1k_words_monthly_mean,contrast_marker_conversely_per_1k_words_monthly_mean,contrast_marker_alternatively_per_1k_words_monthly_mean,emphasis_marker_notably_per_1k_words_monthly_mean,emphasis_marker_crucially_per_1k_words_monthly_mean,emphasis_marker_remarkably_per_1k_words_monthly_mean,emphasis_marker_particularly_per_1k_words_monthly_mean,emphasis_marker_importantly_per_1k_words_monthly_mean,summary_marker_overall_per_1k_words_monthly_mean,summary_marker_collectively_per_1k_words_monthly_mean,summary_marker_ultimately_per_1k_words_monthly_mean,summary_marker_in_summary_per_1k_words_monthly_mean,summary_marker_taken_together_per_1k_words_monthly_mean,em_dash_per_1k_words_monthly_mean,semicolon_per_1k_words_monthly_mean,colon_per_1k_words_monthly_mean,clause_depth_monthly_mean,clause_depth_std_monthly_mean,dependency_entropy_monthly_mean,dependency_length_monthly_mean,dependency_length_std_monthly_mean,coordination_count_monthly_mean,coordination_per_sentence_std_monthly_mean,sentence_depth_std_monthly_mean,list_of_three_per_1k_words_monthly_mean,avg_words_per_sentence_monthly_mean,avg_syllables_per_word_monthly_mean,flesch_reading_ease_monthly_mean,flesch_kincaid_grade_monthly_mean,dale_chall_monthly_mean,smog_index_monthly_mean,automated_readability_index_monthly_mean,gunning_fog_monthly_mean,hedge_ratio_monthly_mean,certainty_ratio_monthly_mean,year,month
2015-01-01,187,2.6209477845212352,1.2949564852679039,1.0798025503907858,0.0,0.0,0.0,0.0,0.0,0.0,0.0,0.0,0.0,1.565947421562395,0.0,0.0,0.0,0.0,0.5347593582887701,0.5202410046700705,0.0,0.0,0.0,0.0,1.2949564852679039,0.0,0.0,0.0,0.0,0.0,0.0,0.22281639928698752,0.0,0.8569861511037983,0.0,0.0,0.0,0.0,0.0,0.0,0.0,0.0,0.0,0.0,0.0,0.0,0.0,0.0,0.0,0.0,0.0,0.0,0.0,0.0,0.0,0.0,0.0,0.0,0.0,0.0,0.0,0.0,0.0,0.0,0.0,1.205829925553109,0.0,10.681130585188464,5.866310160427807,0.043294180953196815,1.8135735337511056,2.064913600636312,0.012435421515296469,0.37433155080213903,0.003781319685489559,0.043294180953196815,2.648826567511689,11.523172905525847,2.201155579331918,2.189729296776094,15.71915790152678,14.579408542990137,14.248467986516044,15.872540776703476,19.273374588785146,0.0,0.0002228163992869875,2015,1
2015-02-01,170,2.4373550325107423,0.0,0.9329990577466684,0.0,0.0,0.0,0.0,0.0,0.0,0.4524886877828055,0.3460207612456747,0.0,0.0,0.0,0.0,0.0,0.0,1.2186775162553711,0.42016806722689076,0.0,0.0,0.0,0.0,0.0,0.0,0.0,0.0,0.0,0.0,0.0,0.0,0.0,0.9329990577466684,0.0,0.0,0.0,0.0,0.0,0.0,0.0,0.0,0.0,0.0,0.0,0.0,0.0,0.0,0.0,0.0,0.0,0.0,0.0,0.0,0.0,0.0,0.0,0.0,0.0,0.0,0.0,0.0,0.0,0.0,0.0,0.0,0.0,14.449481614021611,5.6647058823529415,0.0,1.8029833837101223,2.0349578517013867,0.00046216129489316853,0.4294117647058823,0.004159451654038515,0.0,3.3858543417366946,11.135294117647058,2.193683940675468,3.5002610008594797,15.422712622185784,14.409396551986456,14.030115517044155,15.802285022122902,19.380759144738384,0.0005347593582887701,0.0,2015,2
2015-03-01,197,0.6901772196989937,0.39047247169074584,1.2855165139429099,0.0,0.0,0.0,0.0,0.0,0.0,0.0,0.0,0.0,0.0,0.0,0.0,0.0,0.0,0.42301184433164124,0.26716537536735235,0.0,0.0,0.0,0.0,0.39047247169074584,0.0,0.0,0.0,0.0,0.46146746654360865,0.0,0.0,0.0,0.8240490473993012,0.0,0.0,0.0,0.0,0.0,0.0,0.0,0.0,0.0,0.0,0.0,0.0,0.0,0.0,0.0,0.0,0.0,0.0,0.0,0.0,0.0,0.0,0.0,0.0,0.0,0.0,0.0,0.0,0.0,0.0,0.0,0.0,0.0,15.493978592851075,5.614213197969543,0.017946872618947906,1.809293496484741,1.9369938031252878,0.007776978134877426,0.3350253807106599,0.0,0.017946872618947906,2.1157982295242435,10.784263959390863,2.191791065547843,3.336635235550722,15.384140279814167,14.42668217209158,13.742375128551185,15.899410738770559,19.099872063622026,0.0006345177664974619,0.0,2015,3
2015-04-01,173,1.7822736030828514,0.0,0.9852863899106673,0.0,0.0,0.0,0.0,0.0,0.0,0.0,1.300578034682081,0.0,0.4816955684007707,0.0,0.0,0.0,0.0,0.0,0.0,0.0,0.0,0.0,0.0,0.0,0.0,0.0,0.0,0.0,0.0,0.0,0.0,0.0,0.9852863899106673,0.0,0.0,0.0,0.0,0.0,0.0,0.0,0.0,0.0,0.0,0.0,0.0,0.0,0.0,0.0,0.0,0.0,0.0,0.0,0.0,0.0,0.0,0.0,0.0,0.0,0.0,0.0,0.0,0.0,0.0,0.0,0.24084778420038536,0.0,18.775355986338646,5.705202312138728,0.036785901911438885,1.822050226648263,2.012108888940609,0.01079218267076333,0.32947976878612717,0.004087322434604321,0.036785901911438885,2.245827390336061,10.84393063583815,2.1803316670028283,3.2522932464464835,15.37685361010018,14.750492159504956,14.083303570234413,15.829668973886776,19.49893978873381,0.0,0.0,2015,4
2015-05-01,216,2.2362902797685407,0.9591443414972827,1.4274691358024691,0.0,0.0,0.0,0.0,0.0,0.0,0.0,0.0,0.0,0.20128824476650564,0.0,0.0,0.0,0.3561253561253562,0.6613756613756614,1.0175010175010175,0.0,0.0,0.0,0.0,0.6030189853719266,0.3561253561253562,0.0,0.0,0.0,0.0,0.0,0.0,0.0,1.4274691358024691,0.0,0.0,0.0,0.0,0.0,0.0,0.0,0.0,0.0,0.0,0.0,0.0,0.0,0.0,0.0,0.0,0.0,0.0,0.0,0.0,0.0,0.0,0.0,0.0,0.0,0.0,0.0,0.0,0.0,0.0,0.0,0.0,0.0,14.119661811547777,5.587962962962963,0.022915497538452928,1.7842132362720544,1.9728098998749162,0.010639338142853146,0.3888888888888889,0.006547285010986552,0.022915497538452928,4.177406955184733,10.564814814814815,2.208950157083793,0.8300493413591444,15.64623206367349,14.503202631146436,13.807302869065207,16.037669558071133,19.42452414025304,0.00035612535612535614,0.0,2015,5
2015-06-01,180,1.6435185185185188,0.2222222222222222,1.3023879142300194,0.0,0.0,0.0,0.0,0.0,0.0,0.0,0.0,0.0,0.3703703703703704,0.0,0.0,0.0,0.0,0.3703703703703704,0.9027777777777778,0.0,0.0,0.0,0.0,0.2222222222222222,0.0,0.0,0.0,0.0,0.0,0.0,0.0,0.0,1.3023879142300194,0.0,0.0,0.0,0.0,0.0,0.0,0.0,0.0,0.0,0.0,0.0,0.0,0.0,0.0,0.0,0.0,0.0,0.0,0.0,0.0,0.0,0.0,0.0,0.0,0.0,0.0,0.0,0.0,0.0,0.0,0.0,0.32679738562091504,0.0,15.13449081496037,5.6,0.011785113019775794,1.7994846787240322,1.9530478629152912,0.0019641855032959655,0.3388888888888889,0.003928371006591931,0.011785113019775794,4.002728089286396,10.588888888888889,2.226664236725511,0.6323353775567611,15.696811771609504,14.856235679138782,13.986575686128383,16.113032346341875,19.821513779382716,0.00022222222222222223,0.0,2015,6
2015-07-01,181,1.3797382338168818,0.0,0.3683241252302026,0.0,0.0,0.0,0.0,0.0,0.0,0.0,0.0,0.0,0.0,0.0,0.0,0.0,0.0,0.3249918752031199,1.054746358613762,0.0,0.0,0.0,0.0,0.0,0.0,0.0,0.0,0.0,0.0,0.0,0.0,0.0,0.3683241252302026,0.0,0.0,0.0,0.0,0.0,0.0,0.0,0.0,0.0,0.0,0.0,0.0,0.0,0.0,0.0,0.0,0.0,0.0,0.0,0.0,0.0,0.0,0.0,0.0,0.0,0.0,0.0,0.0,0.0,0.0,0.0,1.47329650092081,0.0,17.51249961287167,5.7292817679558015,0.0,1.8267969055788762,2.0063440107825574,0.0,0.3425414364640884,0.0,0.0,1.3563450988384929,10.900552486187845,2.19677933369221,3.6471471354858744,15.345390113241994,14.579325257898525,13.76157363155039,15.605002045966469,18.849517018428536,0.0,0.0,2015,7
2015-08-01,175,1.5115440115440115,1.4682539682539684,1.1560852940163284,0.0,0.0,0.0,0.0,0.0,0.0,0.0,0.35714285714285715,0.0,0.5194805194805194,0.0,0.0,0.0,0.0,0.6349206349206349,0.0,0.0,0.0,0.0,0.0,0.9920634920634919,0.47619047619047616,0.0,0.0,0.0,0.0,0.0,0.0,0.0,1.1560852940163284,0.0,0.0,0.0,0.0,0.0,0.0,0.0,0.0,0.0,0.0,0.0,0.0,0.0,0.0,0.0,0.0,0.0,0.0,0.0,0.0,0.0,0.0,0.0,0.0,0.0,0.0,0.0,0.0,0.0,0.0,0.0,0.8163265306122449,0.0,14.232081864766517,5.525714285714286,0.0,1.7980394023666464,1.979916751782298,0.0,0.32571428571428573,0.0,0.0,5.876808065883695,10.514285714285714,2.2187704099919934,1.9625652869289258,15.49045080597716,14.70547074313617,13.94963498669209,15.643806326289367,19.401045379309867,0.0005714285714285715,0.00019704433497536944,2015,8
2015-09-01,188,0.6332320162107395,0.0,1.0764944275582573,0.0,0.0,0.0,0.0,0.0,0.0,0.0,0.0,0.0,0.0,0.0,0.0,0.0,0.0,0.0,0.6332320162107395,0.0,0.0,0.0,0.0,0.0,0.0,0.0,0.0,0.0,0.0,0.0,0.0,0.0,1.0764944275582573,0.0,0.0,0.0,0.0,0.0,0.0,0.0,0.0,0.0,0.0,0.0,0.0,0.0,0.0,0.0,0.0,0.0,0.0,0.0,0.0,0.0,0.0,0.0,0.0,0.0,0.0,0.0,0.0,0.0,0.0,0.0,0.23126734505087881,0.0,11.494136142751186,5.819148936170213,0.013386231268210548,1.8045413197320244,1.961344406360076,0.004809406870079827,0.3723404255319149,0.0,0.013386231268210548,1.3895574596450693,10.852836879432624,2.243408449667498,1.9424918597861711,15.596219855531062,14.637337452430367,14.055118838401166,15.545464895532257,19.429746242643372,0.000591016548463357,0.0,2015,9
2015-10-01,203,1.9865417431340353,0.0,1.114238798967863,0.0,0.0,0.0,0.0,0.0,0.0,0.0,0.0,0.0,0.8371164557777133,0.0,0.0,0.0,0.0,0.32840722495894914,0.8210180623973727,0.0,0.0,0.0,0.0,0.0,0.0,0.0,0.0,0.0,0.0,0.0,0.0,0.0,1.114238798967863,0.0,0.0,0.0,0.0,0.0,0.0,0.0,0.0,0.0,0.0,0.0,0.0,0.0,0.0,0.0,0.0,0.0,0.0,0.0,0.0,0.0,0.0,0.0,0.0,0.0,0.0,0.0,0.0,0.0,0.0,0.0,0.0,0.0,11.40684661327038,5.74384236453202,0.03831613100025627,1.8146058688610909,1.898138989337624,0.014748669472320865,0.2955665024630542,0.010449853909160802,0.03831613100025627,3.18453641403511,10.800492610837438,2.2434016442722506,1.7470202432496404,15.627816278827044,14.579671538404774,13.969930742513384,15.551174355251693,19.073745019081596,0.00046678849515334497,0.0,2015,10
2015-11-01,198,1.0198135198135199,1.0363373999737635,1.1423761423761425,0.0,0.0,0.0,0.0,0.0,0.0,0.0,0.0,0.0,0.0,0.0,0.0,0.0,0.0,0.6313131313131313,0.38850038850038854,0.0,0.0,0.0,0.0,0.6996370632734269,0.3367003367003367,0.0,0.0,0.0,0.0,0.0,0.0,0.0,1.1423761423761425,0.0,0.0,0.0,0.0,0.0,0.0,0.0,0.0,0.0,0.0,0.0,0.0,0.0,0.0,0.0,0.0,0.0,0.0,0.0,0.0,0.0,0.0,0.0,0.0,0.0,0.0,0.0,0.0,0.0,0.0,0.0,0.31565656565656564,0.1443001443001443,15.917143641367302,5.818181818181818,0.007142492739258056,1.8379740191231517,1.9980598175871476,0.0064282434653322494,0.4696969696969697,0.0,0.007142492739258056,5.576645797937664,11.282828282828282,2.2463412901743967,-2.325914513098913,16.280065529312296,14.892620525624475,14.369918761557434,17.042236686971698,20.22704256753417,0.0012042385623396976,0.0,2015,11
2015-12-01,232,0.7606039394832499,0.0,0.43103448275862066,0.0,0.0,0.0,0.0,0.0,0.0,0.0,0.26939655172413796,0.0,0.15964240102171137,0.0,0.0,0.0,0.0,0.3315649867374006,0.0,0.0,0.0,0.0,0.0,0.0,0.0,0.0,0.0,0.0,0.0,0.0,0.0,0.0,0.43103448275862066,0.0,0.0,0.0,0.0,0.0,0.0,0.0,0.0,0.0,0.0,0.0,0.0,0.0,0.0,0.0,0.0,0.0,0.0,0.0,0.0,0.0,0.0,0.0,0.0,0.0,0.0,0.0,0.0,0.0,0.0,0.0,1.0939132706374086,0.0,17.904874267637158,5.642241379310345,0.015239370284192835,1.8119576604439933,1.9502228369759966,0.002454792070453745,0.40086206896551724,0.0,0.015239370284192835,2.824707619966241,10.795258620689655,2.219471834505359,2.533279899317112,15.516619127926019,14.824785667340162,14.105828425112254,15.940385009157604,19.57542846335364,0.0,0.0,2015,12
2016-01-01,180,1.746550472040668,0.23148148148148145,0.6944444444444444,0.0,0.0,0.0,0.0,0.0,0.0,0.0,0.30864197530864196,0.0,0.0,0.0,0.0,0.0,0.32679738562091504,0.0,1.1111111111111112,0.0,0.0,0.0,0.0,0.23148148148148145,0.0,0.0,0.0,0.0,0.0,0.0,0.0,0.0,0.6944444444444444,0.0,0.0,0.0,0.0,0.0,0.0,0.0,0.0,0.0,0.0,0.0,0.0,0.0,0.0,0.0,0.0,0.0,0.0,0.0,0.0,0.0,0.0,0.0,0.0,0.0,0.0,0.0,0.0,0.0,0.0,0.0,0.0,0.0,14.519119439785074,5.733333333333333,0.011785113019775794,1.832693087690898,1.9891528579988949,0.006040649861326878,0.3333333333333333,0.003928371006591931,0.011785113019775794,4.425946454455227,11.175,2.2188942938803002,-0.29055216043545185,15.968382078327092,14.85323137554861,14.451022589569885,16.34180157994771,19.912303181173602,0.000326797385620915,0.0,2016,1
2016-02-01,197,0.46146746654360865,0.5076142131979695,0.6445894770767867,0.0,0.0,0.0,0.0,0.0,0.0,0.0,0.0,0.0,0.0,0.0,0.0,0.0,0.0,0.46146746654360865,0.0,0.0,0.0,0.0,0.0,0.5076142131979695,0.0,0.0,0.0,0.0,0.0,0.0,0.0,0.0,0.6445894770767867,0.0,0.0,0.0,0.0,0.0,0.0,0.0,0.0,0.0,0.0,0.0,0.0,0.0,0.0,0.0,0.0,0.0,0.0,0.0,0.0,0.0,0.0,0.0,0.0,0.0,0.0,0.0,0.0,0.0,0.0,0.0,0.0,0.46146746654360865,13.753009005673315,5.776649746192893,0.017946872618947906,1.8467136956251808,1.9855300033368797,0.010498920482084525,0.38071065989847713,0.0,0.017946872618947906,2.892961522403147,10.748730964467006,2.2156835090360025,3.944223536713814,15.313265529428133,14.783928129084833,13.999495840509306,15.544816844840632,19.014016599737396,0.00046146746654360867,0.0,2016,2
2016-03-01,189,1.5673085848524446,1.3227513227513228,0.4409171075837742,0.0,0.0,0.0,0.0,0.0,0.0,0.40700040700040707,0.0,0.0,0.278473962684489,0.0,0.0,0.0,0.0,0.8818342151675485,0.0,0.0,0.0,0.0,0.0,0.35273368606701944,0.4409171075837742,0.0,0.5291005291005291,0.0,0.0,0.0,0.0,0.0,0.4409171075837742,0.0,0.0,0.0,0.0,0.0,0.0,0.0,0.0,0.0,0.0,0.0,0.0,0.0,0.0,0.0,0.0,0.0,0.0,0.0,0.0,0.0,0.0,0.0,0.0,0.0,0.0,0.0,0.0,0.0,0.0,0.0,0.8230452674897119,0.8116883116883117,16.352235969293318,5.645502645502646,0.003741305720563744,1.8266085684647586,1.975820681026417,0.0029099044493273553,0.291005291005291,0.0,0.003741305720563744,2.8483021775075437,10.544973544973544,2.1978470076171437,5.102701108442689,15.052692793639402,14.611207282972034,13.847484012135803,15.332946763605726,18.983521098293323,0.0005291005291005291,0.0,2016,3
2016-04-01,196,1.2489206208799308,0.39246467817896397,0.9276437847866419,0.0,0.0,0.0,0.0,0.0,0.0,0.0,0.0,0.0,0.7252901160464186,0.0,0.0,0.0,0.0,0.26852846401718583,0.25510204081632654,0.0,0.0,0.0,0.0,0.39246467817896397,0.0,0.0,0.0,0.0,0.0,0.0,0.0,0.0,0.9276437847866419,0.0,0.0,0.0,0.0,0.0,0.0,0.0,0.0,0.0,0.0,0.0,0.0,0.0,0.0,0.0,0.0,0.0,0.0,0.0,0.0,0.0,0.0,0.0,0.0,0.0,0.0,0.0,0.0,0.0,0.0,0.0,0.30012004801920766,0.0,14.161241310061365,5.413265306122449,0.007215375318230077,1.7949507317217295,2.0466347590614973,0.0018038438295575193,0.32653061224489793,0.0036076876591150386,0.007215375318230077,1.927437641723356,10.576530612244898,2.2680310704561193,-3.3110390222911135,16.23965082083484,15.064012728679714,13.984192025130692,16.713609019719506,19.61505074080846,0.0007936507936507937,0.0007142857142857144,2016,4
2016-05-01,218,0.2698327037236913,0.8878012378736666,0.2698327037236913,0.0,0.0,0.0,0.0,0.0,0.0,0.0,0.0,0.0,0.0,0.0,0.0,0.0,0.0,0.0,0.2698327037236913,0.0,0.0,0.0,0.0,0.8878012378736666,0.0,0.0,0.0,0.0,0.0,0.0,0.2698327037236913,0.0,0.0,0.0,0.0,0.0,0.0,0.0,0.0,0.0,0.0,0.0,0.0,0.0,0.0,0.0,0.0,0.0,0.0,0.0,0.0,0.0,0.0,0.0,0.0,0.0,0.0,0.0,0.0,0.0,0.0,0.0,0.0,0.0,0.509683995922528,0.0,12.002933739447661,5.692660550458716,0.017406607323980704,1.8058235058758731,1.9306039913647204,0.006863691231587358,0.3486238532110092,0.0,0.017406607323980704,1.7788120042982898,10.977981651376146,2.213808605162775,0.22720149327624956,15.834077866630677,14.733116120044073,14.125825863954487,16.317723311794172,19.528526281569142,0.00035285815102328866,0.0002698327037236913,2016,5
2016-06-01,204,1.6322185439832497,0.27233115468409586,0.7352941176470589,0.0,0.0,0.0,0.0,0.0,0.0,0.0,0.0,0.0,0.5057578586990351,0.0,0.0,0.0,0.0,0.7179639532580708,0.4084967320261438,0.0,0.0,0.0,0.0,0.27233115468409586,0.0,0.0,0.0,0.0,0.0,0.0,0.4084967320261438,0.0,0.32679738562091504,0.0,0.0,0.0,0.0,0.0,0.0,0.0,0.0,0.0,0.0,0.0,0.0,0.0,0.0,0.0,0.0,0.0,0.0,0.0,0.0,0.0,0.0,0.0,0.0,0.0,0.0,0.0,0.0,0.0,0.0,0.0,0.700280112044818,0.0,13.379882233029075,5.602941176470588,0.006932419423397525,1.7967752385901192,1.9966728751268226,0.0010109778325788053,0.38235294117647056,0.0,0.006932419423397525,5.035736677360718,10.52450980392157,2.247628045779908,-0.610338916926357,15.861615378066636,14.781378594874905,14.088574861106423,16.16233086706965,19.90602845606163,0.0003770739064856712,0.00040849673202614375,2016,6
2016-07-01,178,0.8922670191672174,0.5617977528089888,0.567199654278306,0.0,0.0,0.0,0.0,0.0,0.0,0.0,0.0,0.0,0.0,0.0,0.0,0.0,0.0,0.8922670191672174,0.0,0.0,0.0,0.0,0.0,0.5617977528089888,0.0,0.0,0.0,0.0,0.0,0.0,0.0,0.0,0.567199654278306,0.0,0.0,0.0,0.0,0.0,0.0,0.0,0.0,0.0,0.0,0.0,0.0,0.0,0.0,0.0,0.0,0.0,0.0,0.0,0.0,0.0,0.0,0.0,0.0,0.0,0.0,0.0,0.0,0.0,0.0,0.0,0.33046926635822865,0.0,12.629296849389382,5.550561797752809,0.011917530019997994,1.7928188163180365,1.9735530188368093,0.0021560203882332553,0.33146067415730335,0.003972510006665998,0.011917530019997994,3.404722864362131,10.901685393258427,2.1769900916955827,4.574918332320698,15.222731660875613,14.616774935551726,13.875312428838685,15.641044185435588,19.16427060048625,0.000216076058772688,0.0,2016,7
2016-08-01,188,1.1323829212966952,0.5910165484633569,0.2532928064842958,0.0,0.0,0.0,0.0,0.0,0.2799552071668533,0.0,0.0,0.0,0.4091653027823241,0.0,0.0,0.0,0.0,0.723217618514371,0.0,0.0,0.0,0.0,0.0,0.0,0.5910165484633569,0.0,0.0,0.0,0.0,0.0,0.0,0.0,0.2532928064842958,0.0,0.0,0.0,0.0,0.0,0.0,0.0,0.0,0.0,0.0,0.0,0.0,0.0,0.0,0.0,0.0,0.0,0.0,0.0,0.0,0.0,0.0,0.0,0.0,0.0,0.0,0.2799552071668533,0.0,0.0,0.0,0.0,0.6648936170212766,0.6509447998809701,13.61994924177916,5.6436170212765955,0.011283618848721502,1.7904544838432714,1.9611696183686256,0.0037612062829071678,0.3191489361702128,0.0037612062829071678,0.011283618848721502,2.33131230471656,10.23936170212766,2.2547118796837675,-2.588286264259043,16.064315662481285,14.81686558547153,13.982604630478024,16.673305124406475,20.019258940703082,0.00048355899419729207,0.0,2016,8
2016-09-01,232,1.4100838474956563,0.6612460815047022,0.8805904065511104,0.0,0.0,0.0,0.0,0.0,0.0,0.18740629685157423,0.0,0.0,0.39184952978056425,0.0,0.0,0.0,0.0,0.0,0.8308280208635178,0.0,0.0,0.0,0.0,0.6612460815047022,0.0,0.0,0.0,0.0,0.0,0.0,0.0,0.0,0.8805904065511104,0.0,0.0,0.0,0.0,0.0,0.0,0.0,0.0,0.0,0.0,0.0,0.0,0.0,0.0,0.0,0.0,0.0,0.0,0.0,0.0,0.0,0.0,0.0,0.0,0.0,0.0,0.0,0.0,0.0,0.0,0.0,0.0,0.0,13.598785997326955,5.806034482758621,0.04824305239407378,1.7980817158690732,1.9780323212474533,0.015409431249712394,0.3275862068965517,0.01163220091702271,0.04824305239407378,1.6154737757171835,11.039511494252872,2.20490796000053,0.1148252354830185,15.853409550793888,14.751696786642551,14.133116855429378,16.292871784177244,19.654148751204907,0.0,0.00017959770114942528,2016,9
2016-10-01,248,1.4800961983686942,0.5040322580645161,0.25201612903225806,0.0,0.0,0.0,0.0,0.0,0.0,0.0,0.25201612903225806,0.0,0.7056822634072211,0.0,0.0,0.0,0.0,0.3101736972704715,0.2122241086587436,0.0,0.0,0.0,0.0,0.0,0.0,0.0,0.5040322580645161,0.0,0.0,0.0,0.0,0.0,0.25201612903225806,0.0,0.0,0.0,0.0,0.0,0.0,0.0,0.0,0.0,0.0,0.0,0.0,0.0,0.0,0.0,0.0,0.0,0.0,0.0,0.0,0.0,0.0,0.0,0.0,0.0,0.0,0.0,0.0,0.0,0.0,0.0,0.25201612903225806,0.0,18.234291568081282,5.689516129032258,0.02851237020913498,1.8337501112242673,2.058358231814049,0.005702474041826995,0.3870967741935484,0.008553711062740495,0.02851237020913498,4.411379152184854,10.941532258064516,2.21276775979397,2.842414092949276,15.500409536261408,14.55095720755031,13.934964895379201,15.695676970183985,18.96583961677422,0.0005952380952380953,0.0,2016,10
2016-11-01,235,0.9625126646403243,1.4506769825918762,1.3550789138695074,0.0,0.0,0.0,0.0,0.0,0.32733224222585927,0.0,0.0,0.0,0.35460992907801414,0.0,0.0,0.0,0.0,0.0,0.60790273556231,0.0,0.0,0.0,0.0,1.4506769825918762,0.0,0.0,0.0,0.0,0.0,0.32733224222585927,0.0,0.0,1.027746671643648,0.0,0.0,0.0,0.0,0.0,0.0,0.0,0.0,0.0,0.0,0.0,0.0,0.0,0.0,0.0,0.0,0.0,0.0,0.0,0.0,0.0,0.0,0.0,0.0,0.0,0.0,0.32733224222585927,0.0,0.0,0.0,0.0,0.5673758865248227,0.0,13.030537668060115,5.8,0.018053790157954407,1.8295161478142463,2.001852507823566,0.011794665289700636,0.37446808510638296,0.006017930052651469,0.018053790157954407,1.4582381659649297,10.88723404255319,2.18497298971409,3.69434677522356,15.33737967032033,14.71074512854693,13.774598393953053,16.017718751697355,18.844116068549194,0.0,0.0003273322422258593,2016,11
2016-12-01,196,1.3731683149450256,0.0,0.7045675413022352,0.0,0.0,0.0,0.0,0.0,0.0,0.0,0.0,0.0,0.7252901160464186,0.0,0.0,0.0,0.0,0.647878198898607,0.0,0.0,0.0,0.0,0.0,0.0,0.0,0.0,0.0,0.0,0.0,0.0,0.0,0.0,0.7045675413022352,0.0,0.0,0.0,0.0,0.0,0.0,0.0,0.0,0.0,0.0,0.0,0.0,0.0,0.0,0.0,0.0,0.0,0.0,0.0,0.0,0.0,0.0,0.0,0.0,0.0,0.0,0.0,0.0,0.0,0.0,0.0,0.7936507936507936,0.17006802721088438,10.121148749560641,5.790816326530612,0.010823062977345116,1.8337378517567287,1.923357399968768,0.015277169664175607,0.3520408163265306,0.0036076876591150386,0.010823062977345116,2.146096533851636,10.892857142857142,2.2210456489816837,1.860377706797987,15.614671288640283,14.802343778692528,14.269565933590924,15.93043609209573,19.692463957921177,0.0,0.0,2016,12
2017-01-01,203,0.0,1.1083743842364533,0.7037297677691766,0.0,0.0,0.0,0.0,0.0,0.0,0.0,0.0,0.0,0.0,0.0,0.0,0.0,0.0,0.0,0.0,0.0,0.0,0.0,0.0,1.1083743842364533,0.0,0.0,0.0,0.0,0.0,0.0,0.0,0.0,0.7037297677691766,0.0,0.0,0.0,0.0,0.0,0.0,0.0,0.0,0.0,0.0,0.0,0.0,0.0,0.0,0.0,0.0,0.0,0.0,0.0,0.0,0.0,0.0,0.0,0.0,0.0,0.0,0.0,0.0,0.0,0.0,0.0,0.0,0.0,14.699193352671236,5.541871921182266,0.027866277091095466,1.7716206030266932,1.878064373533269,0.0023353840175776032,0.32019704433497537,0.0034832846363869337,0.027866277091095466,2.6983074396867504,10.123152709359607,2.2361840990845483,0.25040947198878444,15.64565330042263,14.608388629403043,13.735074186437698,16.10527357869842,19.388302513099294,0.0003078817733990148,0.0,2017,1
2017-02-01,174,0.41050903119868637,0.2736726874657909,0.3024803387779794,0.0,0.0,0.0,0.0,0.0,0.0,0.0,0.0,0.0,0.41050903119868637,0.0,0.0,0.0,0.0,0.0,0.0,0.0,0.0,0.0,0.0,0.2736726874657909,0.0,0.0,0.0,0.0,0.0,0.0,0.0,0.0,0.3024803387779794,0.0,0.0,0.0,0.0,0.0,0.0,0.0,0.0,0.0,0.0,0.0,0.0,0.0,0.0,0.0,0.0,0.0,0.0,0.0,0.0,0.0,0.0,0.0,0.0,0.0,0.0,0.0,0.0,0.0,0.0,0.0,1.044932079414838,0.0,18.09182078611992,5.787356321839081,0.008127664151569512,1.8271456361260683,2.0530586974471845,0.0008127664151569511,0.3793103448275862,0.0,0.008127664151569512,2.198436846002769,11.181034482758621,2.1509771055332156,6.623093514790983,15.01256252516448,14.628849875883432,13.910969488716729,15.720020165117432,18.708593554648857,0.0007662835249042146,0.0,2017,2
2017-03-01,241,0.7627532340737124,0.2766251728907331,0.5730092867022328,0.0,0.0,0.0,0.0,0.0,0.0,0.0,0.0,0.0,0.25933609958506226,0.0,0.0,0.0,0.0,0.0,0.5034171344886502,0.0,0.0,0.0,0.0,0.0,0.2766251728907331,0.0,0.0,0.0,0.0,0.0,0.0,0.0,0.5730092867022328,0.0,0.0,0.0,0.0,0.0,0.0,0.0,0.0,0.0,0.0,0.0,0.0,0.0,0.0,0.0,0.0,0.0,0.0,0.0,0.0,0.0,0.0,0.0,0.0,0.0,0.0,0.0,0.0,0.0,0.0,0.0,0.0,0.2766251728907331,13.543734537112233,5.597510373443983,0.02053837123778354,1.8330143311401557,1.9890206576021585,0.003035616408221853,0.34854771784232363,0.0,0.02053837123778354,2.4650619903243776,10.53941908713693,2.2142718377208617,-0.2407027735826507,15.798825645091592,14.654164374493913,13.760878039677646,16.41338608834417,18.962541730116207,0.00014819205690574984,0.0,2017,3
2017-04-01,187,0.6781368673951794,0.29708853238265,0.0,0.0,0.0,0.0,0.0,0.0,0.0,0.44563279857397503,0.0,0.0,0.0,0.0,0.0,0.0,0.0,0.2325040688212044,0.0,0.0,0.0,0.0,0.0,0.29708853238265,0.0,0.0,0.0,0.0,0.0,0.0,0.0,0.0,0.0,0.0,0.0,0.0,0.0,0.0,0.0,0.0,0.0,0.0,0.0,0.0,0.0,0.0,0.0,0.0,0.0,0.0,0.0,0.0,0.0,0.0,0.0,0.0,0.0,0.0,0.0,0.0,0.0,0.0,0.0,0.0,0.8681158413778733,0.0,16.694915604368948,5.641711229946524,0.034031877169406026,1.8247522743901132,2.0461028029520794,0.013872110615420992,0.29411764705882354,0.007562639370979118,0.034031877169406026,1.8387185569848108,10.941176470588236,2.249686685596687,-1.8903152557612526,16.13081589634536,14.801191473648204,14.441646155739273,16.567198023597317,20.230475003382736,0.0006907308377896613,0.0,2017,4
2017-05-01,226,0.7818218111650809,0.0,0.5278683434249339,0.0,0.0,0.0,0.0,0.0,0.0,0.0,0.0,0.0,0.23288309268747087,0.0,0.0,0.0,0.31605562579013907,0.23288309268747087,0.0,0.0,0.0,0.0,0.0,0.0,0.0,0.0,0.0,0.0,0.0,0.0,0.0,0.0,0.5278683434249339,0.0,0.0,0.0,0.0,0.0,0.0,0.0,0.0,0.0,0.0,0.0,0.0,0.0,0.0,0.0,0.0,0.0,0.0,0.0,0.0,0.0,0.0,0.0,0.0,0.0,0.0,0.0,0.0,0.0,0.0,0.0,0.0,0.0,20.298118653039335,5.70353982300885,0.02190153747037979,1.8313723177943402,2.0181851416372023,0.006524045109897276,0.36283185840707965,0.003128791067197113,0.02190153747037979,1.4033264644582761,11.070796460176991,2.1650100689527454,5.766136555073485,15.108078125846259,14.496008578828894,13.869874031593,15.459840393157533,18.68762755885417,0.00023288309268747087,0.0002602811035918792,2017,5
2017-06-01,201,1.0187159440890785,0.19900497512437812,0.6196125599110675,0.0,0.0,0.0,0.0,0.0,0.0,0.0,0.3316749585406302,0.0,0.0,0.0,0.0,0.0,0.0,0.0,0.6870409855484483,0.0,0.0,0.0,0.0,0.0,0.19900497512437812,0.0,0.0,0.0,0.0,0.0,0.0,0.0,0.6196125599110675,0.0,0.0,0.0,0.0,0.0,0.0,0.0,0.0,0.0,0.0,0.0,0.0,0.0,0.0,0.0,0.0,0.0,0.0,0.0,0.0,0.0,0.0,0.0,0.0,0.0,0.0,0.0,0.0,0.0,0.0,0.0,0.6870409855484483,0.0,14.56463874663126,5.646766169154229,0.0105538325550231,1.836042696802239,2.0279674241632772,0.00043974302312596244,0.39800995024875624,0.007035888370015399,0.0105538325550231,2.722194886373991,10.977611940298507,2.206671975272664,1.0847577951639134,15.710337435836793,14.80482985089915,14.066936404632221,16.522560379765018,19.49124386022926,0.0009045680687471732,0.0,2017,6
2017-07-01,199,1.4223162596608774,0.5025125628140703,0.5468519065917824,0.0,0.0,0.0,0.0,0.0,0.0,0.0,0.33500837520938026,0.0,0.0,0.0,0.0,0.0,0.0,0.26448029621793173,0.8228275882335655,0.0,0.0,0.0,0.0,0.0,0.0,0.0,0.0,0.5025125628140703,0.0,0.0,0.0,0.0,0.5468519065917824,0.0,0.0,0.0,0.0,0.0,0.0,0.0,0.0,0.0,0.0,0.0,0.0,0.0,0.0,0.0,0.0,0.0,0.0,0.0,0.0,0.0,0.0,0.0,0.0,0.0,0.0,0.0,0.0,0.0,0.0,0.0,0.0,0.0,13.251111853644641,5.71859296482412,0.024873102855808203,1.8447902245662735,2.055850712914476,0.00596164846226514,0.4120603015075377,0.0,0.024873102855808203,3.3585293413847954,11.236180904522612,2.2283627518554088,0.46278829455780485,15.900019038853811,14.60959052688642,14.310174248199935,16.13537039515797,19.460509862467017,0.0,0.0,2017,7
2017-08-01,197,1.4100394811054708,0.0,0.338409475465313,0.0,0.0,0.0,0.0,0.0,0.0,0.0,0.5640157924421884,0.0,0.0,0.0,0.0,0.0,0.0,0.0,0.8460236886632825,0.0,0.0,0.0,0.0,0.0,0.0,0.0,0.0,0.0,0.0,0.0,0.0,0.0,0.338409475465313,0.0,0.0,0.0,0.0,0.0,0.0,0.0,0.0,0.0,0.0,0.0,0.0,0.0,0.0,0.0,0.0,0.0,0.0,0.0,0.0,0.0,0.0,0.0,0.0,0.0,0.0,0.0,0.0,0.0,0.0,0.0,0.0,0.39047247169074584,12.19510599549417,5.852791878172589,0.003589374523789582,1.8405304540731962,1.9775715346030487,0.006381110264514811,0.3299492385786802,0.003589374523789582,0.003589374523789582,1.9893011076553688,10.936548223350254,2.1981528475442453,4.18685113632264,15.278793327123427,14.647987092511682,13.758462555522893,15.697471365352078,18.583938370113348,0.0,0.0,2017,8
2017-09-01,191,1.508032398084754,0.5235602094240838,1.1771605357992792,0.0,0.0,0.0,0.0,0.0,0.0,0.0,0.0,0.0,0.5235602094240838,0.0,0.0,0.0,0.0,0.5817335660267597,0.40273862263391064,0.0,0.0,0.0,0.0,0.5235602094240838,0.0,0.0,0.0,0.0,0.0,0.0,0.47596382674916704,0.0,0.7011967090501122,0.0,0.0,0.0,0.0,0.0,0.0,0.0,0.0,0.0,0.0,0.0,0.0,0.0,0.0,0.0,0.0,0.0,0.0,0.0,0.0,0.0,0.0,0.0,0.0,0.0,0.0,0.0,0.0,0.0,0.0,0.0,0.5235602094240838,0.0,17.44115555629828,6.020942408376963,0.07034046514421154,1.8165168835614105,1.9620214356061614,0.0056302017580483026,0.4083769633507853,0.0074042594888643724,0.07034046514421154,3.781395947241343,11.151832460732985,2.185699183009092,3.0250483328572635,15.488157455930981,14.515375827357945,13.927523257549973,16.121796380739863,18.94440969289127,0.0002617801047120419,0.0004759638267491671,2017,9
2017-10-01,261,1.4093186506979611,0.0,0.7314524555903866,0.0,0.0,0.0,0.0,0.0,0.0,0.29472443265546716,0.0,0.0,0.0,0.0,0.0,0.0,0.0,0.0,1.1145942180424937,0.0,0.0,0.0,0.0,0.0,0.0,0.0,0.0,0.0,0.0,0.0,0.0,0.0,0.7314524555903866,0.0,0.0,0.0,0.0,0.0,0.0,0.0,0.0,0.0,0.0,0.0,0.0,0.0,0.0,0.0,0.0,0.0,0.0,0.0,0.0,0.0,0.0,0.0,0.0,0.0,0.0,0.0,0.0,0.0,0.0,0.0,0.0,0.15964240102171134,16.17039129360755,5.773946360153257,0.024382992454708534,1.83038498882102,2.008378439928207,0.004827633126103608,0.32567049808429116,0.0054184427677130085,0.024382992454708534,3.222988333393657,11.028735632183908,2.215779290295225,0.8181289122073464,15.775122803555334,14.917086957333433,14.21835754234935,16.376434109947404,19.562488139951576,0.0002736726874657909,0.00023946360153256704,2017,10
2017-11-01,209,0.8506113769271664,0.43497172683775553,2.0814067253695736,0.0,0.0,0.0,0.0,0.0,0.0,0.0,0.0,0.0,0.0,0.0,0.0,0.0,0.0,0.3189792663476874,0.5316321105794789,0.0,0.0,0.0,0.0,0.43497172683775553,0.0,0.0,0.0,0.0,0.0,0.0,0.6379585326953748,0.0,1.4434481926741987,0.0,0.0,0.0,0.0,0.0,0.0,0.0,0.0,0.0,0.0,0.0,0.0,0.0,0.0,0.0,0.0,0.0,0.0,0.0,0.0,0.0,0.0,0.0,0.0,0.0,0.0,0.0,0.0,0.0,0.0,0.0,0.29904306220095694,0.0,9.360062963948486,5.660287081339713,0.0,1.8085425223708114,1.9822169756621886,0.0,0.3062200956937799,0.0,0.0,3.2576357160844696,11.028708133971293,2.2099330601389084,1.6595223746421766,15.660716454560019,14.699735194125562,14.276717175717538,16.21155381400763,19.82780444179011,0.0005332780304264743,0.0006379585326953748,2017,11
2017-12-01,197,2.6848081416609335,0.9306260575296107,0.6890690676895515,0.0,0.0,0.0,0.0,0.0,0.0,0.0,0.6445894770767867,0.0,0.7077313549394768,0.0,0.0,0.0,0.31725888324873097,0.0,1.015228426395939,0.0,0.0,0.0,0.0,0.5076142131979695,0.42301184433164124,0.0,0.0,0.0,0.0,0.0,0.39047247169074584,0.0,0.2985965959988056,0.0,0.0,0.0,0.0,0.0,0.0,0.0,0.0,0.0,0.0,0.0,0.0,0.0,0.0,0.0,0.0,0.0,0.0,0.0,0.0,0.0,0.0,0.0,0.0,0.0,0.0,0.0,0.0,0.0,0.0,0.0,1.931754089114495,0.0,15.240924193005588,5.852791878172589,0.0,1.8447583975694397,2.050181549568562,0.0,0.4010152284263959,0.0,0.0,2.3084360647812425,11.253807106598984,2.242443485149315,-2.0005270296643776,16.205491541752643,14.79341657086974,14.393013152847628,16.349515932467945,20.102575466682588,0.0,0.0003904724716907458,2017,12
2018-01-01,245,1.5096015096015096,0.6261595547309833,0.8970621215519176,0.0,0.0,0.0,0.0,0.0,0.0,0.0,0.0,0.0,0.3139717425431712,0.0,0.0,0.0,0.0,0.37105751391465674,0.8245722531436818,0.0,0.0,0.0,0.0,0.6261595547309833,0.0,0.0,0.0,0.0,0.0,0.0,0.0,0.0,0.8970621215519176,0.0,0.0,0.0,0.0,0.0,0.0,0.0,0.0,0.0,0.0,0.0,0.0,0.0,0.0,0.0,0.0,0.0,0.0,0.0,0.0,0.0,0.0,0.0,0.0,0.0,0.0,0.0,0.0,0.0,0.0,0.0,0.0,0.272108843537415,17.711170294572078,5.644897959183673,0.02355169762763768,1.8081063543221212,1.962157578333575,0.008950433795962408,0.3469387755102041,0.008658450381876093,0.02355169762763768,2.3741713591337654,10.668027210884354,2.2124916063135562,1.4981270933527409,15.595486060361718,14.711698148863977,13.808032138378085,16.343693045483086,19.02783906699368,0.0002915451895043732,0.0,2018,1
2018-02-01,214,2.422843252282505,0.0,0.27487630566245186,0.0,0.0,0.0,0.0,0.0,0.0,0.0,0.0,0.0,0.7593457943925234,0.0,0.0,0.0,0.0,0.736335315774568,0.9271621421154131,0.0,0.0,0.0,0.0,0.0,0.0,0.0,0.0,0.0,0.0,0.0,0.0,0.0,0.27487630566245186,0.0,0.0,0.0,0.0,0.0,0.0,0.0,0.0,0.0,0.0,0.0,0.0,0.0,0.0,0.0,0.0,0.0,0.0,0.0,0.0,0.0,0.0,0.0,0.0,0.0,0.0,0.0,0.0,0.0,0.0,0.0,1.5619976023320834,0.0,19.361726683020915,5.710280373831775,0.029738135657378165,1.856871471014733,1.9947617168234653,0.00673172788646294,0.3598130841121495,0.006608474590528482,0.029738135657378165,0.4672897196261682,10.922897196261681,2.2399523903956284,0.3761546033680662,15.838570700800638,14.95954126805102,14.211200669019881,16.556250181889304,19.6210464723109,0.00031152647975077883,0.0,2018,2
2018-03-01,246,1.099440601031269,0.0,1.503713089078943,0.0,0.0,0.0,0.0,0.0,0.0,0.0,0.6323396567299006,0.0,0.0,0.0,0.0,0.0,0.0,0.4671009443013685,0.0,0.0,0.0,0.0,0.0,0.0,0.0,0.0,0.0,0.0,0.0,0.0,0.36954915003695493,0.0,1.1341639390419878,0.0,0.0,0.0,0.0,0.0,0.0,0.0,0.0,0.0,0.0,0.0,0.0,0.0,0.0,0.0,0.0,0.0,0.0,0.0,0.0,0.0,0.0,0.0,0.0,0.0,0.0,0.0,0.0,0.0,0.0,0.0,0.0,0.0,16.503361837812523,5.967479674796748,0.0,1.844686347782124,2.0116571221537876,0.0,0.3943089430894309,0.0,0.0,2.629416653806898,11.55691056910569,2.2635535136266656,-4.104803881325513,16.563224261471735,15.011725964982123,14.613824769198947,16.98372017710249,20.222060328410855,0.0008663874517533054,0.0003695491500369549,2018,3
2018-04-01,189,1.7001244942421412,0.0,0.6051803437424352,0.0,0.0,0.0,0.0,0.0,0.0,0.0,0.3306878306878307,0.0,0.3112356053532524,0.0,0.0,0.0,0.0,0.617283950617284,0.4409171075837742,0.0,0.0,0.0,0.0,0.0,0.0,0.0,0.0,0.0,0.0,0.0,0.0,0.0,0.6051803437424352,0.0,0.0,0.0,0.0,0.0,0.0,0.0,0.0,0.0,0.0,0.0,0.0,0.0,0.0,0.0,0.0,0.0,0.0,0.0,0.0,0.0,0.0,0.0,0.0,0.0,0.0,0.0,0.0,0.0,0.0,0.0,0.0,0.0,13.795703104103046,5.830687830687831,0.003741305720563744,1.8732825236588595,2.029234753901707,0.009644254746342094,0.4497354497354497,0.0,0.003741305720563744,3.218694885361552,11.444444444444445,2.198427444311149,2.7868248530754256,15.62107187966223,14.47546348033595,14.187236900379258,16.050566720734015,19.180193656728132,0.0009386604883499293,0.0,2018,4
2018-05-01,213,0.6545684362585772,0.3611412062116288,1.1114667804808651,0.0,0.0,0.0,0.0,0.0,0.0,0.0,0.0,0.0,0.0,0.0,0.0,0.0,0.0,0.3611412062116288,0.2934272300469484,0.0,0.0,0.0,0.0,0.3611412062116288,0.0,0.0,0.0,0.0,0.0,0.0,0.0,0.0,1.1114667804808651,0.0,0.0,0.0,0.0,0.0,0.0,0.0,0.0,0.0,0.0,0.0,0.0,0.0,0.0,0.0,0.0,0.0,0.0,0.0,0.0,0.0,0.0,0.0,0.0,0.0,0.0,0.0,0.0,0.0,0.0,0.0,0.0,0.0,15.925337515949298,5.544600938967136,0.013279000585662865,1.821542617404792,2.0307948462357146,0.011977853092379049,0.37089201877934275,0.003319750146415716,0.013279000585662865,2.9465098506799694,10.908450704225352,2.2385642310695726,-0.5145092799635591,15.92908590130082,14.783102113981927,14.011897463915453,16.325334527727133,19.578407385205452,0.00036114120621162876,0.0,2018,5
2018-06-01,238,1.3612396830389908,0.0,0.0,0.0,0.0,0.0,0.0,0.0,0.0,0.0,0.0,0.0,0.3819709702062643,0.0,0.0,0.0,0.0,0.0,0.9792687128327267,0.0,0.0,0.0,0.0,0.0,0.0,0.0,0.0,0.0,0.0,0.0,0.0,0.0,0.0,0.0,0.0,0.0,0.0,0.0,0.0,0.0,0.0,0.0,0.0,0.0,0.0,0.0,0.0,0.0,0.0,0.0,0.0,0.0,0.0,0.0,0.0,0.0,0.0,0.0,0.0,0.0,0.0,0.0,0.0,0.0,0.4038228563736707,0.26260504201680673,14.565021434832962,5.739495798319328,0.00891311068722539,1.8237535883264908,1.9454691072892272,0.00551442454133894,0.3319327731092437,0.005942073791483593,0.00891311068722539,1.3321624196237198,10.947478991596638,2.233905395130549,-0.6944389334765789,15.964679425709503,14.963796879197814,14.062485850645242,16.552343671956926,19.464018489627364,0.0002100840336134454,0.0,2018,6
2018-07-01,208,1.0302197802197803,0.2828054298642534,0.4807692307692308,0.0,0.0,0.0,0.0,0.0,0.0,0.0,0.0,0.0,0.3434065934065934,0.0,0.0,0.0,0.0,0.6868131868131868,0.0,0.0,0.0,0.0,0.0,0.2828054298642534,0.0,0.0,0.0,0.0,0.0,0.0,0.4807692307692308,0.0,0.0,0.0,0.0,0.0,0.0,0.0,0.0,0.0,0.0,0.0,0.0,0.0,0.0,0.0,0.0,0.0,0.0,0.0,0.0,0.0,0.0,0.0,0.0,0.0,0.0,0.0,0.0,0.0,0.0,0.0,0.0,0.0,0.0,0.3434065934065934,15.439523215928311,5.605769230769231,0.006799103665255265,1.8077535644711338,2.0126360444916496,0.006402366645827041,0.42788461538461536,0.0033995518326276324,0.006799103665255265,3.004120331822684,10.711538461538462,2.260028074747353,-2.2621892030387083,16.146920956079416,15.012132123049764,14.112060122673153,16.415848655613914,19.802183898713125,0.00036982248520710064,0.0004807692307692308,2018,7
2018-08-01,198,1.4499057561258517,1.2265512265512266,2.166688530324894,0.0,0.0,0.0,0.0,0.0,0.0,0.0,0.0,0.0,0.9907689333526655,0.0,0.0,0.0,0.0,0.4591368227731864,0.0,0.0,0.0,0.0,0.0,0.7215007215007215,0.5050505050505051,0.0,0.0,0.0,0.0,0.0,0.0,0.0,2.166688530324894,0.0,0.0,0.0,0.0,0.0,0.0,0.0,0.0,0.0,0.0,0.0,0.0,0.0,0.0,0.0,0.0,0.0,0.0,0.0,0.0,0.0,0.0,0.0,0.0,0.0,0.0,0.0,0.0,0.0,0.0,0.0,0.8978675645342312,0.36075036075036077,15.749573087304622,5.732323232323233,0.0,1.8463663456846877,2.0566446239657843,0.0,0.3787878787878788,0.0,0.0,3.039797928583482,11.33838383838384,2.205682785546123,0.4791563774573443,15.877522329662389,14.818159850343173,14.334278070877732,16.557698834026038,19.753631657044576,0.00048209366391184575,0.0,2018,8
2018-09-01,241,1.243703818758737,1.0107458240238323,0.5375711861844206,0.0,0.0,0.1804077214504781,0.0,0.0,0.0,0.0,0.24408103490358798,0.0,0.0,0.0,0.0,0.0,0.0,0.2766251728907331,0.722997610964416,0.0,0.0,0.0,0.0,0.3191828917969997,0.0,0.0,0.6915629322268326,0.0,0.0,0.0,0.0,0.0,0.5375711861844206,0.0,0.0,0.0,0.0,0.0,0.0,0.0,0.0,0.0,0.0,0.0,0.1804077214504781,0.0,0.0,0.0,0.0,0.0,0.0,0.0,0.0,0.0,0.0,0.0,0.0,0.0,0.0,0.0,0.0,0.0,0.0,0.0,0.6649643579104161,0.0,17.72138349688675,5.742738589211618,0.011736212135876308,1.8267420941876031,1.9331850650362299,0.008779296350993185,0.38589211618257263,0.005868106067938154,0.011736212135876308,3.5243818774450943,10.79045643153527,2.2100346243188245,1.811966832577794,15.575914982956915,14.80914743489749,13.914664402387215,16.169680436401336,19.300077927944276,0.0008068234209313046,0.0,2018,9
2018-10-01,253,1.357147810237055,0.4391743522178304,1.1807954890958845,0.0,0.0,0.0,0.0,0.0,0.0,0.0,0.537410720477082,0.0,0.0,0.0,0.0,0.0,0.0,0.282326369282891,0.537410720477082,0.0,0.0,0.0,0.0,0.4391743522178304,0.0,0.0,0.0,0.0,0.0,0.0,0.15810276679841898,0.0,1.0226927222974656,0.0,0.0,0.0,0.0,0.0,0.0,0.0,0.0,0.0,0.0,0.0,0.0,0.0,0.0,0.0,0.0,0.0,0.0,0.0,0.0,0.0,0.0,0.0,0.0,0.0,0.0,0.0,0.0,0.0,0.0,0.0,0.0,0.0,15.82699226410949,5.664031620553359,0.002794888463187935,1.8200542135172577,2.017420331110837,0.0038729168704175676,0.383399209486166,0.002794888463187935,0.002794888463187935,3.779348606133075,10.970355731225297,2.236559790643296,0.3722987623580349,15.84142109227597,14.739613113918672,14.18514906495974,16.4909888972112,19.468712874517603,0.0,0.00015810276679841898,2018,10
2018-11-01,246,0.3387533875338753,0.9782183383331159,0.5235279625523528,0.0,0.22583559168925021,0.0,0.0,0.0,0.0,0.3387533875338753,0.0,0.0,0.0,0.0,0.0,0.0,0.0,0.0,0.0,0.0,0.0,0.0,0.0,0.608669188296161,0.36954915003695493,0.0,0.0,0.0,0.0,0.0,0.18477457501847747,0.0,0.3387533875338753,0.0,0.0,0.0,0.0,0.0,0.0,0.0,0.0,0.0,0.0,0.22583559168925021,0.0,0.0,0.0,0.0,0.0,0.0,0.0,0.0,0.0,0.0,0.0,0.0,0.0,0.0,0.0,0.0,0.0,0.0,0.0,0.0,0.4742547425474255,0.2710027100271003,13.651111387179498,5.776422764227642,0.011497671238805652,1.809883209688125,2.0004603666089364,0.007112341503491957,0.34146341463414637,0.0,0.011497671238805652,2.1911314414901213,11.174796747967479,2.221965934771914,-1.1594513534113464,16.08659694058518,14.773417613675077,14.290116931471792,16.647020589225605,20.120469972078368,0.0009166268133269567,0.00018477457501847746,2018,11
2018-12-01,240,1.5693987385163857,0.3472222222222222,0.4166666666666667,0.0,0.0,0.0,0.0,0.0,0.0,0.0,0.0,0.0,0.9770784770784772,0.0,0.0,0.0,0.0,0.24509803921568626,0.3472222222222222,0.0,0.0,0.0,0.0,0.3472222222222222,0.0,0.0,0.0,0.0,0.0,0.0,0.0,0.0,0.4166666666666667,0.0,0.0,0.0,0.0,0.0,0.0,0.0,0.0,0.0,0.0,0.0,0.0,0.0,0.0,0.0,0.0,0.0,0.0,0.0,0.0,0.0,0.0,0.0,0.0,0.0,0.0,0.0,0.0,0.0,0.0,0.0,0.6944444444444444,0.0,12.70333016656546,5.95,0.004166666666666667,1.8088650766849423,1.95727287026484,0.0031252571910625315,0.3416666666666667,0.0,0.004166666666666667,3.849896019013666,11.03611111111111,2.237546786691376,-0.0726434056139725,15.905899582579732,14.902781652980055,14.041381367186148,16.211121192988834,19.119872962005317,0.0003472222222222222,0.0,2018,12
2019-01-01,189,2.408438122723837,0.5234112760994482,1.0582010582010581,0.0,0.5878894767783656,0.0,0.0,0.0,0.8818342151675485,0.35273368606701944,0.0,0.0,0.481000481000481,0.0,0.0,0.0,0.0,0.0,1.5747039556563365,0.0,0.0,0.0,0.0,0.5234112760994482,0.0,0.0,0.0,0.0,0.0,0.0,0.35273368606701944,0.0,0.7054673721340389,0.0,0.0,0.0,0.0,0.0,0.0,0.0,0.0,0.0,0.0,0.5878894767783656,0.0,0.0,0.0,0.0,0.0,0.0,0.0,0.0,0.0,0.0,0.0,0.0,0.0,0.0,0.0,0.0,0.8818342151675485,0.0,0.0,0.0,1.3227513227513228,0.0,14.562269549715303,5.534391534391534,0.011223917161691232,1.8275872049097521,2.017382492340775,0.0028683343857655373,0.36507936507936506,0.0,0.011223917161691232,2.1813577369132924,11.079365079365079,2.2284164979069603,0.9825775073890618,15.774145630418964,14.787621670018325,14.252694816203693,16.19354336007778,19.641867183408664,0.0,0.00035273368606701937,2019,1
2019-02-01,232,1.2643205340974104,0.0,0.699731303179579,0.0,0.0,0.0,0.0,0.0,0.26939655172413796,0.0,0.0,0.0,0.5409060175794456,0.0,0.0,0.0,0.0,0.3315649867374006,0.39184952978056425,0.0,0.0,0.0,0.0,0.0,0.0,0.0,0.0,0.0,0.0,0.0,0.699731303179579,0.0,0.0,0.0,0.0,0.0,0.0,0.0,0.0,0.0,0.0,0.0,0.0,0.0,0.0,0.0,0.0,0.0,0.0,0.0,0.0,0.0,0.0,0.0,0.0,0.0,0.0,0.0,0.0,0.26939655172413796,0.0,0.0,0.0,0.0,0.0,0.2535496957403651,18.52313815355611,5.793103448275862,0.024382992454708537,1.8337641147247825,2.061038660916056,0.009764632007204887,0.4051724137931034,0.006095748113677134,0.024382992454708537,2.43798945307566,11.316810344827585,2.2297346269471032,-1.508753133250357,16.17034954438668,14.995591625314797,14.47518639191175,16.935695375815733,19.961976257495856,0.0,0.0006997313031795791,2019,2
2019-03-01,228,0.3132832080200501,0.43859649122807015,0.24366471734892786,0.25799793601651183,0.0,0.0,0.0,0.0,0.0,0.0,0.0,0.0,0.3132832080200501,0.0,0.0,0.0,0.0,0.0,0.0,0.0,0.0,0.0,0.0,0.43859649122807015,0.0,0.0,0.0,0.0,0.0,0.0,0.24366471734892786,0.0,0.0,0.0,0.0,0.0,0.25799793601651183,0.0,0.0,0.0,0.0,0.0,0.0,0.0,0.0,0.0,0.0,0.0,0.0,0.0,0.0,0.0,0.0,0.0,0.0,0.0,0.0,0.0,0.0,0.0,0.0,0.0,0.0,0.0,1.6276669237195553,0.2741228070175439,14.011775357234592,5.723684210526316,0.02481076425215956,1.844505485983068,2.0344908509541644,0.006031289138282006,0.38596491228070173,0.0031013455315199454,0.02481076425215956,2.47965926432604,11.219298245614034,2.2085981275540907,3.6774674334139257,15.450225992137575,14.713161372285809,14.08803663609277,15.763197502898018,18.942875056102203,0.00029239766081871346,0.000462962962962963,2019,3
2019-04-01,228,1.7097501862044797,0.8528265107212475,0.0,0.0,0.0,0.19069412662090007,0.0,0.0,0.0,0.0,0.0,0.0,0.0,0.0,0.0,0.0,0.0,0.7669026367087308,0.942847549495749,0.0,0.0,0.0,0.0,0.8528265107212475,0.0,0.0,0.0,0.0,0.0,0.0,0.0,0.0,0.0,0.0,0.0,0.0,0.0,0.0,0.0,0.0,0.0,0.0,0.0,0.0,0.0,0.0,0.0,0.0,0.19069412662090007,0.0,0.0,0.0,0.0,0.0,0.0,0.0,0.0,0.0,0.0,0.0,0.0,0.0,0.0,0.0,0.4873294346978557,0.4829782790309106,17.229696449689577,5.81140350877193,0.04470345682203999,1.8610222156822995,2.07945078519667,0.010898498784526704,0.3684210526315789,0.009304036594559837,0.04470345682203999,3.1890905852124685,11.391812865497077,2.1926682395036248,2.456930914528394,15.651338198033033,14.732684723003803,14.168548780268985,16.400156958616222,19.052072889476804,0.0004264132553606237,0.0,2019,4
2019-05-01,249,1.2649367119880754,0.2113718030014796,0.7602875269192714,0.0,0.0,0.0,0.0,0.0,0.0,0.0,0.6129782287042908,0.0,0.0,0.0,0.0,0.0,0.0,0.0,0.6519584832837845,0.0,0.0,0.0,0.0,0.2113718030014796,0.0,0.0,0.0,0.0,0.0,0.0,0.25100401606425704,0.0,0.5092835108550142,0.0,0.0,0.0,0.0,0.0,0.0,0.0,0.0,0.0,0.0,0.0,0.0,0.0,0.0,0.0,0.0,0.0,0.0,0.0,0.0,0.0,0.0,0.0,0.0,0.0,0.0,0.0,0.0,0.0,0.0,0.0,0.30892801977139334,0.19124115509657677,14.170143880437472,5.803212851405623,0.008519358809476477,1.833563916602314,2.079760252313467,0.002947968603914082,0.3493975903614458,0.0,0.008519358809476477,2.405377387659457,11.21285140562249,2.204123322994784,1.336510334009329,15.738271850361915,14.844091619149347,14.095557464884003,16.62879055715257,19.227073920494043,0.0013561031456141308,0.000251004016064257,2019,5
2019-06-01,233,0.4291845493562232,0.7868383404864091,0.3901677721420211,0.0,0.0,0.0,0.0,0.0,0.0,0.0,0.0,0.0,0.0,0.0,0.0,0.0,0.0,0.4291845493562232,0.0,0.0,0.0,0.0,0.0,0.7868383404864091,0.0,0.0,0.0,0.0,0.0,0.0,0.0,0.0,0.3901677721420211,0.0,0.0,0.0,0.0,0.0,0.0,0.0,0.0,0.0,0.0,0.0,0.0,0.0,0.0,0.0,0.0,0.0,0.0,0.0,0.0,0.0,0.0,0.0,0.0,0.0,0.0,0.0,0.0,0.0,0.0,0.0,0.26824034334763946,0.0,15.849800431876995,5.583690987124464,0.0030347930523027793,1.789570522382389,1.9947027658903373,0.004096970620608751,0.3261802575107296,0.0030347930523027793,0.0030347930523027793,2.6988071035958994,10.860515021459227,2.2778920104585545,-2.947132177340436,16.266623403665818,14.99950108640553,14.065230744564523,16.832422578213496,19.650583756617586,0.0006550711542805511,0.0,2019,6
2019-07-01,238,1.781441014634292,2.029296567111693,0.9503801520608244,0.0,0.0,0.0,0.0,0.0,0.0,0.0,0.542717086834734,0.0,0.0,0.0,0.0,0.0,0.0,0.533546752034147,0.7051771757654111,0.0,0.0,0.0,0.0,1.262323111062607,0.7669734560490863,0.0,0.0,0.0,0.0,0.0,0.0,0.0,0.9503801520608244,0.0,0.0,0.0,0.0,0.0,0.0,0.0,0.0,0.0,0.0,0.0,0.0,0.0,0.0,0.0,0.0,0.0,0.0,0.0,0.0,0.0,0.0,0.0,0.0,0.0,0.0,0.0,0.0,0.0,0.0,0.0,1.5595008056698614,0.0,14.181561275927155,5.760504201680672,0.01782622137445078,1.8324028945660165,1.967203364816906,0.0046546244699954805,0.3319327731092437,0.0029710368957417965,0.01782622137445078,1.8777207852838105,11.046218487394958,2.250594909711126,-1.617227176740547,16.098608916063643,14.963504447914815,14.162019568706281,16.68664911227703,19.809952802563863,0.00022114108801415302,0.0,2019,7
2019-08-01,233,0.7190489753025969,0.6974248927038627,0.6762908050461698,0.0,0.0,0.0,0.0,0.0,0.2145922746781116,0.0,0.0,0.0,0.0,0.0,0.0,0.0,0.0,0.5324469973216303,0.18660197798096662,0.0,0.0,0.0,0.0,0.6974248927038627,0.0,0.0,0.0,0.0,0.0,0.0,0.2861230329041488,0.0,0.3901677721420211,0.0,0.0,0.0,0.0,0.0,0.0,0.0,0.0,0.0,0.0,0.0,0.0,0.0,0.0,0.0,0.0,0.0,0.0,0.0,0.0,0.0,0.0,0.0,0.0,0.0,0.0,0.2145922746781116,0.0,0.0,0.0,0.0,1.0925092526628555,0.0,14.309209590670944,5.716738197424893,0.009104379156908336,1.807056366142537,2.024021707220656,0.0030347930523027793,0.3218884120171674,0.0,0.009104379156908336,2.575678528056317,11.087982832618026,2.221408909950775,-0.7596848598553702,15.991372454757375,14.883459007579212,14.006350369709354,16.894270687461148,19.276330304949852,0.0006877957521734345,0.0002861230329041488,2019,8
2019-09-01,251,0.5056696291756053,0.6640106241699867,0.0,0.0,0.0,0.0,0.0,0.0,0.0,0.0,0.0,0.0,0.199203187250996,0.0,0.0,0.0,0.0,0.0,0.3064664419246093,0.0,0.0,0.0,0.0,0.6640106241699867,0.0,0.0,0.0,0.0,0.0,0.0,0.0,0.0,0.0,0.0,0.0,0.0,0.0,0.0,0.0,0.0,0.0,0.0,0.0,0.0,0.0,0.0,0.0,0.0,0.0,0.0,0.0,0.0,0.0,0.0,0.0,0.0,0.0,0.0,0.0,0.0,0.0,0.0,0.0,0.0,0.5501802314551318,0.398406374501992,17.604378672952674,5.749003984063745,0.01690295094469835,1.8479521280890372,1.9808007217897405,0.007459880400394978,0.38645418326693226,0.008451475472349175,0.01690295094469835,3.094277347265395,10.920318725099602,2.242144887546871,-0.15598952196149793,15.89848432587125,14.942099832145175,14.191314092508737,16.59533981782611,19.70636009044727,0.0003064664419246093,0.0,2019,9
2019-10-01,285,0.9913673071567808,0.0,0.20639834881320948,0.0,0.0,0.0,0.0,0.0,0.0,0.0,0.6015037593984963,0.0,0.0,0.0,0.0,0.0,0.0,0.1949317738791423,0.1949317738791423,0.0,0.0,0.0,0.0,0.0,0.0,0.0,0.0,0.0,0.0,0.0,0.0,0.0,0.20639834881320948,0.0,0.0,0.0,0.0,0.0,0.0,0.0,0.0,0.0,0.0,0.0,0.0,0.0,0.0,0.0,0.0,0.0,0.0,0.0,0.0,0.0,0.0,0.0,0.0,0.0,0.0,0.0,0.0,0.0,0.0,0.0,0.5528973950026581,0.0,18.422887455395195,5.782456140350877,0.009924305700863825,1.827821241448257,2.0175523697513444,0.0058793992864208415,0.38596491228070173,0.0024810764252159562,0.009924305700863825,2.15786793186174,11.128070175438596,2.1581062714897046,5.426948103172904,15.161862035130424,14.752426133404489,13.927779485430381,16.140400326590328,18.762054200254852,0.0,0.0,2019,10
2019-11-01,303,0.715071507150715,1.0215307245010214,0.9553931583634554,0.0,0.0,0.0,0.0,0.0,0.0,0.275027502750275,0.0,0.0,0.44004400440044,0.0,0.0,0.0,0.0,0.0,0.0,0.0,0.0,0.0,0.0,0.4557598617004558,0.0,0.0,0.5657708628005659,0.0,0.0,0.0,0.18335166850018333,0.0,0.7720414898632721,0.0,0.0,0.0,0.0,0.0,0.0,0.0,0.0,0.0,0.0,0.0,0.0,0.0,0.0,0.0,0.0,0.0,0.0,0.0,0.0,0.0,0.0,0.0,0.0,0.0,0.0,0.0,0.0,0.0,0.0,0.0,0.38575286100038575,0.47147571900047147,19.547504848391746,5.910891089108911,0.007001057239470767,1.8416569122061277,2.0092935701218204,0.0020558660147652254,0.34983498349834985,0.0,0.007001057239470767,3.4253791679534253,11.353135313531354,2.228493004698926,0.666650442985384,15.88183098121036,14.826584203581534,14.22145525872803,16.494401973985592,19.273731037478143,0.0,0.00018335166850018335,2019,11
2019-12-01,247,1.9248833592774044,1.2799988561761413,1.1661303159278869,0.0,0.0,0.0,0.0,0.0,0.0,0.0,0.31142946122703213,0.0,0.3373819163292847,0.0,0.0,0.0,0.0,0.3373819163292847,0.9386900653918028,0.0,0.0,0.0,0.0,0.560842666105824,0.0,0.0,0.7191561900703175,0.0,0.0,0.0,0.31142946122703213,0.0,0.8547008547008546,0.0,0.0,0.0,0.0,0.0,0.0,0.0,0.0,0.0,0.0,0.0,0.0,0.0,0.0,0.0,0.0,0.0,0.0,0.0,0.0,0.0,0.0,0.0,0.0,0.0,0.0,0.0,0.0,0.0,0.0,0.0,1.0059308189502096,0.0,11.918232384371299,5.906882591093117,0.02003946343443657,1.8244150916732667,2.1024942382197738,0.01922152615139834,0.3603238866396761,0.005725560981267592,0.02003946343443657,1.1750728224575382,11.629554655870445,2.2716352239036524,-5.796909156640034,16.810140356999987,14.935716883292677,14.698402823422715,17.544387399701932,20.45710063196416,0.0,0.0003114294612270321,2019,12
2020-01-01,226,1.5103812117086455,0.6637168141592921,0.22123893805309736,0.0,0.0,0.0,0.0,0.0,0.0,0.3403675970047652,0.27654867256637167,0.0,0.5530973451327433,0.0,0.0,0.0,0.0,0.0,0.3403675970047652,0.0,0.0,0.0,0.0,0.4424778761061947,0.0,0.0,0.22123893805309736,0.0,0.22123893805309736,0.0,0.0,0.0,0.0,0.0,0.0,0.0,0.0,0.0,0.0,0.0,0.0,0.0,0.0,0.0,0.0,0.0,0.0,0.0,0.0,0.0,0.0,0.0,0.0,0.0,0.0,0.0,0.0,0.0,0.0,0.0,0.0,0.0,0.0,0.0,1.4749262536873156,0.0,15.395035576886897,5.783185840707965,0.015643955335985567,1.8293459320554835,2.106971119122113,0.010061360645109036,0.415929203539823,0.006257582134394226,0.015643955335985567,4.822594404843234,11.45796460176991,2.2374062902406218,-0.9800743204574605,16.119939862643363,14.844180308263494,14.33445810842568,16.63916108461504,19.68244181714277,0.0007168058963998578,0.0,2020,1
2020-02-01,284,1.1679048650879638,0.3201024327784891,1.6987135229678725,0.0,0.0,0.0,0.0,0.0,0.0,0.0,0.0,0.0,0.2934272300469483,0.0,0.0,0.0,0.0,0.2515090543259557,0.6229685807150597,0.0,0.0,0.0,0.0,0.3201024327784891,0.0,0.0,0.0,0.0,0.0,0.0,0.7824726134585289,0.0,0.9162409095093434,0.0,0.0,0.0,0.0,0.0,0.0,0.0,0.0,0.0,0.0,0.0,0.0,0.0,0.0,0.0,0.0,0.0,0.0,0.0,0.0,0.0,0.0,0.0,0.0,0.0,0.0,0.0,0.0,0.0,0.0,0.0,0.7738740133106331,0.0,14.828461709238223,5.77112676056338,0.004979625219623574,1.8393883862256086,2.0184894609950277,0.0009959250439247147,0.3415492957746479,0.002489812609811787,0.004979625219623574,2.3538225579758665,11.204225352112676,2.1913031803015373,3.336667829298776,15.476774455201532,14.643698732334718,13.960549633375415,16.368153301638195,18.82144291957818,0.00044585695994146704,0.0010025430359937402,2020,2
2020-03-01,386,1.4619638210007,0.0,1.6133822203649384,0.0,0.0,0.0,0.0,0.0,0.0,0.0,0.0,0.0,0.6661732050333087,0.0,0.0,0.0,0.0,0.610742503458139,0.1850481125092524,0.0,0.0,0.0,0.0,0.0,0.0,0.0,0.0,0.0,0.0,0.0,0.19928258270227184,0.0,1.4140996376626662,0.0,0.0,0.0,0.0,0.0,0.0,0.0,0.0,0.0,0.0,0.0,0.0,0.0,0.0,0.0,0.0,0.0,0.0,0.0,0.0,0.0,0.0,0.0,0.0,0.0,0.0,0.0,0.0,0.0,0.0,0.0,0.4182774827956817,0.2158894645941278,18.280290835148673,5.829015544041451,0.02931012564503824,1.8717112186632434,2.050915672391355,0.01024210400144325,0.43523316062176165,0.00183188285281489,0.02931012564503824,2.936309127697274,11.44300518134715,2.1637172488740646,10.511084335627086,14.622487385565904,14.444066938896134,14.00610948209112,15.544082421958775,18.455493596821448,0.00011263798152737103,0.00019928258270227183,2020,3
2020-04-01,514,1.4254793134248869,0.16212710765239946,1.519834238750354,0.0,0.13896609227348528,0.0,0.0,0.0,0.11444266422522316,0.0,0.09727626459143969,0.0,0.28372243839169903,0.0,0.0,0.0,0.149655791679138,0.3094827937318691,0.585342025030741,0.0,0.0,0.0,0.0,0.16212710765239946,0.0,0.0,0.0,0.0,0.0,0.0,0.2741422002122391,0.0,1.245692038538115,0.0,0.0,0.0,0.0,0.0,0.0,0.0,0.0,0.0,0.0,0.13896609227348528,0.0,0.0,0.0,0.0,0.0,0.0,0.0,0.0,0.0,0.0,0.0,0.0,0.0,0.0,0.0,0.11444266422522316,0.0,0.0,0.0,0.0,1.6847965048354154,0.0,18.237465296852708,5.906614785992218,0.022580937194159944,1.890249663024058,2.109331636829474,0.011119644376201086,0.4027237354085603,0.0038746378045967336,0.022580937194159944,3.2847624379261857,11.734111543450064,2.151780271968053,12.774812208372033,14.388791256031638,14.270891446779077,13.963039471827653,15.45822213329871,18.24105298145195,0.0004239167663292177,0.0005902900601344181,2020,4
2020-05-01,476,0.703839227998892,0.31512605042016806,1.1875338370642374,0.0,0.0,0.0,0.0,0.0,0.20508203281312526,0.0,0.13130252100840337,0.0,0.23663311478437532,0.0,0.0,0.0,0.0808015513897867,0.0,0.25510204081632654,0.0,0.0,0.0,0.0,0.10504201680672269,0.0,0.0,0.21008403361344538,0.0,0.12357884330202669,0.0,0.08753501400560224,0.0,0.9764199797566085,0.0,0.0,0.0,0.0,0.0,0.0,0.0,0.0,0.0,0.0,0.0,0.0,0.0,0.0,0.0,0.0,0.0,0.0,0.0,0.0,0.0,0.0,0.0,0.0,0.0,0.0,0.10004001600640255,0.0,0.10504201680672269,0.0,0.0,1.0500225086261412,0.25510204081632654,17.086989573411454,5.831932773109243,0.01634070292657988,1.8617020232239114,2.0450494706187263,0.009456168346923248,0.40336134453781514,0.004456555343612695,0.01634070292657988,3.6126880599654227,11.40126050420168,2.214539965976837,5.931189042284725,15.231294596601291,14.619443764188656,14.23759048055689,16.158522511779445,19.144082351309365,9.549274255156608e-05,0.00017887589818536107,2020,5
2020-06-01,435,1.674693723375265,0.25542784163473814,0.5459770114942529,0.0,0.0,0.0,0.0,0.0,0.0,0.0,0.3622431208638105,0.0,0.6241223279762833,0.0,0.0,0.0,0.0,0.5838350665936873,0.1044932079414838,0.0,0.0,0.0,0.0,0.25542784163473814,0.0,0.0,0.0,0.0,0.0,0.0,0.11494252873563218,0.0,0.43103448275862066,0.0,0.0,0.0,0.0,0.0,0.0,0.0,0.0,0.0,0.0,0.0,0.0,0.0,0.0,0.0,0.0,0.0,0.0,0.0,0.0,0.0,0.0,0.0,0.0,0.0,0.0,0.0,0.0,0.0,0.0,0.0,0.8617743418106394,0.0,18.69017638534583,5.760919540229885,0.04226385358816146,1.864510639456541,2.0468248615006517,0.00911252229665556,0.3839080459770115,0.009753196981883415,0.04226385358816146,3.2039181494716886,11.254022988505747,2.185940931827828,7.849422711286452,14.91575706429083,14.454730706045272,13.953253161947696,15.93904594226481,18.469954797828024,0.000652253238460135,0.00039627039627039627,2020,6
2020-07-01,406,0.9191854943086469,0.7210642877840792,0.8187031618455003,0.0,0.0,0.0,0.0,0.0,0.0,0.0,0.0,0.0,0.18946570670708604,0.0,0.0,0.0,0.0,0.2239140170174653,0.5058057705840957,0.0,0.0,0.0,0.0,0.7210642877840792,0.0,0.0,0.0,0.0,0.0,0.0,0.3348889465041915,0.0,0.483814215341309,0.0,0.0,0.0,0.0,0.0,0.0,0.0,0.0,0.0,0.0,0.0,0.0,0.0,0.0,0.0,0.0,0.0,0.0,0.0,0.0,0.0,0.0,0.0,0.0,0.0,0.0,0.0,0.0,0.0,0.0,0.0,1.540963825446584,0.20525451559934318,16.420268178472448,5.834975369458128,0.01741642318193467,1.8633110973403288,2.022929894437232,0.00423698733478162,0.3768472906403941,0.0034832846363869337,0.01741642318193467,2.0959585506093763,11.116995073891626,2.2244176033459913,5.762613160959963,15.19132381501104,14.586233065595394,14.110093051382577,16.055986750971353,18.88471745379583,0.0003126184160666919,0.0005811943652234033,2020,7
2020-08-01,306,0.3844675124951941,0.0,1.4843943275315825,0.0,0.0,0.0,0.0,0.0,0.6535947712418301,0.0,0.0,0.0,0.19223375624759706,0.0,0.0,0.0,0.0,0.19223375624759706,0.0,0.0,0.0,0.0,0.0,0.0,0.0,0.0,0.0,0.0,0.0,0.13071895424836602,0.7391845627139745,0.0,0.614490810569242,0.0,0.0,0.0,0.0,0.0,0.0,0.0,0.0,0.0,0.0,0.0,0.0,0.0,0.0,0.0,0.0,0.0,0.0,0.0,0.0,0.0,0.0,0.0,0.0,0.0,0.0,0.0,0.6535947712418301,0.0,0.0,0.0,0.32528443476155894,0.0,18.099571910530244,5.683006535947713,0.027729677693590096,1.8581402547713453,2.0723227986048194,0.007152329505635652,0.4019607843137255,0.0,0.027729677693590096,2.036939700338393,11.34640522875817,2.1860244911352256,6.265122144092934,15.142800747414825,14.564756093370333,14.072082125527444,16.261379633600598,18.836411138911192,0.00021786492374727668,0.0008699035169623406,2020,8
2020-09-01,282,0.9141567652205951,1.6176101282484263,1.7552153034005349,0.0,0.0,0.0,0.0,0.0,0.0,0.0,0.25329280648429586,0.0,0.0,0.0,0.0,0.0,0.0,0.6608639587362992,0.0,0.0,0.0,0.0,0.0,1.212341637873553,0.4052684903748734,0.0,0.0,0.0,0.0,0.0,0.25329280648429586,0.0,1.5019224969162388,0.0,0.0,0.0,0.0,0.0,0.0,0.0,0.0,0.0,0.0,0.0,0.0,0.0,0.0,0.0,0.0,0.0,0.0,0.0,0.0,0.0,0.0,0.0,0.0,0.0,0.0,0.0,0.0,0.0,0.0,0.0,1.110050312177972,0.0,19.445823497681083,5.847517730496454,0.017552295986900116,1.8473671767049487,1.9789928562722678,0.0035418025830709163,0.3404255319148936,0.0,0.017552295986900116,2.3301166918188194,11.163120567375886,2.232105966010958,1.1196259635522057,15.79137979912495,14.84996210741832,14.126859465819733,16.82774434807386,19.198360593306077,0.0002955082742316785,0.0002532928064842958,2020,9
2020-10-01,343,1.031977416817067,0.41649312786339027,0.6206646915562061,0.0,0.0,0.0,0.0,0.0,0.0,0.0,0.0,0.0,0.41649312786339027,0.0,0.0,0.0,0.0,0.2915451895043732,0.3239390994493035,0.0,0.0,0.0,0.0,0.41649312786339027,0.0,0.0,0.0,0.0,0.0,0.0,0.15344483658124902,0.0,0.46721985497495705,0.0,0.0,0.0,0.0,0.0,0.0,0.0,0.0,0.0,0.0,0.0,0.0,0.0,0.0,0.0,0.0,0.0,0.0,0.0,0.0,0.0,0.0,0.0,0.0,0.0,0.0,0.0,0.0,0.0,0.0,0.0,1.8462260354505975,0.0,19.941769503977845,5.740524781341108,0.028861501272920306,1.8503607291133533,2.0432340461623633,0.004463814207591563,0.3556851311953353,0.0020615358052085936,0.028861501272920306,3.2390350174606732,11.08600583090379,2.247623212781715,0.32547557610323624,15.893401245210868,14.9823733598751,14.233033158552432,16.81305908224226,19.55121073274139,0.0006537680007067762,0.0006717473957001347,2020,10
2020-11-01,318,1.4932001960303847,0.411663807890223,0.5601313680056598,0.0,0.3494060097833682,0.20964360587002098,0.0,0.0,0.18497965223825377,0.0,0.0,0.0,0.22461814914645103,0.0,0.0,0.0,0.19654088050314467,0.5765199161425576,0.49552125023823135,0.0,0.0,0.0,0.0,0.12578616352201258,0.2858776443682104,0.0,0.0,0.0,0.0,0.0,0.0,0.0,0.5601313680056598,0.0,0.0,0.0,0.0,0.0,0.0,0.0,0.0,0.0,0.0,0.3494060097833682,0.0,0.0,0.0,0.0,0.20964360587002098,0.0,0.0,0.0,0.0,0.0,0.0,0.0,0.0,0.0,0.0,0.18497965223825377,0.0,0.0,0.0,0.0,0.8533569854324571,0.0,18.820805140770705,5.89937106918239,0.0,1.8393434607294064,2.010689558503269,0.0,0.36792452830188677,0.0,0.0,2.9567994898183576,11.522012578616351,2.242754000234755,0.14390199145753302,16.024303387277712,14.703848014011829,14.61211249181074,16.980016973242382,20.110772563591706,0.0002858776443682104,0.0,2020,11
2020-12-01,281,1.9235178330845066,0.9706633816954102,0.4961675335340816,0.0,0.0,0.0,0.0,0.0,0.0,0.20933640360058614,0.0,0.0,0.49144212845280466,0.0,0.0,0.0,0.0,0.35587188612099646,0.8668674149101195,0.0,0.0,0.0,0.0,0.6741034765945798,0.0,0.0,0.29655990510083036,0.0,0.0,0.0,0.0,0.0,0.4961675335340816,0.0,0.0,0.0,0.0,0.0,0.0,0.0,0.0,0.0,0.0,0.0,0.0,0.0,0.0,0.0,0.0,0.0,0.0,0.0,0.0,0.0,0.0,0.0,0.0,0.0,0.0,0.0,0.0,0.0,0.0,0.0,1.247669886459922,0.0,17.406787532111537,5.868327402135232,0.03522951934737247,1.848123728023978,2.064798929348673,0.009346146295726929,0.3807829181494662,0.0050327884781960685,0.03522951934737247,0.795769078687228,11.54982206405694,2.186919126678846,5.534668575139161,15.288132595448277,14.596592185178999,14.109711581624685,16.12650236691745,18.73310326378144,0.0007286900525334688,0.0,2020,12
2021-01-01,262,0.611665688001566,0.29359953024075164,1.5689935896196383,0.0,0.0,0.0,0.0,0.0,0.0,0.0,0.3180661577608142,0.0,0.0,0.0,0.0,0.0,0.0,0.29359953024075164,0.0,0.0,0.0,0.0,0.0,0.29359953024075164,0.0,0.0,0.0,0.0,0.0,0.0,0.22451728783116298,0.0,1.3444763017884753,0.0,0.0,0.0,0.0,0.0,0.0,0.0,0.0,0.0,0.0,0.0,0.0,0.0,0.0,0.0,0.0,0.0,0.0,0.0,0.0,0.0,0.0,0.0,0.0,0.0,0.0,0.0,0.0,0.0,0.0,0.0,0.7286606523247745,0.0,18.04695781652961,5.927480916030534,0.023794673735427502,1.8983596886054552,2.140790676302274,0.013123253401512687,0.4847328244274809,0.010300269514310186,0.023794673735427502,2.900954506253114,11.763994910941475,2.2328532567000945,-1.4575320371354024,16.246690256769227,15.001873132528752,14.582154836770245,17.256584062596836,20.184060180622705,0.0006249720994598455,0.0004789702140398144,2021,1
2021-02-01,281,0.11862396204033215,0.2372479240806643,0.8540925266903915,0.0,0.0,0.0,0.0,0.0,0.0,0.0,0.0,0.0,0.0,0.0,0.0,0.0,0.0,0.0,0.11862396204033215,0.0,0.0,0.0,0.0,0.2372479240806643,0.0,0.0,0.0,0.0,0.0,0.0,0.17793594306049823,0.0,0.6761565836298933,0.0,0.0,0.0,0.0,0.0,0.0,0.0,0.0,0.0,0.0,0.0,0.0,0.0,0.0,0.0,0.0,0.0,0.0,0.0,0.0,0.0,0.0,0.0,0.0,0.0,0.0,0.0,0.0,0.0,0.0,0.0,1.0489747500423656,0.0,19.73509013539092,5.9288256227758005,0.025163942390980337,1.8603272990892807,2.109100665688565,0.009972982363178574,0.39501779359430605,0.0050327884781960685,0.025163942390980337,5.01701467854957,11.297153024911031,2.2073676058803913,2.875285072859804,15.567560353323218,14.721782609159959,14.169451068748375,16.606110313821752,19.24027869775891,0.00011862396204033214,0.00017793594306049823,2021,2
2021-03-01,300,0.9391534391534392,0.3888888888888889,1.0874756335282652,0.0,0.22222222222222224,0.0,0.0,0.0,0.2380952380952381,0.0,0.5158730158730158,0.0,0.2380952380952381,0.0,0.0,0.0,0.0,0.18518518518518517,0.0,0.0,0.0,0.0,0.0,0.3888888888888889,0.0,0.0,0.0,0.0,0.0,0.0,0.17543859649122806,0.0,0.912037037037037,0.0,0.0,0.0,0.0,0.0,0.0,0.0,0.0,0.0,0.0,0.22222222222222224,0.0,0.0,0.0,0.0,0.0,0.0,0.0,0.0,0.0,0.0,0.0,0.0,0.0,0.0,0.0,0.2380952380952381,0.0,0.0,0.0,0.0,0.38126361655773416,0.13333333333333333,20.666321973797256,5.736666666666666,0.01885618083164127,1.8856546018581146,2.05900650010229,0.008432903094150677,0.44333333333333336,0.009428090415820635,0.01885618083164127,4.383247743541861,11.361666666666666,2.223478912947529,1.909707759612607,15.71780035583024,14.818284758957512,14.250092209268056,16.944193094975468,19.35352695263839,0.0005664488017429194,0.00036062378167641323,2021,3
2021-04-01,258,1.0054329821771684,0.8518613169775962,1.5291514031524112,0.0,0.0,0.0,0.0,0.0,0.0,0.0,0.5963029218843173,0.0,0.1937984496124031,0.0,0.0,0.0,0.21533161068044787,0.0,0.0,0.0,0.0,0.0,0.0,0.8518613169775962,0.0,0.0,0.0,0.0,0.0,0.0,0.20399836801305588,0.0,1.3251530351393552,0.0,0.0,0.0,0.0,0.0,0.0,0.0,0.0,0.0,0.0,0.0,0.0,0.0,0.0,0.0,0.0,0.0,0.0,0.0,0.0,0.0,0.0,0.0,0.0,0.0,0.0,0.0,0.0,0.0,0.0,0.0,1.8487756859849884,0.0,18.881635365570887,5.6434108527131785,0.0,1.834642348088309,2.0459848469987136,0.0,0.3333333333333333,0.0,0.0,2.4208150490640232,11.023255813953488,2.2440775878540395,0.24231445132934815,15.878314497973731,14.738827392515141,14.257358615673185,16.71975943655644,19.692008992037636,0.0,0.00044624643002855977,2021,4
2021-05-01,246,1.871209188282359,0.5645889792231255,0.6514488221805296,0.0,0.0,0.0,0.0,0.0,0.0,0.0,0.0,0.0,0.6323396567299006,0.0,0.0,0.0,0.0,0.29036004645760743,0.9485094850948509,0.0,0.0,0.0,0.0,0.3387533875338753,0.0,0.0,0.22583559168925021,0.0,0.0,0.0,0.3126954346466542,0.0,0.3387533875338753,0.0,0.0,0.0,0.0,0.0,0.0,0.0,0.0,0.0,0.0,0.0,0.0,0.0,0.0,0.0,0.0,0.0,0.0,0.0,0.0,0.0,0.0,0.0,0.0,0.0,0.0,0.0,0.0,0.0,0.0,0.0,0.6775067750677507,0.0,20.488074043096823,5.9105691056910565,0.017246506858208478,1.8140496470120007,2.0341425613716635,0.001847840020522336,0.3333333333333333,0.0,0.017246506858208478,4.943037394615587,11.252032520325203,2.190733324318992,3.4742786737036733,15.466541321473269,14.77445604184502,14.00831370999078,16.665040429776184,18.971705673710506,0.0004065040650406504,0.00031269543464665416,2021,5
2021-06-01,288,1.7193647401980736,0.31565656565656564,0.8780734516028633,0.0,0.0,0.0,0.0,0.3472222222222222,0.0,0.0,0.0,0.0,0.12400793650793651,0.0,0.3472222222222222,0.0,0.0,0.9009123592456925,0.3472222222222222,0.0,0.0,0.0,0.0,0.31565656565656564,0.0,0.0,0.0,0.0,0.0,0.0,0.34313725490196073,0.0,0.5349361967009025,0.0,0.0,0.0,0.0,0.0,0.0,0.0,0.0,0.0,0.0,0.0,0.0,0.0,0.0,0.0,0.0,0.0,0.0,0.0,0.0,0.0,0.0,0.0,0.0,0.3472222222222222,0.0,0.0,0.0,0.0,0.0,0.0,1.9297860137320921,0.0,16.64507352280339,5.836805555555555,0.022097086912079608,1.8411746018273816,2.013311009127966,0.00464515481892109,0.3958333333333333,0.004910463758239914,0.022097086912079608,3.5167572580498274,11.09201388888889,2.205623890013806,2.7422194368024693,15.529327081115817,14.792351144556376,13.961062118854375,16.67856083787044,19.157341638950687,0.0003156565656565657,0.00034313725490196074,2021,6
2021-07-01,273,1.8381939880255806,0.7522239665096808,1.363925523589389,0.0,0.0,0.0,0.0,0.0,0.0,0.0,0.0,0.0,1.1019916902269844,0.0,0.0,0.0,0.0,0.0,0.7362022977985963,0.0,0.0,0.0,0.0,0.7522239665096808,0.0,0.0,0.0,0.0,0.0,0.0,0.333000333000333,0.0,1.0309251905890562,0.0,0.0,0.0,0.0,0.0,0.0,0.0,0.0,0.0,0.0,0.0,0.0,0.0,0.0,0.0,0.0,0.0,0.0,0.0,0.0,0.0,0.0,0.0,0.0,0.0,0.0,0.0,0.0,0.0,0.0,0.0,1.3522588522588523,0.0,18.727796461015256,5.7655677655677655,0.034923601865379,1.8165507323481367,2.0691596353840938,0.004324517235758097,0.2967032967032967,0.0025901347296210533,0.034923601865379,2.2713397713397714,11.38034188034188,2.2459570206682757,-1.4560268695207221,16.191176287065502,14.92575102010396,14.433804165108713,16.854242321329092,19.988091741618316,0.0004995004995004995,0.000333000333000333,2021,7
2021-08-01,215,1.8549990061617971,0.46511627906976744,1.4363885088919288,0.0,0.0,0.0,0.0,0.0,0.0,0.0,0.3577817531305904,0.0,0.9739614390777181,0.0,0.0,0.0,0.0,0.29069767441860467,0.23255813953488372,0.0,0.0,0.0,0.0,0.46511627906976744,0.0,0.0,0.0,0.0,0.0,0.0,0.0,0.0,1.4363885088919288,0.0,0.0,0.0,0.0,0.0,0.0,0.0,0.0,0.0,0.0,0.0,0.0,0.0,0.0,0.0,0.0,0.0,0.0,0.0,0.0,0.0,0.0,0.0,0.0,0.0,0.0,0.0,0.0,0.0,0.0,0.0,0.38759689922480617,0.0,22.003573643072524,5.725581395348837,0.0032888687497048723,1.8625596106456563,2.0848062746918217,0.0008222171874262181,0.4046511627906977,0.0,0.0032888687497048723,2.2168438037111087,11.462790697674418,2.243299482645764,-0.09692381416321616,16.026350635908088,14.957192097246304,14.359119682343925,16.896170033899086,19.41661658448556,0.00020222446916076846,0.0,2021,8
2021-09-01,275,1.3321678321678323,0.5903187721369539,1.266955266955267,0.0,0.0,0.0,0.0,0.0,0.0,0.27972027972027974,0.27972027972027974,0.0,0.0,0.0,0.0,0.0,0.0,0.4696969696969698,0.30303030303030304,0.0,0.0,0.0,0.0,0.5903187721369539,0.0,0.0,0.0,0.0,0.0,0.0,0.7619047619047619,0.0,0.505050505050505,0.0,0.0,0.0,0.0,0.0,0.0,0.0,0.0,0.0,0.0,0.0,0.0,0.0,0.0,0.0,0.0,0.0,0.0,0.0,0.0,0.0,0.0,0.0,0.0,0.0,0.0,0.0,0.0,0.0,0.0,0.0,0.9972451790633609,0.0,22.730104172094407,5.6872727272727275,0.030855568633594798,1.8514112442737303,1.9992087138681687,0.006695391245709695,0.3890909090909091,0.0102851895445316,0.030855568633594798,1.6777144682283023,10.914545454545454,2.2409785303000955,0.6874809339509796,15.810774462468482,15.01613917135821,14.168650278622794,16.721532770295127,19.55455438470331,0.0009366391184573002,0.0007619047619047618,2021,9
2021-10-01,310,0.808174800110284,0.8699199282690744,0.3584229390681003,0.0,0.0,0.0,0.0,0.0,0.0,0.0,0.0,0.0,0.0,0.0,0.0,0.0,0.0,0.0,0.808174800110284,0.0,0.0,0.0,0.0,0.8699199282690744,0.0,0.0,0.0,0.0,0.0,0.0,0.0,0.0,0.3584229390681003,0.0,0.0,0.0,0.0,0.0,0.0,0.0,0.0,0.0,0.0,0.0,0.0,0.0,0.0,0.0,0.0,0.0,0.0,0.0,0.0,0.0,0.0,0.0,0.0,0.0,0.0,0.0,0.0,0.0,0.0,0.0,1.3517380092082978,0.21505376344086022,16.83428064495177,5.638709677419355,0.009123958466923194,1.8289894146976613,2.090293253958337,0.004146513267557059,0.32903225806451614,0.0022809896167307986,0.009123958466923194,1.754049101247743,11.112903225806452,2.207490008510083,-0.2859442930317583,15.914781491290206,14.982435204575212,14.133507405916223,17.16584197488071,19.370023252045627,0.000518334711883099,0.0,2021,10
2021-11-01,306,0.9823373793962028,0.5602240896358543,0.635439360929557,0.0,0.0,0.0,0.0,0.0,0.0,0.0,0.0,0.0,0.0,0.0,0.0,0.0,0.2178649237472767,0.2042483660130719,0.5602240896358543,0.0,0.0,0.0,0.0,0.5602240896358543,0.0,0.0,0.0,0.0,0.0,0.0,0.3631082062454611,0.0,0.27233115468409586,0.0,0.0,0.0,0.0,0.0,0.0,0.0,0.0,0.0,0.0,0.0,0.0,0.0,0.0,0.0,0.0,0.0,0.0,0.0,0.0,0.0,0.0,0.0,0.0,0.0,0.0,0.0,0.0,0.0,0.0,0.0,0.7625272331154683,0.0,15.750011877386976,5.7745098039215685,0.016175645321260892,1.8431863190075328,1.9868634430281915,0.006054863155118235,0.32679738562091504,0.004621612948931684,0.016175645321260892,1.1789227475501987,10.82843137254902,2.2041635486279754,2.1469405303479445,15.549556092480048,14.80167639870882,13.929780966975096,16.341096281892916,19.012421890036777,0.0007414183110777538,0.00036310820624546115,2021,11
2021-12-01,287,2.1606245365967482,0.6164567140176896,0.6405001024800163,0.0,0.0,0.0,0.0,0.0,0.0,0.0,0.4355400696864111,0.0,0.8006898250800689,0.0,0.0,0.0,0.0,0.20496003279360522,0.719434609036663,0.0,0.0,0.0,0.0,0.34843205574912894,0.0,0.0,0.26802465826856076,0.0,0.0,0.0,0.0,0.0,0.6405001024800163,0.0,0.0,0.0,0.0,0.0,0.0,0.0,0.0,0.0,0.0,0.0,0.0,0.0,0.0,0.0,0.0,0.0,0.0,0.0,0.0,0.0,0.0,0.0,0.0,0.0,0.0,0.0,0.0,0.0,0.0,0.0,0.6678281068524972,0.0,18.81121892656171,5.857142857142857,0.03202922702238717,1.8374632322417332,2.015352248474277,0.0019162785398009418,0.37282229965156793,0.0024637866940297824,0.03202922702238717,5.604323847250029,11.142857142857142,2.2027528246153176,3.3417260598855676,15.461874882644775,14.768070593532672,14.125681444828098,16.510035125060753,19.19903194567963,0.00045140995076810227,0.00038714672861014324,2021,12
2022-01-01,275,2.2271163180254088,0.0,0.25974025974025977,0.0,0.0,0.0,0.0,0.0,0.0,0.0,0.1652892561983471,0.0,1.479076479076479,0.0,0.0,0.0,0.0,0.0,0.5827505827505828,0.0,0.0,0.0,0.0,0.0,0.0,0.0,0.0,0.0,0.0,0.0,0.0,0.0,0.25974025974025977,0.0,0.0,0.0,0.0,0.0,0.0,0.0,0.0,0.0,0.0,0.0,0.0,0.0,0.0,0.0,0.0,0.0,0.0,0.0,0.0,0.0,0.0,0.0,0.0,0.0,0.0,0.0,0.0,0.0,0.0,0.0,0.26515151515151514,0.0,18.557554391694556,5.829090909090909,0.0334268660197277,1.8592306913451369,2.030076017599833,0.006805696735476118,0.39636363636363636,0.0051425947722658,0.0334268660197277,2.689882914020845,11.350909090909092,2.2143242271035977,1.4686105276556518,15.788094813572213,14.721042162918858,14.228816852995816,16.611108274269377,19.359614382465814,0.0002797202797202797,0.0,2022,1
2022-02-01,254,1.8459702566623413,0.6203769983297542,1.156105486814148,0.0,0.0,0.0,0.0,0.0,0.21872265966754154,0.0,0.0,0.0,1.1852136903939638,0.0,0.0,0.0,0.0,0.35790980672870437,0.302846759539673,0.0,0.0,0.0,0.0,0.6203769983297542,0.0,0.0,0.0,0.0,0.0,0.0,0.5436820397450319,0.0,0.6124234470691163,0.0,0.0,0.0,0.0,0.0,0.0,0.0,0.0,0.0,0.0,0.0,0.0,0.0,0.0,0.0,0.0,0.0,0.0,0.0,0.0,0.0,0.0,0.0,0.0,0.0,0.0,0.21872265966754154,0.0,0.0,0.0,0.0,1.306370794559771,0.4921259842519685,18.955656736915117,5.980314960629921,0.01391942482650684,1.8506383343832704,2.0366185405474333,0.00429182265483961,0.3700787401574803,0.0027838849653013683,0.01391942482650684,2.603601271467142,11.55511811023622,2.2048945637818727,0.3524310030855736,15.952656679769179,14.921743259378058,14.443265484450507,17.15113451762569,19.657402520987027,0.0,0.0005436820397450319,2022,2
2022-03-01,248,0.7561211190243449,0.9066034771679933,0.23719165085388993,0.0,0.0,0.0,0.0,0.0,0.0,0.11200716845878135,0.0,0.0,0.0,0.0,0.0,0.0,0.0,0.0,0.6441139505655635,0.0,0.0,0.0,0.0,0.5400345622119817,0.0,0.0,0.36656891495601174,0.0,0.0,0.0,0.0,0.0,0.23719165085388993,0.0,0.0,0.0,0.0,0.0,0.0,0.0,0.0,0.0,0.0,0.0,0.0,0.0,0.0,0.0,0.0,0.0,0.0,0.0,0.0,0.0,0.0,0.0,0.0,0.0,0.0,0.0,0.0,0.0,0.0,0.0,0.4032258064516129,0.0,22.73877254143397,5.798387096774194,0.005702474041826997,1.8776309925782728,2.0528533179478528,0.005654953424811771,0.3911290322580645,0.0028512370209134983,0.005702474041826997,5.941085124552867,11.306451612903226,2.2457299162463085,-1.1125964940781015,16.09913513213368,15.068008116278305,14.39979824459851,16.78757026422429,19.925233624172286,0.001357674583481035,0.0,2022,3
2022-04-01,243,0.3846842011093219,0.6331117442228554,0.4572473708276177,0.0,0.0,0.0,0.0,0.0,0.0,0.0,0.0,0.0,0.1789228842368939,0.0,0.0,0.0,0.0,0.0,0.205761316872428,0.0,0.0,0.0,0.0,0.6331117442228554,0.0,0.0,0.0,0.0,0.0,0.0,0.0,0.0,0.4572473708276177,0.0,0.0,0.0,0.0,0.0,0.0,0.0,0.0,0.0,0.0,0.0,0.0,0.0,0.0,0.0,0.0,0.0,0.0,0.0,0.0,0.0,0.0,0.0,0.0,0.0,0.0,0.0,0.0,0.0,0.0,0.0,1.8184813139187803,0.0,21.21901845033815,5.790123456790123,0.014549522246636781,1.8158512642717262,2.0347908814311806,0.005528818453721975,0.3333333333333333,0.0,0.014549522246636781,4.911711288737917,11.216049382716049,2.232864403484287,-1.3735316175402676,16.12891812645979,15.021202738746673,14.344904808719784,17.23382635216511,19.99968419420363,0.0,0.0,2022,4
2022-05-01,289,0.19223375624759706,0.26616981634282677,0.9005412119598971,0.0,0.0,0.0,0.0,0.0,0.0,0.0,0.0,0.0,0.0,0.0,0.0,0.0,0.0,0.0,0.19223375624759706,0.0,0.0,0.0,0.0,0.0,0.0,0.0,0.26616981634282677,0.0,0.0,0.0,0.2883506343713956,0.0,0.6121905775885015,0.0,0.0,0.0,0.0,0.0,0.0,0.0,0.0,0.0,0.0,0.0,0.0,0.0,0.0,0.0,0.0,0.0,0.0,0.0,0.0,0.0,0.0,0.0,0.0,0.0,0.0,0.0,0.0,0.0,0.0,0.0,0.1647717910693689,0.0,20.56439128484829,5.9100346020761245,0.009786945068325918,1.8582005884983157,2.0324367480173056,0.0028915974065508387,0.4083044982698962,0.0,0.009786945068325918,2.785985792268801,11.584775086505191,2.2330955685681637,-0.3647883322821796,16.062684817244953,15.00593862933485,14.49682630348875,17.40083345301798,19.7663268483177,0.0005382545174932718,0.0005046136101499423,2022,5
2022-06-01,265,1.24796587060738,0.8385744234800838,0.0,0.0,0.0,0.0,0.0,0.0,0.0,0.0,0.31446540880503143,0.0,0.0,0.0,0.0,0.0,0.2902757619738752,0.17152658662092624,0.4716981132075472,0.0,0.0,0.0,0.0,0.4192872117400419,0.0,0.0,0.4192872117400419,0.0,0.0,0.0,0.0,0.0,0.0,0.0,0.0,0.0,0.0,0.0,0.0,0.0,0.0,0.0,0.0,0.0,0.0,0.0,0.0,0.0,0.0,0.0,0.0,0.0,0.0,0.0,0.0,0.0,0.0,0.0,0.0,0.0,0.0,0.0,0.0,0.0,0.5503144654088049,0.0,20.433932820170334,5.80377358490566,0.024870129695232567,1.8594622443825082,2.019297920088943,0.005136130223872939,0.33962264150943394,0.0021786802610929278,0.024870129695232567,0.6364180892482779,11.024528301886793,2.21433516069779,0.3875916001243211,15.828757329337229,14.970651104389194,14.121604528673561,16.91604529706907,19.22243438527222,0.00025157232704402514,0.0,2022,6
2022-07-01,243,0.7886260972680726,0.4997060552616108,1.2288523090992225,0.0,0.21659085986571366,0.0,0.0,0.0,0.0,0.0,0.205761316872428,0.0,0.0,0.0,0.0,0.0,0.0,0.19596315892612187,0.3869016214695227,0.0,0.0,0.0,0.0,0.29394473838918284,0.0,0.0,0.205761316872428,0.0,0.0,0.0,0.0,0.0,1.2288523090992225,0.0,0.0,0.0,0.0,0.0,0.0,0.0,0.0,0.0,0.0,0.21659085986571366,0.0,0.0,0.0,0.0,0.0,0.0,0.0,0.0,0.0,0.0,0.0,0.0,0.0,0.0,0.0,0.0,0.0,0.0,0.0,0.0,1.2640953817424405,0.0,16.910946538091743,5.757201646090535,0.032008948942600916,1.8362078965679949,2.0228598967754325,0.008167096291143256,0.3292181069958848,0.002909904449327356,0.032008948942600916,3.9279610085710304,10.965020576131687,2.2358105023214145,-1.6470530689074538,16.08988242758395,15.193896224873862,14.244638331383047,17.381908095998938,19.91429516300717,0.0006903833658219623,0.0,2022,7
2022-08-01,256,2.226549492174492,1.3607486263736264,0.439453125,0.0,0.0,0.0,0.0,0.0,0.0,0.0,0.0,0.0,0.9523679445554446,0.0,0.0,0.0,0.2604166666666667,0.27901785714285715,0.7347470238095238,0.0,0.0,0.0,0.0,1.0817307692307692,0.0,0.0,0.27901785714285715,0.0,0.0,0.0,0.0,0.0,0.439453125,0.0,0.0,0.0,0.0,0.0,0.0,0.0,0.0,0.0,0.0,0.0,0.0,0.0,0.0,0.0,0.0,0.0,0.0,0.0,0.0,0.0,0.0,0.0,0.0,0.0,0.0,0.0,0.0,0.0,0.0,0.0,0.992063492063492,0.0,18.47314182374498,5.78125,0.030383494504109463,1.834491342760909,2.0357373553145384,0.014260203392035688,0.34375,0.005524271728019903,0.030383494504109463,3.1232219450280114,11.349609375,2.240685430355216,-1.1994202710594517,16.13603800766551,15.017191430416384,14.309504900868445,17.00508960635387,19.633313963597313,0.0,0.0003255208333333333,2022,8
2022-09-01,260,1.9351908774985698,1.4908168754322602,1.9012397858551706,0.0,0.0,0.0,0.0,0.0,0.0,0.0,0.0,0.0,0.0,0.0,0.0,0.0,0.29585798816568054,0.6944444444444444,0.9448884448884449,0.0,0.0,0.0,0.0,0.8991008991008991,0.0,0.0,0.5917159763313611,0.0,0.0,0.0,0.29585798816568054,0.0,1.6053817976894902,0.0,0.0,0.0,0.0,0.0,0.0,0.0,0.0,0.0,0.0,0.0,0.0,0.0,0.0,0.0,0.0,0.0,0.0,0.0,0.0,0.0,0.0,0.0,0.0,0.0,0.0,0.0,0.0,0.0,0.0,0.0,1.282883782883783,0.0,19.53700728652969,5.634615384615385,0.013867504905630728,1.800882110211634,2.0170240695172446,0.002601901033810713,0.3230769230769231,0.004441155916843275,0.013867504905630728,4.189430396414203,10.95897435897436,2.241139258729548,-2.0407835002934456,16.144345757360448,15.14738642538381,14.091398292783706,17.188836776764564,19.65432531375375,0.0002403846153846154,0.0002958579881656805,2022,9
2022-10-01,322,0.8938753366959432,0.9480999250820222,1.514803752655415,0.0,0.0,0.0,0.0,0.0,0.0,0.0,0.2218278615794144,0.0,0.282326369282891,0.0,0.0,0.0,0.0,0.0,0.3897211058336378,0.0,0.0,0.0,0.0,0.9480999250820222,0.0,0.0,0.0,0.0,0.0,0.0,0.282326369282891,0.0,1.232477383372524,0.0,0.0,0.0,0.0,0.0,0.0,0.0,0.0,0.0,0.0,0.0,0.0,0.0,0.0,0.0,0.0,0.0,0.0,0.0,0.0,0.0,0.0,0.0,0.0,0.0,0.0,0.0,0.0,0.0,0.0,0.0,0.6211180124223602,0.0,22.012770861442007,5.714285714285714,0.031104823580847995,1.8206622291670913,2.055465490003434,0.006949622858287436,0.3198757763975155,0.00969354143962622,0.031104823580847995,2.268413953196562,11.076604554865424,2.2182964203808426,-0.7417067500039319,15.980144761145436,14.931707522524452,14.359298477668279,17.116082527739813,19.889079617770648,0.00034198461993493047,0.000282326369282891,2022,10
2022-11-01,314,2.0515735939154065,0.19904458598726116,0.6709781353596305,0.0,0.0,0.0,0.0,0.0,0.0,0.0,0.0,0.0,0.3950960203055409,0.0,0.0,0.0,0.0,0.0,1.6564775736098656,0.0,0.0,0.0,0.0,0.19904458598726116,0.0,0.0,0.0,0.0,0.0,0.0,0.0,0.0,0.6709781353596305,0.0,0.0,0.0,0.0,0.0,0.0,0.0,0.0,0.0,0.0,0.0,0.0,0.0,0.0,0.0,0.0,0.0,0.0,0.0,0.0,0.0,0.0,0.0,0.0,0.0,0.0,0.0,0.0,0.0,0.0,0.0,1.4615852635463766,0.0,17.017599479712153,5.74203821656051,0.02702318908993175,1.831824480192067,2.030792877618209,0.009001880521516226,0.33121019108280253,0.004503864848321959,0.02702318908993175,2.164711010671453,10.964968152866241,2.254910144407085,-3.4909928345391,16.3492042978774,15.358008028820022,14.330295185743433,17.459305250586482,19.957516857657513,0.00018733608092918696,0.0,2022,11
2022-12-01,256,0.8566337719298246,1.514952571937866,1.2478298611111112,0.0,0.0,0.0,0.0,0.0,0.0,0.0,0.0,0.0,0.0,0.0,0.0,0.0,0.0,0.20559210526315788,0.6510416666666667,0.0,0.0,0.0,0.0,1.2851731601731602,0.0,0.0,0.22977941176470587,0.0,0.0,0.0,0.48828125,0.0,0.759548611111111,0.0,0.0,0.0,0.0,0.0,0.0,0.0,0.0,0.0,0.0,0.0,0.0,0.0,0.0,0.0,0.0,0.0,0.0,0.0,0.0,0.0,0.0,0.0,0.0,0.0,0.0,0.0,0.0,0.0,0.0,0.0,0.5967881944444444,0.0,19.611640744392776,5.8125,0.011048543456039806,1.8272908924251263,2.0748365813669056,0.001534519924449973,0.34765625,0.0027621358640099515,0.011048543456039806,2.8211805555555554,11.2265625,2.212538111464747,0.6603030895841704,15.835886267498903,15.009447799550458,14.32356450853868,16.966616257548377,19.78991215011767,0.00021701388888888888,0.0007672991071428571,2022,12
2023-01-01,276,0.4719279015954208,2.2633932800173207,0.5306690089298784,0.0,0.0,0.0,0.0,0.0,0.0,0.0,0.0,0.0,0.2587991718426501,0.0,0.0,0.0,0.0,0.0,0.21312872975277067,0.0,0.0,0.0,0.0,1.506786289394985,0.0,0.0,0.5150610969025291,0.24154589371980678,0.0,0.0,0.20128824476650561,0.0,0.32938076416337286,0.0,0.0,0.0,0.0,0.0,0.0,0.0,0.0,0.0,0.0,0.0,0.0,0.0,0.0,0.0,0.0,0.0,0.0,0.0,0.0,0.0,0.0,0.0,0.0,0.0,0.0,0.0,0.0,0.0,0.0,0.0,1.7682398117180727,0.0,20.768584617239565,5.938405797101449,0.0358677352775785,1.8359052140171865,2.027147035820357,0.013172205812617212,0.3333333333333333,0.005123962182511215,0.0358677352775785,2.2855378268567574,11.333333333333334,2.226121563050525,-1.3634201939346284,16.152049430722855,14.974819058434365,14.355581833302738,17.275462671191228,19.86031713814903,0.0005202526941657376,0.00020128824476650564,2023,1
2023-02-01,269,1.3154766243548224,1.48108809818847,0.28595939376608526,0.0,0.0,0.0,0.0,0.0,0.0,0.0,0.0,0.0,0.21867483052700634,0.0,0.0,0.0,0.5989260636100784,0.2655337227827934,0.23234200743494424,0.0,0.0,0.0,0.0,0.7375936743966484,0.0,0.0,0.7434944237918215,0.0,0.0,0.0,0.28595939376608526,0.0,0.0,0.0,0.0,0.0,0.0,0.0,0.0,0.0,0.0,0.0,0.0,0.0,0.0,0.0,0.0,0.0,0.0,0.0,0.0,0.0,0.0,0.0,0.0,0.0,0.0,0.0,0.0,0.0,0.0,0.0,0.0,0.0,1.6152373029696452,0.0,20.16739445418362,5.836431226765799,0.0,1.8587664633014163,2.129674073826092,0.0,0.379182156133829,0.0,0.0,3.3815038133866038,11.364312267657992,2.228283213774506,-1.0196407329947792,16.086691015435512,15.135998572333573,14.275197755654002,17.23846426915784,19.73322357170834,0.0,0.0005514931165488786,2023,2
2023-03-01,336,1.2966943770515198,1.6121031746031744,1.0783858998144713,0.0,0.0,0.0,0.0,0.0,0.0,0.0,0.0,0.0,0.4995004995004995,0.0,0.0,0.0,0.37202380952380953,0.4251700680272109,0.0,0.0,0.0,0.0,0.0,1.314484126984127,0.0,0.0,0.0,0.2976190476190476,0.0,0.0,0.0,0.0,1.0783858998144713,0.0,0.0,0.0,0.0,0.0,0.0,0.0,0.0,0.0,0.0,0.0,0.0,0.0,0.0,0.0,0.0,0.0,0.0,0.0,0.0,0.0,0.0,0.0,0.0,0.0,0.0,0.0,0.0,0.0,0.0,0.0,0.8492664742664742,0.0,18.235821920630368,5.8898809523809526,0.006313453403451317,1.8356034280421178,2.050165278471135,0.0007174378867558313,0.35714285714285715,0.0,0.006313453403451317,2.1270053851189754,11.446428571428571,2.2260653307580136,-3.400957757054959,16.39357054258034,15.12977048617197,14.387242834644661,17.62048831182711,19.980855649543884,0.0,0.0,2023,3
2023-04-01,257,0.5969225327201981,1.186207297445567,1.0948843633668535,0.0,0.0,0.0,0.0,0.0,0.0,0.0,0.0,0.0,0.0,0.0,0.0,0.0,0.0,0.0,0.5969225327201981,0.0,0.0,0.0,0.0,0.9700378205757011,0.21616947686986596,0.0,0.0,0.0,0.0,0.0,0.4632203075782842,0.0,0.6316640557885693,0.0,0.0,0.0,0.0,0.0,0.0,0.0,0.0,0.0,0.0,0.0,0.0,0.0,0.0,0.0,0.0,0.0,0.0,0.0,0.0,0.0,0.0,0.0,0.0,0.0,0.0,0.0,0.0,0.0,0.0,0.0,0.3537318712415989,0.0,22.891205654333433,5.7315175097276265,0.002751388253644154,1.8305393966715306,2.071919763199689,0.001222839223841846,0.42412451361867703,0.0,0.002751388253644154,2.6271191001454617,11.392996108949417,2.2859043236615184,-7.3367047008357575,16.967507022093194,15.22539981670664,14.548704681843867,17.92537673716491,20.419644213454674,0.00017686593562079943,0.0006921056360287305,2023,4
2023-05-01,331,1.5118818744196387,0.23239600278875205,0.36925142665323935,0.0,0.0,0.0,0.0,0.0,0.0,0.0,0.5035246727089628,0.0,0.21579628830384118,0.0,0.0,0.0,0.0,0.274649821477616,0.5179110919292189,0.0,0.0,0.0,0.0,0.23239600278875205,0.0,0.0,0.0,0.0,0.0,0.0,0.16784155756965424,0.0,0.2014098690835851,0.0,0.0,0.0,0.0,0.0,0.0,0.0,0.0,0.0,0.0,0.0,0.0,0.0,0.0,0.0,0.0,0.0,0.0,0.0,0.0,0.0,0.0,0.0,0.0,0.0,0.0,0.0,0.0,0.0,0.0,0.0,0.8008440032609216,0.3356831151393085,19.44788769840346,5.854984894259819,0.023499016897438135,1.8331373724733624,2.030553644994521,0.00696069364158963,0.3504531722054381,0.004272548526806934,0.023499016897438135,3.4189433771804483,11.226586102719033,2.242791533961223,-2.5034763085087204,16.273669365193715,15.119254017888892,14.399583508171585,17.35277544019178,19.884941333439645,0.0001590077913817777,0.00016784155756965425,2023,5
2023-06-01,331,1.991194126855833,2.0553841928464283,0.7394418270551202,0.0,0.0,0.0,0.0,0.0,0.0,0.0,0.46995636119503187,0.0,0.23239600278875205,0.0,0.0,0.0,0.1590077913817777,0.274649821477616,0.8551841500126555,0.0,0.0,0.0,0.0,1.8665624405805674,0.0,0.0,0.18882175226586104,0.0,0.0,0.0,0.5070458242663681,0.0,0.23239600278875205,0.0,0.0,0.0,0.0,0.0,0.0,0.0,0.0,0.0,0.0,0.0,0.0,0.0,0.0,0.0,0.0,0.0,0.0,0.0,0.0,0.0,0.0,0.0,0.0,0.0,0.0,0.0,0.0,0.0,0.0,0.0,1.0340238814559055,0.0,22.86363936562859,5.8217522658610275,0.038452936741262406,1.8434026081590178,2.024472642794783,0.011534647963640825,0.3776435045317221,0.004272548526806934,0.038452936741262406,0.8300079163772074,11.243202416918429,2.226343609768731,-0.9914884038626457,16.0822914089337,15.10501632517061,14.467076363125676,17.21323404324528,19.96518356363436,0.00015105740181268882,0.0005070458242663681,2023,6
2023-07-01,298,0.7883848068411826,0.8126069219634161,0.6558877364246491,0.0,0.0,0.0,0.0,0.0,0.0,0.0,0.0,0.0,0.426121231490359,0.0,0.0,0.0,0.0,0.20973154362416108,0.1525320317266626,0.0,0.0,0.0,0.0,0.5329648637978681,0.0,0.0,0.0,0.2796420581655481,0.0,0.1525320317266626,0.33557046979865773,0.0,0.16778523489932887,0.0,0.0,0.0,0.0,0.0,0.0,0.0,0.0,0.0,0.0,0.0,0.0,0.0,0.0,0.0,0.0,0.0,0.0,0.0,0.0,0.0,0.0,0.0,0.0,0.0,0.0,0.0,0.0,0.0,0.0,0.0,1.529557318147922,0.0,20.661176403794894,5.825503355704698,0.009491366190423458,1.809492471588012,2.010754899536031,0.002450224258970788,0.3221476510067114,0.0023728415476058644,0.009491366190423458,3.3616982530793904,11.00503355704698,2.2778551547012666,-3.532113220402075,16.37881828138028,15.069541411054212,14.309296832652326,17.464202203455876,20.11125020409622,0.00020973154362416107,0.0004881025015253203,2023,7
2023-08-01,312,2.0847208347208346,1.8595186864417634,1.211365794699128,0.0,0.0,0.0,0.0,0.0,0.2136752136752137,0.0,0.20032051282051283,0.0,1.3635669885669885,0.0,0.0,0.0,0.0,0.0,0.5208333333333334,0.0,0.0,0.0,0.0,1.8595186864417634,0.0,0.0,0.0,0.0,0.0,0.2670940170940171,0.5584693084693085,0.0,0.38580246913580246,0.0,0.0,0.0,0.0,0.0,0.0,0.0,0.0,0.0,0.0,0.0,0.0,0.0,0.0,0.0,0.0,0.0,0.0,0.0,0.0,0.0,0.0,0.0,0.0,0.0,0.0,0.2136752136752137,0.0,0.0,0.0,0.0,1.3507904132904132,0.0,22.698036127870612,5.855769230769231,0.024930046772602635,1.857273287515601,2.0861688038637904,0.0033941557186075878,0.3814102564102564,0.006799103665255266,0.024930046772602635,1.6662392722913086,11.387820512820513,2.231498782206524,-3.7233676533783933,16.464389713003804,15.123781654267123,14.466406364870469,17.767415728680866,20.133161188105817,0.0007028789923526766,0.0008255633255633255,2023,8
2023-09-01,333,1.7097737685972982,1.5107194028762656,1.6744016744016745,0.0,0.0,0.0,0.0,0.0,0.0,0.0,0.0,0.0,1.051876051876052,0.0,0.0,0.0,0.0,0.17664723547076489,0.4812504812504813,0.0,0.0,0.0,0.0,0.7835216168549503,0.0,0.0,0.7271977860213155,0.0,0.0,0.0,0.47320047320047315,0.0,1.2012012012012012,0.0,0.0,0.0,0.0,0.0,0.0,0.0,0.0,0.0,0.0,0.0,0.0,0.0,0.0,0.0,0.0,0.0,0.0,0.0,0.0,0.0,0.0,0.0,0.0,0.0,0.0,0.0,0.0,0.0,0.0,0.0,0.5005005005005004,0.18768768768768768,23.947940997117648,5.912912912912913,0.03185165681020485,1.8432767894628213,2.122316406202304,0.009739498196640366,0.35435435435435436,0.0021234437873469897,0.03185165681020485,3.4262198259147154,11.48048048048048,2.21936812497958,-2.4167195065646863,16.302259835335175,15.09627669948622,14.497134445929282,17.592587095390886,20.022118349878927,0.0,0.0004732004732004732,2023,9
2023-10-01,334,1.9006238859180034,1.3279812923173262,1.0938315351228656,0.0,0.0,0.0,0.0,0.0,0.0,0.0,0.0,0.0,0.3632441000352236,0.0,0.0,0.0,0.0,0.4385169055827738,1.098862880300006,0.0,0.0,0.0,0.0,0.5295780987045516,0.0,0.0,0.7984031936127743,0.0,0.0,0.0,0.8210851025222283,0.0,0.27274643260063725,0.0,0.0,0.0,0.0,0.0,0.0,0.0,0.0,0.0,0.0,0.0,0.0,0.0,0.0,0.0,0.0,0.0,0.0,0.0,0.0,0.0,0.0,0.0,0.0,0.0,0.0,0.0,0.0,0.0,0.0,0.0,1.0308465750522813,0.1497005988023952,26.798536784630688,5.8293413173652695,0.019053775540954873,1.844809459206892,2.0977232586020658,0.010063884833081802,0.36227544910179643,0.006351258513651625,0.019053775540954873,1.820307629727689,11.468562874251496,2.1519185510092647,3.625145741825167,15.434704283005578,14.875860894323981,14.093875125493273,16.792782835355894,19.246700455902175,0.0002994011976047904,0.0008210851025222283,2023,10
2023-11-01,398,2.6490941961289054,1.376916634454323,1.593423068056296,0.0,0.0,0.0,0.0,0.0,0.0,0.0,0.0,0.0,1.1306310648415911,0.0,0.0,0.0,0.0,0.0,1.5184631312873142,0.0,0.0,0.0,0.0,1.376916634454323,0.0,0.0,0.0,0.0,0.0,0.0,0.8222932846048423,0.0,0.7711297834514537,0.0,0.0,0.0,0.0,0.0,0.0,0.0,0.0,0.0,0.0,0.0,0.0,0.0,0.0,0.0,0.0,0.0,0.0,0.0,0.0,0.0,0.0,0.0,0.0,0.0,0.0,0.0,0.0,0.0,0.0,0.0,0.9272553242402488,0.402654297126659,22.153584969775054,6.017587939698492,0.012436551427904102,1.8328949946648287,2.0272207082316758,0.005995233047650742,0.3417085427135678,0.0017766502039863004,0.012436551427904102,2.478076265491603,11.532663316582914,2.209501636264062,-0.80760561481354,16.105926233098426,15.11089637267752,14.474321820331983,17.400009254973728,19.935394291732553,0.00047244770862861317,0.0011812308294720355,2023,11
2023-12-01,314,0.8304151616253527,1.7471038330664448,1.2916811343188264,0.0,0.0,0.0,0.0,0.0,0.0,0.0,0.0,0.21231422505307856,0.15165301789505609,0.0,0.0,0.0,0.0,0.46644791867721797,0.0,0.0,0.0,0.0,0.0,1.5021258810821232,0.0,0.0,0.24497795198432146,0.0,0.0,0.0,0.6597935597560926,0.0,0.6318875745627338,0.0,0.0,0.0,0.0,0.0,0.0,0.0,0.0,0.0,0.0,0.0,0.0,0.0,0.0,0.0,0.0,0.0,0.0,0.0,0.0,0.0,0.0,0.0,0.0,0.0,0.0,0.0,0.0,0.0,0.0,0.0,1.0884895359417652,0.0,19.034135556241214,5.920382165605096,0.013511594544965878,1.8290088359102015,2.021643829219338,0.0019243786170102908,0.3248407643312102,0.0022519324241609797,0.013511594544965878,2.640263118389166,11.363057324840764,2.227426447232924,-2.5228664339807674,16.297638727439193,15.102981229372372,14.443030787728226,17.383303247448605,19.87698780783516,0.00041704579921140425,0.0006597935597560925,2023,12
2024-01-01,325,1.9537014016652026,1.838005132122779,1.5046717987894458,0.0,0.0,0.0,0.0,0.0,0.0,0.0,0.49309664694280086,0.0,0.21978021978021978,0.0,0.0,0.0,0.0,0.3076923076923077,0.9331322272498743,0.0,0.0,0.0,0.0,1.6570096570096569,0.0,0.0,0.18099547511312217,0.0,0.0,0.0,0.6043956043956045,0.0,0.9002761943938414,0.0,0.0,0.0,0.0,0.0,0.0,0.0,0.0,0.0,0.0,0.0,0.0,0.0,0.0,0.0,0.0,0.0,0.0,0.0,0.0,0.0,0.0,0.0,0.0,0.0,0.0,0.0,0.0,0.0,0.0,0.0,1.6234817813765183,0.17094017094017092,16.502570406213096,5.787692307692308,0.019581418555935162,1.8379523501266315,2.0860117398122595,0.0036443195645768224,0.35384615384615387,0.0,0.019581418555935162,3.423298923298923,11.22,2.2321331329489222,-2.40124996960784,16.245296507247847,15.077574955341001,14.34380934114468,17.243672254372342,19.95203461810919,0.0,0.0006043956043956044,2024,1
2024-02-01,350,2.357209955507169,1.4354664942900237,1.3439072598736463,0.0,0.0,0.0,0.0,0.0,0.0,0.15873015873015872,0.17857142857142858,0.0,0.14285714285714285,0.0,0.0,0.0,0.23809523809523808,0.3289473684210526,1.3100086188321485,0.0,0.0,0.0,0.0,0.7687998276233571,0.1904761904761905,0.0,0.31746031746031744,0.15873015873015872,0.0,0.0,0.9853638425066996,0.0,0.3585434173669468,0.0,0.0,0.0,0.0,0.0,0.0,0.0,0.0,0.0,0.0,0.0,0.0,0.0,0.0,0.0,0.0,0.0,0.0,0.0,0.0,0.0,0.0,0.0,0.0,0.0,0.0,0.0,0.0,0.0,0.0,0.0,0.31746031746031744,0.31746031746031744,24.504208419377736,6.002857142857143,0.010101525445522107,1.8623018593264429,2.0603686512144486,0.0032902111451129142,0.38571428571428573,0.006060915267313265,0.010101525445522107,2.9663309931996356,11.574285714285715,2.2072991928494545,0.09444481813626587,15.989506852451786,14.981226175202952,14.419354775331097,17.261640778316874,19.547094196548077,0.00021978021978021978,0.0011894454751597608,2024,2
2024-03-01,344,1.4096852759643457,1.3455577045693325,1.1935359062582045,0.0,0.0,0.0,0.0,0.0,0.0,0.0,0.0,0.0,0.6955254048277305,0.0,0.0,0.0,0.0,0.0,0.7141598711366153,0.0,0.0,0.0,0.0,1.3455577045693325,0.0,0.0,0.0,0.0,0.0,0.0,0.7582666611394381,0.0,0.4352692451187663,0.0,0.0,0.0,0.0,0.0,0.0,0.0,0.0,0.0,0.0,0.0,0.0,0.0,0.0,0.0,0.0,0.0,0.0,0.0,0.0,0.0,0.0,0.0,0.0,0.0,0.0,0.0,0.0,0.0,0.0,0.0,1.3428642570859433,0.0,25.948167614459287,5.912790697674419,0.020555429685655453,1.850218498470057,2.0870901397292236,0.005936826320574534,0.29941860465116277,0.002055542968565545,0.020555429685655453,3.1416540500842824,11.636627906976743,2.216441002238216,-0.2502384863857962,16.05221243141244,14.974519713551183,14.531847884517312,17.55685142232294,19.610166498088596,0.0,0.0007582666611394381,2024,3
2024-04-01,304,2.9577846103821215,0.8928571428571429,0.2192982456140351,0.0,0.0,0.0,0.0,0.0,0.0,0.0,0.5847953216374269,0.0,0.8640375698726159,0.0,0.0,0.0,0.0,0.0,1.5089517188720791,0.0,0.0,0.0,0.0,0.8928571428571429,0.0,0.0,0.0,0.0,0.0,0.0,0.2192982456140351,0.0,0.0,0.0,0.0,0.0,0.0,0.0,0.0,0.0,0.0,0.0,0.0,0.0,0.0,0.0,0.0,0.0,0.0,0.0,0.0,0.0,0.0,0.0,0.0,0.0,0.0,0.0,0.0,0.0,0.0,0.0,0.0,0.0,0.7401315789473685,0.20559210526315788,26.282959972687713,5.694078947368421,0.006978027445919878,1.849815515264374,2.1196515253621926,0.0022097086912079614,0.35526315789473684,0.0,0.006978027445919878,2.725311200034192,11.411184210526315,2.2067917559036556,-0.6720976243457043,16.052272131938732,15.074721406859505,14.308146308802888,17.291489931001834,19.681846619906974,0.00023496240601503758,0.0002192982456140351,2024,4
2024-05-01,386,1.3225497452867157,2.7803766469569577,0.7936795501562341,0.0,0.0,0.0,0.0,0.0,0.0,0.0,0.15239256324291373,0.0,0.2819262419993904,0.0,0.0,0.0,0.0,0.5181347150259067,0.3700962250185048,0.0,0.0,0.0,0.0,1.5841527499558588,0.0,0.0,1.196223897001099,0.0,0.0,0.0,0.23551577955723033,0.0,0.5581637705990038,0.0,0.0,0.0,0.0,0.0,0.0,0.0,0.0,0.0,0.0,0.0,0.0,0.0,0.0,0.0,0.0,0.0,0.0,0.0,0.0,0.0,0.0,0.0,0.0,0.0,0.0,0.0,0.0,0.0,0.0,0.0,0.506447465814796,0.0,23.530844459657082,5.784974093264249,0.01099129711688934,1.8445060511371592,2.0774847474070675,0.004078120160433148,0.35751295336787564,0.0,0.01099129711688934,2.076571219934524,11.22538860103627,2.2066273291346876,-0.09582169424269382,15.922696265049082,15.037416746498801,14.206987060046671,17.18641069333563,19.54744026650279,0.0005397236614853195,0.00043479836225950215,2024,5
2024-06-01,350,0.4274695359087373,0.5225247993934415,1.1021331609566904,0.0,0.0,0.0,0.0,0.0,0.0,0.0,0.17857142857142858,0.0,0.24889810733730874,0.0,0.0,0.0,0.0,0.0,0.0,0.0,0.0,0.0,0.0,0.5225247993934415,0.0,0.0,0.0,0.0,0.0,0.0,1.1021331609566904,0.0,0.0,0.0,0.0,0.0,0.0,0.0,0.0,0.0,0.0,0.0,0.0,0.0,0.0,0.0,0.0,0.0,0.0,0.0,0.0,0.0,0.0,0.0,0.0,0.0,0.0,0.0,0.0,0.0,0.0,0.0,0.0,0.0,0.5825920111634397,0.23214285714285715,26.37623809371834,5.942857142857143,0.0282842712474619,1.839411135580687,2.095216230299139,0.01768889344682538,0.32285714285714284,0.008081220356417685,0.0282842712474619,2.9979821765536054,11.525714285714285,2.2229977864542123,-2.8778211310869666,16.379945230374513,15.20569393334862,14.5691258970379,17.879424549218946,20.1885825384146,0.0,0.0013062147936097515,2024,6
2024-07-01,371,1.7992227897888278,1.3248095121410486,0.40431266846361186,0.0,0.0,0.0,0.0,0.0,0.0,0.20733982998133946,0.20733982998133946,0.0,0.6044270195213591,0.0,0.0,0.0,0.0,0.0,0.7801161103047896,0.0,0.0,0.0,0.0,1.079771531254011,0.0,0.0,0.2450379808870375,0.0,0.0,0.0,0.224618149146451,0.0,0.17969451931716085,0.0,0.0,0.0,0.0,0.0,0.0,0.0,0.0,0.0,0.0,0.0,0.0,0.0,0.0,0.0,0.0,0.0,0.0,0.0,0.0,0.0,0.0,0.0,0.0,0.0,0.0,0.0,0.0,0.0,0.0,0.0,0.7127306655608542,0.3510838297583184,24.333077138793357,5.873315363881401,0.0,1.8489275976100878,2.0839592722873155,0.0003176580328780534,0.31266846361185985,0.0,0.0,1.734208439060191,11.436657681940702,2.2185281397577885,-4.4830347022191415,16.548690613808922,15.211144804618282,14.542293388878145,17.990231262392456,20.295264413730948,0.00040431266846361187,0.0004319579791277904,2024,7
2024-08-01,283,3.2405739734054375,2.055585756999185,1.2335735236379592,0.0,0.0,0.0,0.0,0.0,0.0,0.0,0.392618767177071,0.0,0.6057546693589096,0.0,0.0,0.0,0.0,1.1029018096155905,1.1392987272538664,0.0,0.0,0.0,0.0,1.7837727643381354,0.0,0.0,0.27181299266104925,0.0,0.0,0.0,0.23557126030624265,0.0,0.9980022633317165,0.0,0.0,0.0,0.0,0.0,0.0,0.0,0.0,0.0,0.0,0.0,0.0,0.0,0.0,0.0,0.0,0.0,0.0,0.0,0.0,0.0,0.0,0.0,0.0,0.0,0.0,0.0,0.0,0.0,0.0,0.0,0.9101616875468466,0.10392849719393057,23.2646111974722,5.858657243816254,0.03997776854764933,1.8643369647684693,2.089024799940573,0.00893874419165567,0.36395759717314485,0.0024986105342280833,0.03997776854764933,0.9030231645072634,11.683745583038869,2.1625683835758265,2.336172065944053,15.689885639466812,14.945968337102414,14.341235171342298,17.19451108387276,19.544535827586323,0.0,0.00023557126030624264,2024,8
2024-09-01,401,1.5009326762837722,2.0028669031162796,1.4457280043314955,0.0,0.0,0.0,0.0,0.0,0.0,0.0,0.15586034912718205,0.0,0.29750185938662116,0.0,0.0,0.0,0.0,0.7981939091664777,0.24937655860349128,0.0,0.0,0.0,0.0,1.4140611397469254,0.27708506511499026,0.0,0.3117206982543641,0.0,0.0,0.0,0.6423335600392956,0.0,0.8033944442921999,0.0,0.0,0.0,0.0,0.0,0.0,0.0,0.0,0.0,0.0,0.0,0.0,0.0,0.0,0.0,0.0,0.0,0.0,0.0,0.0,0.0,0.0,0.0,0.0,0.0,0.0,0.0,0.0,0.0,0.0,0.0,0.7597427998630873,0.09975062344139651,22.6625613955269,5.937655860349127,0.019396944122324247,1.8589787983778379,2.1048463313852506,0.003515009833355753,0.3915211970074813,0.005290075669724795,0.019396944122324247,3.174658536254546,11.395261845386534,2.2008698829142004,-0.43354657806426805,15.99829605059705,15.083270881082424,14.357919550263798,17.316267798601523,19.7620425466411,0.0003117206982543641,0.0006423335600392957,2024,9
2024-10-01,498,1.5232210173741003,2.4448590625061213,0.7780947064396653,0.0,0.0,0.0,0.0,0.0,0.22311468094600623,0.0,0.13386880856760375,0.0,0.323516287371709,0.0,0.0,0.0,0.13386880856760375,0.6101670922719824,0.32180002059520135,0.0,0.0,0.0,0.0,2.0962423735279865,0.0,0.0,0.3486166889781347,0.0,0.1056859015007398,0.0,0.32180002059520135,0.0,0.35060878434372406,0.0,0.0,0.0,0.0,0.0,0.0,0.0,0.0,0.0,0.0,0.0,0.0,0.0,0.0,0.0,0.0,0.0,0.0,0.0,0.0,0.0,0.0,0.0,0.0,0.0,0.0,0.22311468094600623,0.0,0.0,0.0,0.0,0.9730842562167863,0.0,26.400228721308032,5.815261044176707,0.017038717618952953,1.8464283237615546,2.1027741658668893,0.008080983570691506,0.3393574297188755,0.0070994656745637305,0.017038717618952953,2.318305529680441,11.387550200803213,2.205706447316105,-2.2917880063529172,16.2388591966099,15.428317634324797,14.395652756534307,17.919123653351,19.992904265895735,9.562057754828839e-05,0.00045566882916280504,2024,10
2024-11-01,390,2.548794845174936,4.073593785132247,2.008123642739027,0.0,0.0,0.0,0.0,0.0,0.0,0.2564102564102564,0.0,0.0,0.9493472841889133,0.0,0.0,0.0,0.0,0.4795951911336527,0.8634421134421134,0.0,0.0,0.0,0.0,2.923817635356097,0.18315018315018317,0.0,0.9666259666259667,0.0,0.0,0.0,1.3204032434801667,0.0,0.6877203992588609,0.0,0.0,0.0,0.0,0.0,0.0,0.0,0.0,0.0,0.0,0.0,0.0,0.0,0.0,0.0,0.0,0.0,0.0,0.0,0.0,0.0,0.0,0.0,0.0,0.0,0.0,0.0,0.0,0.0,0.0,0.0,0.5392755392755393,0.19723865877712035,26.039638132001393,5.964102564102564,0.022572099024190648,1.8462226981378762,2.106094880649143,0.00611870869925235,0.30512820512820515,0.005106573927083901,0.022572099024190648,1.1923546538931156,11.705982905982905,2.2207935531772574,-3.067722687660192,16.439665600067055,15.230583346499515,14.562424624596245,17.772566837169062,19.9681905795057,0.0,0.0013204032434801665,2024,11
2024-12-01,381,1.4262031862772946,2.477418323875017,1.2809912663036673,0.0,0.0,0.0,0.0,0.0,0.0,0.0,0.14581510644502768,0.0,0.8741888547354041,0.0,0.0,0.0,0.0,0.0,0.4061992250968629,0.0,0.0,0.0,0.0,2.027474566844645,0.0,0.0,0.44994375703037126,0.0,0.0,0.0,0.7059783012953341,0.0,0.5750129650083332,0.0,0.0,0.0,0.0,0.0,0.0,0.0,0.0,0.0,0.0,0.0,0.0,0.0,0.0,0.0,0.0,0.0,0.0,0.0,0.0,0.0,0.0,0.0,0.0,0.0,0.0,0.0,0.0,0.0,0.0,0.0,0.7643275359810794,0.0,25.656479394238847,5.766404199475065,0.024127003032611855,1.8381369906111713,2.1202824026781477,0.0073883423206093455,0.32808398950131235,0.0018559233102009123,0.024127003032611855,2.7337915495810234,11.564304461942257,2.20380450410651,0.20718437079944302,15.946507976575269,15.024115948150879,14.275393407939122,17.232737094461957,19.30740189182408,0.00021872265966754154,0.0007059783012953341,2024,12
2025-01-01,321,3.1024817670169367,1.9514521113143837,1.1794853777145955,0.0,0.0,0.0,0.0,0.0,0.0,0.22251891410769917,0.4023883696780894,0.0,1.8520318016137003,0.0,0.0,0.0,0.0,0.28320589068252616,0.3423367909349218,0.0,0.0,0.0,0.0,1.639925631563605,0.3115264797507788,0.0,0.0,0.0,0.0,0.0,0.46215466776214437,0.0,0.7173307099524512,0.0,0.0,0.0,0.0,0.0,0.0,0.0,0.0,0.0,0.0,0.0,0.0,0.0,0.0,0.0,0.0,0.0,0.0,0.0,0.0,0.0,0.0,0.0,0.0,0.0,0.0,0.0,0.0,0.0,0.0,0.0,0.4127060201826557,0.0,23.644335411130715,5.866043613707165,0.002202824863509494,1.8464641940877515,2.1125644615274837,0.0052745417565144,0.3925233644859813,0.002202824863509494,0.002202824863509494,2.1788035068900786,11.898753894080997,2.2161463301360116,-2.402231294701739,16.407970592713056,15.095955689941313,14.551864987371061,17.65909285032097,19.806597052165507,0.0,0.0004621546677621444,2025,1
2025-02-01,388,2.0196916990428213,1.3309464018226904,1.9479689840514582,0.0,0.0,0.0,0.0,0.0,0.0,0.0,0.0,0.0,0.6112873380914619,0.0,0.0,0.0,0.0,0.6903534609720178,0.7180508999793415,0.0,0.0,0.0,0.0,1.1698639275958864,0.0,0.0,0.16108247422680413,0.0,0.0,0.0,1.288659793814433,0.0,0.6593091902370253,0.0,0.0,0.0,0.0,0.0,0.0,0.0,0.0,0.0,0.0,0.0,0.0,0.0,0.0,0.0,0.0,0.0,0.0,0.0,0.0,0.0,0.0,0.0,0.0,0.0,0.0,0.0,0.0,0.0,0.0,0.0,0.6112873380914619,0.23430178069353327,31.77473805248526,5.904639175257732,0.03644880315394575,1.855833370373682,2.0773705161139735,0.006134628106592132,0.3711340206185567,0.00728976063078915,0.03644880315394575,2.3015400558608565,11.382731958762887,2.222983433566901,-2.871707623401864,16.34967997316003,15.136497189812959,14.458888529789789,17.908499238742845,19.88340500291815,0.0,0.0014727540500736377,2025,2
2025-03-01,430,3.449956236513944,3.104218842572936,0.8197916234851939,0.0,0.0,0.0,0.0,0.0,0.0,0.0,0.33222591362126247,0.0,1.3422063452663209,0.0,0.0,0.0,0.0,0.3100775193798449,1.4654464582465159,0.0,0.0,0.0,0.0,2.677862253425649,0.19379844961240308,0.0,0.23255813953488372,0.0,0.0,0.0,0.49209606323149413,0.0,0.3276955602536998,0.0,0.0,0.0,0.0,0.0,0.0,0.0,0.0,0.0,0.0,0.0,0.0,0.0,0.0,0.0,0.0,0.0,0.0,0.0,0.0,0.0,0.0,0.0,0.0,0.0,0.0,0.0,0.0,0.0,0.0,0.0,1.0274122702123278,0.0,27.81134458173607,5.82093023255814,0.0032888687497048723,1.8672944540146819,2.1025618003391116,3.915319940124871e-05,0.37209302325581395,0.0,0.0032888687497048723,2.387333698533209,11.741860465116279,2.2231018780263083,-3.4632817170661228,16.495889917873267,15.152088283013278,14.573929217263508,17.82348795276639,20.101745721259007,0.0001937984496124031,0.0004920960632314942,2025,3
2025-04-01,346,2.2586235413281353,1.1473954754301576,1.6131067070373428,0.0,0.0,0.0,0.0,0.0,0.0,0.0,0.0,0.2064409578860446,1.348307815070821,0.0,0.0,0.0,0.2627430373095113,0.0,0.4411317310617584,0.0,0.0,0.0,0.0,0.8583781343896951,0.0,0.0,0.28901734104046245,0.0,0.0,0.0,0.8750802825947335,0.0,0.7380264244426095,0.0,0.0,0.0,0.0,0.0,0.0,0.0,0.0,0.0,0.0,0.0,0.0,0.0,0.0,0.0,0.0,0.0,0.0,0.0,0.0,0.0,0.0,0.0,0.0,0.0,0.0,0.0,0.0,0.0,0.0,0.0,0.9257987980987676,0.0,27.317765199929266,5.96242774566474,0.012261967303812965,1.8399709627127514,2.0976447931209834,0.005204848290732248,0.4046242774566474,0.004087322434604321,0.012261967303812965,3.2127297406964184,11.874277456647398,2.248951031493291,-5.403594348391608,16.810704898454933,15.208246878899095,14.892312109448063,18.04258249363662,20.69201014592318,0.0,0.0013567758509955043,2025,4
2025-05-01,460,1.1437424113255317,1.986863662055478,1.4805150335672614,0.0,0.0,0.0,0.0,0.0,0.0,0.18115942028985507,0.12077294685990336,0.0,0.32550569634968607,0.0,0.0,0.0,0.0,0.0,0.5163043478260869,0.0,0.0,0.0,0.0,1.256540241514666,0.1358695652173913,0.0,0.5944538553234204,0.0,0.0,0.0,1.0953548085901026,0.0,0.3851602249771586,0.0,0.0,0.0,0.0,0.0,0.0,0.0,0.0,0.0,0.0,0.0,0.0,0.0,0.0,0.0,0.0,0.0,0.0,0.0,0.0,0.0,0.0,0.0,0.0,0.0,0.0,0.0,0.0,0.0,0.0,0.0,0.4449062233589088,0.0,31.359536784677392,5.773913043478261,0.03450910093760832,1.8545488456993506,2.143348098728549,0.010742803764520905,0.358695652173913,0.006785479007738354,0.03450910093760832,2.7517407884886684,11.51449275362319,2.2457945945255644,-5.175470763021226,16.673132690967197,15.410219253171661,14.770039805901325,18.177737016912303,20.566325610993804,0.00019205622752533507,0.0010953548085901026,2025,5
2025-06-01,441,2.391610522494455,1.3830651585753626,1.3411412220936032,0.0,0.0,0.0,0.0,0.0,0.0,0.11934598400763813,0.0,0.0,0.7234439520511844,0.0,0.0,0.0,0.12597631645250693,0.2834467120181406,1.1393975579649849,0.0,0.0,0.0,0.0,1.035198739280372,0.0,0.0,0.34786641929499074,0.0,0.0,0.0,0.6531387483768436,0.0,0.6880024737167594,0.0,0.0,0.0,0.0,0.0,0.0,0.0,0.0,0.0,0.0,0.0,0.0,0.0,0.0,0.0,0.0,0.0,0.0,0.0,0.0,0.0,0.0,0.0,0.0,0.0,0.0,0.0,0.0,0.0,0.0,0.0,0.5957613000430128,0.11934598400763813,26.43247650283132,5.825396825396825,0.030464918010304768,1.8536288358947106,2.0239661676034335,0.007732668098981492,0.31519274376417233,0.008017083686922308,0.030464918010304768,2.943297236014323,11.368480725623582,2.241821042128989,-4.67104330770194,16.583555283892174,15.401415538375156,14.503615366907134,18.17657741277159,20.321834623112114,0.0,0.0006531387483768435,2025,6
2025-07-01,452,2.190266908478366,1.025631491534667,1.2310368563279603,0.0,0.15802781289506954,0.0,0.0,0.0,0.09218289085545722,0.0,0.14749262536873156,0.0,1.3768821873153498,0.0,0.0,0.0,0.0,0.15802781289506954,0.5078642828992154,0.0,0.0,0.0,0.0,0.8412657098237525,0.0,0.0,0.18436578171091444,0.0,0.0,0.0,0.3745536407390157,0.0,0.8564832155889445,0.0,0.0,0.0,0.0,0.0,0.0,0.0,0.0,0.0,0.0,0.15802781289506954,0.0,0.0,0.0,0.0,0.0,0.0,0.0,0.0,0.0,0.0,0.0,0.0,0.0,0.0,0.0,0.09218289085545722,0.0,0.0,0.0,0.0,0.5339894069722284,0.0,27.794354960963975,5.811946902654867,0.01720835086958412,1.8528618708134268,2.093737510152744,0.000469318660079567,0.34513274336283184,0.00469318660079567,0.01720835086958412,3.402570291217925,11.533185840707965,2.2370384572991835,-4.069356193600327,16.54313793683411,15.34628773977883,14.611840488855009,18.227953559241055,20.278454838770756,0.00022123893805309737,0.000595792578792113,2025,7
2025-08-01,414,2.0564255059139973,0.7825484168195166,1.1767038368869034,0.0,0.0,0.0,0.0,0.0,0.30193236714975846,0.14208581983518045,0.0,0.0,0.9467183380226859,0.0,0.0,0.0,0.0,0.392512077294686,0.5751092707614446,0.0,0.0,0.0,0.0,0.5629612407106013,0.0,0.0,0.0,0.21958717610891523,0.0,0.0,0.6973199907982517,0.0,0.4793838460886516,0.0,0.0,0.0,0.0,0.0,0.0,0.0,0.0,0.0,0.0,0.0,0.0,0.0,0.0,0.0,0.0,0.0,0.0,0.0,0.0,0.0,0.0,0.0,0.0,0.0,0.0,0.0,0.30193236714975846,0.0,0.0,0.0,0.8655394524959742,0.0,30.45125502644791,5.799516908212561,0.0068319495766816195,1.8586417540825488,2.116656324410028,0.005759713045896864,0.3671497584541063,0.0,0.0068319495766816195,3.1993586021835054,11.57487922705314,2.2290120537529168,-3.545907454082614,16.473714484607434,15.227350835191315,14.634936851761427,17.856425670596575,20.33878435437738,0.00023081052066559315,0.0006973199907982516,2025,8
2025-09-01,448,2.3161513658493695,1.989802695553746,1.2986207740672027,0.0,0.0,0.0,0.0,0.0,0.0,0.0,0.0,0.0,0.7264269344101277,0.0,0.0,0.0,0.18601190476190474,0.248015873015873,1.1556966536614646,0.0,0.0,0.0,0.0,1.670925144533338,0.0,0.0,0.31887755102040816,0.0,0.0,0.0,0.5686649659863946,0.0,0.7299558080808081,0.0,0.0,0.0,0.0,0.0,0.0,0.0,0.0,0.0,0.0,0.0,0.0,0.0,0.0,0.0,0.0,0.0,0.0,0.0,0.0,0.0,0.0,0.0,0.0,0.0,0.0,0.0,0.0,0.0,0.0,0.0,0.7406655844155844,0.0,29.121159691132068,5.758928571428571,0.014205270157765463,1.8546017573186464,2.116075953488171,0.009284443407827966,0.38839285714285715,0.004735090052588488,0.014205270157765463,2.31677499214949,11.592633928571429,2.220580053608363,-3.454549108351244,16.466387171415594,15.116176590809859,14.670441301956414,17.83380144594403,20.36818516028195,0.00034545068027210885,0.0005686649659863945,2025,9
2025-10-01,508,2.390904120582212,1.6382011240589773,0.4686914135733033,0.0,0.140607424071991,0.0,0.0,0.0,0.0,0.0,0.3501665657177469,0.0,0.3948725159355081,0.0,0.0,0.0,0.0,0.13123359580052493,1.5146314431284325,0.0,0.0,0.0,0.0,1.1997042534754925,0.0,0.0,0.4384968705834848,0.0,0.0,0.0,0.16404199475065614,0.0,0.3046494188226472,0.0,0.0,0.0,0.0,0.0,0.0,0.0,0.0,0.0,0.0,0.140607424071991,0.0,0.0,0.0,0.0,0.0,0.0,0.0,0.0,0.0,0.0,0.0,0.0,0.0,0.0,0.0,0.0,0.0,0.0,0.0,0.0,0.599718233750193,0.0,29.272094270585896,5.771653543307087,0.0027838849653013683,1.8537613582932286,2.1473158969783652,0.005047363595819294,0.3484251968503937,0.0013919424826506841,0.0027838849653013683,1.6265804405568185,11.679133858267717,2.219839629970965,-3.2165235530245133,16.444096716978702,15.121929546762566,14.734225278485907,17.840455447737895,20.335114627315864,0.00022145669291338582,0.00028707349081364824,2025,10
2025-11-01,452,2.435571206376571,1.3480279728156381,0.9811138959369048,0.0,0.0,0.0,0.0,0.0,0.0,0.0,0.0,0.0,0.9642448001204406,0.0,0.0,0.0,0.33126685911693715,0.4469473496022169,0.6931121975369763,0.0,0.0,0.0,0.0,0.7628062869302356,0.0,0.0,0.5852216858854027,0.0,0.0,0.0,0.0,0.0,0.9811138959369048,0.0,0.0,0.0,0.0,0.0,0.0,0.0,0.0,0.0,0.0,0.0,0.0,0.0,0.0,0.0,0.0,0.0,0.0,0.0,0.0,0.0,0.0,0.0,0.0,0.0,0.0,0.0,0.0,0.0,0.0,0.0,0.9669073551816915,0.0,29.4147074494995,5.745575221238938,0.020337141936781232,1.8527982094241362,2.1204523356170637,0.0011434986400351355,0.33849557522123896,0.00469318660079567,0.020337141936781232,2.4000814458258497,11.569690265486726,2.2576360044886727,-6.853037248494869,16.919039074263384,15.614770488118129,14.797311854172039,18.743573490382573,20.740223577984708,0.0,0.0,2025,11
2025-12-01,407,2.2332974345358245,0.831863331863332,1.1875511875511875,0.0,0.0,0.0,0.0,0.0,0.0,0.0,0.0,0.0,0.7619415514152356,0.0,0.0,0.0,0.0,0.3425628425628426,1.1287930405577464,0.0,0.0,0.0,0.0,0.6680631680631681,0.0,0.0,0.16380016380016382,0.0,0.0,0.0,0.5323505323505324,0.0,0.6552006552006551,0.0,0.0,0.0,0.0,0.0,0.0,0.0,0.0,0.0,0.0,0.0,0.0,0.0,0.0,0.0,0.0,0.0,0.0,0.0,0.0,0.0,0.0,0.0,0.0,0.0,0.0,0.0,0.0,0.0,0.0,0.0,1.08990108990109,0.0,27.045860961810742,5.837837837837838,0.006949452394953784,1.8519453695088475,2.073487744607282,0.0031658616465900583,0.3316953316953317,0.001737363098738446,0.006949452394953784,4.676462447910948,11.675675675675675,2.2445721202185425,-5.284666807646815,16.73676777291038,15.30737835480585,14.732120307728856,18.100693309129117,20.64032129951806,0.00011168192986374804,0.0007078507078507078,2025,12
2026-01-01,385,0.9798196647731552,0.7837941279499722,0.9283787125450106,0.0,0.0,0.0,0.0,0.0,0.0,0.0,0.0,0.0,0.2679859822716965,0.0,0.0,0.0,0.0,0.0,0.7118336825014586,0.0,0.0,0.0,0.0,0.4216562658121099,0.0,0.0,0.36213786213786214,0.0,0.19980019980019983,0.0,0.5757901246623052,0.0,0.15278838808250572,0.0,0.0,0.0,0.0,0.0,0.0,0.0,0.0,0.0,0.0,0.0,0.0,0.0,0.0,0.0,0.0,0.0,0.0,0.0,0.0,0.0,0.0,0.0,0.0,0.0,0.0,0.0,0.0,0.0,0.0,0.0,0.7409257409257409,0.0,27.08745378593534,5.812987012987013,0.0385694607919935,1.8703446584833128,2.1648579198837927,0.008825517879459286,0.37922077922077924,0.005509922970284787,0.0385694607919935,3.5029758177198973,12.0,2.2168090817594255,-4.761212832814006,16.70645745907323,15.37633491637854,14.809826842685272,18.264498150394694,20.45431243286951,0.0,0.0005757901246623052,2026,1
2026-02-01,346,1.1866597360476994,1.2558491604734379,0.7794080282179567,0.0,0.0,0.0,0.0,0.0,0.0,0.0,0.17001020061203673,0.0,0.0,0.0,0.0,0.0,0.0,0.0,1.0166495354356626,0.0,0.0,0.0,0.0,1.0150013762730525,0.0,0.0,0.24084778420038536,0.0,0.0,0.0,0.3764511584980813,0.0,0.40295686971987554,0.0,0.0,0.0,0.0,0.0,0.0,0.0,0.0,0.0,0.0,0.0,0.0,0.0,0.0,0.0,0.0,0.0,0.0,0.0,0.0,0.0,0.0,0.0,0.0,0.0,0.0,0.0,0.0,0.0,0.0,0.0,1.1269744689276175,0.0,30.81751904860668,5.869942196531792,0.018392950955719443,1.8594485653710715,2.1071105360931663,0.004956618908920529,0.3265895953757225,0.006130983651906482,0.018392950955719443,2.291954318878566,11.511560693641618,2.2032472290455836,-5.358833882947143,16.661938772642998,15.284162148852474,14.679203048818229,18.44843606111582,20.576783905560372,0.0,0.0007893330742701704,2026,2
2026-03-01,403,3.931967133266982,1.18647550409337,1.1157965763132893,0.0,0.0,0.0,0.0,0.0,0.0,0.0,0.1772421127259837,0.0,0.7008177636360997,0.0,0.0,0.0,0.0,0.2856863001175395,2.768220956787359,0.0,0.0,0.0,0.0,0.5749006989701779,0.0,0.0,0.6115748051231922,0.0,0.0,0.0,0.4895411113481468,0.0,0.6262554649651424,0.0,0.0,0.0,0.0,0.0,0.0,0.0,0.0,0.0,0.0,0.0,0.0,0.0,0.0,0.0,0.0,0.0,0.0,0.0,0.0,0.0,0.0,0.0,0.0,0.0,0.0,0.0,0.0,0.0,0.0,0.0,0.19550342130987292,0.0,26.486221350254525,5.841191066997519,0.021055288769822753,1.8691735302288663,2.085423517803391,0.0006960585390023823,0.37965260545905705,0.0,0.021055288769822753,3.171798091479429,11.765508684863523,2.2581717375171686,-7.269747077207389,17.026051239549485,15.406620409443732,14.82850363490775,18.459116445297354,20.785537700980104,0.00012406947890818859,0.0004895411113481469,2026,3
2026-04-01,374,2.2449806792160394,1.5628311082856539,0.6397345969538484,0.0,0.0,0.0,0.0,0.0,0.0,0.0,0.12153621779290229,0.0,0.45199898141074607,0.0,0.0,0.0,0.0,0.24307243558580457,1.4283730444265865,0.0,0.0,0.0,0.0,0.7161287909951012,0.22281639928698752,0.0,0.623885918003565,0.0,0.0,0.0,0.19098548510313218,0.0,0.44874911185071614,0.0,0.0,0.0,0.0,0.0,0.0,0.0,0.0,0.0,0.0,0.0,0.0,0.0,0.0,0.0,0.0,0.0,0.0,0.0,0.0,0.0,0.0,0.0,0.0,0.0,0.0,0.0,0.0,0.0,0.0,0.0,1.2271369537805523,0.0,28.564745186176733,5.858288770053476,0.03214121732666125,1.870600724081213,2.1176612270609727,0.012199084419409745,0.3609625668449198,0.005671979528234339,0.03214121732666125,3.175389197805145,11.668449197860962,2.241001304877048,-6.630827251443425,16.884684337937266,15.275217449500321,14.724116934014244,18.23467296904123,20.61643374974611,0.00035422094245623657,0.00019098548510313216,2026,4
