month_ts,paper_count,marker_words_total_per_1k_words_monthly_mean,marker_verbs_total_per_1k_words_monthly_mean,marker_adjectives_total_per_1k_words_monthly_mean,marker_phrases_total_per_1k_words_monthly_mean,sequential_markers_total_per_1k_words_monthly_mean,causal_markers_total_per_1k_words_monthly_mean,contrast_markers_total_per_1k_words_monthly_mean,emphasis_markers_total_per_1k_words_monthly_mean,summary_markers_total_per_1k_words_monthly_mean,word_finding_per_1k_words_monthly_mean,word_interplay_per_1k_words_monthly_mean,word_realm_per_1k_words_monthly_mean,word_insight_per_1k_words_monthly_mean,word_notably_per_1k_words_monthly_mean,word_particularly_per_1k_words_monthly_mean,word_meticulously_per_1k_words_monthly_mean,word_while_per_1k_words_monthly_mean,word_within_per_1k_words_monthly_mean,word_across_per_1k_words_monthly_mean,word_additionally_per_1k_words_monthly_mean,verb_delve_per_1k_words_monthly_mean,verb_underscore_per_1k_words_monthly_mean,verb_showcase_per_1k_words_monthly_mean,verb_enhance_per_1k_words_monthly_mean,verb_exhibit_per_1k_words_monthly_mean,verb_garner_per_1k_words_monthly_mean,verb_align_per_1k_words_monthly_mean,verb_foster_per_1k_words_monthly_mean,adjective_crucial_per_1k_words_monthly_mean,adjective_pivotal_per_1k_words_monthly_mean,adjective_comprehensive_per_1k_words_monthly_mean,adjective_intricate_per_1k_words_monthly_mean,adjective_potential_per_1k_words_monthly_mean,phrase_meticulously_delve_per_1k_words_monthly_mean,phrase_intricate_web_per_1k_words_monthly_mean,phrase_comprehensive_chapter_per_1k_words_monthly_mean,phrase_deep_dive_per_1k_words_monthly_mean,phrase_intricate_interplay_per_1k_words_monthly_mean,phrase_essential_insight_per_1k_words_monthly_mean,sequential_marker_additionally_per_1k_words_monthly_mean,sequential_marker_furthermore_per_1k_words_monthly_mean,sequential_marker_moreover_per_1k_words_monthly_mean,sequential_marker_subsequently_per_1k_words_monthly_mean,sequential_marker_further_per_1k_words_monthly_mean,causal_marker_hence_per_1k_words_monthly_mean,causal_marker_thus_per_1k_words_monthly_mean,causal_marker_consequently_per_1k_words_monthly_mean,causal_marker_accordingly_per_1k_words_monthly_mean,causal_marker_thereby_per_1k_words_monthly_mean,contrast_marker_however_per_1k_words_monthly_mean,contrast_marker_nonetheless_per_1k_words_monthly_mean,contrast_marker_nevertheless_per_1k_words_monthly_mean,contrast_marker_conversely_per_1k_words_monthly_mean,contrast_marker_alternatively_per_1k_words_monthly_mean,emphasis_marker_notably_per_1k_words_monthly_mean,emphasis_marker_crucially_per_1k_words_monthly_mean,emphasis_marker_remarkably_per_1k_words_monthly_mean,emphasis_marker_particularly_per_1k_words_monthly_mean,emphasis_marker_importantly_per_1k_words_monthly_mean,summary_marker_overall_per_1k_words_monthly_mean,summary_marker_collectively_per_1k_words_monthly_mean,summary_marker_ultimately_per_1k_words_monthly_mean,summary_marker_in_summary_per_1k_words_monthly_mean,summary_marker_taken_together_per_1k_words_monthly_mean,em_dash_per_1k_words_monthly_mean,semicolon_per_1k_words_monthly_mean,colon_per_1k_words_monthly_mean,clause_depth_monthly_mean,clause_depth_std_monthly_mean,dependency_entropy_monthly_mean,dependency_length_monthly_mean,dependency_length_std_monthly_mean,coordination_count_monthly_mean,coordination_per_sentence_std_monthly_mean,sentence_depth_std_monthly_mean,list_of_three_per_1k_words_monthly_mean,avg_words_per_sentence_monthly_mean,avg_syllables_per_word_monthly_mean,flesch_reading_ease_monthly_mean,flesch_kincaid_grade_monthly_mean,dale_chall_monthly_mean,smog_index_monthly_mean,automated_readability_index_monthly_mean,gunning_fog_monthly_mean,hedge_ratio_monthly_mean,certainty_ratio_monthly_mean,year,month
2019-06-01,3,3.7374720919024718,0.0,0.0,0.0,0.0,0.0,0.0,0.0,0.0,0.0,1.4064697609001406,0.0,0.0,0.0,0.0,0.0,2.331002331002331,0.0,0.0,0.0,0.0,0.0,0.0,0.0,0.0,0.0,0.0,0.0,0.0,0.0,0.0,0.0,0.0,0.0,0.0,0.0,0.0,0.0,0.0,0.0,0.0,0.0,0.0,0.0,0.0,0.0,0.0,0.0,0.0,0.0,0.0,0.0,0.0,0.0,0.0,0.0,0.0,0.0,0.0,0.0,0.0,0.0,0.0,0.0,0.0,1.277139208173691,3.8314176245210727,10.666666666666666,1.8614695365568508,2.7328454713421286,3.361662887399646,0.8484425938378707,11.0,0.8129883534452342,1.8614695365568508,5.367217938147664,19.479853479853478,2.01933207239963,21.005401220296932,14.735048136483783,13.480864507510972,15.802332313539745,17.440250677342327,17.950920547203147,0.0025542784163473816,0.0014064697609001405,2019,6
2019-07-01,19,6.3679115896334215,0.3424381596970429,0.9060261410185848,0.0,0.22301516503122212,0.0,1.1822796678033562,0.30082492500681757,0.551401593339155,0.4132745463229032,0.0,0.0,1.631986944104447,0.16447368421052633,0.0,0.0,1.3865589948192203,1.326000351561681,1.445617068614644,0.0,0.0,0.0,0.0,0.0,0.13358268768367618,0.0,0.20885547201336674,0.0,0.0,0.0,0.13635124079629124,0.0,0.7696749002222937,0.0,0.0,0.0,0.0,0.0,0.0,0.0,0.0,0.0,0.0,0.22301516503122212,0.0,0.0,0.0,0.0,0.0,0.8398415081063132,0.20885547201336674,0.13358268768367618,0.0,0.0,0.16447368421052633,0.0,0.0,0.0,0.13635124079629124,0.21570319240724767,0.0,0.18532246108228317,0.0,0.15037593984962405,0.0,2.396631545429954,3.0703653853805517,13.263157894736842,2.5106018332379674,2.828808050414603,3.5953442032982266,0.9166560013183734,11.526315789473685,0.9741090997551671,2.5106018332379674,5.805385368529896,23.148250537551093,2.046678027360121,15.956846524949464,16.092078598001493,13.741727898693219,16.921608349185437,17.94654652577338,19.473539310409635,0.004253074652514461,0.0018475299606437953,2019,7
2019-08-01,18,3.682065577365219,0.2683843263553409,1.9075169956661828,0.0,0.6716580979784949,0.12428535918468804,2.2176935951124594,0.0,0.28785261945883706,0.4121379786435251,0.0,0.0,0.21958717610891523,0.0,0.0,0.0,1.034978274848606,0.7864806001451964,1.228881547618976,0.0,0.0,0.0,0.0,0.2683843263553409,0.0,0.0,0.0,0.0,0.0,0.0,0.0,0.0,1.9075169956661828,0.0,0.0,0.0,0.0,0.0,0.0,0.0,0.0,0.0,0.20350020350020348,0.46815789447829137,0.0,0.0,0.0,0.0,0.12428535918468804,1.8291932066120704,0.38850038850038854,0.0,0.0,0.0,0.0,0.0,0.0,0.0,0.0,0.28785261945883706,0.0,0.0,0.0,0.0,0.0,4.674092752971919,1.9355523192538024,11.277777777777779,2.159710040076962,2.7929366382082224,3.5748391401361053,0.8147745345206913,11.61111111111111,0.9480252547421265,2.159710040076962,6.584978963252156,21.7985236985237,2.0640442441065,18.77039335536622,15.224569975472503,13.57019273639008,16.22712031150361,16.589111861978672,18.64924592041101,0.005128555681009051,0.0006352526595895313,2019,8
2019-09-01,19,5.903256764243331,0.0,2.311970350846475,0.0,1.5564621295510428,0.20012007204322593,2.3039175270849945,0.654705285600706,0.5307690714389279,1.1136397272852858,0.0,0.0,0.0,0.0,0.48601432743606365,0.0,1.8011531830817868,1.0685175028840517,0.7379772606157345,0.6959547629404088,0.0,0.0,0.0,0.0,0.0,0.0,0.0,0.0,0.20012007204322593,0.0,0.47846889952153104,0.0,1.6333813792817182,0.0,0.0,0.0,0.0,0.0,0.0,0.6959547629404088,0.0,0.17313019390581716,0.0,0.6873771727048167,0.0,0.0,0.20012007204322593,0.0,0.0,2.3039175270849945,0.0,0.0,0.0,0.0,0.0,0.0,0.0,0.48601432743606365,0.16869095816464236,0.5307690714389279,0.0,0.0,0.0,0.0,0.0,2.1575274375478144,1.9760664469045657,12.105263157894736,2.3617406222086426,2.789118112261781,3.536550329099795,0.7963465596994584,11.631578947368421,1.02769607022943,2.3617406222086426,7.42983543898542,23.445202969545075,2.0329776666832196,15.19248355290628,16.4286532668635,13.934842965000506,17.192805210156575,18.760678185978897,19.659497129635557,0.006958541586568086,0.0015567243904958943,2019,9
2019-10-01,25,4.385612243790096,0.3606129737118215,1.5890977517985416,0.0,1.438029931645737,0.6232406185614743,1.5747038490823362,0.1851851851851852,0.6894257703081231,1.4347788242288215,0.0,0.0,0.0,0.0,0.1851851851851852,0.0,1.0229680771771776,0.7314118629908104,1.0112682942081015,0.0,0.0,0.0,0.0,0.2485681557846506,0.0,0.0,0.11204481792717086,0.0,0.0,0.0,0.1639344262295082,0.0,1.4251633255690335,0.0,0.0,0.0,0.0,0.0,0.0,0.0,1.0463484105524514,0.0,0.17777777777777778,0.21390374331550802,0.0,0.2902892561983471,0.0,0.0,0.33295136236312706,1.5747038490823362,0.0,0.0,0.0,0.0,0.0,0.0,0.0,0.1851851851851852,0.0,0.48109243697478987,0.0,0.0,0.20833333333333331,0.0,0.0,4.172461062384604,3.278724878839841,12.44,2.394787570721013,2.769618068560561,3.6207581228204044,0.8405004839192296,8.6,0.7727912007580444,2.394787570721013,4.367243425167533,25.49874458874459,2.0309859553905234,13.52930487348076,16.70262727012695,13.846577881126862,17.38207408349505,18.696793897194667,19.99962361774474,0.005289711644030914,0.001700375841252805,2019,10
2019-11-01,29,8.476248285525516,0.5987567364982511,1.0257436355363516,0.0,0.6635895827265055,0.5274981558603231,2.4009172938943646,0.9034854713603787,0.38408175095301667,1.857851247320695,0.0,0.0,0.0,0.0,0.60792617107339,0.0,1.3456260212802147,1.7531232696285226,2.7604814068337054,0.1512401693889897,0.0,0.0,0.0,0.21681665627134752,0.2445585717779408,0.0,0.13738150844896277,0.0,0.22432923984883982,0.0,0.0,0.0,0.8014143956875117,0.0,0.0,0.0,0.0,0.0,0.0,0.1512401693889897,0.1277139208173691,0.0,0.0,0.38463549252014667,0.1352265043948614,0.3922716514654617,0.0,0.0,0.0,2.1075129976614773,0.15817779183802594,0.1352265043948614,0.0,0.0,0.0,0.15817779183802594,0.0,0.60792617107339,0.13738150844896277,0.2832549713603569,0.0,0.0,0.1008267795926598,0.0,0.577243355675905,5.295970310760683,3.1341264066592194,11.0,2.0769391528097487,2.767665527301741,3.5628443123098403,0.8448028206045677,11.482758620689655,1.0299005390379343,2.0769391528097487,5.899986202875477,22.264805669284154,2.0715543227798814,16.125667281940146,15.871889869277943,13.923198891612813,16.58432517360802,17.9416693527975,19.178460806043823,0.004862300808232361,0.0009443985203863521,2019,11
2019-12-01,28,3.1500914464157623,0.12025012025012025,0.9789046343371511,0.0,1.1314446427039482,0.12575452716297789,1.2812846264334077,0.16688918558077437,0.3967890608308152,0.9197802390728277,0.0,0.0,0.12575452716297789,0.0,0.16688918558077437,0.0,0.4863617844175715,0.2848653642304436,1.1664403459511674,0.0,0.0,0.0,0.0,0.0,0.12025012025012025,0.0,0.0,0.0,0.0,0.0,0.10233319688907082,0.0,0.8765714374480803,0.0,0.0,0.0,0.0,0.0,0.0,0.0,0.0,0.1475796930342385,0.6392927505850262,0.3445721990846834,0.0,0.12575452716297789,0.0,0.0,0.0,1.2812846264334077,0.0,0.0,0.0,0.0,0.0,0.0,0.0,0.16688918558077437,0.0,0.177683013503909,0.21910604732690622,0.0,0.0,0.0,0.0,2.570558481550042,1.2777904131143922,11.5,2.0990285610672736,2.7750984564347196,3.3880271388144396,0.7273409947559272,10.821428571428571,1.082875444260382,2.0990285610672736,5.898204500424301,23.26606371569607,2.0219933281995286,15.578011635885556,16.362717304003986,13.700496271416037,17.185579806999936,18.40173276695902,19.761448683540063,0.005003785420106521,0.002150911840415303,2019,12
2020-01-01,42,5.085400876439122,0.5865903734082881,0.7929055406004549,0.0,1.3694680295494759,0.6979531864134229,1.460597416137541,0.20052347180006758,0.2209326410805391,1.4729733628080195,0.12147716229348882,0.0,0.10351966873706003,0.0,0.09920634920634921,0.0,0.9622291712502453,1.4004986291007622,0.840462519437755,0.08503401360544217,0.0,0.0,0.0,0.36969303814697846,0.21689733526130964,0.0,0.0,0.0,0.1392369813422445,0.0,0.08503401360544217,0.0,0.5686345456527682,0.0,0.0,0.0,0.0,0.0,0.0,0.08503401360544217,0.5026797215644586,0.22049815475358853,0.0,0.5612561396259865,0.2430285973084886,0.4549245891049343,0.0,0.0,0.0,1.253558078663421,0.10351966873706003,0.10351966873706003,0.0,0.0,0.0,0.0,0.0,0.09920634920634921,0.10131712259371833,0.0,0.1314231530748105,0.0,0.08950948800572861,0.0,0.0,1.3645113882298785,1.0422165429267702,11.476190476190476,2.175246220503412,2.7848650810351177,3.5257685612749285,0.8195640420989431,10.880952380952381,0.9584406536161166,2.175246220503412,5.83691374733795,21.865104639369346,2.031833106466968,17.620998237520386,15.599698465057722,13.822272195528667,16.327797019106608,17.498813386551777,18.819058143587373,0.0053995254626518704,0.001122334402929909,2020,1
2020-02-01,42,4.261045691187667,0.9396747034084207,2.5856530432290854,0.0,1.2418418643427371,0.2584285905209211,1.0106542373205496,0.36269558538093144,0.7402720376543112,1.440665876657484,0.0,0.0,0.10442773600668336,0.16670255402204642,0.0,0.0,0.9504082954638801,0.14388953413343658,1.0249182152113978,0.43003347969273886,0.0,0.0,0.0,0.3441945170574954,0.5954801863509254,0.0,0.0,0.0,0.0,0.2575785990965648,0.055114638447971785,0.0,2.2729598056845486,0.0,0.0,0.0,0.0,0.0,0.0,0.43003347969273886,0.187717590133947,0.25854874795848887,0.06298815822625346,0.302553888331309,0.1506931886678722,0.0,0.0,0.0,0.10773540185304893,0.9555395988725777,0.0,0.055114638447971785,0.0,0.0,0.16670255402204642,0.0,0.0,0.0,0.19599303135888504,0.7402720376543112,0.0,0.0,0.0,0.0,0.0,4.024417888779199,3.714240027216682,11.976190476190476,2.2861144100922752,2.8175591115173204,3.5731738103530084,0.9218167205963348,11.119047619047619,0.9124424728742594,2.2861144100922752,7.2018490057534015,22.121957666127834,2.0879346504888305,17.83180628552655,15.28732139128479,13.878485295153624,16.221528149257487,17.179230513700514,18.789917921186404,0.0059679718069253155,0.0015650150062388318,2020,2
2020-03-01,30,3.926365583303999,0.786356546395158,0.9773171970606974,0.0,1.5251550365625555,0.1829268292682927,0.6447205727825657,0.3195480971426215,0.14184397163120568,0.9257835081844902,0.0,0.0,0.1829268292682927,0.2109704641350211,0.0,0.0,0.7522259281944363,0.7611527862560638,0.877127184420146,0.2161788828455495,0.0,0.22075055187637968,0.0,0.44439387330665703,0.0,0.0,0.1212121212121212,0.0,0.0,0.0,0.1488095238095238,0.0,0.8285076732511736,0.0,0.0,0.0,0.0,0.0,0.0,0.2161788828455495,0.26455026455026454,0.5719544716632449,0.0,0.4724714175034966,0.0,0.1829268292682927,0.0,0.0,0.0,0.6447205727825657,0.0,0.0,0.0,0.0,0.2109704641350211,0.0,0.0,0.0,0.10857763300760044,0.0,0.14184397163120568,0.0,0.0,0.0,0.0,2.384828083018001,2.3687061974367554,11.5,2.213233347362708,2.7914235018757543,3.5291842650397505,0.8271291815064352,12.133333333333333,0.9256116630170295,2.213233347362708,6.11944982535862,22.01384417325594,2.0074401750260065,20.482838928759897,15.110033417542565,13.861704342150574,16.076449788249494,17.01792958033929,18.351464619549724,0.005007903349279261,0.001420898890554255,2020,3
2020-04-01,48,6.225799894703933,0.3172728542950311,1.246325504636119,0.0,0.6737353350541504,0.804962493004589,1.7361933720454428,0.4385430799001904,0.1562879765176585,1.2049603725456883,0.0,0.0,0.5407479073902477,0.0925925925925926,0.14288390372205398,0.0,0.966329022295226,0.8781371601141879,2.0697965002586574,0.3303524357852791,0.0,0.08234519104084322,0.0,0.08267195767195766,0.15225570558223023,0.0,0.0,0.0,0.0,0.0,0.0,0.0,1.246325504636119,0.0,0.0,0.0,0.0,0.0,0.0,0.3303524357852791,0.18728956228956228,0.0,0.0,0.15609333697930908,0.18517606096439365,0.31785406489043694,0.30193236714975846,0.0,0.0,1.7361933720454428,0.0,0.0,0.0,0.0,0.0925925925925926,0.0,0.0,0.14288390372205398,0.20306658358554389,0.1562879765176585,0.0,0.0,0.0,0.0,0.0,3.67426401065249,3.134671525706651,10.875,2.0905984711872763,2.7975899731650564,3.465448907375009,0.7998554341594235,10.375,0.8714994010857474,2.0905984711872763,4.619688862495305,21.04174880461887,1.9996082575958525,22.9305536314543,14.563011204914114,13.49694043939084,15.473307047949838,16.577280518665226,17.601754362284495,0.00633545490152066,0.0013687604216616625,2020,4
2020-05-01,89,4.92118462934256,0.633429707435927,1.3257645317744133,0.0,1.1847360593542868,0.3740666516762218,1.4620071645537704,0.3849779533108136,0.34424365219762126,1.6812845386169573,0.0,0.0,0.17677723048869529,0.07441029838529653,0.3105676549255171,0.0,0.6851397619122902,0.7687930780765146,1.13057910813579,0.09363295880149813,0.0,0.048851978505129456,0.0,0.12201509051398714,0.4625626384168104,0.0,0.0,0.0,0.04256043581886279,0.0,0.1083694814362316,0.0,1.174834614519319,0.0,0.0,0.0,0.0,0.0,0.0,0.09363295880149813,0.25639356579584555,0.12629137553736736,0.0,0.7084181592195757,0.0,0.28889241272085503,0.0,0.03874467260751646,0.046429566347850316,1.422021559371636,0.0,0.039985605182134426,0.0,0.0,0.07441029838529653,0.0,0.0,0.3105676549255171,0.0,0.2943060741701556,0.0,0.04993757802746567,0.0,0.0,0.11827321111768184,3.2203765395141426,2.1910356882535833,12.0561797752809,2.3425317833905086,2.790454613397398,3.5105080957971286,0.8190863871077377,12.123595505617978,0.940602920457808,2.3425317833905086,5.8464032587654575,21.948479739451745,2.030891154240501,18.044692049843494,15.664514564726362,13.576237064597272,16.568282203537315,17.468104174745857,19.004693733539103,0.005138178568939083,0.000998329911371995,2020,5
2020-06-01,82,5.520676038447468,0.30145404093000405,1.3409169502366756,0.0,0.642829250564104,0.3211163875428879,1.0401201534552464,0.6281798691740351,0.5644606071446805,1.504765251671768,0.0,0.0,0.2337069480038023,0.0,0.4689707445147012,0.0,0.9785397846797003,0.8604847357438552,1.337258006467005,0.13695056736663624,0.0,0.0,0.0,0.12134314378295154,0.18011089714705247,0.0,0.0,0.0,0.04418522446094026,0.0,0.20118643632112887,0.0,1.0955452894546063,0.0,0.0,0.0,0.0,0.0,0.0,0.13695056736663624,0.17705626350230125,0.0,0.0,0.32882241969516657,0.0,0.2233563654753751,0.04917387883556255,0.0,0.04858614323195025,0.9000883580005138,0.0,0.14003179545473265,0.0,0.0,0.0,0.06737636437137852,0.0,0.4689707445147012,0.09183276028795531,0.49459272096581874,0.0,0.03175813008130081,0.0,0.038109756097560975,0.0,2.3492559281367753,2.3656730925056397,11.512195121951219,2.0572442725312774,2.7959773126709795,3.4742650053033244,0.7853870979449006,10.621951219512194,0.9061762291043449,2.0572442725312774,5.323367545941919,22.623402830211145,1.9959446186243146,21.34567803673397,15.298116557640371,13.62574451179897,16.210055739602662,17.28386886716599,18.373811423677655,0.006564799468487634,0.001027650115684798,2020,6
2020-07-01,68,4.438554995355865,0.38307596821121226,1.3370346291880857,0.0,1.088335139255717,0.3757379380589491,1.2787527814400548,0.18486119716166813,0.30560679722737505,0.9473091594527792,0.044029587883057414,0.0,0.264005318007799,0.0,0.12201554608072292,0.0,0.47908651685039877,0.8561644082331281,1.4936889835584493,0.232255475289531,0.0,0.06284565108094521,0.0,0.17453482979037466,0.09634688884008982,0.0,0.04934859849980261,0.0,0.1147593922556092,0.0,0.10591751000122226,0.05196424859696529,1.064393478334289,0.0,0.0,0.0,0.0,0.0,0.0,0.232255475289531,0.3674815522235997,0.0,0.16727231386974187,0.32132579787284454,0.07208765859284891,0.2547935274629734,0.0,0.0,0.048856752003126835,1.215090953072344,0.0,0.0,0.06366182836771073,0.0,0.0,0.0,0.0,0.12201554608072292,0.06284565108094521,0.2615772093443176,0.0,0.0,0.0,0.044029587883057414,0.1922337562475971,3.084463058312795,1.9152135434494397,11.279411764705882,2.081616685758157,2.790213059229772,3.4706397959583635,0.7983079493446942,11.588235294117647,0.9619720185335867,2.081616685758157,5.33435321881532,22.479106850473634,2.0210406313918337,18.12693309667069,15.707417291403692,13.766783739240081,16.548318236282498,17.83581530985468,18.965620808585406,0.0059300634988585735,0.0014626976661094168,2020,7
2020-08-01,62,5.000061846562515,0.6322488249314071,1.087785148711883,0.0,1.1231821160223856,0.3428345161942127,1.9086860299872421,0.3930626885266981,0.5524882971576949,0.81452785399801,0.0,0.0,0.10819608812962134,0.0,0.33606964167841363,0.0,1.154715415679527,0.8243322175351637,1.426766128224928,0.33545450131685134,0.0,0.05659309564233164,0.0,0.2136977774565354,0.36195795183254015,0.0,0.0,0.0,0.06664889362836578,0.0,0.251541302858116,0.0,0.7695949522254013,0.0,0.0,0.0,0.0,0.0,0.0,0.33545450131685134,0.2567836609951823,0.1849840835768963,0.0,0.3459598701334557,0.0,0.3428345161942127,0.0,0.0,0.0,1.7705652569591752,0.0,0.05323112956456936,0.08488964346349745,0.0,0.0,0.0,0.056993046848284504,0.33606964167841363,0.0,0.503463882999444,0.0,0.0,0.04902441415825081,0.0,0.10716964955524595,1.8658374091499712,2.108863207204843,11.564516129032258,2.164369143287243,2.7925998729957757,3.412711171581902,0.7654224635601006,13.048387096774194,0.9818854052794275,2.164369143287243,6.841982082130525,22.018097965003943,2.0312100517359366,15.93031140885099,16.062902413804593,13.65183552448455,16.925008787259657,18.043214962193005,19.465904395348883,0.00499678842319267,0.00189023152106052,2020,8
2020-09-01,90,4.904706994860907,0.571746159579124,1.2502349691440509,0.0,0.7472128148833915,0.4090679739407276,1.1841589763554314,0.7052728174971158,0.41865696884770137,1.0157477118092344,0.05291005291005292,0.0,0.23559000596037635,0.029949086552860143,0.3757844702308451,0.0,0.792199083100564,0.9746297562139941,1.227212936295237,0.20068389178774398,0.0,0.03397893306150187,0.0,0.22237807222555483,0.2862261330030617,0.0,0.029163021289005542,0.0,0.06977385756042685,0.0,0.17855051828639587,0.0,1.0019105932972283,0.0,0.0,0.0,0.0,0.0,0.0,0.20068389178774398,0.06286355496515386,0.15657564413826516,0.15760441292356184,0.1694853110686667,0.07657189089227924,0.33249608304844835,0.0,0.0,0.0,1.1461072259749139,0.0,0.0380517503805175,0.0,0.0,0.029949086552860143,0.0,0.07770007770007771,0.3757844702308451,0.22183918301333277,0.38726964932478863,0.0,0.031387319522912745,0.0,0.0,0.12300123001230011,2.670015132581368,2.7437975481096,11.533333333333333,2.160675484318092,2.7983825734682983,3.592355688988451,0.8557609643876257,11.733333333333333,0.9559158331246227,2.160675484318092,6.221991961798469,22.08791150918989,2.0444617619663217,18.738471204767027,15.286192503399176,13.905992523155378,16.143651474808582,17.312987221711747,18.58300470031008,0.005021257155190575,0.0014546917733592167,2020,9
2020-10-01,77,4.642827876181131,0.4427470757934702,1.6814988652043856,0.0,1.172196569623329,0.4242353506574708,1.439428362439975,0.2943018139900095,0.5107415195627182,1.2460851601706404,0.0,0.0,0.2207281495510659,0.0,0.04956875185882819,0.0,0.9263322798202087,0.6742566232192362,1.2034475906336148,0.3224093209275368,0.0,0.0,0.0,0.09694764754818136,0.3109816990575865,0.0,0.0,0.03481772918770238,0.3258710103858364,0.03648037355902524,0.09531607632873457,0.0,1.2238314049307897,0.0,0.0,0.0,0.0,0.0,0.0,0.3224093209275368,0.14091905305294425,0.1238527554317028,0.05696058327637274,0.5280548569347724,0.053225463061528644,0.31821715187637717,0.05279273571956499,0.0,0.0,1.367715709993713,0.0,0.03689492325855962,0.03481772918770238,0.0,0.0,0.07463800567248843,0.0,0.04956875185882819,0.17009505645869283,0.396484302371174,0.03830977282304716,0.07594744436849699,0.0,0.0,0.0,2.854738734915474,2.6259140754428127,11.64935064935065,2.201154957310325,2.79961748226917,3.579135629860283,0.8342739986630009,11.207792207792208,0.9608449575394898,2.201154957310325,5.606054226784712,22.765315481988516,2.012783177036201,17.3579456819577,15.897482451232703,13.711621159015419,16.69443909278044,17.97664668544358,19.107763222153626,0.005547209674903584,0.0015866289407725483,2020,10
2020-11-01,91,4.269750456265846,0.2774016951500586,1.4088672583959465,0.0,1.1185316521647142,0.3508327966875225,1.4795123772321006,0.3967342196452577,0.3950181329053018,1.2082259522665844,0.0,0.0,0.4712912519103969,0.10233492516706419,0.20280516046359787,0.0,0.647271099446192,0.8690196857662436,0.6522583691503347,0.11654401209543173,0.0,0.0,0.0,0.041157344528131044,0.19835120928051028,0.0,0.0378931413414172,0.0,0.16991717721228314,0.0,0.10140130911505894,0.0,1.1375487720686046,0.0,0.0,0.0,0.0,0.0,0.0,0.11654401209543173,0.33075957087122626,0.09756788510268913,0.06807306849037272,0.5055871156049944,0.08990508883235765,0.12307263776724547,0.0,0.03251186683139346,0.10534320325652588,1.4392595897265659,0.0,0.04025278750553476,0.0,0.0,0.10233492516706419,0.0,0.0,0.20280516046359787,0.09159413401459564,0.27075171190023184,0.0,0.09778687645323628,0.02647954455183371,0.0,0.12712161168281078,2.9534807317725105,2.1425067317792252,12.054945054945055,2.3314967359612004,2.794774281286949,3.5352751746447915,0.840526977286883,11.76923076923077,0.9589040615365606,2.3314967359612004,5.976040643153376,22.53069360425704,2.0266984037196334,18.956214685939518,15.518912758995281,13.803085240678303,16.473806328670804,17.539078840530276,18.819470216121598,0.005759084596415349,0.0016579612845323362,2020,11
2020-12-01,68,4.594206555956299,0.16543494103299894,0.8932904334811417,0.0,1.1208396828006908,0.48924073417480307,1.2701888140140962,0.29705892132709577,0.8111606000393385,1.2191740359120316,0.0,0.0,0.37105413193244235,0.0,0.16163189378438436,0.0,0.8501478129616432,0.7510560539788733,0.8947707959425903,0.3463718314443335,0.0,0.0,0.0,0.09507186757395025,0.07036307345904869,0.0,0.0,0.0,0.0,0.0,0.0625782227784731,0.0,0.8307122107026685,0.0,0.0,0.0,0.0,0.0,0.0,0.3463718314443335,0.2302625840511398,0.1932821343598505,0.03543586109142453,0.31548727185394254,0.0,0.3342041486569341,0.0,0.0,0.15503658551786895,1.2169066315759038,0.0,0.0,0.05328218243819267,0.0,0.0,0.05812601720530109,0.0,0.16163189378438436,0.07730101033741027,0.5148452063099205,0.06839945280437756,0.10225483228117117,0.04743833017077798,0.07822277847309136,0.06284565108094521,2.2171049656842445,1.607902137774602,12.455882352941176,2.389776711774912,2.8062686803244348,3.538095273891535,0.8257837054594472,12.147058823529411,0.9950154798792267,2.389776711774912,5.168908369558636,23.28676828492248,2.011415576834112,16.952899580427157,16.20273324014823,13.721933949742679,17.019312058152494,18.294601002868337,19.56222735601658,0.0061451317672242736,0.0014517208991921447,2020,12
2021-01-01,73,5.179083312181489,0.5514225151996643,0.4660891322738892,0.0,1.351908946651028,0.5681194634026205,1.1517891297592127,0.5329931546851476,0.4063699957406202,0.964840994938933,0.0,0.0,0.11542565934185596,0.07986254210980638,0.31681563360994197,0.0,0.7934895784906798,1.2497791988986964,1.3608063303250877,0.29806337446648745,0.0,0.0,0.0,0.241074927373796,0.3103475878258684,0.0,0.0,0.0,0.0,0.0,0.0,0.06170554115759595,0.40438359111629324,0.0,0.0,0.0,0.0,0.0,0.0,0.29806337446648745,0.4122260380485504,0.21720722491532599,0.0,0.42441230922066414,0.0,0.5298551334110387,0.0,0.0,0.038264329991581844,1.0961036413974796,0.0,0.05568548836173294,0.0,0.0,0.07986254210980638,0.0,0.0,0.31681563360994197,0.13631497896539937,0.36246412991694615,0.0,0.0,0.0,0.04390586582367404,0.0,4.566219580268273,2.281783890503543,11.534246575342467,2.1394912051747297,2.7859225491380184,3.5313854311626196,0.8215747922599967,12.136986301369863,1.001658885834534,2.1394912051747297,6.00669436152136,22.31777629284067,2.0056299529589583,19.605414283504896,15.498114389309098,13.736192226406201,16.45455683138191,17.723385622433682,18.835928903472567,0.005341600127933938,0.0012192020614133403,2021,1
2021-02-01,88,5.408753932506539,0.5270581408641852,1.1469752150748673,0.0,0.8532148933155118,0.47251578950117457,1.495580169065557,0.36533654490962597,0.43827180481458294,1.2707186885316888,0.0,0.0,0.14846847830041107,0.11017522352095707,0.2551613213886689,0.0,1.2451993713144278,0.9593364700494335,1.3620109460829999,0.057683433317951074,0.0,0.046763935652824544,0.0,0.06535003239599359,0.37668277091760155,0.0,0.03826140189776553,0.0,0.04353883664228492,0.0,0.10614147575642048,0.0,0.9972949026761619,0.0,0.0,0.0,0.0,0.0,0.0,0.057683433317951074,0.13720088025438937,0.10416666666666669,0.07891414141414141,0.4752497716623635,0.057683433317951074,0.26681018248628097,0.10007434093898325,0.0,0.04794783275795934,1.4463869380541443,0.0,0.049193231011412826,0.0,0.0,0.11017522352095707,0.0,0.0,0.2551613213886689,0.0,0.21738237768945787,0.04272043745727956,0.1781689896678455,0.0,0.0,0.09838646202282565,3.250585010276715,3.492125159434589,11.840909090909092,2.312400243306465,2.7944130076450437,3.457217891850648,0.8156316534215914,12.113636363636363,0.9881719023850181,2.312400243306465,4.677447261501202,22.4922945061376,2.0390105740605424,15.604026042968401,16.127671243405747,13.776878984342657,16.940583139838534,18.205341202499113,19.59131719385171,0.005930288867419767,0.0012815401709473275,2021,2
2021-03-01,103,5.3024752110159845,0.479540578957968,1.273659329868901,0.0,1.0953093347027714,0.5206976035353826,1.131076515164418,0.700245589806704,1.0081320043121602,1.267106816419545,0.08981959621055852,0.0,0.3044718138352582,0.1319737418763333,0.45279069501106284,0.0,0.7893207222805728,1.039635804690376,0.9753338846395478,0.25202213605272994,0.0,0.06603475317827547,0.0,0.18677333598347207,0.19685945021444298,0.0,0.0,0.029873039581777446,0.13438788973599586,0.02704383806149769,0.18529376328001107,0.050045040536482836,0.8768887982549135,0.0,0.0,0.0,0.0,0.0,0.0,0.25202213605272994,0.2151252663978045,0.2591572032381192,0.0,0.3690047290141177,0.02704383806149769,0.4546628503571072,0.03899091511677778,0.0,0.0,1.131076515164418,0.0,0.0,0.0,0.0,0.1319737418763333,0.0,0.0,0.45279069501106284,0.1154811529193079,0.9365452665368763,0.03822337741762862,0.03336336035765522,0.0,0.0,0.0,2.7153641134504682,1.9545599308565615,11.932038834951456,2.260454937219263,2.775110928789515,3.562912274913951,0.8510128405316275,12.388349514563107,0.966873503399829,2.260454937219263,6.342914315502738,23.270841674982165,2.018120823057812,18.360177043390173,15.691587978094361,13.782950428268686,16.571798678189747,17.707617895859805,19.022759102200045,0.005386111418378105,0.001205217291010175,2021,3
2021-04-01,100,4.9042004727131685,0.4745556509437288,1.2257474056822244,0.0,0.8659648546675507,0.25823458241627045,1.7863139308169542,0.23209935135671927,0.6303287200540182,1.7564503069403532,0.0,0.0,0.2912643813533981,0.03134796238244514,0.20075138897427414,0.0,0.5793613717680214,0.8845084184555171,1.0936311919874648,0.06688545085169557,0.0,0.04273504273504274,0.0,0.08033895964930447,0.2676208890657107,0.0,0.04166666666666667,0.04219409282700422,0.04950495049504951,0.0,0.2650119552820383,0.0,0.9112304999051366,0.0,0.0,0.0,0.0,0.0,0.0,0.06688545085169557,0.3203471797023226,0.14571794980199834,0.1033966033966034,0.22961767091493077,0.0,0.1512827107585164,0.0,0.0,0.10695187165775401,1.4701364571834514,0.11889474099498955,0.0957547103941827,0.1015280222443305,0.0,0.03134796238244514,0.0,0.0,0.20075138897427414,0.0,0.4553652199084411,0.0,0.07301462904911181,0.0,0.10194887109646526,0.36284603065660037,3.3643487739321554,2.3227445097256423,12.05,2.340614846028642,2.774141901377511,3.545578314574456,0.8140861059432478,11.47,0.9442783564714928,2.340614846028642,5.902898875460279,23.138894975767265,2.0183714497242224,18.390734696392595,15.568450487645366,13.761550072114568,16.47935123970217,17.6760087088726,18.898751308144234,0.0051805373083073794,0.0016392427855252212,2021,4
2021-05-01,89,5.0298023371708025,0.4840576353180536,1.1248284072215156,0.0,1.1238012008868756,0.8801629295467495,1.1583457075355932,0.5886260324171796,0.16280622110208937,1.5791010880489011,0.12486980319501287,0.0,0.3496699187492879,0.0,0.4351261756076692,0.0,0.7913493236819172,0.5445560297811692,1.1267935461467748,0.07833645196006972,0.0,0.15378302150121026,0.0,0.04623849817357932,0.24542458624058439,0.0,0.0,0.03861152940267964,0.07904787716313631,0.0,0.07702105718733394,0.0,0.9687594728710452,0.0,0.0,0.0,0.0,0.0,0.0,0.07833645196006972,0.4345185517594178,0.22941689033131918,0.09814070645337139,0.28338860038269753,0.051072522982635336,0.5707767558809215,0.09177212141591776,0.0,0.16654152926727497,1.0265610983841895,0.0,0.08496812975065453,0.0,0.04681647940074907,0.0,0.0,0.0,0.4351261756076692,0.15349985680951045,0.08887176243769976,0.028810141169691734,0.045124317494697884,0.0,0.0,0.09402472850359644,1.9811134935724402,2.399765406343789,12.123595505617978,2.344454508040664,2.790455956892828,3.4462183406836213,0.7901551262311104,11.741573033707866,0.991818046752051,2.344454508040664,5.917153469746912,23.51484470242906,1.9945234616505896,18.12614490759764,15.897649723587095,13.688385097499156,16.72986365878026,17.812873892458356,19.165538578452153,0.005067655984720706,0.001240131528575898,2021,5
2021-06-01,79,4.075568776458799,0.4219678802212053,1.3379863103802028,0.0,1.0002633052065157,0.4059853377610549,1.572013232651558,0.6908516981520136,0.6210801393632134,1.1537035222793797,0.03180459258316901,0.0,0.2740801510455509,0.0,0.5884025479736708,0.0,0.7367428749000822,0.4618692029620296,0.6890928022220218,0.139873082492895,0.0,0.0,0.0,0.0,0.4219678802212053,0.0,0.0,0.0,0.0,0.0926118299346274,0.21558598998484527,0.0,1.0297884904607302,0.0,0.0,0.0,0.0,0.0,0.0,0.139873082492895,0.28939681240954873,0.1319133503127744,0.08661086715480609,0.3524691928364914,0.0,0.2558261829053844,0.054797523151953534,0.0,0.09536163170371696,1.5399670862006687,0.0,0.0,0.03204614645088928,0.0,0.0,0.0,0.0,0.5884025479736708,0.10244915017834291,0.5704472279708083,0.05063291139240506,0.0,0.0,0.0,0.0,4.1262410534147085,3.7226020244304925,11.329113924050633,2.175540818332851,2.778402626074479,3.5150093306128847,0.8019319234359348,10.455696202531646,0.8675064376507007,2.175540818332851,6.710342895821467,21.976171062046166,2.0371427948045846,17.814957195600655,15.627230083298238,13.796590185364767,16.419897156516136,17.69517993652864,18.855542321965434,0.0042658801173172745,0.0015632894576144423,2021,6
2021-07-01,97,5.978317458182445,0.6057552978470961,1.6428965149650936,0.0,1.2144297439669565,0.35794398088631263,0.8867791785999214,0.3011325254399411,0.3614645593387255,1.660229376691472,0.04707433036765051,0.0,0.22165957631711128,0.0,0.2188068463681147,0.0,1.293133413504046,1.1454844520569232,1.2705201115470637,0.12140935133006456,0.0,0.03358071123946405,0.0,0.37950076605487715,0.19267382055275495,0.0,0.0,0.0,0.07007044875780204,0.0,0.2504341821699059,0.0,1.3223918840373858,0.0,0.0,0.0,0.0,0.0,0.0,0.12140935133006456,0.2271023534017228,0.24697047322498855,0.1315838091238496,0.4873637568863311,0.03402402095879691,0.23417011004701369,0.061886935419649514,0.0,0.027862914460852605,0.8447004914549604,0.0,0.04207868714496108,0.0,0.0,0.0,0.0,0.0,0.2188068463681147,0.08232567907182645,0.2729585294328042,0.03604642779900512,0.0,0.05245960210691626,0.0,0.16673926892812332,3.7432100826054784,2.480877758558001,11.804123711340207,2.229459520453037,2.7924797081368125,3.5858696332705735,0.8513268800511116,12.11340206185567,0.9739155716653076,2.229459520453037,5.581612404091759,23.052498544652828,2.0400735099801115,16.770612649107402,15.971296196793746,13.838080280433491,16.638959384952653,17.969200465342187,19.128036858838897,0.006118839546904997,0.0013572361577937626,2021,7
2021-08-01,65,4.083515731025481,0.5138698377280783,1.4948982737344956,0.0,0.9963004017481556,0.43845424192553356,1.4213275976531394,0.2230146767161319,0.47950988003632444,1.4569051141547305,0.05698005698005698,0.0,0.2902155887230514,0.0,0.0,0.0,0.4384157263083853,0.8952754989907982,0.5347647216151202,0.41095902425333863,0.0,0.04962779156327543,0.0,0.16269507562151633,0.30154697054328655,0.0,0.0,0.0,0.18899704342051044,0.0,0.18144290179021502,0.0,1.12445832852377,0.0,0.0,0.0,0.0,0.0,0.0,0.41095902425333863,0.07024938531787846,0.3802524727220345,0.055944055944055944,0.07889546351084813,0.06688963210702341,0.3091523770208818,0.062412232797628336,0.0,0.0,1.3901214812543252,0.031206116398814168,0.0,0.0,0.0,0.0,0.0,0.0,0.0,0.2230146767161319,0.37116751817283583,0.10834236186348863,0.0,0.0,0.0,0.051111679018655765,3.6440763851105697,2.5687478817847538,11.63076923076923,2.2238818743405915,2.788608638710599,3.4330453789509896,0.7320182058459546,11.2,0.906764107394515,2.2238818743405915,5.472604241771464,22.701887233910647,2.027106096016095,14.225901563537013,16.54186648066945,13.770091930595823,17.221737829469344,18.76140401070019,19.9422910230596,0.006692242874040331,0.0016080086546074526,2021,8
2021-09-01,84,4.944419954888631,0.6288935758839249,1.0771334813972595,0.0,1.0610443447502138,0.3702337919169341,1.2069535019234796,0.46383386835641827,0.5634461336731902,0.9752326773212044,0.0,0.0,0.2726100548732539,0.04206629648325761,0.31895049038662804,0.0,0.8981660908706669,1.2081757886492737,0.9946900711564685,0.23452848514787789,0.0,0.041480006636801056,0.0,0.1734778700088824,0.36814815345069574,0.0,0.04578754578754579,0.0,0.0744047619047619,0.0,0.04578754578754579,0.0,0.9569411737049517,0.0,0.0,0.0,0.0,0.0,0.0,0.23452848514787789,0.2038166969462288,0.08322390397862096,0.08098477486232587,0.4584904838151604,0.0,0.32354845111394626,0.0,0.0,0.04668534080298786,1.1573503273203047,0.0,0.0,0.04960317460317461,0.0,0.04206629648325761,0.0,0.028412319581770658,0.31895049038662804,0.0744047619047619,0.4715019180676824,0.05131362889983579,0.0,0.04063058670567203,0.0,0.16414602278616028,4.332805836818625,3.065135694010894,11.5,2.0979041703023853,2.791862781837974,3.5292396603081224,0.822764067220444,12.178571428571429,0.9755855863166875,2.0979041703023853,6.743608858082088,22.947225753876573,2.0296966545963975,18.130735725887742,15.654645701281746,13.880439138010564,16.49729062340611,17.72865060028984,18.932579191751056,0.0057315687109721234,0.0018035102417823473,2021,9
2021-10-01,106,5.2693909745621355,0.6251634252661067,1.1477624557963142,0.0,1.0377158249319014,0.5248108412153183,1.16063736359238,0.6778519915561123,0.5480747454530938,1.550528829713125,0.0,0.0,0.5846651708675958,0.037887398651208604,0.3836710391513753,0.0,0.7125547140141743,0.9338088624651943,0.8488751627990037,0.21739979690045833,0.0,0.08000330161616817,0.032985882042485815,0.18239060116648706,0.2876677374760061,0.0,0.0,0.04211590296495957,0.1184727044620633,0.0,0.28975860600180203,0.0,0.739531145332449,0.0,0.0,0.0,0.0,0.0,0.0,0.21739979690045833,0.13464717178412178,0.1981034435524795,0.1335695497113516,0.35399586298349034,0.06859417040104951,0.2664965810205723,0.027911130959026458,0.05018065034122842,0.11162830849344159,1.067267705569228,0.03834944009817457,0.0,0.027911130959026458,0.027109086965950983,0.037887398651208604,0.032985882042485815,0.03345376689415228,0.3836710391513753,0.18985390481689027,0.4871154239347532,0.0,0.040316078051927114,0.0,0.02064324346641344,0.15135245692079563,5.949351372312861,2.7805472836357366,11.80188679245283,2.175807914022416,2.7794785215493447,3.6068185257129604,0.8326112464333256,12.61320754716981,0.9911054654522454,2.175807914022416,5.367062294467138,23.427377252573123,2.0100071182413357,18.860060868224966,15.660015824262578,13.864002330051612,16.57807692478023,17.908830794780044,19.003387346767926,0.0041846454710234415,0.002136435029150841,2021,10
2021-11-01,83,6.065410350691068,0.7439560819673154,1.2461824556866468,0.0,1.219744906087738,0.3476550592855886,1.3581323892611388,0.37641842422711536,0.9686455813169408,1.4704863638549823,0.04154549231408392,0.0,0.20947531777934683,0.0,0.37641842422711536,0.0,1.240312033308775,1.0142039997538754,1.4631880302982898,0.24978068915459867,0.0,0.03502381619501261,0.0,0.34050774845767945,0.36842451731462345,0.0,0.0,0.0,0.22096176133963485,0.12631169840652934,0.153154992852767,0.0,0.7457540030877156,0.0,0.0,0.0,0.0,0.0,0.0,0.24978068915459867,0.4249635786074225,0.14223204313974483,0.09651199333527968,0.3062566018506923,0.0,0.2596457484642644,0.03695764653706852,0.05105166428425567,0.0,1.232359933740152,0.04154549231408392,0.04858142246404975,0.03564554074285307,0.0,0.0,0.0,0.0,0.37641842422711536,0.0,0.8453811828513217,0.07221273418136341,0.05105166428425567,0.0,0.0,0.27200463189502494,5.249043764966014,2.9753471724049323,11.602409638554217,2.1814154330689677,2.7941076344623226,3.5943353692965316,0.8509263418440911,13.240963855421686,0.9785714159792798,2.1814154330689677,5.9481860548932834,22.85784751863121,2.028510084089288,17.5044155484388,15.745916293716178,13.766258114767753,16.547461577701984,17.85011750818556,18.977405200214456,0.004780116592925173,0.001503858567456896,2021,11
2021-12-01,73,4.548933135828816,0.675000138052798,1.315444079254683,0.0,1.0815642809493642,0.3421790341553098,1.1634486027745379,0.3657319424029807,0.5534658725942408,1.5266894838068275,0.0,0.0,0.2181243709241997,0.04267486023983271,0.25623449612906846,0.0,0.6796236667279487,0.503782127441755,1.192836040685368,0.12896808987381578,0.0,0.03357507386516251,0.0,0.16634473818078016,0.4167882828707435,0.0,0.05829204313611192,0.0,0.15193344342325749,0.11415525114155252,0.15226054627900107,0.0,0.8970948384108719,0.0,0.0,0.0,0.0,0.0,0.0,0.12896808987381578,0.31512421354675285,0.31575334948690836,0.0,0.3217186280418872,0.0,0.28338663013390936,0.0,0.0,0.05879240402140043,1.126821249467088,0.0,0.0,0.036627353307450004,0.0,0.04267486023983271,0.0,0.0,0.25623449612906846,0.06682258603407952,0.4181642702841567,0.05457621568520439,0.0,0.08072538662487977,0.0,0.0,4.693640747307831,2.6122604399682334,11.575342465753424,2.124252133128419,2.7814871453913983,3.581055930395405,0.8156607448784077,12.027397260273972,0.9842479886800852,2.124252133128419,5.222795732576177,23.325326323685033,2.03263337808088,14.999171248394507,16.477617072704415,13.792991864004318,17.26005245481908,18.61978445766032,19.873381388261254,0.004226358829420251,0.0017348130045975756,2021,12
2022-01-01,85,4.487887163667474,0.6320234552862393,1.024310496458991,0.0,1.0517024093211411,0.3807054839830898,1.6845106161040448,0.395095192642454,0.6561629364268213,1.0445097391708387,0.09530175706646296,0.0,0.15078752175620375,0.0,0.31419944636580127,0.0,0.9299900089360083,0.7000628053810336,1.0545177094200864,0.19851817557103912,0.0,0.04084967320261437,0.0,0.23022313019899118,0.36095065188463366,0.0,0.0,0.0,0.07739938080495355,0.0,0.11767232813712121,0.0,0.8292387875169164,0.0,0.0,0.0,0.0,0.0,0.0,0.19851817557103912,0.23865033933618085,0.14516279067144958,0.03832151753209427,0.4310495862103773,0.030557677616501147,0.22523416641396332,0.07895775759968417,0.0,0.04595588235294118,1.530711596496202,0.0,0.04595588235294118,0.10784313725490198,0.0,0.0,0.0,0.0,0.31419944636580127,0.08089574627665275,0.30551645882732387,0.0814974278684858,0.07739938080495355,0.10279127253147982,0.08895839639457842,0.0,4.91429075544978,2.761184219915014,12.023529411764706,2.293960484578243,2.8024639216416034,3.662183408658011,0.9216311682123756,13.788235294117648,1.049033619712848,2.293960484578243,6.651441420134185,22.935788581145076,2.039047598534719,19.017072663733575,15.346085407981041,13.849232308164256,16.26976996635355,17.43581837738089,18.64351144457144,0.004978276788657317,0.0013714127303129746,2022,1
2022-02-01,111,5.128035940594278,0.6155846306345832,1.5961859059871886,0.0,1.505801780982361,0.7378383250807996,1.4866941790085972,0.3773727261479042,0.48269243936542017,1.4839772581578732,0.0,0.0,0.41102647534514114,0.0,0.30730291236972557,0.0,0.8085464558184212,0.7410078043173837,1.00437835308996,0.3717966814957732,0.0,0.031065548306927614,0.0,0.32500041555154485,0.22845311846918318,0.0,0.031065548306927614,0.0,0.07798399110167518,0.0,0.236356169131337,0.03139027529271431,1.250455470461462,0.0,0.0,0.0,0.0,0.0,0.0,0.3717966814957732,0.3922418646058039,0.38719544508474,0.027720027720027723,0.32684776207601623,0.02408825938237703,0.6048591182433056,0.04792026068621813,0.03707411114818522,0.023896575620713553,1.4866941790085972,0.0,0.0,0.0,0.0,0.0,0.022026916892442565,0.0,0.30730291236972557,0.04804289688573604,0.3309054335672203,0.0,0.03412503412503413,0.09525150150150151,0.0224104701716642,0.0,3.082484776223503,1.9399309046751496,11.477477477477477,2.069534772584253,2.7904813794553873,3.5673935588872503,0.8447767186854621,12.612612612612613,0.975224954533875,2.069534772584253,6.033838620955541,22.99457060140362,2.014300797797729,18.210228723121194,15.916153633027557,13.826416203102713,16.687642473279077,17.967666538693628,19.083048582714646,0.005253678099907726,0.0017327032540421228,2022,2
2022-03-01,111,6.22149436085313,0.4676194866566038,1.2167346776909518,0.0,0.9131759739823159,0.4627531447383925,1.308983446757257,0.3939295239865079,0.7964547926928826,1.8310422997658806,0.04039914353815699,0.0,0.30780641559084676,0.02224446668891113,0.32820367948338536,0.0,1.0358800750631822,0.7793169985793872,1.6558941745540778,0.22070710758930143,0.0,0.040764746647099594,0.0,0.1991493862624718,0.20144002135925104,0.0,0.026265332387781365,0.0,0.05850005850005851,0.0,0.1432618720426817,0.0,1.0149727471482115,0.0,0.0,0.0,0.0,0.0,0.0,0.22070710758930143,0.1817696255778914,0.2282381609552591,0.0,0.28246107985986385,0.03769459836405443,0.22309809451802592,0.024348672997321644,0.0,0.1776117788589905,1.2846347737599357,0.0,0.024348672997321644,0.0,0.0,0.02224446668891113,0.0,0.0,0.32820367948338536,0.043481377814211394,0.5263930404221714,0.0,0.10650694127800964,0.09048434477485985,0.07307046621784158,0.145736987842251,3.5360107616479706,4.241798108943468,12.153153153153154,2.317047888922615,2.7976560463008813,3.5900416676585376,0.8551244236645473,12.693693693693694,1.0350414984152503,2.317047888922615,5.554449491021144,23.288423280955925,2.031438196344987,18.013848683564653,15.878724425586576,13.781451568893718,16.688380480810533,18.001330109067567,19.100807769983188,0.005257478049788918,0.0016302176139057843,2022,3
2022-04-01,92,5.451449912858232,0.3336549590698015,1.6930321692441235,0.0,0.8852489037239392,0.6290722088168498,1.0146052548809283,0.3033447653644958,0.6114194430401435,1.1603152274070532,0.04567044208987943,0.0,0.19484942635406655,0.0,0.3033447653644958,0.0,1.101755110101011,1.3446804335820999,1.1154782698868322,0.1853562380727946,0.0,0.0,0.0,0.0806375909253648,0.2065662347367816,0.0,0.04645113340765516,0.0,0.08801267382503081,0.028380065841752754,0.16545772072212675,0.0,1.4111817088552132,0.0,0.0,0.0,0.0,0.0,0.0,0.1853562380727946,0.2878507191863213,0.12542354778956155,0.10353684365910647,0.18308155501615514,0.07880122079351579,0.32465158219339324,0.11377909956797735,0.06836204539239814,0.043478260869565216,1.0146052548809283,0.0,0.0,0.0,0.0,0.0,0.0,0.0,0.3033447653644958,0.0,0.5536026067774238,0.0,0.0,0.057816836262719704,0.0,0.05032206119162641,2.542778457018469,2.8868603092441587,11.66304347826087,2.236013734318456,2.789406372338555,3.477396185934793,0.8076037356887324,12.217391304347826,0.9485931732892033,2.236013734318456,6.288672459448077,22.117183819275727,2.03966132043208,17.02893167683253,15.76474367910701,13.747457449866477,16.590970102000583,17.790092048990104,19.174971637400553,0.005199607293210852,0.0014223934552575841,2022,4
2022-05-01,116,4.014705142974517,0.738644913837516,1.3504551609639264,0.0,0.9042205387802758,0.3509558984253745,1.4284110713096072,0.2517618832480825,0.711768844378796,0.9701950606156642,0.0,0.0,0.2949407017886523,0.0,0.16724447060209943,0.0,0.8276824443570766,0.7874113908333112,0.8250994086265959,0.1421316661511171,0.0,0.05703652924725434,0.0,0.09800376648621913,0.3702180773265049,0.0,0.10562792008788244,0.10775862068965517,0.03476084538375973,0.022218272307145397,0.20438079698098605,0.0,1.0890952462920351,0.0,0.0,0.0,0.0,0.0,0.0,0.1421316661511171,0.11236964006492284,0.15594963622026112,0.11586261484396976,0.3779069815000049,0.0,0.2673119500443245,0.021233225751656194,0.0,0.06241072262939379,1.3022068693427402,0.022626482034573264,0.03504345388281469,0.06853426604947903,0.0,0.0,0.0,0.0,0.16724447060209943,0.08451741264598309,0.5684088944337319,0.04875153381414648,0.0,0.0946084161309176,0.0,0.10366389676734504,3.9230306680301408,2.800988078334741,11.801724137931034,2.3132736871230755,2.801783714239602,3.6104728634546,0.8686152683947365,12.732758620689655,1.0444908640593826,2.3132736871230755,6.67200787940525,23.08599941732348,2.0182192927975433,18.234687250174286,15.794120966647727,13.696079633350845,16.644509843088514,17.831193925160253,19.069675028832542,0.006708550218027563,0.001360427150792743,2022,5
2022-06-01,98,4.997176469767292,0.6762844842322242,0.6732564596519998,0.0,1.0356537534131032,0.3489538421115079,1.0975994834292704,0.40175378934858136,0.7481464429225216,1.4512944693792122,0.027653337757867377,0.0,0.5051214550064577,0.10261864727702825,0.2020805866856797,0.0,0.7789911494837071,0.5314063326040657,1.2855651644941084,0.11244532707916617,0.0,0.027653337757867377,0.04929508035098097,0.3584504718139929,0.19974010385513677,0.0,0.0,0.04114549045424622,0.040016006402561026,0.0,0.01735388032764126,0.0,0.6158865729217975,0.0,0.0,0.0,0.0,0.0,0.0,0.11244532707916617,0.3087276817455441,0.17278121530787544,0.024767188428769564,0.41693234085174785,0.08672628070902845,0.24683678970918674,0.0,0.0,0.015390771693292702,0.9385222470925587,0.0,0.1266833263917812,0.032393909944930355,0.0,0.10261864727702825,0.0423405876873571,0.0,0.2020805866856797,0.05471396769851636,0.49738223907337636,0.09505444441429589,0.024529042386185248,0.03345600535296086,0.09772471169570325,0.22430897765153743,4.073044359235109,2.144357902647152,11.83673469387755,2.2577724496450235,2.787916522186591,3.6210299243068733,0.8931342063762803,12.744897959183673,0.9490387327772566,2.2577724496450235,5.843895361381581,22.82154962134704,2.000122411656488,18.902355716123793,15.682692441896009,13.66707661098517,16.434169234172884,17.700285397096213,18.793071536817713,0.004905986478160706,0.0014046830764774774,2022,6
2022-07-01,86,5.153512215716505,0.684461409856825,1.176334671838377,0.0,1.2158149317629832,0.4044990378350409,1.7402598670013278,0.42723903133292274,0.6297135785973953,1.299236019172863,0.10222385181270974,0.0,0.4811104054508785,0.09604001985718105,0.1773193914488721,0.0,0.6165359747338487,1.0701246907012432,1.0863070286847054,0.22461483385420378,0.0,0.11281558035804985,0.0,0.2964543129037189,0.14614594941552075,0.0,0.06719499815430048,0.06185056902523503,0.0,0.030925284512617515,0.0,0.0,1.1454093873257594,0.0,0.0,0.0,0.0,0.0,0.0,0.22461483385420378,0.23008955415853666,0.056446150372544586,0.036451119049354816,0.6682132743283432,0.05055611729019211,0.2820287145190257,0.0,0.04123371268349002,0.030680493342332943,1.2680513519701981,0.09771350400625367,0.1449918114838942,0.2295031995409822,0.0,0.09604001985718105,0.0,0.03599971200230399,0.1773193914488721,0.11787990802456559,0.49103632314282475,0.03312794010468429,0.06839945280437756,0.0,0.03714986254550858,0.23825346470472333,3.4460411100641433,2.885802444678255,11.790697674418604,2.269837017415237,2.805066824601465,3.6823275302596343,0.9189412959932375,12.965116279069768,1.0520678222531459,2.269837017415237,7.008428704105882,22.70135438007405,2.037665615049581,18.892664813335237,15.580728025421829,13.807316104364299,16.479575393550007,17.78253835276323,18.812911827521734,0.005893580263923078,0.0009261463517830145,2022,7
2022-08-01,83,6.072567008194046,0.7821219227633047,1.8573593194144975,0.0,1.1569530537407415,0.4244356724741737,1.1375300397629242,0.420082296537523,0.7583366949621981,1.7220744890527588,0.1032537991649487,0.0,0.25589299750178324,0.03861600247142415,0.21799906126704868,0.0,0.8854952673703528,0.8672484790216209,1.844686607806934,0.13730030453717415,0.0,0.044788820710350695,0.0,0.3004769936868198,0.43685610836613425,0.0,0.0,0.0,0.07835395636600456,0.0,0.2821368179042386,0.0,1.4968685451442543,0.0,0.0,0.0,0.0,0.0,0.0,0.13730030453717415,0.4965548156452265,0.17495695101849612,0.0,0.348140982539845,0.06534911576129077,0.18020801153331273,0.17887854517957016,0.0,0.0,1.04055916029363,0.04877810838495683,0.0,0.04819277108433735,0.0,0.03861600247142415,0.0,0.0,0.21799906126704868,0.16346723279905012,0.5168222968212939,0.0,0.06845564074479737,0.0,0.1730587573961068,0.4839347376306007,3.3628485092508997,2.700678015648461,11.289156626506024,2.08505692725951,2.782038600045804,3.5739774427915005,0.8272690865648239,11.879518072289157,1.0277144748046119,2.08505692725951,5.558401579897508,23.159926122975378,2.0313219186920115,16.62095331378397,16.119670914248918,13.804094541082238,16.93308207407327,18.423093037739903,19.383320351062398,0.005465233567869865,0.0012344040584673047,2022,8
2022-09-01,111,5.8900984677967765,0.7390814436476777,1.1875946939967834,0.0,1.0727203531522385,0.3906919423127674,1.0969983235523,0.3341649922813704,0.579205066909566,1.931847740167126,0.01937421292260002,0.0,0.31850321079843646,0.119117956318865,0.21504703596250538,0.0,0.9747902706611475,0.8303852769747004,1.2733844164959263,0.20764834749547006,0.0,0.0,0.0,0.29316580249613694,0.4186156138515135,0.0,0.0273000273000273,0.0,0.0448209403433284,0.0,0.2555977300826531,0.02448100274187231,0.8626950208289297,0.0,0.0,0.0,0.0,0.0,0.0,0.20764834749547006,0.27259510910568024,0.12405856678302499,0.05888241182358829,0.40953591794447475,0.04504504504504504,0.18137700099580845,0.10317431793495623,0.0,0.06109557833695764,0.9925049390256578,0.08001238178476984,0.0,0.02448100274187231,0.0,0.119117956318865,0.0,0.0,0.21504703596250538,0.0,0.42569886499690074,0.0,0.09096793549090368,0.017493221376716522,0.04504504504504504,0.0,2.996451088255773,2.1888748743994033,11.855855855855856,2.2313182828107476,2.790373564254125,3.5563631536274216,0.8418899938364384,12.072072072072071,0.9847899541943037,2.2313182828107476,6.871652750611341,22.94676580171002,2.0320321458709163,16.629565689569123,15.957640519463293,13.81644648907553,16.748122162873205,17.94156806339793,19.391649629219444,0.005748452641107023,0.001724731684472207,2022,9
2022-10-01,78,5.870821058278845,0.4718349428040089,1.2889986329150223,0.0,1.0687592656824212,0.5465036384703427,1.3602411090979756,0.47264034053264836,0.4820141486340835,1.4830464157532488,0.0,0.0,0.18572827427501998,0.02733584823137062,0.3243123004135634,0.0,1.1809691941211757,0.7833223785920135,1.7279693858083875,0.1581372610840655,0.0,0.0,0.0,0.13092205696779396,0.27104658926184383,0.0,0.0698662965743711,0.0,0.1093503380088746,0.0,0.1505254707341994,0.0,1.0291228241719483,0.0,0.0,0.0,0.0,0.0,0.0,0.1581372610840655,0.2648630731537201,0.17220766480378524,0.10055304172951232,0.37299822491133783,0.11707868850725994,0.3439758900210107,0.0,0.0,0.08544905994207204,1.3364553710265232,0.0,0.023785738071452355,0.0,0.0,0.02733584823137062,0.0,0.03815628815628815,0.3243123004135634,0.08283590373142612,0.3596280585605124,0.0,0.10336455769892303,0.0,0.019021532374648105,0.0,3.381755998842125,2.108841089644053,11.64102564102564,2.137045209213561,2.7771881804934964,3.5563404813278554,0.8128566416325845,12.615384615384615,1.0498609515323043,2.137045209213561,6.4637503529000755,23.324752115605854,2.0598221710637903,13.813561975862012,16.427649157177992,13.88709318578237,17.173557869290978,18.56111032710215,19.94067446048473,0.005377099285267926,0.0017000544840676478,2022,10
2022-11-01,102,4.647338269433051,0.45132185013830295,1.2680174538587268,0.0,1.2045152167930058,0.46257712466371814,1.623424246343755,0.4521943111745109,0.40422921879171275,1.063617316296632,0.04951475539710835,0.0,0.3719472660818804,0.1637340013276797,0.2404799900031648,0.0,0.878611869027517,0.660234188960743,0.9068680685754497,0.31233081376287625,0.0,0.05935422602089268,0.0,0.0873075741066689,0.2537401047566319,0.0,0.050919945254109485,0.0,0.0,0.0,0.12023513394400734,0.0,1.1477823199147195,0.0,0.0,0.0,0.0,0.0,0.0,0.31233081376287625,0.36933503266824513,0.10051608422885372,0.0,0.4223332861330307,0.047361939945060154,0.28837508262465067,0.02004891936324632,0.0,0.106791182730761,1.623424246343755,0.0,0.0,0.0,0.0,0.1637340013276797,0.0,0.0,0.2404799900031648,0.04798031984366641,0.3780854279420396,0.0,0.0261437908496732,0.0,0.0,0.09563262791383309,2.321020856110695,2.1606998179339043,11.96078431372549,2.282638718865837,2.7968491589901787,3.5319480824750586,0.8620836293376125,12.294117647058824,0.9662821503452073,2.282638718865837,6.198529165655048,22.48640756765084,2.022004038583443,18.15678869934588,15.711767571757676,13.763921362903568,16.603552961741325,17.832728598012853,19.054461540186583,0.006294656343136041,0.0012570335007390753,2022,11
2022-12-01,104,5.1137528472832035,0.46620622440272474,0.9620057326755465,0.0,1.0581853551732296,0.23140186450563935,1.658729468357954,0.295850558782134,0.39950568146066384,1.1226580484104696,0.12485094557301336,0.0,0.2595387090308331,0.12649855003139107,0.1693520087507429,0.0,0.6094335876324163,0.9984943829050434,1.4645327648527018,0.23839385009659228,0.0,0.022413483951945493,0.02072281167108753,0.07356472795019953,0.21685214255207977,0.0,0.09138531314700638,0.04126774513040607,0.209603436038873,0.0,0.04589682393978337,0.0,0.70650547269689,0.0,0.0,0.0,0.0,0.0,0.0,0.23839385009659228,0.13965377411628388,0.06652075282985657,0.13099034321141315,0.4826266349190836,0.0,0.1924731818522603,0.03892868265337901,0.0,0.0,1.5365412440933617,0.0409165302782324,0.0,0.08127169398635979,0.0,0.12649855003139107,0.0,0.0,0.1693520087507429,0.0,0.33680373232578786,0.0,0.02931519699812383,0.0,0.033386752136752136,0.08007790493666199,2.7701499073439892,2.8878837029899276,12.115384615384615,2.4216908039906846,2.7986285281365904,3.596824705206903,0.8622278517468616,12.701923076923077,0.9542607431153771,2.4216908039906846,5.985968440284135,22.86884946654971,2.03990432441993,16.69386867037701,15.97366091360256,13.923014662274458,16.72917773863526,18.215357817921436,19.255725979527657,0.005029092269224259,0.0009498573875042834,2022,12
2023-01-01,78,4.6292065205864805,0.42526190272185005,1.4058282422499577,0.0,1.0416463179681539,0.23276319097433465,1.1392587301969055,0.24545433082195658,0.27403676508682967,1.3930414116886567,0.0,0.0,0.42535323479209297,0.0,0.24545433082195658,0.0,0.5290172116177805,0.744684016133478,0.8493827715024651,0.44227354403005137,0.0,0.0,0.0,0.15381549094922906,0.271446411772621,0.0,0.0,0.0,0.1859798792073578,0.0,0.19570989660878021,0.0,1.0241384664338198,0.0,0.0,0.0,0.0,0.0,0.0,0.44227354403005137,0.30123572356070966,0.18752566998853185,0.0,0.11061138038886116,0.0,0.23276319097433465,0.0,0.0,0.0,1.044060250667115,0.0,0.0574910888812234,0.03770739064856712,0.0,0.0,0.0,0.0,0.24545433082195658,0.0,0.14283697514380606,0.0,0.05775005775005775,0.02112110843577071,0.052328623757195186,0.27320498262272946,4.424555335774292,3.06333989468686,11.64102564102564,2.3033788643050377,2.7672062747137844,3.5507580360996727,0.8602157689082892,12.525641025641026,1.0229802400262311,2.3033788643050377,6.626651570437661,22.77064912867336,2.0254381625579967,17.036582304709466,15.934434435369282,13.685160285940384,16.765949993379174,18.00785299298698,19.293606854746137,0.005886198639029234,0.0013214492643867093,2023,1
2023-02-01,126,5.037678686677916,0.5583516860418102,1.1569746137556114,0.0,1.2689642559393957,0.4777176122904982,1.3436748593508463,0.5720804686173293,0.6386361675476255,1.5072835252731827,0.0,0.0,0.28539997761880753,0.15932925739654444,0.3368986011979717,0.0,1.123894592545038,0.4588080502693913,0.8189443526885439,0.34712032968843654,0.0,0.0,0.0,0.2551520713575737,0.2276387284216659,0.0,0.044314792024350354,0.031246094238220223,0.08085138726518361,0.0,0.26788764053847197,0.0,0.8082355859519559,0.0,0.0,0.0,0.0,0.0,0.0,0.34712032968843654,0.21860451723674484,0.07228060145292166,0.03161955353190413,0.5993392540293886,0.041552397573339984,0.2869756512693804,0.10435053555790244,0.0,0.04483902788987535,1.1184363676094309,0.07086672981019598,0.031746031746031744,0.0831406160732082,0.03948511411197978,0.15932925739654444,0.0,0.018630300320441166,0.3368986011979717,0.057222309702371944,0.5814955638370275,0.0,0.024345116369656247,0.0,0.03279548734094189,0.07348618459729571,3.3719212546162685,3.3213215889136256,11.484126984126984,2.1847056766959,2.8148711275343974,3.5085227548613647,0.8357925454899688,13.0,1.0015226848543481,2.1847056766959,5.904887173282681,21.593371899238925,2.0349137855553625,19.549669594209963,15.17525409408845,13.799130397676423,16.09772675268249,17.303480335665935,18.43101903198233,0.0052043526287815665,0.0010945954739078406,2023,2
2023-03-01,163,4.820796421924728,0.8425851407400634,1.6167142824161547,0.0,1.2477669900407564,0.3024296237305689,1.4327970351813495,0.4474889470886744,0.39876712239251516,1.0153499272396713,0.0308289915836853,0.0,0.4579984327260302,0.023778950872687495,0.1630761317796075,0.0,0.8004770954865852,0.9055514543545811,1.1711498197293724,0.2525856181525073,0.0,0.0,0.0,0.49305403667439285,0.31849602888874295,0.022722108611679163,0.008312966565248475,0.0,0.10803951073298419,0.0,0.20379647179762037,0.0,1.3048782998855502,0.0,0.0,0.0,0.0,0.0,0.0,0.2525856181525073,0.3511904749315819,0.12517686543173975,0.07086325926419976,0.44795077226072777,0.054776511831726556,0.18233386783835598,0.01876137408303784,0.024248890613254442,0.022308979364194088,1.2863734950498176,0.03212025824687631,0.060014699600422126,0.02588594651963449,0.028402635764598956,0.023778950872687495,0.0,0.0,0.1630761317796075,0.2606338644363794,0.32904955365355487,0.0,0.04630165528417641,0.0,0.02341591345478387,0.04478079799382025,3.5605515937733263,4.12939977784675,11.815950920245399,2.2440687442738296,2.800077934108971,3.569585911780047,0.8528802749446335,12.39877300613497,0.9535165420728626,2.2440687442738296,5.730448901699741,22.335280574353288,2.014386004682055,20.330604859968584,15.162748752594188,13.689219983454878,16.121119926618558,17.279369623334897,18.389748132591812,0.004951882523374993,0.0016027404183231466,2023,3
2023-04-01,116,5.586435297400563,0.48717046730395996,1.3096917234380177,0.0,0.904222329860332,0.46018813927852914,1.4420334095902267,0.42653609901764633,0.5854393809109845,1.4746277245231003,0.030037246185269734,0.0,0.4727739166913998,0.10176439808018906,0.2558479394506098,0.0,1.0761380624012202,1.0636758073020482,0.8645330684199155,0.24703713434680924,0.0,0.05288766659614978,0.0,0.17030342491596112,0.18133147955648055,0.0,0.04310344827586207,0.039544447959506485,0.19781369963625567,0.0,0.29094269545733725,0.04056795131845841,0.7803673770259665,0.0,0.0,0.0,0.0,0.0,0.0,0.24703713434680924,0.26305983752467665,0.11080887518993042,0.0891855527061319,0.19413093009278382,0.05851990123928005,0.28219573265106823,0.06525218675003157,0.0,0.05422031863814928,1.2833068603260485,0.02280605728881591,0.053292201298802536,0.04609994468006638,0.03652834599649328,0.10176439808018906,0.028640164967350213,0.0,0.2558479394506098,0.04028359651949726,0.37054233414058635,0.04310344827586207,0.0,0.0,0.17179359849453602,0.09852216748768473,3.2304400513749756,2.457503084844616,11.775862068965518,2.297448039591368,2.8058407543511987,3.577927669549158,0.851017421861848,12.060344827586206,1.0070605196126539,2.297448039591368,5.970624435858301,22.678101921827263,2.037382692033058,19.117127072034176,15.429110816438223,13.736822561509905,16.409711334920786,17.516819116282726,18.802451750830066,0.005039815740683333,0.0016620256771112522,2023,4
2023-05-01,112,4.6884709626016825,1.2776706215583553,1.5356898076913494,0.0,1.2395619945295189,0.4626567911871298,1.2824167746946726,0.3449087349285045,0.7800477503093092,1.291345573094645,0.034340659340659344,0.06713211600429646,0.38535311443572123,0.10969782950799346,0.20677596456518801,0.0,0.6066034498428372,1.0904432716482242,0.6920100836864418,0.20476890047567584,0.0,0.10487295390726663,0.0,0.6342108377739628,0.5385868298771257,0.0,0.0,0.0,0.07137611512598542,0.0,0.1016789040188055,0.04800307219662059,1.314631716349938,0.0,0.0,0.0,0.0,0.0,0.0,0.20476890047567584,0.22365950380447047,0.12126958449855493,0.2004326115812665,0.4894313941695513,0.018409425625920472,0.29678295957937045,0.06177011859862771,0.059041835357624826,0.026652452025586356,1.0401574119466972,0.06200396825396825,0.08002676153173385,0.06363612710747242,0.03659250585480094,0.10969782950799346,0.028434940855323023,0.0,0.20677596456518801,0.0,0.6098002859460218,0.05969322981875197,0.04136506819476559,0.0,0.06918916634976971,0.11528538645082735,4.076454356588644,3.965492647405266,11.848214285714286,2.2657777258402767,2.80858626660249,3.5238220953569206,0.8437490959440884,12.285714285714286,0.9745868344784393,2.2657777258402767,5.867953337966375,21.63028984150625,2.0034748890892446,22.95643153095067,14.654875581616725,13.791325451666196,15.68907539521838,16.79586574813312,17.85297394890549,0.005423037257849533,0.001127757827727785,2023,5
2023-06-01,154,5.582868795899779,0.39957563506792926,1.4088380039527495,0.0,1.0602468039627473,0.27891065751367355,1.4479837341036814,0.4673246325101459,0.6850401684824532,1.3910960685712936,0.1079859524919635,0.0,0.31529169187382755,0.19430921688136324,0.19926289441905445,0.0,1.0006809365431955,0.9106994547181134,1.3196804942914189,0.1438620861095488,0.0,0.08487958956861481,0.0,0.08606515413446107,0.19964202309027076,0.0,0.028988868274582563,0.0,0.1250684986777112,0.0,0.3427797603745483,0.0,0.9409897449004899,0.0,0.0,0.0,0.0,0.0,0.0,0.1438620861095488,0.16876124722809524,0.39450528161788834,0.06561557937620634,0.28750260963100854,0.07715071529637275,0.08271594455741464,0.07784931948721456,0.01631534294850878,0.02487933522416281,1.4251192746195038,0.0,0.0,0.022864459484177795,0.0,0.19430921688136324,0.0,0.0,0.19926289441905445,0.07375252120972822,0.6087363094082905,0.0,0.02143071450002143,0.033300033300033303,0.02157311127410795,0.062250866843320804,3.0147931842763,3.0220287397469914,12.006493506493506,2.2885411640099718,2.798578885792499,3.5602095958506204,0.8476705676452784,12.12987012987013,0.9553436941715806,2.2885411640099718,5.942599591867995,22.536681114027495,2.0252864742314407,19.417794537762884,15.418984346511168,13.778062826490338,16.2777640888247,17.570999129680164,18.633296156820652,0.004783231166072309,0.0017072260905943992,2023,6
2023-07-01,120,5.923901546859283,1.1964856708448646,1.3134996854646284,0.02579979360165119,0.9739135463196723,0.1273504716176602,1.4820572149513631,0.37275564013846113,0.5956273983775212,1.8220168274503805,0.02579979360165119,0.024295432458697763,0.21772066053781103,0.09277323588917792,0.12343664027147071,0.0,0.9078467350287588,0.8359577147561126,1.5782787686662196,0.2957757381990029,0.0,0.18553983590215475,0.0,0.38424854915670015,0.587937595863529,0.0,0.03875968992248062,0.0,0.1626144015076859,0.08213369585447365,0.22389396790361016,0.02579979360165119,0.8190578265972076,0.0,0.0,0.0,0.0,0.02579979360165119,0.0,0.2957757381990029,0.22165873727497054,0.04596391263057929,0.05281414605205576,0.35770101216306394,0.0,0.041992453567334435,0.03156565656565657,0.02913752913752914,0.02465483234714004,1.4190301288794143,0.00783944810285356,0.0,0.05518763796909492,0.0,0.09277323588917792,0.06044082669136479,0.0,0.12343664027147071,0.09610493728644773,0.447183716329241,0.0,0.04528985507246377,0.04363001745200699,0.05952380952380952,0.059922228596927384,5.4077547556555885,3.6844533204584837,12.083333333333334,2.256021133777826,2.794107845092425,3.604921571980726,0.8743233225673409,13.316666666666666,0.9649030569213782,2.256021133777826,5.456238929341098,22.155311378010545,2.0477462484610474,18.68434927720746,15.434497255283866,13.913474389891968,16.280978308640176,17.66059752037805,18.64413132504394,0.004070229670913978,0.0014146494942402998,2023,7
2023-08-01,135,6.320577662862302,0.9269777791175824,1.6160501300630226,0.0,1.4737866181952606,0.26995989993386027,1.6454223348868404,0.4423090358519071,0.5614228990876193,1.4242528937571426,0.052218324158354826,0.0,0.4102896607281648,0.027983243786953216,0.36622928411711747,0.0,0.7378273479074251,1.4843477074711793,1.4274229288353473,0.3900062721006177,0.0,0.08136754668801467,0.0,0.3633536202111476,0.36439848165097705,0.0,0.09213796595838956,0.025720164609053495,0.08251166221024794,0.03993211540381352,0.36941094708705363,0.0,1.1241954053619074,0.0,0.0,0.0,0.0,0.0,0.0,0.3900062721006177,0.2762833155253961,0.2723660994180621,0.030736130321192566,0.5043948008299921,0.05888870267955235,0.18245294371762044,0.028618253536687472,0.0,0.0,1.540003799188596,0.04085972507025138,0.016534391534391533,0.04802441909360149,0.0,0.027983243786953216,0.0,0.011448852252561679,0.36622928411711747,0.03664765569527474,0.3622729878089448,0.038380349261178275,0.1208525297555808,0.012683916793505834,0.027233115468409584,0.11308047360858711,3.6200922884408393,2.2941848913140666,11.851851851851851,2.2553935939227108,2.7994152662269944,3.5677034863011436,0.8818243748999952,13.051851851851852,0.9633767528626684,2.2553935939227108,6.542793406333246,22.087439848380043,2.031198437413166,19.690224073571407,15.2297698690593,13.824241779499015,16.15805073818248,17.246800245794734,18.491733782329238,0.0049977014151783425,0.001682170015538139,2023,8
2023-09-01,130,5.406771170777985,1.1430330853045598,1.533516106462442,0.0,1.1715960450126188,0.4135561317361761,1.489431971877034,0.5320114510627356,0.5553288289848857,1.4686433613943937,0.07440054418683749,0.0,0.23663838097516893,0.05940857430601614,0.3358590400012204,0.0,0.8161269956326723,0.7045307654046952,1.4507484220195082,0.2604150868574724,0.0,0.058639548610304223,0.07005530894411939,0.2810778625563259,0.6717782442637065,0.0,0.006999370056694898,0.05448275087340905,0.13213421484887916,0.03259452411994785,0.27076436622084066,0.006999370056694898,1.0910236312160797,0.0,0.0,0.0,0.0,0.0,0.0,0.2604150868574724,0.2920726341846302,0.1388454023471429,0.10520407733611892,0.37505884428725444,0.030404378230465184,0.29295057187967544,0.05060728744939271,0.0,0.03959389417664275,1.4250431604433054,0.0,0.03165558721114277,0.03273322422258593,0.0,0.05940857430601614,0.07770200139787424,0.0,0.3358590400012204,0.05904183535762483,0.32742507783286934,0.03325297992805221,0.03496503496503496,0.034806822137138885,0.12487891412179017,0.10852957423530527,4.089332418771646,3.3365468376973695,11.546153846153846,2.2232848682556834,2.790479934366099,3.5706585692772737,0.8678884904154496,12.092307692307692,1.002807076782985,2.2232848682556834,6.578195180334189,22.038806530540455,2.050472492646998,16.894631574963935,15.79043942297165,13.946575171456635,16.582896081030917,18.06509490732461,19.046684340130643,0.005092793512063262,0.0012569111041443452,2023,9
2023-10-01,155,5.6405073177110365,1.0484823584921352,1.7397912515669378,0.0,1.0862719297735088,0.36127591387068153,1.288082119574576,0.5072543777588385,0.5130541231156367,1.1859199126394644,0.0,0.0,0.4500727239997909,0.06855746501549127,0.3383207646895323,0.0,0.6840323668787828,1.0774140841995494,1.5325654915934168,0.3036245086950091,0.0,0.20346475367207575,0.0,0.37562756434577377,0.362662609352978,0.0,0.06253830164715841,0.04418912947414936,0.1353228417729755,0.07455281337403583,0.2588519654628489,0.09881059669023708,1.1722530342668405,0.0,0.0,0.0,0.0,0.0,0.0,0.3036245086950091,0.1554887268547657,0.13604892759713022,0.07145414339495276,0.4196556232316511,0.07349660988638934,0.10608917518747742,0.07671645537843605,0.02644103648863036,0.07853263692974836,1.1492562431894613,0.01937421292260002,0.045780485369020275,0.07367117809349441,0.0,0.06855746501549127,0.02371916508538899,0.0,0.3383207646895323,0.07665698296842595,0.3331631901300472,0.1029524994341518,0.04418912947414936,0.0,0.03274930407728835,0.18800410482701452,3.1357047189538063,2.3479679230284467,11.896774193548387,2.277169212359135,2.790680055833672,3.5950898758588083,0.8563320494052281,12.729032258064516,1.0068369820426628,2.277169212359135,6.039452745320687,22.829504688964843,2.0190402932917664,19.092774067174112,15.519752179445192,13.833242666184129,16.476406987394363,17.59997365348596,18.83369141465269,0.005345537474933687,0.0019146189499723951,2023,10
2023-11-01,142,6.519375228875574,0.933248092495307,1.8578553061686007,0.0,1.3648656093536808,0.43396250189856933,1.5189409793437416,0.6981376730813827,0.9181153496781422,1.4056242383569586,0.03726060064088233,0.0,0.4393936113144961,0.2226692249630169,0.3659701703551795,0.0,1.0859852427342689,0.9599579795302589,1.601932248550345,0.4005819124301676,0.0,0.2740336696274137,0.026574541589157587,0.24460180997912429,0.20623739480175124,0.029840057292910005,0.126352424582671,0.02560819462227913,0.29114489589430825,0.049739217469098713,0.2735715740715973,0.04485511796896026,1.198544500764636,0.0,0.0,0.0,0.0,0.0,0.0,0.4005819124301676,0.3434171113707193,0.23902603185836258,0.068501265054308,0.31333928864012345,0.024727910031503677,0.18720226440462648,0.04485511796896026,0.05728526855287419,0.11989194094060476,1.2944667214952805,0.0,0.05816127961213305,0.14088968032612306,0.025423297910204912,0.2226692249630169,0.02515090543259557,0.02719016803523846,0.3659701703551795,0.05715720429535234,0.8869429616450781,0.016887898132198466,0.0,0.01428448990086564,0.0,0.17091420145792197,3.0030331849946625,3.4698903804457064,12.04225352112676,2.2251665527474334,2.7970434101756343,3.4878980258960635,0.7902879733863879,11.901408450704226,0.891694315907035,2.2251665527474334,6.037745041530958,22.718243399027273,2.0319786586273083,17.33839838336152,15.8148738984445,13.86105846499826,16.618865235885487,17.894663111642043,19.09884769400202,0.0053211115224426,0.0015609813401741845,2023,11
2023-12-01,116,6.619974277034496,1.0094150718005908,1.4134203499522542,0.0,1.4341989274731968,0.37219172434278003,1.6194310731565538,0.5697948361609072,0.4340229503815554,1.1753410078855115,0.1057458438848543,0.0,0.4176830590667418,0.05090486203657833,0.4823616281278356,0.0,0.928530052958205,1.1308452494654262,1.9543436247601633,0.3742189488491797,0.0,0.08629506943268304,0.0,0.30362505314172633,0.5996316090068902,0.0,0.019863340219291273,0.0,0.2192039174017625,0.09145849690110257,0.3002405544520034,0.0,0.8025173811973856,0.0,0.0,0.0,0.0,0.0,0.0,0.3742189488491797,0.26893168394513145,0.14117052656606408,0.11560654090547175,0.5342712272073498,0.07437144136651526,0.26565353053159163,0.03216675244467319,0.0,0.0,1.5581269393197208,0.0,0.03157761778451434,0.029726516052318665,0.0,0.05090486203657833,0.0,0.0,0.4823616281278356,0.03652834599649328,0.3654819799825682,0.03216675244467319,0.0,0.0,0.03637421795431398,0.0,3.437747048473816,2.3189431635299935,11.301724137931034,2.0525350312955064,2.7997101616131346,3.5141880271035286,0.8396482395356779,12.344827586206897,0.9560651941300414,2.0525350312955064,6.025144755634213,21.161981467794096,2.049099324902765,18.65054325668564,15.23835643301201,13.88990220530041,16.17607156371475,17.307272247773504,18.658469666197334,0.004773531952397289,0.001523523586927241,2023,12
2024-01-01,141,6.153352726918709,0.9592268600236188,1.921467699857955,0.0,1.1160361914182018,0.2929597919633546,1.2385122584281052,0.8851103430683515,0.6181743243478979,1.5819478953401132,0.18595006023718305,0.0,0.2435889412250032,0.18817522688933017,0.5645353818935591,0.0,0.8815715959164745,0.8496331326542681,1.340026323087904,0.31792416967487436,0.0,0.10669882032344144,0.0,0.40073684159708395,0.2730719437863578,0.023026618771299627,0.15569263554543586,0.0,0.13082747965345778,0.0,0.20093003878046897,0.08695405801123328,1.5027561234127949,0.0,0.0,0.0,0.0,0.0,0.0,0.31792416967487436,0.21426117832550118,0.10759793096048309,0.13091355320713416,0.3453393592502089,0.026074259491030455,0.2668855324723241,0.0,0.0,0.0,1.1994980345972104,0.016570557433552065,0.0,0.02244366639734267,0.0,0.18817522688933017,0.0,0.052859801277735145,0.5645353818935591,0.079539933007727,0.4868865772732253,0.0,0.02814364516492176,0.07565496012075743,0.027489141788993345,0.2894429992700008,3.3477536821871645,3.393332138178316,11.4822695035461,2.1321319456851224,2.7935856080917505,3.5667226785543913,0.868819710823,12.24822695035461,0.9428311368134065,2.1321319456851224,6.037257476574913,22.360036849613635,2.0412301510088517,18.084084900819537,15.534545218425912,13.85063198842438,16.409673320416793,17.656306096638367,18.800675370779135,0.0054365940823925775,0.0016228590499976579,2024,1
2024-02-01,139,5.582231667888924,0.867151689058306,1.8288892926154308,0.0,1.259196740565654,0.21515710040339797,1.5514060160079388,0.4774791909663141,0.4580495595329516,1.8623194512910257,0.11382747880043362,0.0,0.298893473425448,0.10234329314689379,0.2896281037036236,0.0,0.7642062156904946,0.649357118304142,1.3024731985967066,0.199183334930156,0.0,0.13805292547512324,0.0,0.23976944922462803,0.3946193995683365,0.0,0.09470991479021819,0.0,0.2149290773573884,0.0568794964028777,0.21283092591474592,0.0,1.3442497929404187,0.0,0.0,0.0,0.0,0.0,0.0,0.199183334930156,0.31652252803159664,0.15544315034545478,0.07555359221394814,0.5124941350444985,0.04108916452725615,0.13033916780977067,0.0,0.027777006194272383,0.015951761872098773,1.4590432374968865,0.0,0.024553735850909718,0.04613963120135806,0.02166941145878478,0.10234329314689379,0.0,0.0,0.2896281037036236,0.08550779411579675,0.37098932974242854,0.05550652538562598,0.03155370440489713,0.0,0.0,0.1929511302647444,3.860599601924529,2.0734192877321633,11.755395683453237,2.234525556206938,2.7912369416326497,3.52987753462789,0.8178006832111949,12.661870503597122,1.0000118740420514,2.234525556206938,6.022846196324812,22.057855354993407,2.0594579166089453,16.388594066491375,15.74483982194533,13.937640112981937,16.51330756686291,17.815772585161795,19.036702423895687,0.0045652703365442835,0.0010913430686049692,2024,2
2024-03-01,153,6.150153585269123,1.407761427956959,2.285751994109839,0.0,1.5545464629662182,0.32786959473190497,1.5709736464104975,0.5861158147954766,0.7218199293818135,1.5459607866277685,0.11685294658856701,0.0,0.37936071700557655,0.18450149455765233,0.3164238372763559,0.0,0.748267016518114,0.9554048211384873,1.41618241050106,0.4871995550555418,0.0,0.3781372033352268,0.013788919224511182,0.2879386351457377,0.5895962819665127,0.0,0.07390615252355774,0.06439423576141276,0.24837568927036985,0.06564244707145847,0.43276348808170567,0.05991628173540587,1.4790540879508995,0.0,0.0,0.0,0.0,0.0,0.0,0.4871995550555418,0.2472147320672163,0.2529300748083023,0.1239406746917472,0.4432614263434106,0.05157962604771116,0.20610939100649966,0.0,0.0,0.07018057767769417,1.504608648137777,0.0,0.022231114668089455,0.044133883604631254,0.0,0.18450149455765233,0.0,0.0,0.3164238372763559,0.08519048296146835,0.5058241762729372,0.06669633120574985,0.057546900107453745,0.09175252179567275,0.0,0.15698591890905866,3.148171518097434,3.7829537253102328,11.88888888888889,2.341861607531001,2.80573396122692,3.546333517927545,0.8168801495310513,12.745098039215685,1.0137615619192333,2.341861607531001,6.238468361605367,22.432343640629927,2.0494537691345975,16.577229246900856,15.871953243129315,13.952308936173885,16.73989990484589,17.887501402815104,19.37317393015247,0.004562860765164779,0.00156538065428427,2024,3
2024-04-01,147,6.681299026038115,1.729514123689475,2.5556441774189524,0.0,1.184542085243281,0.3302192865141041,1.3594872317998512,0.5646337389198053,0.756714517930555,1.6103195843986107,0.11371981458755977,0.0,0.3936240814986286,0.10561544142578028,0.36619553533977256,0.0,1.0467774363846318,1.1038569269979208,1.6376911989633507,0.3034990064418589,0.04038038562193052,0.38486168778245233,0.017761673860144583,0.6990506919729583,0.46285531411002445,0.0,0.08647526807333104,0.038129102268633724,0.19049382061794953,0.12764800123898373,0.41557928070483746,0.04826714959303863,1.7736559252641426,0.0,0.0,0.0,0.0,0.0,0.0,0.3034990064418589,0.3718917495534871,0.044194738497212734,0.06897656885869992,0.39598002189202225,0.029577048210588583,0.15367886792558258,0.016592002654720425,0.0,0.13037136772321248,1.214374166712113,0.025767882910740055,0.026994924954108625,0.06469691946502198,0.027653337757867377,0.10561544142578028,0.01709226404129491,0.03050547573289405,0.36619553533977256,0.0452250223800635,0.49607481432429923,0.040980247520695026,0.07531078959650389,0.06378814151923395,0.0805605249698229,0.2687106024019073,3.0886786340186467,2.6294800159246314,11.829931972789115,2.1830200925977237,2.7883340862374917,3.581535999384226,0.8277674514036738,13.07482993197279,0.9848225117713273,2.1830200925977237,6.52201857496764,23.455962882521135,2.041345604147219,15.93862903795128,16.127778283206645,13.957511989529774,16.905373431825144,18.327558680334004,19.444297444691475,0.005028926997411753,0.002023122817428834,2024,4
2024-05-01,170,5.911907413342421,1.2506721543781443,1.9303869755375873,0.0,1.1598436394718998,0.4815485560596762,1.4938264666131218,0.5490748504834998,0.6442355224572065,1.456577086913133,0.13492334189553365,0.0,0.33763554682985797,0.15945315133697804,0.3327762079645053,0.0,0.6588659879510569,1.0866218809533474,1.3891251090249577,0.3559291004730507,0.0,0.209548617022969,0.04384382102857287,0.41356313523496224,0.4886766877822685,0.0,0.07699586588244985,0.01804402742692169,0.23161460549261922,0.02557544757033248,0.30210096259117014,0.0,1.371095959883465,0.0,0.0,0.0,0.0,0.0,0.0,0.3559291004730507,0.18371025281839132,0.16162510964234833,0.08232539503668646,0.376253781501423,0.0583117286281222,0.30401385196810243,0.021867483052700636,0.024009603841536616,0.07334588856921431,1.3930743864987871,0.01295672454003628,0.025031289111389236,0.04013963207376882,0.02262443438914027,0.15945315133697804,0.0,0.0,0.3327762079645053,0.0568454911820165,0.5629911443506753,0.0455129672341849,0.0,0.0,0.0357314108723463,0.0,4.16262905854215,2.859376515296728,11.605882352941176,2.1837957915642017,2.7869005228074046,3.621400443337897,0.8780400562186088,12.347058823529412,0.9740013326550938,2.1837957915642017,6.695265977911163,22.04363850665271,2.0695996706262663,16.81668448428813,15.64119798681785,14.025544074152252,16.377667087336675,17.715708372477017,18.942919486764737,0.004834594134828715,0.0015536352506649413,2024,5
2024-06-01,153,6.4875202943049235,1.1748146676011,2.1384938910843765,0.0,1.3133627182002423,0.42465971970799926,1.278504908460893,0.43542786620259605,0.8013916849333719,1.6089121796970958,0.081761099501529,0.0,0.2596655477546436,0.12518289984336062,0.2076240452695415,0.0,1.3089032363967392,0.6491053323569405,1.7990793183754539,0.4472866351096188,0.026786670952534022,0.21065917784645677,0.0,0.19010678449457571,0.6082279988749725,0.020488864302251726,0.11854517113030948,0.0,0.23937260768679827,0.025235319352966412,0.26667610329563685,0.0,1.607209860748975,0.0,0.0,0.0,0.0,0.0,0.0,0.4472866351096188,0.2971105149855448,0.21119580022328996,0.013230663385462147,0.34453910449632635,0.0,0.3714903037934853,0.0,0.027233115468409588,0.025936300446104364,1.1959789617410235,0.027120114989287555,0.0,0.05540583173058213,0.0,0.12518289984336062,0.0,0.03532944709415298,0.2076240452695415,0.06729147399554097,0.6090698617515952,0.08925516946907322,0.08191471936830766,0.021151934344395797,0.0,0.18147847564420846,2.9413709133184636,3.0814213338319862,11.627450980392156,2.179206869401522,2.7888908562492962,3.5216504357361713,0.8231280526310001,13.437908496732026,0.9299175871419704,2.179206869401522,5.388175143026165,22.196892233878213,2.0380256280547924,18.359071736534034,15.444776220804572,13.867517273114744,16.30993409646698,17.476751788420145,18.75667701584331,0.005549908984265734,0.0018732901277622393,2024,6
2024-07-01,153,5.8415591596838174,1.1353773414126471,1.6314889030976603,0.0,1.013506838205879,0.20808658013887701,1.1956412977911866,0.8933743161793036,0.3754931930273835,1.4792635116207877,0.07847220361431485,0.0,0.47063518018367057,0.21341879912901568,0.5166579162792534,0.03011957471160507,0.9013196925391133,0.660396478183921,1.2457271100112808,0.24554869341085495,0.0,0.1025252279743258,0.02017267812474784,0.4910960666445948,0.35219419380252387,0.019110958223445322,0.12109987864114216,0.029178338001867414,0.10449141526520916,0.0315746266300401,0.23068734408596842,0.018620933653613392,1.246114583462829,0.0,0.0,0.0,0.0,0.0,0.0,0.24554869341085495,0.20395517025070964,0.06754075460723133,0.040949804767480086,0.455512415169603,0.026039632320391637,0.046714869797803156,0.048159614723082216,0.0,0.08717246329760002,1.0777277054865686,0.036513674371051956,0.0,0.0813999179335658,0.0,0.21341879912901568,0.0,0.05445679628742772,0.5166579162792534,0.10884080448360674,0.26890216557377294,0.026039632320391637,0.047534165181224004,0.019110958223445322,0.013906271728549576,0.1220741681669838,3.5222428947330133,3.8405556504504443,11.823529411764707,2.291641136847622,2.8026151803861206,3.596229111077917,0.8667386142550421,12.732026143790849,0.965650665285443,2.291641136847622,6.620205774597044,21.85369061602463,2.0545855191235005,17.695195594150324,15.519176957115828,14.056883383614135,16.37424246973945,17.78302194493884,18.843647230362656,0.0039377975015757235,0.001456220698101868,2024,7
2024-08-01,177,6.5722091944174394,1.2861516037540415,1.8342691626460548,0.0,1.3738639390782719,0.603834370131886,1.7174385688750902,0.7296205977576417,0.6720581624509099,1.846942246187362,0.019348347651110594,0.0,0.3995869394549867,0.19584069777714286,0.4001180145002892,0.0,0.9458735254429242,1.1772153246035355,1.3016910430361963,0.2855930557638918,0.0,0.21343600967521165,0.0,0.4934256601274889,0.43882221956944295,0.0,0.14046771438189815,0.0,0.27231858619558547,0.04360560100281001,0.2517138240147926,0.022419513944937672,1.244211637487929,0.0,0.0,0.0,0.0,0.0,0.0,0.2855930557638918,0.25763452476896537,0.18597976373728348,0.10106686504463853,0.5435897297634927,0.0,0.3999234500480049,0.03323363243602526,0.051541769172382484,0.1191355184754733,1.5350532120773046,0.0,0.0,0.1648396502321823,0.017545706565603395,0.19584069777714286,0.0,0.027162103433289876,0.4001180145002892,0.10649978204691968,0.6372093685222129,0.007686690495407203,0.027162103433289876,0.0,0.0,0.14332615443149596,3.424389923464573,3.0413327933971512,11.531073446327683,2.1819139512892494,2.794876882390813,3.6064052459014393,0.8736516613586779,13.209039548022599,0.9722351286311862,2.1819139512892494,6.200334960477771,21.892621622300382,2.045295769834446,18.09117810571418,15.361222617542118,14.095626622110514,16.224326867632467,17.51705510742587,18.672306124598105,0.004843331730646537,0.0018636960111798261,2024,8
2024-09-01,203,7.409381471268189,0.9731047741816725,1.911110918508957,0.0,1.371861417364558,0.3637723702852474,1.5604746139573071,0.7415916519420155,0.8428273100607441,1.802888049244658,0.1079795247710122,0.0,0.5417604670959992,0.17495592680992672,0.49382256826828347,0.0,1.2329472326742854,0.7758376464266831,1.937823863296044,0.34136619268129637,0.020440283711137913,0.1495985974804272,0.0,0.38058221816989596,0.3665051705658451,0.0,0.055978504254366325,0.0,0.22710983728418097,0.0,0.2281293798148738,0.020106564793405047,1.4357651366164972,0.0,0.0,0.0,0.0,0.0,0.0,0.34136619268129637,0.2423784598006195,0.17529818558182997,0.09752409694641503,0.5152944823543973,0.019783567768611388,0.19782326738326347,0.019167736865308312,0.0470692998814753,0.07992849838658894,1.4348258467571469,0.0,0.020106564793405047,0.10554220240675516,0.0,0.17495592680992672,0.01625778341380936,0.0,0.49382256826828347,0.05655537344999583,0.6231419246672475,0.08941149195745232,0.049411682757172594,0.05493532449790198,0.025926886180969663,0.144981827924791,2.844045376176921,2.9000142154919186,11.669950738916256,2.1758874597999287,2.799989501655309,3.522665494038512,0.8231877039201352,12.689655172413794,0.9505235143428118,2.1758874597999287,6.446379605859809,21.897963802650356,2.0709947583955923,16.481724296742332,15.615672621304572,13.996645473939147,16.368872855307018,17.726229693332392,18.913923629292213,0.0053349414476549705,0.0015589818869030153,2024,9
2024-10-01,178,6.6793468957723166,1.463070650885659,1.9949322977336614,0.0,1.3500807450200594,0.31632299421983023,1.4614330979754124,0.6750404143756752,0.4149525073255304,1.591297917470935,0.05427180255788081,0.0,0.509543885038443,0.186564673972179,0.4110442925462322,0.0,1.0438746377025063,0.9849969284986421,1.5738155207296922,0.32393723725580564,0.0,0.22660873999328893,0.0,0.6918186515395979,0.45930364173026084,0.0,0.0853396176225116,0.0,0.17931185365436586,0.0,0.28944792597691976,0.0,1.526172518102376,0.0,0.0,0.0,0.0,0.0,0.0,0.32393723725580564,0.3462303362318429,0.27549158966681964,0.0,0.4044215818655912,0.004720989519403267,0.17453635818344193,0.04651889181238936,0.0,0.09054675470459568,1.2928712618815699,0.011679786960685837,0.06107743782603268,0.09580461130712409,0.0,0.186564673972179,0.0,0.0,0.4110442925462322,0.07743144785726391,0.32410213568373175,0.021691032926987985,0.05181990189971839,0.017339436815092247,0.0,0.12787339262862968,3.2537453076890466,2.7536656338567465,12.02808988764045,2.268059295290598,2.795706733816966,3.548984402654325,0.8220651666738891,12.623595505617978,0.9851905791737459,2.268059295290598,5.875495313794544,22.45391657250864,2.0585752584070924,14.575835093766804,16.124035844306604,14.053987565352909,16.85801706771439,18.306400887001413,19.5515145032173,0.00510687900746679,0.0016311025612488826,2024,10
2024-11-01,195,6.831782999664158,1.1612248843625907,2.158067930793502,0.0,1.2438916275450935,0.31969021056001445,1.472303870770059,0.7497828422945879,0.7067789576131006,1.6515720908351668,0.13890181109709118,0.0,0.386886308617454,0.13608459486153043,0.5240320501104556,0.0,1.064101452047195,0.9957350527437913,1.5575258751866834,0.37694376416479103,0.0,0.14638636289259485,0.02035002035002035,0.49690009171346633,0.48585338622983854,0.0,0.0,0.011735023176670774,0.1821942201466239,0.04238186056367875,0.2662505829680598,0.0,1.6672412671151395,0.0,0.0,0.0,0.0,0.0,0.0,0.37694376416479103,0.2631385665018811,0.15525063796630506,0.038819709259680264,0.4097389496524361,0.0,0.22028463028200712,0.017930787161556393,0.0,0.08147479311645095,1.388019005426926,0.0,0.01386001386001386,0.07042485148311925,0.0,0.13608459486153043,0.02269117313365101,0.0,0.5240320501104556,0.06697502418895085,0.5591521597436862,0.043075686261139924,0.08013108718825021,0.024420024420024423,0.0,0.3800134114309201,2.9951525811318707,3.1576558880881778,11.615384615384615,2.1615553887731056,2.789146605591801,3.5208980184268395,0.8119512573530826,13.451282051282051,0.9435374376355418,2.1615553887731056,6.452329413842787,21.92592575513857,2.044226819963835,18.019155081157816,15.441651614543018,14.092362544656227,16.2841031849612,17.70600037936653,18.733779073651085,0.005371247027832109,0.0018586672269151076,2024,11
2024-12-01,164,6.68485303170372,1.2949029734158526,2.275474409764339,0.023273133494693725,1.5024330441124414,0.26840679500262876,1.3336429977804256,0.5945298879454364,0.49026193451121314,1.7299479086893634,0.05013463558989088,0.0,0.3765505753573625,0.23022827224127076,0.3252009104348949,0.0,1.2200009649424377,0.9160836112696941,1.3596244979490497,0.47708165522975665,0.0,0.36067899978633244,0.0,0.34980176731123575,0.43711666161961454,0.0,0.08758197001921071,0.059723574679459115,0.24420527555230873,0.05085627127752225,0.26640997445539377,0.023273133494693725,1.6907297549844205,0.0,0.0,0.0,0.0,0.023273133494693725,0.0,0.47708165522975665,0.316638316309196,0.16419069142370687,0.0,0.5445223811497818,0.04201158175285763,0.14631102565683868,0.04174379733788998,0.0,0.03834039025504251,1.2024550616675693,0.0,0.022172949002217293,0.10901498711063885,0.0,0.23022827224127076,0.0,0.0,0.3252009104348949,0.03910070526927074,0.4310098386697154,0.0,0.05925209584149785,0.0,0.0,0.045650815076072986,3.7624167468727254,2.6467643621977626,11.353658536585366,2.1836040831501946,2.8030872433510736,3.550865946018557,0.8478921818071392,12.018292682926829,0.9288757332926623,2.1836040831501946,5.920006620562524,20.999242691190144,2.052318105139178,17.887361863155903,15.35550145199768,14.117283690029248,16.141694363010163,17.613949359682923,18.613273676589774,0.004965417644812883,0.0018443823645230754,2024,12
2025-01-01,186,7.324654559540885,1.4904303448928753,2.228304651484514,0.0,1.1432542106112178,0.47815902400098304,1.3454914061887846,0.9230873684238758,0.4817982209296805,1.7121264356601806,0.09696969841294374,0.0,0.4049057243027956,0.11797846898714158,0.6686290801772369,0.0,1.1738905415369556,1.1813537674799663,1.65653800544305,0.31226283754061535,0.0,0.30475273308372086,0.026747980527470173,0.5480079601421934,0.46249596984405056,0.0,0.14842570129544033,0.0,0.34150980548237364,0.0904775093729603,0.3431732229736536,0.0,1.453144113655526,0.0,0.0,0.0,0.0,0.0,0.0,0.31226283754061535,0.1382366167369885,0.09391914832801862,0.0304988598248714,0.5683367481807239,0.03801033499218311,0.26177016730626845,0.03868651641281822,0.049747310919330316,0.08994469437038295,1.2454979378191142,0.0,0.08573260872505091,0.014260859644619378,0.0,0.11797846898714158,0.015674472553998557,0.0,0.6686290801772369,0.12080534670549876,0.43958684615137267,0.0,0.04221137477830784,0.0,0.0,0.44092036908723176,4.3447351132351795,3.3417834733598184,11.650537634408602,2.2172034530454776,2.7864682097515074,3.590728573711301,0.8412609048916879,12.731182795698924,0.9652640651279744,2.2172034530454776,6.276813252748788,22.67003656616871,2.0626223541371633,15.368187139073234,15.952559650290883,14.134905220183471,16.62328875001048,18.169709064083758,19.22933777085649,0.005147466234663449,0.0021049388823664176,2025,1
2025-02-01,171,7.642083045407646,1.6127498101088986,2.3732199460054795,0.0,1.250466815097529,0.22602285935189548,1.1802380432458992,1.0051072963155143,0.4479787657959378,2.018198324066305,0.05844925411283166,0.0,0.7659347681444127,0.24537886770364048,0.5550497609064053,0.0,0.9860457899520986,0.8696881679128898,1.9484196308802166,0.19491848172884585,0.010849634909785286,0.23074119586612057,0.020096059162798174,0.6701345456977512,0.5687353914129222,0.0,0.09049371323995056,0.02169926981957057,0.2028018949311781,0.036295375551646566,0.47232630981529655,0.04143895411306923,1.620357411594289,0.0,0.0,0.0,0.0,0.0,0.0,0.19491848172884585,0.27308291533325746,0.21225711687300325,0.020096059162798174,0.5501122419996244,0.0,0.14721689874918165,0.03607139601664548,0.0,0.04273456458606834,1.1297294898046213,0.019890997334606357,0.0,0.030617556106671568,0.0,0.24537886770364048,0.0,0.0,0.5550497609064053,0.20467866770546844,0.2975181209542958,0.07090375511428143,0.02103770671531537,0.05851918301204525,0.0,0.28992017938214193,2.9510410825460127,3.1236709119121806,11.637426900584796,2.2011354246383146,2.789131583967527,3.606550972046116,0.8524245076003163,12.678362573099415,0.9905924736079026,2.2011354246383146,6.90659352156224,22.556541153196456,2.0663706812337623,14.230035789625644,16.205013627050256,14.244426289504277,16.87812380149719,18.534978636041778,19.63697220000738,0.005426006221760376,0.0020843525785315515,2025,2
2025-03-01,198,7.619233309067284,1.9807152802484902,2.3366982058647294,0.0,1.313648765802085,0.31245634095352504,1.481808071647715,0.89653088026498,0.40504552207374406,2.1507429285102977,0.05063349276113646,0.0,0.409007484994765,0.1917344534828903,0.57782715194905,0.0,0.9862957398678444,1.0998511546481948,1.770870820555619,0.38227008229748555,0.0,0.3459452682317218,0.0,0.6747580190439356,0.7266203934540324,0.0,0.18869686455857865,0.04469473496022169,0.3237855360080618,0.0426235525573274,0.1982643890294414,0.025126890798532586,1.7468978374713662,0.0,0.0,0.0,0.0,0.0,0.0,0.38227008229748555,0.268695256350071,0.06262287010950113,0.03783554725335547,0.5622250097916718,0.0400633905032732,0.2230934338459698,0.0,0.036215306628880325,0.013084209975401684,1.3938404046656978,0.02638191521846727,0.007629161707711557,0.034304819431305256,0.01965177062453327,0.1917344534828903,0.04374916918645055,0.0,0.57782715194905,0.0832201056465891,0.28408790875357753,0.023936042893388864,0.043466162092696735,0.0,0.05355540833408091,0.29444502929103344,4.035223604142754,3.8739236322103365,11.237373737373737,2.108908209626675,2.7918475844475665,3.5715765132435426,0.8459842445694808,12.944444444444445,0.9501418824216865,2.108908209626675,6.787485327025876,22.054720484919486,2.0833094831468766,14.449101857510138,16.071564351241662,14.175308812182847,16.652672223547874,18.342026240635327,19.2754971967655,0.005751827260120001,0.001597585472508972,2025,3
2025-04-01,183,7.799553984887182,1.9395631867253882,2.3435060169436164,0.0,1.0676461014529481,0.2601664184569342,1.6099971042025254,0.7543118815618007,0.5424005313231794,2.0417228685851607,0.06159578635921326,0.0,0.41088261797338727,0.2288971684852435,0.45641361273671965,0.0,1.735287392437158,0.7411583859221101,1.8768162323114959,0.24677992007669405,0.0,0.22085198967342143,0.035254715318173806,0.6284186110058325,0.7574378941754568,0.056035366990350076,0.15571284911141564,0.08585176045073806,0.26046626688087327,0.015657538321825044,0.3650167569907465,0.014156686202893625,1.6882087685472777,0.0,0.0,0.0,0.0,0.0,0.0,0.24677992007669405,0.15523798133050673,0.20515657558281697,0.020620682544592227,0.4398509419183381,0.03373136342170951,0.12195748874531268,0.04558630720015346,0.0,0.05889125908975862,1.514326911525264,0.02506642602897679,0.028022978842650977,0.042580787805633645,0.0,0.2288971684852435,0.032721442361179284,0.0,0.45641361273671965,0.03627965797865832,0.41732120767302916,0.03097047350848421,0.055624695252361855,0.020856797230217328,0.017627357659086903,0.3142807450015494,2.3840439177635973,2.7447058112638487,11.650273224043715,2.1961624663895125,2.790956782595372,3.5703958350562726,0.8375539458787835,11.901639344262295,0.9577943475760219,2.1961624663895125,6.6426816705089085,22.3532452239061,2.078000766278987,14.367791613112693,16.05564626535705,14.118770277876884,16.73940319125258,18.276124726644642,19.416179284201334,0.00491015679829087,0.001943994257630996,2025,4
2025-05-01,199,8.388061630668773,2.043067244249923,2.0382980490411935,0.0,1.137511894904192,0.18830406569603603,1.370375524248065,1.2326387164354144,0.6238317800268687,1.89530646157737,0.0852229741642774,0.0,0.4215066496589832,0.23531925860733757,0.8886906554465445,0.0,1.3183312528278954,1.0145923986984293,2.0712951839551583,0.45779679573277726,0.0,0.42298332521302956,0.0,0.8333567345560132,0.688798973877095,0.0,0.07806605397081806,0.019862156632967205,0.2005094803133238,0.020020420829245832,0.34670599587708106,0.0,1.4710621520215428,0.0,0.0,0.0,0.0,0.0,0.0,0.45779679573277726,0.14727684295367136,0.11764313274544935,0.02901804922661896,0.38577707424567503,0.018474726574046703,0.13133419171869679,0.018474726574046703,0.0,0.020020420829245832,1.2844585562540736,0.021383513311237036,0.0,0.03661609008197277,0.027917364600781685,0.23531925860733757,0.0,0.0,0.8886906554465445,0.10862880238153251,0.5183426836488866,0.0,0.06614846050820027,0.03934063586978189,0.0,0.22115613052382602,3.5867589185749886,2.102354912327629,11.462311557788945,2.1778199751871092,2.7904929154843545,3.5323902069429414,0.8269952997884795,12.135678391959798,0.913585483619622,2.1778199751871092,6.677057808211889,21.260681951489055,2.090902147897959,14.41071689855082,15.860716715350312,14.303274851026128,16.495143554130205,18.20693632993628,19.26220585632141,0.00433198287654213,0.0019260875572503662,2025,5
2025-06-01,189,8.010164478087539,1.5664004408667065,1.7291054651145652,0.0,0.6841522741557847,0.23080853460647413,0.9602094302286684,0.9237826013796693,0.5905670561334379,2.1723802619161314,0.06497374280958265,0.0,0.3295910031411387,0.1017139285501385,0.7709097193338351,0.0,1.4396544439095966,0.7894717104206198,2.145711007373866,0.19575866063263034,0.0,0.31614467620669107,0.03409867733025303,0.4651265608526714,0.5208678257531663,0.030583845612747344,0.18383181555461392,0.015747039556563366,0.13700652884563305,0.0,0.41331835568634495,0.0,1.178780580582587,0.0,0.0,0.0,0.0,0.0,0.0,0.19575866063263034,0.11227038648533648,0.07251840663661038,0.01461603671548423,0.2889887836857232,0.0,0.14611385833240417,0.06292099194894532,0.0,0.021773684325124654,0.8885115945569526,0.0,0.05406115136836496,0.017636684303350973,0.0,0.1017139285501385,0.02981376054648517,0.0,0.7709097193338351,0.02134519294921053,0.49526745784511816,0.020507772445756942,0.07479182584256269,0.0,0.0,0.5807613394078746,4.497581018974338,3.3886702252384087,11.17989417989418,2.110594317487722,2.799890927946489,3.5265770076843634,0.818578912324833,12.894179894179894,0.9105666793781478,2.110594317487722,6.87929575260127,21.174102021786638,2.0897875882641994,14.537338979816978,15.768050757587103,14.257222095987888,16.39448221235749,18.05562921037646,19.151733374974633,0.004771214460317217,0.0020050740873446145,2025,6
2025-07-01,203,8.774024850254882,1.739252285878393,2.0614229470049676,0.0,1.0279670212805774,0.23700168912318126,1.284634817674512,1.0200878566879619,0.27524343555737907,2.161220270841185,0.04579730056797348,0.0,0.36924273814175934,0.2529023765575845,0.6451443399162229,0.0,1.4138150425476033,1.2058731649312922,2.411261572715307,0.26876804403595517,0.0,0.3037410215981181,0.03812026967116089,0.5588129813839762,0.7012456031176734,0.0,0.1373324101074644,0.0,0.2632975605397135,0.019943758600745896,0.25971917167152403,0.0,1.518462456192984,0.0,0.0,0.0,0.0,0.0,0.0,0.26876804403595517,0.14612301915998654,0.08774774648005662,0.05810618383746005,0.46722202776711885,0.03486796663301631,0.1701460057733842,0.0,0.0,0.03198771671678076,1.183168225277405,0.03924286748142334,0.0,0.062223724915683704,0.0,0.2529023765575845,0.04229979648211127,0.0,0.6451443399162229,0.07974134373204318,0.20314620219897947,0.019625929778423253,0.03374085348726061,0.0,0.01873045009271573,0.8376861177101327,3.675225728778697,3.7357885241979183,11.187192118226601,2.053071093952219,2.796458223002189,3.5682034293502523,0.8429322653226616,12.497536945812808,0.913352359347767,2.053071093952219,6.913850430423886,21.711186207199702,2.0878204664544953,13.215767057970261,16.1332876954789,14.310838161415356,16.75827034168022,18.451831637027258,19.593364191567336,0.005454663077319827,0.001723904527043384,2025,7
2025-08-01,192,7.562551277878932,1.453730433443244,1.539507237661496,0.0,1.101237739859448,0.21472997949642403,1.1942267025890965,0.9950599700072509,0.48401419888943437,2.011747827198417,0.045621492068293336,0.0,0.27128721598399574,0.2336002480536493,0.6902213548689268,0.0,1.2726524888242763,0.8911825295363577,1.7987710488023743,0.3474670725426417,0.0,0.33111461637284834,0.0,0.5347426021974317,0.4782104106288682,0.0,0.10966280424409551,0.0,0.10367120975611256,0.0,0.274820115164685,0.0,1.1610159127406983,0.0,0.0,0.0,0.0,0.0,0.0,0.3474670725426417,0.17641366777086662,0.19157531758815471,0.037719814551797966,0.348061867405987,0.0,0.12417623325806643,0.0,0.056606609017784686,0.03394713722057294,1.1088574065216437,0.0,0.020833333333333332,0.03985191850031211,0.024684044233807267,0.2336002480536493,0.018534994068801897,0.0,0.6902213548689268,0.05270337301587302,0.3865737328772331,0.03404139433551198,0.03938374929719737,0.010896094839609483,0.01311922753988245,1.0521460367787787,4.51827703463617,3.3387021210112238,11.348958333333334,2.119904717179662,2.791738131848208,3.5702717112014426,0.8261914821865628,12.546875,0.899292033725008,2.119904717179662,7.1169578452938085,21.816485543789724,2.0972632297800997,13.321091240042664,16.04854588566821,14.381927936890774,16.589956420472262,18.446518193587746,19.353087569342033,0.005079029179170333,0.001979567315310873,2025,8
2025-09-01,262,8.428100067046328,1.4513215869527296,2.0793509095282876,0.021087259078065034,0.8813506635065359,0.16088928795037186,1.2165076175008902,0.7984137454824878,0.7323064385222995,2.1387950257893658,0.021087259078065034,0.0,0.3133059367352765,0.10607629394764748,0.6000491295799766,0.0,1.2677972789795309,1.0512665436135609,2.5923145265659637,0.3374080727569411,0.0,0.24866347317610552,0.0,0.5565130767786115,0.4571648298035421,0.0,0.18898020719447053,0.0,0.09371204764405966,0.0,0.24489829630316007,0.021087259078065034,1.7196533065030029,0.0,0.0,0.0,0.0,0.021087259078065034,0.0,0.3374080727569411,0.09626410120514449,0.0786416048619812,0.08530277107908726,0.28373411360338185,0.004995803525038968,0.06351665024295067,0.02518409366038746,0.01200249651927601,0.055190244002718755,1.1132050140860112,0.02341591345478387,0.015206350171831758,0.06468033978826339,0.0,0.10607629394764748,0.018801940360245177,0.004717915813510223,0.6000491295799766,0.06876846578110826,0.6137171515995997,0.05120654923880069,0.0344383688544806,0.015086141870078146,0.017858226959340324,0.3550594260051063,4.498434782650593,3.3906428977959764,11.431297709923664,2.1463852130866368,2.78852943848749,3.578005801040493,0.8206204516090669,12.946564885496183,0.9578396397133586,2.1463852130866368,7.349253744136191,21.650617685226614,2.103021776551305,12.573225795580042,16.161015928813303,14.419011025921707,16.654535246478652,18.598357087042665,19.49470976969248,0.004918206475233907,0.0019729556498883924,2025,9
2025-10-01,237,7.6929291613422555,1.5083025402074859,2.0353563840373337,0.0,0.8168717996859605,0.2346160334176338,1.0753213939039354,1.0683287261603844,0.5760758616674424,1.9784290046269972,0.030857794892967375,0.0,0.2741487233810823,0.23209233879206015,0.6150575112723585,0.0,1.3544262192147138,0.7426750262986874,2.220190590919889,0.24505195194350007,0.0,0.30835888660960703,0.0,0.490575845898311,0.5274758449491144,0.0,0.18189196275045344,0.0,0.15632511484746175,0.012709064104519344,0.28693822713025735,0.0,1.5793839779550949,0.0,0.0,0.0,0.0,0.0,0.0,0.24505195194350007,0.09284942593578706,0.09635963007155414,0.09682855929976149,0.2857822324353576,0.0,0.0720277217775708,0.040986801928730075,0.0,0.12160150971133292,0.9490574333253945,0.02393916362005691,0.07034142543676536,0.03198337152171851,0.0,0.23209233879206015,0.03863150757469273,0.03558385379468243,0.6150575112723585,0.14696351472659058,0.43593019539841993,0.06140837508189127,0.04695249148622812,0.021518597066595542,0.010266202634307596,0.5894735814316951,3.3591333342162577,2.8853747777953256,11.291139240506329,2.098890421897509,2.7990054007629803,3.544377424340466,0.8279251043630385,12.637130801687764,0.966483811614221,2.098890421897509,6.590279450169147,21.56044193373691,2.111760702816825,11.426041135690909,16.32693571499067,14.409990398610066,16.782995458920297,18.763973116892583,19.70363989499103,0.004852360086527908,0.0020521009818310664,2025,10
2025-11-01,184,8.367378547802264,1.7268024113044746,1.4704398780235939,0.0,0.6774929327930338,0.1529843897256408,1.0414664309573798,0.6681127369957285,0.548514840521677,1.8602517188931103,0.04234595956933006,0.0,0.3015879632267402,0.027992294111543744,0.556690535828048,0.0192722787542399,1.453788877304793,1.507943831032179,2.3500296383359007,0.24747545074637872,0.0,0.2416778839474695,0.0,0.6725302343526505,0.6300506274320321,0.0,0.1502897628500934,0.032253902722229395,0.1462611230965527,0.02312673450508788,0.1733128685256685,0.04086302713305002,1.0868761247632348,0.0,0.0,0.0,0.0,0.0,0.0,0.24747545074637872,0.12228816233837773,0.14763929125290448,0.014339795801307788,0.14575023265406511,0.0,0.041492928511926944,0.014849132810643859,0.014849132810643859,0.08179319559242614,0.9620927399652206,0.021147014041617323,0.010847869478434436,0.014849132810643859,0.03252967466146344,0.027992294111543744,0.0,0.0,0.556690535828048,0.08342990705613682,0.433799263628514,0.06099514273794624,0.030193236714975844,0.0,0.02352719744024092,0.3677446136274782,4.871896862625488,3.1391290463600057,11.5,2.153498177843792,2.795418648356296,3.618134322830744,0.8746473404477031,13.407608695652174,0.955865423658388,2.153498177843792,6.713165337541417,21.55897784118915,2.097831238573739,13.557478180505106,15.955799398901169,14.420004657530898,16.453857494049267,18.403271352823612,19.229869904745723,0.004696581728507984,0.0018143125909041117,2025,11
2025-12-01,229,8.064500665123742,2.2714181477538546,1.215600666028704,0.0,1.0549752128521155,0.2242190562336065,1.2047299558140185,0.8653874934852546,0.738150763909136,2.0894156513448934,0.01775126921574893,0.0,0.24873183300509558,0.11339292413864968,0.5484784433551178,0.0,1.430569524577161,0.8693645234287255,2.5153425663080657,0.23145392975028364,0.0,0.49633434358035894,0.0,0.4838585745299552,1.0730063379352204,0.0,0.19939642521231052,0.018822466496009636,0.14237103080997385,0.019069049026525044,0.12500866143882697,0.0,0.9291519247533782,0.0,0.0,0.0,0.0,0.0,0.0,0.23145392975028364,0.14688940524252989,0.0600896227901508,0.12049533158398473,0.4960469234851663,0.02795969473560552,0.07074907234633288,0.0,0.02911208151382824,0.09639820763783986,1.1620069474970158,0.0,0.027292576419213975,0.015430431897788819,0.0,0.11339292413864968,0.07272571552880204,0.0,0.5484784433551178,0.13079041046268497,0.49062565051577123,0.14548892103569036,0.032594463463833934,0.02130152305889871,0.04814020583494173,0.5575486380694314,4.225602121732065,3.0019425115223295,10.947598253275109,1.9850158938355058,2.795532946620254,3.629429987268863,0.862544257787356,13.048034934497817,0.9547360199028524,1.9850158938355058,6.33664033684265,21.70228009203524,2.1162520438362047,11.019899677878149,16.349369370598716,14.555996975471647,16.73645540452746,18.80336268442376,19.643509273315672,0.005075844518765421,0.002247449983050681,2025,12
2026-01-01,221,9.119917608820943,1.1593668574338165,1.3129929423388311,0.0,0.9748508107817675,0.20787926269973567,1.2404489431705075,0.8691487240693083,0.6738837736810225,2.0408806703886064,0.04645020931983673,0.0,0.3324799467934054,0.2810354298476165,0.491217663497592,0.02002162335322148,1.3992735087946353,1.3950674619230925,2.9234216436852507,0.19006945121768556,0.0,0.18726173508987784,0.0307815433865854,0.3328240956134332,0.5200780246268236,0.0,0.08842145871709647,0.0,0.1343718437240108,0.0217542638357118,0.1938976024031122,0.0,0.9629692323759962,0.0,0.0,0.0,0.0,0.0,0.0,0.19006945121768556,0.15948671408269918,0.2580480364856154,0.057597824991370936,0.3096487840043965,0.0,0.14342769909766817,0.009901284196560294,0.01271035639839341,0.04183992300711381,1.1296672561875085,0.03996871108410458,0.013115614138632041,0.05769736176026243,0.0,0.2810354298476165,0.012782166321548176,0.0,0.491217663497592,0.08411346440255164,0.4853727111616042,0.08835120930069036,0.024197256031166067,0.029810997337948356,0.04615159984961354,0.23280360528659969,4.778868742907466,3.5125755921450583,11.253393665158372,2.0637257495764576,2.8011985693297388,3.6853646753233718,0.9037858297210256,13.800904977375566,0.9685295528247039,2.0637257495764576,6.835121038263769,22.089933387660892,2.1248555704415923,10.34033357437358,16.43203579699462,14.620482719283293,16.781092918950364,18.941155724290617,19.785761709542466,0.004759531929267752,0.0017968508182283143,2026,1
2026-02-01,186,8.40449079740529,1.4744820102411658,1.4835438327385035,0.0,0.6020882886193576,0.11231468770639451,0.9469724534477597,0.7754804504589088,0.5606526632605993,2.004274934248359,0.02230848168473654,0.0,0.33602108806956676,0.12615157174987893,0.5865319779255408,0.0,1.289040961786261,0.8371485325882104,3.048836854087815,0.15417639526492122,0.0,0.20394322244927102,0.0,0.34229336580153397,0.6266132933442771,0.0,0.30163212864608363,0.0,0.0619280938334611,0.0,0.3064913539239027,0.0,1.1151243849811399,0.0,0.0,0.0,0.0,0.0,0.0,0.15417639526492122,0.14618585073882914,0.054403481822836657,0.04540279076998363,0.20191977002278697,0.0,0.07627865167035847,0.0,0.0,0.036036036036036036,0.8809441394138195,0.0,0.0,0.06602831403394019,0.0,0.12615157174987893,0.0,0.016001024065540194,0.5865319779255408,0.046795876717948895,0.48404403632161863,0.07660862693898061,0.0,0.0,0.0,0.6178056465599232,3.853936961717807,3.9586760648564514,11.489247311827956,2.141951627647423,2.7836434149880995,3.626769972025032,0.8742909431994456,13.010752688172044,0.9347708951804395,2.141951627647423,7.668562996846943,21.958614973634326,2.123638553040608,9.854347016237153,16.644787783585645,14.590580125914931,17.01425622023836,19.228404062846586,20.061075060949225,0.004611283184972401,0.002118721912737247,2026,2
2026-03-01,223,9.010912242754735,1.3736847707334536,1.5989722176089773,0.0,0.6750006747009836,0.12645081703740865,1.3455902858771842,0.7311730103749743,0.4352722506026368,2.012628464426117,0.022534195641886565,0.0,0.3165740188763667,0.15601741627168927,0.4635412403493037,0.0,1.358284935618142,1.6160642932895233,2.840848620592504,0.22441905768920362,0.0,0.25289494050523126,0.0,0.45930021977906293,0.5970917978821694,0.0,0.06439781256699023,0.0,0.09479776543041032,0.0,0.19753079628563866,0.0,1.3066436558929284,0.0,0.0,0.0,0.0,0.0,0.0,0.22441905768920362,0.14526539129675786,0.03180436157751394,0.039459601293315216,0.2340522628441929,0.03789688593133276,0.021353833013025843,0.0,0.0,0.06720009809305007,1.233404526753265,0.0,0.016306563391765186,0.07969036926018488,0.016188826471969047,0.15601741627168927,0.0481857730106886,0.0,0.4635412403493037,0.06342858074329272,0.267942057256364,0.08977983053490197,0.04846016580583602,0.0,0.02909019700553485,0.42780860569213963,4.8870272221468545,3.8701780167686275,11.376681614349776,2.119709402442408,2.7860387846469927,3.7214298233661633,0.9140508977909164,13.044843049327355,0.955854236142131,2.119709402442408,6.301831901522335,22.27195998018965,2.136237857472974,11.139983959726193,16.4044040171834,14.66921046145994,16.79367307995696,19.023410887183502,19.724267222869067,0.0049759812343245875,0.0017455342653791349,2026,3
2026-04-01,161,9.599324258173615,1.1994961184925887,1.5031864422845314,0.0,0.8571989218879184,0.11099178126150472,1.2320319497439487,0.6517217927191852,0.4808011986694034,2.2413043678900015,0.026772328121653456,0.0,0.12973242957716993,0.05107947254164338,0.5361419656609947,0.0,1.4774513321292486,1.1520833872032838,3.763762628564195,0.22099634648542396,0.0,0.16632308939993581,0.0,0.3727487838524516,0.45733002850258586,0.0,0.20309421673761557,0.0,0.0282326369282891,0.0,0.2713343609026283,0.031528833117886304,1.1720906113357277,0.0,0.0,0.0,0.0,0.0,0.0,0.22099634648542396,0.20152046043547178,0.08404789891709354,0.02990129063064498,0.32073292541928405,0.0,0.08672935890125627,0.0,0.0,0.024262422360248448,1.166424954638329,0.021717413021760848,0.0,0.04388958208385898,0.0,0.05107947254164338,0.0,0.0,0.5361419656609947,0.06450035451654709,0.3252189171813802,0.11832589218090153,0.03725638930712171,0.0,0.0,0.46397970369403546,5.518008910384288,4.6658773502927815,11.416149068322982,2.0928064945839013,2.7954375603554884,3.695661732544722,0.9235907856564651,13.683229813664596,0.9751202637611557,2.0928064945839013,6.62804071098504,22.153749502220776,2.133505725455766,10.45392568620839,16.44024701181834,14.559359941741304,16.833008223360505,18.881176491877078,19.84771890592838,0.0051904031846886295,0.0023489431767959924,2026,4
