month_ts,paper_count,marker_words_total_per_1k_words_monthly_mean,marker_verbs_total_per_1k_words_monthly_mean,marker_adjectives_total_per_1k_words_monthly_mean,marker_phrases_total_per_1k_words_monthly_mean,sequential_markers_total_per_1k_words_monthly_mean,causal_markers_total_per_1k_words_monthly_mean,contrast_markers_total_per_1k_words_monthly_mean,emphasis_markers_total_per_1k_words_monthly_mean,summary_markers_total_per_1k_words_monthly_mean,word_finding_per_1k_words_monthly_mean,word_interplay_per_1k_words_monthly_mean,word_realm_per_1k_words_monthly_mean,word_insight_per_1k_words_monthly_mean,word_notably_per_1k_words_monthly_mean,word_particularly_per_1k_words_monthly_mean,word_meticulously_per_1k_words_monthly_mean,word_while_per_1k_words_monthly_mean,word_within_per_1k_words_monthly_mean,word_across_per_1k_words_monthly_mean,word_additionally_per_1k_words_monthly_mean,verb_delve_per_1k_words_monthly_mean,verb_underscore_per_1k_words_monthly_mean,verb_showcase_per_1k_words_monthly_mean,verb_enhance_per_1k_words_monthly_mean,verb_exhibit_per_1k_words_monthly_mean,verb_garner_per_1k_words_monthly_mean,verb_align_per_1k_words_monthly_mean,verb_foster_per_1k_words_monthly_mean,adjective_crucial_per_1k_words_monthly_mean,adjective_pivotal_per_1k_words_monthly_mean,adjective_comprehensive_per_1k_words_monthly_mean,adjective_intricate_per_1k_words_monthly_mean,adjective_potential_per_1k_words_monthly_mean,phrase_meticulously_delve_per_1k_words_monthly_mean,phrase_intricate_web_per_1k_words_monthly_mean,phrase_comprehensive_chapter_per_1k_words_monthly_mean,phrase_deep_dive_per_1k_words_monthly_mean,phrase_intricate_interplay_per_1k_words_monthly_mean,phrase_essential_insight_per_1k_words_monthly_mean,sequential_marker_additionally_per_1k_words_monthly_mean,sequential_marker_furthermore_per_1k_words_monthly_mean,sequential_marker_moreover_per_1k_words_monthly_mean,sequential_marker_subsequently_per_1k_words_monthly_mean,sequential_marker_further_per_1k_words_monthly_mean,causal_marker_hence_per_1k_words_monthly_mean,causal_marker_thus_per_1k_words_monthly_mean,causal_marker_consequently_per_1k_words_monthly_mean,causal_marker_accordingly_per_1k_words_monthly_mean,causal_marker_thereby_per_1k_words_monthly_mean,contrast_marker_however_per_1k_words_monthly_mean,contrast_marker_nonetheless_per_1k_words_monthly_mean,contrast_marker_nevertheless_per_1k_words_monthly_mean,contrast_marker_conversely_per_1k_words_monthly_mean,contrast_marker_alternatively_per_1k_words_monthly_mean,emphasis_marker_notably_per_1k_words_monthly_mean,emphasis_marker_crucially_per_1k_words_monthly_mean,emphasis_marker_remarkably_per_1k_words_monthly_mean,emphasis_marker_particularly_per_1k_words_monthly_mean,emphasis_marker_importantly_per_1k_words_monthly_mean,summary_marker_overall_per_1k_words_monthly_mean,summary_marker_collectively_per_1k_words_monthly_mean,summary_marker_ultimately_per_1k_words_monthly_mean,summary_marker_in_summary_per_1k_words_monthly_mean,summary_marker_taken_together_per_1k_words_monthly_mean,em_dash_per_1k_words_monthly_mean,semicolon_per_1k_words_monthly_mean,colon_per_1k_words_monthly_mean,clause_depth_monthly_mean,clause_depth_std_monthly_mean,dependency_entropy_monthly_mean,dependency_length_monthly_mean,dependency_length_std_monthly_mean,coordination_count_monthly_mean,coordination_per_sentence_std_monthly_mean,sentence_depth_std_monthly_mean,list_of_three_per_1k_words_monthly_mean,avg_words_per_sentence_monthly_mean,avg_syllables_per_word_monthly_mean,flesch_reading_ease_monthly_mean,flesch_kincaid_grade_monthly_mean,dale_chall_monthly_mean,smog_index_monthly_mean,automated_readability_index_monthly_mean,gunning_fog_monthly_mean,hedge_ratio_monthly_mean,certainty_ratio_monthly_mean,year,month
2015-01-01,196,1.5792031098153547,0.39246467817896397,0.0,0.0,0.0,0.0,0.0,0.0,0.0,0.0,0.0,0.0,0.0,0.0,0.0,0.0,0.0,1.5792031098153547,0.0,0.0,0.0,0.0,0.0,0.39246467817896397,0.0,0.0,0.0,0.0,0.0,0.0,0.0,0.0,0.0,0.0,0.0,0.0,0.0,0.0,0.0,0.0,0.0,0.0,0.0,0.0,0.0,0.0,0.0,0.0,0.0,0.0,0.0,0.0,0.0,0.0,0.0,0.0,0.0,0.0,0.0,0.0,0.0,0.0,0.0,0.0,0.8503401360544217,0.0,22.080793579853733,5.025510204081633,0.0,1.7113712843007258,1.956302724219891,0.0,0.20408163265306123,0.0,0.0,2.6806526806526807,8.826530612244898,2.198514103443575,3.3169851959265446,14.886763258000505,15.259634356700555,12.837596990287203,16.27226011764596,18.280946038088896,0.0,0.0,2015,1
2015-02-01,284,0.44014084507042256,0.2934272300469483,0.352112676056338,0.0,0.0,0.0,0.0,0.0,0.0,0.44014084507042256,0.0,0.0,0.0,0.0,0.0,0.0,0.0,0.0,0.0,0.0,0.2934272300469483,0.0,0.0,0.0,0.0,0.0,0.0,0.0,0.0,0.0,0.0,0.0,0.352112676056338,0.0,0.0,0.0,0.0,0.0,0.0,0.0,0.0,0.0,0.0,0.0,0.0,0.0,0.0,0.0,0.0,0.0,0.0,0.0,0.0,0.0,0.0,0.0,0.0,0.0,0.0,0.0,0.0,0.0,0.0,0.0,0.352112676056338,0.0,15.89232291277379,4.901408450704225,0.004979625219623574,1.6864278090761633,1.8778406000598094,0.0019711016494343317,0.2323943661971831,0.002489812609811787,0.004979625219623574,2.561384388200548,8.545774647887324,2.212194637326679,1.8756723955088432,15.026243867919076,15.112033992551924,12.542456996666468,16.369002942590775,18.08060994539214,0.0,0.0,2015,2
2015-03-01,287,0.7984901277584205,0.29036004645760743,0.0,0.0,0.0,0.0,0.0,0.0,0.0,0.0,0.0,0.0,0.0,0.0,0.0,0.0,0.23228803716608595,0.21777003484320556,0.34843205574912894,0.0,0.0,0.0,0.0,0.29036004645760743,0.0,0.0,0.0,0.0,0.0,0.0,0.0,0.0,0.0,0.0,0.0,0.0,0.0,0.0,0.0,0.0,0.0,0.0,0.0,0.0,0.0,0.0,0.0,0.0,0.0,0.0,0.0,0.0,0.0,0.0,0.0,0.0,0.0,0.0,0.0,0.0,0.0,0.0,0.0,0.0,0.31675641431738993,0.0,14.151811009719768,5.041811846689895,0.009855146776119128,1.70930867073061,1.9312795557283209,0.0016678556029389923,0.23693379790940766,0.0024637866940297824,0.009855146776119128,2.1073100341393025,8.902439024390244,2.2189866169274426,0.6429684031839831,15.277819775198607,15.357411480242549,12.764513481581696,16.856494131602837,18.408963135092304,0.00017421602787456446,0.0,2015,3
2015-04-01,274,0.8617193836171937,0.0,0.202757502027575,0.0,0.36496350364963503,0.0,0.0,0.0,0.36496350364963503,0.4562043795620438,0.0,0.0,0.0,0.0,0.0,0.0,0.40551500405515,0.0,0.0,0.0,0.0,0.0,0.0,0.0,0.0,0.0,0.0,0.0,0.0,0.0,0.0,0.0,0.202757502027575,0.0,0.0,0.0,0.0,0.0,0.0,0.0,0.0,0.0,0.0,0.36496350364963503,0.0,0.0,0.0,0.0,0.0,0.0,0.0,0.0,0.0,0.0,0.0,0.0,0.0,0.0,0.0,0.0,0.36496350364963503,0.0,0.0,0.0,0.0,0.40551500405515,15.3715887444209,5.142335766423358,0.01032272673265033,1.7152729237921558,1.9257176605368174,0.0037055942117206306,0.23357664233576642,0.0025806816831625825,0.01032272673265033,1.0881504950848016,9.155109489051094,2.1994514640519816,3.209409759948102,14.989955516908074,15.29041970167255,12.738922088088898,16.328227303423283,18.11661084728925,0.00036496350364963507,0.0,2015,4
2015-05-01,290,0.0,0.0,1.1083743842364533,0.0,0.0,0.0,0.0,0.0,0.0,0.0,0.0,0.0,0.0,0.0,0.0,0.0,0.0,0.0,0.0,0.0,0.0,0.0,0.0,0.0,0.0,0.0,0.0,0.0,0.0,0.0,0.24630541871921183,0.0,0.8620689655172413,0.0,0.0,0.0,0.0,0.0,0.0,0.0,0.0,0.0,0.0,0.0,0.0,0.0,0.0,0.0,0.0,0.0,0.0,0.0,0.0,0.0,0.0,0.0,0.0,0.0,0.0,0.0,0.0,0.0,0.0,0.0,0.28735632183908044,0.0,16.198477260850485,5.055172413793104,0.007314897736412562,1.68127273996477,1.9076089305905415,0.0021480255257719425,0.1896551724137931,0.004876598490941708,0.007314897736412562,2.2317016992473384,8.644827586206896,2.1938243669785256,4.540343078827888,14.672143168021975,15.041384227338472,12.49147486744195,16.26234875947244,17.812791438896916,0.0,0.0002463054187192118,2015,5
2015-06-01,409,0.16299918500407498,0.9184139685362178,0.2716653083401249,0.0,0.0,0.0,0.0,0.0,0.0,0.16299918500407498,0.0,0.0,0.0,0.0,0.0,0.0,0.0,0.0,0.0,0.0,0.0,0.0,0.0,0.6297695784248352,0.0,0.0,0.28864439011138276,0.0,0.0,0.0,0.0,0.0,0.2716653083401249,0.0,0.0,0.0,0.0,0.0,0.0,0.0,0.0,0.0,0.0,0.0,0.0,0.0,0.0,0.0,0.0,0.0,0.0,0.0,0.0,0.0,0.0,0.0,0.0,0.0,0.0,0.0,0.0,0.0,0.0,0.0,0.3056234718826406,0.0,17.737595980421872,5.02200488997555,0.010373204613983583,1.6972285630615762,1.8989274089698744,0.0025334269565897853,0.28117359413202936,0.005186602306991792,0.010373204613983583,1.0536122394313105,8.809290953545233,2.1904827242636746,3.9801488866111523,14.795464560492855,15.262421122527677,12.607819014719421,16.603350133743277,18.01778970086024,0.0,0.0,2015,6
2015-07-01,304,0.0,0.0,0.0,0.0,0.0,0.0,0.0,0.0,0.0,0.0,0.0,0.0,0.0,0.0,0.0,0.0,0.0,0.0,0.0,0.0,0.0,0.0,0.0,0.0,0.0,0.0,0.0,0.0,0.0,0.0,0.0,0.0,0.0,0.0,0.0,0.0,0.0,0.0,0.0,0.0,0.0,0.0,0.0,0.0,0.0,0.0,0.0,0.0,0.0,0.0,0.0,0.0,0.0,0.0,0.0,0.0,0.0,0.0,0.0,0.0,0.0,0.0,0.0,0.0,0.6944444444444443,0.13157894736842105,18.481528039384074,4.894736842105263,0.0046520182972799185,1.6743219456242557,1.864098197045382,0.008141032020239856,0.17763157894736842,0.0,0.0046520182972799185,0.9228801169590642,8.325657894736842,2.155613927803363,6.9757996614453885,14.25742159133007,15.137669364056888,12.139539682029262,15.692040322760958,17.359340199703976,0.0,0.0,2015,7
2015-08-01,279,0.29868578255675027,0.5973715651135005,0.0,0.0,0.0,0.0,0.0,0.0,0.0,0.0,0.0,0.0,0.0,0.0,0.0,0.0,0.0,0.0,0.29868578255675027,0.0,0.0,0.0,0.0,0.5973715651135005,0.0,0.0,0.0,0.0,0.0,0.0,0.0,0.0,0.0,0.0,0.0,0.0,0.0,0.0,0.0,0.0,0.0,0.0,0.0,0.0,0.0,0.0,0.0,0.0,0.0,0.0,0.0,0.0,0.0,0.0,0.0,0.0,0.0,0.0,0.0,0.0,0.0,0.0,0.0,0.0,0.0,0.0,17.872618847185244,5.164874551971326,0.0,1.6911563175554398,1.8918536783337545,0.0,0.26523297491039427,0.0,0.0,2.695952933144584,9.060931899641577,2.2037835656273357,1.5114363864993252,15.19621046664324,15.288647643934913,12.803972907503631,16.504951885787275,18.395735155920253,0.0,0.0,2015,8
2015-09-01,310,0.0,1.6183247492545405,0.0,0.0,0.0,0.0,0.0,0.0,0.0,0.0,0.0,0.0,0.0,0.0,0.0,0.0,0.0,0.0,0.0,0.0,0.0,0.0,0.0,1.0653293575494713,0.0,0.0,0.5529953917050692,0.0,0.0,0.0,0.0,0.0,0.0,0.0,0.0,0.0,0.0,0.0,0.0,0.0,0.0,0.0,0.0,0.0,0.0,0.0,0.0,0.0,0.0,0.0,0.0,0.0,0.0,0.0,0.0,0.0,0.0,0.0,0.0,0.0,0.0,0.0,0.0,0.0,0.0,0.0,13.487921717972654,5.2,0.01596692731711559,1.722181485729058,1.929669267531297,0.0013115690296202091,0.25161290322580643,0.004561979233461597,0.01596692731711559,2.1793170986719375,9.206451612903226,2.1963044270664365,4.445292712630445,14.831473070891404,15.16691418259684,12.890100323069637,16.45788354538118,18.39968200557834,0.0,0.0,2015,9
2015-10-01,285,0.43859649122807015,0.0,0.0,0.0,0.0,0.0,0.0,0.0,0.0,0.0,0.0,0.0,0.0,0.0,0.0,0.0,0.0,0.43859649122807015,0.0,0.0,0.0,0.0,0.0,0.0,0.0,0.0,0.0,0.0,0.0,0.0,0.0,0.0,0.0,0.0,0.0,0.0,0.0,0.0,0.0,0.0,0.0,0.0,0.0,0.0,0.0,0.0,0.0,0.0,0.0,0.0,0.0,0.0,0.0,0.0,0.0,0.0,0.0,0.0,0.0,0.0,0.0,0.0,0.0,0.0,0.29239766081871343,0.0,16.38047430152693,4.992982456140351,0.017367534976511695,1.690661421408061,1.8883014217535674,0.0011105770665252369,0.256140350877193,0.0024810764252159562,0.017367534976511695,1.621896621896622,8.785964912280702,2.1941532524952763,4.51836345439908,14.715027983196714,15.160024246588753,12.559411185135746,16.333632516711106,17.918473399092598,0.0,0.0,2015,10
2015-11-01,581,0.13239772275916856,0.8032128514056224,0.0,0.0,0.0,0.0,0.0,0.0,0.0,0.0,0.13239772275916856,0.0,0.0,0.0,0.0,0.0,0.0,0.0,0.0,0.0,0.1721170395869191,0.0,0.0,0.6310958118187033,0.0,0.0,0.0,0.0,0.0,0.0,0.0,0.0,0.0,0.0,0.0,0.0,0.0,0.0,0.0,0.0,0.0,0.0,0.0,0.0,0.0,0.0,0.0,0.0,0.0,0.0,0.0,0.0,0.0,0.0,0.0,0.0,0.0,0.0,0.0,0.0,0.0,0.0,0.0,0.0,0.15647003598810827,0.0,16.615517824626703,4.9156626506024095,0.0036511537754899182,1.6600897999248259,1.8663312895860735,0.0023906364006183994,0.18244406196213425,0.0012170512584966395,0.0036511537754899182,0.8590018701894777,8.56540447504303,2.2301446030982945,1.4047277928798374,15.100631964485594,15.274443128513576,12.523006788873513,16.644647507932714,18.45191176088636,0.0,0.0,2015,11
2015-12-01,340,0.5614973262032086,0.24509803921568626,0.0,0.0,0.0,0.0,0.0,0.0,0.0,0.0,0.0,0.0,0.29411764705882354,0.0,0.0,0.0,0.0,0.0,0.26737967914438504,0.0,0.0,0.0,0.0,0.24509803921568626,0.0,0.0,0.0,0.0,0.0,0.0,0.0,0.0,0.0,0.0,0.0,0.0,0.0,0.0,0.0,0.0,0.0,0.0,0.0,0.0,0.0,0.0,0.0,0.0,0.0,0.0,0.0,0.0,0.0,0.0,0.0,0.0,0.0,0.0,0.0,0.0,0.0,0.0,0.0,0.0,0.5938914027149321,0.0,19.24163482463428,5.114705882352941,0.004159451654038515,1.7300534527216562,1.9407172610342571,0.0002599657283774072,0.25,0.0,0.004159451654038515,2.363517153742067,9.077941176470588,2.1966756544842276,2.5899904023312548,15.052821287228728,15.188349760633447,12.780440468047797,16.376041084926197,17.900229649243492,0.0007352941176470588,0.0,2015,12
2016-01-01,269,0.7096992227103751,0.2655337227827934,0.0,0.0,0.0,0.0,0.0,0.0,0.0,0.0,0.0,0.0,0.0,0.0,0.0,0.0,0.37174721189591076,0.0,0.33795201081446435,0.0,0.0,0.0,0.0,0.2655337227827934,0.0,0.0,0.0,0.0,0.0,0.0,0.0,0.0,0.0,0.0,0.0,0.0,0.0,0.0,0.0,0.0,0.0,0.0,0.0,0.0,0.0,0.0,0.0,0.0,0.0,0.0,0.0,0.0,0.0,0.0,0.0,0.0,0.0,0.0,0.0,0.0,0.0,0.0,0.0,0.0,0.3097893432465923,0.0,17.379709788959733,5.096654275092937,0.03154379693025491,1.690918039078416,1.9126980707055976,0.007897423497320102,0.1821561338289963,0.005257299488375818,0.03154379693025491,1.968951771568964,8.892193308550185,2.1936333463607207,4.169622714142947,14.797696489087839,15.286509801131428,12.628208229109916,16.30749884284856,17.74013268475501,0.0,0.0,2016,1
2016-02-01,466,0.9742582167474871,0.5449962531507596,0.19508388607101054,0.0,0.0,0.0,0.0,0.0,0.0,0.0,0.0,0.0,0.0,0.0,0.0,0.0,0.0,0.5109339873288371,0.46332422941865004,0.0,0.0,0.0,0.0,0.5449962531507596,0.0,0.0,0.0,0.0,0.0,0.0,0.19508388607101054,0.0,0.0,0.0,0.0,0.0,0.0,0.0,0.0,0.0,0.0,0.0,0.0,0.0,0.0,0.0,0.0,0.0,0.0,0.0,0.0,0.0,0.0,0.0,0.0,0.0,0.0,0.0,0.0,0.0,0.0,0.0,0.0,0.0,0.0,0.0,18.657729710477554,4.894849785407725,0.012139172209211117,1.671886588137507,1.861500685306476,0.004754509115274355,0.2167381974248927,0.0,0.012139172209211117,1.744134781877776,8.459227467811159,2.235791982814515,2.5195911747303668,14.938232189561402,15.35113692721799,12.429159527092349,16.272739562867077,17.983949760862156,0.00030656039239730225,0.00019508388607101054,2016,2
2016-03-01,444,0.9205634205634206,0.6006006006006005,0.18768768768768768,0.0,0.0,0.0,0.0,0.0,0.0,0.0,0.0,0.0,0.0,0.0,0.0,0.0,0.6703131703131703,0.0,0.2502502502502502,0.0,0.0,0.0,0.0,0.6006006006006005,0.0,0.0,0.0,0.0,0.0,0.0,0.18768768768768768,0.0,0.0,0.0,0.0,0.0,0.0,0.0,0.0,0.0,0.0,0.0,0.0,0.0,0.0,0.0,0.0,0.0,0.0,0.0,0.0,0.0,0.0,0.0,0.0,0.0,0.0,0.0,0.0,0.0,0.0,0.0,0.0,0.0,0.629705792749271,0.0,15.310415078216936,5.045045045045045,0.012740662724081937,1.686157559141997,1.8874061192907101,0.003067617899935204,0.21846846846846846,0.0031851656810204846,0.012740662724081937,1.835040254157901,8.806306306306306,2.2491067720847133,-1.5103586522568493,15.553372163410865,15.243414804135451,12.801321497907752,16.84470732722184,18.739350081300547,0.0,0.00046921921921921916,2016,3
2016-04-01,440,0.5552232854864434,0.15151515151515152,0.0,0.0,0.0,0.0,0.0,0.0,0.0,0.0,0.0,0.0,0.2840909090909091,0.0,0.0,0.0,0.0,0.15151515151515152,0.11961722488038276,0.0,0.0,0.0,0.0,0.15151515151515152,0.0,0.0,0.0,0.0,0.0,0.0,0.0,0.0,0.0,0.0,0.0,0.0,0.0,0.0,0.0,0.0,0.0,0.0,0.0,0.0,0.0,0.0,0.0,0.0,0.0,0.0,0.0,0.0,0.0,0.0,0.0,0.0,0.0,0.0,0.0,0.0,0.0,0.0,0.0,0.0,0.16233766233766234,0.0,12.978294495322357,5.1045454545454545,0.0,1.7063352828598248,1.921416105453011,0.0008481710127868947,0.25227272727272726,0.003214121732666125,0.0,2.344151008923736,9.065909090909091,2.225180434812084,1.2883249943484827,15.235025094813638,15.336973566360287,12.922258779986338,16.747320845022436,18.698201977057874,0.00016233766233766234,0.00020661157024793388,2016,4
2016-05-01,535,0.7981686019069196,0.2336448598130841,0.14378145219266716,0.0,0.0,0.0,0.0,0.0,0.0,0.0,0.0,0.0,0.16992353440951571,0.0,0.0,0.0,0.0,0.18691588785046728,0.44132917964693663,0.0,0.0,0.0,0.0,0.2336448598130841,0.0,0.0,0.0,0.0,0.0,0.0,0.14378145219266716,0.0,0.0,0.0,0.0,0.0,0.0,0.0,0.0,0.0,0.0,0.0,0.0,0.0,0.0,0.0,0.0,0.0,0.0,0.0,0.0,0.0,0.0,0.0,0.0,0.0,0.0,0.0,0.0,0.0,0.0,0.0,0.0,0.0,0.12461059190031154,0.0,18.598292968536885,5.026168224299066,0.0,1.6981259077841953,1.8966523018902146,0.0,0.1925233644859813,0.0,0.0,1.6689592857817157,8.829906542056074,2.233884376741282,0.02916148146870034,15.350411448432167,15.426361144884085,12.898941838056288,16.939303640092728,18.761618877186137,0.0,0.00014378145219266715,2016,5
2016-06-01,682,0.28510915607689796,0.5546140076931866,0.09775171065493647,0.0,0.0,0.0,0.0,0.0,0.0,0.0,0.0,0.0,0.0,0.0,0.0,0.0,0.0,0.12218963831867057,0.1629195177582274,0.0,0.0,0.0,0.0,0.5546140076931866,0.0,0.0,0.0,0.0,0.0,0.0,0.09775171065493647,0.0,0.0,0.0,0.0,0.0,0.0,0.0,0.0,0.0,0.0,0.0,0.0,0.0,0.0,0.0,0.0,0.0,0.0,0.0,0.0,0.0,0.0,0.0,0.0,0.0,0.0,0.0,0.0,0.0,0.0,0.0,0.0,0.0,0.24608822262781208,0.0,19.292523662013778,4.994134897360704,0.005184067310751815,1.6912334405204028,1.9049426262664961,0.004114937584846116,0.19648093841642228,0.002073626924300726,0.005184067310751815,0.9487152632313922,8.845307917888563,2.20490250321657,2.2095443994508392,15.042559673450006,15.30150534745548,12.771490356126382,16.81769546822995,18.427571889517726,0.0,9.775171065493646e-05,2016,6
2016-07-01,416,0.4006410256410256,0.0,0.3004807692307692,0.0,0.0,0.0,0.0,0.0,0.0,0.0,0.0,0.0,0.4006410256410256,0.0,0.0,0.0,0.0,0.0,0.0,0.0,0.0,0.0,0.0,0.0,0.0,0.0,0.0,0.0,0.0,0.0,0.3004807692307692,0.0,0.0,0.0,0.0,0.0,0.0,0.0,0.0,0.0,0.0,0.0,0.0,0.0,0.0,0.0,0.0,0.0,0.0,0.0,0.0,0.0,0.0,0.0,0.0,0.0,0.0,0.0,0.0,0.0,0.0,0.0,0.0,0.0,0.0,0.39361223571749887,17.41613034744503,5.197115384615385,0.0050993277489414495,1.7220067116039233,1.9327922324045377,0.00259215827237857,0.22115384615384615,0.0016997759163138162,0.0050993277489414495,0.6592487779778751,9.195913461538462,2.2602451871082794,-2.1099020440851803,15.739601508626723,15.499928445048187,13.305287111834094,17.186540263314978,19.161154129601975,0.00020032051282051281,0.00030048076923076925,2016,7
2016-08-01,454,0.29900133553929875,0.18355359765051393,0.18355359765051393,0.0,0.0,0.0,0.0,0.0,0.0,0.0,0.0,0.0,0.0,0.0,0.0,0.0,0.0,0.16943409013893598,0.12956724540036277,0.0,0.0,0.0,0.0,0.0,0.0,0.0,0.18355359765051393,0.0,0.0,0.0,0.0,0.0,0.18355359765051393,0.0,0.0,0.0,0.0,0.0,0.0,0.0,0.0,0.0,0.0,0.0,0.0,0.0,0.0,0.0,0.0,0.0,0.0,0.0,0.0,0.0,0.0,0.0,0.0,0.0,0.0,0.0,0.0,0.0,0.0,0.0,0.0,0.16943409013893598,15.11511557473833,5.101321585903084,0.012460031386547091,1.7013170573075915,1.9573383796312767,0.002553811988552212,0.21365638766519823,0.0031150078466367736,0.012460031386547091,2.1244681292621173,9.073788546255507,2.237900649905567,0.8166807244528045,15.298366256416868,15.259048140033963,12.808185097926813,16.693000681402914,18.28769798301788,0.0,0.0,2016,8
2016-09-01,514,0.35794296494685596,0.8940151936260886,0.6485084306095978,0.0,0.0,0.0,0.0,0.0,0.0,0.0,0.0,0.0,0.0,0.0,0.0,0.0,0.0,0.35794296494685596,0.0,0.0,0.0,0.0,0.0,0.6021863998517695,0.0,0.0,0.16212710765239946,0.1297016861219196,0.0,0.0,0.0,0.0,0.6485084306095978,0.0,0.0,0.0,0.0,0.0,0.0,0.0,0.0,0.0,0.0,0.0,0.0,0.0,0.0,0.0,0.0,0.0,0.0,0.0,0.0,0.0,0.0,0.0,0.0,0.0,0.0,0.0,0.0,0.0,0.0,0.0,0.3551355691433512,0.0,19.720479185218142,5.075875486381323,0.02751388253644154,1.6975722885830358,1.9253984584484007,0.01158358810785213,0.23735408560311283,0.005502776507288308,0.02751388253644154,2.1063989301174213,9.0,2.220391358247561,1.1574664159310082,15.245527595967644,15.270109479769499,12.711289157471171,16.873172985365887,18.322918899654514,0.0,0.00016212710765239947,2016,9
2016-10-01,581,0.2106327407532227,1.0265552003934104,0.15647003598810827,0.0,0.0,0.0,0.0,0.0,0.0,0.2106327407532227,0.0,0.0,0.0,0.0,0.0,0.0,0.0,0.0,0.0,0.0,0.0,0.0,0.0,0.9036144578313253,0.0,0.0,0.12294074256208508,0.0,0.0,0.0,0.0,0.0,0.15647003598810827,0.0,0.0,0.0,0.0,0.0,0.0,0.0,0.0,0.0,0.0,0.0,0.0,0.0,0.0,0.0,0.0,0.0,0.0,0.0,0.0,0.0,0.0,0.0,0.0,0.0,0.0,0.0,0.0,0.0,0.0,0.0,0.11474469305794607,0.0,18.492729751209048,5.074010327022375,0.012170512584966394,1.7017824812586921,1.8947564806290955,0.0032333961014424607,0.21514629948364888,0.0,0.012170512584966394,1.2779269879097763,8.864888123924269,2.1964817530792176,2.5778331640357535,14.98810395368717,15.201384532637844,12.635233243932593,16.633977833268283,18.012920703340235,0.0,0.0,2016,10
2016-11-01,704,0.21983225108225107,0.9041818345795618,0.11837121212121211,0.0,0.0,0.0,0.0,0.0,0.0,0.0,0.0,0.0,0.10146103896103896,0.0,0.0,0.0,0.11837121212121211,0.0,0.0,0.0,0.14204545454545456,0.0,0.0,0.5659783713760986,0.0,0.0,0.19615800865800867,0.0,0.0,0.0,0.11837121212121211,0.0,0.0,0.0,0.0,0.0,0.0,0.0,0.0,0.0,0.0,0.0,0.0,0.0,0.0,0.0,0.0,0.0,0.0,0.0,0.0,0.0,0.0,0.0,0.0,0.0,0.0,0.0,0.0,0.0,0.0,0.0,0.0,0.0,0.16711229946524064,0.14204545454545456,20.467411144633736,4.971590909090909,0.006026478248748985,1.6841398002165158,1.8809910594782786,0.0019860152372861433,0.21164772727272727,0.0020088260829163283,0.006026478248748985,1.0102336389101094,8.575994318181818,2.230487987294776,0.14152427285283817,15.26247411046229,15.369101123405164,12.524602279765832,16.905520991832386,18.303343905728777,8.355614973262032e-05,0.00011837121212121211,2016,11
2016-12-01,580,0.7682930096723201,0.7814599193909539,0.1567398119122257,0.0,0.0,0.0,0.0,0.0,0.0,0.1567398119122257,0.19157088122605362,0.0,0.0,0.0,0.0,0.0,0.0,0.0,0.41998231653404067,0.0,0.0,0.0,0.0,0.7814599193909539,0.0,0.0,0.0,0.0,0.0,0.0,0.0,0.0,0.1567398119122257,0.0,0.0,0.0,0.0,0.0,0.0,0.0,0.0,0.0,0.0,0.0,0.0,0.0,0.0,0.0,0.0,0.0,0.0,0.0,0.0,0.0,0.0,0.0,0.0,0.0,0.0,0.0,0.0,0.0,0.0,0.0,0.4597701149425288,0.0,18.924601711112867,5.187931034482759,0.009753196981883415,1.7131714515281655,1.887924031316152,0.002267322332926632,0.20344827586206896,0.0,0.009753196981883415,1.5788737124944021,9.062068965517241,2.2330255140989634,-0.8766554321270129,15.511799878620366,15.38675884606857,12.909264415349153,17.121056728326252,18.578117937955668,0.0,0.0,2016,12
2017-01-01,412,0.24271844660194175,0.4901045556385362,0.6067961165048543,0.0,0.0,0.0,0.0,0.0,0.0,0.0,0.0,0.0,0.0,0.0,0.0,0.0,0.0,0.0,0.24271844660194175,0.0,0.0,0.0,0.0,0.4901045556385362,0.0,0.0,0.0,0.0,0.0,0.0,0.6067961165048543,0.0,0.0,0.0,0.0,0.0,0.0,0.0,0.0,0.0,0.0,0.0,0.0,0.0,0.0,0.0,0.0,0.0,0.0,0.0,0.0,0.0,0.0,0.0,0.0,0.0,0.0,0.0,0.0,0.0,0.0,0.0,0.0,0.0,0.8321775312066575,0.0,19.49253288450439,5.179611650485437,0.0034325571902259593,1.6925403634202918,1.8615366280362877,0.00014302321625941482,0.16019417475728157,0.0,0.0034325571902259593,0.7935026138909633,8.949029126213592,2.2354000135638072,-0.2561797939353403,15.401871447766652,15.287802540998012,12.880072918708736,16.632402861445854,18.438911488283278,0.0,0.0009535367545076283,2017,1
2017-02-01,582,0.33750613647520866,0.21477663230240548,0.38182512409316527,0.0,0.0,0.0,0.0,0.0,0.0,0.0,0.0,0.0,0.21477663230240548,0.0,0.0,0.0,0.12272950417280315,0.0,0.0,0.0,0.21477663230240548,0.0,0.0,0.0,0.0,0.0,0.0,0.0,0.0,0.0,0.38182512409316527,0.0,0.0,0.0,0.0,0.0,0.0,0.0,0.0,0.0,0.0,0.0,0.0,0.0,0.0,0.0,0.0,0.0,0.0,0.0,0.0,0.0,0.0,0.0,0.0,0.0,0.0,0.0,0.0,0.0,0.0,0.0,0.0,0.0,0.0,0.0,18.193217524351226,5.030927835051546,0.003644880315394575,1.679584742958037,1.9309767107706848,0.0004623598177861636,0.211340206185567,0.00242992021026305,0.003644880315394575,1.3177463801446438,8.871134020618557,2.2291031577798943,0.9172448883822025,15.237263623937729,15.433106388637633,12.806655919928227,16.720201560212825,18.574227720179014,0.0001321702352630188,0.0003818251240931653,2017,2
2017-03-01,745,0.6072227548737615,0.10325245224574085,0.11185682326621924,0.0,0.0,0.0,0.0,0.0,0.0,0.0,0.0,0.0,0.1704484925961436,0.0,0.0,0.0,0.0,0.0,0.436774262277618,0.0,0.0,0.0,0.0,0.0,0.0,0.0,0.0,0.10325245224574085,0.0,0.0,0.11185682326621924,0.0,0.0,0.0,0.0,0.0,0.0,0.0,0.0,0.0,0.0,0.0,0.0,0.0,0.0,0.0,0.0,0.0,0.0,0.0,0.0,0.0,0.0,0.0,0.0,0.0,0.0,0.0,0.0,0.0,0.0,0.0,0.0,0.0,0.19175455417066156,0.09587727708533078,17.891899347724106,5.095302013422819,0.010440502809465802,1.699513202757156,1.8817758439586623,0.0032147301535757674,0.18926174496644296,0.0009491366190423458,0.010440502809465802,1.2076897528930692,8.92751677852349,2.2205565400077836,0.6334156938289142,15.277779422081812,15.324606327798854,12.733624908904176,16.919757590939856,18.22719136850664,0.0,0.00011185682326621923,2017,3
2017-04-01,676,0.678007889546351,0.3636587771203156,0.14792899408284024,0.0,0.0,0.0,0.0,0.0,0.0,0.0,0.14792899408284024,0.0,0.4068047337278107,0.0,0.0,0.0,0.0,0.0,0.12327416173570019,0.0,0.0,0.0,0.0,0.2403846153846154,0.0,0.0,0.12327416173570019,0.0,0.0,0.0,0.0,0.0,0.14792899408284024,0.0,0.0,0.0,0.0,0.0,0.0,0.0,0.0,0.0,0.0,0.0,0.0,0.0,0.0,0.0,0.0,0.0,0.0,0.0,0.0,0.0,0.0,0.0,0.0,0.0,0.0,0.0,0.0,0.0,0.0,0.0,0.21537554694053362,0.0,22.081757234243174,5.084319526627219,0.01569023922751215,1.725583738236733,1.9218504205495266,0.005981988609380932,0.22928994082840237,0.0031380478455024304,0.01569023922751215,1.2222819915127607,9.085798816568047,2.1991847250263286,3.429856577246305,14.93942313907812,15.206047387491603,12.852015445331206,16.54617247760627,18.20009262018486,8.218277449046679e-05,0.0,2017,4
2017-05-01,827,0.34744578275412613,0.45409212579708347,0.15354791654670735,0.0,0.0,0.0,0.0,0.0,0.0,0.0,0.0,0.0,0.0,0.0,0.0,0.0,0.23751943340818796,0.10992634934593822,0.0,0.0,0.15114873035066506,0.0,0.0,0.30294339544641846,0.0,0.0,0.0,0.0,0.0,0.0,0.0863707030575229,0.0,0.06717721348918446,0.0,0.0,0.0,0.0,0.0,0.0,0.0,0.0,0.0,0.0,0.0,0.0,0.0,0.0,0.0,0.0,0.0,0.0,0.0,0.0,0.0,0.0,0.0,0.0,0.0,0.0,0.0,0.0,0.0,0.0,0.0,0.2661133707082921,0.0,20.268098293586938,4.908101571946796,0.011970368726253528,1.6762205991082473,1.8772242370477674,0.005871859443779578,0.1946795646916566,0.004275131687947688,0.011970368726253528,1.2306298430844984,8.567714631197099,2.22417447422389,1.3486711679686243,15.103095562305604,15.306119976017227,12.538822475065116,16.78624839335592,18.34953741693459,0.0002015316404675534,0.00016698335924454427,2017,5
2017-06-01,740,0.6011856011856012,0.6363754970566116,0.6464987714987714,0.0,0.0,0.0,0.0,0.0,0.0,0.0,0.0,0.0,0.28528528528528524,0.0,0.0,0.0,0.0,0.3159003159003159,0.0,0.0,0.0,0.0,0.0,0.6363754970566116,0.0,0.0,0.0,0.0,0.16891891891891891,0.0,0.08445945945945946,0.0,0.3931203931203931,0.0,0.0,0.0,0.0,0.0,0.0,0.0,0.0,0.0,0.0,0.0,0.0,0.0,0.0,0.0,0.0,0.0,0.0,0.0,0.0,0.0,0.0,0.0,0.0,0.0,0.0,0.0,0.0,0.0,0.0,0.0,0.20047520047520048,0.0,20.45922841627176,5.097297297297297,0.016397468850608325,1.6982039892879157,1.9125615776884453,0.006417499476131238,0.1972972972972973,0.005557951588003194,0.016397468850608325,1.1491848991848992,9.02454954954955,2.1825869674732243,2.179253601902601,15.068735789750177,15.201948801786969,12.591617327007771,16.878900148973454,17.97856872381169,0.0,8.445945945945946e-05,2017,6
2017-07-01,793,0.45684314284566485,0.5694127226283594,0.2702215816969915,0.0,0.0,0.0,0.0,0.0,0.0,0.11463945890175398,0.0,0.0,0.09700261907071492,0.0,0.0,0.0,0.14011489421325485,0.0,0.10508617065994115,0.0,0.0,0.0,0.0,0.3592403813084772,0.0,0.0,0.2101723413198823,0.0,0.0,0.0,0.18014772113132768,0.0,0.09007386056566384,0.0,0.0,0.0,0.0,0.0,0.0,0.0,0.0,0.0,0.0,0.0,0.0,0.0,0.0,0.0,0.0,0.0,0.0,0.0,0.0,0.0,0.0,0.0,0.0,0.0,0.0,0.0,0.0,0.0,0.0,0.0,0.20491803278688525,0.0,20.229377888305265,5.187894073139975,0.015158657352044524,1.7174966923126043,1.8991603742815975,0.0038437058971984555,0.19293820933165196,0.001783371453181709,0.015158657352044524,1.316079184931644,9.010718789407314,2.2208198784446447,0.8231973411555423,15.27666344998452,15.24937186789735,12.84283468402531,16.920329524036276,18.413196411522712,0.0001543223485215919,0.0001801477211313277,2017,7
2017-08-01,672,0.5599146224146223,0.38442460317460325,0.1488095238095238,0.0,0.0,0.0,0.0,0.0,0.0,0.0,0.0,0.0,0.13528138528138528,0.0,0.0,0.0,0.13528138528138528,0.0,0.2893518518518518,0.0,0.0,0.0,0.0,0.38442460317460325,0.0,0.0,0.0,0.0,0.0,0.0,0.0,0.0,0.1488095238095238,0.0,0.0,0.0,0.0,0.0,0.0,0.0,0.0,0.0,0.0,0.0,0.0,0.0,0.0,0.0,0.0,0.0,0.0,0.0,0.0,0.0,0.0,0.0,0.0,0.0,0.0,0.0,0.0,0.0,0.0,0.0,0.4974626068376069,0.18069727891156462,20.59257323676414,5.186011904761905,0.019220242253804636,1.7280377197351915,1.9362476397364858,0.004870566768507535,0.22023809523809523,0.000859152186294086,0.019220242253804636,2.01665052394818,9.111607142857142,2.196777175456583,2.8150146177107134,15.015848347746422,15.318275604075424,12.790356959524136,16.718668375254648,18.086511116817842,0.0001984126984126984,0.0,2017,8
2017-09-01,805,0.12422360248447205,0.8049713656120978,0.41219649915302087,0.0,0.08281573498964803,0.0,0.0,0.0,0.0,0.0,0.0,0.0,0.0,0.0,0.0,0.0,0.0,0.12422360248447205,0.0,0.0,0.0,0.0,0.0,0.7395905221992178,0.0,0.0,0.06538084341288002,0.0,0.0,0.0,0.41219649915302087,0.0,0.0,0.0,0.0,0.0,0.0,0.0,0.0,0.0,0.0,0.0,0.0,0.08281573498964803,0.0,0.0,0.0,0.0,0.0,0.0,0.0,0.0,0.0,0.0,0.0,0.0,0.0,0.0,0.0,0.0,0.0,0.0,0.0,0.0,0.5026730198354912,0.0,20.90426660316859,5.216149068322982,0.015811083306034604,1.737956193598671,1.9096179732889451,0.0018881658046203662,0.2236024844720497,0.0,0.015811083306034604,1.8488647852819151,9.360248447204969,2.2023289612794543,1.500759876874456,15.253602123688674,15.230623933357311,13.012328829134459,16.82428634809787,18.48374109110132,7.763975155279503e-05,0.0005364201016374929,2017,9
2017-10-01,818,1.1413742465087209,0.4792952225715062,0.13583265417006246,0.0,0.0,0.0,0.0,0.0,0.0,0.31137023802060476,0.0,0.0,0.0,0.0,0.0,0.0,0.06791632708503123,0.0,0.7620876814030849,0.0,0.0,0.0,0.0,0.30465323863856875,0.0,0.0,0.17464198393293748,0.0,0.0,0.0,0.0,0.0,0.13583265417006246,0.0,0.0,0.0,0.0,0.0,0.0,0.0,0.0,0.0,0.0,0.0,0.0,0.0,0.0,0.0,0.0,0.0,0.0,0.0,0.0,0.0,0.0,0.0,0.0,0.0,0.0,0.0,0.0,0.0,0.0,0.0,0.24696846212738632,0.0,19.928810962688804,5.119804400977995,0.013830939485311444,1.7012695212277098,1.9099154564747798,0.002593987212002112,0.2041564792176039,0.0008644337178319653,0.013830939485311444,0.9756531401864352,8.965770171149144,2.205491579639146,1.0628438369124265,15.223173551483274,15.436777312385907,12.779261500609158,17.061047961659487,18.218545153170496,0.0001528117359413203,0.0,2017,10
2017-11-01,1045,0.6205251420562425,0.4837852206273259,0.1594896331738437,0.0,0.0,0.0,0.0,0.0,0.0,0.11961722488038277,0.0,0.0,0.0,0.0,0.0,0.0,0.0,0.2890145473877531,0.21189336978810663,0.0,0.0,0.0,0.0,0.3774587985114301,0.0,0.0,0.10632642211589578,0.0,0.0,0.0,0.06379585326953749,0.0,0.09569377990430622,0.0,0.0,0.0,0.0,0.0,0.0,0.0,0.0,0.0,0.0,0.0,0.0,0.0,0.0,0.0,0.0,0.0,0.0,0.0,0.0,0.0,0.0,0.0,0.0,0.0,0.0,0.0,0.0,0.0,0.0,0.0,0.08860535176324649,0.0,22.305710203372666,5.125358851674641,0.01759308737880405,1.7179227815425606,1.9221877330221988,0.0038806830715745417,0.22296650717703348,0.001353314413754158,0.01759308737880405,1.427449827097271,9.10574162679426,2.2221656113270316,-0.09231726551004932,15.412704149946704,15.420797904195778,12.844375624828409,17.280985920178995,18.486104118107548,7.974481658692185e-05,0.00013740645319592688,2017,11
2017-12-01,711,0.4978456455249704,0.5877034358047016,0.26371308016877637,0.0,0.0,0.0,0.0,0.0,0.0,0.0,0.0,0.0,0.20092425155716295,0.0,0.0,0.0,0.0,0.14064697609001406,0.1562744178777934,0.0,0.0,0.0,0.0,0.47049762239635656,0.0,0.0,0.11720581340834504,0.0,0.0,0.0,0.0,0.0,0.26371308016877637,0.0,0.0,0.0,0.0,0.0,0.0,0.0,0.0,0.0,0.0,0.0,0.0,0.0,0.0,0.0,0.0,0.0,0.0,0.0,0.0,0.0,0.0,0.0,0.0,0.0,0.0,0.0,0.0,0.0,0.0,0.0,0.2344116268166901,0.2442999584690071,21.919798744036346,5.174402250351617,0.01292881597106205,1.7440872325961216,1.9351835468414185,0.004412067515796525,0.2222222222222222,0.0009945243054663116,0.01292881597106205,1.527481020811632,9.259728082512893,2.198695882001527,2.0807978237288034,15.156438576702707,15.119878279030736,12.94749614721904,16.570768731843803,18.358513198250222,0.0,0.0,2017,12
2018-01-01,631,0.28814291888776833,0.2905441098784997,0.6459203765067473,0.0,0.0,0.0,0.0,0.0,0.0,0.0,0.0,0.0,0.14407145944388416,0.0,0.0,0.0,0.0,0.0,0.14407145944388416,0.0,0.0,0.0,0.0,0.2905441098784997,0.0,0.0,0.0,0.0,0.0,0.0,0.30255006483215674,0.0,0.3433703116745906,0.0,0.0,0.0,0.0,0.0,0.0,0.0,0.0,0.0,0.0,0.0,0.0,0.0,0.0,0.0,0.0,0.0,0.0,0.0,0.0,0.0,0.0,0.0,0.0,0.0,0.0,0.0,0.0,0.0,0.0,0.0,0.15847860538827258,0.0,24.31149109000812,5.147385103011094,0.01456796855059448,1.7225311677330544,1.921676227314803,0.0050881164882753994,0.21077654516640254,0.004482451861721379,0.01456796855059448,2.9613558654763095,9.20364500792393,2.2201544759927323,1.088539381315512,15.293347391745648,15.115786550584842,12.961938379007654,16.690978992197522,18.46883424362275,0.0,0.00030255006483215674,2018,1
2018-02-01,1129,0.27518982346263127,0.4126741283517191,0.3675981532491719,0.0,0.0,0.0,0.0,0.0,0.0,0.0,0.0,0.0,0.0,0.0,0.0,0.0,0.06813381481229135,0.08052178114179885,0.12653422750854107,0.0,0.0,0.0,0.0,0.4126741283517191,0.0,0.0,0.0,0.0,0.0,0.0,0.14762326542663123,0.0,0.2199748878225406,0.0,0.0,0.0,0.0,0.0,0.0,0.0,0.0,0.0,0.0,0.0,0.0,0.0,0.0,0.0,0.0,0.0,0.0,0.0,0.0,0.0,0.0,0.0,0.0,0.0,0.0,0.0,0.0,0.0,0.0,0.0,0.18698946954039955,0.0,21.777156504023456,5.130203720106289,0.01628412427887532,1.718592862308628,1.9260711074218047,0.004781348945009209,0.20726306465899025,0.0018789374167933063,0.01628412427887532,1.1452813672372886,9.201505757307352,2.2265182822975618,-0.8438304481881895,15.543011226664042,15.39296267866907,12.994403492988399,17.311212013433344,18.66961103063849,6.813381481229135e-05,0.00014762326542663124,2018,2
2018-03-01,1019,0.7574096386657722,0.6806572557308573,0.2383288938735455,0.0,0.0,0.0,0.0,0.0,0.0,0.0892140244446427,0.0,0.0,0.10903936321011884,0.0,0.0,0.0,0.2616944717042852,0.08177952240758914,0.2156822568991362,0.0,0.0,0.0,0.0,0.28622832842656193,0.09813542688910697,0.0,0.2962935004151883,0.0,0.0,0.0,0.09813542688910697,0.0,0.14019346698443852,0.0,0.0,0.0,0.0,0.0,0.0,0.0,0.0,0.0,0.0,0.0,0.0,0.0,0.0,0.0,0.0,0.0,0.0,0.0,0.0,0.0,0.0,0.0,0.0,0.0,0.0,0.0,0.0,0.0,0.0,0.0,0.3957919193444218,0.06542361792607132,23.242841551759696,5.1736997055937195,0.016584033815193484,1.7101421562621584,1.8851416589610368,0.003095768847374814,0.22080471050049066,0.001387844516558484,0.016584033815193484,1.4105182867734631,9.017991494929671,2.209286639162787,2.0741675696780546,15.111157949418235,15.245876409675265,12.708749809981608,16.833776607272515,18.159816475059063,0.00010616990628353678,0.00018734945133374968,2018,3
2018-04-01,1074,0.5838176927562402,0.25839694135783525,0.05172770535899027,0.0,0.0,0.0,0.0,0.0,0.0,0.10345541071798053,0.0,0.0,0.1622368940804695,0.0,0.0,0.0,0.0,0.062073246430788334,0.25605214152700184,0.0,0.0,0.0,0.0,0.1381300263981828,0.0,0.0,0.1202669149596524,0.0,0.0,0.0,0.05172770535899027,0.0,0.0,0.0,0.0,0.0,0.0,0.0,0.0,0.0,0.0,0.0,0.0,0.0,0.0,0.0,0.0,0.0,0.0,0.0,0.0,0.0,0.0,0.0,0.0,0.0,0.0,0.0,0.0,0.0,0.0,0.0,0.0,0.0,0.40492728629435826,0.0,21.653166395197285,5.22998137802607,0.028310606695550786,1.732195316190243,1.9172893494747147,0.005517963700876359,0.19832402234636873,0.0032919310111105566,0.028310606695550786,1.3695723891254619,9.250931098696462,2.230594670284676,-0.5122529515633225,15.525337304323475,15.291218886690276,13.123986098125515,17.171892606991356,18.815193654860376,0.0,0.0001847418048535367,2018,4
2018-05-01,1522,0.6726336884024138,0.46792344755551063,0.0730033581544751,0.0,0.0,0.0,0.0,0.0,0.0,0.0657030223390276,0.0,0.0,0.16686481863880023,0.0,0.0,0.0,0.0,0.12045554095488391,0.319610306469702,0.0,0.0,0.0,0.0,0.417382661140874,0.0,0.0,0.05054078641463662,0.0,0.0,0.0,0.0730033581544751,0.0,0.0,0.0,0.0,0.0,0.0,0.0,0.0,0.0,0.0,0.0,0.0,0.0,0.0,0.0,0.0,0.0,0.0,0.0,0.0,0.0,0.0,0.0,0.0,0.0,0.0,0.0,0.0,0.0,0.0,0.0,0.0,0.0,0.5400352312310263,0.0,19.879587235823514,5.052562417871222,0.006968857896056645,1.7020729482976038,1.90700651764513,0.0029820946313842394,0.1938239159001314,0.001393771579211329,0.006968857896056645,1.5943721922696954,8.96353482260184,2.235905558468726,-1.2414574735148967,15.541999807716445,15.474488024926401,12.917001597443466,17.348596427683088,18.693512546032043,0.00012905950816594706,7.30033581544751e-05,2018,5
2018-06-01,1362,0.6979783962162817,0.5366757569400741,0.13349352556401015,0.0,0.0,0.0,0.0,0.0,0.0,0.06118453255017131,0.0,0.0,0.14832613951556683,0.0,0.0,0.0,0.10488777008600797,0.11295606009262399,0.2706238939719116,0.0,0.0,0.0,0.0,0.5366757569400741,0.0,0.0,0.0,0.0,0.0,0.0,0.0,0.0,0.13349352556401015,0.0,0.0,0.0,0.0,0.0,0.0,0.0,0.0,0.0,0.0,0.0,0.0,0.0,0.0,0.0,0.0,0.0,0.0,0.0,0.0,0.0,0.0,0.0,0.0,0.0,0.0,0.0,0.0,0.0,0.0,0.0,0.6815586110740295,0.0,22.099248040582243,5.112334801762114,0.019728383028699566,1.70848428246939,1.9200554846655216,0.0037156167313523152,0.22173274596182085,0.0015575039233183868,0.019728383028699566,1.8958827430308998,9.06387665198238,2.220398170977625,-0.1543741598719657,15.417028160921385,15.295363995634432,12.857477078552934,17.24538472719002,18.562548725090153,9.177679882525697e-05,6.674676278200507e-05,2018,6
2018-07-01,1204,0.46672515159910116,0.564165245490652,0.22777609986912314,0.0,0.0,0.0,0.0,0.0,0.05191029900332226,0.11274635077644654,0.08305647840531562,0.0,0.0,0.0,0.0,0.0,0.08305647840531562,0.05932605600379687,0.12853978800822655,0.0,0.0,0.0,0.0,0.4455131334830583,0.0,0.0,0.11865211200759374,0.0,0.0,0.0,0.15856236786469344,0.0,0.06921373200442968,0.0,0.0,0.0,0.0,0.0,0.0,0.0,0.0,0.0,0.0,0.0,0.0,0.0,0.0,0.0,0.0,0.0,0.0,0.0,0.0,0.0,0.0,0.0,0.0,0.0,0.0,0.05191029900332226,0.0,0.0,0.0,0.0,0.0,0.0,22.159394330579524,5.226744186046512,0.009984065847318363,1.734736762667746,1.949020492737194,0.0023781755012940147,0.22757475083056478,0.0,0.009984065847318363,1.5347447864059158,9.47466777408638,2.226423020419437,-0.5670583071150949,15.56612029327818,15.399411052193612,13.182453825853532,17.226255370831666,18.799981965545335,0.00016771019677996424,0.00015856236786469346,2018,7
2018-08-01,1141,0.44119990439008844,0.12836515904000564,0.17580651892658905,0.0,0.0,0.0,0.0,0.0,0.0,0.0,0.0,0.0,0.054776511831726556,0.0,0.0,0.0,0.0,0.175284837861525,0.2111385546968369,0.0,0.0,0.0,0.0,0.12836515904000564,0.0,0.0,0.0,0.0,0.0,0.0,0.0626017278076875,0.058428279287175,0.054776511831726556,0.0,0.0,0.0,0.0,0.0,0.0,0.0,0.0,0.0,0.0,0.0,0.0,0.0,0.0,0.0,0.0,0.0,0.0,0.0,0.0,0.0,0.0,0.0,0.0,0.0,0.0,0.0,0.0,0.0,0.0,0.0,0.4027377822294562,0.14241893076248904,21.968819132040245,5.236634531113059,0.0168318972491811,1.7436642000648013,1.9415111111518313,0.004833758325290946,0.21647677475898336,0.0005060037416210569,0.0168318972491811,1.621308817382274,9.31098451650599,2.201052742793896,1.1017841897944634,15.300712797645247,15.238780175691685,13.058012208603879,17.039286851246523,18.560371252573177,5.477651183172656e-05,0.00015998219328631247,2018,8
2018-09-01,1457,0.45747453949238437,0.5341578406700132,0.12142970276120586,0.0,0.0403730469538536,0.0,0.0,0.0,0.0,0.11439029970258521,0.0,0.0,0.04289636238846946,0.0,0.0,0.0,0.0,0.0,0.3001878774013297,0.0,0.0,0.0,0.0,0.47696269081872056,0.0,0.0,0.05719514985129261,0.0,0.0,0.0,0.0,0.0,0.12142970276120586,0.0,0.0,0.0,0.0,0.0,0.0,0.0,0.0,0.0,0.0,0.0403730469538536,0.0,0.0,0.0,0.0,0.0,0.0,0.0,0.0,0.0,0.0,0.0,0.0,0.0,0.0,0.0,0.0,0.0,0.0,0.0,0.0,0.22699055512249425,0.0,21.254632997524794,5.230610844200412,0.020099019387413798,1.7309837378329076,1.9296034805405242,0.005458900778218011,0.22100205902539466,0.002426584698649786,0.020099019387413798,2.180982279593447,9.408373369938229,2.222953869001656,-1.5880319317082763,15.69127038775138,15.383585273959776,13.116783817679508,17.462090747797497,18.83214164062245,6.239470892868285e-05,0.0,2018,9
2018-10-01,1667,0.5523018203376868,0.5939721146679755,0.23524706823341213,0.0,0.0,0.0,0.0,0.0,0.0,0.09998000399920015,0.0,0.0,0.049990001999600076,0.0,0.0,0.0,0.0,0.17913084049856695,0.22320097384031964,0.0,0.0,0.0,0.0,0.4440021086691752,0.0,0.0,0.14997000599880023,0.0,0.0,0.0,0.0952750626345319,0.0,0.1399720055988802,0.0,0.0,0.0,0.0,0.0,0.0,0.0,0.0,0.0,0.0,0.0,0.0,0.0,0.0,0.0,0.0,0.0,0.0,0.0,0.0,0.0,0.0,0.0,0.0,0.0,0.0,0.0,0.0,0.0,0.0,0.0,0.1666333399986669,0.04614461723040008,21.18681488367283,5.172765446910618,0.008059405424441753,1.7266546883161769,1.9305940304324793,0.0027027053721891668,0.21535692861427713,0.0012725376985960664,0.008059405424441753,1.6730441692508102,9.242051589682063,2.22251572472007,0.1971599116435113,15.411792359556642,15.324999459198738,12.921060294876407,17.006586400204494,18.339253240543197,0.0001428285771417145,9.527506263453192e-05,2018,10
2018-11-01,1786,0.5501404157619163,0.4021759736139553,0.25803563737494306,0.04665920119447555,0.0,0.0,0.0,0.0,0.026662400682557454,0.0,0.0,0.0,0.055991041433370664,0.0,0.0,0.0,0.0,0.18062378084774502,0.31352559348080067,0.0,0.0,0.0,0.0,0.2995257309861091,0.0,0.0,0.1026502426278462,0.0,0.0,0.0,0.18304763545525024,0.0,0.07498800191969286,0.0,0.0,0.0,0.04665920119447555,0.0,0.0,0.0,0.0,0.0,0.0,0.0,0.0,0.0,0.0,0.0,0.0,0.0,0.0,0.0,0.0,0.0,0.0,0.0,0.0,0.0,0.0,0.026662400682557454,0.0,0.0,0.0,0.0,0.23340056440642698,0.07465472191116089,21.26130001373987,5.231243001119821,0.01749286204790348,1.7238490921711744,1.9609594949684936,0.003607110120860166,0.20884658454647256,0.0015836658033293338,0.01749286204790348,1.2054965247191334,9.373553564762972,2.2134558302412017,-0.47208505892251207,15.524580174404688,15.384163402842391,13.17193565840024,17.41743299597696,18.840230429388466,0.00015819691071650757,0.0003230252390386769,2018,11
2018-12-01,1389,0.4691133200852423,0.6617285743190965,0.2727300612943446,0.0,0.0,0.02999760019198464,0.0,0.0,0.0,0.05538018496981781,0.0,0.0,0.10284891494394735,0.0,0.0,0.0,0.0,0.0,0.3108842201714772,0.0,0.0,0.0,0.0,0.4997415332823794,0.0,0.0,0.16198704103671707,0.0,0.0,0.0,0.037891705505664806,0.0,0.23483835578867976,0.0,0.0,0.0,0.0,0.0,0.0,0.0,0.0,0.0,0.0,0.0,0.0,0.02999760019198464,0.0,0.0,0.0,0.0,0.0,0.0,0.0,0.0,0.0,0.0,0.0,0.0,0.0,0.0,0.0,0.0,0.0,0.0,0.3963918650743705,0.051424457471973675,22.303142184418554,5.308855291576674,0.01293777015729096,1.7374193583347053,1.9509279012706564,0.002439570491382342,0.21166306695464362,0.001527228469085416,0.01293777015729096,1.6718488267946976,9.492200623950083,2.2222505697358823,-0.04939850405736287,15.507254163166534,15.3351445973546,13.035438166085545,17.015459452804993,18.315530605760312,0.0,0.00010334101501544948,2018,12
2019-01-01,1380,0.5048544450718364,0.7908013886274756,0.42860018403496664,0.0,0.0,0.0,0.0,0.0,0.0,0.0,0.0,0.0,0.23182131877784054,0.0,0.0,0.0,0.0,0.0,0.2730331262939959,0.0,0.0,0.0,0.0,0.6343455256498735,0.0,0.0,0.1564558629776021,0.0,0.0,0.0,0.3833103289625029,0.0,0.04528985507246377,0.0,0.0,0.0,0.0,0.0,0.0,0.0,0.0,0.0,0.0,0.0,0.0,0.0,0.0,0.0,0.0,0.0,0.0,0.0,0.0,0.0,0.0,0.0,0.0,0.0,0.0,0.0,0.0,0.0,0.0,0.0,0.41242100705016305,0.0,20.711513531711404,5.184057971014493,0.010247924365022427,1.7272722430755303,1.9511738397954579,0.0030579074310629426,0.21159420289855072,0.0015371886547533645,0.010247924365022427,1.572420132202741,9.379710144927536,2.230391878935499,-1.238603492893943,15.643364843751376,15.373756477509138,13.070331392638487,17.306389910562075,18.68909196219862,0.00023728787315743837,0.00048682999769956287,2019,1
2019-02-01,1495,0.4637224536890089,0.6378886813669422,0.4783622174926523,0.0,0.0,0.0,0.0,0.0,0.0,0.0,0.0,0.0,0.06080875646093037,0.0,0.0,0.0,0.0,0.11148272017837235,0.29143097704970616,0.0,0.0,0.0,0.0,0.6378886813669422,0.0,0.0,0.0,0.0,0.0,0.0,0.15955059433320304,0.0,0.3188116231594493,0.0,0.0,0.0,0.0,0.0,0.0,0.0,0.0,0.0,0.0,0.0,0.0,0.0,0.0,0.0,0.0,0.0,0.0,0.0,0.0,0.0,0.0,0.0,0.0,0.0,0.0,0.0,0.0,0.0,0.0,0.0,0.2150023889154324,0.0,21.046759178053378,5.204682274247491,0.006621735743552955,1.720683534043249,1.935084492832733,0.00391596896794787,0.21337792642140468,0.00141894337361849,0.006621735743552955,1.7390480383739648,9.343478260869565,2.235257063067939,-1.9270059287932426,15.72689944092477,15.327833929707573,13.082584318561445,17.432396276482525,18.87626234987109,0.0001226309921962096,0.00015955059433320304,2019,2
2019-03-01,1447,0.3123843828750532,1.0587510988950073,0.0867243925904847,0.0,0.0,0.0,0.0,0.0,0.0,0.0,0.0,0.0,0.16648865992335238,0.0,0.0,0.0,0.0,0.07678722260615833,0.0691085003455425,0.0,0.0,0.0,0.0,0.624671241871128,0.0691085003455425,0.0,0.3649713566783366,0.0,0.0,0.0,0.0867243925904847,0.0,0.0,0.0,0.0,0.0,0.0,0.0,0.0,0.0,0.0,0.0,0.0,0.0,0.0,0.0,0.0,0.0,0.0,0.0,0.0,0.0,0.0,0.0,0.0,0.0,0.0,0.0,0.0,0.0,0.0,0.0,0.0,0.0,0.5185707328070839,0.04607233356369501,19.89022488997349,5.3386316516931585,0.011239430523352172,1.7445667613737346,1.967482625089688,0.0015791720729835062,0.21769177608845888,0.0014660126769589792,0.011239430523352172,1.6811079246490612,9.599861782999309,2.2159934631136653,-0.5093369210013607,15.58330220748014,15.368366504900827,13.155673045533392,17.456437763045106,18.573952733312385,0.0001371200403681399,0.0002532130525138371,2019,3
2019-04-01,1829,0.3175868539455199,0.8803090412252739,0.4001412899717985,0.0,0.04970425965505244,0.0,0.0,0.0,0.0,0.0,0.0,0.0,0.04205745047735207,0.0,0.0,0.0,0.0,0.0683433570256971,0.2071860464424707,0.0,0.0,0.0,0.0,0.8306047815702213,0.0,0.0,0.04970425965505244,0.0,0.0,0.0,0.19259642004311223,0.0,0.2075448699286862,0.0,0.0,0.0,0.0,0.0,0.0,0.0,0.0,0.0,0.0,0.04970425965505244,0.0,0.0,0.0,0.0,0.0,0.0,0.0,0.0,0.0,0.0,0.0,0.0,0.0,0.0,0.0,0.0,0.0,0.0,0.0,0.0,0.4910821818968347,0.0,24.398844383394128,5.305084745762712,0.020263775746590443,1.7480562443376755,1.966358696631707,0.0068171832625134815,0.2241662110442865,0.0011598252288461688,0.020263775746590443,1.7545408650319723,9.473665026426097,2.1923147529125706,1.166647843400461,15.319459241384406,15.315284608266959,13.069922117500136,17.152308703054974,18.491094610383282,4.205745047735206e-05,0.0003019457912842276,2019,4
2019-05-01,2499,0.6381832276896184,0.6195118740136747,0.2729996427475419,0.0,0.020008003201280513,0.0,0.0,0.0,0.0,0.10670935040682938,0.022231114668089455,0.0,0.2562814970130837,0.0,0.0,0.0,0.0787990266134465,0.0,0.17416223898816938,0.0,0.0,0.0,0.0,0.5528185300094063,0.0,0.0,0.06669334400426837,0.0,0.0,0.0,0.16218608655583444,0.0,0.11081355619170745,0.0,0.0,0.0,0.0,0.0,0.0,0.0,0.0,0.0,0.0,0.020008003201280513,0.0,0.0,0.0,0.0,0.0,0.0,0.0,0.0,0.0,0.0,0.0,0.0,0.0,0.0,0.0,0.0,0.0,0.0,0.0,0.0,0.4514404274308236,0.0,22.5680559782184,5.106042416966787,0.01103527989846953,1.7149367981019994,1.9303904282200541,0.0036766505027473876,0.20928371348539415,0.0014147794741627602,0.01103527989846953,1.447834819418747,9.169267707082833,2.238743938151899,-2.4102192485712446,15.751875425090695,15.534872071250042,13.018410844353259,17.626100537228357,18.83606415064938,0.0001405324034375655,0.0002022020929583955,2019,5
2019-06-01,2480,0.7274418010305107,0.4492740682256811,0.13822423096616646,0.0,0.04032258064516129,0.0,0.0,0.0,0.036656891495601175,0.13901421159485677,0.026881720430107527,0.0,0.058803763440860204,0.0,0.0,0.0,0.036656891495601175,0.08142059553349876,0.38466461853558626,0.0,0.0,0.0,0.0,0.42239234779557366,0.026881720430107527,0.0,0.0,0.0,0.0,0.0,0.10462208042853204,0.0,0.033602150537634407,0.0,0.0,0.0,0.0,0.0,0.0,0.0,0.0,0.0,0.0,0.04032258064516129,0.0,0.0,0.0,0.0,0.0,0.0,0.0,0.0,0.0,0.0,0.0,0.0,0.0,0.0,0.0,0.036656891495601175,0.0,0.0,0.0,0.0,0.46490343656721334,0.0,19.447582658789205,5.186290322580645,0.017573027181279073,1.7268938991419884,1.9307096824117707,0.004250673314310941,0.2161290322580645,0.002798915846721191,0.017573027181279073,1.0511858920178105,9.192809139784947,2.2256013005281967,-1.5925359450889198,15.64067207588406,15.356745980001415,13.12220671921242,17.446265737413043,19.06751849010151,6.720430107526883e-05,0.00010462208042853203,2019,6
2019-07-01,1940,0.5069209814509996,0.7282303135850741,0.5628356465985331,0.0,0.0,0.0,0.0,0.0,0.0,0.0429553264604811,0.0,0.0,0.12845688103420064,0.0,0.0,0.0,0.0,0.07327673337376188,0.26223204058255606,0.0,0.0,0.0,0.0,0.5966570657292306,0.036818851251840944,0.0,0.09475439660400242,0.0,0.0429553264604811,0.0,0.17572633552014993,0.0,0.34415398461790214,0.0,0.0,0.0,0.0,0.0,0.0,0.0,0.0,0.0,0.0,0.0,0.0,0.0,0.0,0.0,0.0,0.0,0.0,0.0,0.0,0.0,0.0,0.0,0.0,0.0,0.0,0.0,0.0,0.0,0.0,0.0,1.066247528497377,0.0,23.399716504261175,5.2871134020618555,0.019682353703130706,1.7491057710358333,1.9781016639130942,0.004787303903759943,0.23505154639175257,0.002186928189236745,0.019682353703130706,1.3582430924679814,9.52680412371134,2.2142951086011187,-0.8421837224724742,15.616166540389221,15.361530389418595,13.176635977976515,17.35097055186289,18.846099678067947,2.86368843069874e-05,0.00017572633552014996,2019,7
2019-08-01,1751,0.3074848877247507,0.7022127881636734,0.18704191781760898,0.0,0.0,0.0,0.0,0.0,0.028555111364934323,0.043930940561437426,0.0,0.0,0.12691160606637478,0.0,0.0,0.0,0.0,0.04079301623562046,0.09584932486131802,0.0,0.0,0.0,0.0,0.6146005146576249,0.0,0.0,0.08761227350604849,0.0,0.0,0.0,0.10152928485309981,0.0,0.0855126329645092,0.0,0.0,0.0,0.0,0.0,0.0,0.0,0.0,0.0,0.0,0.0,0.0,0.0,0.0,0.0,0.0,0.0,0.0,0.0,0.0,0.0,0.0,0.0,0.0,0.0,0.0,0.028555111364934323,0.0,0.0,0.0,0.0,1.209773573796432,0.033594248664628616,24.398407276811128,5.3038263849229015,0.02180683391437668,1.7512696654796802,1.9708249814787677,0.0037762230598599113,0.22501427755568246,0.003230642061389138,0.02180683391437668,1.8660675443265844,9.594231867504284,2.205456013128597,-0.1746211480812363,15.53570750680412,15.290126104524186,13.231881135687459,17.3940327552142,18.861402120237887,0.00010383676859976117,0.00014546022541453722,2019,8
2019-09-01,2447,0.7375910880201849,0.9657718433770742,0.23869900249140133,0.0,0.04086636697997548,0.0,0.0,0.0,0.04540707442219497,0.0,0.022703537211097486,0.0,0.1605362353216869,0.0,0.0,0.0,0.07120654852571486,0.03143566690767345,0.4517091000540122,0.0,0.0,0.0,0.0,0.6811917365656638,0.0,0.0,0.2505248009947642,0.03405530581664623,0.0,0.0,0.14838383248681572,0.0,0.09031517000458561,0.0,0.0,0.0,0.0,0.0,0.0,0.0,0.0,0.0,0.0,0.04086636697997548,0.0,0.0,0.0,0.0,0.0,0.0,0.0,0.0,0.0,0.0,0.0,0.0,0.0,0.0,0.0,0.04540707442219497,0.0,0.0,0.0,0.0,0.6564652871054467,0.04086636697997548,24.631786472401675,5.282386595831631,0.021476307783556282,1.7418622007508913,1.9351553371370573,0.005178149888281004,0.22476501838986515,0.0033615726809336855,0.021476307783556282,1.4565125766842297,9.40069472823866,2.209245135130534,-0.48751065830701823,15.529621743391836,15.30485149948476,13.121796645378762,17.487806297577567,18.680930810587267,0.00012532352540525814,0.00014838383248681574,2019,9
2019-10-01,2708,0.43361057947468584,0.5722131553003045,0.17945528518489726,0.0,0.03692762186115214,0.0,0.0,0.0,0.0,0.15330558166599526,0.02461841457410143,0.0,0.04599044480876091,0.0,0.0,0.0,0.0,0.052753745515931635,0.15694239290989662,0.0,0.04615952732644018,0.0,0.0,0.41452474982755627,0.0,0.0,0.11152887814630798,0.0,0.0,0.0,0.03692762186115214,0.0,0.1425276633237451,0.0,0.0,0.0,0.0,0.0,0.0,0.0,0.0,0.0,0.0,0.03692762186115214,0.0,0.0,0.0,0.0,0.0,0.0,0.0,0.0,0.0,0.0,0.0,0.0,0.0,0.0,0.0,0.0,0.0,0.0,0.0,0.0,0.5231662271233133,0.049626053094038454,23.30254828279829,5.261816838995569,0.020889417464890623,1.7340312499924861,1.9720488991737792,0.005467009842769134,0.2119645494830133,0.0028722949014224606,0.020889417464890623,1.4251004352629626,9.451809453471196,2.2120015827666712,-1.3307060727010969,15.657161394788234,15.468309103090045,13.144631223183897,17.588141358816962,18.905617309586173,9.557737422886438e-05,6.154603643525357e-05,2019,10
2019-11-01,2565,0.42751467266702725,0.9564289371650913,0.3654478508279678,0.0,0.0,0.0,0.0,0.0,0.0,0.09032552892202016,0.0,0.024366471734892786,0.029989503673714203,0.0,0.0,0.0,0.027847396268448902,0.036286001198281896,0.21869977086966927,0.0,0.0,0.0,0.0,0.8476791208129356,0.0,0.0,0.10874981635215553,0.0,0.0,0.0,0.15797068428647376,0.0,0.20747716654149403,0.0,0.0,0.0,0.0,0.0,0.0,0.0,0.0,0.0,0.0,0.0,0.0,0.0,0.0,0.0,0.0,0.0,0.0,0.0,0.0,0.0,0.0,0.0,0.0,0.0,0.0,0.0,0.0,0.0,0.0,0.0,0.8201832248959872,0.0,24.201618438900972,5.288888888888889,0.018179100668311358,1.7431652612633357,1.9779718758999243,0.003965847618750512,0.20545808966861598,0.001654050950143971,0.018179100668311358,1.1462850898061732,9.579922027290449,2.206181759698553,-0.8434796902060507,15.614326993596595,15.375529703684327,13.253630674075955,17.552086556414526,18.931305915268027,5.5961274797839894e-05,0.00021366547682337154,2019,11
2019-12-01,2002,0.5275669992532077,0.5600947110095856,0.4506043048383061,0.0,0.0,0.0,0.0,0.0,0.0,0.0,0.0,0.0,0.16882373341703485,0.0,0.0,0.0,0.08837316529624223,0.04995004995004995,0.22042005058988076,0.0,0.0,0.0,0.0,0.39127097759255075,0.0,0.0,0.11332367791697934,0.0555000555000555,0.0,0.0,0.24223424352706835,0.0,0.20837006131123778,0.0,0.0,0.0,0.0,0.0,0.0,0.0,0.0,0.0,0.0,0.0,0.0,0.0,0.0,0.0,0.0,0.0,0.0,0.0,0.0,0.0,0.0,0.0,0.0,0.0,0.0,0.0,0.0,0.0,0.0,0.0,0.9291796005082719,0.022704568159113613,24.980217890674307,5.291208791208791,0.01977921066256077,1.7475072408518522,1.970296049335026,0.005345818514030416,0.23576423576423577,0.0031788017136258383,0.01977921066256077,1.4934957470363242,9.547702297702298,2.223145415514869,-0.2025963756662016,15.543786165018131,15.368009810356432,13.166777725824014,17.310492428363435,18.59782052078703,0.0,0.0003046718059646308,2019,12
2020-01-01,1735,0.6663989228830728,0.5801843049681666,0.5812881435868382,0.0,0.0,0.0,0.0,0.0,0.0,0.11878371388457844,0.0,0.0,0.1681075888568684,0.0,0.0,0.0,0.0,0.08035912214586567,0.29914849799576027,0.0,0.06404098623118795,0.0,0.0,0.434927704380154,0.0,0.0,0.08121561435682473,0.0,0.0,0.04803073967339097,0.4280472122479242,0.0,0.10521019166552308,0.0,0.0,0.0,0.0,0.0,0.0,0.0,0.0,0.0,0.0,0.0,0.0,0.0,0.0,0.0,0.0,0.0,0.0,0.0,0.0,0.0,0.0,0.0,0.0,0.0,0.0,0.0,0.0,0.0,0.0,0.0,1.2557879200530497,0.07635656050641641,24.078806061817765,5.353314121037464,0.01833994533336867,1.7615867162995185,1.988307817257878,0.005624157163150084,0.2524495677233429,0.003260434725932208,0.01833994533336867,2.2315632929288505,9.818443804034581,2.1993258614445614,0.3065952488348329,15.521285946209694,15.363837806644096,13.25481149420809,17.392500845658255,18.636267753219883,8.867213478164488e-05,0.0005121010066763584,2020,1
2020-02-01,2639,0.41918120095014194,0.7843825577815725,0.498705012725475,0.0,0.03157761778451434,0.0,0.0,0.0,0.0,0.0,0.0,0.0473664266767715,0.10228671486277975,0.0,0.0,0.0,0.0823273606524838,0.034448310310379274,0.1527523884477276,0.0,0.0,0.0,0.0,0.5473863848248085,0.0,0.0,0.2369961729567641,0.0,0.0,0.0,0.38456080991132147,0.0,0.11414420281415355,0.0,0.0,0.0,0.0,0.0,0.0,0.0,0.0,0.0,0.0,0.03157761778451434,0.0,0.0,0.0,0.0,0.0,0.0,0.0,0.0,0.0,0.0,0.0,0.0,0.0,0.0,0.0,0.0,0.0,0.0,0.0,0.0,0.7385238168400239,0.0,22.564402187494224,5.244410761652141,0.01607669832178585,1.7376912459038325,1.9518759072221168,0.005354657870795794,0.21978021978021978,0.0018756148042083488,0.01607669832178585,1.8352197834733555,9.393141341417204,2.2124022749793624,-0.5783419773706149,15.542190363961012,15.380147764034621,13.024272263793025,17.395010393602792,18.713515822075404,0.00018252557093026967,0.0005721127216011642,2020,2
2020-03-01,2239,0.42024126436810666,0.686185387795046,0.6438700038092734,0.0,0.0,0.0,0.0,0.0,0.02481266438390154,0.07250453878412788,0.0,0.0,0.037218996575852314,0.0,0.0,0.0,0.0902278704869147,0.09815999096928084,0.12212986755193095,0.0,0.0,0.0,0.0,0.6455828460759344,0.0,0.0,0.040602541719111616,0.0,0.0,0.0,0.32594818213397936,0.0,0.3179218216752941,0.0,0.0,0.0,0.0,0.0,0.0,0.0,0.0,0.0,0.0,0.0,0.0,0.0,0.0,0.0,0.0,0.0,0.0,0.0,0.0,0.0,0.0,0.0,0.0,0.0,0.0,0.02481266438390154,0.0,0.0,0.0,0.0,0.858029200773294,0.0,26.956372397196116,5.336310853059402,0.013264173653343009,1.7568649729529464,2.008918055595199,0.0043617273330203415,0.22554711924966503,0.0022106956088905013,0.013264173653343009,1.3735598377473275,9.743412237606075,2.205034314219674,-0.7335601220799814,15.642874732669295,15.433341995662719,13.24064643631215,17.4613155589845,18.67101540061052,0.0001258356550897864,0.00037061097802500214,2020,3
2020-04-01,2743,0.6477678962184977,0.6235851553344208,0.255822594982562,0.0,0.0,0.0,0.0,0.0,0.0,0.06481143921902216,0.02430428970713331,0.0,0.11971309364674293,0.0,0.0,0.0,0.08693457472166914,0.0,0.3520044989239302,0.0,0.0,0.0,0.0,0.4191515203502937,0.0,0.0,0.20443363498412714,0.0,0.0,0.0,0.19657298184458227,0.0,0.0592496131379797,0.0,0.0,0.0,0.0,0.0,0.0,0.0,0.0,0.0,0.0,0.0,0.0,0.0,0.0,0.0,0.0,0.0,0.0,0.0,0.0,0.0,0.0,0.0,0.0,0.0,0.0,0.0,0.0,0.0,0.0,0.0,0.8556706487775609,0.0,26.122089861854125,5.343419613561793,0.022942946965221554,1.7683545722850385,2.006619242687018,0.00636348616263017,0.24279985417426175,0.003866788814363184,0.022942946965221554,1.970175327858098,9.733503463361282,2.1936788914466003,0.7788960492864975,15.434854960765488,15.299335249284281,13.281701605887347,17.491117656557943,18.79380877298283,0.00010936930368209991,0.00019657298184458228,2020,4
2020-05-01,2699,0.5666199379012403,0.9276105474015031,0.31115039914595305,0.0,0.05937621721245286,0.0,0.0,0.0,0.041682104483141906,0.10909390309168004,0.02470050636038039,0.0,0.10104752601973796,0.0,0.0,0.0,0.0,0.0,0.33177800242944194,0.0,0.0,0.0,0.030875632950475483,0.5804809204216391,0.019500399758195043,0.0,0.243823937784664,0.052929656486529406,0.0,0.0,0.2309925059091417,0.0,0.08015789323681136,0.0,0.0,0.0,0.0,0.0,0.0,0.0,0.0,0.0,0.0,0.05937621721245286,0.0,0.0,0.0,0.0,0.0,0.0,0.0,0.0,0.0,0.0,0.0,0.0,0.0,0.0,0.0,0.023156724712856614,0.0,0.018525379770285292,0.0,0.0,0.7701674112549729,0.0,24.676858057530147,5.3912560207484255,0.02814128151381031,1.7701914115124975,2.0019116474689347,0.007994596584426089,0.23860689144127453,0.004191814931079941,0.02814128151381031,1.8724583115476658,9.83697665802149,2.1833706831848834,1.8450545729824237,15.310099479897008,15.194325170057903,13.243133266357772,17.234314870875636,18.618532572642252,8.380528943700488e-05,0.00023099250590914171,2020,5
2020-06-01,3758,0.7497325444116357,0.5572136160214926,0.34517523090919455,0.0,0.0,0.0,0.0,0.0,0.017739932588256166,0.10360242899247409,0.029566554313760273,0.017739932588256166,0.21469250330033599,0.0,0.0,0.0,0.052269444233254775,0.06366704078252775,0.26819464020102657,0.0,0.0,0.0,0.0,0.3668327710371351,0.0,0.0,0.1903808449843575,0.0,0.0,0.0,0.15803633419386479,0.0,0.1871388967153297,0.0,0.0,0.0,0.0,0.0,0.0,0.0,0.0,0.0,0.0,0.0,0.0,0.0,0.0,0.0,0.0,0.0,0.0,0.0,0.0,0.0,0.0,0.0,0.0,0.0,0.0,0.017739932588256166,0.0,0.0,0.0,0.0,0.693585395045809,0.03326237360298031,24.624074673928924,5.207823310271421,0.0193805211448149,1.7295392566591934,1.9363595763384418,0.005866653153705075,0.22032996274614156,0.0026342455924991126,0.0193805211448149,1.7131664571615175,9.333821181479511,2.223841147338863,-1.22552801236041,15.626218616647972,15.45305825370421,13.069613091039983,17.520189938713244,18.77214744008898,0.00012745296805967375,0.0002463633094757285,2020,6
2020-07-01,2853,0.5128105401811098,0.5522668903320849,0.27665503480435133,0.0,0.03186438517668801,0.0,0.0,0.0,0.0,0.02336721579623788,0.0,0.0,0.11787925825780715,0.0,0.0,0.0,0.05032938786882005,0.06425984343965416,0.2569748348185906,0.0,0.0,0.0,0.0,0.4374223354244385,0.0,0.0,0.11484455490764638,0.0,0.0,0.0,0.17079446627291,0.0,0.1058605685314413,0.0,0.0,0.0,0.0,0.0,0.0,0.0,0.0,0.0,0.0,0.03186438517668801,0.0,0.0,0.0,0.0,0.0,0.0,0.0,0.0,0.0,0.0,0.0,0.0,0.0,0.0,0.0,0.0,0.0,0.0,0.0,0.0,0.8361455375434469,0.056957588503329826,25.612287668370918,5.3116018226428325,0.013990822639902714,1.7427094245290855,1.973462161094967,0.0030014734086276497,0.22888187872415003,0.0026808335369979328,0.013990822639902714,1.3731463998902869,9.561455777544106,2.2141742939771705,-0.45750089726823256,15.575708083427983,15.44201834059283,13.11713972803742,17.47922651996062,18.573508714071984,1.752541184717841e-05,0.00023505430971256416,2020,7
2020-08-01,2254,0.4737135338288843,0.7097358916347382,0.37733692764927224,0.027728482697426796,0.0,0.0,0.0,0.0,0.044365572315882874,0.0,0.03168969451134491,0.0,0.1397596783577263,0.0,0.0,0.0,0.0,0.06825472663981982,0.23400943431999335,0.0,0.044365572315882874,0.0,0.0,0.5246872815639453,0.036971310263235725,0.0,0.10371172749167426,0.0,0.0,0.0,0.3370045891802878,0.0,0.04033233846898443,0.0,0.0,0.0,0.027728482697426796,0.0,0.0,0.0,0.0,0.0,0.0,0.0,0.0,0.0,0.0,0.0,0.0,0.0,0.0,0.0,0.0,0.0,0.0,0.0,0.0,0.0,0.0,0.044365572315882874,0.0,0.0,0.0,0.0,0.4102922527853937,0.04683032633343192,27.526537710986204,5.393522626441881,0.02398312006005918,1.7622077402538485,2.0101749881522104,0.006757771655014484,0.23425022182786157,0.002195983792504806,0.02398312006005918,2.0777292926770565,9.879251700680271,2.1983434061646294,1.261422173333871,15.413487700377885,15.377246163517603,13.264152160353646,17.27898827512248,18.62591046330538,0.0,0.00033700458918028785,2020,8
2020-09-01,2578,0.30263299755153905,0.6322885233235254,0.36773738286538904,0.0,0.0,0.0,0.0,0.0,0.0,0.06297038880436863,0.0,0.0,0.07111455908973363,0.0,0.0,0.0,0.0,0.06594129945565166,0.10260675020178511,0.0,0.0,0.0,0.0,0.36624831837719163,0.0,0.0,0.2383332338724115,0.0277069710739222,0.0,0.0,0.25477819310247546,0.0,0.1129591897629136,0.0,0.0,0.0,0.0,0.0,0.0,0.0,0.0,0.0,0.0,0.0,0.0,0.0,0.0,0.0,0.0,0.0,0.0,0.0,0.0,0.0,0.0,0.0,0.0,0.0,0.0,0.0,0.0,0.0,0.0,0.0,0.8196794324861777,0.04848719937936385,26.46083365876278,5.4142746314972845,0.023906750051399722,1.7708259207777064,2.005759120020372,0.007037975387115177,0.24010861132660977,0.002742850198551387,0.023906750051399722,1.6186293632300208,9.928044996121024,2.187879693292403,1.4951749853091294,15.390656007171536,15.303292199459046,13.247016403085714,17.251884207948358,18.531268030738783,0.00011164773406365155,0.0002547781931024755,2020,9
2020-10-01,4145,0.6616819362508711,0.8417260577907707,0.32178370871152284,0.0,0.024125452352231604,0.0,0.0,0.0,0.0,0.03711608054189478,0.03350757271143277,0.0,0.06910660710419457,0.0,0.0,0.0,0.0,0.12156296127061757,0.4003887146227315,0.0,0.0,0.0,0.0,0.6892970633834893,0.0,0.0,0.11039222136930218,0.042036773037979314,0.0,0.0,0.15492202194633786,0.01148831064391981,0.15537337612126514,0.0,0.0,0.0,0.0,0.0,0.0,0.0,0.0,0.0,0.0,0.024125452352231604,0.0,0.0,0.0,0.0,0.0,0.0,0.0,0.0,0.0,0.0,0.0,0.0,0.0,0.0,0.0,0.0,0.0,0.0,0.0,0.0,0.7335630880634559,0.025567734829810666,24.992671341942557,5.319903498190591,0.02148511461650458,1.75626427576284,1.9960196693982721,0.005659733963833114,0.21857659831121834,0.0037530396106403006,0.02148511461650458,1.2045455344330047,9.648049859268195,2.2131313232563787,-1.4728751280941694,15.722579729173876,15.428612822959186,13.316950824259386,17.83687091714736,19.030600314226465,0.00014252263028251107,0.00019293788625894523,2020,10
2020-11-01,2948,0.36257681315883133,0.658046204378713,0.43091943108903763,0.0,0.0,0.022614201718679332,0.0,0.0,0.0,0.0,0.0,0.0,0.1216981797036071,0.0,0.0,0.0,0.047294123786661105,0.07538067239559776,0.11820383727296532,0.0,0.0,0.0,0.0,0.5130363069943245,0.0,0.0,0.08994284774474733,0.05506704963964122,0.0,0.0,0.18743364655847697,0.0,0.24348578453056066,0.0,0.0,0.0,0.0,0.0,0.0,0.0,0.0,0.0,0.0,0.0,0.0,0.0,0.0,0.0,0.022614201718679332,0.0,0.0,0.0,0.0,0.0,0.0,0.0,0.0,0.0,0.0,0.0,0.0,0.0,0.0,0.0,0.8680389156631642,0.016960651289009497,24.998634735565652,5.417571234735414,0.015698703535387167,1.7669948936747992,2.0115773978790665,0.0029622746602849265,0.24694708276797828,0.0016790188155718564,0.015698703535387167,1.7404414116016882,9.966304839439168,2.195626155315841,-0.304661921560141,15.631716816739003,15.407038572048485,13.386024633462133,17.634807205080747,18.88457201870607,0.0,0.0002157013987068261,2020,11
2020-12-01,2973,0.4534450674713036,1.1896039267381346,0.2414000049062359,0.0,0.0,0.0,0.0,0.0,0.02242403856934634,0.03363605785401951,0.04271245441780255,0.028030048211682923,0.08081997234368576,0.0,0.0,0.0,0.0,0.08753999672264053,0.18070653792147234,0.0,0.0,0.0,0.0,0.9776433716897894,0.016017170406675954,0.0,0.1959433846416692,0.0,0.0,0.0,0.1297499516767042,0.0,0.1116500532295317,0.0,0.0,0.0,0.0,0.0,0.0,0.0,0.0,0.0,0.0,0.0,0.0,0.0,0.0,0.0,0.0,0.0,0.0,0.0,0.0,0.0,0.0,0.0,0.0,0.0,0.0,0.02242403856934634,0.0,0.0,0.0,0.0,0.7882415395622495,0.0,25.653264640850313,5.329969727547931,0.022588705612247854,1.7569518445819177,1.9914788802717416,0.005763820670410226,0.23208879919273462,0.0037618405607089942,0.022588705612247854,2.0007325148772495,9.661116717120754,2.2163475000738297,-1.1236101410574881,15.682063988832889,15.478749722640128,13.286471254012735,17.567109829902925,18.885806908471054,9.194471858447641e-05,0.00014656798060371396,2020,12
2021-01-01,2320,0.2675042869008386,1.00375412259887,0.36579936713050304,0.0,0.0,0.0,0.0,0.0,0.02693965517241379,0.033156498673740056,0.02873563218390805,0.0,0.07662835249042145,0.0,0.0,0.0,0.0,0.0,0.12898380355276906,0.0,0.0,0.0,0.0,0.9705976239251302,0.0,0.0,0.033156498673740056,0.0,0.0,0.0,0.17069095542726376,0.0,0.19510841170323928,0.0,0.0,0.0,0.0,0.0,0.0,0.0,0.0,0.0,0.0,0.0,0.0,0.0,0.0,0.0,0.0,0.0,0.0,0.0,0.0,0.0,0.0,0.0,0.0,0.0,0.0,0.02693965517241379,0.0,0.0,0.0,0.0,1.2207194898591558,0.11135057471264367,25.824641330372888,5.379741379310345,0.016458519906928263,1.7707518906430535,2.0124841000932814,0.003911092446511135,0.25560344827586207,0.0015239370284192836,0.016458519906928263,1.6518075777643941,9.93405172413793,2.201554568996945,0.24984911497295378,15.559378289458003,15.345594964649683,13.357079328681943,17.321408096318322,18.779097700497413,7.389162561576354e-05,0.00017069095542726376,2021,1
2021-02-01,2990,0.6484022731809472,0.8328366171175535,0.3430460286647578,0.0,0.0,0.0,0.0,0.0,0.0,0.022296544035674472,0.0,0.0,0.0487736900780379,0.0,0.0,0.0,0.11093143200166612,0.13537187450230928,0.3310287325632594,0.0,0.055741360089186176,0.0,0.013377926421404682,0.7093695045200062,0.0,0.0,0.05434782608695652,0.0,0.0,0.0,0.24485547896919135,0.0,0.09819054969556641,0.0,0.0,0.0,0.0,0.0,0.0,0.0,0.0,0.0,0.0,0.0,0.0,0.0,0.0,0.0,0.0,0.0,0.0,0.0,0.0,0.0,0.0,0.0,0.0,0.0,0.0,0.0,0.0,0.0,0.0,0.0,0.6884025238471859,0.025726781579624394,25.66176934363178,5.322073578595318,0.014425924298454648,1.7558715643589253,1.9932076907314606,0.0035013577515001656,0.2354515050167224,0.00141894337361849,0.014425924298454648,1.6733088685649855,9.775250836120401,2.21846193192254,-2.0906694971439146,15.832439584660582,15.465941060256302,13.328399158805167,17.834161090169566,18.923648788570574,7.405637840420449e-05,0.00027272615901378444,2021,2
2021-03-01,2979,0.6465920851916942,0.775190953147173,0.4528089120234135,0.0,0.0,0.0,0.0,0.0,0.0,0.0755287009063444,0.06684971438244348,0.0,0.0951102159561374,0.0,0.0,0.0,0.04372343096352338,0.023977365367093464,0.34140265761615207,0.0,0.0,0.0,0.0,0.6367216681522082,0.0,0.0,0.11748909029875797,0.02098019469620678,0.0,0.0,0.3022601209912388,0.0,0.1505487910321747,0.0,0.0,0.0,0.0,0.0,0.0,0.0,0.0,0.0,0.0,0.0,0.0,0.0,0.0,0.0,0.0,0.0,0.0,0.0,0.0,0.0,0.0,0.0,0.0,0.0,0.0,0.0,0.0,0.0,0.0,0.0,0.9908434929635969,0.0780243841970043,27.012539541992133,5.409869083585096,0.016615466493138074,1.7713974061331719,1.9972050574650604,0.005522302300370257,0.23229271567640147,0.0018989104563586373,0.016615466493138074,1.6813451856742505,9.836522322927157,2.2003251939577577,-0.9796576266724363,15.690194993101102,15.397821382557115,13.318689158542957,17.707866160051736,18.911306897186954,5.379537101591482e-05,0.00037004228847129146,2021,3
2021-04-01,3129,0.6068564463911299,1.2116302850046012,0.29886611382296907,0.0,0.0,0.0,0.0,0.0,0.0,0.05681616419871453,0.024583917201366868,0.039948865452221156,0.2296281209365341,0.0,0.0,0.0,0.0,0.022827923115554948,0.23305145548673833,0.0,0.03551010262419658,0.0,0.0,0.9659649386681138,0.0,0.0,0.17819615135051375,0.03195909236177692,0.0,0.0,0.10334025195003144,0.026632576968147435,0.1688932849047902,0.0,0.0,0.0,0.0,0.0,0.0,0.0,0.0,0.0,0.0,0.0,0.0,0.0,0.0,0.0,0.0,0.0,0.0,0.0,0.0,0.0,0.0,0.0,0.0,0.0,0.0,0.0,0.0,0.0,0.0,0.0,0.8100864688642858,0.03195909236177692,28.104361707252068,5.4148290188558645,0.013969595372824871,1.7765156016767156,2.032537492744508,0.003163728314426758,0.22946628315755832,0.0013559094557747797,0.013969595372824871,1.7116001835746322,9.965271119633535,2.1861107941711198,0.5210728729794605,15.515350914117983,15.35446039773712,13.301675438308783,17.619282442914837,18.69087231305433,4.5655846231109894e-05,0.00010334025195003143,2021,4
2021-05-01,2984,0.628104903603642,1.2369798497775157,0.2961826522753116,0.041890080428954424,0.0,0.0,0.0,0.0,0.0,0.09672302587457925,0.09580687781089926,0.0,0.1014670837056896,0.0,0.0,0.0,0.0,0.0,0.3341079162124739,0.0,0.0,0.0,0.0,1.1531996889196068,0.0,0.0,0.08378016085790883,0.0,0.0,0.0,0.23182117242596662,0.0,0.06436147984934495,0.0,0.0,0.0,0.041890080428954424,0.0,0.0,0.0,0.0,0.0,0.0,0.0,0.0,0.0,0.0,0.0,0.0,0.0,0.0,0.0,0.0,0.0,0.0,0.0,0.0,0.0,0.0,0.0,0.0,0.0,0.0,0.0,0.787877968436812,0.019712979025390317,28.041113430823014,5.383378016085791,0.025418400241340296,1.7730016164117728,2.0026613757688243,0.0058784698640694825,0.23994638069705093,0.0028435929538333012,0.025418400241340296,1.8411580749441498,9.891532618409293,2.184439035006494,1.4123998780095015,15.385633512363153,15.316240644272916,13.315664319162984,17.40120346205715,18.620507225699747,0.00016340897708189934,0.00023182117242596663,2021,5
2021-06-01,4089,0.4178048405008602,0.9937965264666745,0.5362489713958996,0.0,0.014385798339878872,0.0,0.0,0.0,0.0,0.02717317464199342,0.022232597434358254,0.0,0.10619014884214804,0.0,0.0,0.0,0.0997820146756317,0.03105505673370677,0.13137184817302205,0.0,0.030569821472242603,0.0,0.0,0.7034616066379908,0.0,0.0,0.23259192371444756,0.02717317464199342,0.0,0.0,0.295420049638685,0.0,0.24082892175721463,0.0,0.0,0.0,0.0,0.0,0.0,0.0,0.0,0.0,0.0,0.014385798339878872,0.0,0.0,0.0,0.0,0.0,0.0,0.0,0.0,0.0,0.0,0.0,0.0,0.0,0.0,0.0,0.0,0.0,0.0,0.0,0.0,0.7829326343257133,0.024455857177794083,28.196559357831617,5.307899241868427,0.022653702209693743,1.757533635472598,1.9879048195727946,0.003964797625505956,0.235509904622157,0.002939793416525143,0.022653702209693743,1.6751550676102465,9.600635852286622,2.2072389213563297,-1.3164634810222002,15.680711294709322,15.481190776532866,13.224078224684568,17.790287862237925,18.87950274838757,3.0569821472242604e-05,0.00031579993062018006,2021,6
2021-07-01,2814,0.6232499900190857,0.9394711837825769,0.39430542006670655,0.0,0.0,0.0,0.0,0.0,0.0,0.02221037668798863,0.05964185068662681,0.0,0.22343214617139115,0.0,0.0,0.0,0.0,0.056949683815355465,0.2610159326577237,0.0,0.025383287643415575,0.0,0.0,0.6832890063794366,0.0,0.0,0.2307988897597247,0.0,0.01974255705598989,0.0,0.27696673819773493,0.0,0.0975961248129817,0.0,0.0,0.0,0.0,0.0,0.0,0.0,0.0,0.0,0.0,0.0,0.0,0.0,0.0,0.0,0.0,0.0,0.0,0.0,0.0,0.0,0.0,0.0,0.0,0.0,0.0,0.0,0.0,0.0,0.0,0.0,0.8252243432506995,0.0,26.461856675732623,5.375977256574272,0.022112792020048393,1.7658952826742407,2.004130527463556,0.006534094475866926,0.2302771855010661,0.0027640990025060495,0.022112792020048393,1.6414922613419294,9.86318407960199,2.1985581397808764,-0.18460793109356607,15.592479639011751,15.392388663228164,13.287541759993564,17.57327508668102,18.709268680578145,6.909894969596462e-05,0.0004057292336979703,2021,7
2021-08-01,2436,0.4970478800528061,0.9235002443492737,0.29054614772522624,0.03731900283624422,0.0,0.0,0.0,0.0,0.0,0.08063570255688483,0.029322073657049027,0.0,0.11025851543092922,0.0,0.0,0.0,0.03157761778451434,0.08992843044567182,0.1553255401777569,0.0,0.0,0.0,0.0,0.8252815500714661,0.0,0.0,0.09821869427780759,0.0,0.0,0.0,0.12721268878904346,0.0,0.16333345893618278,0.0,0.0,0.0,0.03731900283624422,0.0,0.0,0.0,0.0,0.0,0.0,0.0,0.0,0.0,0.0,0.0,0.0,0.0,0.0,0.0,0.0,0.0,0.0,0.0,0.0,0.0,0.0,0.0,0.0,0.0,0.0,0.0,0.7080143299717336,0.06297581728616211,27.361639783447252,5.41871921182266,0.02522449001331472,1.7894748198467407,2.0273489697627745,0.0074315330952367895,0.25985221674876846,0.003430018416355357,0.02522449001331472,2.218135498367963,9.983990147783251,2.1781457542054907,0.9862598014734819,15.459493794125382,15.316909878407886,13.37164568750505,17.479236944108195,18.742501807241243,6.57867037177382e-05,0.00019807436679357862,2021,8
2021-09-01,3416,0.7518965876694215,1.190143770259833,0.648270880652552,0.0,0.018296252927400468,0.0,0.0,0.0,0.01722000275520044,0.06433847183261704,0.0,0.02927400468384075,0.131511248314527,0.0,0.0,0.0,0.0,0.07806401249024199,0.44870885034819463,0.0,0.06586651053864169,0.0,0.0,0.8957550500807148,0.0,0.0,0.22852220964047662,0.0,0.0,0.0,0.4312351062936543,0.0,0.21703577435889773,0.0,0.0,0.0,0.0,0.0,0.0,0.0,0.0,0.0,0.0,0.018296252927400468,0.0,0.0,0.0,0.0,0.0,0.0,0.0,0.0,0.0,0.0,0.0,0.0,0.0,0.0,0.0,0.01722000275520044,0.0,0.0,0.0,0.0,0.765042602715981,0.0,28.435877315473302,5.462236533957846,0.026442327921017708,1.7842042892945462,2.0417900389406567,0.008732341275683396,0.23272833723653397,0.0031049770836645823,0.026442327921017708,1.498944131891518,9.992827868852459,2.1927172350944497,-1.1451740954524012,15.743993952041752,15.389600062892075,13.468813133090302,17.934850120089042,19.087797851028885,0.00019312711423367162,0.0004521451096392548,2021,9
2021-10-01,4028,0.6392413927151415,0.7863536661947784,0.44319230563123924,0.0,0.03546602354943964,0.0,0.0,0.0,0.02068851373717312,0.013066429728740918,0.019097089603544424,0.0,0.12418639930468892,0.0,0.0,0.0,0.015516385302879842,0.12235778124556676,0.34501730752972065,0.0,0.0,0.0,0.0,0.6070532138059447,0.02068851373717312,0.0,0.1586119386516606,0.0,0.02068851373717312,0.0,0.20226287495111608,0.0,0.22024091694295006,0.0,0.0,0.0,0.0,0.0,0.0,0.0,0.0,0.0,0.0,0.03546602354943964,0.0,0.0,0.0,0.0,0.0,0.0,0.0,0.0,0.0,0.0,0.0,0.0,0.0,0.0,0.0,0.02068851373717312,0.0,0.0,0.0,0.0,0.5553364647137734,0.0,28.45432970262121,5.361717974180735,0.01983690821104267,1.7665250656651428,2.007539101403352,0.0059418004121986456,0.22542204568023833,0.0015799307424724251,0.01983690821104267,1.62978800139611,9.764771598808341,2.196487004382036,-1.1696349241100144,15.695723911041505,15.458689214261176,13.28393498638063,17.848672866142476,18.862513907531397,3.808567301615961e-05,0.00023329564555687576,2021,10
2021-11-01,2961,0.4229528277445317,1.0819594452879793,0.40510946499321693,0.0,0.025978749383004707,0.0,0.0,0.0,0.0,0.05412239454792647,0.0,0.0,0.02110773387369132,0.0,0.0,0.0,0.022514916131937412,0.0,0.32520778319097643,0.0,0.0,0.0,0.0,0.786313404961088,0.030702158361732828,0.0,0.26494388196515856,0.0,0.0,0.0,0.21284393118233036,0.0,0.19226553381088654,0.0,0.0,0.0,0.0,0.0,0.0,0.0,0.0,0.0,0.0,0.025978749383004707,0.0,0.0,0.0,0.0,0.0,0.0,0.0,0.0,0.0,0.0,0.0,0.0,0.0,0.0,0.0,0.0,0.0,0.0,0.0,0.0,0.9507621980057762,0.01608208295138386,27.223397915537813,5.437689969604863,0.024583702842999284,1.7695185127581872,2.006622034011478,0.007724734799508648,0.248564674096589,0.0042985214661796205,0.024583702842999284,1.8629572234720901,9.927051671732523,2.181860807894735,0.5649454709103595,15.493273112860757,15.391461968917934,13.278838154183797,17.550578680965526,18.574790104245444,0.0001298543851735341,0.00021284393118233038,2021,11
2021-12-01,3007,0.7843627938406789,0.9482858740936642,0.4179342874348645,0.0,0.0,0.0,0.0,0.0,0.0,0.15954835542464407,0.03959016263638811,0.0,0.24401936606791944,0.0,0.0,0.0,0.022170491076377342,0.048707897061738094,0.2703265215736117,0.0,0.05542622769094335,0.0,0.0,0.7182753348047743,0.0,0.0,0.1508302140161136,0.02375409758183287,0.0,0.0,0.39235295157750605,0.0,0.025581335857358476,0.0,0.0,0.0,0.0,0.0,0.0,0.0,0.0,0.0,0.0,0.0,0.0,0.0,0.0,0.0,0.0,0.0,0.0,0.0,0.0,0.0,0.0,0.0,0.0,0.0,0.0,0.0,0.0,0.0,0.0,0.0,0.9841889690869523,0.0,26.77864180732572,5.433322248087795,0.025415981572779873,1.770706554715653,2.011625785923472,0.005589828145756169,0.23445294313269038,0.004189612753362466,0.025415981572779873,1.3349506986902084,9.946458264050548,2.188703933816806,-0.6295917965269516,15.662855351747348,15.426432321887114,13.359750842050149,17.80006888421177,18.741262065376965,9.023063831452101e-05,0.0004607119657296695,2021,12
2022-01-01,2554,0.5223480947834902,0.7501740777686238,0.34428195473153783,0.0,0.0,0.0,0.0,0.0,0.06927293536533945,0.0,0.032628556512659876,0.0,0.09135995823544765,0.0,0.0,0.0,0.0,0.030118667550147585,0.3682409124852351,0.0,0.0,0.0,0.0,0.6895781871022555,0.0,0.0,0.06059589066636835,0.0,0.0,0.0,0.19565252360406446,0.0,0.1486294311274734,0.0,0.0,0.0,0.0,0.0,0.0,0.0,0.0,0.0,0.0,0.0,0.0,0.0,0.0,0.0,0.0,0.0,0.0,0.0,0.0,0.0,0.0,0.0,0.0,0.0,0.0,0.06927293536533945,0.0,0.0,0.0,0.0,1.0358832644520608,0.04350474201687984,27.311350631683798,5.408379013312451,0.014922605283194435,1.7651445510642025,2.02018587782616,0.0044700729582799826,0.23923257635082223,0.0016611748970709812,0.014922605283194435,1.7459510957538695,10.043330723048813,2.199189113755069,-0.6888602309826284,15.70603821083125,15.37561784628898,13.388445564832125,17.723317918524856,18.698732102804556,0.00011277767738221927,0.0002500334511251642,2022,1
2022-02-01,3219,0.5678756626231805,1.0263262985586035,0.35830923254858343,0.0,0.0,0.0,0.0,0.0,0.0,0.08103253539359016,0.0,0.0,0.056706953258677396,0.0,0.0,0.0,0.05188277847613814,0.07567248946559292,0.30258090602918186,0.0,0.034517275896586236,0.0,0.0,0.8882089190619136,0.0,0.0,0.08947939982422741,0.01412070377587619,0.0,0.0,0.1934200210062279,0.0,0.16488921154235556,0.0,0.0,0.0,0.0,0.0,0.0,0.0,0.0,0.0,0.0,0.0,0.0,0.0,0.0,0.0,0.0,0.0,0.0,0.0,0.0,0.0,0.0,0.0,0.0,0.0,0.0,0.0,0.0,0.0,0.0,0.0,0.6174574819818761,0.10159061883199814,26.925184474293047,5.408822615719167,0.02034837453443774,1.765149425497863,2.0041818623752423,0.005857289389080794,0.2360981671326499,0.002416332585601747,0.02034837453443774,1.900616341809058,9.867401884643265,2.2052479884852785,-1.1538198001003492,15.727229193797513,15.384880713801143,13.348523752150065,17.758705852915057,18.797136622032998,9.880570225397811e-05,0.00022166142855798029,2022,2
2022-03-01,3609,0.5479197590830274,0.9865453677878241,0.3997015115053353,0.02309042209291586,0.0,0.0,0.0,0.0,0.0,0.0,0.0,0.0,0.26075991371086965,0.0,0.0,0.0,0.0,0.04902274228957521,0.2381371030825825,0.0,0.02309042209291586,0.0,0.0,0.8957580263770413,0.0,0.0,0.06769691931786695,0.0,0.0,0.0,0.2829818498978931,0.0,0.11671966160744217,0.0,0.0,0.0,0.02309042209291586,0.0,0.0,0.0,0.0,0.0,0.0,0.0,0.0,0.0,0.0,0.0,0.0,0.0,0.0,0.0,0.0,0.0,0.0,0.0,0.0,0.0,0.0,0.0,0.0,0.0,0.0,0.0,0.6396929466255635,0.01979179036535645,28.987181121715103,5.469659185369909,0.017329796062513704,1.7856670034958657,2.029642673343243,0.004978713055089106,0.23857024106400665,0.0025470734706082346,0.017329796062513704,1.5166841765654109,10.105153782211138,2.1836907033610786,-0.3407519771657028,15.656766046696942,15.357452721104663,13.479002142263948,17.757180425913926,18.95294750822032,0.00011575998275915151,0.00035183329032040586,2022,3
2022-04-01,3084,0.3319138168359958,1.3894551935745272,0.36804284129186854,0.0,0.03602824614497766,0.0,0.0,0.0,0.0,0.059189261523891874,0.0,0.0,0.056498840545533155,0.0,0.0,0.0,0.04974354439334984,0.04246186152800938,0.12402030884521156,0.0,0.0216169476869866,0.0,0.0,1.0821411824667417,0.020265888456549936,0.0,0.23300575343376898,0.0324254215304799,0.0,0.0,0.3014549220774902,0.0,0.06658791921437836,0.0,0.0,0.0,0.0,0.0,0.0,0.0,0.0,0.0,0.0,0.03602824614497766,0.0,0.0,0.0,0.0,0.0,0.0,0.0,0.0,0.0,0.0,0.0,0.0,0.0,0.0,0.0,0.0,0.0,0.0,0.0,0.0,0.6682855389653284,0.0,29.516220730238945,5.5152399481193255,0.025578516162960675,1.7980202480234748,2.0575741810687203,0.005441108996021866,0.248378728923476,0.003209952962584846,0.025578516162960675,1.5918173643505227,10.225951145698227,2.189528300706071,-1.454558916363728,15.834423190093627,15.41969349101407,13.590279338859581,18.089961183373898,19.071290370088505,2.4942631946523e-05,0.0003819839909334073,2022,4
2022-05-01,3906,0.691683268975646,1.2367728754283376,0.3586133386440606,0.0,0.0,0.0,0.0,0.0,0.0,0.033068783068783074,0.0,0.0,0.21679145496754032,0.0,0.0,0.0,0.03927524088814412,0.10942576226754414,0.29312202778363433,0.0,0.025601638504864313,0.0,0.0,0.8512059192008591,0.0,0.0,0.35996531772261414,0.0,0.0,0.0,0.1632392185387577,0.0,0.1953741201053029,0.0,0.0,0.0,0.0,0.0,0.0,0.0,0.0,0.0,0.0,0.0,0.0,0.0,0.0,0.0,0.0,0.0,0.0,0.0,0.0,0.0,0.0,0.0,0.0,0.0,0.0,0.0,0.0,0.0,0.0,0.0,1.1063865424030543,0.017067759003242877,29.78311052897424,5.412442396313364,0.027697731060302554,1.7721986945618013,2.0089075514048296,0.006778949461377625,0.24244751664106504,0.004344742127106283,0.027697731060302554,2.125280138892205,9.83858166922683,2.1941153223878467,-0.9985203540070531,15.686423946688683,15.45067443710383,13.34025431110127,17.898565113150248,18.917129954699448,0.0001368404594211046,0.0001632392185387577,2022,5
2022-06-01,3760,0.6410726032086614,0.8340521771372835,0.5096466730869932,0.0,0.0,0.0,0.0,0.029550827423167846,0.048758865248226944,0.16886187098953057,0.01773049645390071,0.0,0.09855688047177409,0.0,0.029550827423167846,0.0,0.052783221351250464,0.058324001493094434,0.2152653050259433,0.0,0.037993920972644375,0.0,0.029550827423167846,0.7192261048644026,0.0,0.0,0.04728132387706856,0.0,0.016622340425531915,0.029550827423167846,0.3195533392201925,0.0,0.14392016601810093,0.0,0.0,0.0,0.0,0.0,0.0,0.0,0.0,0.0,0.0,0.0,0.0,0.0,0.0,0.0,0.0,0.0,0.0,0.0,0.0,0.0,0.0,0.0,0.0,0.029550827423167846,0.0,0.048758865248226944,0.0,0.0,0.0,0.0,0.7934820595670435,0.029550827423167846,28.17916911175325,5.445478723404255,0.023883659896460515,1.7716105221375003,2.0132121520291055,0.005731699388546553,0.2393617021276596,0.0033850856546164512,0.023883659896460515,1.6082034972470411,9.861436170212766,2.2105162731932912,-2.1143863004139054,15.848267440888177,15.455221065160933,13.353968693719171,17.962678588672507,18.97085597267302,1.773049645390071e-05,0.0004688905563765586,2022,6
2022-07-01,2919,0.4029523633840181,0.8140698625904446,0.43551823976223947,0.0,0.031143916036002365,0.0,0.0,0.0,0.0,0.0,0.0,0.0,0.05176810932206615,0.0,0.0,0.0,0.0,0.07578970836935893,0.275394545692593,0.0,0.038064786266225115,0.0,0.0,0.726045044349799,0.021411442274751627,0.0,0.028548589699668836,0.0,0.02447021974257329,0.0,0.26830507152132205,0.0,0.14274294849834418,0.0,0.0,0.0,0.0,0.0,0.0,0.0,0.0,0.0,0.0,0.031143916036002365,0.0,0.0,0.0,0.0,0.0,0.0,0.0,0.0,0.0,0.0,0.0,0.0,0.0,0.0,0.0,0.0,0.0,0.0,0.0,0.0,1.260877761102499,0.0,26.980741849759042,5.438848920863309,0.017441482783635293,1.7710797904146827,2.0265551871693153,0.0034901082017217973,0.23535457348406988,0.0029069137972725493,0.017441482783635293,1.801118814147047,10.058410414525522,2.1933791673544727,-0.8449720087471023,15.719247697540805,15.456635753699361,13.402119876777087,17.787951557662772,18.746503379124494,0.0,0.0004047736047010577,2022,7
2022-08-01,2622,0.5713926676229458,1.490702118310141,0.4694407709618371,0.0,0.027242018088700012,0.0,0.0,0.0,0.0,0.03178235443681668,0.0,0.0,0.09334677526897207,0.0,0.0,0.0,0.05185542039691143,0.1435021457904753,0.25090597172977036,0.0,0.0,0.0,0.0,1.3412202754644535,0.0,0.0,0.14948184284568727,0.0,0.0,0.0,0.2941562707345451,0.0,0.17528450022729197,0.0,0.0,0.0,0.0,0.0,0.0,0.0,0.0,0.0,0.0,0.027242018088700012,0.0,0.0,0.0,0.0,0.0,0.0,0.0,0.0,0.0,0.0,0.0,0.0,0.0,0.0,0.0,0.0,0.0,0.0,0.0,0.0,1.032526082566927,0.03813882532418002,27.00460398602159,5.443935926773455,0.016674027494281582,1.7807353221491244,2.023159141804,0.00504072442554867,0.2387490465293669,0.003505868861718199,0.016674027494281582,1.083364625732374,10.074847444698703,2.196722421059804,-0.565458350697529,15.690041986235952,15.485733374125594,13.504690430464404,17.728700132758167,18.980200785875994,8.172605426610003e-05,0.0003322950960587251,2022,8
2022-09-01,3132,0.35843237912707565,0.9863714112080125,0.4874403074200235,0.03769334468568185,0.035476089115935854,0.0,0.0,0.0,0.0,0.031928480204342274,0.04054410184678384,0.0168044632654433,0.024560369387955597,0.0,0.0,0.0,0.06404701088609135,0.06651766709237973,0.11403028644407956,0.0,0.02280605728881591,0.0,0.0,0.8667858031166573,0.0,0.0,0.0967795508025393,0.0,0.0,0.0,0.24303304813784868,0.0,0.24440725928217477,0.0,0.0,0.0,0.03769334468568185,0.0,0.0,0.0,0.0,0.0,0.0,0.035476089115935854,0.0,0.0,0.0,0.0,0.0,0.0,0.0,0.0,0.0,0.0,0.0,0.0,0.0,0.0,0.0,0.0,0.0,0.0,0.0,0.0,0.49748034962084287,0.026607066836951892,28.575139887202507,5.454980842911877,0.024110544135455172,1.7732832875062372,2.033381716180324,0.005330433992967122,0.24106002554278416,0.004289600524439464,0.024110544135455172,1.8145953584194217,10.03081098339719,2.19609908237269,-1.1898233027118736,15.76000519382137,15.398928687775046,13.497434944709024,17.882207728753322,19.040963463401447,5.0680127308479794e-05,0.00026298834826556257,2022,9
2022-10-01,4853,0.4403854496580646,0.9997751268750217,0.33630005721253103,0.0,0.0,0.0,0.0,0.0,0.0,0.03161118708202986,0.0,0.0,0.10900563136293612,0.0,0.0,0.0,0.0,0.07308898716275596,0.2266796440503426,0.0,0.0,0.0,0.018732555307869547,0.7799111938439756,0.015850623722043464,0.0,0.18528075400113314,0.0,0.0,0.0,0.18044665685300343,0.0,0.15585340035952758,0.0,0.0,0.0,0.0,0.0,0.0,0.0,0.0,0.0,0.0,0.0,0.0,0.0,0.0,0.0,0.0,0.0,0.0,0.0,0.0,0.0,0.0,0.0,0.0,0.0,0.0,0.0,0.0,0.0,0.0,0.0,0.5716447358063823,0.0,29.78471436822001,5.450649083041418,0.030199708312139747,1.7799063143235636,2.0285040566282335,0.007074912037146789,0.23284566247681845,0.003033069419517943,0.030199708312139747,1.5338254048677973,9.970327632392335,2.183108847560765,-0.7347502138385972,15.673345471265499,15.437383557514702,13.457755898062308,17.9792574151933,19.02881344915548,4.5287496348695606e-05,0.00021233660219854324,2022,10
2022-11-01,3823,0.5086316937188596,1.354743040089756,0.4535408954462119,0.01868390568364411,0.02179788996425146,0.0,0.0,0.0,0.0,0.0826338192281169,0.0,0.023779516324637956,0.05491935913071147,0.0,0.0,0.0,0.0,0.12477640649233639,0.22252259254305692,0.0,0.04121782829603912,0.0,0.0,1.0618445095506293,0.0,0.0,0.22790118591844985,0.023779516324637956,0.05449472491062864,0.02906385328566861,0.16441183718191305,0.0,0.2055704800680016,0.0,0.0,0.0,0.01868390568364411,0.0,0.0,0.0,0.0,0.0,0.0,0.02179788996425146,0.0,0.0,0.0,0.0,0.0,0.0,0.0,0.0,0.0,0.0,0.0,0.0,0.0,0.0,0.0,0.0,0.0,0.0,0.0,0.0,0.6565999974297803,0.0,28.664559522574997,5.417734763274915,0.023370592402844566,1.7764555414328804,2.0373464745077565,0.006731247237527538,0.22626209782893017,0.0029052057854559803,0.023370592402844566,1.7346328700167977,9.970115092859011,2.194952194612606,-0.9648173473526851,15.71325779730632,15.523331328454171,13.386780039956848,17.887042474263975,18.879638531017438,0.00020346486357164758,0.0002088624363247003,2022,11
2022-12-01,3053,0.6035381076324411,1.5132846800348392,0.41491270364256283,0.0,0.016377333770062234,0.0,0.0,0.0,0.0,0.03639407504458274,0.0,0.0,0.14676383412053243,0.0,0.0,0.0,0.0,0.047767223496014845,0.3726129749713111,0.0,0.05459111256687411,0.0,0.0,1.1073301811919565,0.04094333442515558,0.0,0.3104200518508528,0.0,0.0,0.019267451494190863,0.30466006453691513,0.0,0.09098518761145685,0.0,0.0,0.0,0.0,0.0,0.0,0.0,0.0,0.0,0.0,0.016377333770062234,0.0,0.0,0.0,0.0,0.0,0.0,0.0,0.0,0.0,0.0,0.0,0.0,0.0,0.0,0.0,0.0,0.0,0.0,0.0,0.0,0.9072929808535756,0.06613923253294364,29.754301894119266,5.503111693416312,0.022966551918358027,1.7850507843555712,2.0334589768235025,0.0052749243975666205,0.23779888634130364,0.0025477152286446196,0.022966551918358027,1.580673607794574,10.082268806638279,2.18345568828169,-0.3907793044980182,15.65721590845521,15.387008837049512,13.416981650653888,17.769819025479865,18.840315717876383,6.005022382356153e-05,0.00036839086563308487,2022,12
2023-01-01,2712,0.9153687009159077,1.219460385422124,0.5923346769585708,0.0,0.0,0.0,0.0,0.0,0.0,0.052675937631689845,0.04097017371353654,0.0,0.24929148107180385,0.0,0.0,0.0,0.08954909397387274,0.15466240576860046,0.32821960875640427,0.0,0.0,0.0,0.0,1.0924528469101609,0.0,0.0,0.10242543428384136,0.024582104228121928,0.0,0.0,0.3658731673112204,0.0,0.22646150964735035,0.0,0.0,0.0,0.0,0.0,0.0,0.0,0.0,0.0,0.0,0.0,0.0,0.0,0.0,0.0,0.0,0.0,0.0,0.0,0.0,0.0,0.0,0.0,0.0,0.0,0.0,0.0,0.0,0.0,0.0,0.0,0.7260047741893134,0.033654071264690735,29.028279612966816,5.411504424778761,0.021045155041784086,1.771781984082891,2.027847888847996,0.004632308684780674,0.22234513274336284,0.003080945745664325,0.021045155041784086,1.5085005915947631,9.947271386430678,2.1937545453706435,-0.7148820222907717,15.680095231062516,15.385305069585902,13.393218108570382,17.852624732886166,18.955499063312143,0.00017688084612863374,0.00038891889002508475,2023,1
2023-02-01,3658,0.6265088413803559,1.3620371575898036,0.6638029387903703,0.016080789888399317,0.0,0.0,0.0,0.0,0.010934937124111536,0.06939479328763092,0.030374825344754264,0.0,0.25994258156641975,0.0,0.0,0.0,0.062268391956746244,0.0,0.20452824922480473,0.0,0.08256429798255933,0.0,0.0,0.9767176292959724,0.0,0.0,0.3027552303112719,0.0,0.0,0.02733734281027884,0.4412576822363591,0.0,0.19520791374373242,0.0,0.0,0.0,0.016080789888399317,0.0,0.0,0.0,0.0,0.0,0.0,0.0,0.0,0.0,0.0,0.0,0.0,0.0,0.0,0.0,0.0,0.0,0.0,0.0,0.0,0.0,0.0,0.010934937124111536,0.0,0.0,0.0,0.0,0.6054960427665741,0.0,29.700351913015336,5.43329688354292,0.018137429493705805,1.7782072355950327,2.0281226410599897,0.004825564879599348,0.23154729360306178,0.003422858195782206,0.018137429493705805,1.6547624691254075,10.030549480590487,2.202341562035369,-1.4519642569656661,15.797699896962682,15.471002671072236,13.429667492095167,17.89701642681031,18.94812468686176,6.504174557518033e-05,0.0005395252490659817,2023,2
2023-03-01,3894,0.5195741220621126,1.1768680394719273,0.7474218445227705,0.01975425704239264,0.0,0.0,0.0,0.0,0.015106196561829661,0.0,0.03974368381148042,0.0,0.05901334868977396,0.0,0.0,0.0,0.054214460994122006,0.09031347515893877,0.27628915340779747,0.0,0.0,0.0,0.0,0.9297919545684157,0.0,0.0,0.22139555074840128,0.025680534155110426,0.01975425704239264,0.0,0.3405663844800979,0.015106196561829661,0.3719950064384503,0.0,0.0,0.0,0.01975425704239264,0.0,0.0,0.0,0.0,0.0,0.0,0.0,0.0,0.0,0.0,0.0,0.0,0.0,0.0,0.0,0.0,0.0,0.0,0.0,0.0,0.0,0.0,0.015106196561829661,0.0,0.0,0.0,0.0,0.7310807928631492,0.0,32.385884334338265,5.473035439137134,0.022909287647350757,1.7966261052195893,2.071604590702737,0.0062643650802559365,0.24910118130457112,0.00432480899755527,0.022909287647350757,2.1370323025205993,10.219525766135936,2.1804783175747757,-0.2466996423026015,15.667379153874236,15.475899522577846,13.526027620831435,17.829037967224007,18.965427974091323,0.00017451326550345283,0.0004574628419004382,2023,3
2023-04-01,3276,0.5270704933110381,1.3816069979881658,0.8051106265130037,0.0,0.0,0.0,0.0,0.0,0.025437525437525435,0.0,0.0,0.0,0.1383289887001088,0.0,0.0,0.0,0.02775002775002775,0.11955636955636954,0.24143510730453197,0.0,0.0,0.0,0.0,1.1320702099898394,0.0,0.0,0.2495367879983265,0.0,0.0,0.030525030525030524,0.514288351958405,0.0,0.2602972440295681,0.0,0.0,0.0,0.0,0.0,0.0,0.0,0.0,0.0,0.0,0.0,0.0,0.0,0.0,0.0,0.0,0.0,0.0,0.0,0.0,0.0,0.0,0.0,0.0,0.0,0.0,0.025437525437525435,0.0,0.0,0.0,0.0,0.7860187776583133,0.0,33.53355254794805,5.546092796092796,0.028923171147435093,1.807916560437249,2.0650395702229116,0.008562158939322804,0.2561050061050061,0.0034535129728280713,0.028923171147435093,2.109001117693664,10.31486568986569,2.1849126544124324,0.1161020245560163,15.64869696819748,15.32785935898719,13.568463971286235,17.718744103630062,18.854925640389215,0.00015407872550729694,0.000570250907920961,2023,4
2023-05-01,6014,0.5939323337208664,1.8897545390449415,0.6510906342414042,0.0,0.011877048790916434,0.0,0.0,0.0,0.0,0.07981016876926421,0.013856556922735838,0.0,0.16681139685795487,0.0,0.0,0.0,0.024667716719595667,0.04442249131112371,0.26436400314019204,0.0,0.0,0.0,0.0,1.4672464559801184,0.016627868307283005,0.0,0.4058802147575402,0.0,0.016627868307283005,0.0,0.41265375338811827,0.0,0.2218090125460029,0.0,0.0,0.0,0.0,0.0,0.0,0.0,0.0,0.0,0.0,0.011877048790916434,0.0,0.0,0.0,0.0,0.0,0.0,0.0,0.0,0.0,0.0,0.0,0.0,0.0,0.0,0.0,0.0,0.0,0.0,0.0,0.0,0.6067985042032698,0.03126607715899369,33.634231615669954,5.493348852677086,0.029982080013729567,1.8065273879627808,2.062445082049892,0.008441428431173317,0.24077153308945792,0.005173378512172946,0.029982080013729567,1.6278559540296087,10.129697372796807,2.175457784975644,-0.37959935339117057,15.657983113344823,15.281107022081262,13.471776785033104,17.971051211007566,18.972289266952746,9.678048139774699e-05,0.0004818604030736506,2023,5
2023-06-01,4746,0.628354389538649,1.7285571370712645,0.8533902499686299,0.0,0.0,0.0,0.0,0.0,0.02107037505267594,0.04342388191945714,0.03511729175445989,0.015050267894768527,0.24245975387493943,0.0,0.0,0.0,0.06227685496295595,0.016207980809750725,0.21381835832231733,0.0,0.015050267894768527,0.0,0.013168984407922461,1.5681934337239962,0.0,0.0,0.13214445104457748,0.0,0.01915488641152358,0.0,0.4607237205586279,0.0,0.3735116429984782,0.0,0.0,0.0,0.0,0.0,0.0,0.0,0.0,0.0,0.0,0.0,0.0,0.0,0.0,0.0,0.0,0.0,0.0,0.0,0.0,0.0,0.0,0.0,0.0,0.0,0.0,0.02107037505267594,0.0,0.0,0.0,0.0,0.7170702937074227,0.013168984407922461,31.615884562427894,5.47724399494311,0.02979801016378203,1.7887703748939792,2.0418033366499633,0.00643550278188314,0.2431521281078803,0.0038737413212916643,0.02979801016378203,1.6552132714561822,10.058997050147493,2.1934505424376445,-0.8827594221113247,15.72538429200539,15.384808970878925,13.491221909260624,17.950424644080343,19.017880166035923,0.00014325565749675215,0.000495841012313088,2023,6
2023-07-01,3783,0.8783895530678638,1.599021640432164,0.7747896004918418,0.06562162472504404,0.020333882348156737,0.0,0.0,0.0,0.01762269803506917,0.05192402099618595,0.0,0.0,0.28182022370010185,0.0,0.0,0.0,0.07783358298822217,0.14445172932834452,0.32235999605500937,0.0,0.026434047052603753,0.0,0.0,1.2889547672967645,0.0,0.0,0.2616044535389593,0.02202837254383646,0.0,0.02202837254383646,0.49696266358063595,0.0,0.25579856436736936,0.0,0.0,0.0,0.06562162472504404,0.0,0.0,0.0,0.0,0.0,0.0,0.020333882348156737,0.0,0.0,0.0,0.0,0.0,0.0,0.0,0.0,0.0,0.0,0.0,0.0,0.0,0.0,0.0,0.01762269803506917,0.0,0.0,0.0,0.0,0.7453497343741964,0.042362254891993203,32.750326775398804,5.558551414221517,0.017985491290365106,1.8089925373201927,2.076294474869735,0.005920009156745757,0.2648691514670896,0.0014953355140080308,0.017985491290365106,1.9402228808411195,10.433694598643052,2.1829140903909345,0.030526780712754813,15.685060503008417,15.299437462270687,13.613906378674775,17.69680438871525,18.88513269874924,7.83580680487897e-05,0.0005189910361244723,2023,7
2023-08-01,3794,1.0014564393341538,2.0296197138073917,0.964497388958123,0.01464300357289287,0.0,0.0,0.0,0.0,0.017571604287471447,0.04283078545071165,0.050318685005031866,0.01647337901950448,0.2251282562299958,0.0,0.0,0.0,0.06306292547726391,0.1281508913528511,0.4754915167987952,0.0,0.0,0.0,0.0,1.7405381516630989,0.021964505359339307,0.0,0.24075965035374627,0.02635740643120717,0.0,0.0,0.656146126313704,0.0,0.30835126264441903,0.0,0.0,0.0,0.01464300357289287,0.0,0.0,0.0,0.0,0.0,0.0,0.0,0.0,0.0,0.0,0.0,0.0,0.0,0.0,0.0,0.0,0.0,0.0,0.0,0.0,0.0,0.0,0.017571604287471447,0.0,0.0,0.0,0.0,0.9825852476868104,0.018826718879433692,34.24828207494042,5.58645229309436,0.02087400092063609,1.8128689799763293,2.08509945610406,0.006064255184418611,0.2625197680548234,0.0027956251232994765,0.02087400092063609,2.068178589115183,10.527675276752767,2.1719622271663623,0.06610030075551684,15.69215148534708,15.334187646469582,13.682222751157587,17.85821971935111,19.000250827685015,0.00011001120566329442,0.0006666890888861869,2023,8
2023-09-01,4126,0.645254986270355,2.2477118595706607,0.7973741722779389,0.01425679336203701,0.0,0.0,0.0,0.0,0.0,0.04039424785910486,0.0,0.01731182051104494,0.2624281970109007,0.0,0.0,0.0,0.0362900194670033,0.07698668415499985,0.21184401726730145,0.0,0.0,0.0,0.0,1.9047543417036732,0.0,0.0,0.3227603939374348,0.02019712392955243,0.0,0.0,0.547169407124926,0.0,0.250204765153013,0.0,0.0,0.0,0.01425679336203701,0.0,0.0,0.0,0.0,0.0,0.0,0.0,0.0,0.0,0.0,0.0,0.0,0.0,0.0,0.0,0.0,0.0,0.0,0.0,0.0,0.0,0.0,0.0,0.0,0.0,0.0,0.0,0.648623903414186,0.05095889729917845,33.77099840020857,5.602278235579253,0.024584126746212333,1.8060561490871327,2.0713384525001213,0.008081550983669777,0.2484246243334949,0.003256187310359768,0.024584126746212333,2.0164365712024606,10.460857973824528,2.1793981757808454,-0.36409139599197166,15.74155405403084,15.32728775254917,13.626830483958036,18.00624077719956,19.02101143531687,9.749174390188332e-05,0.0005623172500720902,2023,9
2023-10-01,5945,0.7150038564018579,2.314004184012282,1.0267076723877018,0.011213905242500702,0.01682085786375105,0.0,0.0,0.0,0.0,0.022527934638952304,0.04189405388998147,0.0,0.24680805881668863,0.0,0.0,0.0,0.012014898474107895,0.050514852869772975,0.34124405771235455,0.0,0.0,0.0,0.0,1.935633605894017,0.021026072329688814,0.0,0.3573445057885764,0.0,0.0186898420708345,0.0,0.5078495469580415,0.009894622272794735,0.4902736610860311,0.0,0.0,0.0,0.011213905242500702,0.0,0.0,0.0,0.0,0.0,0.0,0.01682085786375105,0.0,0.0,0.0,0.0,0.0,0.0,0.0,0.0,0.0,0.0,0.0,0.0,0.0,0.0,0.0,0.0,0.0,0.0,0.0,0.0,0.5456116844566695,0.01922383755857263,35.997959748420826,5.52026913372582,0.027825623625493456,1.8125031479574227,2.0630611466594893,0.008195533958457003,0.23734230445752733,0.004497948052664741,0.027825623625493456,1.6834628608850424,10.264003364171574,2.178594355302287,-0.07842173112957451,15.653584365470863,15.220120856869709,13.517496085567489,17.87971312464247,18.882199619649928,0.0002049864123256182,0.0006067115297561051,2023,10
2023-11-01,4731,0.8642273821534124,2.429221134565569,0.9175936836963867,0.0,0.0,0.0,0.0,0.0,0.03431360438335707,0.05812724582540689,0.05871438972263322,0.0,0.2306774362162282,0.0,0.0,0.0,0.016259369461652278,0.08575037016978156,0.4146985707577103,0.0,0.035474987916332246,0.0,0.0,1.9543164725114621,0.04680375637889906,0.0,0.3750116008420859,0.017614316916789965,0.0,0.01243363547067527,0.6052746470094532,0.0,0.2998854012162583,0.0,0.0,0.0,0.0,0.0,0.0,0.0,0.0,0.0,0.0,0.0,0.0,0.0,0.0,0.0,0.0,0.0,0.0,0.0,0.0,0.0,0.0,0.0,0.0,0.0,0.0,0.03431360438335707,0.0,0.0,0.0,0.0,0.873958982582167,0.0,34.84931898761171,5.56140350877193,0.024932799819521564,1.8217591347560003,2.0639867778531555,0.00822318153843844,0.24963009934474742,0.0025408613993175458,0.024932799819521564,1.847054081898412,10.438561262594238,2.1848660883355353,-0.6960221813675086,15.788534479486328,15.277454033902895,13.686746386131704,17.89488643799529,19.117930042251395,3.7577209422485256e-05,0.0006457310593932034,2023,11
2023-12-01,4352,0.6060748854123097,3.105948001375094,0.9371073047002978,0.02297794117647059,0.0,0.0,0.0,0.0,0.0,0.05991420182326325,0.029679840686274515,0.0547093837535014,0.21919311225107072,0.0,0.0,0.0,0.01641281512605042,0.014361213235294117,0.2118043185368553,0.0,0.038296568627450976,0.0,0.009990409207161126,2.6063872621591297,0.03282563025210084,0.0,0.37940064939145823,0.039047481737793155,0.0,0.0,0.7057271014680725,0.0,0.23138020323222527,0.0,0.0,0.0,0.02297794117647059,0.0,0.0,0.0,0.0,0.0,0.0,0.0,0.0,0.0,0.0,0.0,0.0,0.0,0.0,0.0,0.0,0.0,0.0,0.0,0.0,0.0,0.0,0.0,0.0,0.0,0.0,0.0,0.9064731409160015,0.0,36.06097152797483,5.5271139705882355,0.02100489238848823,1.8070054431441942,2.0765465130908733,0.005882838118402785,0.2426470588235294,0.0033822348099541767,0.02100489238848823,1.355243408183731,10.340494791666668,2.181482003212946,-0.7475241457283384,15.76357632543268,15.382315551495893,13.661440656166905,17.924209492345184,19.17447717438208,8.802066949774561e-05,0.0007689164397033666,2023,12
2024-01-01,4065,0.7649278024736423,2.4892113870879147,1.169330475002959,0.0,0.027333606669400025,0.0,0.0,0.0,0.014470732942623543,0.09688569991541442,0.08246182940298302,0.0,0.29768199741238477,0.0,0.0,0.0,0.027675276752767528,0.0895175618422851,0.17070543714780748,0.0,0.0,0.0,0.0,2.1907105166313245,0.016400164001640016,0.0,0.26317744029921153,0.018923266155738482,0.0,0.0,0.9024641719453962,0.022363860002236384,0.24450244305532637,0.0,0.0,0.0,0.0,0.0,0.0,0.0,0.0,0.0,0.0,0.027333606669400025,0.0,0.0,0.0,0.0,0.0,0.0,0.0,0.0,0.0,0.0,0.0,0.0,0.0,0.0,0.0,0.014470732942623543,0.0,0.0,0.0,0.0,0.6714725970892217,0.012947497896031591,36.253363463296154,5.6145141451414515,0.02017820088994822,1.823803847703558,2.10204834116665,0.005880382519451979,0.26396063960639604,0.002609250115079511,0.02017820088994822,2.0281544570495966,10.646125461254613,2.166128885489122,0.3846450190518877,15.678893338948761,15.279386469821173,13.71806467952472,17.87806256494576,19.009409824338373,3.77390137537739e-05,0.0009147642949466262,2024,1
2024-02-01,6180,0.9026386939947613,3.0410450047286646,0.9838459832260368,0.0,0.0,0.0,0.0,0.0,0.010787486515641856,0.029665587918015098,0.024823477493380406,0.010787486515641856,0.2771778742652529,0.0,0.0,0.0,0.04815842194482971,0.1025412918616802,0.409484553995961,0.0,0.009518370454978107,0.0,0.0,2.398689513264393,0.046350628874900726,0.0,0.5393345039487094,0.04715198818568321,0.02715730871070677,0.0,0.5542375613049514,0.0,0.4024511132103786,0.0,0.0,0.0,0.0,0.0,0.0,0.0,0.0,0.0,0.0,0.0,0.0,0.0,0.0,0.0,0.0,0.0,0.0,0.0,0.0,0.0,0.0,0.0,0.0,0.0,0.0,0.010787486515641856,0.0,0.0,0.0,0.0,0.7048171360669482,0.025684491703909174,36.326654578281605,5.554368932038835,0.03317496961165134,1.8202994450976417,2.058884917824386,0.009017778415358032,0.24142394822006472,0.005814351024031878,0.03317496961165134,1.8644568954703928,10.319822006472492,2.1596072101525117,1.5593209658975444,15.439576882931972,15.138129166745522,13.499900367762818,17.642811708780556,18.734171420996717,0.0001603547477333885,0.000598158042118636,2024,2
2024-03-01,5401,0.9877619016282746,2.9210487691187,0.8743547201552628,0.0,0.0,0.0,0.0,0.0,0.0,0.02700117262235388,0.025814307891700968,0.04707701877446944,0.35914429637670886,0.0,0.0,0.0,0.060174041844102945,0.12254694176342672,0.3460041223555117,0.0,0.01851508979818552,0.0,0.010891229293050307,2.5206611611605987,0.0,0.0,0.3577562247253045,0.013225064141561087,0.0,0.013225064141561087,0.5447309865337028,0.0,0.3163986694799989,0.0,0.0,0.0,0.0,0.0,0.0,0.0,0.0,0.0,0.0,0.0,0.0,0.0,0.0,0.0,0.0,0.0,0.0,0.0,0.0,0.0,0.0,0.0,0.0,0.0,0.0,0.0,0.0,0.0,0.0,0.0,0.7955857237294054,0.014242376767835019,38.136295411732185,5.609146454360304,0.02763522589364256,1.8251265523126756,2.106188119933775,0.007246036716946384,0.25162007035734124,0.003796722209666706,0.02763522589364256,2.102927258359283,10.537153613528359,2.158848526960747,0.35441439994144747,15.646848629246811,15.285439851136305,13.66420138695852,17.934476867738205,18.95980693753259,8.695984002701082e-05,0.0005953422896908308,2024,3
2024-04-01,4841,0.7579939070135362,3.0028786890487416,0.8987061881728375,0.01291055567031605,0.0,0.0,0.0,0.0,0.027365964155883594,0.0,0.03959237072230256,0.0,0.37754042635591684,0.0,0.0,0.0,0.017214074227088066,0.015889914671158217,0.3077571210370705,0.0,0.0,0.0,0.0,2.402251092449239,0.04539975620330919,0.0,0.555227840396194,0.0,0.0,0.0,0.6051292412853204,0.0,0.2935769468875171,0.0,0.0,0.0,0.01291055567031605,0.0,0.0,0.0,0.0,0.0,0.0,0.0,0.0,0.0,0.0,0.0,0.0,0.0,0.0,0.0,0.0,0.0,0.0,0.0,0.0,0.0,0.0,0.011476049484725376,0.0,0.0,0.015889914671158217,0.0,0.8279514042770106,0.025061666889437038,37.16493975739917,5.603387729807891,0.029439079972611894,1.8297353701295727,2.0977564002562765,0.007974332732316038,0.25387316670109483,0.004381987902416118,0.029439079972611894,1.919618955326525,10.606864972801763,2.177007003687968,-0.031081008614216695,15.730030578348646,15.261579574542475,13.748643835674555,17.79616866001268,19.092779522751478,9.631684388965942e-05,0.0006498306019520261,2024,4
2024-05-01,5933,0.8561619411764877,2.7222462161127097,0.86237778979446,0.022573499313765625,0.01872764387512407,0.0,0.0,0.0,0.015322617716010603,0.039401016984027266,0.02736181735001893,0.0,0.3264254641957835,0.0,0.0,0.0,0.05933258082255217,0.10900035971669209,0.2946407021074137,0.0,0.04013066544669444,0.0,0.0,2.0665354918422847,0.014045732906343053,0.0,0.5874885930110446,0.014045732906343053,0.0,0.0,0.49063367249306905,0.0,0.3717441173013909,0.0,0.0,0.0,0.022573499313765625,0.0,0.0,0.0,0.0,0.0,0.0,0.01872764387512407,0.0,0.0,0.0,0.0,0.0,0.0,0.0,0.0,0.0,0.0,0.0,0.0,0.0,0.0,0.0,0.015322617716010603,0.0,0.0,0.0,0.0,0.3770137985295479,0.021770886004831735,36.405495538451014,5.543569863475476,0.024865296518455184,1.8073101949336998,2.0655325055306033,0.007606732324670239,0.24877802123714815,0.0029795498954430623,0.024865296518455184,1.6552526393088058,10.387240856227878,2.178214843113338,-0.1731407684957686,15.695197276106562,15.305817154752575,13.610086671552239,17.910573469906165,19.024575819618445,0.0001088028028138891,0.0005568492704801149,2024,5
2024-06-01,6646,0.9600498276966537,3.329223386039609,1.096913657149098,0.020778699683303956,0.0,0.0,0.0,0.0,0.007523322299127295,0.03034617397967312,0.03602513947082109,0.0,0.3098795934799621,0.0,0.0,0.0,0.03779198031379795,0.07530808631868978,0.47069885413370965,0.0,0.0344818938710001,0.0,0.013678767816595081,2.647551275226247,0.03274857941973058,0.0,0.6007628697060362,0.0,0.01253887049854549,0.033854950346072825,0.8739302645015111,0.0,0.1765895718029686,0.0,0.0,0.0,0.020778699683303956,0.0,0.0,0.0,0.0,0.0,0.0,0.0,0.0,0.0,0.0,0.0,0.0,0.0,0.0,0.0,0.0,0.0,0.0,0.0,0.0,0.0,0.0,0.0,0.0,0.0,0.007523322299127295,0.0,0.640411533448524,0.0,39.59614278409906,5.613150767378874,0.03181235744429397,1.8255875703103823,2.087602281337053,0.009702681368098907,0.23924164911224796,0.005319792214764878,0.03181235744429397,1.639896786177656,10.454258200421306,2.1594420562945484,0.9487883871716802,15.550563064774765,15.236976223839244,13.589827344206702,17.9030449531259,18.90576247803335,8.085128834451736e-05,0.0009860093112781204,2024,6
2024-07-01,5245,1.0551426441320104,3.2178842580020763,1.1679721410305992,0.0521166155103238,0.0,0.0,0.0,0.0,0.011916110581506196,0.04366145452894738,0.06068375383689689,0.0,0.40954813020646025,0.0,0.0,0.0,0.07621212970845674,0.07657190127890515,0.388465274572344,0.0,0.0,0.0,0.0,2.912694796473244,0.0,0.0,0.2670579076680125,0.03813155386081983,0.011916110581506196,0.0,0.791722704520386,0.011916110581506196,0.35241721534720105,0.0,0.0,0.0,0.0521166155103238,0.0,0.0,0.0,0.0,0.0,0.0,0.0,0.0,0.0,0.0,0.0,0.0,0.0,0.0,0.0,0.0,0.0,0.0,0.0,0.0,0.0,0.0,0.0,0.0,0.0,0.011916110581506196,0.0,0.646880449666173,0.011215162900241125,39.28675373256352,5.661773117254528,0.03431245740360903,1.8269866366181569,2.10083854114369,0.00922383201145536,0.2665395614871306,0.005662246865554814,0.03431245740360903,1.9273658600394663,10.653511280584683,2.1600738432513658,1.2529483086338702,15.559726382956962,15.210039979970169,13.698975889068333,17.72640125941284,18.899713972131448,6.434699714013347e-05,0.000899875593893485,2024,7
2024-08-01,4563,1.0002898641626219,3.2440242216735604,1.016854567959458,0.0,0.0,0.0,0.0,0.0,0.0,0.034910858122733965,0.019923096846173768,0.0,0.3021981766921038,0.0,0.0,0.0,0.07422539473821524,0.15907735335743226,0.4099549844059628,0.0,0.0,0.0,0.0,2.894395980178513,0.0,0.0,0.3350179704745199,0.014610271020527432,0.0,0.0,0.7998548051276596,0.0,0.21699976283179853,0.0,0.0,0.0,0.0,0.0,0.0,0.0,0.0,0.0,0.0,0.0,0.0,0.0,0.0,0.0,0.0,0.0,0.0,0.0,0.0,0.0,0.0,0.0,0.0,0.0,0.0,0.0,0.0,0.0,0.0,0.0,0.7097842031576763,0.012175225850439524,38.18957958438636,5.637957484111331,0.029662565949034415,1.8333757816809324,2.1167094636692827,0.007671663035682742,0.26057418365110674,0.0029443411883726504,0.029662565949034415,1.8604931478705464,10.806012126524948,2.157663506698759,0.8775907003677381,15.642722454459443,15.31743626183028,13.804949100826315,17.86213381097698,18.97508096645839,0.00010704954820668167,0.0007998548051276595,2024,8
2024-09-01,5232,0.9916918851414003,3.779598583849982,1.0165537360724042,0.0,0.0,0.0,0.0,0.0,0.008310065150910784,0.0430045871559633,0.01194571865443425,0.014702422959303695,0.40026078577982316,0.0,0.0,0.0,0.03550202720467156,0.21207227497140255,0.27420406841580186,0.0,0.014702422959303695,0.0,0.0,3.2626322689111404,0.014702422959303695,0.0,0.4529579232186313,0.034603545801603006,0.036488740617180986,0.0,0.6263474559241381,0.0,0.35371753953108515,0.0,0.0,0.0,0.0,0.0,0.0,0.0,0.0,0.0,0.0,0.0,0.0,0.0,0.0,0.0,0.0,0.0,0.0,0.0,0.0,0.0,0.0,0.0,0.0,0.0,0.0,0.008310065150910784,0.0,0.0,0.0,0.0,0.5937272386637925,0.02129750982961992,38.54489471950647,5.675076452599388,0.025785778641421175,1.8347065626905428,2.122506377335028,0.006304560628329345,0.27408256880733944,0.0030836581527701975,0.025785778641421175,1.9260750064711818,10.836264016309888,2.160773665675228,0.37733429980221456,15.715412254976346,15.349175768362409,13.812610411295852,17.99576892448396,19.073423189893692,0.00013453563552502212,0.0006527418057129833,2024,9
2024-10-01,8018,1.144067555535715,3.320971681645418,0.9748869636751126,0.0,0.0,0.0,0.0,0.0,0.023451507612146177,0.06152507867399361,0.03176613303827073,0.0,0.4418336803355573,0.0,0.0,0.0,0.020786563565311385,0.11125954846237461,0.4768965514602074,0.0,0.009593798568605255,0.0,0.0,2.7337016673142323,0.06365097722044591,0.0,0.49437248753493085,0.019652751007203487,0.019036116107179896,0.0,0.6648705162014965,0.0,0.29098033136643636,0.0,0.0,0.0,0.0,0.0,0.0,0.0,0.0,0.0,0.0,0.0,0.0,0.0,0.0,0.0,0.0,0.0,0.0,0.0,0.0,0.0,0.0,0.0,0.0,0.0,0.0,0.01385770904354092,0.0,0.0,0.009593798568605255,0.0,0.6997988628879462,0.0,40.06684204860037,5.5680967822399605,0.027970336905140235,1.818896488036279,2.088217965581414,0.008043416022662753,0.25043651783487153,0.003968546414741162,0.027970336905140235,1.7261530450130766,10.47224993764031,2.162390860252841,0.4818312612458995,15.615629914418085,15.336741007392401,13.668993928983781,17.921110089082166,19.045444239000567,0.00011178406540486597,0.0007171262618970027,2024,10
2024-11-01,5276,1.0839320806456876,4.095434921508943,0.8576366614766985,0.0246876612661744,0.0,0.0,0.0,0.0,0.0,0.08245147945455665,0.04422542330048016,0.0,0.4381066993659914,0.0,0.0,0.0,0.031179333681229056,0.06543557529152677,0.42253356955190363,0.0,0.0,0.0,0.0,3.611361460777938,0.0,0.0,0.48407346073100455,0.0,0.0,0.0,0.6164672257302659,0.0,0.2411694357464326,0.0,0.0,0.0,0.0246876612661744,0.0,0.0,0.0,0.0,0.0,0.0,0.0,0.0,0.0,0.0,0.0,0.0,0.0,0.0,0.0,0.0,0.0,0.0,0.0,0.0,0.0,0.0,0.0,0.0,0.0,0.0,0.0,0.7356315060986252,0.00997565939108575,38.56779714376783,5.62964366944655,0.028741222217421713,1.826438716714317,2.1146594629182562,0.007609646437235935,0.25549658832448824,0.004264150963982677,0.028741222217421713,1.7192459609050723,10.687610563558252,2.168169665950459,-0.5721033195659463,15.809660734049922,15.419306192226593,13.822318770163426,17.99409988939376,19.27152791946142,0.00010273664083368405,0.0006693374453935105,2024,11
2024-12-01,5915,1.1273795524428198,3.58664387086507,1.130644043719894,0.024275527234107117,0.0,0.014088475626937165,0.0,0.0,0.0,0.10854835030659206,0.03703802868439137,0.0,0.4438624698419678,0.0,0.0,0.0,0.053257534238092145,0.09262924679729832,0.392043922574478,0.0,0.02202064257655725,0.0,0.026298487836949373,3.0677122014697895,0.021132713440405747,0.0,0.44058184093488156,0.00889798460648663,0.015369246138476907,0.0,0.7565274245658639,0.0,0.35874737301555304,0.0,0.0,0.0,0.024275527234107117,0.0,0.0,0.0,0.0,0.0,0.0,0.0,0.0,0.014088475626937165,0.0,0.0,0.0,0.0,0.0,0.0,0.0,0.0,0.0,0.0,0.0,0.0,0.0,0.0,0.0,0.0,0.0,0.0,0.6518885243673197,0.022642192971863304,40.495426172982555,5.629247675401522,0.03177796599873168,1.8259364419956463,2.118570983221105,0.008087648347547095,0.26593406593406593,0.00358634039485992,0.03177796599873168,2.115427041497875,10.699013806706114,2.1552019365246182,0.5459626632960621,15.652026510960555,15.357567138682699,13.771637934285316,17.96401716941702,19.111949744260514,0.0001030051473838456,0.0007896353422891662,2024,12
2025-01-01,4981,1.0640984452614155,3.6165718645239897,1.1900987510626118,0.014340207072590129,0.0,0.0,0.0,0.0,0.03680653148631466,0.014340207072590129,0.05158491155278949,0.0,0.4337492421002328,0.0,0.0,0.0,0.02007628990162618,0.17684731509028545,0.3675004795438916,0.0,0.0,0.0,0.0,3.202265530843228,0.05394235468517741,0.0,0.36036397899558403,0.0,0.0,0.0,0.833609897549773,0.0,0.35648885351283877,0.0,0.0,0.0,0.014340207072590129,0.0,0.0,0.0,0.0,0.0,0.0,0.0,0.0,0.0,0.0,0.0,0.0,0.0,0.0,0.0,0.0,0.0,0.0,0.0,0.0,0.0,0.0,0.01673024158468848,0.02007628990162618,0.0,0.0,0.0,0.6761753452972655,0.015443299924327832,38.14174904603795,5.674161814896607,0.019187457765401077,1.8340378543984415,2.1189941450441974,0.006578280417665073,0.27102991367195345,0.002697255338796307,0.019187457765401077,1.877023308489127,10.861573981128288,2.1581850102615454,0.36875697483110265,15.724165892563667,15.349063939943905,13.878953077611719,17.995915825813736,19.165869695566247,5.703638921632001e-05,0.0009037175765713247,2025,1
2025-02-01,7404,0.9161781721485036,3.423858508524274,1.3116170031497367,0.011255177381595533,0.007944831092890965,0.0168827660723933,0.0,0.0,0.010389394506088187,0.023895607364002827,0.005402485143165856,0.0197818269131073,0.28613570812332084,0.0,0.0,0.0,0.02455675065075389,0.024761390239510173,0.5316444037146427,0.0,0.0,0.0,0.0,2.8532282135994795,0.021451043950805604,0.0,0.5297857145626237,0.019393536411364612,0.00844138303619665,0.0,0.9113385728956678,0.02455675065075389,0.3672802965671183,0.0,0.0,0.0,0.011255177381595533,0.0,0.0,0.0,0.0,0.0,0.0,0.007944831092890965,0.0,0.0168827660723933,0.0,0.0,0.0,0.0,0.0,0.0,0.0,0.0,0.0,0.0,0.0,0.0,0.0,0.010389394506088187,0.0,0.0,0.0,0.0,0.6497858638384302,0.0,41.31938591240932,5.603727714748785,0.031420601162935456,1.8387983240400005,2.1056890952498812,0.008409973163511221,0.25513236088600755,0.004011140573991761,0.031420601162935456,2.0189001048271713,10.642287952458132,2.151888810458926,0.86916461114553,15.59422866021316,15.311833124747176,13.694792059187913,17.858904612394824,18.954053031355947,0.00020232889139099153,0.0010287724626148087,2025,2
2025-03-01,6643,1.2735602979889973,3.9400517406730757,1.107281533201832,0.01075245693640997,0.008363022061652198,0.0,0.0,0.0,0.0,0.08315719900670003,0.05125824342868379,0.015053439710973957,0.4758683243542885,0.0,0.0,0.0,0.07104662945397552,0.07271387295472799,0.5044625890796475,0.0,0.01075245693640997,0.0,0.012544533092478298,3.3846305436887256,0.0429555224075772,0.0,0.45469565594569733,0.034473028602187115,0.012544533092478298,0.01075245693640997,0.75351988276578,0.0,0.3304646604071637,0.0,0.0,0.0,0.01075245693640997,0.0,0.0,0.0,0.0,0.0,0.0,0.008363022061652198,0.0,0.0,0.0,0.0,0.0,0.0,0.0,0.0,0.0,0.0,0.0,0.0,0.0,0.0,0.0,0.0,0.0,0.0,0.0,0.0,0.6364028955665022,0.03154054034680258,41.75896542799303,5.656028902604245,0.03148876596689663,1.8356000787110842,2.1300880026254396,0.008449144320928725,0.2655426765015806,0.004683531291917521,0.03148876596689663,1.906259523381576,10.853680566009333,2.1600259371685704,-0.30282375629764313,15.801294200346945,15.430080966558005,13.919330033043183,18.1017412202235,19.29247254192615,3.570367110936131e-05,0.0008380145165869938,2025,3
2025-04-01,5643,0.8189229285642332,3.49961245469201,1.2106893794292968,0.0,0.0177210703526493,0.0,0.0,0.0,0.0,0.0313526629316103,0.011814046901766202,0.008055031978476955,0.290497152304076,0.0,0.0,0.0,0.026534222987924082,0.11768130963177403,0.3329885018286056,0.0,0.0,0.0,0.0,2.958367607671466,0.009845039084805166,0.0,0.5083177415100195,0.023082066425719677,0.0,0.0,0.9216165092825299,0.0,0.289072870146767,0.0,0.0,0.0,0.0,0.0,0.0,0.0,0.0,0.0,0.0,0.0177210703526493,0.0,0.0,0.0,0.0,0.0,0.0,0.0,0.0,0.0,0.0,0.0,0.0,0.0,0.0,0.0,0.0,0.0,0.0,0.0,0.0,0.5512705356589859,0.011814046901766202,41.78550119491474,5.6764132553606235,0.031291069731321106,1.8417847048303528,2.128328488114662,0.008543744162465325,0.27804359383306754,0.004214445779966113,0.031291069731321106,2.1526663058282,10.89845826687932,2.1545954579898448,0.30412660454226764,15.73424039930509,15.38158790626822,13.901269313287479,18.00226906776026,19.21107078345117,0.00013799553273237484,0.0009628142112989452,2025,4
2025-05-01,9244,1.1919427797755033,3.3918841667403865,0.9774275056508165,0.007211885186787827,0.01983268426366652,0.0,0.0,0.0,0.0,0.018029712966969563,0.020336455655390672,0.0,0.39085094850913327,0.0,0.0,0.0,0.031680781356246523,0.10209111740788886,0.6289537638798743,0.0,0.014488162205600546,0.0,0.0,2.7954154331660686,0.006761142362613587,0.0,0.54255791051594,0.0326615184901641,0.0,0.0,0.7384070317411399,0.0,0.2390204739096766,0.0,0.0,0.0,0.007211885186787827,0.0,0.0,0.0,0.0,0.0,0.0,0.01983268426366652,0.0,0.0,0.0,0.0,0.0,0.0,0.0,0.0,0.0,0.0,0.0,0.0,0.0,0.0,0.0,0.0,0.0,0.0,0.0,0.0,0.4717710204249544,0.02779580749074475,45.078325749477436,5.629273041973172,0.03716730711472037,1.8379957824478326,2.1268398315252193,0.00969034903604475,0.2585460839463436,0.0048815531678864255,0.03716730711472037,1.8294465707572733,10.678331890956295,2.1565949270192974,-0.1361257671266898,15.737123940395351,15.381197412848545,13.806487775728854,18.147592140935853,19.24701663701201,4.895807525251375e-05,0.0007982419033458081,2025,5
2025-06-01,7464,1.1418675377037746,3.1314241101529685,0.9733903014454014,0.010305878473081048,0.0,0.014102781068426693,0.0,0.01217967455909578,0.042425866380850295,0.027539597475288793,0.02174941885552818,0.011164701679171132,0.3956482900304887,0.0,0.0,0.0,0.056135807743524786,0.12839839951150714,0.5012313224082658,0.0,0.015983151877550252,0.0,0.0,2.3997451147119397,0.01217967455909578,0.0,0.6736720625927518,0.02984410641163053,0.0,0.01217967455909578,0.6679298283567837,0.0,0.2932807985295218,0.0,0.0,0.0,0.010305878473081048,0.0,0.0,0.0,0.0,0.0,0.0,0.0,0.0,0.0,0.0,0.014102781068426693,0.0,0.0,0.0,0.0,0.0,0.0,0.0,0.0,0.01217967455909578,0.0,0.0,0.00669882100750268,0.01339764201500536,0.0,0.022329403358342263,0.0,0.6218627747681779,0.02557731657410114,44.58805950549539,5.628081457663451,0.0319858760740969,1.8389520411419484,2.1190673888386615,0.008488408205783159,0.2607181136120043,0.004831517395567246,0.0319858760740969,1.836772174781617,10.752925151839943,2.1560970158536708,-0.575896504906014,15.810595609937263,15.404965716487075,13.83958647604231,18.239133973394974,19.295035648766696,7.989821896574308e-05,0.0007569598661408409,2025,6
2025-07-01,6370,1.1354959285710533,3.096186970961577,0.8972590351963964,0.019046079970449718,0.0,0.0,0.0,0.0,0.006541077969649398,0.06223368468266428,0.013082155939298797,0.0,0.3939588207526152,0.0,0.0,0.0,0.0473842901340216,0.07949816623286012,0.5393388108295933,0.0,0.0,0.0,0.0,2.500432736482622,0.026347279094531842,0.0,0.5573311191327629,0.01207583625166043,0.0,0.0,0.6035046129930237,0.0,0.29375442220337267,0.0,0.0,0.0,0.019046079970449718,0.0,0.0,0.0,0.0,0.0,0.0,0.0,0.0,0.0,0.0,0.0,0.0,0.0,0.0,0.0,0.0,0.0,0.0,0.0,0.0,0.0,0.0,0.006541077969649398,0.0,0.0,0.0,0.0,0.5916829799216762,0.02079727354452629,42.334228355368886,5.663265306122449,0.029408183872726215,1.8385723425499356,2.1460622024233302,0.008196668811253622,0.2728414442700157,0.004449387043746286,0.029408183872726215,1.752333634356079,10.932914704343277,2.163516945741428,-0.8517521494304554,15.895381730934552,15.428411048270094,13.963363895885163,18.185386633733188,19.370279503767872,0.0001403228495988677,0.0006671802100281183,2025,7
2025-08-01,6704,1.0744888350755013,3.1612477144786726,0.864174287698758,0.03093578217620423,0.0,0.0,0.0,0.0,0.0,0.07072785019798368,0.03196385952949199,0.014916467780429593,0.28457979762750046,0.0,0.0,0.0,0.03435742360265034,0.07065997640106161,0.5672834599363837,0.0,0.010654619843163996,0.0,0.0,2.594191609793585,0.018941546387847105,0.0,0.5374599384540771,0.0,0.0,0.0,0.6420287145555366,0.0,0.2221455731432216,0.0,0.0,0.0,0.03093578217620423,0.0,0.0,0.0,0.0,0.0,0.0,0.0,0.0,0.0,0.0,0.0,0.0,0.0,0.0,0.0,0.0,0.0,0.0,0.0,0.0,0.0,0.0,0.0,0.0,0.0,0.0,0.0,0.6497103412234714,0.018231238398302835,44.28295565577548,5.690184964200477,0.03982606810547211,1.8452381996181342,2.1630239111410554,0.010999897981635212,0.2772971360381862,0.005656959003591844,0.03982606810547211,1.7203363064603088,11.004102028639618,2.149819928538748,-0.7874719183477094,15.888904940029308,15.463929424087828,14.033318953588891,18.343511148380912,19.523494047547896,8.702137990622477e-05,0.0006919278508210212,2025,8
2025-09-01,7871,1.0394283469712187,3.2781492231128775,0.6138017965490998,0.010587388303053401,0.0,0.0,0.0,0.0,0.0,0.05654627843676249,0.014160222126684427,0.0,0.32592919257943076,0.0,0.0,0.0,0.02309975629757106,0.023068669669013254,0.5966242278617565,0.0,0.0,0.0,0.0,2.5609856756208913,0.019391637523487285,0.0,0.6879989361502961,0.009772973818203143,0.0,0.0,0.4558296613074646,0.0,0.15797213524163536,0.0,0.0,0.0,0.010587388303053401,0.0,0.0,0.0,0.0,0.0,0.0,0.0,0.0,0.0,0.0,0.0,0.0,0.0,0.0,0.0,0.0,0.0,0.0,0.0,0.0,0.0,0.0,0.0,0.0,0.0,0.0,0.0,0.7155562776521951,0.026349064122636663,45.33802782534871,5.642103925803583,0.032610476025264595,1.8389061603164123,2.139211209150278,0.007408637811589728,0.26426121204421293,0.0035605079689325445,0.032610476025264595,1.8253901510161084,10.870431541947234,2.1518717455859946,-1.2113692591768073,15.914855146927383,15.466925391628987,13.916293899318742,18.343665824225678,19.415932042591216,6.971880265032656e-05,0.00048562242391689595,2025,9
2025-10-01,8947,1.0587935658965764,2.818889301904444,0.7188857791226886,0.008597639088306352,0.0,0.013971163518497821,0.0,0.0,0.022568802606804172,0.04104974517920755,0.025063420615002153,0.00931410901233188,0.3379850601717177,0.0,0.0,0.0,0.05351580600267311,0.02295262578038928,0.5689127991352547,0.0,0.0,0.0,0.0,2.1352725165087274,0.010160846195271142,0.0,0.6496343997870877,0.023821539413357896,0.00931410901233188,0.00931410901233188,0.4479840606613647,0.007983522010570183,0.24428997842608993,0.0,0.0,0.0,0.008597639088306352,0.0,0.0,0.0,0.0,0.0,0.0,0.0,0.013971163518497821,0.0,0.0,0.0,0.0,0.0,0.0,0.0,0.0,0.0,0.0,0.0,0.0,0.0,0.0,0.0,0.013971163518497821,0.0,0.008597639088306352,0.0,0.5006361698920636,0.02261997902994885,45.038747863061474,5.605119034313177,0.033516441203118155,1.8382275746144638,2.1300307032135053,0.009017788928633903,0.2515927126411088,0.004979068650357941,0.033516441203118155,1.959231108562863,10.732088968369286,2.1404952633332655,-0.33436347108616166,15.756172550824697,15.456625690586659,13.802133708839891,18.270696439852372,19.233806138212593,9.828726717069178e-05,0.0005194337912147053,2025,10
2025-11-01,7051,0.995938053528857,3.0102077818252724,0.672780372805309,0.007464413409072248,0.0,0.0,0.0,0.0,0.0,0.05582041463476721,0.010909527290182517,0.0,0.316725999522239,0.0,0.0,0.0,0.047439914125490645,0.06851027565652942,0.4965319222996482,0.0,0.01772798184654659,0.0,0.0,2.1096934671947416,0.028637509136729106,0.0,0.836420841800708,0.01772798184654659,0.0,0.0,0.48252201589140875,0.0,0.19025835691390014,0.0,0.0,0.0,0.007464413409072248,0.0,0.0,0.0,0.0,0.0,0.0,0.0,0.0,0.0,0.0,0.0,0.0,0.0,0.0,0.0,0.0,0.0,0.0,0.0,0.0,0.0,0.0,0.0,0.0,0.0,0.0,0.0,0.5431397661953195,0.02036445094167403,44.29793432039304,5.658771805417671,0.025672860017551577,1.8369759761682312,2.156340330319067,0.007975114576794435,0.26421784144093036,0.004512807424960239,0.025672860017551577,1.9055608186806114,10.995816196284215,2.1564546805947358,-2.139062128870782,16.062349548137156,15.557237862573148,14.079262871282761,18.57608196775935,19.664984005396708,0.00012697339849516846,0.0005280933574616491,2025,11
2025-12-01,6036,1.122728921666719,2.2458858631451557,0.6368285544428377,0.02541568769202964,0.0,0.0,0.0,0.0,0.0138060525734482,0.041746873257807654,0.02208968411751712,0.012744048529336801,0.3215720490246708,0.0,0.0,0.0,0.03732185640734349,0.10324410102213867,0.5840103093079045,0.0,0.0,0.0,0.0,1.6592367023064571,0.0,0.0,0.5866491608386986,0.0,0.0,0.0,0.4381611589563568,0.0,0.19866739548648096,0.0,0.0,0.0,0.02541568769202964,0.0,0.0,0.0,0.0,0.0,0.0,0.0,0.0,0.0,0.0,0.0,0.0,0.0,0.0,0.0,0.0,0.0,0.0,0.0,0.0,0.0,0.0,0.0,0.0,0.0,0.0138060525734482,0.0,0.5913865434253134,0.0138060525734482,44.889767142566434,5.674784625579854,0.027061243613998094,1.8411407101899098,2.147083418643095,0.00684653697860435,0.27087475149105367,0.0035144472225971547,0.027061243613998094,2.015297068988081,11.078445990722333,2.162176765186973,-1.8982860751321007,16.058556062908217,15.521494742383195,14.093628962850959,18.414323296759857,19.61935509732268,0.00019058266997104561,0.00048083441236519665,2025,12
2026-01-01,7554,0.9512448222927816,2.8500030984485085,0.7218114689214412,0.006303818853461426,0.0,0.0,0.0,0.0,0.008825346394846,0.017099108640014123,0.008825346394846,0.008273762245168122,0.25745403277942985,0.0,0.0,0.0,0.053022794285701356,0.043803459212514016,0.5627663187351082,0.0,0.011031682993557496,0.0,0.0,1.9139909679592144,0.011031682993557496,0.0,0.9019142012364803,0.012034563265699088,0.007354455329038331,0.018281074675038138,0.5220319706791107,0.0,0.1741439682382541,0.0,0.0,0.0,0.006303818853461426,0.0,0.0,0.0,0.0,0.0,0.0,0.0,0.0,0.0,0.0,0.0,0.0,0.0,0.0,0.0,0.0,0.0,0.0,0.0,0.0,0.0,0.0,0.0,0.008825346394846,0.0,0.0,0.0,0.5878635621729925,0.0052952078369075985,46.71913992557351,5.65011914217633,0.037255559824231656,1.8400872511183746,2.1415722165676456,0.01002781394232703,0.2610537463595446,0.005803629922367746,0.037255559824231656,2.090105570125703,10.95869737887212,2.1547243377289504,-2.7786801425723326,16.132890846172074,15.534375666880807,14.048726269778799,18.651748453383632,19.677207893219986,5.987819728884066e-05,0.0005513447283477063,2026,1
2026-02-01,8181,0.8478022109480715,1.9972160992034842,0.6495224168139551,0.0,0.0,0.0,0.0,0.0,0.0,0.01722394461668389,0.01687999487779466,0.0,0.13468685085846802,0.0,0.0,0.0,0.04709906616763969,0.10684320365288462,0.5250691507746006,0.0,0.01222344456667889,0.0,0.0,1.3694012758663805,0.029103439444473547,0.0,0.5742644947592723,0.01222344456667889,0.0,0.0,0.42346468593969505,0.0,0.22605773087426,0.0,0.0,0.0,0.0,0.0,0.0,0.0,0.0,0.0,0.0,0.0,0.0,0.0,0.0,0.0,0.0,0.0,0.0,0.0,0.0,0.0,0.0,0.0,0.0,0.0,0.0,0.0,0.0,0.0,0.0,0.0,0.4688600225453121,0.008731031833342064,46.87577836568698,5.5638674978608975,0.028907407671617487,1.8284016791248845,2.1305666892836626,0.007379277381883976,0.2502139102799169,0.004478645166813782,0.028907407671617487,1.683624290619084,10.7344456667889,2.156046265635195,-2.1849885101450464,16.00770652032294,15.577710068325592,13.897855649157544,18.491685909034576,19.48567971044732,7.590196098985058e-05,0.00048123942284901205,2026,2
2026-03-01,8582,1.1412619702911901,2.0568017106419534,0.6089097598731454,0.007768197001475958,0.0,0.0,0.0,0.0,0.0,0.05655062460003033,0.027898284423569907,0.0,0.23066091675835737,0.0,0.0,0.0,0.022378776027784358,0.06515489451730833,0.73861847396414,0.0,0.0,0.0,0.0,1.4279356205686282,0.006473497501229964,0.0,0.6065749968677328,0.015817595704362808,0.010592995911103577,0.0,0.38658500706735843,0.0,0.2117317568946834,0.0,0.0,0.0,0.007768197001475958,0.0,0.0,0.0,0.0,0.0,0.0,0.0,0.0,0.0,0.0,0.0,0.0,0.0,0.0,0.0,0.0,0.0,0.0,0.0,0.0,0.0,0.0,0.0,0.0,0.0,0.0,0.0,0.6912404164653996,0.0,46.59154861067168,5.635865765555814,0.03608402654574858,1.8433479399007917,2.163195815406486,0.008650617361584984,0.2606618503845258,0.0050260444712630385,0.03608402654574858,1.9992758197359364,11.050046609182008,2.1607343335903004,-3.6551175670884044,16.275131317977763,15.583259545394712,14.143340809887592,18.7989556047882,19.874467855862783,6.949761960249026e-05,0.00040844693291436937,2026,3
2026-04-01,6301,1.306179614871095,1.9972142555822574,0.4106959548206036,0.0,0.0,0.0,0.0,0.0,0.017633885273942405,0.06736855997354724,0.012208074420421669,0.013225413955456806,0.24728234953846595,0.0,0.0,0.0,0.06253335090027679,0.11817059309520823,0.7853912729877182,0.0,0.02645082791091361,0.0,0.0,1.213793116173101,0.04251025914253974,0.0,0.7144600523557031,0.0,0.0,0.0,0.20907476388399118,0.0,0.20162119093661238,0.0,0.0,0.0,0.0,0.0,0.0,0.0,0.0,0.0,0.0,0.0,0.0,0.0,0.0,0.0,0.0,0.0,0.0,0.0,0.0,0.0,0.0,0.0,0.0,0.0,0.0,0.0,0.017633885273942405,0.0,0.0,0.0,0.4127084124398915,0.03174099349309634,47.621855617498774,5.644342167909856,0.04096079592653386,1.8376829001034911,2.162095796650282,0.0113657737853136,0.25662593239168385,0.006957724239575616,0.04096079592653386,2.0933274505265835,11.031264878590699,2.1590146148066025,-3.2942357653864445,16.220636364924992,15.51899041540225,14.112427931119417,18.65787342360461,19.811158436846373,0.00018709707549701988,0.0002328380745205339,2026,4
