month_ts,paper_count,marker_words_total_per_1k_words_monthly_mean,marker_verbs_total_per_1k_words_monthly_mean,marker_adjectives_total_per_1k_words_monthly_mean,marker_phrases_total_per_1k_words_monthly_mean,sequential_markers_total_per_1k_words_monthly_mean,causal_markers_total_per_1k_words_monthly_mean,contrast_markers_total_per_1k_words_monthly_mean,emphasis_markers_total_per_1k_words_monthly_mean,summary_markers_total_per_1k_words_monthly_mean,word_finding_per_1k_words_monthly_mean,word_interplay_per_1k_words_monthly_mean,word_realm_per_1k_words_monthly_mean,word_insight_per_1k_words_monthly_mean,word_notably_per_1k_words_monthly_mean,word_particularly_per_1k_words_monthly_mean,word_meticulously_per_1k_words_monthly_mean,word_while_per_1k_words_monthly_mean,word_within_per_1k_words_monthly_mean,word_across_per_1k_words_monthly_mean,word_additionally_per_1k_words_monthly_mean,verb_delve_per_1k_words_monthly_mean,verb_underscore_per_1k_words_monthly_mean,verb_showcase_per_1k_words_monthly_mean,verb_enhance_per_1k_words_monthly_mean,verb_exhibit_per_1k_words_monthly_mean,verb_garner_per_1k_words_monthly_mean,verb_align_per_1k_words_monthly_mean,verb_foster_per_1k_words_monthly_mean,adjective_crucial_per_1k_words_monthly_mean,adjective_pivotal_per_1k_words_monthly_mean,adjective_comprehensive_per_1k_words_monthly_mean,adjective_intricate_per_1k_words_monthly_mean,adjective_potential_per_1k_words_monthly_mean,phrase_meticulously_delve_per_1k_words_monthly_mean,phrase_intricate_web_per_1k_words_monthly_mean,phrase_comprehensive_chapter_per_1k_words_monthly_mean,phrase_deep_dive_per_1k_words_monthly_mean,phrase_intricate_interplay_per_1k_words_monthly_mean,phrase_essential_insight_per_1k_words_monthly_mean,sequential_marker_additionally_per_1k_words_monthly_mean,sequential_marker_furthermore_per_1k_words_monthly_mean,sequential_marker_moreover_per_1k_words_monthly_mean,sequential_marker_subsequently_per_1k_words_monthly_mean,sequential_marker_further_per_1k_words_monthly_mean,causal_marker_hence_per_1k_words_monthly_mean,causal_marker_thus_per_1k_words_monthly_mean,causal_marker_consequently_per_1k_words_monthly_mean,causal_marker_accordingly_per_1k_words_monthly_mean,causal_marker_thereby_per_1k_words_monthly_mean,contrast_marker_however_per_1k_words_monthly_mean,contrast_marker_nonetheless_per_1k_words_monthly_mean,contrast_marker_nevertheless_per_1k_words_monthly_mean,contrast_marker_conversely_per_1k_words_monthly_mean,contrast_marker_alternatively_per_1k_words_monthly_mean,emphasis_marker_notably_per_1k_words_monthly_mean,emphasis_marker_crucially_per_1k_words_monthly_mean,emphasis_marker_remarkably_per_1k_words_monthly_mean,emphasis_marker_particularly_per_1k_words_monthly_mean,emphasis_marker_importantly_per_1k_words_monthly_mean,summary_marker_overall_per_1k_words_monthly_mean,summary_marker_collectively_per_1k_words_monthly_mean,summary_marker_ultimately_per_1k_words_monthly_mean,summary_marker_in_summary_per_1k_words_monthly_mean,summary_marker_taken_together_per_1k_words_monthly_mean,em_dash_per_1k_words_monthly_mean,semicolon_per_1k_words_monthly_mean,colon_per_1k_words_monthly_mean,clause_depth_monthly_mean,clause_depth_std_monthly_mean,dependency_entropy_monthly_mean,dependency_length_monthly_mean,dependency_length_std_monthly_mean,coordination_count_monthly_mean,coordination_per_sentence_std_monthly_mean,sentence_depth_std_monthly_mean,list_of_three_per_1k_words_monthly_mean,avg_words_per_sentence_monthly_mean,avg_syllables_per_word_monthly_mean,flesch_reading_ease_monthly_mean,flesch_kincaid_grade_monthly_mean,dale_chall_monthly_mean,smog_index_monthly_mean,automated_readability_index_monthly_mean,gunning_fog_monthly_mean,hedge_ratio_monthly_mean,certainty_ratio_monthly_mean,year,month
2015-01-01,7,2.696768362517421,0.0,0.8210180623973727,0.0,0.5927682276229994,0.0,2.3784131498315646,1.2755102040816326,1.6420361247947455,0.0,0.0,0.0,0.6002400960384154,0.0,1.2755102040816326,0.0,0.0,0.0,0.8210180623973727,0.0,0.0,0.0,0.0,0.0,0.0,0.0,0.0,0.0,0.0,0.0,0.0,0.0,0.8210180623973727,0.0,0.0,0.0,0.0,0.0,0.0,0.0,0.0,0.0,0.5927682276229994,0.0,0.0,0.0,0.0,0.0,0.0,2.3784131498315646,0.0,0.0,0.0,0.0,0.0,0.0,0.0,1.2755102040816326,0.0,1.6420361247947455,0.0,0.0,0.0,0.0,0.0,1.6420361247947455,0.5927682276229994,11.428571428571429,2.08957014213211,2.7942387529273534,3.531949405876255,0.7690292783433963,7.0,0.8839763029061318,2.08957014213211,5.885054412872996,28.641202844774273,1.9053502850088762,22.96575256568706,15.55495091549805,12.80626478790958,16.725879788969472,17.03175043024355,18.95228377281327,0.0026967683625174206,0.001222943336107721,2015,1
2015-02-01,5,2.0907244414353423,1.1428571428571428,0.0,0.0,1.796451914098973,1.9607843137254903,0.6535947712418301,0.0,0.0,1.1428571428571428,0.0,0.0,0.0,0.0,0.0,0.0,0.0,0.9478672985781991,0.0,0.0,0.0,0.0,0.0,0.0,0.0,0.0,1.1428571428571428,0.0,0.0,0.0,0.0,0.0,0.0,0.0,0.0,0.0,0.0,0.0,0.0,0.0,1.1428571428571428,0.6535947712418301,0.0,0.0,0.0,1.9607843137254903,0.0,0.0,0.0,0.6535947712418301,0.0,0.0,0.0,0.0,0.0,0.0,0.0,0.0,0.0,0.0,0.0,0.0,0.0,0.0,0.0,1.6952614379084967,1.1428571428571428,11.4,2.0646608157244035,2.83100176438124,3.193718080762508,0.5461217127095909,7.6,0.624700931639732,2.0646608157244035,4.23672497648082,21.6325,1.9229543098044695,20.553644271793768,15.712589274146973,12.601815372695537,16.536813799669638,16.67552462414113,18.341421419338047,0.005186500068192071,0.0,2015,2
2015-03-01,3,6.3226657077789765,0.0,0.0,0.0,1.6181229773462782,0.0,0.0,0.0,1.5432098765432098,1.6181229773462782,0.0,0.0,0.0,0.0,0.0,0.0,1.5432098765432098,0.0,3.1613328538894883,0.0,0.0,0.0,0.0,0.0,0.0,0.0,0.0,0.0,0.0,0.0,0.0,0.0,0.0,0.0,0.0,0.0,0.0,0.0,0.0,0.0,0.0,1.6181229773462782,0.0,0.0,0.0,0.0,0.0,0.0,0.0,0.0,0.0,0.0,0.0,0.0,0.0,0.0,0.0,0.0,0.0,1.5432098765432098,0.0,0.0,0.0,0.0,0.0,0.0,1.6181229773462782,11.0,2.85710643025338,2.6690336297751625,3.5308193668528864,1.1171578559352333,9.333333333333334,1.03050598039083,2.85710643025338,4.662263007787678,19.160968660968663,2.0039356393137218,24.320876596418078,14.41860662468063,13.132626841454831,16.144589155239697,16.206297727647485,18.475418308962638,0.0031401929925669782,0.0015220700152207,2015,3
2015-04-01,1,13.636363636363635,0.0,0.0,0.0,0.0,0.0,0.0,0.0,0.0,4.545454545454545,0.0,0.0,0.0,0.0,0.0,0.0,0.0,9.09090909090909,0.0,0.0,0.0,0.0,0.0,0.0,0.0,0.0,0.0,0.0,0.0,0.0,0.0,0.0,0.0,0.0,0.0,0.0,0.0,0.0,0.0,0.0,0.0,0.0,0.0,0.0,0.0,0.0,0.0,0.0,0.0,0.0,0.0,0.0,0.0,0.0,0.0,0.0,0.0,0.0,0.0,0.0,0.0,0.0,0.0,0.0,0.0,0.0,4.545454545454545,11.0,2.065591117977289,2.750645676540237,3.4008438818565403,0.9093525807346613,7.0,0.8232726023485646,2.065591117977289,0.0,21.9,1.8584474885844748,24.21586915887852,15.198056074766356,12.96186523364486,16.647925096878797,16.95775700934579,19.027289719626168,0.004545454545454545,0.004545454545454545,2015,4
2015-05-01,1,6.622516556291391,6.622516556291391,6.622516556291391,0.0,0.0,0.0,0.0,0.0,0.0,0.0,0.0,0.0,0.0,0.0,0.0,0.0,6.622516556291391,0.0,0.0,0.0,0.0,0.0,0.0,0.0,6.622516556291391,0.0,0.0,0.0,0.0,0.0,0.0,0.0,6.622516556291391,0.0,0.0,0.0,0.0,0.0,0.0,0.0,0.0,0.0,0.0,0.0,0.0,0.0,0.0,0.0,0.0,0.0,0.0,0.0,0.0,0.0,0.0,0.0,0.0,0.0,0.0,0.0,0.0,0.0,0.0,0.0,0.0,0.0,0.0,13.0,2.9664793948382653,2.8433029998349304,3.2516129032258063,0.5506652733269777,6.0,0.6324555320336759,2.9664793948382653,6.622516556291391,25.0,1.9866666666666666,12.429166666666674,17.695000000000004,11.862461521252797,18.422482065455632,18.07706935123042,20.671588366890383,0.006622516556291391,0.0,2015,5
2015-06-01,1,0.0,0.0,0.0,0.0,0.0,0.0,8.771929824561402,0.0,0.0,0.0,0.0,0.0,0.0,0.0,0.0,0.0,0.0,0.0,0.0,0.0,0.0,0.0,0.0,0.0,0.0,0.0,0.0,0.0,0.0,0.0,0.0,0.0,0.0,0.0,0.0,0.0,0.0,0.0,0.0,0.0,0.0,0.0,0.0,0.0,0.0,0.0,0.0,0.0,0.0,8.771929824561402,0.0,0.0,0.0,0.0,0.0,0.0,0.0,0.0,0.0,0.0,0.0,0.0,0.0,0.0,0.0,8.771929824561402,0.0,12.0,2.081665999466133,2.466843887811867,3.8934426229508197,0.9119268876738523,0.0,0.0,2.081665999466133,0.0,37.666666666666664,1.663716814159292,27.852890855457275,18.731858407079645,11.653085250737464,18.599290044081553,20.5782005899705,21.792330383480827,0.017543859649122806,0.0,2015,6
2015-07-01,4,7.125816326523779,0.0,0.0,0.0,0.9225092250922509,1.3736263736263736,0.0,0.0,0.0,1.5923566878980893,0.0,0.0,0.9225092250922509,0.0,0.0,0.0,2.314814814814815,1.3736263736263736,0.0,0.9225092250922509,0.0,0.0,0.0,0.0,0.0,0.0,0.0,0.0,0.0,0.0,0.0,0.0,0.0,0.0,0.0,0.0,0.0,0.0,0.0,0.9225092250922509,0.0,0.0,0.0,0.0,0.0,1.3736263736263736,0.0,0.0,0.0,0.0,0.0,0.0,0.0,0.0,0.0,0.0,0.0,0.0,0.0,0.0,0.0,0.0,0.0,0.0,0.0,1.5923566878980893,1.5923566878980893,13.0,2.94227625661613,2.7267631772948224,3.312639866024309,0.7399469950049133,6.75,0.899340932002928,2.94227625661613,1.5923566878980893,22.848214285714285,1.9320424060400567,19.408662103346117,16.394699654278305,12.863271043168687,16.661025609009638,17.411677206525766,18.77882678305248,0.0032186448238108755,0.0009225092250922509,2015,7
2015-08-01,4,1.0775862068965516,2.6362277483353713,0.0,0.0,0.0,0.0,0.0,1.5151515151515151,0.0,0.0,0.0,0.0,0.0,0.0,0.0,0.0,0.0,0.0,1.0775862068965516,0.0,0.0,0.0,0.0,0.0,2.6362277483353713,0.0,0.0,0.0,0.0,0.0,0.0,0.0,0.0,0.0,0.0,0.0,0.0,0.0,0.0,0.0,0.0,0.0,0.0,0.0,0.0,0.0,0.0,0.0,0.0,0.0,0.0,0.0,0.0,0.0,0.0,0.0,0.0,0.0,1.5151515151515151,0.0,0.0,0.0,0.0,0.0,0.0,2.242152466367713,0.0,12.5,2.441901743179118,2.784307839599396,3.1360092868512073,0.5212354723859345,6.0,0.7565579764888214,2.441901743179118,1.0775862068965516,26.595238095238095,1.8014894328918718,26.195369001842522,16.144575769077697,12.09270199810448,16.95923705507426,17.86518078245755,19.268682595142582,0.0029859831534614373,0.0,2015,8
2015-09-01,6,4.534706494058875,0.8210180623973727,0.0,0.0,0.0,0.8250825082508251,2.9043513957307057,0.8210180623973727,1.0964912280701753,0.0,0.0,0.0,0.0,0.0,0.8210180623973727,0.0,2.6171972035913273,1.0964912280701753,0.0,0.0,0.0,0.0,0.0,0.8210180623973727,0.0,0.0,0.0,0.0,0.0,0.0,0.0,0.0,0.0,0.0,0.0,0.0,0.0,0.0,0.0,0.0,0.0,0.0,0.0,0.0,0.0,0.8250825082508251,0.0,0.0,0.0,2.0833333333333335,0.0,0.8210180623973727,0.0,0.0,0.0,0.0,0.0,0.8210180623973727,0.0,1.0964912280701753,0.0,0.0,0.0,0.0,0.8210180623973727,0.0,0.0,10.333333333333334,2.1287833294317005,2.772435312629589,3.3781985999848927,0.617196961147454,4.5,0.5415513281815126,2.1287833294317005,2.463054187192118,23.06574074074074,1.8892676867201403,24.658762094994998,15.346294992353824,12.423811475261912,17.11760523169873,17.142266831373487,19.199042883215295,0.004405247453078377,0.0008210180623973727,2015,9
2015-10-01,6,2.525252525252525,0.0,0.0,0.0,1.3550135501355014,0.0,0.0,1.515151515151515,0.0,0.0,0.0,0.0,1.0101010101010102,0.0,0.0,0.0,1.515151515151515,0.0,0.0,0.0,0.0,0.0,0.0,0.0,0.0,0.0,0.0,0.0,0.0,0.0,0.0,0.0,0.0,0.0,0.0,0.0,0.0,0.0,0.0,0.0,0.0,0.0,0.6775067750677507,0.6775067750677507,0.0,0.0,0.0,0.0,0.0,0.0,0.0,0.0,0.0,0.0,0.0,0.0,1.515151515151515,0.0,0.0,0.0,0.0,0.0,0.0,0.0,0.0,0.0,4.251700680272109,10.833333333333334,1.7804729808153335,2.78243674712239,3.64890888830123,1.1089628932754385,5.0,0.7709958394935695,1.7804729808153335,1.8483441280703898,27.5,1.905906689942151,21.54202747353051,15.725087705200465,12.806007816744755,16.465541659122845,16.752826010383064,18.953434241504823,0.0016755107670837187,0.0,2015,10
2015-11-01,6,3.4023123542339495,0.0,1.4245014245014247,0.0,0.7122507122507123,1.1337868480725624,0.8250825082508251,1.1337868480725624,0.0,1.4710773402921689,0.0,0.0,0.0,0.0,1.1337868480725624,0.0,0.0,0.7974481658692185,0.0,0.0,0.0,0.0,0.0,0.0,0.0,0.0,0.0,0.0,0.0,0.0,0.0,0.0,1.4245014245014247,0.0,0.0,0.0,0.0,0.0,0.0,0.0,0.7122507122507123,0.0,0.0,0.0,0.0,1.1337868480725624,0.0,0.0,0.0,0.8250825082508251,0.0,0.0,0.0,0.0,0.0,0.0,0.0,1.1337868480725624,0.0,0.0,0.0,0.0,0.0,0.0,0.0,2.089437829951906,1.9312350139417809,13.5,2.645485956972641,2.7292005641477624,3.3723786684739427,0.6330967118957879,8.0,1.2190312282912874,2.645485956972641,4.0759415286569,31.698544973544973,1.9394299598022833,15.044930964010462,18.387122130227777,13.092905737510911,18.464572237969794,20.77907917907255,21.432069807454187,0.003692075120646549,0.0,2015,11
2015-12-01,6,5.940080860870284,0.0,1.5833631378159272,0.0,0.0,3.1237532283271245,0.0,1.4275582945110843,0.8680555555555555,2.1501068376068377,0.0,0.0,0.0,0.7153075822603719,0.7122507122507123,0.0,0.0,2.3624157287523624,0.0,0.0,0.0,0.0,0.0,0.0,0.0,0.0,0.0,0.0,0.0,0.0,0.0,0.0,1.5833631378159272,0.0,0.0,0.0,0.0,0.0,0.0,0.0,0.0,0.0,0.0,0.0,2.298670720076299,0.8250825082508251,0.0,0.0,0.0,0.0,0.0,0.0,0.0,0.0,0.7153075822603719,0.0,0.0,0.7122507122507123,0.0,0.8680555555555555,0.0,0.0,0.0,0.0,0.0,0.0,1.6501650165016502,12.5,2.2165506898253367,2.7586084420863464,3.3778542736876247,0.6500041056058228,7.0,0.8414928054918809,2.2165506898253367,4.444593466857415,27.03743386243386,1.925018213823683,15.413747023520704,17.775287488939185,12.567351394556313,18.168037258925054,19.87247059811338,20.92593869161277,0.0069966164761903725,0.0014245014245014246,2015,12
2016-01-01,6,2.429891509656703,0.0,1.9607843137254901,0.0,0.6410256410256411,0.0,0.9689922480620154,0.0,1.2820512820512822,0.0,0.0,0.0,0.0,0.0,0.0,0.0,1.5090811965811965,0.0,0.9208103130755064,0.0,0.0,0.0,0.0,0.0,0.0,0.0,0.0,0.0,0.0,0.0,0.0,0.0,1.9607843137254901,0.0,0.0,0.0,0.0,0.0,0.0,0.0,0.6410256410256411,0.0,0.0,0.0,0.0,0.0,0.0,0.0,0.0,0.9689922480620154,0.0,0.0,0.0,0.0,0.0,0.0,0.0,0.0,0.0,1.2820512820512822,0.0,0.0,0.0,0.0,0.0,0.0,4.125938518203712,11.666666666666666,2.216999108720486,2.775574726246522,3.3500790981407014,0.6047062296860597,6.833333333333333,0.8562380035588756,2.216999108720486,2.5308282021631627,24.002777777777776,1.9009106918763259,20.329573885975293,16.22762455063683,12.992294737127523,16.5945185775066,17.5620186809348,18.883210169174834,0.0033507018227322094,0.0009208103130755064,2016,1
2016-02-01,5,0.0,0.0,0.930232558139535,0.0,1.996142719382835,0.0,0.8064516129032258,0.0,0.8064516129032258,0.0,0.0,0.0,0.0,0.0,0.0,0.0,0.0,0.0,0.0,0.0,0.0,0.0,0.0,0.0,0.0,0.0,0.0,0.0,0.930232558139535,0.0,0.0,0.0,0.0,0.0,0.0,0.0,0.0,0.0,0.0,0.0,0.0,1.996142719382835,0.0,0.0,0.0,0.0,0.0,0.0,0.0,0.8064516129032258,0.0,0.0,0.0,0.0,0.0,0.0,0.0,0.0,0.0,0.8064516129032258,0.0,0.0,0.0,0.0,1.176470588235294,0.8196721311475411,3.225806451612903,11.4,2.050817601906629,2.668143979943711,3.0229736121808104,0.4345890183137242,5.8,0.6363539377719967,2.050817601906629,4.3062609914773775,21.4159126984127,1.9850234379832785,15.886396939529902,16.062026545611573,12.988554845449116,17.236600265874735,17.07036807568855,20.148759430648266,0.004580520732883317,0.001176470588235294,2016,2
2016-03-01,4,0.0,0.0,0.0,0.0,0.0,0.992063492063492,0.0,0.0,0.0,0.0,0.0,0.0,0.0,0.0,0.0,0.0,0.0,0.0,0.0,0.0,0.0,0.0,0.0,0.0,0.0,0.0,0.0,0.0,0.0,0.0,0.0,0.0,0.0,0.0,0.0,0.0,0.0,0.0,0.0,0.0,0.0,0.0,0.0,0.0,0.0,0.992063492063492,0.0,0.0,0.0,0.0,0.0,0.0,0.0,0.0,0.0,0.0,0.0,0.0,0.0,0.0,0.0,0.0,0.0,0.0,0.0,0.0,0.0,11.25,2.1899316654993783,2.8268089216745222,3.2643147921242743,0.5161242162711526,5.25,0.6431016462928139,2.1899316654993783,1.953125,24.727651515151514,1.9823958689816592,18.373079214825204,16.451628285193863,12.63711355848005,17.408457783396067,16.992806920272468,19.829121805920916,0.0,0.0,2016,3
2016-04-01,5,3.515534654228664,0.0,2.6965090520204718,0.0,1.6194331983805668,0.8097165991902834,1.680672268907563,0.0,0.0,0.0,0.0,0.0,0.9174311926605505,0.0,0.0,0.0,0.0,0.9174311926605505,1.680672268907563,0.0,0.0,0.0,0.0,0.0,0.0,0.0,0.0,0.0,0.0,0.0,0.0,0.0,2.6965090520204718,0.0,0.0,0.0,0.0,0.0,0.0,0.0,0.0,0.0,0.8097165991902834,0.8097165991902834,0.0,0.0,0.8097165991902834,0.0,0.0,1.680672268907563,0.0,0.0,0.0,0.0,0.0,0.0,0.0,0.0,0.0,0.0,0.0,0.0,0.0,0.0,0.0,0.0,1.8867924528301885,10.0,1.5737624957304075,2.6904911552603226,3.1976425568005777,0.5461066831378163,3.8,0.6393600636356349,1.5737624957304075,1.680672268907563,23.43,1.8761535310893216,21.972221751312286,15.788561515881872,12.345864170045962,16.9324439392058,16.996270593404667,19.042615902943155,0.0018867924528301887,0.0018867924528301887,2016,4
2016-05-01,7,3.597160951185834,1.3265916049623674,0.0,0.0,0.8071025020177564,0.4001600640256102,0.0,0.0,0.0,0.0,0.0,0.0,0.0,0.0,0.0,0.0,2.2606174151538063,1.3365435360320272,0.0,0.0,0.0,0.0,0.0,0.5977286312014345,0.0,0.0,0.7288629737609329,0.0,0.0,0.0,0.0,0.0,0.0,0.0,0.0,0.0,0.0,0.0,0.0,0.0,0.0,0.8071025020177564,0.0,0.0,0.0,0.4001600640256102,0.0,0.0,0.0,0.0,0.0,0.0,0.0,0.0,0.0,0.0,0.0,0.0,0.0,0.0,0.0,0.0,0.0,0.0,0.4001600640256102,4.6264587673236806,13.080415616881861,12.142857142857142,2.2516034664084694,2.8245923241250357,3.319048509751204,0.6588667039238121,6.714285714285714,0.599679147794617,2.2516034664084694,2.383116011175931,20.973496511842377,1.8994008311085093,27.48960832251569,14.388184707289579,13.076784997825714,15.528941292796187,15.438492556094522,17.3180659176581,0.00040016006402561027,0.0,2016,5
2016-06-01,8,6.711629307539263,0.0,1.4044099975967315,0.0,0.0,1.2096212754107492,0.8561643835616438,0.0,0.0,5.0,0.0,0.0,0.5482456140350876,0.0,0.0,0.0,0.6613756613756614,0.0,0.502008032128514,0.0,0.0,0.0,0.0,0.0,0.0,0.0,0.0,0.0,1.4044099975967315,0.0,0.0,0.0,0.0,0.0,0.0,0.0,0.0,0.0,0.0,0.0,0.0,0.0,0.0,0.0,0.0,0.6613756613756614,0.0,0.0,0.5482456140350876,0.8561643835616438,0.0,0.0,0.0,0.0,0.0,0.0,0.0,0.0,0.0,0.0,0.0,0.0,0.0,0.0,0.0,0.0,2.7271613203480545,11.25,2.5746873104820898,2.7103438988720487,3.2049662856678847,0.7864607254282056,6.0,0.8007126194580799,2.5746873104820898,4.828368072259282,22.10553751803752,1.9975439804467299,14.52084234082076,16.609812036349183,13.157933504392357,17.2688753222024,17.362712709926793,19.61926310854198,0.00659849926019869,0.0,2016,6
2016-07-01,3,8.94864546000935,3.9920159680638725,1.2391573729863692,0.0,1.2391573729863692,1.2391573729863692,0.0,0.0,0.0,1.2391573729863692,0.0,0.0,3.2351653570183054,0.0,0.0,0.0,2.4783147459727384,0.0,1.9960079840319362,0.0,0.0,0.0,0.0,0.0,3.9920159680638725,0.0,0.0,0.0,0.0,0.0,0.0,0.0,1.2391573729863692,0.0,0.0,0.0,0.0,0.0,0.0,0.0,0.0,1.2391573729863692,0.0,0.0,0.0,1.2391573729863692,0.0,0.0,0.0,0.0,0.0,0.0,0.0,0.0,0.0,0.0,0.0,0.0,0.0,0.0,0.0,0.0,0.0,0.0,0.0,1.3175230566534915,0.0,12.0,2.182837785821539,2.7881903473421956,3.2976928178532927,0.7408141198429307,6.333333333333333,0.6956612433716302,2.182837785821539,2.635046113306983,22.925925925925924,2.0627763363332505,9.744036302546533,17.020957832134897,14.144510829954541,17.433552402778684,19.167918639434777,20.47399522524292,0.0026350461133069825,0.0012391573729863693,2016,7
2016-08-01,6,2.808260845790551,0.8375209380234506,0.8375209380234506,0.0,0.0,0.0,4.01511572980633,0.8375209380234506,2.2743025472188525,0.8375209380234506,0.0,0.0,0.8291873963515753,0.0,0.0,0.0,1.1415525114155252,0.0,0.0,0.0,0.0,0.0,0.0,0.0,0.8375209380234506,0.0,0.0,0.0,0.0,0.0,0.0,0.0,0.8375209380234506,0.0,0.0,0.0,0.0,0.0,0.0,0.0,0.0,0.0,0.0,0.0,0.0,0.0,0.0,0.0,0.0,4.01511572980633,0.0,0.0,0.0,0.0,0.0,0.0,0.0,0.0,0.8375209380234506,0.0,0.0,2.2743025472188525,0.0,0.0,0.7751937984496124,0.0,3.929962590150025,10.5,2.268594136219997,2.749536721766461,3.5183315176128276,0.7608152665997956,5.333333333333333,0.9273329180033402,2.268594136219997,4.97548819974904,25.094444444444445,1.9418863637120818,18.354198295184474,16.427387607544976,12.770881973912497,16.924074690307247,18.212456297651595,19.273714589796043,0.006936982563300703,0.0008375209380234506,2016,8
2016-09-01,9,3.2776055602688325,0.4982561036372695,1.80587900500686,0.0,0.0,1.2887286324786327,0.5393743257820928,0.0,0.5367686527106817,0.5393743257820928,0.0,0.0,0.0,0.0,0.0,0.0,0.5367686527106817,0.4982561036372695,1.7032064781387886,0.0,0.0,0.0,0.0,0.0,0.4982561036372695,0.0,0.0,0.0,0.4273504273504274,0.0,0.0,0.4011231448054553,0.9774054328509774,0.0,0.0,0.0,0.0,0.0,0.0,0.0,0.0,0.0,0.0,0.0,0.0,0.4273504273504274,0.4273504273504274,0.0,0.4340277777777778,0.5393743257820928,0.0,0.0,0.0,0.0,0.0,0.0,0.0,0.0,0.0,0.5367686527106817,0.0,0.0,0.0,0.0,0.0,4.491027704363231,8.185228369396434,11.777777777777779,2.1194275109910232,2.794321379057809,3.2728480380294176,0.6028984112187784,7.555555555555555,0.8171352242592417,2.1194275109910232,2.2712988237366396,24.322250280583617,1.9162603871150783,22.42087435881897,15.774374530722826,12.8255226682286,16.884498935248157,17.173191179636643,19.24515475978395,0.003265579194021223,0.0004982561036372695,2016,9
2016-10-01,6,1.6396604938271604,0.0,0.0,0.0,0.0,0.0,0.0,0.7716049382716049,0.7716049382716049,0.0,0.0,0.0,0.0,0.0,0.7716049382716049,0.0,0.0,0.8680555555555555,0.0,0.0,0.0,0.0,0.0,0.0,0.0,0.0,0.0,0.0,0.0,0.0,0.0,0.0,0.0,0.0,0.0,0.0,0.0,0.0,0.0,0.0,0.0,0.0,0.0,0.0,0.0,0.0,0.0,0.0,0.0,0.0,0.0,0.0,0.0,0.0,0.0,0.0,0.0,0.7716049382716049,0.0,0.7716049382716049,0.0,0.0,0.0,0.0,0.7716049382716049,1.881902186161821,8.834798287130944,10.5,1.8740217185156165,2.7861141057297303,3.355203464106817,0.7464047571917413,7.333333333333333,0.7354444805308903,1.8740217185156165,4.927228398264767,22.50178062678063,1.781224844699553,39.82895443520676,12.637566959214098,12.12176026457148,14.237436905591528,14.414576300863757,15.421125091903116,0.001228307414919991,0.001803020058598152,2016,10
2016-11-01,3,8.667928007170554,0.0,0.0,0.0,1.5220700152206998,0.0,3.4828543289461904,1.9607843137254901,0.0,1.8315018315018314,0.0,0.0,0.0,0.0,0.0,0.0,6.836426175668721,0.0,0.0,0.0,0.0,0.0,0.0,0.0,0.0,0.0,0.0,0.0,0.0,0.0,0.0,0.0,0.0,0.0,0.0,0.0,0.0,0.0,0.0,0.0,0.0,1.5220700152206998,0.0,0.0,0.0,0.0,0.0,0.0,0.0,1.5220700152206998,0.0,1.9607843137254901,0.0,0.0,0.0,0.0,1.9607843137254901,0.0,0.0,0.0,0.0,0.0,0.0,0.0,3.663003663003663,0.0,1.8315018315018314,12.333333333333334,2.0823817023847404,2.863709631374366,3.5740467904643687,0.6489804103298544,7.0,0.9466377233071311,2.0823817023847404,3.4828543289461904,27.478174603174605,1.9075706593573694,18.78329553974292,16.530066843487898,13.049605820240638,17.615236341848444,17.889561300073446,20.156829914724653,0.0018315018315018317,0.0018315018315018317,2016,11
2016-12-01,3,3.968253968253968,0.0,1.3227513227513226,0.0,0.0,0.0,0.0,1.3227513227513226,0.0,0.0,0.0,0.0,0.0,0.0,1.3227513227513226,0.0,0.0,1.3227513227513226,1.3227513227513226,0.0,0.0,0.0,0.0,0.0,0.0,0.0,0.0,0.0,0.0,0.0,0.0,0.0,1.3227513227513226,0.0,0.0,0.0,0.0,0.0,0.0,0.0,0.0,0.0,0.0,0.0,0.0,0.0,0.0,0.0,0.0,0.0,0.0,0.0,0.0,0.0,0.0,0.0,0.0,1.3227513227513226,0.0,0.0,0.0,0.0,0.0,0.0,0.0,0.0,0.0,12.333333333333334,3.1556175262412687,2.68892969306423,3.542555718299496,0.8738621374935316,6.0,0.7842269052676588,3.1556175262412687,4.867724867724868,25.573015873015873,1.9614346899835817,13.40181715466997,17.659100290295765,13.17860992667851,18.16745732123976,18.48820940467944,20.88536869287991,0.0,0.0013227513227513227,2016,12
2017-01-01,4,4.157051717116873,0.0,1.0869565217391304,0.0,0.0,0.0,0.0,0.0,0.0,1.1792452830188678,0.0,0.0,0.0,0.0,0.0,0.0,2.977806434098005,0.0,0.0,0.0,0.0,0.0,0.0,0.0,0.0,0.0,0.0,0.0,0.0,0.0,0.0,0.0,1.0869565217391304,0.0,0.0,0.0,0.0,0.0,0.0,0.0,0.0,0.0,0.0,0.0,0.0,0.0,0.0,0.0,0.0,0.0,0.0,0.0,0.0,0.0,0.0,0.0,0.0,0.0,0.0,0.0,0.0,0.0,0.0,0.0,0.0,2.3584905660377355,3.5377358490566038,10.25,2.4582552276235003,2.726833910091459,3.8074884253109897,1.2112599497629903,5.0,0.8032737418486752,2.4582552276235003,8.037237150394532,24.44464285714286,1.9363304471128855,21.208745858130797,16.316434781063275,13.269169471926483,16.83547432806798,17.53199477137042,19.28154567154975,0.007175712778958999,0.0,2017,1
2017-02-01,6,2.2839506172839505,1.7636684303350971,2.611978369554127,0.0,0.0,0.0,0.8818342151675486,0.0,0.6172839506172839,0.0,0.0,0.0,0.0,0.0,0.0,0.0,0.6172839506172839,1.6666666666666667,0.0,0.0,0.0,0.0,0.0,0.0,1.7636684303350971,0.0,0.0,0.0,0.0,0.0,0.0,0.0,2.611978369554127,0.0,0.0,0.0,0.0,0.0,0.0,0.0,0.0,0.0,0.0,0.0,0.0,0.0,0.0,0.0,0.0,0.8818342151675486,0.0,0.0,0.0,0.0,0.0,0.0,0.0,0.0,0.0,0.6172839506172839,0.0,0.0,0.0,0.0,0.0,0.0,0.6172839506172839,11.5,2.3643918203288994,2.6999901344805526,3.535486098140968,0.7697650020051169,6.666666666666667,0.8655526421631135,2.3643918203288994,4.710743801652892,24.857239057239056,2.0306522244666647,8.484901022378807,17.527772333094145,13.522513062065338,18.208668626600474,18.901687207890163,21.483007494176604,0.002482319670471527,0.0008818342151675485,2017,2
2017-03-01,4,2.8628389154704945,1.4285714285714286,4.053315105946685,0.0,1.4285714285714286,0.0,1.4285714285714286,0.0,0.0,0.0,0.0,0.0,0.0,0.0,0.0,0.0,1.6666666666666667,0.0,1.1961722488038278,0.0,0.0,0.0,0.0,1.4285714285714286,0.0,0.0,0.0,0.0,0.0,0.0,0.0,0.0,4.053315105946685,0.0,0.0,0.0,0.0,0.0,0.0,0.0,0.0,1.4285714285714286,0.0,0.0,0.0,0.0,0.0,0.0,0.0,1.4285714285714286,0.0,0.0,0.0,0.0,0.0,0.0,0.0,0.0,0.0,0.0,0.0,0.0,0.0,0.0,5.0,0.0,0.0,12.25,2.4890177068063304,2.7096468957662143,3.2480508219838056,0.5274340567907329,4.75,0.6515407317158037,2.4890177068063304,2.857142857142857,23.91190476190476,1.9898202316949423,12.814431705824354,17.37282312561263,12.799212093353118,17.815795569064143,18.283336800948696,20.50170538315056,0.0027624309392265192,0.0,2017,3
2017-04-01,9,2.9788663121289463,0.45537340619307837,0.0,0.0,0.43233895373973197,1.1128356021168129,0.45537340619307837,0.43233895373973197,0.6944444444444444,1.1722192843292791,0.0,0.0,0.0,0.0,0.0,0.0,0.7168458781362007,1.0898011496634663,0.0,0.0,0.0,0.0,0.0,0.45537340619307837,0.0,0.0,0.0,0.0,0.0,0.0,0.0,0.0,0.0,0.0,0.0,0.0,0.0,0.0,0.0,0.0,0.0,0.0,0.0,0.43233895373973197,0.0,0.6574621959237343,0.0,0.0,0.45537340619307837,0.45537340619307837,0.0,0.0,0.0,0.0,0.0,0.0,0.0,0.0,0.43233895373973197,0.6944444444444444,0.0,0.0,0.0,0.0,0.0,0.6944444444444444,0.0,11.555555555555555,2.350831696276868,2.67014741083377,3.3506253540970614,0.6744441704987242,6.222222222222222,0.8201935037855281,2.350831696276868,3.6586526674435444,25.817636684303352,1.9311381727819277,15.739554887789277,17.236284585877783,13.178726386885113,18.280550209800072,18.88535040908436,21.26160071981667,0.0036657559198542806,0.0037498249342756,2017,4
2017-05-01,10,3.6813252024726992,0.0,3.3761367494623684,0.0,0.0,0.3389830508474576,0.8625432602715414,0.0,0.0,1.0627530364372468,0.0,0.0,0.0,0.0,0.0,0.0,0.7591511180743484,1.8594210479611042,0.0,0.0,0.0,0.0,0.0,0.0,0.0,0.0,0.0,0.0,0.3389830508474576,0.0,0.0,0.0,3.037153698614911,0.0,0.0,0.0,0.0,0.0,0.0,0.0,0.0,0.0,0.0,0.0,0.0,0.3389830508474576,0.0,0.0,0.0,0.8625432602715414,0.0,0.0,0.0,0.0,0.0,0.0,0.0,0.0,0.0,0.0,0.0,0.0,0.0,0.0,0.0,0.38461538461538464,2.9411764705882355,13.2,2.6294824176909577,2.718648675917227,3.4371922896879417,0.7077701856068854,8.0,0.9884685676842564,2.6294824176909577,3.646985997157312,27.91141941391941,1.946376570328784,12.194413316341505,18.077547514768973,13.168344868502302,18.693144513932047,19.443154051789215,21.5345187633178,0.0028491045083373365,0.0004484304932735426,2017,5
2017-06-01,2,8.775086798204757,5.1020408163265305,5.1020408163265305,0.0,0.0,2.074688796680498,0.0,0.0,0.0,0.0,0.0,0.0,0.0,0.0,0.0,0.0,2.074688796680498,6.7003980015242615,0.0,0.0,0.0,0.0,0.0,0.0,5.1020408163265305,0.0,0.0,0.0,0.0,0.0,0.0,0.0,5.1020408163265305,0.0,0.0,0.0,0.0,0.0,0.0,0.0,0.0,0.0,0.0,0.0,0.0,0.0,0.0,2.074688796680498,0.0,0.0,0.0,0.0,0.0,0.0,0.0,0.0,0.0,0.0,0.0,0.0,0.0,0.0,0.0,0.0,5.1020408163265305,0.0,8.298755186721992,17.0,3.7320960539008987,2.741259490783617,3.2555027946777466,0.4619538096563327,9.5,0.8412609923560823,3.7320960539008987,7.176729613007028,27.261904761904763,1.936378205128205,27.505421587548028,14.547398448292913,12.695296087168899,15.085003871952646,15.194159375870925,16.57994408100762,0.0071767296130070286,0.002551020408163265,2017,6
2017-07-01,4,2.9853382794559264,0.0,0.0,0.0,0.0,0.0,0.0,0.0,0.0,0.0,0.0,0.0,0.0,0.0,0.0,0.0,1.3513513513513513,0.0,1.6339869281045751,0.0,0.0,0.0,0.0,0.0,0.0,0.0,0.0,0.0,0.0,0.0,0.0,0.0,0.0,0.0,0.0,0.0,0.0,0.0,0.0,0.0,0.0,0.0,0.0,0.0,0.0,0.0,0.0,0.0,0.0,0.0,0.0,0.0,0.0,0.0,0.0,0.0,0.0,0.0,0.0,0.0,0.0,0.0,0.0,0.0,0.0,0.0,0.0,11.75,2.1675626028672137,2.6008784977193353,3.051429894747612,0.534030535866412,6.75,0.9288134764528477,2.1675626028672137,3.9403264650789405,22.456349206349206,1.9200420099785718,20.603349195288246,15.772736897158005,12.288404402636349,16.998403188014066,17.2021753108029,19.017696137400627,0.0016339869281045752,0.0012135922330097086,2017,7
2017-08-01,5,1.8001586042823157,0.0,0.0,0.0,0.0,0.7692307692307693,0.7692307692307693,0.7692307692307693,0.0,1.0309278350515465,0.0,0.0,0.0,0.0,0.7692307692307693,0.0,0.0,0.0,0.0,0.0,0.0,0.0,0.0,0.0,0.0,0.0,0.0,0.0,0.0,0.0,0.0,0.0,0.0,0.0,0.0,0.0,0.0,0.0,0.0,0.0,0.0,0.0,0.0,0.0,0.0,0.7692307692307693,0.0,0.0,0.0,0.7692307692307693,0.0,0.0,0.0,0.0,0.0,0.0,0.0,0.7692307692307693,0.0,0.0,0.0,0.0,0.0,0.0,0.0,0.0,0.7692307692307693,11.2,2.0325752306979488,2.7868329779917693,3.4441332455935116,0.5560585931254406,7.0,1.12390827932532,2.0325752306979488,4.928213345240282,28.036507936507938,1.9015223269307704,18.73522309256385,17.285788662424117,12.545542188940047,18.03898693717375,18.667650687644947,20.755413433434022,0.002061855670103093,0.0,2017,8
2017-09-01,9,7.354530265205278,0.43233895373973197,4.435099478239387,0.0,0.0,1.6583287011302577,0.8646779074794639,0.0,0.7936507936507936,0.43233895373973197,0.0,0.7936507936507936,0.43233895373973197,0.0,0.0,0.0,0.6038647342995169,5.092336829775503,0.0,0.0,0.0,0.0,0.0,0.0,0.43233895373973197,0.0,0.0,0.0,0.0,0.0,0.0,0.0,4.435099478239387,0.0,0.0,0.0,0.0,0.0,0.0,0.0,0.0,0.0,0.0,0.0,0.7936507936507936,0.43233895373973197,0.0,0.43233895373973197,0.0,0.8646779074794639,0.0,0.0,0.0,0.0,0.0,0.0,0.0,0.0,0.0,0.7936507936507936,0.0,0.0,0.0,0.0,0.40700040700040696,0.8393393607401389,0.0,11.444444444444445,2.0038028751879735,2.8035881354867787,3.335849568108524,0.6344546163520494,8.555555555555555,0.7843482107357735,2.0038028751879735,4.139541022159512,26.021653038319705,1.9335659269451924,16.43934927275428,17.101868219585278,12.980552260302213,17.723256403724633,18.734715316260534,20.20334287421944,0.002868561490310415,0.0010176361332430697,2017,9
2017-10-01,12,2.4809123191872517,0.0,0.2986857825567503,0.0,0.8227947972318027,0.5668934240362812,1.0426849136526555,0.0,0.0,0.5050505050505051,0.0,0.0,0.0,0.0,0.0,0.0,1.4517527994616943,0.0,0.0,0.5241090146750524,0.0,0.0,0.0,0.0,0.0,0.0,0.0,0.0,0.0,0.0,0.0,0.0,0.2986857825567503,0.0,0.0,0.0,0.0,0.0,0.0,0.5241090146750524,0.0,0.2986857825567503,0.0,0.0,0.0,0.5668934240362812,0.0,0.0,0.0,1.0426849136526555,0.0,0.0,0.0,0.0,0.0,0.0,0.0,0.0,0.0,0.0,0.0,0.0,0.0,0.0,0.5668934240362812,2.52389486260454,0.6594361433071111,10.833333333333334,1.944010019618614,2.7789877864399153,3.5039616352543352,0.8307681353740737,4.333333333333333,0.8954616790063623,1.944010019618614,0.9259259259259259,25.138003663003662,1.9431191866582969,19.540357120789185,16.172370553758796,13.163305138799586,16.727494657456973,17.666918264447716,19.004569260430237,0.006952889202510655,0.0014089683901004656,2017,10
2017-11-01,3,1.9723865877712032,0.0,0.0,0.0,2.0080321285140563,2.0703933747412004,0.0,0.0,0.0,0.0,0.0,0.0,0.0,0.0,0.0,0.0,0.0,1.9723865877712032,0.0,0.0,0.0,0.0,0.0,0.0,0.0,0.0,0.0,0.0,0.0,0.0,0.0,0.0,0.0,0.0,0.0,0.0,0.0,0.0,0.0,0.0,0.0,2.0080321285140563,0.0,0.0,0.0,0.0,2.0703933747412004,0.0,0.0,0.0,0.0,0.0,0.0,0.0,0.0,0.0,0.0,0.0,0.0,0.0,0.0,0.0,0.0,0.0,0.0,0.0,0.0,10.333333333333334,2.437959454492774,2.820889543874357,3.547580975313917,0.6742062508214436,5.333333333333333,0.8585427608773394,2.437959454492774,8.023198678797664,22.523809523809522,1.9541666666666666,15.267652321964192,16.380956620733457,12.911903316177188,17.05285835141405,18.891664521245993,19.613870965740432,0.0020080321285140565,0.007925191891827665,2017,11
2017-12-01,8,1.4821842559914946,0.6443298969072165,0.5186721991701245,0.0,1.0964912280701753,1.187121397031087,0.6443298969072165,0.6983240223463687,0.0,0.0,0.0,0.0,0.0,0.0,0.0,0.0,0.0,0.4448398576512455,1.037344398340249,0.0,0.0,0.0,0.0,0.0,0.6443298969072165,0.0,0.0,0.0,0.0,0.0,0.0,0.0,0.5186721991701245,0.0,0.0,0.0,0.0,0.0,0.0,0.0,0.0,0.0,0.0,1.0964912280701753,1.187121397031087,0.0,0.0,0.0,0.0,0.6443298969072165,0.0,0.0,0.0,0.0,0.0,0.0,0.0,0.0,0.6983240223463687,0.0,0.0,0.0,0.0,0.0,0.0,0.0,0.6983240223463687,10.75,1.7988327291676658,2.6224339020235874,3.3257247986003633,0.6103031801989554,9.0,0.8312344324755416,1.7988327291676658,5.353800618741617,24.243326118326117,1.967385699600907,15.320686611567194,17.010476653024604,13.34266235586545,17.60170764024873,18.480232129622806,20.291175431086966,0.0005186721991701245,0.0010964912280701754,2017,12
2018-01-01,7,2.6581198896032796,0.0,1.5360983102918588,0.0,0.7680491551459294,1.9689362620733049,0.0,1.124859392575928,0.0,0.0,0.0,0.0,0.0,0.0,0.0,0.0,0.0,2.0934671510374976,0.564652738565782,0.0,0.0,0.0,0.0,0.0,0.0,0.0,0.0,0.0,0.0,0.0,0.0,0.7680491551459294,0.7680491551459294,0.0,0.0,0.0,0.0,0.0,0.0,0.0,0.7680491551459294,0.0,0.0,0.0,0.0,1.2474355405725832,0.0,0.7215007215007215,0.0,0.0,0.0,0.0,0.0,0.0,0.0,0.0,0.0,0.0,1.124859392575928,0.0,0.0,0.0,0.0,0.0,0.0,2.68742470577333,6.27528402017896,11.714285714285714,2.231754115504191,2.7083730468489873,3.728228997196368,0.8871316660301023,6.857142857142857,1.0119556299164196,2.231754115504191,1.3106159895150722,26.26624149659864,1.992950025895826,13.613219575063953,17.443802141058573,13.269377937160787,18.188276542369863,19.232392208735707,21.02406899487747,0.0030663208473999675,0.0,2018,1
2018-02-01,7,3.3875568145020076,0.48590864917395526,2.1111893033075297,0.0,0.0,0.0,1.8476121621078845,0.7401924500370096,0.0,0.0,0.0,0.0,0.0,0.7401924500370096,0.0,0.0,0.48590864917395526,2.1614557152910425,0.0,0.0,0.0,0.0,0.0,0.0,0.48590864917395526,0.0,0.0,0.0,0.0,0.0,0.0,0.0,2.1111893033075297,0.0,0.0,0.0,0.0,0.0,0.0,0.0,0.0,0.0,0.0,0.0,0.0,0.0,0.0,0.0,0.0,1.8476121621078845,0.0,0.0,0.0,0.0,0.7401924500370096,0.0,0.0,0.0,0.0,0.0,0.0,0.0,0.0,0.0,0.0,0.9718172983479105,6.748085483216163,10.714285714285714,1.8163466116733893,2.6867666809789528,3.469856418516069,0.7197845598107788,5.571428571428571,0.7401015075773681,1.8163466116733893,2.3335208112818395,26.498639455782314,1.8867138791726954,23.877145253524475,16.036327220257785,12.758819872209722,16.944272312435412,17.661217978635904,19.341460907808926,0.0029154518950437317,0.0013351134846461949,2018,2
2018-03-01,5,2.951219512195122,0.7751937984496123,1.7230610970278115,0.0,2.7508035545471734,0.7751937984496123,2.631578947368421,0.0,0.0,0.0,0.0,0.0,0.0,0.0,0.0,0.0,1.0,0.975609756097561,0.975609756097561,0.0,0.0,0.0,0.0,0.0,0.7751937984496123,0.0,0.0,0.0,0.0,0.0,0.0,0.0,1.7230610970278115,0.0,0.0,0.0,0.0,0.0,0.0,0.0,0.975609756097561,0.7751937984496123,0.0,1.0,0.0,0.7751937984496123,0.0,0.0,0.0,2.631578947368421,0.0,0.0,0.0,0.0,0.0,0.0,0.0,0.0,0.0,0.0,0.0,0.0,0.0,0.0,0.0,0.0,2.8436018957345968,11.2,2.088569032905325,2.7956709626769323,3.3620406066069863,0.5828539728677089,6.6,0.8408163262507063,2.088569032905325,0.975609756097561,22.616666666666667,1.9889251125435021,15.883984914130497,16.226056670662494,13.668330338609445,16.907868917480393,17.662907812523883,18.939451526519036,0.0027264133106447343,0.0007751937984496124,2018,3
2018-04-01,3,2.1231422505307855,0.0,0.0,0.0,0.0,0.0,0.0,0.0,0.0,0.0,0.0,0.0,0.0,0.0,0.0,0.0,2.1231422505307855,0.0,0.0,0.0,0.0,0.0,0.0,0.0,0.0,0.0,0.0,0.0,0.0,0.0,0.0,0.0,0.0,0.0,0.0,0.0,0.0,0.0,0.0,0.0,0.0,0.0,0.0,0.0,0.0,0.0,0.0,0.0,0.0,0.0,0.0,0.0,0.0,0.0,0.0,0.0,0.0,0.0,0.0,0.0,0.0,0.0,0.0,0.0,0.0,0.0,0.0,10.666666666666666,2.24124086379333,2.7013138377483137,3.1403672351040774,0.47834093793948745,4.0,0.7067160281504489,2.24124086379333,2.1231422505307855,25.933333333333334,1.77569851746862,29.05452754435109,14.854397655358445,12.641975281149499,16.309228118652417,16.73694658418923,18.17000103745202,0.0021231422505307855,0.0,2018,4
2018-05-01,8,1.2626262626262628,0.6313131313131314,2.2405032792690975,0.0,0.0,0.0,0.6313131313131314,0.0,0.992063492063492,0.0,0.0,0.0,0.0,0.0,0.0,0.0,1.2626262626262628,0.0,0.0,0.0,0.0,0.0,0.0,0.6313131313131314,0.0,0.0,0.0,0.0,0.0,0.0,0.0,0.0,2.2405032792690975,0.0,0.0,0.0,0.0,0.0,0.0,0.0,0.0,0.0,0.0,0.0,0.0,0.0,0.0,0.0,0.0,0.6313131313131314,0.0,0.0,0.0,0.0,0.0,0.0,0.0,0.0,0.0,0.0,0.0,0.992063492063492,0.0,0.0,0.0,1.744186046511628,3.655165840640488,10.625,1.7200082018273668,2.733462688222445,3.4189130555821663,0.5890677663027597,6.625,0.7238142522245563,1.7200082018273668,2.399921344593476,23.483387445887445,1.9588354923348086,14.319434161851714,16.92751085612032,13.576209261057297,17.395448495175522,18.49963501606529,19.879407885955906,0.00265117142249538,0.0006313131313131314,2018,5
2018-06-01,16,2.4351340021757104,0.0,1.8879658488545323,0.0,1.525141927570035,0.29761904761904767,0.9009084044065387,0.0,0.0,0.3472222222222222,0.27654867256637167,0.0,0.0,0.0,0.0,0.0,0.29205607476635514,0.29205607476635514,1.227250957854406,0.0,0.0,0.0,0.0,0.0,0.0,0.0,0.0,0.0,0.0,0.0,0.41946308724832215,0.0,1.46850276160621,0.0,0.0,0.0,0.0,0.0,0.0,0.0,0.0,0.3172588832487309,0.0,1.2078830443213042,0.0,0.29761904761904767,0.0,0.0,0.0,0.9009084044065387,0.0,0.0,0.0,0.0,0.0,0.0,0.0,0.0,0.0,0.0,0.0,0.0,0.0,0.0,0.0,0.0,4.38857952819866,11.9375,2.2003692096365564,2.6770684410999146,3.405899691135631,0.6699444999737468,7.375,0.8777580940137348,2.2003692096365564,3.023017666215118,26.574554765087854,1.9558647087576073,17.339489191865436,16.71761384562234,13.193077883548003,17.53300659797887,18.066804112695056,19.976210548815203,0.0014643432701008168,0.0022895966269418097,2018,6
2018-07-01,7,2.9343529991369297,0.6377551020408163,1.4179456325163433,0.0,0.0,0.5232862375719518,0.5232862375719518,0.0,0.0,0.0,0.0,0.0,0.5232862375719518,0.0,0.0,0.0,0.0,2.4110667615649777,0.0,0.0,0.0,0.0,0.0,0.0,0.0,0.0,0.6377551020408163,0.0,0.710732054015636,0.0,0.0,0.7072135785007072,0.0,0.0,0.0,0.0,0.0,0.0,0.0,0.0,0.0,0.0,0.0,0.0,0.0,0.5232862375719518,0.0,0.0,0.0,0.5232862375719518,0.0,0.0,0.0,0.0,0.0,0.0,0.0,0.0,0.0,0.0,0.0,0.0,0.0,0.0,0.0,0.7072135785007072,0.5232862375719518,12.142857142857142,2.325936816206976,2.7207680010363835,3.227758432721253,0.5478048329823011,8.142857142857142,1.0421304778966363,2.325936816206976,4.000929893787037,25.311775922490206,1.9751318064651906,13.866921503178828,17.605678513068494,12.849299797629945,18.88551108570374,18.889319528129032,22.119967916640356,0.0031982942430703624,0.0007722007722007722,2018,7
2018-08-01,8,2.875091999854808,0.496031746031746,0.0,0.0,0.0,1.5479312354312356,1.1443145634322107,0.0,0.625,0.0,0.0,0.0,0.576036866359447,0.0,0.0,0.0,0.5656108597285069,1.7334442737668545,0.0,0.0,0.0,0.0,0.0,0.496031746031746,0.0,0.0,0.0,0.0,0.0,0.0,0.0,0.0,0.0,0.0,0.0,0.0,0.0,0.0,0.0,0.0,0.0,0.0,0.0,0.0,0.0,1.5479312354312356,0.0,0.0,0.0,1.1443145634322107,0.0,0.0,0.0,0.0,0.0,0.0,0.0,0.0,0.0,0.625,0.0,0.0,0.0,0.0,0.0,0.0,3.925047583135818,10.625,1.8437487010243183,2.7345115845120533,3.489030721331733,0.6837077878732838,7.0,0.810164485411671,1.8437487010243183,6.061142060904869,24.642261904761906,1.9951702717631368,11.428957185637543,17.638200002348167,13.24130820295683,18.133672953608468,18.913928096677587,20.719119641206856,0.005816694996461731,0.000576036866359447,2018,8
2018-09-01,8,2.2571526820820544,0.8116883116883118,2.1219931271477668,0.0,0.0,0.0,0.0,0.0,0.0,0.0,0.43252595155709345,0.0,0.0,0.0,0.0,0.0,0.6009615384615385,0.43252595155709345,0.7911392405063291,0.0,0.0,0.0,0.0,0.0,0.8116883116883118,0.0,0.0,0.0,1.288659793814433,0.0,0.0,0.0,0.8333333333333334,0.0,0.0,0.0,0.0,0.0,0.0,0.0,0.0,0.0,0.0,0.0,0.0,0.0,0.0,0.0,0.0,0.0,0.0,0.0,0.0,0.0,0.0,0.0,0.0,0.0,0.0,0.0,0.0,0.0,0.0,0.0,0.0,0.6009615384615385,0.6009615384615385,10.875,2.178381186813152,2.7126629915016003,3.3173024150910013,0.6926455281655605,6.5,0.8728262731490134,2.178381186813152,6.628487647929216,23.8277867965368,1.9474152620354959,17.133983554408065,16.62274323957122,13.115410310622792,17.572539027586913,17.87598534709008,20.045058492602415,0.0033217618598241436,0.0035012698518321356,2018,9
2018-10-01,9,3.353233723091218,0.6422607578676942,0.7358351729212657,0.0,0.7358351729212657,0.5005005005005005,0.5500550055005501,0.516795865633075,1.2845215157353884,0.0,0.0,0.0,0.5005005005005005,0.0,0.0,0.0,0.7358351729212657,1.146495332541844,0.9704027171276078,0.0,0.0,0.0,0.0,0.6422607578676942,0.0,0.0,0.0,0.0,0.0,0.0,0.0,0.0,0.7358351729212657,0.0,0.0,0.0,0.0,0.0,0.0,0.0,0.7358351729212657,0.0,0.0,0.0,0.5005005005005005,0.0,0.0,0.0,0.0,0.5500550055005501,0.0,0.0,0.0,0.0,0.0,0.0,0.0,0.0,0.516795865633075,1.2845215157353884,0.0,0.0,0.0,0.0,0.0,1.972399941324487,0.9704027171276078,11.88888888888889,2.1752223746607506,2.708770464801182,3.3871729277481766,0.670782579980531,7.333333333333333,0.9460687495779181,2.1752223746607506,4.96963127226017,26.43695286195286,1.8899538656358128,19.187628198084283,16.932802118443,13.269125169608593,17.609920458958076,18.479985294079384,20.24842590249793,0.004440943236192207,0.0005241090146750524,2018,10
2018-11-01,4,8.311718298627216,0.0,1.984126984126984,0.0,1.2820512820512822,2.717391304347826,0.0,0.0,0.0,0.0,0.0,0.0,2.5641025641025643,0.0,0.0,0.0,2.5641025641025643,3.1835131704220885,0.0,0.0,0.0,0.0,0.0,0.0,0.0,0.0,0.0,0.0,0.0,0.0,0.0,0.0,1.984126984126984,0.0,0.0,0.0,0.0,0.0,0.0,0.0,0.0,0.0,0.0,1.2820512820512822,0.0,1.358695652173913,1.358695652173913,0.0,0.0,0.0,0.0,0.0,0.0,0.0,0.0,0.0,0.0,0.0,0.0,0.0,0.0,0.0,0.0,0.0,2.717391304347826,0.0,1.2820512820512822,13.75,3.1478560792395496,2.6673457289608824,3.4142674242958573,0.8594302821845454,8.25,1.1736472758670817,3.1478560792395496,6.6856452726017945,23.543154761904763,2.0635725973648906,9.501975055943731,17.58831408301652,13.77611628491917,17.757523844105968,18.964030320542726,20.603242105877968,0.001282051282051282,0.001358695652173913,2018,11
2018-12-01,10,2.735488864715456,1.7205483926090885,0.46082949308755755,0.0,2.019514524470823,1.4425072644250725,0.3663003663003663,0.0,0.0,0.0,0.0,0.0,0.0,0.0,0.0,0.0,1.5666419654906496,0.390625,0.390625,0.38759689922480617,0.0,0.0,0.0,0.9392983926090887,0.78125,0.0,0.0,0.0,0.0,0.0,0.0,0.0,0.46082949308755755,0.0,0.0,0.0,0.0,0.0,0.0,0.38759689922480617,0.0,0.7575757575757576,0.4694835680751174,0.4048582995951417,0.0,0.7575757575757576,0.684931506849315,0.0,0.0,0.3663003663003663,0.0,0.0,0.0,0.0,0.0,0.0,0.0,0.0,0.0,0.0,0.0,0.0,0.0,0.0,0.0,0.9569377990430622,4.136002429587956,13.6,2.7241409292968646,2.763353724837714,3.2997891985577374,0.5885512115174546,7.6,0.8294073620230534,2.7241409292968646,3.4402885518165176,24.239843767343768,1.9877261075459216,15.127500941359603,16.82517828155558,13.222849302695096,17.41251657694504,18.256116153331284,19.98666199683849,0.0007924551988199479,0.0,2018,12
2019-01-01,6,3.5649200950764612,1.3020833333333333,3.8079091148144855,0.0,0.0,2.005318213783404,0.0,0.9009009009009009,0.0,0.9803921568627451,0.0,0.0,0.0,0.0,0.9009009009009009,0.0,0.7032348804500703,0.0,0.9803921568627451,0.0,0.0,0.0,0.0,1.3020833333333333,0.0,0.0,0.0,0.0,0.9009009009009009,0.0,0.9803921568627451,0.0,1.9266160570508397,0.0,0.0,0.0,0.0,0.0,0.0,0.0,0.0,0.0,0.0,0.0,0.0,1.3020833333333333,0.0,0.7032348804500703,0.0,0.0,0.0,0.0,0.0,0.0,0.0,0.0,0.0,0.9009009009009009,0.0,0.0,0.0,0.0,0.0,0.0,0.0,0.0,0.9803921568627451,13.666666666666666,2.787379317736949,2.7106711453772356,3.0896228164089314,0.5344552781042188,6.5,0.814178517899994,2.787379317736949,3.6830948595654482,23.569444444444443,2.0393053098812426,10.228287536450642,17.58177051350944,13.172974295410105,18.230227752290933,18.524016921949634,20.91803494142622,0.0,0.0035108729482131017,2019,1
2019-02-01,11,2.9305280611220734,1.4462592956764961,0.9967111044161583,0.0,1.7552006354209473,0.35650623885918004,1.4261236559458172,0.35650623885918004,1.0214504596527068,0.774199074585021,0.0,0.0,0.6493506493506493,0.0,0.35650623885918004,0.0,0.7534891685932014,0.0,0.3969829297340214,0.0,0.0,0.0,0.0,0.0,1.4462592956764961,0.0,0.0,0.0,0.6402048655569783,0.0,0.0,0.0,0.35650623885918004,0.0,0.0,0.0,0.0,0.0,0.0,0.0,0.3969829297340214,0.6493506493506493,0.0,0.7088670563362766,0.35650623885918004,0.0,0.0,0.0,0.0,1.0696174170866373,0.0,0.35650623885918004,0.0,0.0,0.0,0.0,0.0,0.35650623885918004,0.0,1.0214504596527068,0.0,0.0,0.0,0.0,0.0,0.0,4.014440263224156,12.363636363636363,2.3358724341157404,2.7471980809364775,3.3877950816590894,0.6354164459332744,6.363636363636363,0.6734942333976378,2.3358724341157404,4.155471126670926,24.46085858585859,1.9519956310835815,18.78032654815829,16.58229547770711,13.087572739354693,17.30714404648746,18.25235464794129,19.827661953027693,0.002358110993508436,0.0018040668695690528,2019,2
2019-03-01,5,6.127692969798233,0.0,0.7518796992481203,0.0,2.794081979141402,2.8466483011937562,3.6205282601331374,0.0,1.8518518518518519,2.772081719450141,0.0,0.0,0.0,0.0,0.0,0.0,0.7518796992481203,0.7518796992481203,1.8518518518518519,0.0,0.0,0.0,0.0,0.0,0.0,0.0,0.0,0.0,0.0,0.0,0.0,0.0,0.7518796992481203,0.0,0.0,0.0,0.0,0.0,0.0,0.0,0.0,2.0422022798932815,0.0,0.7518796992481203,0.0,0.8264462809917357,2.0202020202020203,0.0,0.0,3.6205282601331374,0.0,0.0,0.0,0.0,0.0,0.0,0.0,0.0,0.0,1.8518518518518519,0.0,0.0,0.0,0.0,5.555555555555555,2.330205679487976,0.0,11.4,2.1702757215287596,2.69467422357273,3.6952096951621884,1.0670377459111235,7.0,0.936552751767126,2.1702757215287596,6.276826133285463,25.100555555555555,1.9379527682609627,17.192221904353097,16.608545030798545,13.350493432830906,16.867287399701176,18.23354712291686,19.401422736005784,0.005251420562425347,0.0,2019,3
2019-04-01,7,3.19465620499187,0.0,0.6105006105006107,0.0,0.5878894767783657,0.0,1.7493296626087955,0.9099181073703367,1.897279675057453,0.0,0.0,0.0,0.0,0.0,0.9099181073703367,0.0,1.5632373761208118,0.7215007215007215,0.0,0.0,0.0,0.0,0.0,0.0,0.0,0.0,0.0,0.0,0.0,0.0,0.0,0.0,0.6105006105006107,0.0,0.0,0.0,0.0,0.0,0.0,0.0,0.0,0.5878894767783657,0.0,0.0,0.0,0.0,0.0,0.0,0.0,1.7493296626087955,0.0,0.0,0.0,0.0,0.0,0.0,0.0,0.9099181073703367,0.0,1.1757789535567313,0.0,0.0,0.7215007215007215,0.0,0.0,1.7528483786152498,2.6962604040482985,11.714285714285714,2.495903644261873,2.7203790859690793,3.3978505704483086,0.7446057328521096,6.857142857142857,0.7256007982792327,2.495903644261873,4.257172680787479,23.518243661100804,1.9450513243340541,22.383924346493075,15.47092608368364,13.01652092453226,16.633674348819834,16.577157639269924,18.65564302390536,0.0034033596252020988,0.0,2019,4
2019-05-01,6,2.461458738178521,1.1185682326621924,3.591043166410792,0.0,0.0,0.6693440428380186,0.9633911368015413,0.896057347670251,0.0,0.0,0.0,0.0,0.0,0.0,0.896057347670251,0.0,0.896057347670251,0.6693440428380186,0.0,0.0,0.0,0.0,0.0,0.0,1.1185682326621924,0.0,0.0,0.0,0.0,0.0,0.0,0.0,3.591043166410792,0.0,0.0,0.0,0.0,0.0,0.0,0.0,0.0,0.0,0.0,0.0,0.0,0.0,0.6693440428380186,0.0,0.0,0.9633911368015413,0.0,0.0,0.0,0.0,0.0,0.0,0.0,0.896057347670251,0.0,0.0,0.0,0.0,0.0,0.0,0.0,1.1337868480725624,0.9633911368015413,12.166666666666666,2.5777100263984987,2.672118888257477,3.2051968600503415,0.5596070335988408,7.166666666666667,0.9555315799099517,2.5777100263984987,6.934643186479882,24.700992063492066,2.025345684887839,9.962365707288976,17.525700804101728,13.427616023389717,17.996384633858867,18.767689358708697,20.927846499459495,0.003120830417734798,0.0,2019,5
2019-06-01,7,5.143579092080704,0.0,1.5727835849787069,0.0,0.5952380952380952,0.5952380952380952,1.5457733480989293,0.0,0.0,0.0,0.0,0.0,0.0,0.0,0.0,0.0,0.5558643690939411,2.6602147431267755,1.3322618846218914,0.5952380952380952,0.0,0.0,0.0,0.0,0.0,0.0,0.0,0.0,0.0,0.0,0.5807200929152149,0.0,0.992063492063492,0.0,0.0,0.0,0.0,0.0,0.0,0.5952380952380952,0.0,0.0,0.0,0.0,0.0,0.5952380952380952,0.0,0.0,0.0,1.5457733480989293,0.0,0.0,0.0,0.0,0.0,0.0,0.0,0.0,0.0,0.0,0.0,0.0,0.0,0.0,0.0,2.298024647839586,2.878744740754801,12.0,2.2261895681177606,2.652631091056317,3.572557179342554,0.8159130204815259,8.857142857142858,1.1766444125658675,2.2261895681177606,4.490162861218566,29.948979591836736,1.978612226039545,11.948497327294827,18.06607213908384,13.423783384229692,18.95409832617568,19.590490450184287,22.419513581963923,0.0033046061422259583,0.0013571176084431653,2019,6
2019-07-01,5,0.9803921568627452,0.0,1.3986013986013988,0.0,0.0,0.9803921568627452,3.7775949540655427,0.0,0.0,0.0,0.0,0.0,0.0,0.0,0.0,0.0,0.9803921568627452,0.0,0.0,0.0,0.0,0.0,0.0,0.0,0.0,0.0,0.0,0.0,0.0,0.0,0.0,0.0,1.3986013986013988,0.0,0.0,0.0,0.0,0.0,0.0,0.0,0.0,0.0,0.0,0.0,0.0,0.9803921568627452,0.0,0.0,0.0,2.7972027972027975,0.0,0.9803921568627452,0.0,0.0,0.0,0.0,0.0,0.0,0.0,0.0,0.0,0.0,0.0,0.0,0.0,0.8264462809917357,0.0,11.0,1.893811943063799,2.7805940491118855,3.4512148248792274,0.6941766049782104,5.8,0.9125707998131635,1.893811943063799,2.7972027972027975,25.053571428571427,1.8760877806247334,22.249217055733624,16.222084424512673,12.493687731291281,16.5687991807169,17.767422646219494,18.70602264089105,0.0075800831217667395,0.00196078431372549,2019,7
2019-08-01,8,4.220017110256391,1.7942583732057418,1.8082554910376167,0.0,0.0,0.0,2.1031754083822607,0.3676470588235294,0.0,1.1905031860132884,0.0,0.0,0.0,0.0,0.3676470588235294,0.0,1.074446386946387,0.6188118811881188,0.968608597285068,0.0,0.0,0.0,0.0,0.0,1.7942583732057418,0.0,0.0,0.0,0.3676470588235294,0.0,0.0,0.0,1.4406084322140873,0.0,0.0,0.0,0.0,0.0,0.0,0.0,0.0,0.0,0.0,0.0,0.0,0.0,0.0,0.0,0.0,2.1031754083822607,0.0,0.0,0.0,0.0,0.0,0.0,0.0,0.3676470588235294,0.0,0.0,0.0,0.0,0.0,0.0,0.0,0.0,1.8032482840525041,11.375,2.083190098152393,2.7305607032877472,3.2735994089879563,0.6786040634642118,7.875,0.9189385696397219,2.083190098152393,1.4406084322140873,24.32410037878788,2.002571300152316,11.828892331630875,17.357563290081828,13.238601730894041,17.703792210643226,18.467823591357345,20.429910950292907,0.001832518517688873,0.003244030865934891,2019,8
2019-09-01,8,2.5604607526321272,0.7142857142857143,0.0,0.0,1.424512987012987,0.0,1.4008350075339027,0.0,0.0,0.6906077348066298,0.0,0.0,0.0,0.0,0.0,0.0,0.0,1.8698530178254975,0.0,0.0,0.0,0.0,0.0,0.7142857142857143,0.0,0.0,0.0,0.0,0.0,0.0,0.0,0.0,0.0,0.0,0.0,0.0,0.0,0.0,0.0,0.0,0.7102272727272727,0.7142857142857143,0.0,0.0,0.0,0.0,0.0,0.0,0.0,1.4008350075339027,0.0,0.0,0.0,0.0,0.0,0.0,0.0,0.0,0.0,0.0,0.0,0.0,0.0,0.0,0.0,0.5896226415094339,4.156992771379564,12.25,2.46471793601751,2.6909420910075954,3.204036870646362,0.6128709676674544,7.0,0.6940628671200675,2.46471793601751,2.9440448840771123,22.916215728715727,1.9740430797650625,15.423912108853393,16.619497504324624,13.050708183418179,17.521312959305963,17.965306850507815,20.177412015744434,0.0012802303763160636,0.0,2019,9
2019-10-01,13,0.32051282051282054,0.0,0.5962227736421285,0.0,1.027835280734729,0.0,1.8078803996259154,0.0,0.4524886877828054,0.0,0.0,0.0,0.0,0.0,0.0,0.0,0.0,0.32051282051282054,0.0,0.0,0.0,0.0,0.0,0.0,0.0,0.0,0.0,0.0,0.0,0.0,0.0,0.0,0.5962227736421285,0.0,0.0,0.0,0.0,0.0,0.0,0.0,0.0,0.0,0.3089280197713932,0.7189072609633358,0.0,0.0,0.0,0.0,0.0,1.8078803996259154,0.0,0.0,0.0,0.0,0.0,0.0,0.0,0.0,0.0,0.4524886877828054,0.0,0.0,0.0,0.0,0.8227067050596463,0.9702262071247056,7.54607216713619,12.76923076923077,2.479665047172972,2.7415171302553936,3.479769082368978,0.7465305632478398,8.0,0.9297117936784569,2.479665047172972,7.211322833540709,24.959676434676435,1.943258334602311,19.47013130576166,16.108913328998877,13.331470800940128,17.26006312107954,17.80558404715977,19.643716047239486,0.0019114921223354958,0.0019812120652456786,2019,10
2019-11-01,11,5.649003430313427,0.0,0.8644642152495556,0.0,1.1655011655011653,0.0,1.4655925536754553,0.0,0.0,0.0,0.4248088360237893,0.0,0.4248088360237893,0.0,0.0,0.0,1.0308694420843953,2.375495586144148,1.0045203415369162,0.3885003885003886,0.0,0.0,0.0,0.0,0.0,0.0,0.0,0.0,0.0,0.0,0.0,0.0,0.8644642152495556,0.0,0.0,0.0,0.0,0.0,0.0,0.3885003885003886,0.7770007770007772,0.0,0.0,0.0,0.0,0.0,0.0,0.0,0.0,1.4655925536754553,0.0,0.0,0.0,0.0,0.0,0.0,0.0,0.0,0.0,0.0,0.0,0.0,0.0,0.0,0.0,0.7836990595611284,2.6707873898885137,10.909090909090908,2.0005999603786653,2.6771199821091307,3.2661367062703452,0.6939644270475226,4.7272727272727275,0.6428878570667748,2.0005999603786653,0.5107252298263534,23.00785123966942,1.941616522030496,18.594858980679774,16.12934163033622,12.938517723659329,16.695899589690896,17.52815012220524,19.17699106989397,0.004297462429541691,0.0011167858358869596,2019,11
2019-12-01,18,3.990269815455673,1.1377055366986797,1.3267626228307883,0.0,1.4132573611999186,0.0,1.227306921427149,0.0,0.0,0.6438318403207696,0.0,0.0,0.3998665193777041,0.0,0.0,0.0,0.8026181238050317,0.7402408883014637,1.4037124436507034,0.0,0.0,0.0,0.0,0.5473453749315819,0.590360161767098,0.0,0.0,0.0,0.7846939435072071,0.0,0.5420686793235814,0.0,0.0,0.0,0.0,0.0,0.0,0.0,0.0,0.0,0.8091424758091424,0.3998665193777041,0.0,0.2042483660130719,0.0,0.0,0.0,0.0,0.0,1.227306921427149,0.0,0.0,0.0,0.0,0.0,0.0,0.0,0.0,0.0,0.0,0.0,0.0,0.0,0.0,0.0,0.19912385503783353,4.185765654266439,11.777777777777779,2.1711523056386364,2.7173031016533216,3.197427510075566,0.6290010554279297,8.277777777777779,0.8323129530382741,2.1711523056386364,2.2738705997683084,23.013249559082894,1.9849220412953459,15.254387182349793,16.427470917422948,13.474119842206912,17.181661901655968,18.048214531178587,19.74249287982815,0.0023892930789862314,0.001621739298647627,2019,12
2020-01-01,12,2.6819224642619575,0.0,3.722943722943723,0.0,1.4618203528709366,0.35919540229885055,1.0115157173980702,0.8417508417508418,0.4208754208754209,0.6613756613756613,0.0,0.0,0.0,0.0,0.8417508417508418,0.0,0.0,1.1787959611354542,0.0,0.0,0.0,0.0,0.0,0.0,0.0,0.0,0.0,0.0,0.0,0.0,0.6613756613756613,0.0,3.0615680615680616,0.0,0.0,0.0,0.0,0.0,0.0,0.0,0.4761904761904762,0.6613756613756613,0.0,0.324254215304799,0.0,0.35919540229885055,0.0,0.0,0.0,1.0115157173980702,0.0,0.0,0.0,0.0,0.0,0.0,0.0,0.8417508417508418,0.0,0.4208754208754209,0.0,0.0,0.0,0.0,0.4761904761904762,0.0,2.042146497399416,11.666666666666666,2.298473813784511,2.6937057821973407,3.183403933735328,0.6330863300683427,6.166666666666667,0.9282420143712814,2.298473813784511,4.012401880709944,22.706288156288156,1.9423510746989863,18.793822668238295,16.025683770967074,12.819079008075825,17.04856836320525,17.422550035126314,19.607298536210767,0.0016728913787737315,0.0009856298766804602,2020,1
2020-02-01,12,1.8581651891057511,0.32051282051282054,1.2568183668484896,0.0,1.439022558810594,0.4528985507246377,2.599379470375393,0.41254125412541254,0.0,0.0,0.0,0.0,0.48169556840077066,0.0,0.41254125412541254,0.0,0.0,0.37707390648567124,0.5868544600938967,0.0,0.0,0.0,0.0,0.32051282051282054,0.0,0.0,0.0,0.0,0.0,0.0,0.0,0.0,1.2568183668484896,0.0,0.0,0.0,0.0,0.0,0.0,0.0,0.0,0.8250825082508251,0.32051282051282054,0.2934272300469484,0.0,0.0,0.0,0.4528985507246377,0.0,2.599379470375393,0.0,0.0,0.0,0.0,0.0,0.0,0.0,0.41254125412541254,0.0,0.0,0.0,0.0,0.0,0.0,0.0,0.5868544600938967,2.562128688011249,12.666666666666666,2.576098357520599,2.764109002739786,3.5907692680469556,0.9513091041923682,9.083333333333334,0.944086248585655,2.576098357520599,7.040142973996434,24.704761904761906,1.9292497498894605,22.494873919154813,15.553730015421337,12.922384768847921,16.745732776204367,16.8707721582144,18.901834413120167,0.0029833913245722304,0.0007979493273610922,2020,2
2020-03-01,6,1.3944687045123725,0.0,1.3123359580052494,0.0,1.3228346456692914,0.0,1.3839700168483304,0.0,0.7278020378457059,0.0,0.0,0.0,0.0,0.0,0.0,0.0,0.0,0.7278020378457059,0.0,0.6666666666666666,0.0,0.0,0.0,0.0,0.0,0.0,0.0,0.0,0.0,0.0,0.0,0.0,1.3123359580052494,0.0,0.0,0.0,0.0,0.0,0.0,0.6666666666666666,0.0,0.0,0.0,0.6561679790026247,0.0,0.0,0.0,0.0,0.0,1.3839700168483304,0.0,0.0,0.0,0.0,0.0,0.0,0.0,0.0,0.0,0.0,0.0,0.7278020378457059,0.0,0.0,0.0,2.9787968049252975,4.4898989898989905,11.5,2.0143284122105767,2.7362572974891903,3.331923270221201,0.6710694469177789,7.333333333333333,0.7826828867203736,2.0143284122105767,1.572327044025157,23.994017094017096,1.9265399006108288,21.760067274093128,15.52076704520434,13.01615514398982,16.648738200339466,16.993916287598797,18.885035168982593,0.004526467203682394,0.001287481110315756,2020,3
2020-04-01,8,0.5122950819672132,0.0,0.48638132295719844,0.0,1.8780328480776407,0.5482456140350876,1.0605406960023007,0.0,0.0,0.5122950819672132,0.0,0.0,0.0,0.0,0.0,0.0,0.0,0.0,0.0,0.0,0.0,0.0,0.0,0.0,0.0,0.0,0.0,0.0,0.0,0.0,0.0,0.0,0.48638132295719844,0.0,0.0,0.0,0.0,0.0,0.0,0.0,1.3297872340425532,0.5482456140350876,0.0,0.0,0.0,0.5482456140350876,0.0,0.0,0.0,0.5122950819672132,0.0,0.0,0.5482456140350876,0.0,0.0,0.0,0.0,0.0,0.0,0.0,0.0,0.0,0.0,0.0,0.0,3.5448535884531704,0.0,11.0,1.9437794451059853,2.7697368331809997,3.3563713912128614,0.577946196535574,5.5,0.7551549960909351,1.9437794451059853,2.4931222440106424,24.589407467532467,1.9420744490771757,20.636321577400214,15.771684288085297,13.114525048874432,16.52965596464295,17.26755077935966,18.73178300066075,0.00496190726688945,0.0005122950819672131,2020,4
2020-05-01,11,3.0555143984775928,1.371102764830988,2.8916485913672667,0.0,0.44130626654898497,1.041136802401159,1.429798064981064,0.0,0.37565740045078894,1.6716692918065916,0.0,0.0,0.37565740045078894,0.0,0.0,0.0,0.0,0.46382189239332094,0.5443658138268916,0.0,0.0,0.0,0.0,0.46382189239332094,0.9072808724376668,0.0,0.0,0.0,0.44345898004434586,0.0,0.0,0.0,2.448189611322921,0.0,0.0,0.0,0.0,0.0,0.0,0.0,0.0,0.44130626654898497,0.0,0.0,0.0,1.041136802401159,0.0,0.0,0.0,1.429798064981064,0.0,0.0,0.0,0.0,0.0,0.0,0.0,0.0,0.0,0.0,0.0,0.37565740045078894,0.0,0.0,0.46382189239332094,0.683526999316473,5.084085118882857,10.909090909090908,2.2770734348667814,2.746216105484267,3.4203805271209755,0.7481639561484431,8.181818181818182,0.9821398034220731,2.2770734348667814,4.884680881738642,22.08225108225108,1.9306435887043343,22.014336123029064,15.378975944646436,12.843723256693409,16.24578326383495,16.451361737543017,18.314393411575146,0.002518180186692887,0.0013143414538412095,2020,5
2020-06-01,4,3.7313432835820897,0.0,1.8656716417910448,0.0,1.0204081632653061,0.0,0.0,1.8656716417910448,0.0,0.0,0.0,0.0,1.8656716417910448,0.0,1.8656716417910448,0.0,0.0,0.0,0.0,0.0,0.0,0.0,0.0,0.0,0.0,0.0,0.0,0.0,0.0,0.0,1.8656716417910448,0.0,0.0,0.0,0.0,0.0,0.0,0.0,0.0,0.0,0.0,0.0,0.0,1.0204081632653061,0.0,0.0,0.0,0.0,0.0,0.0,0.0,0.0,0.0,0.0,0.0,0.0,0.0,1.8656716417910448,0.0,0.0,0.0,0.0,0.0,0.0,3.7313432835820897,0.0,1.0204081632653061,11.5,2.039702470056793,2.755072319428465,3.124278773449574,0.5553227207126339,9.25,0.7753416104424604,2.039702470056793,7.327207368735608,22.00676406926407,1.973589217498008,16.415850315439187,16.40252647857378,12.347122266611146,17.011318351931898,17.530000395864754,19.383700221901417,0.007658728191033443,0.0018656716417910447,2020,6
2020-07-01,7,1.9790664972141818,0.0,0.7558578987150416,0.0,0.0,0.8928571428571429,1.0131712259371832,0.0,0.0,0.0,0.0,0.0,0.0,0.0,0.0,0.0,0.700280112044818,0.5065856129685916,0.7722007722007722,0.0,0.0,0.0,0.0,0.0,0.0,0.0,0.0,0.0,0.0,0.0,0.0,0.0,0.7558578987150416,0.0,0.0,0.0,0.0,0.0,0.0,0.0,0.0,0.0,0.0,0.0,0.0,0.8928571428571429,0.0,0.0,0.0,1.0131712259371832,0.0,0.0,0.0,0.0,0.0,0.0,0.0,0.0,0.0,0.0,0.0,0.0,0.0,0.0,0.0,1.47248088424559,3.088803088803089,12.0,2.415333055311237,2.705949385429634,3.3505523751733945,0.6941276227669474,6.571428571428571,0.9256929905696252,2.415333055311237,1.5444015444015444,22.571583178726037,2.0059017671417747,18.100027478982604,15.849204803807487,13.244840849307634,16.66782338485892,17.558380309936034,18.89332951121,0.005958842273208446,0.0012705275533811203,2020,7
2020-08-01,10,2.411954000815464,0.689655172413793,2.2114740078126807,0.0,1.658665348176975,0.9012840766395269,0.5434782608695652,0.0,0.0,1.0174119101586647,0.0,0.0,0.5434782608695652,0.0,0.0,0.0,0.851063829787234,0.0,0.0,0.0,0.0,0.0,0.689655172413793,0.0,0.0,0.0,0.0,0.0,0.0,0.0,0.6578947368421052,0.0,1.5535792709705754,0.0,0.0,0.0,0.0,0.0,0.0,0.0,1.658665348176975,0.0,0.0,0.0,0.42735042735042744,0.47393364928909953,0.0,0.0,0.0,0.5434782608695652,0.0,0.0,0.0,0.0,0.0,0.0,0.0,0.0,0.0,0.0,0.0,0.0,0.0,0.0,0.0,0.689655172413793,4.755909568743793,10.6,2.032865068423609,2.739402973366709,3.347748823985153,0.7081832564673858,7.7,0.8526656075383672,2.032865068423609,6.299248301734354,22.506883116883117,1.962409122212684,20.50378758320521,15.676517397030045,13.116686187971414,16.50340156333566,16.76018907467429,18.705288564036913,0.00047393364928909954,0.00167530664700077,2020,8
2020-09-01,9,2.1823957750731204,1.7533953460726914,1.063264221158958,0.0,1.6383423534987938,0.6901311249137335,0.0,0.0,1.2175031668209055,0.0,0.0,0.0,0.0,0.0,0.0,0.0,1.6507636644936414,0.531632110579479,0.0,0.0,0.0,0.0,0.0,1.2217632354932126,0.531632110579479,0.0,0.0,0.0,0.531632110579479,0.0,0.531632110579479,0.0,0.0,0.0,0.0,0.0,0.0,0.0,0.0,0.0,1.209341924498365,0.429000429000429,0.0,0.0,0.0,0.0,0.0,0.0,0.6901311249137335,0.0,0.0,0.0,0.0,0.0,0.0,0.0,0.0,0.0,0.0,1.2175031668209055,0.0,0.0,0.0,0.0,0.0,0.0,3.3103776490019876,12.11111111111111,2.5417560837660873,2.6936529648773866,3.359584118696888,0.6876683746367851,4.555555555555555,0.7541557151795323,2.5417560837660873,1.0508429101641104,25.151455026455025,1.9298580934329364,18.039658755634502,16.66571900768743,13.08142719156467,17.275560853790758,17.932789905241854,19.746492318829002,0.0010508429101641103,0.0023776150714160125,2020,9
2020-10-01,8,0.5,0.8223684210526315,0.5,0.0,0.0,0.5,3.630339892636824,0.0,0.5924170616113744,0.0,0.0,0.0,0.0,0.0,0.0,0.0,0.5,0.0,0.0,0.0,0.0,0.0,0.0,0.8223684210526315,0.0,0.0,0.0,0.0,0.0,0.0,0.0,0.0,0.5,0.0,0.0,0.0,0.0,0.0,0.0,0.0,0.0,0.0,0.0,0.0,0.0,0.5,0.0,0.0,0.0,3.630339892636824,0.0,0.0,0.0,0.0,0.0,0.0,0.0,0.0,0.0,0.5924170616113744,0.0,0.0,0.0,0.0,0.5924170616113744,0.996031746031746,1.838235294117647,11.875,2.307494172111408,2.7867990674765086,3.129152695314496,0.5903845203469256,8.5,0.7319595736460275,2.307494172111408,5.100951532668519,22.326686507936508,2.009506271049517,11.775691281374918,17.074923250201866,13.01938229948353,17.535447163178855,18.137570897680675,19.978230571763376,0.003325818980074299,0.0005506607929515419,2020,10
2020-11-01,8,4.246325091130789,1.0950326847065979,1.0701080126045062,0.0,1.1574074074074074,1.6514785536524668,1.1769984048209854,1.4630633943070748,0.0,0.0,0.0,0.0,0.46296296296296297,0.0,0.49407114624505927,0.0,1.5450291144214625,0.5868544600938967,0.0,1.1574074074074074,0.0,0.0,0.0,0.0,1.0950326847065979,0.0,0.0,0.0,1.0701080126045062,0.0,0.0,0.0,0.0,0.0,0.0,0.0,0.0,0.0,0.0,1.1574074074074074,0.0,0.0,0.0,0.0,0.49407114624505927,1.1574074074074074,0.0,0.0,0.0,1.1769984048209854,0.0,0.0,0.0,0.0,0.0,0.0,0.9689922480620154,0.49407114624505927,0.0,0.0,0.0,0.0,0.0,0.0,3.285098054119793,2.347417840375587,5.939079992777176,11.375,2.158241718373784,2.707035410712214,3.350596092067447,0.703533484454773,5.875,0.6302305619117563,2.158241718373784,2.006851532264882,23.02405303030303,1.9990168592561441,14.368982384439548,16.3764961049515,13.303723679287696,17.392347822521057,18.178341393093472,20.363592817589787,0.0024512056867971935,0.002019412416129242,2020,11
2020-12-01,14,3.313315883639511,0.3174603174603175,2.5557000937776957,0.0,0.29274004683840754,0.0,0.6498829039812647,0.4436557231588287,0.35893754486719315,0.7142857142857143,0.0,0.0,0.610200364298725,0.0,0.4436557231588287,0.0,0.5175983436853002,0.621731582366787,0.40584415584415584,0.0,0.0,0.0,0.0,0.0,0.3174603174603175,0.0,0.0,0.0,0.0,0.0,0.6324664253053001,0.0,1.9232336684723959,0.0,0.0,0.0,0.0,0.0,0.0,0.0,0.29274004683840754,0.0,0.0,0.0,0.0,0.0,0.0,0.0,0.0,0.6498829039812647,0.0,0.0,0.0,0.0,0.0,0.0,0.0,0.4436557231588287,0.0,0.0,0.0,0.0,0.35893754486719315,0.0,0.9216589861751151,2.6524228127934473,2.927423033530966,11.857142857142858,2.4647655019653607,2.7886645908700727,3.3507177811329405,0.6168965993314384,7.714285714285714,0.892922900014739,2.4647655019653607,3.2421529454934546,23.937747371675943,2.0148913580728958,14.122264562363569,16.893933301569025,13.479190077603302,17.48145059644643,18.636126742478897,19.967481198177147,0.001556056708738275,0.0030770190290001606,2020,12
2021-01-01,12,0.8679146603184908,0.48169556840077066,1.9468430756088158,0.0,0.34435261707988984,0.4553734061930783,2.473097545743125,0.0,0.0,0.0,0.0,0.0,0.0,0.0,0.0,0.0,0.4553734061930783,0.0,0.41254125412541254,0.0,0.0,0.0,0.0,0.0,0.48169556840077066,0.0,0.0,0.0,0.7082536360027428,0.0,0.0,0.0,1.238589439606073,0.0,0.0,0.0,0.0,0.0,0.0,0.0,0.0,0.34435261707988984,0.0,0.0,0.0,0.0,0.0,0.0,0.4553734061930783,2.473097545743125,0.0,0.0,0.0,0.0,0.0,0.0,0.0,0.0,0.0,0.0,0.0,0.0,0.0,0.0,0.0,0.0,2.3733255678509027,10.25,1.9896547752554474,2.7522695303633604,3.454384231847389,0.741031458431724,7.666666666666667,0.9388851930380376,1.9896547752554474,4.185975372805797,24.72003968253968,2.0230068743637504,12.856170501524609,16.53396722651964,13.191840370170278,17.05966478292911,17.81537583100069,19.767509949255228,0.003496578324720187,0.0014461521011739354,2021,1
2021-02-01,12,4.2901604155093045,0.3671071953010279,2.8281179640676695,0.0,1.0690066763729849,0.3255208333333333,0.3346720214190093,0.3255208333333333,0.7576838657506505,0.36549707602339176,0.0,0.0,0.5411255411255412,0.3255208333333333,0.0,0.0,0.32299741602067183,1.8952082253240743,0.8398113236822914,0.0,0.0,0.0,0.3671071953010279,0.0,0.0,0.0,0.0,0.0,0.0,0.0,0.0,0.0,2.8281179640676695,0.0,0.0,0.0,0.0,0.0,0.0,0.0,0.6459948320413437,0.0,0.0,0.42301184433164124,0.3255208333333333,0.0,0.0,0.0,0.0,0.3346720214190093,0.0,0.0,0.0,0.0,0.3255208333333333,0.0,0.0,0.0,0.0,0.42301184433164124,0.0,0.0,0.3346720214190093,0.0,0.0,0.3346720214190093,0.2986857825567503,10.75,1.8184556237977911,2.6987763835284913,3.1920975606314563,0.43774096428354387,9.166666666666666,0.9844431769260846,1.8184556237977911,7.0766781296493955,24.281507150257152,1.970012263191374,14.741902556196239,17.010145565604166,13.039296652915715,17.597807119277714,18.262635709957085,20.457815198658526,0.005758913675627025,0.0003255208333333333,2021,2
2021-03-01,5,1.1049723756906078,0.0,2.5711266778851796,0.0,0.0,0.0,1.7699115044247786,0.0,0.0,1.1049723756906078,0.0,0.0,0.0,0.0,0.0,0.0,0.0,0.0,0.0,0.0,0.0,0.0,0.0,0.0,0.0,0.0,0.0,0.0,0.0,0.0,0.7905138339920948,0.0,1.7806128438930848,0.0,0.0,0.0,0.0,0.0,0.0,0.0,0.0,0.0,0.0,0.0,0.0,0.0,0.0,0.0,0.0,1.7699115044247786,0.0,0.0,0.0,0.0,0.0,0.0,0.0,0.0,0.0,0.0,0.0,0.0,0.0,0.0,0.0,1.8750547621133795,0.0,16.4,3.561237666887864,2.7655811625487683,3.162182838999964,0.6223785436359228,6.0,0.7350545619722118,3.561237666887864,3.456082430097569,23.342857142857145,1.9216267867014136,21.82787659899713,15.475629029180572,12.836987207342943,17.08527330553265,16.36879944907119,19.40525449216242,0.0033616405118772744,0.0022611020692862123,2021,3
2021-04-01,3,2.7548209366391188,0.0,2.6143790849673203,0.0,0.0,0.0,0.0,0.0,0.0,0.0,0.0,0.0,0.0,0.0,0.0,0.0,2.7548209366391188,0.0,0.0,0.0,0.0,0.0,0.0,0.0,0.0,0.0,0.0,0.0,0.0,0.0,0.0,0.0,2.6143790849673203,0.0,0.0,0.0,0.0,0.0,0.0,0.0,0.0,0.0,0.0,0.0,0.0,0.0,0.0,0.0,0.0,0.0,0.0,0.0,0.0,0.0,0.0,0.0,0.0,0.0,0.0,0.0,0.0,0.0,0.0,0.0,0.0,7.342143906020559,15.970679967476123,12.333333333333334,2.3480697691631605,2.8204088389549633,3.764753570978448,0.8473693045903806,5.666666666666667,1.0193925625327311,2.3480697691631605,1.4684287812041117,26.943722943722946,1.9225582421666318,21.114873188646282,16.237394297007757,13.021618854176216,17.139926032661222,17.5066238072435,19.743331061294825,0.0027548209366391185,0.00130718954248366,2021,4
2021-05-01,6,1.1820330969267139,0.0,2.92961221185722,0.0,0.0,1.7567457406048748,0.5747126436781609,0.0,1.1494252873563218,1.1820330969267139,0.0,0.0,0.0,0.0,0.0,0.0,0.0,0.0,0.0,0.0,0.0,0.0,0.0,0.0,0.0,0.0,0.0,0.0,0.0,0.0,0.0,0.0,2.92961221185722,0.0,0.0,0.0,0.0,0.0,0.0,0.0,0.0,0.0,0.0,0.0,0.0,1.7567457406048748,0.0,0.0,0.0,0.5747126436781609,0.0,0.0,0.0,0.0,0.0,0.0,0.0,0.0,0.0,1.1494252873563218,0.0,0.0,0.0,0.0,0.0,0.5747126436781609,0.5747126436781609,11.166666666666666,2.3357615680576083,2.6968864933264087,3.290689136342206,0.6304745002173351,6.333333333333333,0.6060341132682371,2.3357615680576083,3.969654199011998,23.911195286195284,2.0227899510886407,11.285541760805486,17.48509121136826,13.17906966480858,18.13043690769133,18.60569372316456,21.08764249882778,0.0005747126436781609,0.003131616090331687,2021,5
2021-06-01,6,1.7752715121136173,0.9416195856873824,0.5952380952380952,0.0,0.584795321637427,1.169590643274854,1.7749529190207156,1.1904761904761905,0.8333333333333334,0.0,0.0,0.0,0.0,0.0,1.1904761904761905,0.0,0.0,0.584795321637427,0.0,0.0,0.0,0.0,0.0,0.0,0.0,0.0,0.9416195856873824,0.0,0.0,0.0,0.0,0.0,0.5952380952380952,0.0,0.0,0.0,0.0,0.0,0.0,0.0,0.584795321637427,0.0,0.0,0.0,0.0,0.0,0.0,1.169590643274854,0.0,0.8333333333333334,0.9416195856873824,0.0,0.0,0.0,0.0,0.0,0.0,1.1904761904761905,0.0,0.0,0.0,0.8333333333333334,0.0,0.0,1.529051987767584,0.0,1.1800334168755222,12.5,2.3898852416232423,2.7453740511529703,3.2401884657038025,0.5796981479994942,8.666666666666666,1.0992856356391496,2.3898852416232423,4.4634713695553865,26.321759259259256,1.9506893203620208,17.607410850045465,16.676465722430404,12.591365929005773,17.324014344527328,17.575017584999355,19.81122090738621,0.0063097726272508285,0.0,2021,6
2021-07-01,8,6.349207891864641,0.8849807027216681,0.5787037037037037,0.0,0.0,1.6777646074466601,0.44014084507042256,1.3298205603729136,0.0,0.7668711656441718,0.0,0.0,1.6824636200274832,0.0,0.889679715302491,0.0,1.0188445487741262,1.9913488421163685,0.0,0.0,0.0,0.0,0.44014084507042256,0.0,0.4448398576512455,0.0,0.0,0.0,0.0,0.0,0.0,0.0,0.5787037037037037,0.0,0.0,0.0,0.0,0.0,0.0,0.0,0.0,0.0,0.0,0.0,0.0,1.2376237623762376,0.0,0.0,0.44014084507042256,0.44014084507042256,0.0,0.0,0.0,0.0,0.0,0.44014084507042256,0.0,0.889679715302491,0.0,0.0,0.0,0.0,0.0,0.0,0.8802816901408451,0.7022471910112359,3.947766352717532,11.375,1.963029306877552,2.7524137242497337,3.2568888582822755,0.6421974949580068,6.5,0.8383254654876097,1.963029306877552,2.1713655476666434,24.43851461038961,1.9556446203460118,20.771884355807135,15.666219273834379,12.483629874475788,17.090653536896582,16.261413902456074,19.694035063399184,0.0021013907385979084,0.0023332414171054363,2021,7
2021-08-01,8,3.545708799406219,0.6218905472636815,1.4928212253539765,0.0,0.496031746031746,1.0418832744160254,1.1179222932954276,1.243781094527363,0.0,0.0,0.0,0.0,0.0,0.6218905472636815,0.6218905472636815,0.0,1.1677420756479608,1.1341856292308947,0.0,0.0,0.0,0.0,0.0,0.0,0.0,0.0,0.6218905472636815,0.0,0.0,0.0,0.0,0.0,1.4928212253539765,0.0,0.0,0.0,0.0,0.0,0.0,0.0,0.0,0.496031746031746,0.0,0.0,1.0418832744160254,0.0,0.0,0.0,0.0,1.1179222932954276,0.0,0.0,0.0,0.0,0.6218905472636815,0.0,0.0,0.6218905472636815,0.0,0.0,0.0,0.0,0.0,0.0,0.992063492063492,0.0,6.305058890905492,11.75,2.2285562830479257,2.7680857231056932,3.3193814499776266,0.6747111892151328,6.375,0.8188226178125768,2.2285562830479257,2.5509678357054693,22.152371933621932,1.921106215069949,20.30724877015728,15.4440226721428,12.766932418963325,16.437020678947,16.817375139332466,18.572842640802286,0.004289563565118049,0.0023401099015900213,2021,8
2021-09-01,9,1.9141754088088452,0.0,1.6053415952187404,0.0,1.0643797707021865,1.390665583376276,2.577251874590205,0.0,0.0,0.0,0.0,0.0,1.4492753623188406,0.0,0.0,0.0,0.0,0.0,0.4649000464900046,0.0,0.0,0.0,0.0,0.0,0.0,0.0,0.0,0.0,0.526592943654555,0.0,0.0,0.0,1.0787486515641855,0.0,0.0,0.0,0.0,0.0,0.0,0.0,1.0643797707021865,0.0,0.0,0.0,0.0,1.390665583376276,0.0,0.0,0.0,2.577251874590205,0.0,0.0,0.0,0.0,0.0,0.0,0.0,0.0,0.0,0.0,0.0,0.0,0.0,0.0,0.0,0.0,4.16757949585087,11.777777777777779,2.219236812979423,2.7925269261267363,3.3777911223673853,0.710688989981305,8.11111111111111,0.8823764012282396,2.219236812979423,3.174845231991319,23.924719416386083,1.9989780103901411,14.268990064115624,17.119892423422396,13.393245672708446,17.989263026138108,18.496263283336905,20.7220758280735,0.004113437670091992,0.0,2021,9
2021-10-01,8,0.4734848484848485,1.0390957082133554,1.1416477260879538,0.0,0.0,1.0390957082133554,0.4734848484848485,0.0,0.5924170616113744,0.0,0.0,0.0,0.4734848484848485,0.0,0.0,0.0,0.0,0.0,0.0,0.0,0.0,0.0,0.0,0.0,1.0390957082133554,0.0,0.0,0.0,0.0,0.0,0.5656108597285069,0.0,0.576036866359447,0.0,0.0,0.0,0.0,0.0,0.0,0.0,0.0,0.0,0.0,0.0,0.5656108597285069,0.4734848484848485,0.0,0.0,0.0,0.4734848484848485,0.0,0.0,0.0,0.0,0.0,0.0,0.0,0.0,0.0,0.5924170616113744,0.0,0.0,0.0,0.0,0.0,3.7485940187905253,7.78338385631744,12.875,2.503543607728672,2.7492595737942875,3.441810747136864,0.6610739190311238,10.0,0.9413574576740802,2.503543607728672,4.221716523548777,27.812354312354312,2.0365924555072827,1.1291906379477368,19.900759800751132,13.505021905972596,19.341816754140265,22.05748847075902,22.702729167955646,0.005020345842011633,0.0021607017181313254,2021,10
2021-11-01,8,3.9262508126132527,1.053892109728507,0.0,0.0,0.6188118811881188,1.1937515632460949,1.6727039909166257,0.5656108597285069,0.0,0.0,0.0,0.0,2.3067478431562396,0.5656108597285069,0.0,0.0,1.053892109728507,0.0,0.0,0.0,0.0,0.0,0.0,0.0,0.48828125,0.0,0.5656108597285069,0.0,0.0,0.0,0.0,0.0,0.0,0.0,0.0,0.0,0.0,0.0,0.0,0.0,0.0,0.0,0.0,0.6188118811881188,0.0,0.5656108597285069,0.0,0.0,0.628140703517588,1.6727039909166257,0.0,0.0,0.0,0.0,0.5656108597285069,0.0,0.0,0.0,0.0,0.0,0.0,0.0,0.0,0.0,0.0,0.0,2.0361990950226243,9.875,1.7208655353781281,2.7341294411472403,3.3182661857125675,0.7879595694507917,6.875,0.6845467710858937,1.7208655353781281,0.5656108597285069,25.19534632034632,2.0727803742203452,4.14866332297882,18.844889065194725,13.242038365483623,19.024992290575696,20.108125940994,22.321519328201063,0.0046136459871500175,0.0011788014964691299,2021,11
2021-12-01,3,2.032520325203252,0.0,10.16260162601626,0.0,2.032520325203252,0.0,0.0,0.0,0.0,0.0,0.0,0.0,0.0,0.0,0.0,0.0,0.0,0.0,0.0,2.032520325203252,0.0,0.0,0.0,0.0,0.0,0.0,0.0,0.0,0.0,0.0,0.0,0.0,10.16260162601626,0.0,0.0,0.0,0.0,0.0,0.0,2.032520325203252,0.0,0.0,0.0,0.0,0.0,0.0,0.0,0.0,0.0,0.0,0.0,0.0,0.0,0.0,0.0,0.0,0.0,0.0,0.0,0.0,0.0,0.0,0.0,0.0,0.0,0.0,2.109704641350211,11.666666666666666,2.4869321158738895,2.665321765452084,3.99800723385629,0.8259869037019946,6.0,1.1535807032278447,2.4869321158738895,6.251929607903674,32.00555555555555,2.0956809844113975,-3.0914147984772833,21.674713030730615,13.67987034106544,21.279014233254063,23.36477777777778,25.275359241822827,0.0020325203252032522,0.0020325203252032522,2021,12
2022-01-01,6,1.9058240396530362,0.0,3.45203488372093,0.0,1.7227564102564104,0.8547008547008548,0.8680555555555555,0.0,0.0,0.0,0.0,0.0,0.0,0.0,0.0,0.0,1.2862453531598514,0.6195786864931846,0.0,0.0,0.0,0.0,0.0,0.0,0.0,0.0,0.0,0.0,1.2919896640826873,0.0,2.1600452196382425,0.0,0.0,0.0,0.0,0.0,0.0,0.0,0.0,0.0,0.8680555555555555,0.8547008547008548,0.0,0.0,0.8547008547008548,0.0,0.0,0.0,0.0,0.8680555555555555,0.0,0.0,0.0,0.0,0.0,0.0,0.0,0.0,0.0,0.0,0.0,0.0,0.0,0.0,0.0,0.0,1.4742795411940393,11.0,2.159593804856266,2.762378556161588,3.131166320917062,0.6931230136854979,7.5,0.7555075659731921,2.159593804856266,2.389423076923077,21.904391904391904,1.9873355616365596,14.20010052952082,16.644826748372445,13.213566904459407,17.459926528115318,18.17519722147499,20.020599603578663,0.0008375209380234506,0.0034462905727980944,2022,1
2022-02-01,10,2.2678039847822324,0.398406374501992,1.6051227574108613,0.0,0.8390885129950287,0.0,0.6451612903225806,0.0,0.0,0.5208333333333333,0.0,0.0,0.0,0.0,0.0,0.0,1.226137318115566,0.5208333333333333,0.0,0.0,0.0,0.0,0.0,0.0,0.398406374501992,0.0,0.0,0.0,0.0,0.0,0.3236245954692557,0.0,1.2814981619416055,0.0,0.0,0.0,0.0,0.0,0.0,0.0,0.0,0.5154639175257733,0.0,0.3236245954692557,0.0,0.0,0.0,0.0,0.0,0.6451612903225806,0.0,0.0,0.0,0.0,0.0,0.0,0.0,0.0,0.0,0.0,0.0,0.0,0.0,0.0,0.398406374501992,0.38167938931297707,2.888123879884991,12.0,2.474401877551805,2.7467598177863053,3.3836802097701977,0.646056856033342,7.9,0.8465368804059821,2.474401877551805,2.1636976366379144,24.313510101010102,1.9869455562448544,15.26744613323493,16.659022265029567,12.9819253959644,17.349794765601132,17.711341791447435,20.048963674040767,0.0021159348334273253,0.0017671922602938283,2022,2
2022-03-01,8,4.0562673829066505,1.7111086108610862,0.5896226415094339,0.0,1.1792452830188678,0.0,1.5952241143080839,0.6410256410256411,0.0,0.4734848484848485,0.0,0.0,0.0,0.0,0.6410256410256411,0.0,0.0,1.8786494034018788,0.4734848484848485,0.5896226415094339,0.0,0.0,0.0,1.7111086108610862,0.0,0.0,0.0,0.0,0.0,0.0,0.0,0.0,0.5896226415094339,0.0,0.0,0.0,0.0,0.0,0.0,0.5896226415094339,0.5896226415094339,0.0,0.0,0.0,0.0,0.0,0.0,0.0,0.0,1.5952241143080839,0.0,0.0,0.0,0.0,0.0,0.0,0.0,0.6410256410256411,0.0,0.0,0.0,0.0,0.0,0.0,0.0,3.478535353535354,2.7777777777777777,10.125,1.9237015038258582,2.73368144628758,3.2283189077041623,0.7016218470294591,8.75,0.8684602478093175,1.9237015038258582,6.939872848358236,20.358333333333334,1.9918715993824652,24.382661452792167,14.498765002385472,13.25097872556362,15.777707055144425,15.538169258507097,17.72095116676061,0.00530892063795523,0.0017862038380906304,2022,3
2022-04-01,4,0.9803921568627451,0.0,0.0,0.0,0.0,2.4630541871921183,0.0,0.0,0.0,0.0,0.0,0.0,0.0,0.0,0.0,0.0,0.0,0.0,0.9803921568627451,0.0,0.0,0.0,0.0,0.0,0.0,0.0,0.0,0.0,0.0,0.0,0.0,0.0,0.0,0.0,0.0,0.0,0.0,0.0,0.0,0.0,0.0,0.0,0.0,0.0,0.0,2.4630541871921183,0.0,0.0,0.0,0.0,0.0,0.0,0.0,0.0,0.0,0.0,0.0,0.0,0.0,0.0,0.0,0.0,0.0,0.0,0.0,0.0,0.0,13.5,2.5561821192540384,2.760077828996299,3.5906734065206027,0.6341879027407225,8.5,1.0757368314650058,2.5561821192540384,1.9607843137254901,28.709722222222222,2.061392481536239,6.604387634118709,18.250385764061726,13.962377763542595,18.445573031156,20.20683676313282,21.51638812213725,0.0,0.0010080645161290322,2022,4
2022-05-01,7,5.7233119348303205,0.0,0.0,0.0,0.0,0.0,1.1639263431378128,0.5102040816326531,0.5878894767783657,0.576036866359447,0.0,0.0,1.5197951972308357,0.0,0.5102040816326531,0.0,1.5974805923765483,1.5197951972308357,0.0,0.0,0.0,0.0,0.0,0.0,0.0,0.0,0.0,0.0,0.0,0.0,0.0,0.0,0.0,0.0,0.0,0.0,0.0,0.0,0.0,0.0,0.0,0.0,0.0,0.0,0.0,0.0,0.0,0.0,0.0,1.1639263431378128,0.0,0.0,0.0,0.0,0.0,0.0,0.0,0.5102040816326531,0.0,0.5878894767783657,0.0,0.0,0.0,0.0,1.8971666336437487,0.5580357142857143,3.727984045524368,12.142857142857142,2.151945020208505,2.7806974124372905,3.2924746723441864,0.5691312793430893,11.428571428571429,0.9048781828798234,2.151945020208505,3.324851173633637,25.20851370851371,1.8594549503454043,21.380767078399828,16.42757547772718,13.140596516862923,17.390438665068697,18.35530935618105,19.9734174294188,0.00795395417074043,0.00114592519106408,2022,5
2022-06-01,2,11.115138335145584,0.0,2.688172043010753,0.0,0.0,0.0,0.0,0.0,0.0,2.8089887640449436,0.0,0.0,0.0,0.0,0.0,0.0,2.8089887640449436,2.8089887640449436,2.688172043010753,0.0,0.0,0.0,0.0,0.0,0.0,0.0,0.0,0.0,0.0,0.0,0.0,0.0,2.688172043010753,0.0,0.0,0.0,0.0,0.0,0.0,0.0,0.0,0.0,0.0,0.0,0.0,0.0,0.0,0.0,0.0,0.0,0.0,0.0,0.0,0.0,0.0,0.0,0.0,0.0,0.0,0.0,0.0,0.0,0.0,0.0,0.0,2.688172043010753,13.440860215053764,11.0,1.89306766448927,2.880616329023057,3.3200196396550252,0.5792342850793144,5.0,0.5198910686869296,1.89306766448927,2.8089887640449436,19.471590909090907,1.8347839364788516,33.294293611793634,12.989546770796773,13.557542479817482,14.518746622454248,14.93805767259057,15.815584415584414,0.005497160807055697,0.002688172043010753,2022,6
2022-07-01,2,3.289473684210526,0.0,0.0,0.0,0.0,0.0,0.0,0.0,0.0,0.0,0.0,0.0,3.289473684210526,0.0,0.0,0.0,0.0,0.0,0.0,0.0,0.0,0.0,0.0,0.0,0.0,0.0,0.0,0.0,0.0,0.0,0.0,0.0,0.0,0.0,0.0,0.0,0.0,0.0,0.0,0.0,0.0,0.0,0.0,0.0,0.0,0.0,0.0,0.0,0.0,0.0,0.0,0.0,0.0,0.0,0.0,0.0,0.0,0.0,0.0,0.0,0.0,0.0,0.0,0.0,0.0,0.0,10.330578512396695,11.0,1.9590853163138178,2.7101456012168876,3.4954347878876177,0.9424978562123375,8.0,0.8164373004622087,1.9590853163138178,2.066115702479339,22.83571428571429,1.9547965156219944,14.205532182103639,16.793039246467817,13.280552583289726,17.44801147727899,17.73179879644165,20.266708529565676,0.0,0.005355589386689865,2022,7
2022-08-01,9,3.164128559048312,0.0,0.0,0.0,0.4516711833785005,0.6207324643078833,2.358382561707194,0.0,0.0,0.0,0.7122507122507122,0.0,0.7122507122507122,0.0,0.0,0.0,1.2879559511683862,0.0,0.0,0.4516711833785005,0.0,0.0,0.0,0.0,0.0,0.0,0.0,0.0,0.0,0.0,0.0,0.0,0.0,0.0,0.0,0.0,0.0,0.0,0.0,0.4516711833785005,0.0,0.0,0.0,0.0,0.0,0.0,0.6207324643078833,0.0,0.0,2.358382561707194,0.0,0.0,0.0,0.0,0.0,0.0,0.0,0.0,0.0,0.0,0.0,0.0,0.0,0.0,1.9157088122605361,0.0,1.063406213754541,11.0,2.173438217480282,2.705305740326853,3.411682963822568,0.6719451136547325,7.111111111111111,0.8709091404754414,2.173438217480282,3.4157633242999097,24.090155523488857,1.963467350941123,15.009536246238339,16.77028128820021,13.235120341625642,17.51705185820989,18.616166443459544,20.053659315237457,0.0016841386780624245,0.002240361049028817,2022,8
2022-09-01,6,2.406510310077954,0.6613756613756613,3.6734714724969386,0.0,2.6177349977424327,1.9145084934558618,2.9772865657857164,0.0,0.6613756613756613,0.0,0.0,0.0,0.0,0.0,0.0,0.0,1.7799438940378538,0.0,0.0,0.6265664160401002,0.0,0.0,0.0,0.6613756613756613,0.0,0.0,0.0,0.0,1.7799438940378538,0.0,0.0,0.0,1.893527578459085,0.0,0.0,0.0,0.0,0.0,0.0,0.6265664160401002,1.1185682326621924,0.8726003490401397,0.0,0.0,0.0,1.2531328320802004,0.6613756613756613,0.0,0.0,2.9772865657857164,0.0,0.0,0.0,0.0,0.0,0.0,0.0,0.0,0.0,0.0,0.0,0.6613756613756613,0.0,0.0,4.028305720911329,2.5252525252525255,6.298182018436733,11.666666666666666,2.4888127644508544,2.7781710064342313,3.308140558228038,0.7541804863732643,7.0,0.8404508671286374,2.4888127644508544,0.6613756613756613,22.461254703901762,1.9903773105628375,13.884029852792247,16.884991352127777,13.169190908858303,17.57317276409231,19.25406394162079,20.188423057378454,0.002373704428498949,0.0028985121267000465,2022,9
2022-10-01,6,5.515896023813934,0.7215007215007215,2.524174764838665,0.0,1.3977776214923694,0.0,0.0,0.0,1.416200613386253,0.7215007215007215,0.0,0.0,0.0,0.0,0.0,0.0,0.7246376811594203,1.1990407673860912,2.164502164502165,0.7062146892655368,0.0,0.0,0.0,0.7215007215007215,0.0,0.0,0.0,0.0,0.6915629322268327,0.0,1.1111111111111112,0.0,0.7215007215007215,0.0,0.0,0.0,0.0,0.0,0.0,0.7062146892655368,0.0,0.6915629322268327,0.0,0.0,0.0,0.0,0.0,0.0,0.0,0.0,0.0,0.0,0.0,0.0,0.0,0.0,0.0,0.0,0.0,0.7246376811594203,0.6915629322268327,0.0,0.0,0.0,0.0,0.0,2.886002886002886,11.833333333333334,1.9216731896538108,2.7770239369018728,3.394442076425397,0.569297082437751,8.666666666666666,0.9699336806238673,1.9216731896538108,5.6063965182046624,26.1508177008177,2.0229145272917877,11.04128734804165,17.721911878987008,13.407848778823015,18.072594655651375,19.835437044608394,20.849755131347848,0.001443001443001443,0.002524174764838665,2022,10
2022-11-01,5,2.2249020198974976,0.0,0.0,0.0,0.9345794392523364,0.0,0.7434944237918215,1.2903225806451613,0.0,0.0,0.0,0.0,0.0,0.0,1.2903225806451613,0.0,0.0,0.0,0.0,0.9345794392523364,0.0,0.0,0.0,0.0,0.0,0.0,0.0,0.0,0.0,0.0,0.0,0.0,0.0,0.0,0.0,0.0,0.0,0.0,0.0,0.9345794392523364,0.0,0.0,0.0,0.0,0.0,0.0,0.0,0.0,0.0,0.7434944237918215,0.0,0.0,0.0,0.0,0.0,0.0,0.0,1.2903225806451613,0.0,0.0,0.0,0.0,0.0,0.0,0.0,0.0,0.0,10.4,1.8441281574782065,2.722893081079737,2.9805431861854266,0.45546573774836147,6.6,0.552490028658187,1.8441281574782065,1.2903225806451613,20.873333333333335,1.9230801509338402,24.648562099842582,14.774062084083132,12.87319944328865,15.865207917602447,15.383515581679797,17.959704678949475,0.0015037593984962405,0.0,2022,11
2022-12-01,7,1.10561274897672,0.5580357142857143,1.2287265258215962,0.0,1.687289088863892,0.0,1.10561274897672,0.0,0.0,0.0,0.0,0.0,0.0,0.0,0.0,0.0,0.0,0.5431830526887561,0.0,0.562429696287964,0.0,0.0,0.0,0.0,0.5580357142857143,0.0,0.0,0.0,0.670690811535882,0.0,0.0,0.0,0.5580357142857143,0.0,0.0,0.0,0.0,0.0,0.0,0.562429696287964,0.0,0.562429696287964,0.0,0.562429696287964,0.0,0.0,0.0,0.0,0.0,0.5431830526887561,0.562429696287964,0.0,0.0,0.0,0.0,0.0,0.0,0.0,0.0,0.0,0.0,0.0,0.0,0.0,0.0,0.0,0.78064012490242,12.285714285714286,2.254405877627445,2.750724954879723,3.197138588920825,0.6058820753557362,6.285714285714286,0.7164641406752121,2.254405877627445,4.423949915694954,23.286507936507938,1.9716808411322286,15.184219395368578,16.75637819330272,12.639135341874079,17.35417718106373,17.67569897745918,19.813089360678127,0.008507638645906136,0.0012287265258215962,2022,12
2023-01-01,9,2.003208029976242,0.0,2.7505329250059396,0.0,1.9150182192823177,0.39541320680110714,0.8870552913635456,0.0,0.39541320680110714,0.5073566717402334,0.0,0.0,0.0,0.0,0.0,0.0,0.0,1.4958513582360087,0.0,0.0,0.0,0.0,0.0,0.0,0.0,0.0,0.0,0.0,0.0,0.0,0.5668934240362812,0.0,2.183639500969658,0.0,0.0,0.0,0.0,0.0,0.0,0.0,1.0733756505891983,0.8416425686931195,0.0,0.0,0.39541320680110714,0.0,0.0,0.0,0.0,0.8870552913635456,0.0,0.0,0.0,0.0,0.0,0.0,0.0,0.0,0.0,0.0,0.0,0.39541320680110714,0.0,0.0,1.0147133434804667,0.0,3.6375326233542924,12.11111111111111,2.590611254929023,2.7571207270068885,3.3478112647144536,0.7610112435627037,6.444444444444445,0.8370520946746374,2.590611254929023,3.5299326935615314,24.89252136752137,1.9186059245997447,18.366079193122165,16.657476428845587,13.201664161778483,17.719608568464487,18.2360924128171,20.457531027537136,0.0018249267378179967,0.0020121215422309654,2023,1
2023-02-01,5,4.166666666666666,0.0,0.0,0.0,2.0626355338141105,1.0101010101010102,0.8333333333333334,0.0,0.0,0.8333333333333334,0.0,0.0,0.8333333333333334,0.0,0.0,0.0,0.8333333333333334,0.0,1.6666666666666667,0.0,0.0,0.0,0.0,0.0,0.0,0.0,0.0,0.0,0.0,0.0,0.0,0.0,0.0,0.0,0.0,0.0,0.0,0.0,0.0,0.0,0.0,0.796812749003984,1.2658227848101267,0.0,1.0101010101010102,0.0,0.0,0.0,0.0,0.8333333333333334,0.0,0.0,0.0,0.0,0.0,0.0,0.0,0.0,0.0,0.0,0.0,0.0,0.0,0.0,0.0,0.0,0.0,12.4,2.1313137643342035,2.8352138645756564,3.4323759764541903,0.5243035972649435,6.4,0.8396685621327566,2.1313137643342035,1.2658227848101267,26.503787878787882,2.0248071845145814,8.446521556240338,18.308201988322956,13.290250125754023,19.173825536376743,19.55924935432885,22.20189727289179,0.002542735042735043,0.0012658227848101266,2023,2
2023-03-01,9,3.0974655025724727,0.4830917874396135,0.0,0.0,2.02826693992658,0.4025764895330113,1.6727509043464996,0.0,0.0,0.5668934240362812,0.4830917874396135,0.0,0.0,0.0,0.0,0.0,0.4830917874396135,1.0812967162173512,0.4830917874396135,0.0,0.0,0.0,0.0,0.0,0.4830917874396135,0.0,0.0,0.0,0.0,0.0,0.0,0.0,0.0,0.0,0.0,0.0,0.0,0.0,0.0,0.0,0.5757052389176741,0.8856682769726247,0.0,0.5668934240362812,0.0,0.0,0.4025764895330113,0.0,0.0,1.6727509043464996,0.0,0.0,0.0,0.0,0.0,0.0,0.0,0.0,0.0,0.0,0.0,0.0,0.0,0.0,0.0,0.5757052389176741,3.693901013769448,11.666666666666666,2.2975632668370567,2.764604681497683,3.2888669443493144,0.6151369300065128,7.888888888888889,0.7695121621617675,2.2975632668370567,1.6168786355121758,22.92370931537598,1.9161071320454255,21.79703440233475,15.38808179404778,12.658118220940398,16.043356380623685,16.504261002912866,18.034023095704327,0.0011337868480725622,0.003472222222222222,2023,3
2023-04-01,7,2.903888869108124,0.0,3.2761287897407727,0.0,0.6968641114982578,0.5927682276229994,1.499432329796813,0.0,0.0,0.6968641114982578,0.0,0.0,0.0,0.0,0.0,0.0,1.4044565393113113,0.8025682182985553,0.0,0.0,0.0,0.0,0.0,0.0,0.0,0.0,0.0,0.0,0.0,1.3937282229965156,0.0,0.0,1.8824005667442567,0.0,0.0,0.0,0.0,0.0,0.0,0.0,0.0,0.0,0.0,0.6968641114982578,0.0,0.5927682276229994,0.0,0.0,0.0,1.499432329796813,0.0,0.0,0.0,0.0,0.0,0.0,0.0,0.0,0.0,0.0,0.0,0.0,0.0,0.0,0.0,0.6968641114982578,0.6406149903907751,10.714285714285714,1.8729049959632071,2.734397238238438,3.201596375155886,0.6393629646465389,5.857142857142857,0.8638641517616957,1.8729049959632071,1.7302120030851975,23.990053597196457,1.9436984977224971,16.45962807901213,16.924045414344647,13.002847690611416,17.983901959142816,18.340941443768035,20.79284730152966,0.005684650492822115,0.003611004346904415,2023,4
2023-05-01,15,5.116290149816624,0.8788003440409858,2.047850603858191,0.0,0.6844800486741368,1.400882036838009,1.2785368346813872,0.24600246002460022,1.012316205387299,0.6006127873708987,0.0,0.0,0.8957159111957874,0.0,0.24600246002460022,0.0,1.6356854627772535,0.7052029540785163,0.6240726193593437,0.40899795501022496,0.0,0.0,0.0,0.603318250377074,0.27548209366391185,0.0,0.0,0.0,0.630628620722992,0.0,0.0,0.27548209366391185,1.141739889471287,0.0,0.0,0.0,0.0,0.0,0.0,0.40899795501022496,0.0,0.0,0.0,0.27548209366391185,0.0,1.400882036838009,0.0,0.0,0.0,1.2785368346813872,0.0,0.0,0.0,0.0,0.0,0.0,0.0,0.24600246002460022,0.0,1.012316205387299,0.0,0.0,0.0,0.0,0.0,0.5384001208433136,3.333158750862984,12.066666666666666,2.29253418647059,2.71455076622845,3.2754119545116582,0.570148736905912,8.6,0.8167411465204564,2.29253418647059,5.398833857845043,25.230926665926667,1.9983943829322077,14.197271083381475,17.050882405492903,13.51305605819356,17.804095396654247,18.696018164049466,20.461658074396457,0.003148810065468944,0.0015079660847685924,2023,5
2023-06-01,4,2.088128618260445,1.02880658436214,2.0492147476274463,0.0,2.1186440677966103,2.0797301971636113,1.0204081632653061,0.0,1.02880658436214,0.0,0.0,0.0,0.0,0.0,0.0,0.0,0.0,1.02880658436214,0.0,1.0593220338983051,0.0,0.0,0.0,1.02880658436214,0.0,0.0,0.0,0.0,0.0,0.0,0.0,0.0,2.0492147476274463,0.0,0.0,0.0,0.0,0.0,0.0,1.0593220338983051,0.0,1.0593220338983051,0.0,0.0,0.0,2.0797301971636113,0.0,0.0,0.0,1.0204081632653061,0.0,0.0,0.0,0.0,0.0,0.0,0.0,0.0,0.0,0.0,0.0,0.0,1.02880658436214,0.0,0.0,1.0204081632653061,6.286502883220667,13.5,2.7783756376482756,2.806297162570608,3.4304459189781498,0.7720950501911925,12.25,1.0847692813820473,2.7783756376482756,5.1661499502500305,27.667694805194806,2.0682877903876253,6.862651381018047,18.390480794467187,14.056409377227727,19.14399912987427,19.751331263299328,22.585930814808822,0.0030864197530864196,0.00205761316872428,2023,6
2023-07-01,10,4.434390216091586,1.5687602279781052,3.891861819150301,0.0,1.7973650900020472,0.0,1.9179491958299988,0.0,0.0,0.89875129245208,0.0,0.0,0.4784688995215311,0.0,0.0,0.0,0.9952465834818778,0.390625,1.6712984406360971,0.0,0.0,0.0,0.5050505050505051,0.0,1.0637097229276002,0.0,0.0,0.0,0.0,0.0,0.78125,0.0,3.110611819150301,0.0,0.0,0.0,0.0,0.0,0.0,0.0,0.6944444444444444,1.102920645557603,0.0,0.0,0.0,0.0,0.0,0.0,0.0,1.9179491958299988,0.0,0.0,0.0,0.0,0.0,0.0,0.0,0.0,0.0,0.0,0.0,0.0,0.0,0.0,0.0,2.021781015615996,3.5967213290466673,11.7,2.2069287439100416,2.7345888282044113,3.4546405409104772,0.7173660704224119,8.9,0.9920958368960987,2.2069287439100416,8.355388853264298,23.52783189033189,2.0019750721260268,10.89967795419029,17.489297690690922,13.211417962576036,17.834539018847874,19.55474932203384,20.38335492902842,0.0024905588905359604,0.003603495770140276,2023,7
2023-08-01,12,4.2192323939362995,1.1389439445409393,1.6833774707197795,0.0,1.7145438121047878,0.32299741602067183,2.299690148847014,0.0,0.4145936981757877,0.32938076416337286,0.44563279857397503,0.0,0.4187604690117253,0.0,0.0,0.0,1.5025892833185759,1.0520592860249591,0.4708097928436912,0.0,0.0,0.0,0.4708097928436912,0.32938076416337286,0.33875338753387535,0.0,0.0,0.0,0.0,0.0,0.0,0.4708097928436912,1.2125676778760883,0.0,0.0,0.0,0.0,0.0,0.0,0.0,1.3757904245709123,0.33875338753387535,0.0,0.0,0.0,0.32299741602067183,0.0,0.0,0.0,2.299690148847014,0.0,0.0,0.0,0.0,0.0,0.0,0.0,0.0,0.0,0.4145936981757877,0.0,0.0,0.0,0.0,0.0,0.0,1.8982015357650839,11.5,2.1674800867158175,2.7451369528957392,3.284251545413408,0.5785278105426956,8.166666666666666,0.7618264577638204,2.1674800867158175,5.201193419735893,25.011852864484442,2.018323241250618,9.932916349599429,17.707334487301726,13.408916879351041,18.07613262542654,19.730320498505385,20.872649013353076,0.002835887198066137,0.0017304048234280795,2023,8
2023-09-01,12,4.46019983457402,1.3449572206378013,0.4208754208754209,0.0,2.209312009033351,1.6704295547506895,2.5419213665341815,0.38580246913580246,0.0,0.8066778900112235,0.0,0.0,0.0,0.0,0.38580246913580246,0.0,2.9146121307942257,0.3531073446327684,0.0,0.0,0.0,0.0,0.6265664160401002,0.0,0.7183908045977011,0.0,0.0,0.0,0.0,0.0,0.0,0.0,0.4208754208754209,0.0,0.0,0.0,0.0,0.0,0.0,0.0,0.6265664160401002,0.8643547883955497,0.7183908045977011,0.0,0.0,1.253762888084023,0.0,0.4166666666666667,0.0,2.5419213665341815,0.0,0.0,0.0,0.0,0.0,0.0,0.0,0.38580246913580246,0.0,0.0,0.0,0.0,0.0,0.0,0.0,1.4792899408284024,2.680792817689819,11.916666666666666,2.077941704595166,2.765329299192958,3.3010916160833705,0.6691403565888056,8.0,0.8797637518939229,2.077941704595166,4.020043755290055,24.07815355940356,1.9707571528841885,16.46039087760394,16.54005167142333,12.975967051910414,17.46355637879085,17.963086397452194,20.183713862895285,0.0016505136692359032,0.0015378271434564918,2023,9
2023-10-01,5,5.390208153444415,0.0,0.7168458781362007,0.0,0.0,2.2242055902644964,2.1922912189776107,0.684931506849315,0.0,0.0,0.0,0.0,0.7905138339920948,0.0,0.684931506849315,0.0,2.4393174717615955,1.4754453408414099,0.0,0.0,0.0,0.0,0.0,0.0,0.0,0.0,0.0,0.0,0.0,0.0,0.0,0.0,0.7168458781362007,0.0,0.0,0.0,0.0,0.0,0.0,0.0,0.0,0.0,0.0,0.0,0.7168458781362007,0.7168458781362007,0.7905138339920948,0.0,0.0,2.1922912189776107,0.0,0.0,0.0,0.0,0.0,0.0,0.0,0.684931506849315,0.0,0.0,0.0,0.0,0.0,0.0,0.0,0.684931506849315,0.0,10.4,1.811143827493019,2.7402927529936982,3.6318427943969467,0.8476149452368164,8.2,0.7969044108122633,1.811143827493019,1.4336917562724014,27.084545454545456,1.8749297689400195,18.51786137007243,17.08162854079308,12.939114456198467,17.612259630784358,18.834386294752708,20.138100184314204,0.003978591555176777,0.0007905138339920949,2023,10
2023-11-01,13,5.533295129067766,1.0379612879460698,1.588585808474586,0.0,1.3831677976267112,0.6533185266216941,0.9606120552537212,0.37341299477221807,0.7740540204132436,0.37341299477221807,0.5128205128205129,0.0,0.7699237005612743,0.0,0.37341299477221807,0.0,0.41135335252982314,2.3381512673391205,0.754220306272599,0.0,0.0,0.0,0.0,0.3480682213713889,0.6898930665746809,0.0,0.0,0.0,0.0,0.0,0.0,0.3480682213713889,1.2405175871031973,0.0,0.0,0.0,0.0,0.0,0.0,0.0,0.41135335252982314,0.0,0.0,0.9718144450968877,0.3052503052503052,0.0,0.0,0.0,0.3480682213713889,0.9606120552537212,0.0,0.0,0.0,0.0,0.0,0.0,0.0,0.37341299477221807,0.0,0.0,0.0,0.4006410256410256,0.37341299477221807,0.0,0.0,0.9718144450968877,3.956245902810788,11.615384615384615,2.310628528816492,2.743402730516502,3.326009486068155,0.7410868695748825,7.6923076923076925,0.8408650203293848,2.310628528816492,5.238309470495046,22.936496836496836,1.9817014422425898,19.476183472295585,15.716923463399556,13.224666518642936,16.598804093302522,17.32311971443424,18.96820241834823,0.0023608115314760207,0.0017397870264102763,2023,11
2023-12-01,13,5.028508116461846,1.0588895483097607,1.5988732297745174,0.0,0.0,0.8765744059861708,0.7059067787812727,1.1698717948717947,0.7326836059867735,0.6602839220864971,0.0,0.0,1.1333246316277992,0.0,1.1698717948717947,0.0,0.7278361348052912,1.3371916330704638,0.0,0.0,0.0,0.0,0.0,0.0,0.674274163694376,0.0,0.38461538461538464,0.0,0.38461538461538464,0.0,0.38461538461538464,0.0,0.8296424605437481,0.0,0.0,0.0,0.0,0.0,0.0,0.0,0.0,0.0,0.0,0.0,0.0,0.37707390648567124,0.0,0.0,0.4995004995004996,0.7059067787812727,0.0,0.0,0.0,0.0,0.0,0.0,0.0,1.1698717948717947,0.0,0.7326836059867735,0.0,0.0,0.0,0.0,0.0,2.4517895636300078,2.2851251377458826,11.846153846153847,2.334043591833414,2.7119197468972063,3.211753416742281,0.684618555164477,7.615384615384615,0.9210436109318709,2.334043591833414,3.9960677055886915,21.62993672993673,2.011251275664822,14.10933581554737,16.558232869475237,12.984070167654036,17.581588014546348,17.6587905199168,20.39408182924018,0.003222552195979176,0.0003846153846153846,2023,12
2024-01-01,10,7.579038720034821,0.591715976331361,0.0,0.0,2.734054241614003,0.3952569169960474,1.1553653719552337,0.6944444444444444,0.7722007722007722,2.0303618318506658,0.0,0.0,1.2368772666539416,0.0,0.6944444444444444,0.0,0.46082949308755755,1.1583011583011582,1.4065085493656924,0.591715976331361,0.0,0.0,0.0,0.0,0.0,0.0,0.591715976331361,0.0,0.0,0.0,0.0,0.0,0.0,0.0,0.0,0.0,0.0,0.0,0.0,0.591715976331361,0.9869728933274085,0.6451612903225806,0.0,0.5102040816326531,0.0,0.3952569169960474,0.0,0.0,0.0,1.1553653719552337,0.0,0.0,0.0,0.0,0.0,0.0,0.0,0.6944444444444444,0.0,0.3861003861003861,0.3861003861003861,0.0,0.0,0.0,0.0,1.6949152542372883,3.969716919025675,12.4,2.431723393636989,2.707066115886073,3.37627512044986,0.6558203787498187,7.2,0.8145639326105218,2.431723393636989,3.8246549279163746,23.581978021978024,2.0130095659057323,12.565527250307131,16.9273017211655,13.554663555619806,17.53903841343939,18.894104804734827,20.41699368934369,0.00152971959696946,0.0023725438058525747,2024,1
2024-02-01,10,5.754434695730875,4.012196752770064,3.18259900645341,0.0,1.0901205964474545,1.8922355473966437,1.1146125116713352,0.6024096385542169,0.0,0.0,0.0,0.0,1.1548958263995206,0.6024096385542169,0.0,0.0,2.422065337150726,0.42016806722689076,0.6024096385542169,0.5524861878453039,0.0,1.5750638936264116,0.8620689655172413,0.5524861878453039,1.0225777057811076,0.0,0.0,0.0,1.1049723756906078,0.0,0.5524861878453039,0.0,1.5251404429174986,0.0,0.0,0.0,0.0,0.0,0.0,0.5524861878453039,0.0,0.0,0.5376344086021506,0.0,0.5524861878453039,1.3397493595513397,0.0,0.0,0.0,1.1146125116713352,0.0,0.0,0.0,0.0,0.6024096385542169,0.0,0.0,0.0,0.0,0.0,0.0,0.0,0.0,0.0,0.8403361344537815,2.093045843045843,0.0,10.6,1.757591306992045,2.741209300131944,3.297156287003024,0.5624216838515875,6.9,0.8512283781592338,1.757591306992045,1.6998687820589289,23.421666666666667,1.987344336012535,14.210742452751873,16.983049936324868,13.191906068172766,17.71071871208466,18.16772312485006,20.52165214315486,0.002158707305766129,0.003394719592222921,2024,2
2024-03-01,10,3.702860846303055,1.533724340175953,1.5771770904760185,0.0,0.41322314049586784,1.6129032258064515,0.4694835680751174,0.36363636363636365,0.0,0.0,0.0,0.0,0.8064516129032258,0.0,0.0,0.0,0.7768595041322315,1.293103448275862,0.41322314049586784,0.41322314049586784,0.0,0.0,0.0,0.0,1.533724340175953,0.0,0.0,0.0,0.0,0.0,0.0,0.0,1.5771770904760185,0.0,0.0,0.0,0.0,0.0,0.0,0.41322314049586784,0.0,0.0,0.0,0.0,0.0,0.0,0.0,0.0,1.6129032258064515,0.4694835680751174,0.0,0.0,0.0,0.0,0.0,0.0,0.36363636363636365,0.0,0.0,0.0,0.0,0.0,0.0,0.0,0.0,0.9340564738292011,2.6124338624338623,11.6,2.2475560067014695,2.8116533563194555,3.4141902945272813,0.7113378682240991,6.9,0.7604319206576629,2.2475560067014695,5.08077040300668,24.238939393939393,2.0465890626263166,11.449963429365118,16.870115442900584,13.404741488538017,17.307673129120865,18.22564465847058,20.031230302227023,0.0022056243658021943,0.0020484273961052244,2024,3
2024-04-01,14,4.700825833579131,0.3518648838845883,0.8082569915211973,0.0,0.0,0.2463054187192118,0.6164151484348529,0.7037297677691766,0.7037297677691766,1.0225556954204704,0.6211180124223602,0.0,0.6211180124223602,0.0,0.7037297677691766,0.0,0.9473749891868358,0.7849293563579278,0.0,0.0,0.0,0.0,0.0,0.3518648838845883,0.0,0.0,0.0,0.0,0.5619515728019855,0.0,0.0,0.0,0.2463054187192118,0.0,0.0,0.0,0.0,0.0,0.0,0.0,0.0,0.0,0.0,0.0,0.0,0.2463054187192118,0.0,0.0,0.0,0.26455026455026454,0.3518648838845883,0.0,0.0,0.0,0.0,0.0,0.0,0.7037297677691766,0.0,0.7037297677691766,0.0,0.0,0.0,0.0,0.0,3.073152432359992,4.632342498341776,11.285714285714286,2.0228492735466106,2.749140121014889,3.306941566255427,0.6988367517647591,7.857142857142857,0.7207068740761654,2.0228492735466106,3.5775281139476283,22.72920412920413,1.9890852545714972,16.1160013901688,16.296363605141828,13.375116734590879,17.265064895917952,17.98224626654983,19.952827838429293,0.004357213927860538,0.002629605824638087,2024,4
2024-05-01,20,7.186026115696056,1.2934369258150946,2.62443023222443,0.0,1.2250712134335975,0.9050676766063159,1.5416639726051957,0.7633587786259541,0.0,1.3804176389504648,0.0,0.0,1.0884212186735898,0.38167938931297707,0.19083969465648853,0.0,1.8725159141926735,0.31645569620253167,1.9556965637073311,0.0,0.0,0.20408163265306123,0.38167938931297707,0.0,0.4064710845719478,0.0,0.30120481927710846,0.0,0.23696682464454977,0.23041474654377878,0.5095332018408942,0.0,1.6475154591952077,0.0,0.0,0.0,0.0,0.0,0.0,0.0,0.40332906530089624,0.31645569620253167,0.30120481927710846,0.20408163265306123,0.41302316267271877,0.49204451393359694,0.0,0.0,0.0,1.5416639726051957,0.0,0.0,0.0,0.0,0.38167938931297707,0.0,0.19083969465648853,0.19083969465648853,0.0,0.0,0.0,0.0,0.0,0.0,0.0,0.21834061135371177,3.3525858183329333,11.95,2.4436606703176578,2.7590315713360107,3.354345139243256,0.7102206478133967,7.05,0.8180486278901361,2.4436606703176578,3.0264086752384123,23.822137445887446,1.9853474537655522,15.324291406245203,16.770237265990406,13.24314759835164,17.41319903912474,18.23601602493892,20.13161156546413,0.0038196404472621522,0.0029615367013410957,2024,5
2024-06-01,15,3.0373196647193206,0.7001383405877789,1.2560132492335883,0.0,1.0382719123911277,1.2603069607230495,1.8941375219791263,0.32362459546925565,0.4975193647346022,0.0,0.0,0.0,0.0,0.0,0.32362459546925565,0.0,1.9318334132691932,0.24968789013732834,0.0,0.532173765843543,0.0,0.0,0.0,0.45045045045045046,0.24968789013732834,0.0,0.0,0.0,0.5230769230769231,0.0,0.0,0.0,0.7329363261566652,0.0,0.0,0.0,0.0,0.0,0.0,0.532173765843543,0.24968789013732834,0.0,0.25641025641025644,0.0,0.3401360544217687,0.5800348518795121,0.0,0.0,0.3401360544217687,1.6186554283152146,0.0,0.27548209366391185,0.0,0.0,0.0,0.0,0.0,0.32362459546925565,0.0,0.4975193647346022,0.0,0.0,0.0,0.0,0.0,0.2824858757062147,2.406170105663178,10.866666666666667,1.8896174854266254,2.8349212626329687,3.4288349112984533,0.678168357575577,7.6,0.7810668405758256,1.8896174854266254,3.693378060263727,22.75103378103378,1.9353806665687163,21.602592836054253,15.361136628171566,13.338623343019451,16.5674272475108,16.6571858519519,19.00511426544237,0.002333430602966417,0.0035052433739783746,2024,6
2024-07-01,7,3.0545889973494553,0.6934812760055478,1.7683394937209085,0.0,1.7237664296487825,0.0,1.8941522391908572,0.0,0.5927682276229994,0.6934812760055478,0.0,0.0,0.0,0.0,0.0,0.0,0.0,0.0,2.3611077213439082,0.0,0.0,0.6934812760055478,0.0,0.0,0.0,0.0,0.0,0.0,0.0,0.6934812760055478,0.0,0.0,1.0748582177153607,0.0,0.0,0.0,0.0,0.0,0.0,0.0,1.2004801920768309,0.5232862375719518,0.0,0.0,0.0,0.0,0.0,0.0,0.0,1.8941522391908572,0.0,0.0,0.0,0.0,0.0,0.0,0.0,0.0,0.0,0.5927682276229994,0.0,0.0,0.0,0.0,0.0,0.5515719801434088,6.84418678339651,10.857142857142858,1.8524332477045833,2.7716278988090997,3.50917516459996,0.709300419782088,10.0,0.9019004014184713,1.8524332477045833,5.4231084436251615,22.594279884693417,2.047600833781447,12.813963554556166,16.347578801441692,13.915624103743005,16.99962337782551,17.649730961121158,19.907422552274177,0.003649581228003632,0.0029255902063954503,2024,7
2024-08-01,9,2.3515291031214596,0.0,6.717343760145316,0.0,1.7992311324741195,0.5291005291005292,1.26984126984127,0.0,0.0,0.0,0.0,0.0,0.7077140835102619,0.0,0.0,0.0,0.9361009361009361,0.0,0.0,0.7077140835102619,0.0,0.0,0.0,0.0,0.0,0.0,0.0,0.0,2.88970288970289,0.0,0.7407407407407408,0.0,3.0869001297016863,0.0,0.0,0.0,0.0,0.0,0.0,0.7077140835102619,0.0,1.0915170489638575,0.0,0.0,0.0,0.5291005291005292,0.0,0.0,0.0,1.26984126984127,0.0,0.0,0.0,0.0,0.0,0.0,0.0,0.0,0.0,0.0,0.0,0.0,0.0,0.0,0.0,0.0,3.353216729012907,11.222222222222221,1.9348967462081847,2.691696976377994,3.328026247117922,0.6253058169578177,6.555555555555555,0.791659757953219,1.9348967462081847,3.52265787568184,22.8484126984127,2.102677337753851,3.6670700046429943,18.231768977717234,13.95119203040699,18.527978611151223,19.73839549423722,21.94890317335426,0.0007407407407407408,0.0028499213713221497,2024,8
2024-09-01,9,5.29308113163769,1.229662333415093,3.8905176593922537,0.0,2.190954965209335,0.0,2.510135934796809,0.0,0.6944444444444444,0.913114372233869,0.0,0.0,1.5189243679876414,0.0,0.0,0.0,0.4830917874396135,2.3779506039765663,0.0,0.0,0.0,0.0,0.0,0.0,0.4938271604938272,0.0,0.7358351729212657,0.0,0.4192872117400419,0.0,0.4830917874396135,0.4192872117400419,2.568851448472556,0.0,0.0,0.0,0.0,0.0,0.0,0.0,0.4192872117400419,0.0,1.229662333415093,0.5420054200542005,0.0,0.0,0.0,0.0,0.0,2.510135934796809,0.0,0.0,0.0,0.0,0.0,0.0,0.0,0.0,0.0,0.6944444444444444,0.0,0.0,0.0,0.0,0.0,0.4938271604938272,4.284436696672352,10.444444444444445,1.7942342438450645,2.7287951415324407,3.2543212818642373,0.6107998682100807,7.555555555555555,0.7425473204163983,1.7942342438450645,3.7568480882407886,22.029365079365082,2.0164192834962806,16.677193262977394,15.866955065519265,13.406356583027863,16.743600321816967,17.233381464334965,19.198487789908093,0.003939689433686095,0.0046069888352372156,2024,9
2024-10-01,14,9.296530456086042,2.113700181472171,1.026962168266516,0.0,0.6749904930916466,0.7702756427246223,0.8320104049117304,1.3722099867110635,0.40584415584415584,1.845049360577311,0.0,0.0,0.5928853754940712,0.0,1.0132724418438706,0.0,3.2029338429949337,2.178567542782536,0.463821892393321,0.0,0.0,0.463821892393321,0.5494505494505495,0.7898687334171205,0.0,0.0,0.0,0.3105590062111801,0.0,0.0,0.3105590062111801,0.0,0.7164031620553359,0.0,0.0,0.0,0.0,0.0,0.0,0.0,0.0,0.0,0.0,0.6749904930916466,0.0,0.7702756427246223,0.0,0.0,0.0,0.8320104049117304,0.0,0.0,0.0,0.0,0.0,0.0,0.0,1.0132724418438706,0.35893754486719315,0.0,0.0,0.40584415584415584,0.0,0.0,0.7288629737609329,0.9316770186335404,0.9290842254462485,11.071428571428571,2.1364130973762374,2.74543820772633,3.2765613162093072,0.6729909114289405,7.285714285714286,0.8105166769276891,2.1364130973762374,6.190342576862004,21.92001133786848,1.9979413713650263,18.018294928084078,15.452527918266446,13.636479232694734,16.244507156476146,16.867261421323974,18.727000819114856,0.0015663490911895788,0.0031226882931555855,2024,10
2024-11-01,14,8.918212346699248,1.4794315729133622,2.7554708728391697,0.0,1.921045916029374,1.0599917054215464,1.5123120295882468,0.8777606115482034,0.0,1.145996312854771,0.0,0.0,0.42517006802721086,0.0,0.5965457634042214,0.0,2.474949706242054,1.3485187563569812,2.3775811903634607,0.5494505494505495,0.0,0.5494505494505495,0.0,0.281214848143982,0.3536067892503536,0.295159386068477,0.0,0.0,0.0,0.0,0.0,0.0,2.7554708728391697,0.0,0.0,0.0,0.0,0.0,0.0,0.5494505494505495,0.27901785714285715,0.7974181233674903,0.0,0.295159386068477,0.3536067892503536,0.7063849161711929,0.0,0.0,0.0,1.5123120295882468,0.0,0.0,0.0,0.0,0.0,0.281214848143982,0.0,0.5965457634042214,0.0,0.0,0.0,0.0,0.0,0.0,1.6351149787595232,0.24295432458697763,2.3845844695786833,11.428571428571429,2.0937021644331772,2.7782326057729927,3.468891563867007,0.7177342524631021,7.857142857142857,0.7590541240683002,2.0937021644331772,2.089360668081445,23.566344568130283,2.0273898391621272,12.021116767817924,16.887004289172634,13.543057495878484,17.703620088170915,18.470969781049483,20.61750597231704,0.0068554941459211685,0.002479780251542527,2024,11
2024-12-01,10,9.431679373817238,1.4785954785954787,0.0,0.0,1.079059829059829,0.0,2.683040078201368,0.5050505050505051,0.0,0.4444444444444445,1.1994949494949494,0.0,1.1994949494949494,0.0,0.5050505050505051,0.0,2.684035440689433,0.0,2.3200992555831266,1.079059829059829,0.0,0.0,0.0,0.4444444444444445,0.5291005291005291,0.0,0.5050505050505051,0.0,0.0,0.0,0.0,0.0,0.0,0.0,0.0,0.0,0.0,0.0,0.0,1.079059829059829,0.0,0.0,0.0,0.0,0.0,0.0,0.0,0.0,0.0,2.683040078201368,0.0,0.0,0.0,0.0,0.0,0.0,0.0,0.5050505050505051,0.0,0.0,0.0,0.0,0.0,0.0,0.0,0.8246725813265737,7.423642068803359,12.2,2.270258385645517,2.773269943994519,3.252601172133054,0.5241918474964121,8.3,0.856516737354791,2.270258385645517,4.275752920914211,24.009664502164505,2.0173068185304723,11.913383116730937,16.979217987264484,13.61960393946526,17.732689239886447,19.173077847082915,20.694087991244626,0.0022287129853669776,0.002252886002886003,2024,12
2025-01-01,14,5.378111327263643,1.7359315905081518,3.9492176820980736,0.0,1.903467633964732,0.5252806938698686,1.4550543867499643,0.282326369282891,0.0,0.60790273556231,0.0,0.0,1.6560693832314919,0.0,0.0,0.0,1.8177133800739664,0.0,0.6696428571428571,0.6267829712530173,0.0,0.0,0.0,0.6893591153642479,0.5232862375719518,0.0,0.2616431187859759,0.2616431187859759,0.3291639236339697,0.0,0.3291639236339697,0.0,3.2908898348301343,0.0,0.0,0.0,0.0,0.0,0.0,0.6267829712530173,0.7327151746428479,0.0,0.0,0.5439694880688669,0.0,0.5252806938698686,0.0,0.0,0.0,1.4550543867499643,0.0,0.0,0.0,0.0,0.0,0.0,0.282326369282891,0.0,0.0,0.0,0.0,0.0,0.0,0.0,0.7662405621589296,0.42771599657827203,5.353066010179444,11.714285714285714,2.1836931270010504,2.788541412597598,3.351771117474845,0.6452618460139108,8.928571428571429,0.9976162660657734,2.1836931270010504,4.528843736518735,22.79592490842491,2.08062842584738,8.490428301227755,17.37891625817671,13.567433602170912,17.503180277515686,18.792080031132734,20.24327969908646,0.0029561353099182715,0.002252498488498437,2025,1
2025-02-01,10,9.767579896939614,2.9596633226934186,2.5210084033613445,0.0,1.1838049873914263,0.0,1.273205638530716,1.2970151623402397,2.1249873443353247,0.5,0.5,0.0,0.4444444444444445,0.5,0.7970151623402397,0.0,2.7029337364973527,3.276332470658916,1.0468540829986615,0.0,0.0,0.5,0.0,2.4596633226934186,0.0,0.0,0.0,0.0,1.316526610644258,0.0,0.8123249299719888,0.0,0.39215686274509803,0.0,0.0,0.0,0.0,0.0,0.0,0.0,0.5813953488372092,0.0,0.0,0.6024096385542169,0.0,0.0,0.0,0.0,0.0,1.273205638530716,0.0,0.0,0.0,0.0,0.5,0.0,0.0,0.7970151623402397,0.0,1.6249873443353244,0.0,0.5,0.0,0.0,0.0,1.176470588235294,2.773109243697479,11.1,1.7885377904312652,2.741273858452364,3.542412339029299,0.6590798075075452,7.5,0.7015429054729668,1.7885377904312652,4.53092903828198,25.503943001443,2.0461582557929026,6.843987361142132,18.0279049013522,13.923859642806665,18.497387567755478,19.827155609203597,21.770460966066217,0.004794249720255197,0.002808454847335404,2025,2
2025-03-01,11,2.5489759805307695,3.669145915180661,2.596890481361599,0.0,1.6460148039095406,0.0,1.5429512105328869,0.6101281269066504,0.0,0.3593244699964067,0.0,0.0,0.0,0.0,0.0,0.0,0.0,0.4887585532746824,1.1692608466802015,0.5316321105794789,0.0,0.0,0.0,2.0918997998794264,0.0,0.0,1.5772461153012345,0.0,0.4887585532746824,0.0,0.0,0.0,2.1081319280869164,0.0,0.0,0.0,0.0,0.0,0.0,0.5316321105794789,0.5827505827505827,0.0,0.0,0.5316321105794789,0.0,0.0,0.0,0.0,0.0,1.5429512105328869,0.0,0.0,0.0,0.0,0.0,0.0,0.0,0.0,0.6101281269066504,0.0,0.0,0.0,0.0,0.0,0.0,0.5865102639296187,6.664085502316934,11.545454545454545,2.3010914972912726,2.7673624840153837,3.578202803983784,0.8860249938435474,6.363636363636363,0.8438902154553166,2.3010914972912726,8.569535106510518,23.271795880886792,2.032599961975616,12.695177220854237,17.226219592436685,14.16145392352962,17.700680945691722,19.506092349912546,20.490028456000157,0.0034879376386423937,0.0028265201116190815,2025,3
2025-04-01,12,6.340934559289412,3.677387108600589,3.421136937322244,0.0,2.6379028252457117,1.9079233107898492,1.4126635806632386,0.7034035848408382,0.4553734061930783,0.3687315634218289,0.0,0.0,0.3687315634218289,0.7034035848408382,0.0,0.0,1.2939481390169159,1.664642022299948,0.3346720214190093,1.606805664869042,0.0,0.0,0.9675938073996327,1.5243015005221725,0.8167602372569543,0.0,0.3687315634218289,0.0,1.188754218830532,0.4480286738351255,0.4480286738351255,0.0,1.3363253708214617,0.0,0.0,0.0,0.0,0.0,0.0,1.606805664869042,0.0,0.6265664160401002,0.0,0.40453074433656955,0.3671071953010279,0.0,0.3671071953010279,0.0,1.1737089201877935,1.4126635806632386,0.0,0.0,0.0,0.0,0.7034035848408382,0.0,0.0,0.0,0.0,0.4553734061930783,0.0,0.0,0.0,0.0,0.0,0.4480286738351255,5.788219562716027,10.75,1.8654441743999097,2.6855594266708063,3.3377693504919925,0.6035657114104469,7.833333333333333,0.8869944027465634,1.8654441743999097,2.0942163158910803,21.719490231990232,2.0732778952577804,11.8587948393913,16.53377712543197,14.010680133608927,16.897766698070697,17.843319385230583,19.61786703570137,0.0028937522758891083,0.0023751831818820458,2025,4
2025-05-01,9,2.794989577519879,1.9569686290768378,3.5037523739456264,0.0,0.5527915975677169,0.0,3.117274482360754,1.2985037526758452,0.5527915975677169,0.5291005291005292,0.0,0.0,0.0,0.7457121551081283,0.5527915975677169,0.0,0.41459369817578773,0.0,0.5527915975677169,0.0,0.0,0.0,0.0,0.9895833333333334,0.9673852957435047,0.0,0.0,0.0,0.0,0.0,1.3012677106636839,0.0,2.202484663281943,0.0,0.0,0.0,0.0,0.0,0.0,0.0,0.5527915975677169,0.0,0.0,0.0,0.0,0.0,0.0,0.0,0.0,2.683246704582976,0.0,0.4340277777777778,0.0,0.0,0.7457121551081283,0.0,0.0,0.5527915975677169,0.0,0.0,0.5527915975677169,0.0,0.0,0.0,0.0,0.8291873963515755,0.5527915975677169,11.333333333333334,2.191803490782476,2.793615745329971,3.3776166628093987,0.6359578050546223,8.555555555555555,0.8475169355051029,2.191803490782476,7.085088636228904,23.706008497675164,2.054011780368707,11.30579656672658,16.869780976624767,14.28765239274607,17.807458557264905,18.50750555960144,20.68958044914197,0.0040882393587617465,0.004030088945058317,2025,5
2025-06-01,12,1.4123469939811997,1.1040452216922805,5.618538149456877,0.0,0.7449145258332538,0.32679738562091504,1.531395649042708,0.3930817610062893,0.32679738562091504,1.0192652329749103,0.0,0.0,0.0,0.0,0.3930817610062893,0.0,0.0,0.0,0.0,0.0,0.0,0.0,0.0,0.32679738562091504,0.7772478360713655,0.0,0.0,0.0,0.2944640753828033,0.0,2.0833333333333335,2.0833333333333335,1.1574074074074072,0.0,0.0,0.0,0.0,0.0,0.0,0.0,0.45045045045045046,0.2944640753828033,0.0,0.0,0.0,0.32679738562091504,0.0,0.0,0.0,1.531395649042708,0.0,0.0,0.0,0.0,0.0,0.0,0.0,0.3930817610062893,0.0,0.32679738562091504,0.0,0.0,0.0,0.0,0.0,2.31155964696289,4.5373469939812,11.666666666666666,1.9876090643007929,2.7728645523903257,3.3014949887863856,0.6409575822967225,7.916666666666667,1.3274883603260579,1.9876090643007929,3.439551577932372,26.589814814814815,2.016627925738847,11.067958585443101,17.69285532838911,13.337686883180785,18.229466561595732,19.06327901118633,21.237830904353967,0.0021436664702098084,0.0032740877670122954,2025,6
2025-07-01,14,8.19714078388568,1.7889960149668198,1.8065776496472197,0.0,2.1259476292172836,0.6219707472246403,0.8268606157447026,1.1530662449131628,0.0,1.2688146124591568,0.0,0.0,0.562429696287964,0.0,1.1530662449131628,0.0,0.5727600376483551,1.714503429006858,2.233872175287108,0.6916945882830744,0.0,0.0,0.0,0.5613268929619092,0.9464542738609287,0.0,0.281214848143982,0.0,0.0,0.2655337227827934,0.0,0.2655337227827934,1.2755102040816326,0.0,0.0,0.0,0.0,0.0,0.0,0.6916945882830744,0.5467485709267754,0.33852403520649965,0.2655337227827934,0.2834467120181406,0.0,0.0,0.0,0.0,0.6219707472246403,0.5467485709267754,0.0,0.2801120448179272,0.0,0.0,0.0,0.0,0.0,1.1530662449131628,0.0,0.0,0.0,0.0,0.0,0.0,2.5140736041209975,0.9526887678148181,4.908829565075893,11.214285714285714,1.8835404428822144,2.809053530990807,3.4633617216560766,0.7762544271669957,8.714285714285714,0.7854178855098689,1.8835404428822144,5.595317271837487,23.21017256552971,2.02859387789565,15.13373004942585,16.52660459968811,13.727127922985131,17.077758439794618,18.111571967935728,19.58575645899085,0.002516407825704802,0.002409672662286378,2025,7
2025-08-01,10,7.950001266663172,2.042262057766207,2.4352220316638067,0.0,2.421562341329479,1.2174280730809213,1.9704989035898368,0.37174721189591076,0.7434944237918215,0.806529820591563,0.0,0.0,0.806529820591563,0.0,0.37174721189591076,0.0,3.15471889228282,0.43478260869565216,1.7696323065450585,0.6060606060606061,0.0,0.0,0.0,1.243164418519869,0.37174721189591076,0.0,0.42735042735042744,0.0,1.0006780295059738,0.0,1.0408432147562583,0.0,0.3937007874015748,0.0,0.0,0.0,0.0,0.0,0.0,0.6060606060606061,0.0,0.9478672985781991,0.0,0.8676344366906743,0.0,0.8456808611850104,0.0,0.0,0.37174721189591076,1.9704989035898368,0.0,0.0,0.0,0.0,0.0,0.0,0.0,0.37174721189591076,0.0,0.7434944237918215,0.0,0.0,0.0,0.0,0.628930817610063,1.282051282051282,3.2916370403532333,11.4,2.2589690601275123,2.7405742930380588,3.278210624496616,0.6007581460054046,6.6,0.6513014572785047,2.2589690601275123,6.475349767717448,22.669764124764125,2.1308903192321687,4.007687449061334,17.87073427237177,14.13286348075387,18.197667222340765,19.788020954911282,21.417849872810706,0.0015977141653279962,0.0036860480371004958,2025,8
2025-09-01,10,6.672009659946561,1.6838193253287592,2.9232893980373067,0.0,1.2394700727085475,0.40816326530612246,1.288024643819792,1.252572564047974,1.7273190056323138,0.5464480874316939,0.0,0.0,0.45045045045045046,0.0,1.252572564047974,0.0,0.9221485636579976,0.45045045045045046,3.0499395439079944,0.0,0.0,0.0,0.0,1.2121212121212122,0.4716981132075471,0.0,0.0,0.0,0.0,0.0,0.6060606060606061,0.0,2.3172287919767003,0.0,0.0,0.0,0.0,0.0,0.0,0.0,0.398406374501992,0.40816326530612246,0.0,0.4329004329004329,0.0,0.0,0.0,0.0,0.40816326530612246,1.288024643819792,0.0,0.0,0.0,0.0,0.0,0.0,0.0,1.252572564047974,0.0,1.3191557403261913,0.0,0.0,0.40816326530612246,0.0,2.5145873853848295,1.268510862211531,0.8065696398081144,11.3,2.122506800844511,2.7145706951102415,3.4309959598490494,0.6436029018718584,7.5,0.8085525055420522,2.122506800844511,3.7935614042811237,23.1661655011655,2.1132176698767156,5.432600345872234,17.673986402596803,14.204686839666952,17.86241273467332,19.429916676063748,21.19074198294795,0.0008163265306122449,0.005076149940322355,2025,9
2025-10-01,13,6.735338633189013,1.397076730031648,1.7801454411469504,0.0,0.31017369727047145,0.36114120621162876,2.1842732712791775,1.3226796677500905,1.267439851203741,1.5784784529606404,0.36114120621162876,0.0,0.0,0.0,0.6410256410256411,0.0,1.3052744049787026,1.4293433581776707,1.4200755698347292,0.0,0.0,0.3865481252415926,0.0,0.5878743359819405,0.42265426880811496,0.0,0.0,0.0,0.0,0.0,0.36114120621162876,0.0,1.4190042349353216,0.0,0.0,0.0,0.0,0.0,0.0,0.0,0.0,0.0,0.0,0.31017369727047145,0.0,0.0,0.0,0.0,0.36114120621162876,2.1842732712791775,0.0,0.0,0.0,0.0,0.0,0.0,0.0,0.6410256410256411,0.6816540267244492,0.3865481252415926,0.0,0.8808917259621485,0.0,0.0,1.4165749459867105,0.0,0.37707390648567124,10.76923076923077,1.9965770153332418,2.720062887097385,3.256261828677029,0.5721581321069047,7.230769230769231,0.8325395819246988,1.9965770153332418,1.0021668472372698,21.857417582417586,2.09195477285982,7.433507174058663,17.305009620997716,14.27363097671206,17.46668268871053,19.124477036577876,20.451391103172472,0.0017713824559962268,0.004975158073457447,2025,10
2025-11-01,12,6.197335844493065,0.38402457757296465,2.0762041048040385,0.0,0.38580246913580246,0.38580246913580246,1.0192153939054547,0.38580246913580246,0.38580246913580246,0.0,0.38402457757296465,0.0,0.38402457757296465,0.0,0.38580246913580246,0.0,0.7077617371735019,2.2209600168927404,2.114762466145091,0.0,0.0,0.0,0.0,0.38402457757296465,0.0,0.0,0.0,0.0,0.0,0.0,0.38402457757296465,0.0,1.6921795272310736,0.0,0.0,0.0,0.0,0.0,0.0,0.0,0.0,0.38580246913580246,0.0,0.0,0.0,0.0,0.0,0.0,0.38580246913580246,1.0192153939054547,0.0,0.0,0.0,0.0,0.0,0.0,0.0,0.38580246913580246,0.0,0.0,0.38580246913580246,0.0,0.0,0.0,0.0,0.0,3.2776877707203007,12.25,2.2030002713148265,2.736512094502992,3.53432323458034,0.6854116434924656,9.666666666666666,1.0483852624153889,2.2030002713148265,6.675022847781374,26.782407407407405,2.0183770169086173,9.546402221521852,17.938214490206896,13.857558746658286,18.556842696955954,20.218148363740507,21.80012301563534,0.0028365970428699317,0.004095954041485342,2025,11
2025-12-01,10,8.121549308049975,1.740409626438612,0.8025346585609057,0.0,0.8633304067895816,0.38759689922480617,0.373134328358209,0.0,0.7607312275830151,1.3816881680852933,0.0,0.0,0.8791756052712228,0.0,0.0,0.0,2.1310661114934373,0.4149377593360996,2.8244855854325506,0.4901960784313726,0.0,0.0,0.5050505050505051,0.373134328358209,0.8622247930298977,0.0,0.0,0.0,0.0,0.0,0.8025346585609057,0.0,0.0,0.0,0.0,0.0,0.0,0.0,0.0,0.4901960784313726,0.373134328358209,0.0,0.0,0.0,0.0,0.38759689922480617,0.0,0.0,0.0,0.373134328358209,0.0,0.0,0.0,0.0,0.0,0.0,0.0,0.0,0.0,0.373134328358209,0.38759689922480617,0.0,0.0,0.0,0.0,0.7581186047178194,6.642399753466828,11.0,1.8025889710789023,2.7847769554420285,3.6503995876135846,0.7720272390469506,8.1,0.8432470744497496,1.8025889710789023,6.201682100140447,24.072154234654235,2.044067294729703,9.969113012050894,17.059488386891633,14.090707887697207,17.47829975448335,18.896886767542604,20.36034743802888,0.003889020059932766,0.0035042944237497708,2025,12
2026-01-01,16,7.483007121080774,1.755777081578172,0.9962893982514481,0.0,1.121557053721117,0.5188186766165748,0.6084490027950163,1.0661274181484803,0.35112359550561795,0.24319066147859922,0.0,0.0,0.5667892156862746,0.0,1.0661274181484803,0.0,3.6260368064241058,0.0,1.7005939610473493,0.2802690582959641,0.0,0.0,0.0,0.6095786778398511,0.6501666577065749,0.0,0.496031746031746,0.0,0.248015873015873,0.0,0.2561475409836066,0.0,0.4921259842519685,0.0,0.0,0.0,0.0,0.0,0.0,0.2802690582959641,0.8412879954251529,0.0,0.0,0.0,0.0,0.5188186766165748,0.0,0.0,0.0,0.6084490027950163,0.0,0.0,0.0,0.0,0.0,0.0,0.0,1.0661274181484803,0.0,0.35112359550561795,0.0,0.0,0.0,0.0,0.5341880341880343,2.384646414141969,5.758654672139329,12.125,2.256640444491128,2.7833618888959033,3.2944436558135455,0.5697727280423823,9.25,0.7854497294409569,2.256640444491128,4.312936461479633,22.272360258205847,2.1214957315091936,5.844800098156849,17.500039686546657,14.668531489965336,17.892297486678146,19.74153182144131,21.34609474796285,0.0016632576866134612,0.0024267830747373787,2026,1
2026-02-01,9,10.829568533543073,0.0,1.54486036838978,0.0,0.0,0.43572984749455335,1.5623037847393435,0.0,0.43572984749455335,0.9188216349341669,0.0,0.0,0.6734006734006734,0.0,0.0,0.0,3.283768177209218,4.28904425795672,1.6645337900422952,0.0,0.0,0.0,0.0,0.0,0.0,0.0,0.0,0.0,0.0,0.0,0.0,0.0,1.54486036838978,0.0,0.0,0.0,0.0,0.0,0.0,0.0,0.0,0.0,0.0,0.0,0.0,0.0,0.43572984749455335,0.0,0.0,1.5623037847393435,0.0,0.0,0.0,0.0,0.0,0.0,0.0,0.0,0.0,0.43572984749455335,0.0,0.0,0.0,0.0,0.0,1.3550135501355014,2.611054345508942,11.333333333333334,2.1811186045776307,2.7380519202097355,3.3535602965990825,0.7086077854694443,7.333333333333333,0.804142547883285,2.1811186045776307,6.81171933050364,21.500057966724633,2.042287368064995,15.05644313544387,16.013802236596316,14.016064548981591,16.745933940032444,17.94440407062768,19.346890162940074,0.0024354496995184246,0.0009171195652173912,2026,2
2026-03-01,10,14.180540875584734,2.2913777090657823,1.5030820293978189,0.0,1.3308002685759823,0.0,1.3172572994252219,0.41841004184100417,0.0,3.0116405026034827,0.45662100456620996,0.0,0.5524861878453039,0.0,0.0,0.0,3.2722038407544582,3.399064878971788,3.4885244608434904,0.0,0.0,0.45662100456620996,0.0,0.5524861878453039,1.2822705166542687,0.0,0.0,0.0,0.0,0.0,0.9767662399241346,0.0,0.5263157894736842,0.0,0.0,0.0,0.0,0.0,0.0,0.0,0.45662100456620996,0.45045045045045046,0.42372881355932207,0.0,0.0,0.0,0.0,0.0,0.0,1.3172572994252219,0.0,0.0,0.0,0.0,0.0,0.41841004184100417,0.0,0.0,0.0,0.0,0.0,0.0,0.0,0.0,6.113309567620497,2.54821282943132,5.7509568578634225,11.4,1.8910417948649143,2.7569949168947074,3.6228831258517302,0.7344489567795769,6.8,0.688602661744684,1.8910417948649143,4.448047158196543,24.27866522366522,2.1846454088409617,4.726420045156468,17.342825144444667,14.763345401531883,17.19704048974107,19.446958801076413,20.577315197580266,0.00344370180632749,0.005525770934870981,2026,3
2026-04-01,6,16.238127553686496,3.3401635930497946,2.4382716049382718,0.0,0.7716049382716049,0.0,2.1049382716049383,1.3333333333333333,0.7716049382716049,0.7716049382716049,0.0,0.0,1.6666666666666667,0.0,1.3333333333333333,0.0,3.188343866235121,3.181132605129779,6.097046144049993,0.0,0.0,0.0,0.0,2.5613473936728473,0.0,0.0,0.778816199376947,0.0,0.0,0.0,1.6666666666666667,0.0,0.7716049382716049,0.0,0.0,0.0,0.0,0.0,0.0,0.0,0.0,0.7716049382716049,0.0,0.0,0.0,0.0,0.0,0.0,0.0,2.1049382716049383,0.0,0.0,0.0,0.0,0.0,0.0,0.0,1.3333333333333333,0.0,0.7716049382716049,0.0,0.0,0.0,0.0,0.0,1.7825311942959001,5.789661319073083,11.666666666666666,2.0502609303139763,2.688734397306827,3.409203922372319,0.7749841554076343,5.333333333333333,0.5942331261100663,2.0502609303139763,10.272049325926027,23.590909090909093,2.188470112239275,-3.2863622393061385,19.06920488916013,14.593957294294617,18.454377135609953,21.608291676312152,21.885257963467904,0.003981481481481482,0.0016666666666666668,2026,4
