month_ts,paper_count,marker_words_total_per_1k_words_monthly_mean,marker_verbs_total_per_1k_words_monthly_mean,marker_adjectives_total_per_1k_words_monthly_mean,marker_phrases_total_per_1k_words_monthly_mean,sequential_markers_total_per_1k_words_monthly_mean,causal_markers_total_per_1k_words_monthly_mean,contrast_markers_total_per_1k_words_monthly_mean,emphasis_markers_total_per_1k_words_monthly_mean,summary_markers_total_per_1k_words_monthly_mean,word_finding_per_1k_words_monthly_mean,word_interplay_per_1k_words_monthly_mean,word_realm_per_1k_words_monthly_mean,word_insight_per_1k_words_monthly_mean,word_notably_per_1k_words_monthly_mean,word_particularly_per_1k_words_monthly_mean,word_meticulously_per_1k_words_monthly_mean,word_while_per_1k_words_monthly_mean,word_within_per_1k_words_monthly_mean,word_across_per_1k_words_monthly_mean,word_additionally_per_1k_words_monthly_mean,verb_delve_per_1k_words_monthly_mean,verb_underscore_per_1k_words_monthly_mean,verb_showcase_per_1k_words_monthly_mean,verb_enhance_per_1k_words_monthly_mean,verb_exhibit_per_1k_words_monthly_mean,verb_garner_per_1k_words_monthly_mean,verb_align_per_1k_words_monthly_mean,verb_foster_per_1k_words_monthly_mean,adjective_crucial_per_1k_words_monthly_mean,adjective_pivotal_per_1k_words_monthly_mean,adjective_comprehensive_per_1k_words_monthly_mean,adjective_intricate_per_1k_words_monthly_mean,adjective_potential_per_1k_words_monthly_mean,phrase_meticulously_delve_per_1k_words_monthly_mean,phrase_intricate_web_per_1k_words_monthly_mean,phrase_comprehensive_chapter_per_1k_words_monthly_mean,phrase_deep_dive_per_1k_words_monthly_mean,phrase_intricate_interplay_per_1k_words_monthly_mean,phrase_essential_insight_per_1k_words_monthly_mean,sequential_marker_additionally_per_1k_words_monthly_mean,sequential_marker_furthermore_per_1k_words_monthly_mean,sequential_marker_moreover_per_1k_words_monthly_mean,sequential_marker_subsequently_per_1k_words_monthly_mean,sequential_marker_further_per_1k_words_monthly_mean,causal_marker_hence_per_1k_words_monthly_mean,causal_marker_thus_per_1k_words_monthly_mean,causal_marker_consequently_per_1k_words_monthly_mean,causal_marker_accordingly_per_1k_words_monthly_mean,causal_marker_thereby_per_1k_words_monthly_mean,contrast_marker_however_per_1k_words_monthly_mean,contrast_marker_nonetheless_per_1k_words_monthly_mean,contrast_marker_nevertheless_per_1k_words_monthly_mean,contrast_marker_conversely_per_1k_words_monthly_mean,contrast_marker_alternatively_per_1k_words_monthly_mean,emphasis_marker_notably_per_1k_words_monthly_mean,emphasis_marker_crucially_per_1k_words_monthly_mean,emphasis_marker_remarkably_per_1k_words_monthly_mean,emphasis_marker_particularly_per_1k_words_monthly_mean,emphasis_marker_importantly_per_1k_words_monthly_mean,summary_marker_overall_per_1k_words_monthly_mean,summary_marker_collectively_per_1k_words_monthly_mean,summary_marker_ultimately_per_1k_words_monthly_mean,summary_marker_in_summary_per_1k_words_monthly_mean,summary_marker_taken_together_per_1k_words_monthly_mean,em_dash_per_1k_words_monthly_mean,semicolon_per_1k_words_monthly_mean,colon_per_1k_words_monthly_mean,clause_depth_monthly_mean,clause_depth_std_monthly_mean,dependency_entropy_monthly_mean,dependency_length_monthly_mean,dependency_length_std_monthly_mean,coordination_count_monthly_mean,coordination_per_sentence_std_monthly_mean,sentence_depth_std_monthly_mean,list_of_three_per_1k_words_monthly_mean,avg_words_per_sentence_monthly_mean,avg_syllables_per_word_monthly_mean,flesch_reading_ease_monthly_mean,flesch_kincaid_grade_monthly_mean,dale_chall_monthly_mean,smog_index_monthly_mean,automated_readability_index_monthly_mean,gunning_fog_monthly_mean,hedge_ratio_monthly_mean,certainty_ratio_monthly_mean,year,month
2015-01-01,28,2.1228686772297594,0.0,0.9253229718671705,0.0,0.94795290083465,2.2708739101857227,1.1693522671589458,0.24131274131274133,0.0,0.1984126984126984,0.0,0.0,0.2532928064842958,0.0,0.24131274131274133,0.0,0.38824260221368867,0.3463303892488442,0.6952774395574909,0.0,0.0,0.0,0.0,0.0,0.0,0.0,0.0,0.0,0.0,0.0,0.17421602787456444,0.0,0.751106943992606,0.0,0.0,0.0,0.0,0.0,0.0,0.0,0.5917836271278932,0.35616927370675666,0.0,0.0,0.17421602787456444,0.9538569906164309,0.0,0.18996960486322187,0.9528312868315053,1.1693522671589458,0.0,0.0,0.0,0.0,0.0,0.0,0.0,0.24131274131274133,0.0,0.0,0.0,0.0,0.0,0.0,1.1719170947232302,0.5460949219293678,1.8742513541011867,11.678571428571429,2.2185498447647602,2.74162336253815,3.3984422623001853,0.6740350784302606,5.107142857142857,0.7439411625658572,2.2185498447647602,4.459310180702313,25.140954283811425,1.9315954036006138,19.058104934254015,16.52577103682744,12.529555820471915,17.27065445047502,17.730771370333755,19.881112411077822,0.004215722186234212,0.0020212782473094846,2015,1
2015-02-01,26,3.0630129241336275,0.5455537370430987,0.16943409013893598,0.0,3.316367508515194,0.9306151219123012,2.221042333890576,0.41433141166721615,1.1122383885617209,0.6938591452514267,0.18670649738610903,0.0,0.0,0.0,0.19825535289452817,0.0,0.3371056722502627,0.4548367892141005,0.9288142721951561,0.26343519494204426,0.0,0.0,0.0,0.27277686852154936,0.27277686852154936,0.0,0.0,0.0,0.16943409013893598,0.0,0.0,0.0,0.0,0.0,0.0,0.0,0.0,0.0,0.0,0.26343519494204426,0.22232103156958646,0.21607605877268796,0.0,2.6145352232308747,0.3676894430334641,0.3676894430334641,0.19523623584537286,0.0,0.0,1.7150946733037402,0.0,0.19825535289452817,0.3076923076923077,0.0,0.0,0.0,0.21607605877268796,0.19825535289452817,0.0,1.1122383885617209,0.0,0.0,0.0,0.0,1.816796879020885,0.550215129238774,1.830279810042751,11.192307692307692,1.9653840681560715,2.7514164330229796,3.35053466280699,0.6824247418353058,5.961538461538462,0.6666507581588639,1.9653840681560715,4.131264807414896,24.047337384837384,1.941549449685226,18.803190754387966,16.390736027468574,12.292807679748119,17.294003701301385,17.424748540979756,19.564025515871467,0.0032726310732996374,0.0012537987113989146,2015,2
2015-03-01,27,2.0043370412004373,0.5323995451600324,0.5259745235558972,0.0,0.15055706112616682,0.9942179983093147,1.3776810302231421,0.15055706112616682,0.1959631589261219,0.22045855379188709,0.5022490542394927,0.0,0.0,0.0,0.15055706112616682,0.0,0.3222108622238746,0.43168220182209827,0.37717930799691807,0.0,0.0,0.0,0.0,0.0,0.5323995451600324,0.0,0.0,0.0,0.0,0.0,0.0,0.0,0.5259745235558972,0.0,0.0,0.0,0.0,0.0,0.0,0.0,0.0,0.0,0.0,0.15055706112616682,0.0,0.9942179983093147,0.0,0.0,0.0,1.3776810302231421,0.0,0.0,0.0,0.0,0.0,0.0,0.0,0.15055706112616682,0.0,0.0,0.1959631589261219,0.0,0.0,0.0,0.0,0.3676336434957125,0.8623961891440838,12.37037037037037,2.4060120077996405,2.7471019174337097,3.3376939893969566,0.6540998928025195,4.62962962962963,0.7297263548313928,2.4060120077996405,1.9025593651879669,24.222067233178343,1.9381450050685316,17.09213479983669,16.662631010181887,12.472968212861687,17.517073053587477,17.768980379647545,20.001424148779257,0.004146676381273142,0.0019531237015923322,2015,3
2015-04-01,19,3.4919912223718557,0.6049606775559588,1.2662097598576727,0.0,0.7277083177360185,1.1052555379176245,3.2993821233313425,1.1260297524739116,0.0,1.087413575559473,0.0,0.0,0.0,0.5847953216374269,0.0,0.0,0.8664955070603338,0.953286818114622,0.0,0.0,0.0,0.0,0.0,0.0,0.0,0.0,0.0,0.6049606775559588,0.19138755980861244,0.0,0.0,0.278473962684489,0.7963482373645713,0.0,0.0,0.0,0.0,0.0,0.0,0.0,0.19138755980861244,0.0,0.5363207579274061,0.0,0.0,0.853429801327345,0.0,0.2518257365902795,0.0,3.2993821233313425,0.0,0.0,0.0,0.0,0.5847953216374269,0.0,0.0,0.0,0.5412344308364847,0.0,0.0,0.0,0.0,0.0,1.774237574133353,0.7309941520467835,1.2531328320802004,10.68421052631579,1.8991525282821229,2.647626157953161,3.316475637886471,0.5790027693866258,4.631578947368421,0.6091870845295286,1.8991525282821229,2.449424997901452,27.440001518948886,1.9350053520203918,13.478041257499118,18.123918270538095,12.383912586353398,18.299996892515086,19.49046799855506,21.592787599078132,0.003343995861246036,0.0008251764890512243,2015,4
2015-05-01,30,3.7156985256530644,1.1350594890068224,1.4857815667736356,0.0,0.0,0.5260997633878991,1.0908605958116682,0.2669772537507113,0.15015015015015015,0.38032599370889336,0.13175230566534915,0.0,0.2599574338704774,0.0,0.2669772537507113,0.0,1.1872758231922442,1.3268080894491285,0.16260162601626016,0.0,0.0,0.0,0.0,0.0,0.9849093388566724,0.0,0.15015015015015015,0.0,0.28490028490028496,0.0,0.2777777777777778,0.0,0.923103504095573,0.0,0.0,0.0,0.0,0.0,0.0,0.0,0.0,0.0,0.0,0.0,0.11299435028248588,0.0,0.12820512820512822,0.0,0.28490028490028496,0.9508045734027044,0.0,0.0,0.0,0.1400560224089636,0.0,0.0,0.0,0.2669772537507113,0.0,0.15015015015015015,0.0,0.0,0.0,0.0,1.0292418143970783,1.6963937379999947,1.3044236111370242,12.6,2.55637058224257,2.7631001702538476,3.5276429961270717,0.7186798681419742,6.8,0.9508588472693315,2.55637058224257,4.603284278595228,27.834108114108115,1.9325750940175803,14.38421308548889,17.756681164589597,12.65392642913812,18.30834835961618,19.308544740237966,21.058500761593663,0.003998704342192587,0.0020355144495781087,2015,5
2015-06-01,31,2.6436480463983436,0.52835226532497,0.7885956208121142,0.0,0.5451554877096193,1.4238925623222574,1.2756383691475766,0.6995996346014076,0.5608343870634196,0.35776891990574766,0.0,0.0,0.1472970982471645,0.0,0.27011420360859045,0.0,0.9701077212597949,0.6218454901422396,0.27651461323480653,0.0,0.0,0.0,0.0,0.19087612139721322,0.3374761439277569,0.0,0.0,0.0,0.12800819252432155,0.0,0.0,0.0,0.6605874282877927,0.0,0.0,0.0,0.0,0.0,0.0,0.0,0.382235969951392,0.16291951775822747,0.0,0.0,0.0,1.2817865512379885,0.0,0.0,0.14210601108426887,0.9997470278912097,0.0,0.13440860215053765,0.14148273910582906,0.0,0.0,0.3014772384684956,0.0,0.27011420360859045,0.12800819252432155,0.26337693031783665,0.0,0.2974574567455829,0.0,0.0,0.41128028100569625,0.5743839953542098,1.2391350605838438,12.806451612903226,2.7140752364729988,2.764724606088317,3.2298274022409403,0.6298216143403573,6.064516129032258,0.8912381674691828,2.7140752364729988,2.227219936864941,24.042292743099196,1.95081955753015,16.17022615205613,16.742434500701457,12.389580737001975,17.663456961051775,17.881828333711457,20.27355010009044,0.003618633389748498,0.00047474984963163475,2015,6
2015-07-01,27,2.7913519192890104,0.7235127844522682,1.4970770957539283,0.0,1.5081493053859416,1.1902839730678425,1.3525420950446034,0.1738828029907842,0.5785342062462893,0.3719418245792176,0.15760441292356187,0.0,0.2554278416347382,0.0,0.0,0.0,1.0507748012151206,0.5698005698005698,0.0,0.38580246913580246,0.0,0.2664535038635758,0.0,0.19805902158843336,0.259000259000259,0.0,0.0,0.0,0.2703433360367667,0.0,0.4326291920276883,0.0,0.7941045676894734,0.0,0.0,0.0,0.0,0.0,0.0,0.38580246913580246,0.6177762025715241,0.33922671833469953,0.0,0.16534391534391535,0.43572984749455335,0.20128824476650564,0.1738828029907842,0.0,0.3793830778159992,1.3525420950446034,0.0,0.0,0.0,0.0,0.0,0.1738828029907842,0.0,0.0,0.0,0.0,0.4046514032555051,0.0,0.1738828029907842,0.0,0.9326129899257772,0.33323068960681673,1.3213906804809323,11.666666666666666,2.229211578703983,2.7129211177308656,3.3166341010296643,0.6485851140960285,5.074074074074074,0.7066941078137975,2.229211578703983,2.579887653973779,25.026571473793698,1.9843521752977324,13.565272864164818,17.3029524576693,12.614156414275174,18.014241688736863,18.42762256707198,20.695028070577557,0.0026346657939813395,0.0019961635171775534,2015,7
2015-08-01,30,3.7642771242269375,1.147586980920314,1.1124356264276638,0.0,1.14754680447683,1.3336967016205035,0.9580074378077224,1.0701581295940679,0.13831258644536654,0.12254901960784313,0.3215004291362403,0.0,0.26810942717698427,0.34430379746835443,0.7258543321257135,0.0,1.1375156742673573,0.6777777777777778,0.16666666666666666,0.0,0.0,0.0,0.0,0.8698092031425365,0.27777777777777773,0.0,0.0,0.0,0.12626262626262627,0.0,0.0,0.0,0.9861730001650374,0.0,0.0,0.0,0.0,0.0,0.0,0.0,0.5340276131351182,0.3215004291362403,0.17825311942959002,0.11376564277588169,0.30976402004861575,0.6984929917782304,0.13386880856760372,0.0,0.19157088122605362,0.7091957919372529,0.0,0.12254901960784313,0.12626262626262627,0.0,0.34430379746835443,0.0,0.0,0.7258543321257135,0.0,0.0,0.13831258644536654,0.0,0.0,0.0,0.21929824561403508,1.3067086284535638,1.4969106386280122,11.733333333333333,2.1888583313875642,2.721327407018967,3.423704832001584,0.7164138663136036,6.2,0.7691925691040696,2.1888583313875642,1.1423449127016505,25.5760101010101,1.941396015673689,16.619387557990404,17.066323358347848,12.54686544954189,17.79381382328938,18.38136745223231,20.37614679856792,0.002622274866125536,0.0017973804919454673,2015,8
2015-09-01,24,2.6129712229739814,0.5657275286352165,0.3132832080200501,0.0,0.9564983802009986,0.8440182537170097,0.5115864779880482,0.16869095816464239,0.5597411570862899,0.15042117930204574,0.3347869610129601,0.0,0.22163120567375885,0.0,0.16869095816464239,0.0,0.8768574031301929,0.3753753753753754,0.4852081403150059,0.0,0.0,0.0,0.0,0.0,0.5657275286352165,0.0,0.0,0.0,0.0,0.0,0.3132832080200501,0.0,0.0,0.0,0.0,0.0,0.0,0.0,0.0,0.0,0.5459793871252204,0.20627062706270627,0.0,0.20424836601307192,0.0,0.4583134066634784,0.0,0.3857048470535312,0.0,0.5115864779880482,0.0,0.0,0.0,0.0,0.0,0.0,0.0,0.16869095816464239,0.0,0.3753753753753754,0.0,0.18436578171091444,0.0,0.0,0.5043702107279694,1.125799220572319,2.1278656377468623,12.416666666666666,2.609632022633133,2.7321612208964368,3.5764356114667373,0.7377590524612305,5.625,0.7430177654857731,2.609632022633133,2.4359287351720877,25.85342261904762,1.9694186801308915,14.900947242945021,17.204794232978355,12.447022190342537,17.985814615711725,18.23528447784814,20.70775883855842,0.002717837417795448,0.0022865192950940957,2015,9
2015-10-01,29,5.149788899777611,1.7976225478872905,1.8829711762347612,0.0,0.5644088719844005,1.3475778879178915,1.6412650863570344,0.842328408206251,0.4345744832814079,0.27924674174676983,0.12866700977869275,0.16113438607798905,0.6317225464629259,0.0,0.49995714653029744,0.0,1.6734218945875496,1.1241115834106223,0.6515275911827637,0.0,0.0,0.0,0.0,0.6352472577382511,0.9664505252587572,0.0,0.0,0.19592476489028213,0.5392893051695229,0.0,0.0,0.0,1.3436818710652383,0.0,0.0,0.0,0.0,0.0,0.0,0.0,0.0,0.5644088719844005,0.0,0.0,0.22104332449160033,0.6844479144430903,0.0,0.0,0.44208664898320066,1.6412650863570344,0.0,0.0,0.0,0.0,0.0,0.0,0.0,0.49995714653029744,0.3423712616759536,0.0,0.0,0.4345744832814079,0.0,0.0,0.6655222172463552,0.823242390401217,1.4316339609821254,11.96551724137931,2.4246403753592634,2.7634035564194135,3.2274382442180203,0.6713933145900538,5.827586206896552,0.8024729596741683,2.4246403753592634,2.5510061163146993,23.08861148430114,1.9444841560147643,18.77872000515785,16.303278820218896,12.304902680333182,17.21701530348481,17.161567582105267,19.752940997111423,0.0037854387023347202,0.0010919437043360534,2015,10
2015-11-01,32,3.884076290023926,0.7989052668288934,0.6667058270676691,0.0,1.4829375040391328,1.0393427355321039,0.8853876325765024,0.4013591777390479,0.32805735930735924,0.17755681818181818,0.1291322314049587,0.12351778656126482,0.6348615336618433,0.12755102040816327,0.2738081573308846,0.0,1.1464247085142296,0.8765841646276429,0.0,0.3946398693331209,0.0,0.0,0.0,0.37327285640495866,0.4256324104239347,0.0,0.0,0.0,0.0,0.0,0.0,0.0,0.6667058270676691,0.0,0.0,0.0,0.0,0.0,0.0,0.3946398693331209,0.3973259438921494,0.5773353271774989,0.0,0.11363636363636363,0.0,0.8533308307701991,0.0,0.18601190476190474,0.0,0.737981972199144,0.0,0.0,0.14740566037735847,0.0,0.12755102040816327,0.0,0.0,0.2738081573308846,0.0,0.0,0.0,0.32805735930735924,0.0,0.0,0.0,1.2352933123869443,2.2251844007824464,11.59375,2.2866720618983702,2.725836717742409,3.4458698686684177,0.7404935899409788,6.40625,0.7817961040133874,2.2866720618983702,3.282443153939134,25.345344065656565,1.9427275217253055,17.708586508255046,16.893173842068446,12.504862645216809,17.650087128513327,18.34321819899987,20.279616319230534,0.005222495322900073,0.0010293571465804837,2015,11
2015-12-01,33,2.7844585465301077,0.5606041837925897,0.11610356437942644,0.0,0.4883989269029752,0.9437021696588918,1.2182914783444698,0.45318141237430504,0.2244668911335578,0.6799394784264341,0.11610356437942644,0.0,0.0,0.0,0.24843120762410023,0.0,0.89007435496227,0.3805044498983244,0.2646552864893476,0.20475020475020475,0.0,0.0,0.0,0.0,0.5606041837925897,0.0,0.0,0.0,0.11610356437942644,0.0,0.0,0.0,0.0,0.0,0.0,0.0,0.0,0.0,0.0,0.20475020475020475,0.16291951775822744,0.12072920439454304,0.0,0.0,0.30594405594405594,0.5279645256603782,0.0,0.0,0.10979358805445762,0.9697013865953685,0.0,0.12786088735455825,0.0,0.12072920439454304,0.0,0.0,0.0,0.24843120762410023,0.20475020475020475,0.0,0.0,0.2244668911335578,0.0,0.0,0.21645021645021645,0.15227653418608195,1.5482211335470586,11.090909090909092,2.1123447309387693,2.6852888362660745,3.3145632576796773,0.6429221895026334,5.2727272727272725,0.7395918871093657,2.1123447309387693,2.9100555174502243,24.73310048537321,1.9349072619533685,18.15283276614256,16.46605768485042,12.276338901316292,17.38769593636233,17.250945799635208,19.98389401491924,0.0035218437564761567,0.0006113645370108388,2015,12
2016-01-01,20,3.331244950248622,0.7194244604316548,0.17730496453900707,0.0,0.7564786773337542,0.6609624235777242,1.3564993482098862,0.19607843137254902,0.42372881355932207,0.18450184501845018,0.0,0.2717391304347826,0.9738294463236603,0.0,0.0,0.0,1.0444762695708798,0.6830871477897378,0.1736111111111111,0.0,0.0,0.0,0.0,0.0,0.7194244604316548,0.0,0.0,0.0,0.0,0.0,0.0,0.0,0.17730496453900707,0.0,0.0,0.0,0.0,0.0,0.0,0.0,0.7564786773337542,0.0,0.0,0.0,0.0,0.42840428404284037,0.23255813953488375,0.0,0.0,1.3564993482098862,0.0,0.0,0.0,0.0,0.0,0.0,0.0,0.0,0.19607843137254902,0.42372881355932207,0.0,0.0,0.0,0.0,0.0,0.36496350364963503,0.5973474058903268,11.2,2.0332028532139588,2.770232128063049,3.3804189597088743,0.6446355273212638,6.85,0.7663875136759877,2.0332028532139588,2.0443396215179197,24.190140692640693,1.935129561251363,19.338897422010874,16.191213957371737,12.367109518921655,16.935821548751637,17.324617641213234,19.195720320215447,0.003025260622936599,0.0013966281909487152,2016,1
2016-02-01,34,2.884277216777026,0.863504530005112,0.883432104872481,0.0,1.1016477019077275,1.5762989390157174,1.2966762884097993,0.3532722886322535,0.12254901960784315,0.6503762793467822,0.10004001600640255,0.0,0.5496837429610538,0.0,0.2511481056257176,0.0,0.38157677931853856,0.6655045811002311,0.28594771241830064,0.0,0.0,0.0,0.0,0.22361885930842926,0.6398856706966827,0.0,0.0,0.0,0.0,0.0,0.2000800320128051,0.0,0.683352072859676,0.0,0.0,0.0,0.0,0.0,0.0,0.0,0.6664016914900239,0.12254901960784315,0.0,0.3126969908098603,0.22001668357421814,1.0961782138248526,0.12004801920768307,0.0,0.14005602240896362,1.1410584857331731,0.1556178026766262,0.0,0.0,0.0,0.0,0.10212418300653593,0.0,0.2511481056257176,0.0,0.12254901960784315,0.0,0.0,0.0,0.0,1.383151838376492,0.13616557734204793,1.1740838613968656,11.911764705882353,2.1981340492716774,2.715884308769693,3.2518902959273723,0.6764881559621456,5.5,0.6980185829971786,2.1981340492716774,3.201405496863512,23.75080156771333,1.957354192885586,16.12840424279494,16.767806270408244,12.48369682092532,17.65389633385675,17.660567677443815,20.25581580282715,0.0032113431324895226,0.0011308938549555914,2016,2
2016-03-01,28,3.0641536735600066,0.6207867762489612,0.1347708894878706,0.0,0.4029293339680248,0.5370309998562084,0.7204517306328373,0.14518002322880372,0.5341688567695478,0.6004415853948888,0.0,0.0,0.195160031225605,0.0,0.14518002322880372,0.0,0.8876812509948007,0.9603124691560466,0.0,0.27537831355986164,0.0,0.0,0.0,0.1616031027795734,0.45918367346938777,0.0,0.0,0.0,0.0,0.0,0.0,0.0,0.1347708894878706,0.0,0.0,0.0,0.0,0.0,0.0,0.27537831355986164,0.12755102040816327,0.0,0.0,0.0,0.0,0.5370309998562084,0.0,0.0,0.0,0.5929007102246739,0.0,0.12755102040816327,0.0,0.0,0.0,0.0,0.0,0.14518002322880372,0.0,0.3240848231561025,0.21008403361344535,0.0,0.0,0.0,1.1284513805522207,0.4504303284791091,1.3485195867336182,12.071428571428571,2.3812733993525717,2.78139179698829,3.4564011504025403,0.7605604648464518,5.5,0.8421626424683666,2.3812733993525717,1.4552008162251155,25.19000206143063,1.8973349644110773,21.232991733113035,16.318766912744447,12.066756905272527,17.110956181250188,17.657581321694686,19.505257848315754,0.004733753216205468,0.001667846779711119,2016,3
2016-04-01,22,3.0937343689818233,1.053946750602355,0.0,0.0,0.45891608391608396,0.9136470768555366,1.491287300404911,0.9140274285361678,0.29137529137529133,0.0,0.2239140170174653,0.0,0.16835016835016836,0.0,0.0,0.0,1.184120593851221,1.1375829309265426,0.3797666588364263,0.0,0.0,0.0,0.15460729746444032,0.4141003996724672,0.4852390534654475,0.0,0.0,0.0,0.0,0.0,0.0,0.0,0.0,0.0,0.0,0.0,0.0,0.0,0.0,0.0,0.0,0.0,0.0,0.45891608391608396,0.2840909090909091,0.15460729746444032,0.20112630732099757,0.0,0.2738225629791895,1.491287300404911,0.0,0.0,0.0,0.0,0.0,0.6402048655569783,0.0,0.0,0.2738225629791895,0.0,0.29137529137529133,0.0,0.0,0.0,0.7170731020103406,0.5050505050505051,0.7383032098415966,11.863636363636363,2.362480502970428,2.722853579108486,3.1228166939697997,0.5733457170069246,5.045454545454546,0.7525648838231995,2.362480502970428,2.999751324141667,22.954538895447985,1.9802489523431261,16.595228928657342,16.30641534214652,12.400104271399567,17.101637684414722,16.897906618633353,19.745668394027636,0.0035348833396115662,0.0019166152713467237,2016,4
2016-05-01,27,2.759588543532473,1.4537434166818937,1.3896169237017333,0.0,0.31901847083365237,0.8686630891081758,1.125000780258392,0.649772579597141,0.0,0.40754656965070274,0.0,0.0,0.0,0.0,0.0,0.0,0.8029655092626674,1.0274280556467505,0.5216484089723527,0.0,0.0,0.0,0.0,1.25024321318169,0.2035002035002035,0.0,0.0,0.0,0.679037469160926,0.0,0.0,0.0,0.7105794545408073,0.0,0.0,0.0,0.0,0.0,0.0,0.0,0.135666802333469,0.18335166850018336,0.0,0.0,0.3667033370003667,0.5019597521078091,0.0,0.0,0.0,0.9416491117582084,0.0,0.18335166850018336,0.0,0.0,0.0,0.649772579597141,0.0,0.0,0.0,0.0,0.0,0.0,0.0,0.0,0.8506987675030884,0.3859268012238256,2.7756750997299884,11.481481481481481,2.335047342710485,2.7300024896342334,3.2491708649904925,0.5847787588965789,5.555555555555555,0.8038954166293443,2.335047342710485,3.329797587394145,23.457763532763533,1.9312969841551135,19.5142892295672,16.201826813774094,12.140122533028958,17.03593854387737,17.253078020560253,19.492029352046156,0.003272049458128248,0.0011495584042443099,2016,5
2016-06-01,18,3.8801509433125156,0.5637310582157491,0.7701876633915469,0.0,0.6695407929975831,0.2696871628910464,2.2234736211908466,0.0,0.22862368541380887,0.7213583462695469,0.0,0.0,1.1153198653198655,0.0,0.0,0.0,0.5547105419535624,1.4887621897695413,0.0,0.0,0.0,0.0,0.0,0.0,0.5637310582157491,0.0,0.0,0.0,0.2696871628910464,0.0,0.0,0.0,0.5005005005005005,0.0,0.0,0.0,0.0,0.0,0.0,0.0,0.6695407929975831,0.0,0.0,0.0,0.0,0.2696871628910464,0.0,0.0,0.0,1.9808729419089444,0.24260067928190196,0.0,0.0,0.0,0.0,0.0,0.0,0.0,0.0,0.0,0.22862368541380887,0.0,0.0,0.0,0.24260067928190196,1.3605897375846188,0.6802948687923094,12.222222222222221,2.420403049548054,2.741228974802702,3.353536832511207,0.6712617045653899,5.0,0.6951144915488573,2.420403049548054,0.5407335480854693,24.97071847905181,1.907104459341446,18.390669746343164,16.548023380882892,12.52358424475644,17.476823457087775,17.692660766985934,19.973727948721724,0.004318500458065339,0.0018036650155576056,2016,6
2016-07-01,18,4.952172746855616,0.0,0.7521191901784464,0.0,1.1127952847362128,1.2622727552869941,1.6816520226375955,0.6022813858634755,0.3121098626716604,0.0,0.29239766081871343,0.0,0.2849002849002849,0.1876876876876877,0.41459369817578773,0.0,1.2763495457072318,2.2493302893189964,0.2469135802469136,0.0,0.0,0.0,0.0,0.0,0.0,0.0,0.0,0.0,0.0,0.0,0.0,0.29550827423167847,0.456610915946768,0.0,0.0,0.0,0.0,0.0,0.0,0.0,0.35161744022503516,0.3858024691358024,0.0,0.3753753753753754,0.3121098626716604,0.6380530299436731,0.0,0.0,0.3121098626716604,1.2958495535017933,0.3858024691358024,0.0,0.0,0.0,0.1876876876876877,0.0,0.0,0.41459369817578773,0.0,0.3121098626716604,0.0,0.0,0.0,0.0,0.0,0.5772979457189984,0.8796296296296295,11.833333333333334,2.2127610864785616,2.75922911794512,3.23537776504128,0.6451328965873575,6.333333333333333,0.7738647569158705,2.2127610864785616,2.9488746693394075,24.413192363192362,1.8919921581463686,20.68830521368684,16.31488129841584,12.162373615626429,17.343770757055708,17.457877528174983,19.711101731853162,0.00451530278256949,0.0010590141936617668,2016,7
2016-08-01,23,4.422009303502985,0.19762845849802368,0.25879917184265006,0.0,0.616783424165605,0.8114001692237963,1.3659609532552048,0.34782608695652173,0.328853302830998,0.3687842854140346,0.7547938891317976,0.0,0.3765513427349176,0.0,0.34782608695652173,0.0,1.2042738609273969,1.3697798383383162,0.0,0.0,0.0,0.0,0.0,0.0,0.19762845849802368,0.0,0.0,0.0,0.25879917184265006,0.0,0.0,0.0,0.0,0.0,0.0,0.0,0.0,0.0,0.0,0.0,0.0,0.46685838668434565,0.0,0.14992503748125935,0.3847633705271258,0.17818959372772633,0.2484472049689441,0.0,0.0,0.5986179881338158,0.0,0.767342965121389,0.0,0.0,0.0,0.0,0.0,0.34782608695652173,0.0,0.16722408026755853,0.16162922256343948,0.0,0.0,0.0,0.0,1.7366666400087325,0.9616592500862032,11.26086956521739,1.9614811801973726,2.767198291635799,3.384759050643721,0.6451922807279564,5.739130434782608,0.8012769325504883,1.9614811801973726,1.9202961173256363,25.45394786373047,1.9671646711910753,13.488416661066713,17.52365650772163,12.464658972323505,18.323920161852538,18.515346335114707,21.19966042274823,0.002723472309391697,0.00276920401378819,2016,8
2016-09-01,34,4.256372468101444,0.7098301611518291,0.8906850941537157,0.0,0.9127700943557722,0.46341913111555116,1.7485780748826638,0.0,0.32320620555914675,0.0,0.2572152456488213,0.1215362177929023,0.47326622956875064,0.0,0.0,0.0,1.1494335744560635,1.7442426209026178,0.3508320324177102,0.159846547314578,0.0,0.0,0.0,0.16160310277957338,0.364403528960491,0.0,0.0,0.18382352941176472,0.5496395850409797,0.0,0.19098548510313218,0.0,0.15006002400960383,0.0,0.0,0.0,0.0,0.0,0.0,0.159846547314578,0.0,0.4297173414820474,0.0,0.32320620555914675,0.11015642211940956,0.3532627089961416,0.0,0.0,0.0,1.6400475778129873,0.0,0.0,0.0,0.10853049706967657,0.0,0.0,0.0,0.0,0.0,0.32320620555914675,0.0,0.0,0.0,0.0,0.9412237394441497,1.1845899859840796,1.1517089449652045,10.794117647058824,1.8398191737935474,2.6890509697601916,3.2793972465643555,0.6414653752253137,5.0588235294117645,0.7553278917672729,1.8398191737935474,0.7524793416332717,24.92248119527531,1.9035993451864228,19.84268151665853,16.345746171942487,12.202343600713094,17.183644559947794,17.514729896335773,19.633078579686238,0.0018608312733443854,0.0013298961268910117,2016,9
2016-10-01,35,3.570631087599901,0.43577706721966336,0.6998491135736713,0.0,0.5442989702104082,0.5225084184192391,1.3402595491253737,0.0,0.1519756838905775,0.42016806722689076,0.12210012210012212,0.0,0.1519756838905775,0.0,0.0,0.0,0.8211712192297869,1.221485789304101,0.661613166261504,0.17211703958691912,0.0,0.0,0.0,0.0,0.43577706721966336,0.0,0.0,0.0,0.12210012210012212,0.1519756838905775,0.0,0.0,0.42577330758297166,0.0,0.0,0.0,0.0,0.0,0.0,0.17211703958691912,0.23612750885478162,0.1360544217687075,0.0,0.0,0.0,0.2665921355320018,0.0,0.0,0.2559162828872373,1.3402595491253737,0.0,0.0,0.0,0.0,0.0,0.0,0.0,0.0,0.0,0.0,0.0,0.0,0.0,0.1519756838905775,0.4441154700222058,0.7117121828189639,0.8857615603808728,11.514285714285714,1.9322952838397494,2.732384671723264,3.4336097523634463,0.6876328967904132,6.3428571428571425,0.8192939951663692,1.9322952838397494,5.75304532370753,26.07195423623995,1.88882126741366,20.879717916858223,16.553554184757274,12.121516235822723,17.37619914500405,17.616760202343414,19.745430944725364,0.0035612437601317253,0.0017254420694952088,2016,10
2016-11-01,26,3.5181626101854366,1.4486661646204786,0.7678483701099924,0.0,1.9227897634107198,1.4909574517405084,1.7490843237716573,0.32527925497383414,0.5318056930598086,0.1840264998159735,0.0,0.0,0.15323322096230463,0.0,0.14965579167913798,0.0,1.2495894602333282,0.5197505197505198,1.0778806179281992,0.1840264998159735,0.0,0.0,0.0,0.0,0.8381655541198682,0.0,0.0,0.6105006105006104,0.1840264998159735,0.0,0.0,0.0,0.5838218702940188,0.0,0.0,0.0,0.0,0.0,0.0,0.1840264998159735,1.2689517360909113,0.18491124260355032,0.0,0.2849002849002849,0.27277686852154936,1.028714876511873,0.0,0.0,0.189465706707086,1.442617881847048,0.0,0.0,0.30646644192460926,0.0,0.0,0.17562346329469614,0.0,0.14965579167913798,0.0,0.18491124260355032,0.0,0.3468944504562583,0.0,0.0,1.0909996855448953,0.2598752598752599,1.8229972315429588,11.807692307692308,2.3836088891364544,2.710916676225094,3.4607906744522685,0.6874566810953715,4.884615384615385,0.7587947404805081,2.3836088891364544,3.362209552410427,26.05732461982462,1.8938134183528623,18.45441001401735,16.800227588169477,12.452568192146238,17.42355425922526,18.421431862151334,20.18056407670272,0.004362910443872499,0.0,2016,11
2016-12-01,25,4.502440371542098,0.6381337960285328,0.4371584699453552,0.0,0.6950244113040505,1.0461163860950482,1.7141681560807953,0.32533765353523664,0.0,0.1593625498007968,0.26490066225165565,0.0,0.0,0.0,0.0,0.0,0.8687332859792443,2.3913536450898767,0.49689759281740925,0.32119263560311595,0.0,0.0,0.0,0.4761904761904761,0.16194331983805668,0.0,0.0,0.0,0.0,0.0,0.0,0.0,0.4371584699453552,0.0,0.0,0.0,0.0,0.0,0.0,0.32119263560311595,0.0,0.37383177570093457,0.0,0.0,0.0,0.5052510014796637,0.0,0.3943452380952381,0.14652014652014653,1.7141681560807953,0.0,0.0,0.0,0.0,0.0,0.0,0.16597510373443985,0.0,0.1593625498007968,0.0,0.0,0.0,0.0,0.0,0.9633858291530235,0.393251724055647,0.9106649794671701,12.08,2.2638057531495948,2.7123159308850653,3.3086811534356,0.6239390978058814,6.0,0.8452308340240309,2.2638057531495948,3.147826237048867,24.283868686868686,1.9715453643738345,14.691386547370625,16.948464342831993,12.536147367014173,17.667817078420583,17.93259350034132,20.249546495263697,0.003881438306054845,0.0019170027530748981,2016,12
2017-01-01,29,3.316076926564888,1.9360865655008568,0.9854319766346337,0.0,0.3222687721559781,1.099063910502362,0.9193571725247522,0.5666617122473245,0.4235040908693033,0.3361406265469655,0.19481784531463084,0.0,0.0,0.0,0.5666617122473245,0.0,1.206571495428002,0.6291440140286736,0.38274123299929175,0.0,0.0,0.0,0.0,0.4684004050375024,1.4676861604633544,0.0,0.0,0.0,0.0,0.0,0.26939655172413796,0.0,0.7160354249104957,0.0,0.0,0.0,0.0,0.0,0.0,0.0,0.0,0.3222687721559781,0.0,0.0,0.26525198938992045,0.21551724137931033,0.0,0.41545492314083926,0.2028397565922921,0.9193571725247522,0.0,0.0,0.0,0.0,0.0,0.0,0.0,0.5666617122473245,0.0,0.23299161230195714,0.0,0.19051247856734616,0.0,0.0,1.06425285746257,1.1500713070642297,1.2560619205426475,11.10344827586207,2.2483890162559432,2.7334134380360067,3.5530822952576044,0.7632332208995424,5.379310344827586,0.8228981971394542,2.2483890162559432,4.744591497745748,25.606981811292155,1.9442856209010886,16.094013282395057,16.888254199077675,12.433807035947087,17.848848291752997,17.9497076293922,20.489487172437663,0.002283714137087858,0.0021168675629800056,2017,1
2017-02-01,20,3.927087067896268,0.0,0.7137473954869884,0.0,0.6769789761814906,1.425964392073337,1.5442511768083675,0.21008403361344538,0.0,0.26041666666666663,0.0,0.0,0.22831050228310498,0.0,0.0,0.0,1.7423161755203236,1.5080737986141428,0.18796992481203006,0.0,0.0,0.0,0.0,0.0,0.0,0.0,0.0,0.0,0.48543689320388345,0.0,0.22831050228310498,0.0,0.0,0.0,0.0,0.0,0.0,0.0,0.0,0.0,0.2127659574468085,0.46421301873468207,0.0,0.0,0.0,0.9203634999855475,0.0,0.5056008920877895,0.0,1.5442511768083675,0.0,0.0,0.0,0.0,0.0,0.21008403361344538,0.0,0.0,0.0,0.0,0.0,0.0,0.0,0.0,0.0,0.4873711224168205,1.59752961296592,12.1,2.392154497218083,2.7435871994804284,3.3099358611659953,0.6996986220121565,4.6,0.6432970047302874,2.392154497218083,1.8458104395604398,23.91244227994228,1.8746613653243962,23.69728631723251,15.74941241899258,12.152248992510447,17.190288630283117,16.734765695539533,19.378211639038547,0.002347707787215089,0.0010554876442468324,2017,2
2017-03-01,35,2.3733897382687226,0.12987012987012986,0.3856815095753149,0.0,1.721045259646737,1.214342187938417,0.9480545913542853,0.0,0.14144271570014144,0.8806085204644628,0.0,0.0,0.316139893807467,0.0,0.0,0.0,0.5220451428157604,0.26165070814402624,0.2258610954263128,0.1670843776106934,0.0,0.0,0.0,0.0,0.12987012987012986,0.0,0.0,0.0,0.13227513227513227,0.0,0.0,0.12698412698412698,0.1264222503160556,0.0,0.0,0.0,0.0,0.0,0.0,0.1670843776106934,0.6856212483648599,0.8683396336711835,0.0,0.0,0.3790258550995447,0.2283012495778453,0.12004801920768308,0.0,0.48696706405334406,0.9480545913542853,0.0,0.0,0.0,0.0,0.0,0.0,0.0,0.0,0.0,0.0,0.14144271570014144,0.0,0.0,0.0,0.4861485294405056,1.053252542300044,1.5918946208363431,12.0,2.3835512151414964,2.765768338442062,3.2858545019007726,0.5927454841524568,5.885714285714286,0.7605903097902156,2.3835512151414964,2.5444266184928277,24.723630020772877,1.9218072455099247,18.88820974337927,16.53771719126271,12.259146126315278,17.506964315633407,17.631624741095113,20.040625285062532,0.0047041107158570065,0.00168219804763895,2017,3
2017-04-01,20,2.7958397731675584,1.784759712793441,1.0971979965114975,0.0,0.42002341114094877,1.2468608938370944,2.477473422362342,0.17730496453900707,0.22421524663677128,0.0,0.22321428571428573,0.17730496453900707,0.8504833908540336,0.0,0.17730496453900707,0.0,0.22321428571428573,0.22321428571428573,0.9211035960926536,0.0,0.0,0.0,0.0,0.6891470180305131,1.0956126947629277,0.0,0.0,0.0,0.36231884057971014,0.0,0.0,0.0,0.7348791559317875,0.0,0.0,0.0,0.0,0.0,0.0,0.0,0.0,0.0,0.24271844660194172,0.17730496453900707,0.0,0.5938443788387797,0.0,0.36231884057971014,0.2906976744186046,1.7738995592792766,0.3968253968253968,0.3067484662576687,0.0,0.0,0.0,0.0,0.0,0.17730496453900707,0.0,0.22421524663677128,0.0,0.0,0.0,0.0,1.0739356146685233,0.6929057728719332,0.2906976744186046,12.8,2.9313652656263107,2.7397499997878634,3.485967056036222,0.7468999320081553,6.0,0.9121725615924884,2.9313652656263107,5.693341774460753,26.748293650793652,1.8834093923697488,20.458032098195964,16.756515651452254,12.217078112905176,17.66290603030341,18.0471496460861,20.03078065538247,0.003606106596910098,0.0008643310631523873,2017,4
2017-05-01,25,3.322935912561029,0.0,0.5604701008215398,0.0,1.0884218537958141,0.8706016360721327,1.835668054654169,0.3252032520325204,0.0,0.2222222222222222,0.0,0.0,0.5249131874343859,0.3252032520325204,0.0,0.0,1.1286881360709444,0.28600978051303,0.8358993342879262,0.0,0.0,0.0,0.0,0.0,0.0,0.0,0.0,0.0,0.17937219730941703,0.0,0.3810979035121228,0.0,0.0,0.0,0.0,0.0,0.0,0.0,0.0,0.0,0.0,0.3225806451612903,0.0,0.7658412086345239,0.0,0.6675559507929449,0.0,0.2030456852791878,0.0,1.180018302313083,0.2030456852791878,0.45260406706189843,0.0,0.0,0.3252032520325204,0.0,0.0,0.0,0.0,0.0,0.0,0.0,0.0,0.0,0.0,0.45052697813434006,1.2683070478565792,11.48,2.3700567495961264,2.7031607815841414,3.350887485931137,0.7677795672403943,5.36,0.7720684530610414,2.3700567495961264,2.7113037267895295,24.25879986679987,1.9283229518918166,18.22247917434894,16.453836970766076,12.349258238508638,17.246213049220586,17.283175679593313,19.637650192654384,0.002864224386443724,0.0014844314037252737,2017,5
2017-06-01,23,3.107257769260411,0.9106629619902398,1.124217271006262,0.0,1.5530723406556983,1.0444052766078542,1.7797734444593531,0.0,0.20128824476650564,0.4695173074619715,0.8970697133185233,0.0,0.566786670359088,0.0,0.0,0.0,0.19409937888198758,0.0,0.9797846992388408,0.0,0.0,0.0,0.0,0.0,0.7139287499107588,0.0,0.19673421207948066,0.0,0.1994415636218588,0.0,0.0,0.0,0.9247757073844032,0.0,0.0,0.0,0.0,0.0,0.0,0.0,0.6380663899764035,0.6151558757167761,0.0,0.2998500749625187,0.0,1.0444052766078542,0.0,0.0,0.0,1.7797734444593531,0.0,0.0,0.0,0.0,0.0,0.0,0.0,0.0,0.0,0.20128824476650564,0.0,0.0,0.0,0.0,0.319693094629156,0.315059861373661,1.2068094843038262,12.521739130434783,2.5134771724754086,2.7053277620326326,3.365486114786803,0.6541204655249439,4.826086956521739,0.7843746938849364,2.5134771724754086,2.6227827634824115,26.662594893029677,1.9584234510889436,14.364868171393166,17.30584996203815,12.568630356766203,17.98960562797678,18.387785422732726,20.812553257618685,0.0022124957223512882,0.0007351723333598286,2017,6
2017-07-01,29,3.609424918159971,0.7641556488595082,0.4632887637813746,0.0,0.44108145837860085,0.5908258654836881,1.1525273195045944,0.49625753981217186,0.2554278416347382,0.0,0.0,0.0,0.7244609609637089,0.12584948401711554,0.0,0.0,1.0679717037339995,1.2683006120343308,0.4228421574108161,0.0,0.0,0.0,0.0,0.0,0.7641556488595082,0.0,0.0,0.0,0.0,0.0,0.17593244194229415,0.0,0.2873563218390805,0.0,0.0,0.0,0.0,0.0,0.0,0.0,0.0,0.0,0.0,0.44108145837860085,0.0,0.5908258654836881,0.0,0.0,0.0,1.1525273195045944,0.0,0.0,0.0,0.0,0.12584948401711554,0.0,0.2445585717779408,0.0,0.12584948401711554,0.2554278416347382,0.0,0.0,0.0,0.0,1.3374848391869563,1.1031092051419018,1.987408382947396,12.724137931034482,2.829119851958792,2.707160083288537,3.3593467483434996,0.6239524840224926,5.620689655172414,0.7727278705634408,2.829119851958792,2.99640534317388,26.358105687416035,1.950408892306525,14.030044457439756,17.591844531952702,12.436865926352636,18.27308250290538,19.012789565309074,20.907477541609477,0.002413323191509271,0.0018250241278630834,2017,7
2017-08-01,30,2.351610218202114,0.8983487072134874,0.4445234708392603,0.0,0.950912079895893,0.741206282762793,0.8637612785197338,0.19157088122605362,0.2986857825567503,0.27523755289808954,0.36037088982390525,0.0,0.21929824561403508,0.0,0.0,0.0,0.7060233820617365,0.1792114695340502,0.41653690439115537,0.19493177387914226,0.0,0.0,0.0,0.5277953475296929,0.3705533596837945,0.0,0.0,0.0,0.22522522522522523,0.0,0.0,0.21929824561403508,0.0,0.0,0.0,0.0,0.0,0.0,0.0,0.19493177387914226,0.22522522522522523,0.1394700139470014,0.1488095238095238,0.24247554303500024,0.21786492374727667,0.1488095238095238,0.0,0.0,0.3745318352059925,0.7442869654970338,0.0,0.0,0.11947431302270012,0.0,0.0,0.0,0.19157088122605362,0.0,0.0,0.2986857825567503,0.0,0.0,0.0,0.0,0.8145177262824321,0.6813988594431398,0.8960549792071301,11.266666666666667,2.102278610381539,2.689614412954829,3.4194865166213884,0.7296054659318946,5.166666666666667,0.7121294590569889,2.102278610381539,3.3573273727414654,24.772019092019093,1.9259273860943702,17.36701368011471,16.781469757283684,12.42457107781583,17.560781020857,17.98745455635638,20.058248048261365,0.002909428942777718,0.0009942325413991357,2017,8
2017-09-01,24,4.568012424403504,0.6210995794329128,1.2370598393594312,0.0,1.314341213072072,0.6767844833444986,1.4691169403920592,0.5037678023876061,0.8955736136252025,0.5228442728442728,0.0,0.0,0.16276041666666666,0.0,0.5037678023876061,0.0,0.7053576506843294,1.0975429917833095,1.575739290037319,0.0,0.0,0.0,0.0,0.0,0.6210995794329128,0.0,0.0,0.0,0.20226537216828477,0.0,0.0,0.0,1.0347944671911464,0.0,0.0,0.0,0.0,0.0,0.0,0.0,0.536170498857066,0.3919263178522438,0.17146776406035666,0.2147766323024055,0.0,0.5080935251798562,0.0,0.0,0.16869095816464239,1.2976491763317026,0.0,0.17146776406035666,0.0,0.0,0.0,0.0,0.0,0.5037678023876061,0.0,0.3301896661749783,0.22522522522522523,0.34015872222499904,0.0,0.0,0.4528985507246377,0.5402974656357388,0.6567839370059765,12.541666666666666,2.4860279699558263,2.7840694735868414,3.31620015015538,0.6059923482933426,6.666666666666667,0.8080255737600579,2.4860279699558263,3.431324321209642,25.14626022126022,1.9525094962610965,15.315955895719163,17.114146615030407,12.408140360423026,17.913225701981137,18.348830453740437,20.508506590887063,0.0044849975403578385,0.00122565851314463,2017,9
2017-10-01,30,2.6704459496517696,0.43291868718813686,0.7434043751614393,0.0,0.43859649122807015,1.0087323945969406,1.7129207563817983,0.2544529262086514,0.14947683109118085,0.5545151406380865,0.0,0.0,0.0,0.0,0.0,0.0,0.7151584166637012,0.8485318186810724,0.5522405736689096,0.0,0.0,0.0,0.0,0.2150537634408602,0.21786492374727667,0.0,0.0,0.0,0.0,0.0,0.12578616352201258,0.0,0.6176182116394267,0.0,0.0,0.0,0.0,0.0,0.0,0.0,0.0,0.43859649122807015,0.0,0.0,0.0,0.7936786311560804,0.0,0.0,0.2150537634408602,1.5876074731737784,0.0,0.0,0.12531328320802004,0.0,0.0,0.0,0.2544529262086514,0.0,0.0,0.14947683109118085,0.0,0.0,0.0,0.0,0.34573074908328966,1.8385632830378962,0.7093393871443644,11.033333333333333,2.0790032433583425,2.739082713722607,3.3450836551833745,0.6478135219812423,5.6,0.8905131971934457,2.0790032433583425,2.356481525747822,23.566213323713324,1.9105969435759589,20.358519628706407,16.114699844340908,12.299578288121692,17.068835980870485,17.27559745399743,19.266107020182663,0.0040612936886425515,0.0015882589855494482,2017,10
2017-11-01,27,5.001888255412471,1.4036848819457517,0.4591368227731864,0.0,1.352673258459059,1.6432723525153976,1.5676585700078296,0.9819678037726085,0.16173378618793463,0.5431230058421753,0.16989466530750935,0.0,0.16173378618793463,0.0,0.15304560759106214,0.0,1.1498483165398952,1.5095640658080416,0.8803262232456325,0.4343525848902193,0.0,0.0,0.0,0.23004370830457785,1.1736411736411738,0.0,0.0,0.0,0.4591368227731864,0.0,0.0,0.0,0.0,0.0,0.0,0.0,0.0,0.0,0.0,0.4343525848902193,0.12428535918468804,0.21533161068044787,0.0,0.5787037037037037,0.135666802333469,1.1841379778060592,0.16173378618793463,0.0,0.16173378618793463,1.5676585700078296,0.0,0.0,0.0,0.0,0.0,0.0,0.8289221961815464,0.15304560759106214,0.0,0.16173378618793463,0.0,0.0,0.0,0.0,0.0,0.41846538367688546,2.1874279584822833,11.851851851851851,2.2340702377478214,2.7810419987966783,3.4196463576957097,0.6930177285762071,6.333333333333333,0.7987031503249883,2.2340702377478214,3.3916311909542265,25.708333333333332,1.9230731960095644,17.576516499516703,16.929109155917445,12.364551105822088,17.460716650775677,18.198766240531047,19.957278459116214,0.0022137222983883245,0.0012493624851579398,2017,11
2017-12-01,27,3.9273387687817203,0.76742006680873,0.8866637288250295,0.0,1.2890311762654845,0.6073042249986947,1.360389689152419,0.7698416014063966,0.1747030048916841,0.5290686366825846,0.0,0.0,0.177210703526493,0.40429608535920825,0.1463914507392768,0.0,0.7567645214487092,1.2291488069900285,0.502904460912689,0.1815541031227306,0.0,0.0,0.0,0.17067759003242872,0.5967424767763013,0.0,0.0,0.0,0.4623078029224842,0.0,0.17067759003242872,0.0,0.2536783358701167,0.0,0.0,0.0,0.0,0.0,0.0,0.1815541031227306,0.17067759003242872,0.5059322888780253,0.4308671942322999,0.0,0.0,0.6073042249986947,0.0,0.0,0.0,1.0687594762623636,0.2916302128900554,0.0,0.0,0.0,0.40429608535920825,0.21915406530791146,0.0,0.1463914507392768,0.0,0.1747030048916841,0.0,0.0,0.0,0.0,0.1889644746787604,0.18335166850018336,1.0699673503252876,11.851851851851851,2.25105466006938,2.7685435895723973,3.354973863015812,0.6735471415474038,6.481481481481482,0.8592037276327142,2.25105466006938,4.099844342698177,24.28891561113783,1.9537266279085228,17.049617822588246,16.52212173465154,12.3012343862231,17.432345084662394,17.408366847359773,19.85716659775438,0.004119040395118251,0.001580739849638317,2017,12
2018-01-01,18,1.5906244760870314,0.7457457457457458,0.0,0.0,0.3703703703703704,0.9496676163342832,0.22583559168925024,0.2447381302006853,0.3912363067292645,0.0,0.31746031746031744,0.0,0.0,0.0,0.0,0.0,0.63992563992564,0.6332385187010738,0.0,0.0,0.0,0.0,0.0,0.7457457457457458,0.0,0.0,0.0,0.0,0.0,0.0,0.0,0.0,0.0,0.0,0.0,0.0,0.0,0.0,0.0,0.0,0.0,0.3703703703703704,0.0,0.0,0.0,0.5611672278338946,0.0,0.0,0.38850038850038854,0.22583559168925024,0.0,0.0,0.0,0.0,0.0,0.0,0.2447381302006853,0.0,0.0,0.0,0.0,0.3912363067292645,0.0,0.0,0.0,0.6396198830409356,3.887988553913374,11.166666666666666,2.1264726038000132,2.7121088350149254,3.2583915732547157,0.6330334136639915,5.166666666666667,0.7485575770698866,2.1264726038000132,3.8499739515134213,21.677871048704382,1.9085170960830888,24.24429143349049,15.117334954301846,12.415186285695512,16.34318453089044,16.204371352087502,18.49505707156883,0.0019977981356064244,0.0009732957101378152,2018,1
2018-02-01,24,4.508388792561704,0.2620545073375262,0.7541999431207111,0.0,0.363082798427626,0.959879525733585,1.4483568428948395,0.3935107844229127,0.23148148148148148,0.2158894645941278,0.46008741660915575,0.0,0.22045855379188714,0.19025875190258748,0.2032520325203252,0.0,1.8744393580277032,0.4419191919191919,0.9020840231967263,0.0,0.0,0.0,0.0,0.0,0.2620545073375262,0.0,0.0,0.0,0.36231884057971014,0.0,0.21150592216582062,0.0,0.18037518037518038,0.0,0.0,0.0,0.0,0.0,0.0,0.0,0.363082798427626,0.0,0.0,0.0,0.49064264345322445,0.46923688228036053,0.0,0.0,0.0,1.4483568428948395,0.0,0.0,0.0,0.0,0.19025875190258748,0.0,0.0,0.2032520325203252,0.0,0.23148148148148148,0.0,0.0,0.0,0.0,0.0,0.8397655803316182,1.4884651794748214,11.916666666666666,2.2405514799129604,2.716823373970102,3.45527327503016,0.6850564697728901,5.625,0.7941585613200411,2.2405514799129604,1.5507094727414603,26.419474506974506,1.944876765686575,15.483351476499857,17.21678985918528,12.280376160849698,18.0359433014138,18.201213511459738,20.650432185087535,0.005391845135310536,0.0021435746211930303,2018,2
2018-03-01,33,2.5966769162251424,0.31209051953111167,0.15782828282828282,0.0,1.391287963927091,0.44139528060689887,2.3406806512013354,0.47215856039385445,0.8993926390672322,0.0,0.11566042100393245,0.0,0.29082244587694,0.0,0.3607503607503607,0.0,0.15460729746444032,1.390443067262747,0.2843933238667223,0.0,0.0,0.0,0.0,0.0,0.31209051953111167,0.0,0.0,0.0,0.0,0.0,0.0,0.0,0.15782828282828282,0.0,0.0,0.0,0.0,0.0,0.0,0.0,0.7465426383307014,0.0,0.0,0.6447453255963894,0.12573871495033323,0.15782828282828282,0.15782828282828282,0.0,0.0,2.3406806512013354,0.0,0.0,0.0,0.0,0.0,0.0,0.11140819964349376,0.3607503607503607,0.0,0.0,0.0,0.8993926390672322,0.0,0.0,0.7580610117386162,0.13061650992685475,1.064604405509954,11.06060606060606,2.15533450180954,2.7273466867798244,3.33556729016329,0.6976228910670953,4.757575757575758,0.6699080659588956,2.15533450180954,1.4656068992173437,23.331390074571893,1.9624540224454174,15.60687169096587,16.60104478216393,12.277289191253576,17.534762024059013,17.52208699088717,20.03433470369109,0.004945409006293955,0.0010366916908205366,2018,3
2018-04-01,35,3.8416777373715223,0.12812299807815503,0.3861677213613035,0.0,0.7756956244894906,1.156016684673201,0.8183344836362987,0.1519756838905775,0.3974408034749216,0.25663977519941983,0.0,0.0,0.0,0.0,0.0,0.0,1.3953089199998974,1.0112113199162425,1.1785177222559626,0.0,0.0,0.0,0.0,0.0,0.0,0.0,0.12812299807815503,0.0,0.3861677213613035,0.0,0.0,0.0,0.0,0.0,0.0,0.0,0.0,0.0,0.0,0.0,0.3851286707576432,0.23859126984126985,0.0,0.1519756838905775,0.0,0.820795891153481,0.0,0.0,0.33522079351971995,0.8183344836362987,0.0,0.0,0.0,0.0,0.0,0.0,0.1519756838905775,0.0,0.0,0.3974408034749216,0.0,0.0,0.0,0.0,0.6900942195059843,1.40561064740022,2.4227195164674478,12.428571428571429,2.6278163196084217,2.7429366317435635,3.365595678567335,0.7161630638540888,5.485714285714286,0.8554720014125979,2.6278163196084217,2.9300804742739595,25.781692434549576,1.9003000984875034,18.850207733511688,16.812434087229395,12.25639472575827,17.663333193081037,17.903868247942416,20.18179365362867,0.002403430417315311,0.0008653199544125837,2018,4
2018-05-01,27,2.752528159159882,1.4703671113031096,0.42920931708830173,0.0,1.0723676037024026,1.4804858583622007,0.8674425401224319,1.3901478714281401,0.175530981218185,0.18611576400521126,0.0,0.0,0.1392369813422445,0.0,0.8994840499019516,0.0,0.5016263338447335,0.0,0.8505340488475562,0.175530981218185,0.0,0.0,0.0,0.5859258870259348,0.8844412242771748,0.0,0.0,0.0,0.0,0.0,0.0,0.0,0.42920931708830173,0.0,0.0,0.0,0.0,0.0,0.0,0.175530981218185,0.3514596793491266,0.3698459619169061,0.0,0.175530981218185,0.2962962962962963,0.8614057647136931,0.13666803334700012,0.18611576400521126,0.0,0.8674425401224319,0.0,0.0,0.0,0.0,0.0,0.0,0.1738828029907842,0.8994840499019516,0.3167810185354045,0.175530981218185,0.0,0.0,0.0,0.0,1.2438229536518193,0.3529492641720448,1.3101391066505994,12.444444444444445,2.451926548423348,2.807660431800366,3.375893784128274,0.713726813432096,6.851851851851852,0.9387407616219575,2.451926548423348,1.7044500134099754,25.72532734754957,1.9349744295161324,17.67809571416749,16.85499809064674,12.20698161397843,17.67859465518582,18.026143582882323,20.038389185500737,0.003937663333262103,0.0005617825427766948,2018,5
2018-06-01,26,1.864068603844129,0.3015159420665384,0.9760262092716593,0.0,1.2143241413244492,1.2584971136656855,1.4072845297805494,0.0,0.19230769230769232,0.0,0.0,0.0,0.17972681524083395,0.0,0.0,0.0,0.3895463510848126,0.19825535289452817,1.0965400846239541,0.0,0.0,0.0,0.0,0.1419244961680386,0.15959144589849986,0.0,0.0,0.0,0.5981413544438754,0.0,0.0,0.0,0.3778848548277838,0.0,0.0,0.0,0.0,0.0,0.0,0.0,0.4559489131719146,0.7583752281525347,0.0,0.0,0.1485001485001485,0.9504055192670372,0.0,0.0,0.15959144589849986,1.4072845297805494,0.0,0.0,0.0,0.0,0.0,0.0,0.0,0.0,0.0,0.19230769230769232,0.0,0.0,0.0,0.0,1.1811996544820973,0.4984999682772748,0.7575946878831494,11.23076923076923,2.005118937469528,2.734940398047066,3.4322736906367197,0.7549714902930978,5.230769230769231,0.7541931246585614,2.005118937469528,3.9595982844511073,23.42700355200355,1.9252374074259984,19.347491429227798,16.1777804541482,12.355456257860528,17.1023001035753,17.21893527477195,19.412686109019674,0.0024266515243419927,0.0017548807961909256,2018,6
2018-07-01,26,4.367239913810441,1.053798826759016,0.6674554129183797,0.0,1.0901847655669274,1.7695735743022398,1.6399699400925114,0.0,0.2331002331002331,0.8436078129993086,0.2967869536784493,0.0,1.084349165106892,0.0,0.0,0.0,0.7667924334591002,0.7613159910784041,0.6143875574882871,0.0,0.0,0.0,0.0,0.0,0.8365019992926969,0.0,0.0,0.217296827466319,0.0,0.0,0.1589319771137953,0.0,0.5085234358045845,0.0,0.0,0.0,0.0,0.0,0.0,0.0,0.30284675953967294,0.48435532306500045,0.0,0.30298268296225395,0.4428600779433046,1.032353566915779,0.0,0.0,0.29435992944315614,1.4068697069922782,0.0,0.2331002331002331,0.0,0.0,0.0,0.0,0.0,0.0,0.0,0.0,0.2331002331002331,0.0,0.0,0.0,0.8945699603407318,0.8785314652980072,2.055648655580962,12.5,2.612494217274869,2.709492557724242,3.3709087513619354,0.6647773691941251,5.3076923076923075,0.8911393393872742,2.612494217274869,1.489728463486349,25.28292818292818,1.968282269759556,13.827930004177386,17.38290562797601,12.666018330827349,18.011445192411664,18.545493467488114,20.80115289425002,0.004560316482060064,0.0010546016734814731,2018,7
2018-08-01,26,2.0358789853845165,0.9728479852012432,1.069215880388354,0.0,0.5483117054827281,0.6226212007258367,1.5796157971474993,0.5914402466126604,0.0,0.13736263736263735,0.0,0.0,0.13217023526301877,0.0,0.0,0.0,1.015780932257871,0.4040578031716247,0.34650737732936465,0.0,0.0,0.0,0.0,0.2935995302407516,0.6792484549604917,0.0,0.0,0.0,0.3287310979618673,0.19425019425019427,0.0,0.0,0.5462345881762926,0.0,0.0,0.0,0.0,0.0,0.0,0.0,0.5483117054827281,0.0,0.0,0.0,0.2935995302407516,0.3290216704850851,0.0,0.0,0.0,1.5796157971474993,0.0,0.0,0.0,0.0,0.0,0.0,0.2598752598752599,0.0,0.3315649867374005,0.0,0.0,0.0,0.0,0.0,1.2808409728882402,0.2935995302407516,0.7916539567803864,12.192307692307692,2.2853274186411063,2.754111651105234,3.3930580025850077,0.6766871174650452,6.653846153846154,0.8412966599880706,2.2853274186411063,1.8276736339256057,25.917562992562992,1.9034019369264512,17.22175144195432,17.126286221000985,12.437489375514382,17.810942309559415,18.364875928439446,20.40181253501837,0.00351221609876798,0.0010439520980396052,2018,8
2018-09-01,30,4.551636138724267,1.1915053631111279,0.2833027695490667,0.0,0.9910240145718208,1.412392157228181,0.8616828536822457,0.2469135802469136,0.11990407673860912,0.9716527131111427,0.0,0.0,0.2469135802469136,0.2469135802469136,0.0,0.0,1.7017896429746429,1.3843666221446542,0.0,0.0,0.0,0.0,0.0,0.5183695994954273,0.6731357636157007,0.0,0.0,0.0,0.16339869281045752,0.0,0.0,0.0,0.11990407673860912,0.0,0.0,0.0,0.0,0.0,0.0,0.0,0.0,0.9910240145718208,0.0,0.0,0.15220700152206998,1.0132715754591977,0.0,0.0,0.2469135802469136,0.7417787769436366,0.0,0.11990407673860912,0.0,0.0,0.2469135802469136,0.0,0.0,0.0,0.0,0.11990407673860912,0.0,0.0,0.0,0.0,1.9586073763653649,0.15432098765432098,0.6338529658537273,12.1,2.3909207174618134,2.7255447031078677,3.4356065150956456,0.7115237876736432,4.733333333333333,0.7170095098701326,2.3909207174618134,1.4808875082295416,25.33226430976431,1.9316690124533549,17.70503089296604,16.756046594718885,12.302748688757957,17.63123345760825,17.92819089891976,20.264634276832442,0.0019183440826568401,0.00033003300330033004,2018,9
2018-10-01,27,4.177865549807527,0.6817451202135502,0.933296704361203,0.0,0.6749966812690827,0.8585444977021965,2.166960913781887,0.3052725554365616,0.8851069142741018,0.4580300824842309,0.0,0.0,0.40646634944618965,0.0,0.13768415255404104,0.0,0.9055127492018114,1.4987381304171135,0.7714340857041408,0.0,0.0,0.0,0.0,0.2754231895125366,0.4063219307010136,0.0,0.0,0.0,0.41615811523853,0.0,0.12727504136438844,0.1949317738791423,0.1949317738791423,0.0,0.0,0.0,0.0,0.0,0.0,0.0,0.14814814814814814,0.5268485331209346,0.0,0.0,0.527044681053865,0.33149981664833156,0.0,0.0,0.0,2.166960913781887,0.0,0.0,0.0,0.0,0.0,0.16758840288252055,0.0,0.13768415255404104,0.0,0.6164691361271293,0.12727504136438844,0.0,0.1413627367825841,0.0,0.7759442610927759,0.39223423528281787,1.1305352668660307,12.296296296296296,2.417244355899154,2.736167035499265,3.2452675370731763,0.5645100981024699,7.407407407407407,0.8825479972805821,2.417244355899154,4.002918022917111,24.24506635339969,1.918123719447812,19.184645768694867,16.41273402342228,12.351353965392835,17.461423512716625,17.78254242721972,19.733217344960238,0.005098635860604502,0.0023396256660511467,2018,10
2018-11-01,26,6.160688998142958,1.1161117811649222,1.3118981928904274,0.0,0.8491108844822156,2.3380409449696695,1.3428404376447516,1.4994588980424126,0.7631013417539569,0.2981514609421586,0.0,0.0,0.8419106391900347,0.0,1.4994588980424126,0.0,1.5367354174774628,0.8741948865894835,0.9150014600560328,0.19523623584537286,0.0,0.0,0.0,0.0,0.5243958048335613,0.0,0.0,0.591715976331361,0.0,0.0,0.0,0.0,1.3118981928904274,0.0,0.0,0.0,0.0,0.0,0.0,0.19523623584537286,0.34437121866897147,0.30950342996787117,0.0,0.0,0.5022595622935708,1.6147380581844986,0.0,0.22104332449160033,0.0,1.2074124853153907,0.0,0.13542795232936078,0.0,0.0,0.0,0.0,0.0,1.4994588980424126,0.0,0.5627808289334442,0.0,0.0,0.0,0.2003205128205128,0.6574621959237346,0.38166237644725265,2.5998677845097578,12.384615384615385,2.4781729058294886,2.738465525959899,3.395476254038328,0.6754912621163687,7.961538461538462,1.0702757324257333,2.4781729058294886,3.4991045366692033,26.378989760239758,1.9552373683635182,13.395355431248667,17.673531157038518,12.658729644951844,18.474056721496403,18.994422016314527,21.278947465935143,0.0030570323353057457,0.000580589960886571,2018,11
2018-12-01,29,3.6376044843694264,1.2772293659283607,0.7894816287941554,0.0,1.870616279358403,1.3524425132826918,1.6332303773896177,0.5207516179253863,0.46734868356512865,0.1479946721918011,0.0,0.0,0.5933249058521866,0.0,0.14549687181725593,0.0,1.373494112697376,0.477409067235914,0.8998848545748924,0.0,0.0,0.0,0.0,0.0,0.9553254627146255,0.0,0.0,0.3219039032137353,0.0,0.0,0.0,0.0,0.7894816287941554,0.0,0.0,0.0,0.0,0.0,0.0,0.0,0.7924456130176613,0.47210248974273117,0.0,0.6060681765980104,0.1479946721918011,1.0004078492524904,0.0,0.20403999183840033,0.0,1.3505848149249482,0.0,0.0,0.2826455624646693,0.0,0.0,0.19932230416583613,0.17593244194229415,0.14549687181725593,0.0,0.46734868356512865,0.0,0.0,0.0,0.0,1.2310275672852817,1.789174951503346,1.3582022416506352,11.931034482758621,2.3716512768639517,2.765816707720352,3.3920100015540537,0.6548928105610391,6.379310344827586,0.9017295404472493,2.3716512768639517,4.657797011613929,27.01502214260835,1.9856769552703564,11.241069273927303,17.89072610724687,12.619941518243525,18.363558770909915,19.126524298314333,21.182435303851904,0.0034328847100456427,0.0009684561176971313,2018,12
2019-01-01,16,6.022642772309118,0.41118421052631576,0.0,0.0,1.501716247139588,1.895978839410728,0.25,1.868899733806566,0.0,0.42517006802721086,0.0,0.0,0.25510204081632654,0.0,1.6137976929902396,0.0,0.7059633595345671,1.509282217559921,1.1021431828545372,0.41118421052631576,0.0,0.0,0.0,0.41118421052631576,0.0,0.0,0.0,0.0,0.0,0.0,0.0,0.0,0.0,0.0,0.0,0.0,0.0,0.0,0.0,0.41118421052631576,0.41118421052631576,0.6793478260869565,0.0,0.0,0.0,1.4847946288844123,0.0,0.0,0.41118421052631576,0.25,0.0,0.0,0.0,0.0,0.0,0.0,0.25510204081632654,1.6137976929902396,0.0,0.0,0.0,0.0,0.0,0.0,0.5387931034482758,0.5387931034482758,0.7602040816326531,11.875,2.4400497051615844,2.7210710415848602,3.448456919716506,0.7218458179070198,5.4375,0.9458429107312789,2.4400497051615844,2.3085553248610937,26.103472222222223,1.9034819315669722,21.465141765310094,16.11738570358486,12.352385462709826,17.265263458363687,17.52078430702764,19.550971315844016,0.0023361398181228985,0.0010750914952945276,2019,1
2019-02-01,20,5.699198474471278,0.49644893000654144,0.8461274558569777,0.0,0.4242081447963801,1.142010413130221,0.9985115028104513,0.37174721189591076,0.753983439720374,0.46459986202138664,0.3105590062111801,0.0,1.073717948717949,0.0,0.18587360594795538,0.0,0.9076056761188125,1.2001205337020364,1.5567218417519584,0.0,0.0,0.0,0.0,0.19157088122605365,0.3048780487804878,0.0,0.0,0.0,0.0,0.0,0.45614387621822566,0.0,0.389983579638752,0.0,0.0,0.0,0.0,0.0,0.0,0.0,0.24038461538461542,0.1838235294117647,0.0,0.0,0.0,0.5531626150578239,0.4050242686606323,0.0,0.1838235294117647,0.8146879733986865,0.0,0.0,0.0,0.1838235294117647,0.0,0.0,0.0,0.18587360594795538,0.18587360594795538,0.3842863043606538,0.3696971353597201,0.0,0.0,0.0,0.44843049327354256,0.5952380952380951,1.3001428999180917,11.95,2.357527954661025,2.7275999092059897,3.5150152349132346,0.692515761965659,6.95,0.8644684596671155,2.357527954661025,2.266637248283372,26.447876984126985,1.9419778307933424,14.895519688876936,17.430943719893598,12.78267277187236,18.100704657724155,18.7996635188293,20.876262340977668,0.0054355966601099944,0.0029620238207601042,2019,2
2019-03-01,30,4.757381094797143,0.33045977011494254,0.5215732798852438,0.0,0.6125517852264356,1.179228592846345,2.1550033112972975,0.4346455167408506,0.38769398436766095,0.16420361247947454,0.14124293785310735,0.0,0.6867745371786868,0.0,0.4346455167408506,0.0,0.8307251937935616,2.001946040052032,0.32332318689140277,0.17452006980802795,0.0,0.0,0.0,0.0,0.1388888888888889,0.19157088122605362,0.0,0.0,0.1388888888888889,0.0,0.0,0.0,0.3826843909963549,0.0,0.0,0.0,0.0,0.0,0.0,0.17452006980802795,0.18214936247723132,0.25588235294117645,0.0,0.0,0.14184397163120568,0.4196409108207066,0.0,0.0,0.6177437103944327,1.309674699999394,0.2975369458128079,0.5477916654850953,0.0,0.0,0.0,0.0,0.0,0.4346455167408506,0.0,0.13175230566534915,0.0,0.2559416787023118,0.0,0.0,0.633687180554592,1.0235732382358944,1.1251748177010767,11.866666666666667,2.4089097814721683,2.7394448159678926,3.305605864217134,0.6954814452275075,5.633333333333334,0.7506609191771285,2.4089097814721683,1.7480389969892356,24.990138195138194,1.9406305887957933,17.76039859446604,16.44554364800375,12.56864570093449,17.29781329275823,17.829989641016102,19.65420102916715,0.0031335198959549543,0.002889714008101864,2019,3
2019-04-01,32,4.684184032761792,0.3143582391237925,0.6582611565929986,0.0,1.5495129562329946,1.7001019570611642,0.902005111958903,0.5228606855851331,0.11003521126760564,0.815249011931293,0.0,0.0,0.46010408801639524,0.0,0.17265193370165746,0.0,1.1256182829058483,0.38457522010153594,1.5994672774815801,0.12651821862348178,0.0,0.0,0.0,0.0,0.3143582391237925,0.0,0.0,0.0,0.5482259453253928,0.0,0.0,0.0,0.11003521126760564,0.0,0.0,0.0,0.0,0.0,0.0,0.12651821862348178,0.17265193370165746,0.24606299212598426,0.0,1.0042798117818712,0.5385185026146752,0.8064698180828527,0.0,0.0,0.35511363636363635,0.902005111958903,0.0,0.0,0.0,0.0,0.0,0.17755681818181818,0.0,0.17265193370165746,0.17265193370165746,0.11003521126760564,0.0,0.0,0.0,0.0,0.6151021871250615,0.5879686644772852,1.3284648194620887,11.40625,1.8850613437821004,2.7390537757053957,3.5226453791695955,0.6386004863410596,5.59375,0.6947066940828196,1.8850613437821004,3.375701212328633,28.024731691919193,1.9430726853554394,15.022918727358293,17.230821137628404,12.504012308371834,17.969050210517132,18.519556023573585,20.688732844272856,0.0064379001902287875,0.001406891654815547,2019,4
2019-05-01,31,3.926138827655724,0.5168696369434818,0.6620248078151865,0.0,0.7026052411567404,0.4599625978797237,1.1223353055416374,0.7649205165221802,0.6420586202655466,0.6120232931186436,0.12081672103419112,0.1366867140513942,0.1753155680224404,0.0,0.3275014795752123,0.0,0.830404981217301,0.9741610963033958,0.7492289743331458,0.0,0.0,0.0,0.0,0.19087612139721322,0.32599351554626854,0.0,0.0,0.0,0.388651379712398,0.0,0.1366867140513942,0.0,0.1366867140513942,0.0,0.0,0.0,0.0,0.0,0.0,0.0,0.44793763001413006,0.12081672103419112,0.0,0.13385089010841925,0.12312238364934744,0.0,0.3368402142303763,0.0,0.0,0.8635227643434332,0.1203659123736158,0.0,0.1384466288245881,0.0,0.0,0.16291951775822747,0.13113034356150013,0.3275014795752123,0.14336917562724014,0.19087612139721322,0.2805049088359046,0.17067759003242874,0.0,0.0,0.9418640221516951,1.3660662885192454,1.1041943932247267,12.193548387096774,2.2797841912472534,2.732633776048955,3.3694505889962953,0.5978039051628481,5.838709677419355,0.8445824943568915,2.2797841912472534,3.215532541490106,27.510165461778364,1.9338178132344244,13.889605974112287,17.918610296356484,12.540337007672242,18.557035210688802,19.395021945143032,21.425702647468494,0.004277492268927302,0.0008438270539382266,2019,5
2019-06-01,18,4.639466745449143,1.2195267401364438,1.0004123588238591,0.0,0.7919423848627388,0.9394600785315946,0.6152666828048091,0.3429355281207133,0.0,0.3429355281207133,0.0,0.0,1.011451924364958,0.0,0.0,0.0,0.2354048964218456,1.2676449365492557,1.7820294599923696,0.0,0.0,0.0,0.0,0.8110300081103001,0.4084967320261438,0.0,0.0,0.0,0.19770660340055357,0.0,0.0,0.33266799733865604,0.4700377580846495,0.0,0.0,0.0,0.0,0.0,0.0,0.0,0.0,0.7919423848627388,0.0,0.0,0.0,0.7417534751310411,0.19770660340055357,0.0,0.0,0.6152666828048091,0.0,0.0,0.0,0.0,0.0,0.0,0.3429355281207133,0.0,0.0,0.0,0.0,0.0,0.0,0.0,0.6313131313131313,0.4084967320261438,2.9276227873983482,10.833333333333334,2.175846758013525,2.7229504048523516,3.3770322565600583,0.6980992595585583,4.833333333333333,0.6964635066294567,2.175846758013525,4.473005091248635,24.14714590964591,1.9384950262416036,18.505355507773213,16.309427950971056,12.31810158783469,17.01553218720312,17.610724527045054,19.24945685385093,0.002676203779361219,0.0006032216074557036,2019,6
2019-07-01,37,2.612164503002876,1.0746043959925895,0.7127427494602262,0.0,0.5286156079806874,1.2794933320493491,1.1532489026082549,0.4935117717072604,0.09130752373995618,0.0,0.13248542660307366,0.0,0.11649580615097856,0.0,0.4935117717072604,0.0,0.9316229470430231,0.5526224429711308,0.38542610852740966,0.0,0.0,0.0,0.0,0.6043619860950071,0.4702424098975823,0.0,0.0,0.0,0.2885758925448313,0.0,0.0,0.0,0.42416685691539496,0.0,0.0,0.0,0.0,0.0,0.0,0.0,0.143000143000143,0.1365001365001365,0.0,0.24911532848040785,0.6724410683965679,0.6070522636527813,0.0,0.0,0.0,1.0102487596081118,0.0,0.143000143000143,0.0,0.0,0.0,0.0,0.0,0.4935117717072604,0.0,0.09130752373995618,0.0,0.0,0.0,0.0,0.6757420126523637,1.2052218022426642,1.2729323554286105,12.18918918918919,2.4965054614077307,2.7315345679767185,3.311999396613264,0.6407636140062721,5.405405405405405,0.774618862362822,2.4965054614077307,2.8558090236761715,25.310268710268712,1.9210918203456422,16.76156383589665,17.032637059041882,12.482221668519587,17.851603484583244,18.406914737085447,20.63287143776051,0.0032234310898433733,0.0009307849119078508,2019,7
2019-08-01,27,4.626420910460401,1.2810657142158566,0.6843334932931618,0.0,0.6258821951562288,0.8594218397939167,2.469650660622347,0.2962962962962963,0.0,1.0644534960506236,0.18611576400521126,0.0,0.1949317738791423,0.2962962962962963,0.0,0.0,0.8787933357677504,1.2339315852387747,0.7718986592226029,0.0,0.0,0.0,0.0,0.36340293693234876,0.9176627772835079,0.0,0.0,0.0,0.1949317738791423,0.0,0.0,0.0,0.4894017194140196,0.0,0.0,0.0,0.0,0.0,0.0,0.0,0.0,0.6258821951562288,0.0,0.0,0.0,0.6733060757887055,0.0,0.18611576400521126,0.0,2.283534896617136,0.0,0.0,0.18611576400521126,0.0,0.2962962962962963,0.0,0.0,0.0,0.0,0.0,0.0,0.0,0.0,0.0,0.3561253561253562,0.0,1.0961892034147618,11.333333333333334,2.1740730767388325,2.7100225312690496,3.4069513318733584,0.7349855769658241,4.925925925925926,0.7618544990231648,2.1740730767388325,2.4227920247489254,23.793805782694673,2.0384265117772946,9.212480032030355,17.656009078231083,12.891216138672975,18.099021565302593,18.658266738004354,20.95632274366819,0.004029378630611093,0.0025534101374249446,2019,8
2019-09-01,27,3.6334876904969606,0.7596827621166596,0.7609648371810978,0.0,0.3178765032767826,0.35189782425169475,1.3981155443930466,0.48639596538634006,0.4129989481260034,0.0,0.0,0.0,0.6790344278721777,0.0,0.3203105975072502,0.0,2.028276696627931,0.31321513377222604,0.2926508347173759,0.0,0.0,0.0,0.0,0.5296390538120818,0.23004370830457785,0.0,0.0,0.0,0.4886336824970019,0.0,0.0,0.0,0.27233115468409586,0.0,0.0,0.0,0.0,0.0,0.0,0.0,0.1517911353976928,0.0,0.16608536787908984,0.0,0.17636684303350972,0.0,0.0,0.0,0.175530981218185,1.3981155443930466,0.0,0.0,0.0,0.0,0.0,0.0,0.0,0.3203105975072502,0.16608536787908984,0.0,0.16608536787908984,0.0,0.2469135802469136,0.0,0.0,0.36628556807929,2.7771485616275813,11.925925925925926,2.269118750122257,2.7315339524912816,3.361293981778713,0.6643774605662032,6.074074074074074,0.7243920270073838,2.269118750122257,2.573543531653806,24.378831970498638,1.9635765057237748,17.51827115464882,16.423477830296225,12.571697885719429,17.414182956359596,17.43587908308027,19.902819537088114,0.0019827486363754748,0.001996334212039137,2019,9
2019-10-01,31,4.555619011447744,1.164273893563144,0.3733572281959378,0.0,0.3409136307745576,1.2854634516990973,0.9095658372406292,0.44197423229681293,0.4700755243067757,0.2965743960605148,0.0,0.0,0.11730205278592375,0.0,0.21795989537925023,0.0,1.9613226100055035,1.3765984291963886,0.5858616280201637,0.0,0.0,0.0,0.0,0.11730205278592375,0.9296697879912966,0.0,0.11730205278592375,0.0,0.2240143369175627,0.0,0.14934289127837516,0.0,0.0,0.0,0.0,0.0,0.0,0.0,0.0,0.0,0.19087612139721322,0.15003750937734434,0.0,0.0,0.3359407503882699,0.8001798100324522,0.14934289127837516,0.0,0.0,0.9095658372406292,0.0,0.0,0.0,0.0,0.0,0.0,0.2240143369175627,0.21795989537925023,0.0,0.3316288954821876,0.1384466288245881,0.0,0.0,0.0,0.23719165085388993,0.25755450720387607,1.5649984988270114,11.709677419354838,2.224808501804466,2.7374295374966264,3.3614780019951644,0.638974819462908,6.354838709677419,0.9575615796073484,2.224808501804466,2.394906555262405,26.542094196126452,1.9203167665071583,16.488243381046065,16.999174450207764,12.393850870686167,17.59546412952532,18.368433409748867,20.22346265710812,0.0015426671167702649,0.0021037437147851013,2019,10
2019-11-01,31,2.658286203268781,0.5343291138424132,0.14530659691950015,0.0,0.8244137848940118,0.9555988162708808,0.3361488344803139,0.7285298473867428,0.3361488344803139,0.0,0.42101655004880817,0.0,0.0,0.0,0.7285298473867428,0.0,0.6757108000475432,0.15583606046439147,0.677192945321295,0.0,0.0,0.1654259718775848,0.0,0.36890314196482843,0.0,0.0,0.0,0.0,0.0,0.0,0.0,0.0,0.14530659691950015,0.0,0.0,0.0,0.0,0.0,0.0,0.0,0.4149231068029733,0.1654259718775848,0.0,0.24406470621345372,0.2839379795687838,0.671660836702097,0.0,0.0,0.0,0.3361488344803139,0.0,0.0,0.0,0.0,0.0,0.0,0.0,0.7285298473867428,0.0,0.1772421127259837,0.0,0.0,0.1589067217543302,0.0,0.7331378299120235,1.0324122905402626,1.7202759416104991,11.612903225806452,2.2230881163851626,2.755827953628921,3.327816079222347,0.6953461021592864,6.354838709677419,0.7418514721704195,2.2230881163851626,2.0150090276749255,23.676788265497944,1.898969105996111,21.07130544492242,16.010364115555415,12.175788726724592,17.121984996727996,17.104178391431354,19.481208682878307,0.0034840687136213993,0.0010930152514590904,2019,11
2019-12-01,26,1.245300400477188,0.6598380407761802,0.8152297360374556,0.0,0.8554825585555821,1.9947808057877283,2.1598688010017573,0.0,0.29331432924143114,0.0,0.0,0.0,0.0,0.0,0.0,0.0,0.5997549429950001,0.49108144759649136,0.1544640098856966,0.0,0.0,0.0,0.0,0.0,0.6598380407761802,0.0,0.0,0.0,0.4821295247855902,0.0,0.0,0.0,0.3331002112518656,0.0,0.0,0.0,0.0,0.0,0.0,0.0,0.13885031935573452,0.32803167009386325,0.2497502497502498,0.13885031935573452,0.0,1.8331777030081549,0.0,0.0,0.16160310277957338,1.5840603962685844,0.0,0.27085590465872156,0.3049525000744513,0.0,0.0,0.0,0.0,0.0,0.0,0.13885031935573452,0.0,0.0,0.1544640098856966,0.0,0.7765821273484104,0.567880380748876,1.7063966076394586,12.26923076923077,2.421339033197395,2.73353158949066,3.5005698052609375,0.6922483122628876,5.538461538461538,0.7255843702312782,2.421339033197395,1.6885210982760113,25.443868524637757,1.9669305704384856,16.048103343541264,17.015924894419282,12.574438096043256,17.63436239391321,18.44726811129181,20.108103605636945,0.0027672799248012725,0.0014350905504264414,2019,12
2020-01-01,18,2.7314531494272707,0.9662236777998735,0.0,0.0,0.9439194774493226,1.0102404305302857,0.5893740461641697,0.0,0.0,1.1444495744012653,0.0,0.0,0.0,0.0,0.0,0.0,0.7246477150519023,0.5484826647449756,0.31387319522912743,0.0,0.0,0.0,0.0,0.0,0.9662236777998735,0.0,0.0,0.0,0.0,0.0,0.0,0.0,0.0,0.0,0.0,0.0,0.0,0.0,0.0,0.0,0.0,0.9439194774493226,0.0,0.0,0.0,1.0102404305302857,0.0,0.0,0.0,0.5893740461641697,0.0,0.0,0.0,0.0,0.0,0.0,0.0,0.0,0.0,0.0,0.0,0.0,0.0,0.0,0.0,0.2469135802469136,1.0185185185185184,11.444444444444445,2.3208768074174473,2.6949581021368982,3.270170416656816,0.67437145748366,6.055555555555555,1.0073543261645228,2.3208768074174473,4.371508235490532,24.655229955229956,1.8717377737372958,21.39435748127987,16.17639416504418,12.25769448030109,17.25787671171363,17.634277814421903,19.53775638854728,0.004576583060882578,0.0016474400972714817,2020,1
2020-02-01,30,4.512778117381944,0.17452006980802795,0.8937255264599357,0.0,1.0297125255037909,0.9633833146339377,1.0641915935571429,0.49545951900649726,0.2939837645095213,0.8516448485504378,0.16920473773265648,0.0,0.6964507262494946,0.1508295625942685,0.10482180293501049,0.0,1.870770564399056,0.40991308433168894,0.2591427905893315,0.0,0.0,0.0,0.0,0.0,0.17452006980802795,0.0,0.0,0.0,0.25986056262493296,0.0,0.0,0.0,0.6338649638350028,0.0,0.0,0.0,0.0,0.0,0.0,0.0,0.5929798643421329,0.43673266116165815,0.0,0.0,0.0,0.6796310396733317,0.2837522749606061,0.0,0.0,0.7260026507170372,0.0,0.15503875968992248,0.18315018315018314,0.0,0.1508295625942685,0.0,0.0,0.10482180293501049,0.23980815347721823,0.0,0.0,0.12391573729863693,0.17006802721088435,0.0,0.5260079212958794,0.6522845869924907,0.962874205919029,12.4,2.519732929479881,2.7579296899506036,3.4139664937409817,0.7157791654571721,7.033333333333333,0.8269639129043641,2.519732929479881,3.719984118824568,26.89537999037999,1.9306436683625676,16.163415437210915,17.29942746725248,12.455769474946623,17.69960429114549,18.734623520970043,20.46668149447219,0.0029229900191945287,0.0005839910673597487,2020,2
2020-03-01,20,4.35494704685573,0.28735632183908044,0.37811734383187234,0.0,0.5935838051123692,1.217770131545899,1.5682869752268132,0.7206143857630032,0.0,0.6492679562410962,0.2941176470588235,0.0,0.5756203968021545,0.28735632183908044,0.4332580639239228,0.0,1.0194076546238855,1.0959190063667676,0.0,0.0,0.0,0.0,0.0,0.28735632183908044,0.0,0.0,0.0,0.0,0.2074688796680498,0.0,0.17064846416382254,0.0,0.0,0.0,0.0,0.0,0.0,0.0,0.0,0.0,0.0,0.3448275862068965,0.0,0.24875621890547261,0.0,1.0103012518778494,0.0,0.0,0.2074688796680498,1.0528109248560942,0.17064846416382254,0.0,0.3448275862068965,0.0,0.28735632183908044,0.0,0.0,0.4332580639239228,0.0,0.0,0.0,0.0,0.0,0.0,0.4651162790697675,1.3592980295566501,0.8221194280908326,11.9,2.462821420584274,2.759864635547795,3.3139225967756603,0.6887881111023499,7.2,0.8611772739117288,2.462821420584274,2.5356123814362963,24.44052863802864,1.916506993376649,18.726882799218384,16.559241504353256,12.29971329940333,17.447750427964458,17.60177380296045,19.670469500966163,0.005522348201441601,0.0011809497160416719,2020,3
2020-04-01,29,3.6128537357654142,1.360007246588529,0.823648504632574,0.0,1.504313652182175,0.13262599469496023,1.3090935649537503,0.2880177404497165,0.8277416802271972,0.25926886180969666,0.0,0.13262599469496023,0.1512401693889897,0.14190435646374344,0.14611338398597312,0.0,0.9515598966731844,1.8301410727488672,0.0,0.0,0.0,0.0,0.0,0.41921463200374,0.4753076345407293,0.0,0.19817677368212444,0.2673082063619353,0.4164921587789101,0.0,0.0,0.0,0.40715634585366384,0.0,0.0,0.0,0.0,0.0,0.0,0.0,0.0,1.504313652182175,0.0,0.0,0.0,0.0,0.13262599469496023,0.0,0.0,1.3090935649537503,0.0,0.0,0.0,0.0,0.14190435646374344,0.0,0.0,0.14611338398597312,0.0,0.43324631402263925,0.25926886180969666,0.0,0.0,0.1352265043948614,2.4056349702483253,0.4341311244356897,2.8590825630352725,12.241379310344827,2.419845225023962,2.738892629106288,3.469671380406188,0.7063926461704464,5.413793103448276,0.8385917076386956,2.419845225023962,2.8286398470994567,26.871394984326017,1.971104213053413,13.468273974179393,17.58463541916435,12.576840182386944,18.162807484409363,19.097109120632602,21.10227303563381,0.004131821931427462,0.0030333130539457295,2020,4
2020-05-01,34,3.006739538832275,0.5392666528037707,1.2183714897079347,0.0,1.5814381470348464,1.2898174706914882,0.4788903981258268,0.8215117020686611,0.463189790138376,0.0,0.24925224327018944,0.0,0.23199185853571452,0.4131141653971648,0.2353871560486591,0.0,0.44890792866895546,0.9497923668135487,0.4782938200980432,0.0,0.0,0.0,0.0,0.13071895424836602,0.4085476985554047,0.0,0.0,0.0,0.3297531562087808,0.0,0.19098548510313218,0.0,0.6976328483960216,0.0,0.0,0.0,0.0,0.0,0.0,0.0,0.417070832214042,0.32082210874780537,0.0,0.8435452060729988,0.1607200257152041,1.1290974449762843,0.0,0.0,0.0,0.4788903981258268,0.0,0.0,0.0,0.0,0.4131141653971648,0.17301038062283736,0.0,0.2353871560486591,0.0,0.30246976442317186,0.0,0.1607200257152041,0.0,0.0,0.12732365673542145,0.4880387160865736,1.2009983274042941,11.058823529411764,2.037271909245263,2.740741612578576,3.320154100491667,0.6582296428845591,5.764705882352941,0.7138587446312841,2.037271909245263,4.235956952706656,23.871330956625076,1.8996433327766302,23.038783311629167,15.441673621929333,12.16933012597426,16.41824235366446,16.429313658342245,18.58066832677977,0.0042706701348049205,0.0010985423518186234,2020,5
2020-06-01,23,3.9745726098104073,1.0647746575833141,0.39985654269652376,0.0,0.24563989191844757,1.813623825886078,0.6794917083706807,0.3700277520814061,0.2337540906965872,0.4025764895330113,0.2805049088359046,0.0,0.958072047415845,0.0,0.18501387604070305,0.0,0.5577803203661327,0.8415147265077139,0.7491102411110969,0.0,0.0,0.0,0.0,0.5853806749682795,0.4793939826150348,0.0,0.0,0.0,0.0,0.0,0.0,0.0,0.39985654269652376,0.0,0.0,0.0,0.0,0.0,0.0,0.0,0.24563989191844757,0.0,0.0,0.0,0.27693159789531985,1.2910523360723105,0.0,0.24563989191844757,0.0,0.6794917083706807,0.0,0.0,0.0,0.0,0.0,0.0,0.0,0.18501387604070305,0.18501387604070305,0.0,0.0,0.2337540906965872,0.0,0.0,0.8404667062180411,0.5610098176718092,1.3316332098005241,11.173913043478262,2.1267281962583446,2.6918509633503835,3.419692637277552,0.706851183827572,5.130434782608695,0.723730107922805,2.1267281962583446,1.791698935023576,24.75116381203338,1.9709492658352616,13.139463282201909,17.4412889723786,12.666844635498895,18.174807565558183,18.6468276836624,21.086117154539266,0.004741652499190733,0.0017187823601626188,2020,6
2020-07-01,24,3.5108236530044157,0.4789272030651341,0.44451343418378864,0.0,0.7165052054591783,0.7802936782750814,1.97925758402957,0.37707390648567124,0.3736066377722109,0.16733601070950466,0.0,0.0,0.24224806201550386,0.0,0.37707390648567124,0.0,0.41107918263090676,0.39774778840946023,1.7740957649002613,0.14124293785310735,0.0,0.0,0.0,0.0,0.4789272030651341,0.0,0.0,0.0,0.0,0.0,0.20226537216828477,0.24224806201550386,0.0,0.0,0.0,0.0,0.0,0.0,0.0,0.14124293785310735,0.36899164054336464,0.20627062706270627,0.0,0.0,0.16733601070950466,0.4244207143227412,0.0,0.0,0.18853695324283562,1.811921573320065,0.16733601070950466,0.0,0.0,0.0,0.0,0.0,0.0,0.37707390648567124,0.0,0.16733601070950466,0.20627062706270627,0.0,0.0,0.0,0.0,0.0,0.6975446428571429,10.833333333333334,2.003695568637764,2.7434898917819446,3.4567374866538785,0.7146550304475415,6.041666666666667,0.7167614749573117,2.003695568637764,5.950620533342576,24.469576631157512,1.9329782141593101,17.872973404573703,16.573961185465276,12.473598592802006,17.363666471021677,17.790491699118004,19.73404273159677,0.0025601350212600903,0.0033152904720286426,2020,7
2020-08-01,20,5.950316331531673,0.25252525252525254,0.7737004939466934,0.0,0.443605564710842,0.6472694795778715,1.4765584293704186,0.6048102694315137,0.3571610796469208,1.3473756046379286,0.0,0.0,0.0,0.0,0.3597122302158274,0.0,1.5084565094349975,0.930193345323741,1.6187050359712232,0.18587360594795538,0.0,0.0,0.0,0.25252525252525254,0.0,0.0,0.0,0.0,0.5963955294076863,0.0,0.0,0.0,0.17730496453900707,0.0,0.0,0.0,0.0,0.0,0.0,0.18587360594795538,0.0,0.0,0.2577319587628866,0.0,0.0,0.0,0.18587360594795538,0.28409090909090906,0.17730496453900707,1.2992534648314114,0.0,0.17730496453900707,0.0,0.0,0.0,0.2450980392156863,0.0,0.3597122302158274,0.0,0.1798561151079137,0.17730496453900707,0.0,0.0,0.0,0.6431502525252526,0.5576208178438662,0.8036590602380077,11.6,2.2104675699814154,2.7473543994688456,3.364941117217325,0.6671454589361412,7.75,0.7701701819378396,2.2104675699814154,2.0338749078466707,23.967792207792208,1.9024694434573526,20.437973133054292,16.103261734501586,12.0902854542944,17.218722081743266,17.231175815084182,19.65753301739313,0.007964608809794944,0.0006109816616566763,2020,8
2020-09-01,24,3.024244090707936,0.9062652838913343,1.9549253789025622,0.0,1.8000220593431866,0.7714516833807008,1.3266901256666217,0.20032051282051286,0.8775037792894936,0.2893518518518518,0.0,0.0,0.2893518518518518,0.0,0.0,0.0,0.7730780484236704,0.5656108597285068,0.9148391900655731,0.19201228878648233,0.0,0.0,0.0,0.0,0.9062652838913343,0.0,0.0,0.0,0.0,0.0,0.0,0.0,1.9549253789025622,0.0,0.0,0.0,0.0,0.0,0.0,0.19201228878648233,0.8641651104886399,0.7438446600680644,0.0,0.0,0.0,0.7714516833807008,0.0,0.0,0.0,1.3266901256666217,0.0,0.0,0.0,0.0,0.0,0.0,0.20032051282051286,0.0,0.0,0.41808390022675734,0.17006802721088435,0.2893518518518518,0.0,0.0,0.38402457757296465,0.22401433691756276,0.4393368826559321,11.375,2.098129552227041,2.7650158304925188,3.3471958339623327,0.7041251790469559,5.666666666666667,0.7953009814791887,2.098129552227041,3.887166079341748,23.707242063492064,1.9346381242872521,17.525870869139855,16.57180731063357,12.516895894028906,17.68802792553048,17.714891941052773,20.235193202249423,0.003944897141262829,0.001332851516675046,2020,9
2020-10-01,26,3.3165470172810063,0.43145956607495073,0.4223281466871211,0.0,0.704831889755718,1.3143364236723163,1.823888518132272,0.16228497241155468,0.46917528376953455,0.33475823905522495,0.0,0.0,0.4987926871334943,0.0,0.0,0.0,1.4948250015054205,0.8156978229431964,0.17247326664367021,0.0,0.0,0.2670940170940171,0.0,0.16436554898093364,0.0,0.0,0.0,0.0,0.18491124260355032,0.0,0.0,0.0,0.23741690408357075,0.0,0.0,0.0,0.0,0.0,0.0,0.0,0.4006410256410256,0.30419086411469237,0.0,0.0,0.33454934748331616,0.6631582361144279,0.0,0.0,0.3166288400745725,1.292094076716783,0.0,0.3593211747718186,0.0,0.17247326664367021,0.0,0.0,0.0,0.0,0.16228497241155468,0.46917528376953455,0.0,0.0,0.0,0.0,0.26343519494204426,0.9850469015010789,0.7306768013845938,11.423076923076923,2.2231596668822142,2.7316654906756983,3.3425636456836765,0.7115462733725532,7.0,0.8389022264120635,2.2231596668822142,4.158666388141425,24.170611012918705,1.894929760818087,21.337350282450146,16.161978211919813,12.089031598292914,17.11036605935865,17.322363508439054,19.270621415454638,0.004518250056273514,0.0011095833225617025,2020,10
2020-11-01,21,3.9253902543721146,1.3344300462488097,1.1910258777928553,0.0,0.3072196620583717,0.3904840321637216,0.9369814452021886,0.25601638504864316,0.9501439583647018,0.0,0.5473453749315818,0.0,0.44551339967225173,0.0,0.0,0.0,0.4929270697205218,1.350746178332385,1.0888582317153745,0.0,0.0,0.0,0.0,0.5473453749315818,0.47986500925885633,0.0,0.3072196620583717,0.0,0.37792894935752075,0.0,0.39354584809130266,0.0,0.41955108034403193,0.0,0.0,0.0,0.0,0.0,0.0,0.0,0.3072196620583717,0.0,0.0,0.0,0.19924287706714483,0.19124115509657674,0.0,0.0,0.0,0.7377385681350439,0.0,0.0,0.0,0.19924287706714483,0.0,0.0,0.25601638504864316,0.0,0.0,0.7509010812975571,0.19924287706714483,0.0,0.0,0.0,1.0582010582010581,0.7856324827444329,0.8357430497454252,11.666666666666666,2.199138419532637,2.6965329057776914,3.3352941046585443,0.5671848280487862,5.9523809523809526,0.8736085548366221,2.199138419532637,4.069511479111128,26.612981859410432,1.927787891169778,15.60462813740401,17.32686410658429,12.512333982395713,18.010789405257288,18.970122262237208,20.846295289709502,0.003610201890470308,0.0009434574426850872,2020,11
2020-12-01,25,5.710554527154716,0.3448275862068965,0.4357824537196734,0.0,1.6157622773891964,0.39012814428096815,1.0745611853068382,0.1809954751131222,0.3850514867522851,0.4127383197150639,0.3703703703703704,0.0,0.50332383665717,0.0,0.1809954751131222,0.0,1.297532157112676,1.1622084731328428,1.7833858950534707,0.0,0.0,0.0,0.0,0.0,0.0,0.0,0.0,0.3448275862068965,0.0,0.0,0.2564102564102564,0.0,0.17937219730941703,0.0,0.0,0.0,0.0,0.0,0.0,0.0,0.5203279237075457,0.24691358024691357,0.4127383197150639,0.4357824537196734,0.0,0.39012814428096815,0.0,0.0,0.0,1.0745611853068382,0.0,0.0,0.0,0.0,0.0,0.0,0.0,0.1809954751131222,0.0,0.18604651162790697,0.0,0.1990049751243781,0.0,0.0,0.5227756492124308,0.6266801230830008,1.6750496035011628,11.4,2.1444879976735023,2.7042183567258746,3.374776654553175,0.6899382557604771,5.12,0.706869695877677,2.1444879976735023,3.082268036513263,25.350981684981683,1.971096397977725,12.794448783729045,17.6343348004729,12.383374658436951,18.03157205884955,18.81204782381252,20.81005941205689,0.003670691086228711,0.002559791545899005,2020,12
2021-01-01,27,2.9255310628097506,0.33149981664833156,2.1483784081417308,0.0,0.40581658488494543,1.4942882489237777,1.4115241627972226,0.3688357346893933,0.2420721374969741,0.5999715239471369,0.20128824476650564,0.0,0.2413244638757649,0.0,0.0,0.0,0.7520023575721217,1.1309444726482214,0.0,0.0,0.0,0.0,0.0,0.14814814814814814,0.0,0.0,0.0,0.18335166850018336,0.8153031346275847,0.0,0.14300014300014302,0.0,1.1900751305140032,0.0,0.0,0.0,0.0,0.0,0.0,0.0,0.14814814814814814,0.1277139208173691,0.0,0.12995451591942822,0.0,1.2370866028332428,0.0,0.257201646090535,0.0,1.4115241627972226,0.0,0.0,0.0,0.0,0.0,0.0,0.22583559168925024,0.0,0.14300014300014302,0.0,0.2420721374969741,0.0,0.0,0.0,1.378256200361237,0.6874825953773323,0.9354172468207557,11.481481481481481,2.311511033697148,2.80441038760295,3.2672092158493804,0.6144403086362411,6.111111111111111,0.7303154973829271,2.311511033697148,2.1840636696448406,23.494620811287476,1.9162578713295388,18.60404631334402,16.4062746577095,12.294201572221734,17.40228297373946,17.467478482370474,19.916056142025603,0.0033285530211343024,0.001757249526711767,2021,1
2021-02-01,27,2.6254196156247223,0.3247686200087123,0.3955826923338602,0.0,0.8086256013287523,1.0066578659840975,0.42483908616147026,0.0,0.14524328249818444,0.4629810481601567,0.0,0.0,0.23590469450342064,0.0,0.0,0.0,1.0610898516003902,0.3102545248139118,0.5551894965468434,0.0,0.0,0.0,0.0,0.0,0.3247686200087123,0.0,0.0,0.0,0.2536783358701167,0.0,0.0,0.0,0.14190435646374344,0.0,0.0,0.0,0.0,0.0,0.0,0.0,0.4560115671226782,0.35261403420607396,0.0,0.0,0.3159080848323876,0.5431918646694907,0.14755791648221928,0.0,0.0,0.19190174630589138,0.0,0.23293733985557885,0.0,0.0,0.0,0.0,0.0,0.0,0.0,0.0,0.0,0.14524328249818444,0.0,0.0,2.183300110603358,0.4939878069351068,1.0735068595280728,12.25925925925926,2.6274253894941957,2.752846619333859,3.3955449008397065,0.695031075853295,5.62962962962963,0.7373355191684837,2.6274253894941957,3.3941008401793114,26.03772780717225,1.932868020463327,16.054108896746488,17.166814689121775,12.349700155789044,17.75798520305808,18.23616355245142,20.34970517555087,0.004058544088709728,0.002704433591017119,2021,2
2021-03-01,45,3.948351760750443,0.932215941995698,0.8561848757928672,0.0,0.37643604115861096,0.5409249500789609,0.48393067522670585,0.36824406105451857,0.38302081213699085,0.35053754721698527,0.0,0.0,0.33437208969123866,0.24812394093439846,0.12012012012012012,0.0,1.161371128465014,1.1835503453657785,0.5502765889569075,0.0,0.0,0.0,0.0,0.0,0.7007344605142165,0.0,0.23148148148148145,0.0,0.08613264427217915,0.0,0.0,0.0,0.770052231520688,0.0,0.0,0.0,0.0,0.0,0.0,0.0,0.18584757470807547,0.19058846645053543,0.0,0.0,0.0,0.5409249500789609,0.0,0.0,0.0,0.2837304750265056,0.0,0.2002002002002002,0.0,0.0,0.24812394093439846,0.0,0.0,0.12012012012012012,0.0,0.2751459469805723,0.0,0.0,0.10787486515641855,0.0,0.7593581012752253,1.0869151216173507,1.8725313982856102,11.466666666666667,2.1269880621097856,2.718678263025507,3.3209045288426813,0.6444174784550588,6.8,0.834278259204216,2.1269880621097856,4.314884714039133,24.140013751680417,1.928771510934049,19.498184115388085,16.23497593522909,12.434755328912543,17.149088498003323,17.416952081222988,19.477729826442392,0.0034923370817576374,0.001606318233151598,2021,3
2021-04-01,28,4.633509100537994,0.0,0.3396686205402913,0.0,0.6617540915522154,0.6406935771176182,0.5406935540367712,0.5784647674098541,0.2757859900717044,0.5084463616229753,0.1623376623376623,0.20292207792207792,0.0,0.0,0.20644095788604458,0.0,1.1375256084881786,0.9419776631860489,0.9722584251404847,0.5016003439545216,0.0,0.0,0.0,0.0,0.0,0.0,0.0,0.0,0.3396686205402913,0.0,0.0,0.0,0.0,0.0,0.0,0.0,0.0,0.0,0.0,0.5016003439545216,0.0,0.16015374759769377,0.0,0.0,0.0,0.34553419104914124,0.0,0.0,0.295159386068477,0.39610130418136347,0.0,0.0,0.14459224985540775,0.0,0.0,0.0,0.3720238095238095,0.20644095788604458,0.0,0.1378929950358522,0.0,0.1378929950358522,0.0,0.0,0.6089103886877981,0.13376136971642588,1.156772183727163,11.821428571428571,2.3682231340132907,2.745692730768542,3.494742773935644,0.6970303489819851,5.571428571428571,0.7382414557782244,2.3682231340132907,1.7556600788720844,26.009835898228754,1.9355149436112966,15.988404239719841,17.17461673605612,12.29039105446478,17.534408881638146,18.2658962300681,20.224066688401315,0.003817250245275562,0.00013376136971642589,2021,4
2021-05-01,20,2.516061463698265,1.4842191198338142,1.7949508229656594,0.0,0.9778983329626236,0.8015702543460778,2.421543970306282,0.41196914469780455,0.42442841247622126,0.20661157024793392,0.0,0.0,0.41322314049586784,0.0,0.41196914469780455,0.0,0.27322404371584696,0.646358372074056,0.5646751924667558,0.0,0.0,0.0,0.0,0.0,0.7734834652059241,0.0,0.2958579881656805,0.41487766646220947,0.5376344086021506,0.0,0.0,0.0,1.2573164143635087,0.0,0.0,0.0,0.0,0.0,0.0,0.0,0.41322314049586784,0.2958579881656805,0.0,0.2688172043010753,0.1798561151079137,0.6217141392381642,0.0,0.0,0.0,1.5122134094520976,0.4483472688911464,0.199203187250996,0.26178010471204194,0.0,0.0,0.0,0.0,0.41196914469780455,0.0,0.0,0.0,0.42442841247622126,0.0,0.0,0.9367833499199516,0.373134328358209,0.8623242572033103,11.3,2.1944088744381447,2.7481769545489207,3.2766455676866038,0.7149506641363889,6.6,0.7558499955677468,2.1944088744381447,2.587566324438751,22.418584471084472,1.9616425743491976,16.2176539464209,16.26531417385673,12.703727455335594,17.256971302495295,17.310041024513847,19.957565426359285,0.0029496378781775972,0.002980186230031927,2021,5
2021-06-01,24,2.428069871557109,0.5593212830054936,1.3710075661173626,0.0,0.8818578217556373,0.471351420445467,1.6789026915935958,0.22768670309653916,0.8507012913468638,0.0,0.34155267777299375,0.0,0.0,0.0,0.0,0.0,0.8363654247285344,0.527446894943062,0.7227048741125189,0.0,0.0,0.0,0.0,0.24366471734892783,0.3156565656565657,0.0,0.0,0.0,0.0,0.0,0.350140056022409,0.16339869281045752,0.8574688172844963,0.0,0.0,0.0,0.0,0.0,0.0,0.0,0.6464529253337917,0.2354048964218456,0.0,0.0,0.22768670309653916,0.24366471734892783,0.0,0.0,0.0,1.6789026915935958,0.0,0.0,0.0,0.0,0.0,0.22768670309653916,0.0,0.0,0.0,0.8507012913468638,0.0,0.0,0.0,0.0,0.8801894741636492,0.37881782486099036,1.331146491206911,11.75,2.301824200413941,2.7455506737597353,3.246974467587799,0.575569701488876,6.125,0.8254102404979345,2.301824200413941,2.7223071267375523,24.581854256854257,1.9376232792609418,16.539049724055918,16.782252205705692,12.546599596151772,17.739621050958686,18.0623472658533,20.185047352017985,0.0031703444328738,0.0031216077696768576,2021,6
2021-07-01,23,3.6828745779155723,0.7248859927783624,1.8501989397883158,0.0,0.8629354618906776,1.898916014120996,0.42538254682182713,0.2635046113306983,0.34782608695652173,0.7288320232522755,0.0,0.0,0.34782608695652173,0.2635046113306983,0.0,0.0,0.8058902986439217,0.9146911024919389,0.4208422104737105,0.20128824476650564,0.0,0.0,0.0,0.2542588354945334,0.470627157283829,0.0,0.0,0.0,0.5151587599758644,0.0,0.29779630732578916,0.0,1.0372438724866624,0.0,0.0,0.0,0.0,0.0,0.0,0.20128824476650564,0.2635046113306983,0.3981426057934737,0.0,0.0,1.2538147214711373,0.46008741660915575,0.0,0.0,0.18501387604070305,0.42538254682182713,0.0,0.0,0.0,0.0,0.2635046113306983,0.0,0.0,0.0,0.0,0.34782608695652173,0.0,0.0,0.0,0.0,1.0389932282838792,0.7049642599514722,0.4694009270668309,11.652173913043478,2.214693884709047,2.7468387801147394,3.3417444569901447,0.6063633407752141,5.565217391304348,0.76661957729769,2.214693884709047,2.4143596464200465,26.254735240604806,1.9592454385712121,17.568077257556773,16.867994807003026,12.50935016609324,17.62442379110442,17.76899608458047,20.362412906171077,0.0035687087075731523,0.0010792386410183135,2021,7
2021-08-01,19,3.6261906582305774,0.5307386112339673,0.6652162998912224,0.0,2.1205787041601756,0.9597051148297687,1.909387369572114,0.0,0.6973822763296449,0.0,0.0,0.0,0.23923444976076552,0.0,0.0,0.0,1.60428411202405,0.3352329869259135,0.761328929611478,0.6861101799083698,0.0,0.0,0.22114108801415303,0.0,0.3095975232198142,0.0,0.0,0.0,0.0,0.0,0.0,0.0,0.6652162998912224,0.0,0.0,0.0,0.0,0.0,0.0,0.6861101799083698,0.6604747162022704,0.3439972480220158,0.0,0.42999656002751974,0.4048582995951417,0.5548468152346269,0.0,0.0,0.0,1.909387369572114,0.0,0.0,0.0,0.0,0.0,0.0,0.0,0.0,0.0,0.6973822763296449,0.0,0.0,0.0,0.0,0.20242914979757085,0.7440604855366939,0.5767598646855613,11.631578947368421,2.2098461366667483,2.790383708500294,3.3745710929802,0.7087126557395776,6.368421052631579,0.8504510750334557,2.2098461366667483,2.7936969360509565,23.638340168603325,1.9831409544452274,16.116255601810803,16.520670546937676,12.726978064555619,17.38618397518621,17.494694405149033,19.79354915450919,0.003931736909720413,0.0007874800637958533,2021,8
2021-09-01,30,4.692089485222154,0.3333333333333333,1.2542861396641558,0.0,2.1938176823858226,0.40691033695031403,1.068550623035453,0.612399296609823,0.30864197530864196,0.8139630525170637,0.0,0.0,0.7273311005365827,0.23310023310023312,0.37929906350958986,0.0,0.5243180692145325,1.221943746251955,0.5517620980611186,0.24037212203107944,0.0,0.0,0.18518518518518517,0.0,0.14814814814814817,0.0,0.0,0.0,0.0,0.0,0.0,0.0,1.2542861396641558,0.0,0.0,0.0,0.0,0.0,0.0,0.24037212203107944,0.6610725308641976,0.5244278083206613,0.17825311942959002,0.5896921017402945,0.0,0.40691033695031403,0.0,0.0,0.0,1.068550623035453,0.0,0.0,0.0,0.0,0.23310023310023312,0.0,0.0,0.37929906350958986,0.0,0.30864197530864196,0.0,0.0,0.0,0.0,1.914084443293194,0.6577953914361534,2.326269934039774,11.866666666666667,2.236022723275361,2.767119716870064,3.330294109470238,0.651199519825897,6.333333333333333,0.6991540930209329,2.236022723275361,2.8752663672080883,24.618121693121694,1.9385961261055162,17.396361003241232,16.574687998176074,12.583794466566511,17.483840425828273,17.769542421833627,20.046244957874478,0.003462461624271286,0.0017570430628098042,2021,9
2021-10-01,26,2.512888020573968,0.9165422889010275,1.2253176176913383,0.0,0.895891656156685,0.33397772520053093,1.2823718412776481,0.6071333868729587,0.8804234937594312,0.3113599811713019,0.3829740671845935,0.0,0.0,0.0,0.6071333868729587,0.0,0.3674278298081308,0.6919708643846575,0.0,0.15202189115232592,0.0,0.0,0.0,0.31017369727047145,0.2598752598752599,0.0,0.0,0.34649333175529623,0.0,0.0,0.0,0.0,1.2253176176913383,0.0,0.0,0.0,0.0,0.0,0.0,0.15202189115232592,0.5887829163691233,0.15508684863523572,0.0,0.0,0.0,0.33397772520053093,0.0,0.0,0.0,1.2823718412776481,0.0,0.0,0.0,0.0,0.0,0.0,0.0,0.6071333868729587,0.0,0.5516923957975639,0.0,0.3287310979618673,0.0,0.0,1.1540026856383199,0.5129873379710724,1.5122034448716388,12.538461538461538,2.544647656859649,2.778851842139514,3.4188975839397577,0.7182957903666131,6.538461538461538,0.8453735442201521,2.544647656859649,1.730171370373696,26.115216727716724,1.8931191576380095,18.745358908517304,16.85189584318936,12.3516591731473,17.654417316173706,18.396598751781536,20.18646589825831,0.003868765005369047,0.0020941348876267964,2021,10
2021-11-01,38,2.4575122144344013,0.7167177759188633,0.7252347071393922,0.0,0.9731032457417197,0.6680221350384438,1.681888994446411,0.43641743932442134,0.12531328320802007,0.4513585459621436,0.0,0.0,0.0,0.19786307874950534,0.09782821365681862,0.0,1.2080626827832273,0.18274853801169588,0.3196511552710106,0.0,0.0,0.0,0.0,0.27230509428651845,0.4444126816323449,0.0,0.0,0.0,0.29619503303713834,0.0,0.0,0.0,0.42903967410225385,0.0,0.0,0.0,0.0,0.0,0.0,0.0,0.4925964231296338,0.2436647173489279,0.23684210526315788,0.0,0.0,0.5701939213816252,0.0,0.0,0.09782821365681862,1.552890026438155,0.0,0.0,0.12899896800825594,0.0,0.19786307874950534,0.14072614691809737,0.0,0.09782821365681862,0.0,0.0,0.12531328320802007,0.0,0.0,0.0,0.0,0.9615818740218464,1.1941377302219818,11.842105263157896,2.3590859723538067,2.7383008689834383,3.446656401138307,0.7178362228006006,5.026315789473684,0.7401842669571604,2.3590859723538067,1.6957636243415342,26.422449115212274,1.9496869130742283,15.750054678420378,17.178291896668945,12.370337177085306,17.860863184347696,18.456590116013757,20.58086437963547,0.0038933457759861567,0.0012872501449193849,2021,11
2021-12-01,28,4.787165777970418,1.250135027399119,0.5787213776573904,0.0,0.0,1.180857351709205,1.325818202288735,0.0,0.1411631846414455,0.36818851251840945,0.7465486194477791,0.0,0.44589264277139423,0.0,0.0,0.0,1.107253075995392,0.8332235297993066,1.2860593974381371,0.0,0.0,0.0,0.0,0.7501594827246737,0.49997554467444527,0.0,0.0,0.0,0.0,0.0,0.16307893020221784,0.0,0.41564244745517254,0.0,0.0,0.0,0.0,0.0,0.0,0.0,0.0,0.0,0.0,0.0,0.0,1.023525696580193,0.0,0.0,0.15733165512901198,1.325818202288735,0.0,0.0,0.0,0.0,0.0,0.0,0.0,0.0,0.0,0.1411631846414455,0.0,0.0,0.0,0.0,0.2334267040149393,0.5132758248594026,1.6378655263230382,12.214285714285714,2.4836261027982363,2.7445804579932322,3.402309183935542,0.6509556809666321,7.178571428571429,0.9463908304089689,2.4836261027982363,5.160560632302934,25.514739229024944,1.9397060942964637,17.724144329465062,16.684988982120206,12.478799239148927,17.499303804671445,17.842069930514175,19.849985800270108,0.0028465845569106917,0.00254677827682688,2021,12
2022-01-01,23,2.8314060127713008,1.0650033669422851,0.9831440086630598,0.0,0.9879706032168994,1.449654085775487,1.9034286878758748,0.1628399283504315,0.1678697330871244,0.1890359168241966,0.0,0.0,0.0,0.0,0.1628399283504315,0.0,1.2445220016194833,0.6809014703148574,0.21417862497322768,0.3399280706891045,0.0,0.0,0.0,0.44593088071348946,0.6190724862287957,0.0,0.0,0.0,0.369439871720542,0.0,0.23889154323936931,0.0,0.3748125937031484,0.0,0.0,0.0,0.0,0.0,0.0,0.3399280706891045,0.3502462252020057,0.29779630732578916,0.0,0.0,0.3494419063313981,1.100212179444089,0.0,0.0,0.0,1.2073472888177257,0.16043638697256538,0.18501387604070305,0.3506311360448808,0.0,0.0,0.0,0.0,0.1628399283504315,0.0,0.0,0.0,0.1678697330871244,0.0,0.0,0.9357084979328029,3.5958473651838214,2.811067632411757,11.217391304347826,2.0165301620753766,2.7879581134850704,3.642611246299577,0.7444452537025823,6.695652173913044,0.7947492478276785,2.0165301620753766,1.7533925025373431,26.44519562563041,1.9381220351261963,16.44512936953067,16.917800298235157,12.34030855802651,17.79837184108282,18.25251641757718,20.279718406584255,0.003790007874221184,0.001071037727778349,2022,1
2022-02-01,31,1.9722542667662406,0.9702833672403604,0.4287969183604857,0.0,0.6715971892952955,1.103924024920572,1.8912040876218557,0.3450060376056581,0.0,0.41077498488620623,0.1589067217543302,0.0,0.0,0.0,0.0,0.0,0.5014151287788663,0.29570884784688234,0.6054485834999555,0.0,0.0,0.0,0.0,0.27794017015333033,0.6923431970870301,0.0,0.0,0.0,0.4287969183604857,0.0,0.0,0.0,0.0,0.0,0.0,0.0,0.0,0.0,0.0,0.0,0.21795989537925023,0.17250301880282906,0.0,0.28113427511321637,0.0,0.8930870019393365,0.2108370229812355,0.0,0.0,1.7671346087136672,0.0,0.0,0.12406947890818859,0.0,0.0,0.3450060376056581,0.0,0.0,0.0,0.0,0.0,0.0,0.0,0.0,0.5499883379746047,0.9990378818886549,0.840134987920656,12.064516129032258,2.235965120674498,2.7344593946321445,3.303053415039615,0.6759163523447345,5.483870967741935,0.7452534367802204,2.235965120674498,2.0404043742672653,24.091948284690222,1.9744755183887854,15.12528658766911,16.749912089918666,12.456793711229723,17.759021542840706,17.807087736440334,20.433801517900704,0.0034223377891463708,0.0013121079990645061,2022,2
2022-03-01,23,5.085971173205429,0.7355301537478742,0.7749597423510466,0.0,1.308009663987925,1.017889600936207,0.36283951277127335,0.0,0.5757440929989185,0.9208276340756684,0.0,0.0,0.39169604386995693,0.0,0.0,0.0,0.9307107598507017,0.5187954037058897,1.9322452878332559,0.39169604386995693,0.0,0.0,0.35348179568752214,0.38204835806035203,0.0,0.0,0.0,0.0,0.0,0.0,0.0,0.0,0.7749597423510466,0.0,0.0,0.0,0.0,0.0,0.0,0.39169604386995693,0.0,0.7484438870308436,0.0,0.1678697330871244,0.0,0.8500198678490828,0.0,0.0,0.1678697330871244,0.19496977968414894,0.0,0.1678697330871244,0.0,0.0,0.0,0.0,0.0,0.0,0.0,0.18580453363062063,0.3899395593682979,0.0,0.0,0.0,0.4968944099378882,0.4232087253076759,1.0924267858300842,10.956521739130435,2.014945788362543,2.739553821560674,3.3311928192554587,0.655723209820914,5.608695652173913,0.6784525605126612,2.014945788362543,2.8913742403919698,23.65270249074597,1.9465703697880965,17.352637963615646,16.24790826853293,12.437423718399005,16.901633686971945,17.18240630622585,19.22863972101967,0.002208498856395133,0.0013215358724834282,2022,3
2022-04-01,23,3.0342658117187433,0.46334532869250583,1.0536378583129484,0.0,0.5344887711113051,0.6890066077493592,2.3166006670067474,0.15639662183296843,0.0,0.4912954656481769,0.1866019779809666,0.0,0.16162922256343948,0.0,0.0,0.0,0.0,1.7599565368305088,0.43478260869565216,0.0,0.0,0.0,0.0,0.24703557312252963,0.2163097555699762,0.0,0.0,0.0,0.4034321949554981,0.0,0.15472690700912886,0.0,0.49547875634832156,0.0,0.0,0.0,0.0,0.0,0.0,0.0,0.16345210853220007,0.37103666257910506,0.0,0.0,0.0,0.6890066077493592,0.0,0.0,0.0,1.673292293155282,0.24154589371980675,0.15472690700912886,0.24703557312252963,0.0,0.0,0.0,0.15639662183296843,0.0,0.0,0.0,0.0,0.0,0.0,0.0,0.24154589371980675,2.3056995371940383,1.1599539940654617,11.565217391304348,2.2301169697020287,2.7642833770200794,3.417776794225495,0.692974550541442,6.434782608695652,0.7817189945497557,2.2301169697020287,2.8403275904977123,23.844365658496095,1.9461405740658395,19.48365430896788,16.11894138673452,12.458318482099434,17.189620801108422,17.388054425130655,19.523916766235192,0.005542883255601635,0.0009265376356283265,2022,4
2022-05-01,27,4.338502040794487,1.6824966538396595,1.7277319528965729,0.0,0.3298697014679202,1.0839353792876636,0.8807681178662599,0.7354883440291323,0.16683350016683351,0.329992253633957,0.19805902158843336,0.0,0.42438271604938266,0.18611576400521126,0.0,0.0,0.8420753441142601,1.2503225775956253,1.1075543638076166,0.0,0.0,0.0,0.15760441292356187,0.5849548402739893,0.9399374006421086,0.0,0.0,0.0,0.8069277297426354,0.0,0.0,0.0,0.9208042231539375,0.0,0.0,0.0,0.0,0.0,0.0,0.0,0.0,0.17226528854435832,0.15760441292356187,0.0,0.0,0.7167383168641629,0.17226528854435832,0.0,0.1949317738791423,0.7383179754161174,0.0,0.0,0.14245014245014245,0.0,0.18611576400521126,0.0,0.549372580023921,0.0,0.0,0.16683350016683351,0.0,0.0,0.0,0.0,1.0581383571933982,0.177210703526493,1.2492664797231725,11.88888888888889,2.27411436740692,2.759494180816524,3.3900357369266634,0.7293237104845893,6.925925925925926,0.7795747627189438,2.27411436740692,2.430865204962356,24.552899672344118,1.9513331636444815,15.188363471495471,17.030393084379934,12.582156887776206,17.920973978915416,18.504842270726648,20.687777462487162,0.0020384781370931487,0.00197174069157012,2022,5
2022-06-01,21,4.5593142211329685,2.617169013627521,1.5583553054572916,0.0,0.35166671857319337,0.19596315892612187,0.8809109161597947,0.9171003173922905,0.7202594784703011,0.6221035850665481,0.0,0.221483942414175,1.1837112542090111,0.0,0.0,0.0,0.8857437389917733,1.1299895176423267,0.516282182809134,0.0,0.0,0.0,0.0,0.0,2.617169013627521,0.0,0.0,0.0,0.17129153819801304,0.221483942414175,0.18037518037518038,0.0,0.9852046444699234,0.0,0.0,0.0,0.0,0.0,0.0,0.0,0.17129153819801304,0.18037518037518038,0.0,0.0,0.0,0.19596315892612187,0.0,0.0,0.0,0.8809109161597947,0.0,0.0,0.0,0.0,0.0,0.7026001028920759,0.2145002145002145,0.0,0.0,0.5489679402722881,0.0,0.17129153819801304,0.0,0.0,0.44296788482835,0.7430681624230011,0.9645222918563751,11.047619047619047,1.8586398174421466,2.699591697503381,3.427997877610384,0.7129002897301419,6.333333333333333,0.8576895611693975,1.8586398174421466,2.687741966268134,26.026348519205662,1.9888593161687222,11.544847931626112,17.834181054366,12.634878699315701,18.48875569890385,19.067037992310468,21.47667600603798,0.004078479638118953,0.0012648469315406415,2022,6
2022-07-01,19,3.266283280075546,0.9957865746935963,1.2645509391702556,0.0,0.22396416573348263,0.6572122728356075,1.1719961155046854,1.0837525091103029,0.6483464337818895,0.8342340844211634,0.0,0.0,0.0,0.0,1.0837525091103029,0.0,0.8740517133805769,0.47424497316350234,0.0,0.0,0.0,0.0,0.0,0.4185903354878424,0.22396416573348263,0.3532320734722713,0.0,0.0,0.6453558927306272,0.0,0.0,0.0,0.6191950464396284,0.0,0.0,0.0,0.0,0.0,0.0,0.0,0.22396416573348263,0.0,0.0,0.0,0.0,0.6572122728356075,0.0,0.0,0.0,0.8746425621297226,0.0,0.29735355337496283,0.0,0.0,0.0,0.0,0.0,1.0837525091103029,0.0,0.44031647746818026,0.20802995631370916,0.0,0.0,0.0,0.34176349965823655,0.4086363725663543,2.2430606433682594,11.210526315789474,2.0933652131028024,2.767545716178332,3.5114709200430436,0.7850588901921697,5.894736842105263,0.7913613129243057,2.0933652131028024,2.8427934555225574,23.889553429027114,1.9426936037939364,18.81789512992461,16.201472217505376,12.516757888644962,17.064537840604704,17.69199011642873,19.406081477058525,0.0037268471898215796,0.0013121836403863988,2022,7
2022-08-01,18,7.263477713318768,1.769518304854795,0.5420183175751423,0.0,0.6797375838758762,0.8475034166033457,0.7838600908570778,0.593461533617943,0.8501997646695248,0.593461533617943,0.0,0.0,0.0,0.0,0.3211303789338471,0.0,1.6597811896654326,2.5160307086549087,1.8280083399897695,0.34506556245686676,0.0,0.27233115468409586,0.0,0.27100271002710025,1.2261844401435988,0.0,0.0,0.0,0.0,0.0,0.27233115468409586,0.0,0.2696871628910464,0.0,0.0,0.0,0.0,0.0,0.0,0.34506556245686676,0.33467202141900937,0.0,0.0,0.0,0.0,0.33467202141900937,0.0,0.27233115468409586,0.2405002405002405,0.27367268746579093,0.0,0.2696871628910464,0.0,0.2405002405002405,0.0,0.0,0.27233115468409586,0.3211303789338471,0.0,0.8501997646695248,0.0,0.0,0.0,0.0,0.9578544061302681,0.5446623093681917,0.5446623093681917,12.444444444444445,2.5038644224430513,2.73468213482533,3.4524735777633495,0.7652672175023221,5.444444444444445,0.7217675658592839,2.5038644224430513,3.1768754857341603,24.707826278659613,1.94093490174581,17.62455543986199,16.71945172152338,12.512346285754845,17.61388652796144,17.773656763092895,20.28071972905171,0.004735299369367962,0.001554595368558777,2022,8
2022-09-01,22,6.006721197911239,0.5700835539638295,1.1642120331014827,0.0,0.17152658662092624,0.20661157024793386,0.7648607669796438,0.2239140170174653,0.5164050577719643,0.20661157024793386,0.22281639928698754,0.0,0.3809945380243615,0.0,0.2239140170174653,0.0,2.2567162912448757,1.4978056722914213,1.2178627097981938,0.0,0.0,0.0,0.0,0.0,0.5700835539638295,0.0,0.0,0.0,0.4433299475198917,0.0,0.0,0.0,0.7208820855815911,0.0,0.0,0.0,0.0,0.0,0.0,0.0,0.17152658662092624,0.0,0.0,0.0,0.0,0.20661157024793386,0.0,0.0,0.0,0.3571228894107123,0.20112630732099757,0.0,0.20661157024793386,0.0,0.0,0.0,0.0,0.2239140170174653,0.0,0.5164050577719643,0.0,0.0,0.0,0.0,1.3733714878349927,0.6349305461503137,1.0561505666310793,11.772727272727273,2.192551266838238,2.7533756389327397,3.3732810829772273,0.705170672147457,6.363636363636363,0.833590459117424,2.192551266838238,2.703464533321426,25.657534763216578,1.9394278334027235,14.235370773136502,17.39580214350653,12.744374091542602,18.18342505312396,18.933942331926712,20.87600695487149,0.004675322676936169,0.0014793512490901132,2022,9
2022-10-01,26,5.729493431616698,0.24813895781637715,0.7772971482648903,0.0,1.5398283157190409,0.1840264998159735,0.9211711812602797,0.8247316632736342,0.2003205128205128,1.070667837134903,0.393030393030393,0.0,0.6056412236556878,0.4592828122239887,0.0,0.0,1.1745279039114418,0.5827672763156634,1.3057210087799656,0.13785497656465398,0.0,0.0,0.0,0.24813895781637715,0.0,0.0,0.0,0.0,0.3465003465003465,0.0,0.0,0.0,0.4307968017645437,0.0,0.0,0.0,0.0,0.0,0.0,0.13785497656465398,0.9805842080878365,0.4213891310665504,0.0,0.0,0.0,0.0,0.0,0.0,0.1840264998159735,0.9211711812602797,0.0,0.0,0.0,0.0,0.4592828122239887,0.0,0.0,0.0,0.36544885104964553,0.0,0.2003205128205128,0.0,0.0,0.0,1.1770151891119633,0.15142337976983647,2.1221400113367817,11.615384615384615,2.103857782905815,2.744257825665879,3.3942494237512078,0.6742707514001924,7.5,0.8169816921769409,2.103857782905815,2.303347505890549,25.00844572094572,1.9609090832063538,14.40946274445262,17.203174539923943,12.438554571730217,18.004518436027052,18.58498285239194,20.71401973035866,0.004573246841693382,0.0015394393573228682,2022,10
2022-11-01,22,1.9158925932260205,1.0207011877314578,2.0200219080017017,0.0,1.691022156630166,0.45004500450045004,0.893735289165546,0.29325513196480935,0.7793514801497904,0.0,0.0,0.0,0.6455303870551977,0.29325513196480935,0.0,0.0,0.49445800284726454,0.48264907135874874,0.0,0.0,0.0,0.18939393939393942,0.0,0.0,0.6419133089435789,0.0,0.18939393939393942,0.0,0.5611672278338945,0.0,0.20755500207555,0.0,1.2512996780922572,0.0,0.0,0.0,0.0,0.0,0.0,0.0,0.7356734894892842,0.7246149338690775,0.0,0.2307337332718043,0.0,0.45004500450045004,0.0,0.0,0.0,0.893735289165546,0.0,0.0,0.0,0.0,0.29325513196480935,0.0,0.0,0.0,0.0,0.7793514801497904,0.0,0.0,0.0,0.0,0.8302200083022,2.255923292225935,2.181399183374846,11.409090909090908,2.2607552641085493,2.7318321001843655,3.3054801388343047,0.6821115534531452,5.409090909090909,0.7476405809177173,2.2607552641085493,1.8757970875600576,23.98318499682136,1.963378045835855,15.52001528122832,16.77262099015887,12.711607039262022,17.515341072619353,18.10696801090287,20.235180840914026,0.004177249874703922,0.0015327919917350252,2022,11
2022-12-01,28,2.9714473764707394,0.7119702029872493,0.4475370222576926,0.0,0.0,1.27226178060956,1.1967648942779399,0.0,0.45986982656811876,0.5956103517079127,0.47637195121951226,0.0,0.19098548510313215,0.0,0.0,0.0,1.3582182455397402,0.11984659635666348,0.23041474654377878,0.0,0.0,0.0,0.0,0.4873520538407983,0.22461814914645103,0.0,0.0,0.0,0.0,0.0,0.0,0.0,0.4475370222576926,0.0,0.0,0.0,0.0,0.0,0.0,0.0,0.0,0.0,0.0,0.0,0.5049531803128925,0.5878398278630709,0.0,0.0,0.17946877243359657,1.017296121844343,0.0,0.0,0.0,0.17946877243359657,0.0,0.0,0.0,0.0,0.0,0.45986982656811876,0.0,0.0,0.0,0.0,0.4972462843700061,2.0591463835839,2.127602794300661,11.785714285714286,2.3422886805038603,2.77009881936813,3.5813903386228803,0.7797009628762892,5.25,0.8309413836637979,2.3422886805038603,2.91995955622006,27.314773619237908,1.9143067845614508,18.161319941811776,16.836079391539574,12.531298179804086,17.77772298072171,18.091032859192058,20.41062988065969,0.001928860163464561,0.0013504454203805843,2022,12
2023-01-01,33,3.394901324362856,1.635870975799228,0.9909269325132858,0.0,0.818644116313692,0.29099735550981426,1.0860003160118985,0.4675557001138397,0.8108624621227604,0.33617642538804365,0.3060912151821243,0.0,0.6845141460396509,0.17618040873854826,0.2913752913752914,0.0,0.9927241962852749,0.19301293186643506,0.41482670948748823,0.0,0.0,0.0,0.0,0.21043771043771042,1.1254032623612178,0.0,0.3000300030003,0.0,0.32063054790327516,0.0,0.19301293186643506,0.2913752913752914,0.18590816136828406,0.0,0.0,0.0,0.0,0.0,0.0,0.0,0.17825311942959,0.3616702673662312,0.0,0.27872072951787086,0.1620482903905364,0.1289490651192779,0.0,0.0,0.0,1.0860003160118985,0.0,0.0,0.0,0.0,0.17618040873854826,0.0,0.0,0.2913752913752914,0.0,0.48445250165753484,0.0,0.14710208884966167,0.0,0.1793078716155639,0.6855559688777704,0.6378301070645256,1.7256037647594213,11.030303030303031,1.9400164723433504,2.7390579810445748,3.38216531497617,0.697180628421942,5.484848484848484,0.8131096145349097,1.9400164723433504,3.1872827768766756,24.737144505326324,1.9121548020206933,19.82395797429123,16.17833273276838,12.230426126921735,17.263297960727527,17.46890488832929,19.620202740908827,0.004087738368958256,0.002315408778299494,2023,1
2023-02-01,22,3.6801399577973144,0.19342359767891681,1.092856103819057,0.0,0.41090946109779464,0.9075991846574639,0.7277309759269085,0.5827505827505827,0.0,0.6023656542056075,0.0,0.0,0.4567203131796433,0.0,0.5827505827505827,0.0,0.726017003624701,0.5448098001289491,0.7674766039078307,0.0,0.0,0.0,0.0,0.0,0.19342359767891681,0.0,0.0,0.0,0.16897600540723218,0.0,0.15620118712902217,0.0,0.7676789112828026,0.0,0.0,0.0,0.0,0.0,0.0,0.0,0.19342359767891681,0.21748586341887777,0.0,0.0,0.0,0.9075991846574639,0.0,0.0,0.0,0.7277309759269085,0.0,0.0,0.0,0.0,0.0,0.0,0.0,0.5827505827505827,0.0,0.0,0.0,0.0,0.0,0.0,0.48355899419729204,1.3027670395902382,1.0374933690068426,11.272727272727273,1.9104179589844263,2.6857344755384998,3.3293268859686505,0.6349953845633709,6.454545454545454,0.846582544757645,1.9104179589844263,3.7118052175132985,24.332961104552012,1.9703069831242792,14.450831074056731,16.92935061070025,12.791419096098691,17.65144373070698,18.13426556610386,20.35796009156535,0.003612027425408193,0.0007402435815162442,2023,2
2023-03-01,38,3.24756730410276,0.5367773207853506,1.0785904930310632,0.0,1.2984606335648146,0.8653564605488822,1.5821356609102788,0.30599755201958384,0.8464365512279821,0.5009978430613934,0.15389350569405968,0.0,0.4674947981538877,0.0,0.0,0.0,0.6389336351997386,0.4713659659143779,0.5078525198016929,0.5070290362776095,0.0,0.14619883040935672,0.0,0.10654165778819519,0.2840368325877986,0.0,0.0,0.0,0.42982936267872746,0.0,0.0,0.18402649981597352,0.46473463053636227,0.0,0.0,0.0,0.0,0.0,0.0,0.5070290362776095,0.29654983431333665,0.28928965771071036,0.0,0.20559210526315788,0.13157894736842105,0.733777513180461,0.0,0.0,0.0,1.3077696215883716,0.0,0.27436603932190723,0.0,0.0,0.0,0.0,0.30599755201958384,0.0,0.0,0.8464365512279821,0.0,0.0,0.0,0.0,0.6732840874115112,0.36116311860018957,1.434084927670768,11.710526315789474,2.3280804567543223,2.7484219149708284,3.3267632738671984,0.6547815813502066,6.131578947368421,0.9051329217228339,2.3280804567543223,2.8088939156295005,24.831204914796245,1.9528626687334905,14.745159010558272,17.118032465623838,12.489988798646662,17.869554596619857,18.180937519893586,20.54128316116847,0.003104171057250676,0.0018160323782754947,2023,3
2023-04-01,38,5.124737346853888,0.5407585731943138,0.48282985660639544,0.0,1.0651279733921082,0.4793914090820021,2.0792194908641273,0.450558692779046,0.9854762492616299,1.041761320710096,0.0,0.0,0.3627133155014727,0.0,0.450558692779046,0.0,1.4607416989968922,0.8314621647642455,0.6651171851855923,0.31238296891654427,0.0,0.0,0.0,0.0,0.5407585731943138,0.0,0.0,0.0,0.0,0.09266123054114159,0.13290802764486975,0.0,0.2572605984203841,0.0,0.0,0.0,0.0,0.0,0.0,0.31238296891654427,0.29337015858196863,0.4593748458935954,0.0,0.0,0.09968102073365231,0.25134068359867073,0.0,0.0,0.12836970474967907,1.7381597193422995,0.0,0.0,0.34105977152182776,0.0,0.0,0.0,0.0,0.450558692779046,0.0,0.5022933704344679,0.22686025408348454,0.15664160401002505,0.09968102073365231,0.0,0.3970924754341096,0.8965067434390103,1.114466376570124,11.631578947368421,2.217970325542016,2.773283355420981,3.420452315173687,0.6961181323166115,5.947368421052632,0.8060951038205358,2.217970325542016,2.204920315874175,24.886421546289966,1.9313081568646535,17.522693492621514,16.653358813617757,12.390042091353779,17.577936611355984,18.039127470453845,20.08076944924169,0.003011057570506029,0.0011138506220016197,2023,4
2023-05-01,33,6.279952951877511,0.6251111028429925,0.6638113496167722,0.0,1.4317516550048683,0.708664394638362,1.4617770548211237,1.0451595283616686,0.5389370029931105,0.5009032520994243,0.22956841138659323,0.19550342130987292,0.2738279891837944,0.18365472910927455,0.5925582937467487,0.0,1.1946777817800456,1.3819636096617116,1.6213408121908484,0.10595465140919687,0.15151515151515152,0.0,0.0,0.3649829394890228,0.0,0.0,0.10861301183881829,0.0,0.5034778559499452,0.0,0.0,0.0,0.160333493666827,0.0,0.0,0.0,0.0,0.0,0.0,0.10595465140919687,0.5839072543617998,0.5425277077665671,0.0,0.1993620414673046,0.14094432699083861,0.5677200676475233,0.0,0.0,0.0,1.4617770548211237,0.0,0.0,0.0,0.0,0.18365472910927455,0.0,0.0,0.5925582937467487,0.26894650550564525,0.4083204930662558,0.0,0.13061650992685475,0.0,0.0,0.8133056345109488,0.10134792743488395,0.6813212120590989,11.93939393939394,2.345703931283779,2.7902379541458804,3.321165011506931,0.6794172778864581,6.484848484848484,0.8065282596684689,2.345703931283779,3.1782174068965015,23.643693091420364,1.9799917765216948,14.010463861489132,17.005190840160402,12.435320861774375,17.820350274640898,18.04801074549383,20.45040530822665,0.0043431919540180865,0.002133837131784941,2023,5
2023-06-01,21,2.4827220141068005,1.757681210019063,1.5406242496953224,0.0,1.1902015225406661,0.9314889450338077,1.5989441825638973,0.0,0.17190991920233797,0.8747131587165804,0.0,0.0,0.410577684571924,0.0,0.0,0.0,0.3174603174603175,0.19124115509657674,0.5012531328320802,0.18747656542932134,0.0,0.0,0.0,0.0,1.5207705253471844,0.23691068467187867,0.0,0.0,0.5710945136834021,0.17190991920233797,0.2886002886002886,0.0,0.5090195282092937,0.0,0.0,0.0,0.0,0.0,0.0,0.18747656542932134,0.480670274720618,0.285143997718848,0.0,0.23691068467187867,0.0,0.6933937069385696,0.0,0.0,0.23809523809523808,1.4077030274673206,0.19124115509657674,0.0,0.0,0.0,0.0,0.0,0.0,0.0,0.0,0.0,0.0,0.17190991920233797,0.0,0.0,0.0,3.008435529249591,1.5324289096514794,11.666666666666666,2.2518750371689893,2.741193529182092,3.589440405034412,0.8363551630469853,7.190476190476191,0.942980062265771,2.2518750371689893,3.1797094349332715,26.927504638218927,1.9642363926346655,12.107227592835873,18.069082089615076,12.780218505354071,18.70623771443999,19.597403226662532,21.703835243613646,0.003364576769568412,0.0025589448253847376,2023,6
2023-07-01,32,5.885794404520392,2.69441185339736,2.3095656299502187,0.0,0.5906479715691169,1.1142178918906116,0.632161853182527,1.1667301037774351,0.261258560155734,0.5599245339410468,0.0,0.0,0.545999095840868,0.30637254901960786,0.8603575547578274,0.0,1.6923190005823272,1.4167517712807751,0.30628508897135787,0.19778481012658228,0.0,0.5599245339410468,0.0,0.6921037462569183,1.2821271629429845,0.0,0.0,0.16025641025641027,0.6287784806005672,0.0,0.33290834395806773,0.16025641025641027,1.1876223951351739,0.0,0.0,0.0,0.0,0.0,0.0,0.19778481012658228,0.3928631614425345,0.0,0.0,0.0,0.4118736595827647,0.3414392865579967,0.18825301204819278,0.0,0.17265193370165746,0.632161853182527,0.0,0.0,0.0,0.0,0.30637254901960786,0.0,0.0,0.8603575547578274,0.0,0.0,0.12112403100775193,0.14013452914798205,0.0,0.0,0.8226426124074878,0.3932142455903831,0.6821036813005996,11.90625,2.42869178312758,2.684807679687224,3.255746929516692,0.6283393403181272,4.9375,0.7098370706193731,2.42869178312758,3.0872883027976084,23.82184230699856,1.9753752702627836,13.300398932259231,17.22346176501005,12.722131721626896,17.87648652690225,18.423898674444565,20.59334387391788,0.002565025990977258,0.0013949952591831639,2023,7
2023-08-01,24,4.684217830189911,1.1860487271441995,1.9469511268892712,0.0,1.974273484046183,0.3071128003257771,1.087539124691791,0.1526251526251526,0.8325082518500287,0.5133580605278719,0.0,0.0,0.39397512864493994,0.1526251526251526,0.0,0.0,0.4047531769305963,1.2670429624446353,1.7296469497297269,0.22281639928698752,0.0,0.0,0.2147766323024055,0.16801075268817203,0.6533812462303605,0.0,0.1498800959232614,0.0,0.5566795955750176,0.0,0.3561253561253562,0.0,1.0341461751888976,0.0,0.0,0.0,0.0,0.0,0.0,0.22281639928698752,1.1314174022195134,0.0,0.0,0.6200396825396824,0.0,0.3071128003257771,0.0,0.0,0.0,1.087539124691791,0.0,0.0,0.0,0.0,0.1526251526251526,0.0,0.0,0.0,0.0,0.8325082518500287,0.0,0.0,0.0,0.0,1.3322464806065435,0.0,0.19936204146730463,12.083333333333334,2.333202848253186,2.737896033688655,3.4197240232912383,0.7267503442801106,6.708333333333333,0.9414868686918386,2.333202848253186,1.9790592770942634,25.627764249639252,1.9182956328532204,17.785583844912793,16.701422603855487,12.64778386435344,17.50008640165432,18.214349982412504,19.964608041124645,0.0016889075396032656,0.0015877309590909274,2023,8
2023-09-01,29,4.30736414055712,0.5348127845011933,1.2916525066376114,0.0,0.1626545217957059,1.906754524970022,2.0112685179635763,0.6336825918106705,0.8017804331395976,0.4978704162007247,0.5903060950204668,0.0,0.21417862497322765,0.0,0.23946360153256702,0.0,1.0586898040189423,0.8132034282427735,0.8936521705684188,0.0,0.0,0.0,0.0,0.1384849743802797,0.3963278101209136,0.0,0.0,0.0,0.0,0.0,0.3709184368854533,0.15057973196807709,0.770154337784081,0.0,0.0,0.0,0.0,0.0,0.0,0.0,0.0,0.1626545217957059,0.0,0.0,0.0,1.5275866242997147,0.0,0.1649892756970797,0.21417862497322765,1.838854724860128,0.0,0.0,0.1724137931034483,0.0,0.0,0.0,0.2345765892563922,0.23946360153256702,0.15964240102171137,0.5023438365899296,0.0,0.13365410318096765,0.0,0.1657824933687003,0.0,0.2345765892563922,1.1815358434526275,11.931034482758621,2.3219825608397544,2.769037639489599,3.3951390973500866,0.6374024507516348,6.517241379310345,0.7775247117647285,2.3219825608397544,5.0933670053111255,24.454163556749762,1.965319445604188,15.21691806983291,16.908737236002146,12.803409923172657,17.65053149167296,18.48539775872736,20.326796387459215,0.0029248448349766605,0.00330865264450849,2023,9
2023-10-01,33,6.874543864520545,0.5491893325433531,1.051247478991358,0.0,1.6528259723523087,0.5206334432095883,1.750024186272433,1.2536663920588185,0.8005095432934595,1.127570708188927,0.44827918634917574,0.0,0.5902410447627849,0.3171022182631512,0.651766260539256,0.0,0.892075098764711,1.1906327502725997,1.3134474134450733,0.34342918393486654,0.0,0.1416029453412631,0.0,0.14854426619132502,0.25904212101076496,0.0,0.0,0.0,0.6264386429675687,0.0,0.0,0.0,0.42480883602378927,0.0,0.0,0.0,0.0,0.0,0.0,0.34342918393486654,0.5724604024247474,0.3584696604314671,0.11265067027148812,0.26581605528973945,0.117000117000117,0.4036333262094713,0.0,0.0,0.0,1.0370539884309231,0.0,0.42198794568044734,0.1323276432446738,0.15865460891638905,0.3171022182631512,0.0,0.13175230566534912,0.651766260539256,0.15304560759106214,0.6418549343770703,0.0,0.15865460891638905,0.0,0.0,0.7535819992992512,0.0,1.0390837804068846,12.181818181818182,2.307600954129478,2.718766196170149,3.46514744710682,0.7276426860338403,5.818181818181818,0.8157996757039397,2.307600954129478,2.6155473374607072,25.16478529887621,1.9675566089688599,13.974791018556708,17.28517998539825,12.805090572782412,18.07565595404184,18.540107393057355,20.95957159206124,0.003299488261213636,0.001434190143986014,2023,10
2023-11-01,30,4.9787817913151375,2.0555389669951984,1.296332237933112,0.0,1.4919371316683483,0.4255808603634691,1.7124600017508087,0.46487603305785125,0.6683310080930844,0.47757167043208937,0.0,0.0,0.3431630682815517,0.1893939393939394,0.0,0.0,1.389075438303736,1.255563523982309,1.1815640084713688,0.14245014245014248,0.0,0.1579778830963665,0.20202020202020202,0.0,1.4983022231015093,0.0,0.0,0.19723865877712032,0.300428025546509,0.1579778830963665,0.0,0.0,0.8379263292902365,0.0,0.0,0.0,0.0,0.0,0.0,0.14245014245014248,0.648460816037069,0.4185402974749222,0.2824858757062147,0.0,0.0,0.1610305958132045,0.26455026455026454,0.0,0.0,1.537939931942781,0.0,0.0,0.0,0.17452006980802795,0.1893939393939394,0.0,0.0,0.0,0.27548209366391185,0.4400205058099795,0.0,0.228310502283105,0.0,0.0,1.217627854305499,0.0,1.0704235126789474,11.833333333333334,2.242193491544762,2.7208782258225073,3.3699601887878883,0.6793513263446934,5.8,0.7747643784061704,2.242193491544762,3.1570177494419904,25.470085377585374,1.969835700440439,13.527757678011419,17.27448190169731,12.751243149167061,17.992068685314504,18.673395478860787,20.76448095068506,0.003685206760821315,0.001852258846371555,2023,11
2023-12-01,29,4.4099147823366085,1.1973179568794348,2.348228347653369,0.0,0.3336757900652424,1.065112833765004,2.2670944940695583,0.3621459571774287,0.38580680061035044,0.7454110026235942,0.0,0.27151778441487917,1.0831350970259692,0.3621459571774287,0.0,0.0,1.0495286237532981,0.3582841817068473,0.35549235691432635,0.18439977872026553,0.0,0.0,0.0,0.12271444348999876,0.44431048443033616,0.0,0.29222676797194624,0.33806626098715353,0.5603094525168921,0.33806626098715353,0.0,0.0,1.4498526341493232,0.0,0.0,0.0,0.0,0.0,0.0,0.18439977872026553,0.14927601134497687,0.0,0.0,0.0,0.40418377648067894,0.6609290572843252,0.0,0.0,0.0,2.2670944940695583,0.0,0.0,0.0,0.0,0.3621459571774287,0.0,0.0,0.0,0.0,0.0,0.23781212841854932,0.1479946721918011,0.0,0.0,1.1347637381728497,0.9166692300593681,3.3075969334381448,11.655172413793103,2.2338119900630162,2.7429670760442835,3.500001307956368,0.7240943416196093,6.551724137931035,0.7946296470021706,2.2338119900630162,3.3127662812394933,24.90604443449271,1.9606813241537282,15.540162266951272,16.872560033292697,12.638822286759362,17.55177750085435,18.034758146317692,20.138805772345314,0.0017450947674936509,0.0015827085608646854,2023,12
2024-01-01,29,6.190349080944237,1.4463970486425302,1.8338532636547653,0.14611338398597312,1.5057693065339346,1.7525180275517613,1.466198304865382,0.7479068114134233,0.3022608320009272,0.771923719651568,0.14611338398597312,0.21285653469561516,0.7360002252070079,0.2668400869165776,0.2905542459294995,0.0,1.6772051060647286,1.056834665087545,0.6190676425031707,0.41295347090255075,0.0,0.43110184242149907,0.0,0.3022608320009272,0.35593852067358056,0.0,0.19051247856734616,0.16658337497917708,0.3595916777623796,0.0,0.17503938386136877,0.2813398883808345,1.0178823136501824,0.0,0.0,0.0,0.0,0.14611338398597312,0.0,0.41295347090255075,0.582068792603702,0.5107470430276816,0.0,0.0,0.17503938386136877,0.9822015416094088,0.29739607589041656,0.1626545217957059,0.1352265043948614,1.0574405185721518,0.21824530772588388,0.19051247856734616,0.0,0.0,0.2668400869165776,0.0,0.19051247856734616,0.2905542459294995,0.0,0.1626545217957059,0.13960631020522127,0.0,0.0,0.0,0.19051247856734616,0.9185082908439943,1.527889404024814,11.724137931034482,2.1396068006870452,2.761891826129829,3.3369735305549773,0.6088746644192402,6.448275862068965,0.8232699964081003,2.1396068006870452,3.616602085423513,25.65538427090151,1.962012333343994,12.52153458218978,17.5973287229284,12.884302959618633,18.150565892992518,19.36367130319948,20.979140255679873,0.002825727379485711,0.0021999145802557157,2024,1
2024-02-01,23,4.328905161663947,0.821648577745174,2.6069413297530972,0.0,0.7243157300365538,0.49384726539154855,0.8005484004581066,0.9190875971579923,0.40739998664262345,0.9720991592054912,0.2003606491685033,0.0,0.5883136337398455,0.20412329046744235,0.17966223499820339,0.0,0.4154349299260467,0.9679083937943309,0.8010028703640842,0.0,0.0,0.2090301003344482,0.0,0.20412329046744235,0.22883295194508008,0.0,0.0,0.17966223499820339,0.35009713962888295,0.17966223499820339,0.38020435572643724,0.36552486221786046,1.3314527371817133,0.0,0.0,0.0,0.0,0.0,0.0,0.0,0.24703557312252963,0.4772801569140242,0.0,0.0,0.11563367252543941,0.20703933747412012,0.17117425539198905,0.0,0.0,0.5935090629839865,0.0,0.20703933747412012,0.0,0.0,0.20412329046744235,0.0,0.5353020716923466,0.17966223499820339,0.0,0.2003606491685033,0.20703933747412012,0.0,0.0,0.0,0.7014447499123194,2.0085218572746615,1.188580459437692,12.478260869565217,2.498661008884607,2.7574533016806386,3.429182256921226,0.6481984131043016,7.3478260869565215,0.8177114660818653,2.498661008884607,3.4156123348322907,25.27658887006713,1.9579235213491644,14.911782695147705,17.24581742923279,12.720957374754985,18.11518904781788,18.67407826310542,21.11659196713952,0.003699161776768833,0.002819151541864315,2024,2
2024-03-01,31,2.7596530481844197,0.9366750467632299,1.1682362092930971,0.0,0.4342238687589731,0.0,1.3821440444937092,0.3395585738539898,0.0,0.17436791630340018,0.0,0.0,0.3426680846035685,0.0,0.0,0.0,0.29381936117728463,0.8404121069052007,0.9728474929927426,0.13553808620222282,0.0,0.0,0.0,0.0,0.6357109886834221,0.0,0.13553808620222282,0.1654259718775848,0.13007284079084286,0.15144631228229594,0.0,0.0,0.8867170562199582,0.0,0.0,0.0,0.0,0.0,0.0,0.13553808620222282,0.0,0.0,0.2986857825567503,0.0,0.0,0.0,0.0,0.0,0.0,1.3821440444937092,0.0,0.0,0.0,0.0,0.0,0.3395585738539898,0.0,0.0,0.0,0.0,0.0,0.0,0.0,0.0,0.4260150082139393,0.539155059035029,1.5533152720321903,11.838709677419354,2.297672101936637,2.726363380730634,3.3639509719931944,0.6846676251102506,5.387096774193548,0.8287393857021991,2.297672101936637,3.1764739645083706,26.39616208164595,1.9004580574499381,19.056331565801056,16.629400097882872,12.400397101736461,17.328802806278873,17.910410436112823,19.826573588810216,0.0015721703820147097,0.002090209604200669,2024,3
2024-04-01,25,6.5284930610693745,0.8031605857783588,2.871691457956848,0.0,0.9150635049402931,0.725365305357812,1.0081849714550826,0.8085649275039944,0.0,0.32851864292912325,0.41573241182832577,0.22099447513812154,1.3385281121193235,0.0,0.35478288231592203,0.0,1.280629449042355,1.0733696244994015,0.8556510283202029,0.6602864348765988,0.0,0.17467248908296942,0.0,0.2684563758389262,0.3600317208564631,0.0,0.0,0.0,1.1949678137826334,0.0,0.811292249567239,0.0,0.8654313946069756,0.0,0.0,0.0,0.0,0.0,0.0,0.6602864348765988,0.25477707006369427,0.0,0.0,0.0,0.0,0.25477707006369427,0.0,0.0,0.4705882352941176,1.0081849714550826,0.0,0.0,0.0,0.0,0.0,0.1990049751243781,0.25477707006369427,0.35478288231592203,0.0,0.0,0.0,0.0,0.0,0.0,1.4896965155488948,0.42105263157894735,1.8380041725527985,12.4,2.5582086983547185,2.6705854230332395,3.2200277399937125,0.5889515592429723,5.76,0.6947363555650086,2.5582086983547185,4.818136198523142,24.143444444444444,1.9985292203602723,11.665061973836451,17.525666373748333,12.763622866747683,18.124367753817374,18.631032147505653,20.91342546624276,0.002110027595174441,0.002484650259694781,2024,4
2024-05-01,41,4.511256712491143,1.252566829518953,0.9444543720211346,0.0,0.19435686388232465,0.5263357061077721,1.0997807509486313,0.25365259740259744,0.31320858722869194,0.158378207158695,0.20176057855156618,0.0,0.21253627225031765,0.158378207158695,0.09527439024390244,0.0,1.553437507645106,0.9795075359946859,1.1519840134881747,0.0,0.0,0.0,0.0,0.7208846481799303,0.43929489382978393,0.0,0.0,0.09238728750923873,0.0,0.0,0.37541500956135104,0.09874592673052236,0.4702934357292612,0.0,0.0,0.0,0.0,0.0,0.0,0.0,0.0,0.0,0.09100837277029487,0.10334849111202978,0.16046213093709882,0.16592002654720422,0.10467915837956662,0.0,0.09527439024390244,0.9707318414119168,0.0,0.1290489095367144,0.0,0.0,0.158378207158695,0.0,0.0,0.09527439024390244,0.0,0.10205122971731809,0.0,0.12014898474107895,0.09100837277029487,0.0,0.20935831675913325,0.8270453535713722,1.726944136177563,12.317073170731707,2.5781201605598554,2.7339508196203854,3.342724914867816,0.5823254974731389,6.048780487804878,0.815320276936463,2.5781201605598554,3.591024582075158,27.009503098527492,1.9691165704536155,12.314690878520636,17.649759161079633,12.60441402434189,18.10543596428533,19.20277673893918,20.91600652899166,0.004310836361419488,0.0024834615055414895,2024,5
2024-06-01,33,6.514951556283203,0.8697069254167283,2.604837077728603,0.28269434109036307,1.4751060980997366,0.7814084592285353,1.0875105415418076,0.22700172801877228,0.23254850440572497,0.26759448334691754,0.28269434109036307,0.0,1.4337972083913615,0.0,0.22700172801877228,0.0,1.1438700510933295,1.7908928040790222,1.051839428972075,0.31726151129136204,0.0,0.11977482333213559,0.0,0.09806805923310778,0.513494041467785,0.0,0.0,0.13837000138369998,0.7851926043644837,0.11265067027148812,0.520255400024166,0.4024691644224986,0.7842692386459668,0.0,0.0,0.0,0.0,0.28269434109036307,0.0,0.31726151129136204,0.4324622745675377,0.5492019035022886,0.0,0.17618040873854826,0.0,0.7814084592285353,0.0,0.0,0.0,0.8470065138151289,0.0,0.0,0.24050402772667864,0.0,0.0,0.0,0.0,0.22700172801877228,0.0,0.23254850440572497,0.0,0.0,0.0,0.0,1.1078107350541773,0.9943976353721852,1.5104389087947163,12.121212121212121,2.4291708312887863,2.721037117758934,3.360607275616339,0.6338938996328697,7.454545454545454,0.7908582092065971,2.4291708312887863,5.290009849341946,25.284094188639642,2.003872053813419,9.828631970752314,17.908185092377828,13.10078655562197,18.478737144080874,19.359819306034524,21.504407272353486,0.00274729963480945,0.0037677369517949747,2024,6
2024-07-01,23,5.758389927853289,0.9568267521368741,1.5192615301004777,0.0,1.2895334133581933,0.9098183467000859,1.0638112288849129,0.5166128592145646,0.0,1.5342294395864795,0.0,0.0,0.2667377967457989,0.5166128592145646,0.0,0.0,1.2794268036123948,0.2667377967457989,1.8946452319482519,0.0,0.0,0.2667377967457989,0.0,0.2635046113306983,0.159846547314578,0.0,0.0,0.2667377967457989,0.605517586336107,0.0,0.16658337497917708,0.5069491827654962,0.24021138601969733,0.0,0.0,0.0,0.0,0.0,0.0,0.0,0.2498750624687656,0.48746118743906736,0.23250406882120436,0.319693094629156,0.6722322217297841,0.23758612497030174,0.0,0.0,0.0,1.0638112288849129,0.0,0.0,0.0,0.0,0.5166128592145646,0.0,0.0,0.0,0.0,0.0,0.0,0.0,0.0,0.0,0.7624468099386553,2.2023807268255555,2.7927930904468607,12.434782608695652,2.4522005930196973,2.768576949812102,3.4286865598891407,0.681273776598615,6.739130434782608,0.8814497586642389,2.4522005930196973,4.598210977207447,26.328916494133885,1.9569102949006276,14.027453571082129,17.52304764204541,12.702456144152496,17.76226823129348,19.03682166998524,20.676722749224258,0.0023936617541207555,0.0024308424419112306,2024,7
2024-08-01,27,6.250164425323479,1.843785806139145,3.037811969837613,0.2092487968194183,1.5735787276849402,0.8217398861080114,2.2855382712641976,0.2092487968194183,0.3511329445908885,0.7040136496842779,0.3539247227453442,0.0,1.3355758878372714,0.2092487968194183,0.0,0.0,0.8445491386119213,1.5072229831665251,0.5604294780177027,0.7351997684410181,0.0,0.8909229844557016,0.0,0.743614024864025,0.2092487968194183,0.0,0.0,0.0,0.933313491141776,0.0,0.5464846629361216,0.2092487968194183,1.3487650189402969,0.0,0.0,0.0,0.0,0.2092487968194183,0.0,0.7351997684410181,0.1780626780626781,0.2140869192892314,0.4462293618920125,0.0,0.0,0.6770639601820855,0.14467592592592593,0.0,0.0,2.078627449828236,0.0,0.0,0.2069108214359611,0.0,0.2092487968194183,0.0,0.0,0.0,0.0,0.3511329445908885,0.0,0.0,0.0,0.0,0.938138995636003,0.4560787926300894,1.5233769907637793,12.25925925925926,2.4532453455463905,2.7484529369964275,3.3731721079227155,0.6125002051917086,6.037037037037037,0.8406854692454515,2.4532453455463905,3.6613568227381257,24.751308054085833,1.9536455927433276,16.096084221127565,16.800775705782666,12.61420328889262,17.81959041903438,18.300673533966883,20.43978891528329,0.003617060708265287,0.0015845382703176516,2024,8
2024-09-01,42,6.270596394810785,3.0629202484558324,1.0854185766751527,0.0,1.3214146829287952,0.9431327803043579,1.626961345476471,0.5719902396202974,0.6586590566510219,0.9065765475438965,0.22419017234685437,0.10725010725010725,0.2911101748311051,0.0,0.4647401323701902,0.15360983102918585,1.2740315232223451,1.2445768396901544,1.3605912442627799,0.24391982226416575,0.0,0.2957851795061098,0.0,1.0246589520387008,1.4824305782277125,0.0,0.26004553868330954,0.0,0.7223440470475826,0.0,0.1233654083395016,0.0,0.23970912128806862,0.0,0.0,0.0,0.0,0.0,0.0,0.24391982226416575,0.689562305102016,0.09157509157509158,0.13762730525736305,0.15873015873015875,0.09157509157509158,0.2352719744024092,0.11614401858304298,0.0,0.5001416957438141,1.5090924157263532,0.0,0.11786892975011787,0.0,0.0,0.0,0.0,0.10725010725010725,0.4647401323701902,0.0,0.44300867230561397,0.0,0.21565038434540784,0.0,0.0,1.075962879249116,0.6608564059775227,1.156185642595449,11.5,2.157728500287586,2.729404848561095,3.3561914580732113,0.6321928448180498,5.928571428571429,0.6814528098325441,2.157728500287586,2.462076426968904,23.75357413750271,1.9599789187280439,16.090581449537673,16.60730411303082,12.688771644350043,17.531998460567408,18.06612626654388,20.144312217147743,0.003079623172530465,0.002020538226573127,2024,9
2024-10-01,44,4.787085577941384,1.298655883674257,1.2935780798391168,0.0,1.181882645215789,0.25874508633129323,1.437088190754833,0.5576341270574902,0.7981888620986365,0.46698796698796696,0.19071837253655435,0.0,1.050730019509943,0.10330578512396693,0.2499333511063716,0.0,1.1748202915350163,0.45483899127115207,0.9792006833202964,0.11655011655011656,0.0,0.11899095668729177,0.0,0.37809029521736703,0.6825836750823062,0.0,0.11899095668729177,0.0,0.45727545727545726,0.0,0.0,0.0,0.8363026225636595,0.0,0.0,0.0,0.0,0.0,0.0,0.11655011655011656,0.24021706661356168,0.11086474501108647,0.11086474501108647,0.6033859720299378,0.07836990595611285,0.0,0.09018759018759018,0.0,0.09018759018759018,1.29765706972862,0.0,0.13943112102621305,0.0,0.0,0.10330578512396693,0.0,0.0,0.2499333511063716,0.20439499082715162,0.5139701568272996,0.0996810207336523,0.09712509712509715,0.0,0.08741258741258741,1.1160456721991472,0.8484830291678633,1.908836388376693,11.454545454545455,2.284534187966173,2.7497555806611804,3.437750934022885,0.6874354674304746,6.5227272727272725,0.8891236901010221,2.284534187966173,4.533785317221175,26.071506208438027,1.980734959710764,13.212483959011319,17.245210936079687,12.85442483052379,17.911663857450005,18.813733807287363,20.754364978435543,0.0014586871967296423,0.0018796233207487368,2024,10
2024-11-01,38,6.349203610253815,0.37237830205552286,1.2129168103704284,0.0,0.7004924542765886,0.6302390015145052,2.5657117967851057,0.8605699100639556,0.6058194843919557,0.6032647957349084,0.13358268768367618,0.0,0.7266449652530317,0.18402649981597352,0.676543410247982,0.0,1.548995246039488,1.3005650367452615,1.0575729441878245,0.1180080245456691,0.0,0.0,0.0,0.2202639120342269,0.152114390021296,0.0,0.0,0.0,0.630396074766245,0.0,0.10484378276368211,0.0,0.47767695284050116,0.0,0.0,0.0,0.0,0.0,0.0,0.1180080245456691,0.5824844297309195,0.0,0.0,0.0,0.0,0.6302390015145052,0.0,0.0,0.0,2.20914633242629,0.0,0.0,0.09930486593843098,0.2572605984203841,0.18402649981597352,0.0,0.0,0.676543410247982,0.0,0.6058194843919557,0.0,0.0,0.0,0.0,0.8560359913574538,0.6820106270589896,0.962543813379498,11.842105263157896,2.1430759482235877,2.721886747760108,3.3572220186367763,0.6268923805970846,6.7368421052631575,0.8752670711277752,2.1430759482235877,3.508468590518459,26.380275499354447,1.9899373753497689,9.773419019210818,18.28552395239326,12.86451018515035,18.640352418547252,19.655360463795727,21.61791913213931,0.00281088331932143,0.0022540435742460065,2024,11
2024-12-01,36,5.622284361066957,1.4912619404819927,1.5369766901316675,0.0,1.406085433538851,0.7614916089257664,2.5898620573594595,0.5398507689796256,0.7569480922650925,1.0234658600286555,0.0,0.0,0.880590325581155,0.08547008547008547,0.2628098022834865,0.0,0.6273197686690769,1.1581887249425329,0.986495751150788,0.5979440429411772,0.0,0.2354048964218456,0.0,0.44510701358477334,0.14697236919459142,0.0,0.6637776612807824,0.0,0.42736073957634313,0.0,0.2508140008140008,0.17806267806267806,0.6807392716786455,0.0,0.0,0.0,0.0,0.0,0.0,0.5979440429411772,0.34689801846664586,0.22031366691560864,0.0,0.24092970521541948,0.19561815336463226,0.565873455561134,0.0,0.0,0.0,2.4892179349762067,0.0,0.0,0.10064412238325282,0.0,0.08547008547008547,0.19157088122605362,0.0,0.2628098022834865,0.0,0.2316757099438757,0.16056518946692355,0.3647071928542933,0.0,0.0,0.9479892012848699,0.8770485935822205,1.9966085030615264,11.25,1.9941314716831715,2.748851067069674,3.3062503686694513,0.6149912189705771,6.611111111111111,0.7532036117135055,1.9941314716831715,3.6234508397117184,23.399301547218215,2.0087995967821204,11.616214029449806,17.19195685624044,13.094982075044538,17.821881340337555,18.504393900719393,20.638941856646788,0.0026011401840174125,0.0015264639884858952,2024,12
2025-01-01,32,6.380294747595254,1.821662263856082,1.1770901382352486,0.0,1.0578026758285526,0.9123746473498471,1.6950511448803565,0.4691647312541473,0.28360893649203855,0.44263323671449745,0.2752044375822039,0.0,0.6997007076969685,0.11405109489051095,0.35511363636363635,0.0,1.688710124524607,1.1910471812921903,1.3362742449360736,0.27756008359456635,0.0,0.0,0.1539408866995074,0.2877425534544556,1.2221505408738362,0.15782828282828285,0.0,0.0,0.47693491254913667,0.12651821862348178,0.0,0.0,0.57363700706263,0.0,0.0,0.0,0.0,0.0,0.0,0.27756008359456635,0.2877425534544556,0.3727682380132471,0.11973180076628352,0.0,0.0,0.3307430926916221,0.2615792410714286,0.0,0.3200523135867963,1.4894590396171985,0.0,0.0,0.20559210526315788,0.0,0.11405109489051095,0.0,0.0,0.35511363636363635,0.0,0.1539408866995074,0.12966804979253113,0.0,0.0,0.0,1.5262256228387765,0.29921431189298153,1.2104897411275957,11.53125,2.1875457979523483,2.738732485361649,3.4361894393732397,0.7320286556578316,6.875,0.7507909153448901,2.1875457979523483,5.545844926862387,24.55959595959596,1.9905279412138976,11.891501921358795,17.4448971515888,13.063676296571051,17.996907190843846,18.817386624195734,20.76278690164283,0.001936712990912552,0.0017108270682017,2025,1
2025-02-01,35,6.891623276578631,1.430826667434075,1.5436885829238804,0.0,1.3137597881589254,0.5777234608185068,1.6567156084154615,0.5251808233174693,0.6012959716249043,1.1665610289848098,0.156128024980484,0.0,0.8433128683957288,0.0,0.5251808233174693,0.0,1.554671491494471,1.3356014840393173,0.8130833461886084,0.49708420917774226,0.0,0.0,0.0,0.4686895599487252,0.5243049805152136,0.0,0.43783212697013635,0.0,0.4132384965848365,0.0,0.15873015873015872,0.1855287569573284,0.7861911706515569,0.0,0.0,0.0,0.0,0.0,0.0,0.49708420917774226,0.5506574441105893,0.156128024980484,0.0,0.10989010989010989,0.23399322275726772,0.3437302380612391,0.0,0.0,0.0,1.1199433884493573,0.0,0.28446884995329613,0.25230337001280795,0.0,0.0,0.0,0.0,0.5251808233174693,0.0,0.4851519530418614,0.0,0.11614401858304298,0.0,0.0,0.6565824239161935,0.2528445006321112,0.9515561863731723,10.82857142857143,1.917606820403433,2.7462862531245062,3.3719550908113494,0.6464589396894672,5.771428571428571,0.8281122192621636,1.917606820403433,3.0718076098434928,23.901751185322613,1.9885485161843244,12.366109033374865,17.2435950142579,12.862107999751942,17.914191443644835,18.522643981353387,20.785086516528217,0.004005010817583923,0.0014965919727740254,2025,2
2025-03-01,39,5.1529816436651625,1.8553431148847521,1.825084619400593,0.0,0.9356270907393462,0.09324009324009323,1.485125529553636,1.1389699971696654,0.24958463287375757,1.1023241004740565,0.31038166814028884,0.0,0.8575645337358125,0.13015749056358192,0.546242289937506,0.0,1.233037287518929,0.6292802330953469,0.11708230886313076,0.22691173133651008,0.0,0.3273817281475475,0.0,0.6096901641762067,0.809160475152378,0.0,0.10911074740861974,0.0,0.4266351033945142,0.0,0.12631047113805735,0.1885369532428356,1.0836020916251856,0.0,0.0,0.0,0.0,0.0,0.0,0.22691173133651008,0.25536212827182725,0.3109030886808664,0.0,0.14245014245014245,0.0,0.09324009324009323,0.0,0.0,0.0,1.485125529553636,0.0,0.0,0.0,0.0,0.13015749056358192,0.14011489421325488,0.0,0.546242289937506,0.3224553224553225,0.12327416173570022,0.0,0.12631047113805735,0.0,0.0,1.605674019467123,0.33437913632944977,1.650155246810386,11.743589743589743,2.164142066084328,2.721160831825775,3.3916715934623323,0.6749537518982375,6.6923076923076925,0.8016117120693983,2.164142066084328,4.565415743076382,25.72025275294506,2.0037591828261316,11.315395102890985,17.653669385309286,13.054242815657904,18.171224814512204,19.19658522722781,21.193888971621007,0.0030056325313014194,0.001028138728862666,2025,3
2025-04-01,35,6.080700895467543,1.1208105054229318,1.899702473099603,0.0,1.3511256110876604,0.842510213470122,1.555744677165345,0.2738955928303416,0.0,1.5375503895566194,0.13869625520110956,0.0,0.6176630528143665,0.0,0.2738955928303416,0.0,1.0001836336139585,1.055278411821029,1.273101762395096,0.18433179723502302,0.0,0.0,0.0,0.7668433586169102,0.21594092182327476,0.0,0.13802622498274672,0.0,0.39253539253539255,0.0,0.6149151711681506,0.1855287569573284,0.7067231524387314,0.0,0.0,0.0,0.0,0.0,0.0,0.18433179723502302,0.29180279180279184,0.8749910220498456,0.0,0.0,0.0,0.3502015226153157,0.2380952380952381,0.1006036217303823,0.15360983102918588,1.3234566399992589,0.0,0.23228803716608595,0.0,0.0,0.0,0.0,0.0,0.2738955928303416,0.0,0.0,0.0,0.0,0.0,0.0,0.3088803088803089,0.5280721679021724,2.025267107278287,12.514285714285714,2.45358905647021,2.740363146313603,3.337235531041065,0.6369558702304932,6.3428571428571425,0.8316248802280264,2.45358905647021,4.265769370910487,25.602761603475887,2.0073801734458976,8.745799728004906,18.091242202404967,13.141773210883969,18.63525661377774,19.9710579188308,21.722233708124207,0.002988152485412221,0.002496092106432411,2025,4
2025-05-01,30,4.534121498829317,2.866883401043558,0.7984094350386158,0.0,0.9927629276206132,0.5363212891854463,1.7132672454438003,0.3412760757615432,0.3024495011282386,1.1370875033203969,0.2150537634408602,0.0,0.5355063048843931,0.0,0.16583747927031509,0.0,1.003615034373098,0.652449043013655,0.493567429791086,0.33100494073551245,0.0,0.39682539682539686,0.0,0.6929824561403509,1.3822037532060152,0.0,0.26666666666666666,0.12820512820512822,0.5988086366354222,0.1996007984031936,0.0,0.0,0.0,0.0,0.0,0.0,0.0,0.0,0.0,0.33100494073551245,0.0,0.6617579868851008,0.0,0.0,0.0,0.5363212891854463,0.0,0.0,0.0,1.7132672454438003,0.0,0.0,0.0,0.0,0.0,0.0,0.0,0.16583747927031509,0.17543859649122806,0.1366120218579235,0.16583747927031509,0.0,0.0,0.0,0.4301075268817204,0.5925277276665689,1.9844769880431565,11.733333333333333,2.07887240324307,2.7570757517811075,3.4134870550780163,0.625135644730651,7.1,0.8058194078166944,2.07887240324307,4.706120086047604,24.23899322899323,1.9989852694186376,12.15533589612914,17.39453522561812,13.11389407626677,18.236374585652904,19.25831591593991,21.19277112264455,0.003099426291399865,0.001117585740965266,2025,5
2025-06-01,36,6.383245775575203,2.804037750109485,1.564285473293073,0.0,1.290124545685772,0.7720331319110454,0.6639204646726314,1.0117316111113306,0.6531737002408424,1.158082259849147,0.21533161068044787,0.0,0.12130033964095098,0.13354700854700857,0.4655314121333538,0.0,1.2221944042990804,0.8817594966643216,1.755509047075296,0.42999019668559635,0.0,0.5363368298742612,0.0,0.814169375916364,0.8178811991226191,0.0,0.18642803877703207,0.4492223064192087,0.4228988603988604,0.13354700854700857,0.12980269989615784,0.0,0.8780369044510464,0.0,0.0,0.0,0.0,0.0,0.0,0.42999019668559635,0.26907360498691774,0.45621716256773465,0.0,0.1348435814455232,0.0,0.4357298474945534,0.10482180293501048,0.0,0.2314814814814815,0.47234958344657785,0.0,0.0,0.19157088122605362,0.0,0.13354700854700857,0.2840523673857007,0.0,0.4655314121333538,0.1286008230452675,0.5202656725959727,0.13290802764486975,0.0,0.0,0.0,1.6426305488476212,0.9041301653326611,1.7521106431034974,11.305555555555555,2.1632072563897626,2.7384749291446964,3.421625897403254,0.6990834975676645,6.5,0.8177614155009238,2.1632072563897626,2.6304452160792384,23.953817093400428,2.0577693517791067,8.592466181473906,17.691882926410887,13.440407462392374,18.139059857723566,19.297876619962228,21.2619175403735,0.002436582728904457,0.002905634424902087,2025,6
2025-07-01,38,7.772401669189837,1.8125782481159824,1.5466293246956433,0.0,0.9681776397235052,0.5788462126144193,1.0962501639284248,1.4758819088634296,0.9573656233721332,0.7171455814916352,0.33657089720893435,0.0,0.7708122922579341,0.49491998430209744,0.47350132259201266,0.0,1.474315989188615,1.0768500857336771,2.428285516414932,0.0,0.0,0.19786307874950534,0.15037593984962405,0.3132832080200501,0.5254330505003518,0.0,0.0,0.625622970996451,0.8721649979409364,0.0,0.1790189760114572,0.0,0.4954453507432497,0.0,0.0,0.0,0.0,0.0,0.0,0.0,0.4063506266504507,0.27763125017351953,0.11441647597254004,0.1697792869269949,0.0,0.09968102073365231,0.0,0.0,0.4791651918807669,0.6735664705680398,0.0,0.4226836933603851,0.0,0.0,0.49491998430209744,0.0,0.5074606019693195,0.47350132259201266,0.0,0.4925442007005766,0.2436647173489279,0.22115670532262863,0.0,0.0,1.1437790116201967,0.4043107321609563,1.8719571218611173,11.552631578947368,2.251553524220719,2.739205085669026,3.3175481057218708,0.6425202923138237,7.2631578947368425,0.8439180540908889,2.251553524220719,4.467905152671572,23.74641622996886,2.009217393092046,10.344599269428079,17.493392522145417,13.165488233993884,17.98055258666187,19.020985537274413,20.871553409422717,0.0018520133503087,0.002465645826320078,2025,7
2025-08-01,39,4.905074355931686,1.0903882449124014,1.0540686308866698,0.0,1.4441455420829852,0.8659822370336926,1.4964093083838328,0.7850767164500618,0.3436062162055344,0.3764416719882307,0.29892789703836214,0.0,0.3585129290845593,0.26597025882570063,0.5191064576243613,0.0,1.2403130550047772,0.7505877024459338,0.9725300507091122,0.122684333210649,0.0,0.12327416173570022,0.0,0.3631665912799102,0.3568036410740103,0.0,0.0,0.24714385082278062,0.11602274045712961,0.12327416173570022,0.122684333210649,0.0,0.6920873954831911,0.0,0.0,0.0,0.0,0.0,0.0,0.122684333210649,0.3147903810852354,0.6859157451272564,0.1899335232668566,0.13082155939298795,0.1633186346562143,0.5372376304998936,0.0,0.0,0.16542597187758476,1.3962490519735764,0.0,0.0,0.10016025641025642,0.0,0.26597025882570063,0.0,0.0,0.5191064576243613,0.0,0.0,0.24422239589148154,0.09938382031405286,0.0,0.0,1.3505815757485657,0.938296579990313,1.4664649781318864,11.35897435897436,2.057919384266008,2.7981274856971536,3.313694440562374,0.6400451589730672,6.3076923076923075,0.7871766855571571,2.057919384266008,2.786559638175447,23.864129317975472,2.037890441218018,8.104801085674648,17.876140979581606,13.208763296805724,18.36419096508648,19.2708291724629,21.509369869346585,0.0033366503733098553,0.0024440146503984924,2025,8
2025-09-01,48,5.9639710542954445,1.774635400586429,1.2530763152938762,0.0,0.6509833916742728,0.7086265070449839,0.93790181427062,0.39148098062679865,0.4176778247511416,1.071806011407926,0.19067032753695537,0.0,0.4094458735597469,0.09689922480620156,0.18828923881379436,0.0,1.2879575445482343,0.6766270055404938,2.0422758280820923,0.0,0.0,0.2127234681739644,0.0,0.30956238208348896,1.0199184897700018,0.0,0.11200716845878138,0.12042389210019266,0.5666994659640686,0.0,0.10064412238325282,0.0,0.5857327269465548,0.0,0.0,0.0,0.0,0.0,0.0,0.0,0.4019148197067195,0.2490685719675533,0.0,0.0,0.09342301943198804,0.34865456034978276,0.10629251700680271,0.0,0.16025641025641027,0.8167777832628681,0.0,0.0,0.12112403100775193,0.0,0.09689922480620156,0.0,0.10629251700680271,0.18828923881379436,0.0,0.1996545689371881,0.0,0.21802325581395351,0.0,0.0,1.2449639543053124,0.517364436125659,1.4042774153398228,11.916666666666666,2.235779701693721,2.748023104452978,3.367918791076541,0.6484038328452736,6.75,0.8047875448818679,2.235779701693721,3.60462500141347,24.755209084896588,2.039559467970257,8.315949210064588,17.88059399691994,13.234302864814111,18.27213455312806,19.34144525576256,21.362627823402164,0.002875088960633265,0.0021020325839053527,2025,9
2025-10-01,38,6.533987008063314,2.3726837076669876,0.6458382585313394,0.0,0.7155326189304068,0.44037640522119254,1.5122850801675902,0.9014286265905941,0.7475908859974445,1.0707200148681169,0.13850415512465372,0.0,0.5133557578155916,0.12712941774726672,0.4533749469691298,0.0,1.0381997533470653,1.2969369925928378,1.8957659695986526,0.0,0.0,0.1802451333813987,0.0,0.9906509359784961,0.84373311658999,0.0,0.35805452171710284,0.0,0.12591286829513976,0.0,0.12413108242303872,0.0,0.39579430781316094,0.0,0.0,0.0,0.0,0.0,0.0,0.0,0.12899896800825594,0.16144656118824668,0.1370614035087719,0.2880256862251322,0.0,0.16144656118824668,0.0,0.0,0.27892984403294585,1.365269496515723,0.1470155836518671,0.0,0.0,0.0,0.12712941774726672,0.0,0.3209242618741977,0.4533749469691298,0.0,0.7475908859974445,0.0,0.0,0.0,0.0,0.7520724138982985,0.2197906482884083,1.3680342402931847,11.526315789473685,2.1418303410980073,2.7557509460165006,3.3960846016210335,0.6081096325728994,6.868421052631579,0.8789143003209033,2.1418303410980073,4.977704746178979,24.988119994041046,2.0392141917190565,6.610953432222135,18.266731982149572,13.31393413588082,18.61412157883571,20.098716570013476,21.80492370431239,0.0034857325466785996,0.002144657556001843,2025,10
2025-11-01,37,6.289099546942876,1.5110758117073284,0.33504988575591915,0.0,0.4818472396256636,0.6496501219985057,0.25813367504728346,0.5106830457115875,0.3638058756168993,0.4896048574976801,0.16891891891891891,0.0,0.6243313046864072,0.0,0.24370875434705225,0.0,2.0642499555038785,0.5546090923314101,1.9404659341310095,0.203210729526519,0.0,0.11031439602868175,0.0,0.0,1.020552524831458,0.0,0.3802088908471888,0.0,0.0,0.0,0.33504988575591915,0.0,0.0,0.0,0.0,0.0,0.0,0.0,0.0,0.203210729526519,0.1493205913095416,0.129315918789603,0.0,0.0,0.0,0.26650894938364883,0.129315918789603,0.0,0.25382525382525384,0.1262945188178833,0.0,0.0,0.13183915622940012,0.0,0.0,0.13183915622940012,0.0,0.24370875434705225,0.13513513513513514,0.23510574691677055,0.0,0.12870012870012873,0.0,0.0,1.9993548362942828,0.6899054817358039,1.631405806005714,11.45945945945946,1.9886406954402158,2.732955783323195,3.4391229306880966,0.645420930359141,7.081081081081081,0.7548266723991361,1.9886406954402158,5.071783901186105,24.73290530790531,2.047343273343018,6.854916873057244,18.145329345765447,13.1603256268024,18.572460623198722,19.873326467375893,21.789918554577618,0.001818566747233072,0.0023867710802250508,2025,11
2025-12-01,31,5.602278398431467,1.4528191118692788,2.1123863351034307,0.0,1.0210039205522312,1.0483086419734073,0.807165333713317,0.7082123789035591,0.6015895229818624,0.7090178989515018,0.26123522569668006,0.0,0.12359411692003461,0.0,0.4469771532068791,0.0,1.2722283796941904,1.2575026468563988,1.3973143749552444,0.13440860215053765,0.0,0.262995140469874,0.12454851164528585,0.16889039013680124,0.8963850696173177,0.0,0.0,0.0,1.1628713954051304,0.25400050800101603,0.25400050800101603,0.0,0.44151392369626824,0.0,0.0,0.0,0.0,0.0,0.0,0.13440860215053765,0.1486546751895347,0.559719292294319,0.17822135091783997,0.0,0.1853911753800519,0.8629174665933554,0.0,0.0,0.0,0.807165333713317,0.0,0.0,0.0,0.0,0.0,0.0,0.26123522569668006,0.4469771532068791,0.0,0.4072638331256634,0.0,0.194325689856199,0.0,0.0,0.9749844471132088,0.7443520734397101,0.6140632751865069,11.35483870967742,2.196755700124425,2.7498804403156134,3.5287877250296913,0.6459125314136359,6.903225806451613,0.8591634517730301,2.196755700124425,4.571716775924816,26.331713447842482,2.021211286246639,8.21919348654716,18.1433043544513,13.146232650501085,18.47633459450818,19.674757740653593,21.47748366267217,0.0016303561198680898,0.004697520435641158,2025,12
2026-01-01,34,8.066392364454629,1.4161799293045243,0.8311354035017472,0.0,1.4345547953025304,0.2926616191030868,1.3372699782163633,0.6870390103632671,0.6611930873557749,0.7139503750965877,0.4488414751243287,0.0,0.9998860105167688,0.0,0.3508771929824561,0.0,3.0643159331634,0.7905880242531511,1.5743545100159104,0.1235788433020267,0.0,0.17717930545712263,0.0,0.6474257029195987,0.43429275672522344,0.0,0.15728216420257943,0.0,0.6254587272368356,0.0,0.0,0.0,0.20567667626491157,0.0,0.0,0.0,0.0,0.0,0.0,0.1235788433020267,0.47702662970864945,0.310077519379845,0.16711229946524064,0.35675950344676877,0.14705882352941177,0.0,0.0,0.0,0.145602795573675,1.3372699782163633,0.0,0.0,0.0,0.0,0.0,0.0,0.336161817380811,0.3508771929824561,0.0,0.3323787615604901,0.22451728783116298,0.10429703796412182,0.0,0.0,3.0965234178016545,0.4304351222560738,2.603985533589097,11.470588235294118,2.110281042667965,2.7499230431518296,3.351310547291315,0.614823878928409,6.382352941176471,0.7191388496583756,2.110281042667965,2.8780958740110782,24.122572362278245,2.051003779492057,7.197620465385482,17.89848512525133,13.292132227416767,18.334325226323806,19.541364435426626,21.542817121565708,0.0037064925403781056,0.0017483467667825932,2026,1
2026-02-01,42,4.630310668126026,1.09832367977227,0.3244751688810163,0.0,1.1566408409265692,1.116440946431471,1.6687988080491312,0.9145312512783453,0.46942566775245465,0.46614087885388406,0.0,0.09798157946306094,0.6079199469330763,0.09018759018759019,0.31265830800405264,0.0,1.0990521683411214,0.805029446894571,1.1513407494486696,0.0,0.0,0.0,0.0,0.4987329273729333,0.5995907523993366,0.0,0.0,0.0,0.12597631645250693,0.10131712259371833,0.0,0.0,0.09718172983479106,0.0,0.0,0.0,0.0,0.0,0.0,0.0,0.7183296642098844,0.22203038245121542,0.1123090745732255,0.1039717196922437,0.29017992893198147,0.7249438949057712,0.0,0.0,0.10131712259371833,1.3564432549837047,0.0,0.10131712259371833,0.21103843047170825,0.0,0.09018759018759019,0.2831901991565857,0.22849515393011666,0.31265830800405264,0.0,0.1097213078779899,0.2695167696868745,0.09018759018759019,0.0,0.0,2.9929345950832964,0.0,2.111626536974456,11.071428571428571,2.050743334741687,2.7361917451405326,3.42087875998187,0.6656776808069295,7.571428571428571,0.8750087734483203,2.050743334741687,5.501577440742518,23.83663076341648,2.0914099460702342,3.1620181545447887,18.56002678212306,13.348945891216028,18.7889604428072,20.05028662603055,22.127713961978216,0.0010570465965796107,0.0025302204974491935,2026,2
2026-03-01,39,6.069342459157704,2.611250170916637,1.1010679365425373,0.0,0.9728146684921278,0.5106819439849901,2.602176536146559,0.5460679390601862,0.4680285747033228,0.27345591702027344,0.14652014652014653,0.0,0.28056816965582615,0.2552356644222436,0.14994751836857098,0.0,1.747026082225086,0.9922380243172808,2.2243509366282765,0.0,0.0,0.12693577050012694,0.0,0.5004083874580467,1.8569702424583363,0.0,0.12693577050012694,0.0,0.4192975128778386,0.0,0.0,0.0,0.6817704236646988,0.0,0.0,0.0,0.0,0.0,0.0,0.0,0.407002925567282,0.14088475626937166,0.13217023526301877,0.2927567513924553,0.0,0.3235211728826131,0.0,0.0,0.18716077110237694,1.8725598893150537,0.0,0.27345591702027344,0.45616072981123196,0.0,0.2552356644222436,0.0,0.0,0.14994751836857098,0.14088475626937166,0.13015749056358192,0.14652014652014653,0.19135093761959435,0.0,0.0,1.3533915577952098,1.4002574736137798,1.9674811278157018,11.282051282051283,2.087590285371915,2.7658412363419265,3.3776154118565476,0.6063184303168282,6.410256410256411,0.8078655746582125,2.087590285371915,4.019617479510137,24.26216305062459,2.0488483873646675,6.220249567729005,18.0389000084966,13.35570070043592,18.45728760577516,19.76805747480459,21.62947310406725,0.0027501864279447677,0.0035529006688641398,2026,3
2026-04-01,30,8.987958307816745,1.4860495199101387,1.4752284244103853,0.0,0.846634946621395,0.8201845157611045,0.699878900123895,0.6218950207935259,0.3646173000533587,0.517528537363405,0.1996007984031936,0.0,0.0,0.26881720430107525,0.0,0.0,2.938795384006589,2.1324843770571364,2.6207559323439624,0.30997607434138347,0.0,0.0,0.0,0.40837540837540837,0.675143921770498,0.0,0.22522522522522523,0.1773049645390071,0.3237466603803238,0.0,0.16501650165016502,0.0,0.9864652623798965,0.0,0.0,0.0,0.0,0.0,0.0,0.30997607434138347,0.1773049645390071,0.2150537634408602,0.0,0.1443001443001443,0.0,0.620583717357911,0.0,0.0,0.1996007984031936,0.699878900123895,0.0,0.0,0.0,0.0,0.26881720430107525,0.3530778164924506,0.0,0.0,0.0,0.3646173000533587,0.0,0.0,0.0,0.0,2.138266241488678,1.7321126208063633,2.5357269822659982,11.766666666666667,2.190464933494945,2.752262157929376,3.4009730570821852,0.6543938493978206,5.666666666666667,0.7662928335961381,2.190464933494945,4.307208644574593,25.375875420875424,2.0911832160993575,2.3668462691651495,18.935581529030525,13.342700405808696,18.8827083578262,20.488746708309165,22.253587198357685,0.0033803728557960386,0.001864168150647075,2026,4
