month_ts,paper_count,marker_words_total_per_1k_words_monthly_mean,marker_verbs_total_per_1k_words_monthly_mean,marker_adjectives_total_per_1k_words_monthly_mean,marker_phrases_total_per_1k_words_monthly_mean,sequential_markers_total_per_1k_words_monthly_mean,causal_markers_total_per_1k_words_monthly_mean,contrast_markers_total_per_1k_words_monthly_mean,emphasis_markers_total_per_1k_words_monthly_mean,summary_markers_total_per_1k_words_monthly_mean,word_finding_per_1k_words_monthly_mean,word_interplay_per_1k_words_monthly_mean,word_realm_per_1k_words_monthly_mean,word_insight_per_1k_words_monthly_mean,word_notably_per_1k_words_monthly_mean,word_particularly_per_1k_words_monthly_mean,word_meticulously_per_1k_words_monthly_mean,word_while_per_1k_words_monthly_mean,word_within_per_1k_words_monthly_mean,word_across_per_1k_words_monthly_mean,word_additionally_per_1k_words_monthly_mean,verb_delve_per_1k_words_monthly_mean,verb_underscore_per_1k_words_monthly_mean,verb_showcase_per_1k_words_monthly_mean,verb_enhance_per_1k_words_monthly_mean,verb_exhibit_per_1k_words_monthly_mean,verb_garner_per_1k_words_monthly_mean,verb_align_per_1k_words_monthly_mean,verb_foster_per_1k_words_monthly_mean,adjective_crucial_per_1k_words_monthly_mean,adjective_pivotal_per_1k_words_monthly_mean,adjective_comprehensive_per_1k_words_monthly_mean,adjective_intricate_per_1k_words_monthly_mean,adjective_potential_per_1k_words_monthly_mean,phrase_meticulously_delve_per_1k_words_monthly_mean,phrase_intricate_web_per_1k_words_monthly_mean,phrase_comprehensive_chapter_per_1k_words_monthly_mean,phrase_deep_dive_per_1k_words_monthly_mean,phrase_intricate_interplay_per_1k_words_monthly_mean,phrase_essential_insight_per_1k_words_monthly_mean,sequential_marker_additionally_per_1k_words_monthly_mean,sequential_marker_furthermore_per_1k_words_monthly_mean,sequential_marker_moreover_per_1k_words_monthly_mean,sequential_marker_subsequently_per_1k_words_monthly_mean,sequential_marker_further_per_1k_words_monthly_mean,causal_marker_hence_per_1k_words_monthly_mean,causal_marker_thus_per_1k_words_monthly_mean,causal_marker_consequently_per_1k_words_monthly_mean,causal_marker_accordingly_per_1k_words_monthly_mean,causal_marker_thereby_per_1k_words_monthly_mean,contrast_marker_however_per_1k_words_monthly_mean,contrast_marker_nonetheless_per_1k_words_monthly_mean,contrast_marker_nevertheless_per_1k_words_monthly_mean,contrast_marker_conversely_per_1k_words_monthly_mean,contrast_marker_alternatively_per_1k_words_monthly_mean,emphasis_marker_notably_per_1k_words_monthly_mean,emphasis_marker_crucially_per_1k_words_monthly_mean,emphasis_marker_remarkably_per_1k_words_monthly_mean,emphasis_marker_particularly_per_1k_words_monthly_mean,emphasis_marker_importantly_per_1k_words_monthly_mean,summary_marker_overall_per_1k_words_monthly_mean,summary_marker_collectively_per_1k_words_monthly_mean,summary_marker_ultimately_per_1k_words_monthly_mean,summary_marker_in_summary_per_1k_words_monthly_mean,summary_marker_taken_together_per_1k_words_monthly_mean,em_dash_per_1k_words_monthly_mean,semicolon_per_1k_words_monthly_mean,colon_per_1k_words_monthly_mean,clause_depth_monthly_mean,clause_depth_std_monthly_mean,dependency_entropy_monthly_mean,dependency_length_monthly_mean,dependency_length_std_monthly_mean,coordination_count_monthly_mean,coordination_per_sentence_std_monthly_mean,sentence_depth_std_monthly_mean,list_of_three_per_1k_words_monthly_mean,avg_words_per_sentence_monthly_mean,avg_syllables_per_word_monthly_mean,flesch_reading_ease_monthly_mean,flesch_kincaid_grade_monthly_mean,dale_chall_monthly_mean,smog_index_monthly_mean,automated_readability_index_monthly_mean,gunning_fog_monthly_mean,hedge_ratio_monthly_mean,certainty_ratio_monthly_mean,year,month
2019-06-01,5,4.050920830581848,0.8474576271186441,1.6393442622950822,0.0,0.8196721311475411,0.0,3.388837815557656,0.8196721311475411,0.0,0.6060606060606061,0.0,0.0,0.0,0.0,0.0,0.0,2.579059358720376,0.0,0.8658008658008658,0.0,0.0,0.0,0.0,0.0,0.0,0.0,0.0,0.8474576271186441,0.0,0.0,0.0,0.0,1.6393442622950822,0.0,0.0,0.0,0.0,0.0,0.0,0.0,0.8196721311475411,0.0,0.0,0.0,0.0,0.0,0.0,0.0,0.0,2.7827772094970498,0.0,0.6060606060606061,0.0,0.0,0.0,0.0,0.0,0.0,0.8196721311475411,0.0,0.0,0.0,0.0,0.0,0.0,1.0695187165775402,1.7316017316017316,10.6,1.8441061608268368,2.865878106554021,3.565169046655197,0.926036083320011,8.2,0.6336276812280154,1.8441061608268368,4.824012810054684,17.69639804639805,1.9719894865130758,37.12835406326333,11.444509692382635,13.36885925180188,13.030613128654007,12.563257637280342,14.179652617652323,0.0033803882511856953,0.0031290975558173964,2019,6
2019-07-01,24,3.750571940106329,0.0,1.7646987097793405,0.0,0.9159062404929843,0.3589993502274204,1.550849394606831,0.0,0.48606652953131985,0.813830977530372,0.0,0.0,0.1278118609406953,0.0,0.0,0.0,0.8813323989884867,0.5626625730400789,1.0871563518289182,0.2777777777777778,0.0,0.0,0.0,0.0,0.0,0.0,0.0,0.0,0.08608815426997246,0.0,0.143184421534937,0.0,1.535426133974431,0.0,0.0,0.0,0.0,0.0,0.0,0.2777777777777778,0.11022927689594357,0.0,0.19841269841269846,0.32948648740656444,0.0,0.2777777777777778,0.0,0.0,0.08122157244964262,1.2712073364412826,0.0,0.0,0.2796420581655481,0.0,0.0,0.0,0.0,0.0,0.0,0.28952564902817524,0.0,0.19654088050314464,0.0,0.0,0.46220333674580805,4.258807341860236,5.359677632121836,12.708333333333334,2.4956118600271124,2.785763132078483,3.510079907465826,0.8110120061309082,11.708333333333334,0.9089320287924112,2.4956118600271124,5.393016052809659,24.13172106280659,1.9958678415165636,20.016846350696763,15.584522413590657,13.436010492401282,16.579129885270778,17.413419012273064,19.01103522672768,0.008036831916973236,0.0019014800951361634,2019,7
2019-08-01,21,3.114034886940149,0.20977554017201597,1.016025066657978,0.0,0.7359697304228665,1.2979934116840095,1.70427394627504,0.1506931886678722,1.150815177429951,0.9781887903271337,0.0,0.0,0.5350454788657035,0.1506931886678722,0.0,0.0,1.166400140917021,0.13301409949454643,0.1506931886678722,0.0,0.0,0.0,0.0,0.20977554017201597,0.0,0.0,0.0,0.0,0.0,0.0,0.143000143000143,0.0,0.873024923657835,0.0,0.0,0.0,0.0,0.0,0.0,0.0,0.0,0.20092425155716295,0.0,0.5350454788657035,0.0,0.227842333105491,0.1364442625187611,0.0,0.9337068160597572,1.70427394627504,0.0,0.0,0.0,0.0,0.1506931886678722,0.0,0.0,0.0,0.0,1.01437091491119,0.0,0.0,0.0,0.1364442625187611,0.0,3.8564495874150837,1.37510364837031,11.619047619047619,2.334740761769587,2.8050248990735134,3.730110725542227,0.9331259011666811,10.904761904761905,1.036123375532089,2.334740761769587,4.820436489065512,24.09581787260359,1.9920882073861568,22.082396576408986,15.48210533755423,13.56858952151329,16.48632820540384,17.828037043018202,18.71788808704369,0.004218908242614661,0.0027527634163714352,2019,8
2019-09-01,19,4.101400758892095,0.13529968881071572,0.7684792878036263,0.0,0.877358141424736,0.24381840828982584,0.6096829901722851,0.735295470525289,0.9815291012183645,1.2950012189438571,0.0,0.0,0.1561767921286897,0.0,0.735295470525289,0.0,0.6532755853906298,0.9872016886572575,0.27445000324637153,0.0,0.0,0.0,0.0,0.13529968881071572,0.0,0.0,0.0,0.0,0.10851871947911015,0.0,0.0,0.0,0.6599605683245161,0.0,0.0,0.0,0.0,0.0,0.0,0.0,0.45058197167461495,0.27059937762143144,0.0,0.1561767921286897,0.0,0.24381840828982584,0.0,0.0,0.0,0.6096829901722851,0.0,0.0,0.0,0.0,0.0,0.0,0.0,0.735295470525289,0.0,0.8253523090896748,0.0,0.1561767921286897,0.0,0.0,0.7685092967862572,2.0629520112314395,3.092763154516863,11.894736842105264,2.1766393468274394,2.8396630762409067,3.525265255206977,0.8222359246319118,12.421052631578947,0.9931328989187066,2.1766393468274394,5.044659656871133,22.64799042808196,1.990931990794864,21.56190326711378,15.497077708511496,13.42795007660029,16.53344166703501,17.393077251801778,18.980465122678794,0.005844361055450766,0.0015270152236360874,2019,9
2019-10-01,37,5.377224805517756,1.066389253715645,2.3351802627290965,0.0,1.4048188608367929,0.3358632823459598,1.4511261341219162,0.4524518215217935,0.5335048910130947,1.0581133365757958,0.0,0.0,0.108542277216976,0.0,0.4524518215217935,0.0,1.0273531287647608,1.3027045774947448,1.2274543913684375,0.20060527257524752,0.0,0.12119743061447097,0.0,0.6545786292621736,0.0,0.2906131938390003,0.0,0.0,0.11452130096197893,0.0,0.7062970286168935,0.12119743061447097,1.3931645025357533,0.0,0.0,0.0,0.0,0.0,0.0,0.20060527257524752,0.1485001485001485,0.24659896637137035,0.108542277216976,0.7005721961730504,0.2146658517314888,0.12119743061447097,0.0,0.0,0.0,1.302583977093196,0.0,0.11031439602868175,0.038227761000038225,0.0,0.0,0.0,0.0,0.4524518215217935,0.0,0.5335048910130947,0.0,0.0,0.0,0.0,0.14224751066856328,2.562687919145924,2.6580412560335582,12.27027027027027,2.499550729647942,2.8035744456585188,3.5173625031311286,0.8111500662577082,11.243243243243244,0.9102015278101179,2.499550729647942,4.998049084917554,24.224853657206598,2.0095219584292794,19.82538934745477,15.539456823610433,13.430375289024896,16.63424935872035,17.169051616996875,19.09482393872452,0.005554846590191275,0.001993753572774433,2019,10
2019-11-01,37,4.162061355171173,0.16154968985157664,2.5134186547219772,0.0,0.9615069258676577,0.37313004614311385,0.8319637141592119,0.49476957224798845,0.8038178124718303,0.4564969444286162,0.0,0.0,0.0,0.0,0.4118645813675375,0.0,0.6148004670622639,1.2965541148077797,1.382345247504975,0.0,0.0,0.0,0.0,0.0,0.036424564726451523,0.0,0.0,0.12512512512512514,0.33183393555047563,0.0,0.28479105446194275,0.0,1.896793664709559,0.0,0.0,0.0,0.0,0.0,0.0,0.0,0.3590214422700454,0.0,0.10047221943132724,0.5020132641662851,0.23408261420183554,0.05351886540005352,0.08552856654122477,0.0,0.0,0.8319637141592119,0.0,0.0,0.0,0.0,0.0,0.0,0.0,0.4118645813675375,0.082904990880451,0.6902588753834813,0.0,0.0,0.0,0.11355893708834885,0.0,2.9350977151528563,4.6959675267780385,11.432432432432432,2.12470787363026,2.7952136181321987,3.435129628152397,0.7267168196089481,11.621621621621621,0.8898801773638123,2.12470787363026,3.732773993233556,22.419941442309863,2.022419957965088,19.538972857277418,15.259045068074949,13.47677041463434,16.22222250793794,16.84661431325433,18.54044261353531,0.004309793190750934,0.0009280573286962305,2019,11
2019-12-01,27,4.95152962267464,0.15304560759106214,1.4885429008621267,0.0,0.7772036974316175,0.3473294226613152,1.1814588196492963,0.7120775859319305,0.4868747684839639,0.576341732268771,0.0,0.0,0.24012209546800745,0.0,0.7120775859319305,0.0,0.5125414961480536,1.5772704033354696,1.1227385990846979,0.21043771043771042,0.0,0.0,0.0,0.15304560759106214,0.0,0.0,0.0,0.0,0.1889644746787604,0.0,0.19966057701906761,0.0,1.099917849164299,0.0,0.0,0.0,0.0,0.0,0.0,0.21043771043771042,0.13717421124828533,0.0,0.07305135510263716,0.35654042064298475,0.0,0.3473294226613152,0.0,0.0,0.0,1.1814588196492963,0.0,0.0,0.0,0.0,0.0,0.0,0.0,0.7120775859319305,0.0,0.32654127481713685,0.160333493666827,0.0,0.0,0.0,0.5100703441578253,3.232074413867456,1.4671924027308634,11.703703703703704,2.2312774137627107,2.803755749579253,3.415620992683008,0.6870213488752058,12.148148148148149,0.9844941463851687,2.2312774137627107,5.1129435855712995,23.95187630503248,1.9459785109399172,24.06840936134965,14.9682361307106,13.165855918178366,16.026010649403784,16.91927856790376,18.062882545271282,0.0034591227252600693,0.00195551348890343,2019,12
2020-01-01,44,3.3133098877701572,0.29225944593328185,1.3351908538148118,0.0,0.5900076037798464,0.21896842660711,1.233046744107778,0.2271139063591894,0.2534312545020451,0.5899419714227757,0.0,0.0,0.08294625082946251,0.0,0.08417508417508418,0.0,0.6528007399957094,1.059174590616202,0.7591503790931978,0.08512087163772557,0.0,0.0,0.0,0.0,0.20991425489243865,0.08234519104084322,0.0,0.0,0.0,0.0,0.21438059147556354,0.0,1.1208102623392484,0.0,0.0,0.0,0.0,0.0,0.0,0.08512087163772557,0.103777501037775,0.08741258741258741,0.0,0.3136966436917585,0.0,0.21896842660711,0.0,0.0,0.0,1.129269243070003,0.103777501037775,0.0,0.0,0.0,0.0,0.0,0.0,0.08417508417508418,0.14293882218410522,0.2534312545020451,0.0,0.0,0.0,0.0,0.0,3.0711512202186877,0.8070392409239605,11.272727272727273,2.1043458848280476,2.7955768490321784,3.4252122707817096,0.7469762186333234,10.477272727272727,0.8628633816194131,2.1043458848280476,4.163443352487426,21.471152033035615,2.0283019400487903,23.268540578640952,14.645107550274908,13.38580395197569,15.795298743040236,15.951216458531304,17.98755480313676,0.005229432392851916,0.0014621098292865687,2020,1
2020-02-01,245,3.1084851448248583,0.293319231365157,1.638114768224759,0.0,0.8312440850034934,0.42359861744178007,1.074582807382933,0.21786965746616538,0.5107835422410016,0.7667942307430168,0.029956434472353275,0.0,0.07622199712271888,0.07504673760831396,0.09538500811085074,0.0,0.8278915827807256,0.6374372088299781,0.5194637284812255,0.08028821667567546,0.0,0.029890681362434668,0.014074595355383532,0.1478513916900118,0.0531484301018634,0.0,0.04835413285546356,0.0,0.28335630413706847,0.0,0.07868420885929249,0.0,1.276074255228398,0.0,0.0,0.0,0.0,0.0,0.0,0.08028821667567546,0.20751653283146335,0.1811458698039771,0.0676431772286313,0.2946502884637462,0.05742128992592736,0.3001284197691457,0.019162594615310915,0.01592809863486555,0.030958214496530488,1.0585764048219086,0.0,0.01600640256102441,0.0,0.0,0.07504673760831396,0.0,0.0,0.09538500811085074,0.04743791174700068,0.41228544409212964,0.0,0.01563843928375948,0.060309202218365464,0.022550456646747097,0.09222939923936757,1.9653347666127803,2.2725963650459273,11.040816326530612,2.111930057492321,2.7806991069547666,3.3958198302122975,0.7269269232930197,9.473469387755102,0.8726479464936278,2.111930057492321,4.840934533865711,21.78884703913288,1.9492541497641676,30.74910746557338,13.738194081651445,12.844927647564012,15.122301780580695,15.254863854529544,16.604757129175745,0.005511763571089749,0.00393304139386885,2020,2
2020-03-01,622,3.5563009866440423,0.3038990940095061,0.9613887975526931,0.0,0.8518100465339647,0.3848868371204758,1.2437562387641763,0.4488954624690248,0.4593603978198321,0.8389852853136703,0.011402248523408815,0.0,0.15247342079807147,0.07446261233283996,0.21180223382604207,0.0,0.9050512616696242,0.6459146753999363,0.6484972126130122,0.06771203616743743,0.0,0.022904429841590263,0.006304772712943698,0.06564782918044346,0.1801588588430207,0.0,0.028883203431507954,0.0,0.1533526467938916,0.0,0.1271908924274227,0.0,0.6808452583313787,0.0,0.0,0.0,0.0,0.0,0.0,0.06771203616743743,0.13940999888399974,0.2248942593305068,0.059399997821446414,0.36039375433057436,0.05758693580188399,0.17641352540508215,0.031830824650786904,0.050162601444780804,0.06889294981794189,1.1862528480313117,0.007051390534213346,0.018713677165377265,0.02674541296556988,0.00499291006770386,0.07446261233283996,0.007703012952262804,0.050604650398444126,0.21180223382604207,0.10432295295943579,0.3706403487398165,0.05307085633937672,0.011918681532829444,0.0058890734131891685,0.017841437794620347,0.0881402068496227,1.888604418159412,2.277678063567329,11.342443729903536,2.1598250550954607,2.788438658829817,3.44618333109243,0.7692403664678157,10.45016077170418,0.9271318077211074,2.1598250550954607,4.86466096491767,22.188646954376715,1.9610337674198322,29.208264683519705,14.161520708581158,12.917401156266145,15.449327539594384,16.019217195288572,17.104800591054524,0.0052375616484790005,0.0028766095920341695,2020,3
2020-04-01,1183,3.81218923687159,0.3195286705872509,1.115227602970099,0.0,0.8098322464938266,0.5634476681142149,1.1197064169984723,0.43373445196043986,0.4921156922502075,0.8576488997245488,0.014027848735411503,0.0,0.13986037422153205,0.05711951894156739,0.2247565845802776,0.0,0.784639976937514,0.7614199808456107,0.8981353215970229,0.07458073128810498,0.0017871216440089428,0.04839696570644986,0.00464455240448478,0.1122600812787235,0.0977621747498119,0.006355703290347593,0.030757770721039357,0.017564300792384926,0.17641388999303673,0.006992125725069999,0.16147192912576433,0.0,0.7703496581262278,0.0,0.0,0.0,0.0,0.0,0.0,0.07458073128810498,0.15578159785375825,0.1814529330725372,0.04600229897083508,0.35201468530859104,0.11128472149321396,0.3411502836835551,0.04179631728516057,0.029188102250043653,0.04002824340224154,1.0218042639858018,0.00447476319072919,0.057998862602575814,0.013497285270535396,0.021931241948830105,0.05711951894156739,0.003559038392129829,0.029343657417002476,0.2247565845802776,0.11895565262946257,0.4072342601274072,0.03512790410283645,0.02191940798894673,0.01677501632211761,0.01105910370889959,0.1599890430487709,2.0053247261258704,2.1053862667988485,11.832628909551987,2.28435652383565,2.789751402442666,3.459892937877539,0.7592752591378786,9.814877430262046,0.9053887089532183,2.28435652383565,4.606953881396048,23.431595994651136,1.9382151451127845,27.704124957409782,14.723739753556705,12.799602902977668,15.95956985758399,16.523081743592336,17.892526043707864,0.005034622287450457,0.002516311136397133,2020,4
2020-05-01,1549,3.8406677754807146,0.2973047591728166,1.0705538549327296,0.0,0.795363591936293,0.43305655245120683,1.1810912961478437,0.3236714510268904,0.56196323808554,0.7770878023357858,0.020117962570557667,0.0,0.17173308493839173,0.05262453776134359,0.2063649882336127,0.0,0.8876036178483775,0.6829534758717768,0.8932633863027334,0.14891891961813575,0.0,0.042340256356631426,0.003842724953118755,0.09799829286139405,0.11034419479895279,0.003293764245530362,0.03233772850091775,0.007147797456271489,0.1928324803262698,0.007978529717778456,0.12589353677443177,0.0,0.7438493081142497,0.0,0.0,0.0,0.0,0.0,0.0,0.14891891961813575,0.16136622452522964,0.11740091341599897,0.061165930732801486,0.3065116036441273,0.0816330293613148,0.24655038889919878,0.03698915804678338,0.015468787272476919,0.05241518887143299,1.0979293369488583,0.020294836431416368,0.033803548950672904,0.018430524339596976,0.01063304947729902,0.05262453776134359,0.002482991508169042,0.0077646850939868265,0.2063649882336127,0.054434248429778204,0.5016902926896436,0.016309156716914595,0.01589696399222939,0.01599632765235891,0.012070497034393538,0.10362619108928829,2.4901415214286367,2.4562138170410948,11.60296965784377,2.2230010000334226,2.794228433418189,3.434073170700714,0.7684683612075855,10.089089735313106,0.8980585959342728,2.2230010000334226,5.076840989383966,22.54663401099328,1.9607391347847365,27.55282612370157,14.501061984401849,12.924876401352114,15.770029865686247,16.368892074810223,17.662474524381725,0.005390089757923745,0.0022520450105390976,2020,5
2020-06-01,1089,3.782249294834435,0.2412669856466885,1.1419489345083222,0.0,0.6832826413732852,0.5010838730022363,1.0318038333416901,0.3513079190985917,0.5869778034553756,0.7995443998100281,0.013665217039002692,0.0,0.1792008740653435,0.03230728773617687,0.2259779453037609,0.004352007798797975,0.9502540045442507,0.6901673566244612,0.821754485437552,0.06502571647506108,0.0,0.008310763287600647,0.0,0.07859934265181498,0.13121312529598475,0.0,0.016641984043905877,0.0065017703673822605,0.1706831680174938,0.016974079938637497,0.08661342445119073,0.0,0.8676782621010003,0.0,0.0,0.0,0.0,0.0,0.0,0.06502571647506108,0.15810086959038536,0.14736054306716584,0.025738499287949582,0.2870570129527233,0.06581259561081661,0.3136966285125986,0.036498882443100976,0.058966466923497975,0.026109299512222166,0.9523920367226804,0.02562502716185218,0.02019465136206214,0.03359211809509545,0.0,0.03230728773617687,0.006841209187250244,0.02359306149644297,0.2259779453037609,0.06258841537496077,0.48200980149173694,0.0304508433582702,0.03712095986114797,0.028627368905748813,0.008768829838471824,0.08876980564587673,3.1561428264027716,2.649041846799005,11.672176308539944,2.249051009973184,2.8010856107496007,3.4596946934178967,0.7814394573394194,10.414141414141413,0.9204841718880401,2.249051009973184,5.042819267982669,22.442712409294106,1.9624112111234906,27.91539946553273,14.411512350667891,12.973210299664691,15.66332226351475,16.367047381992027,17.548286754226087,0.005360921711212091,0.00228140286747349,2020,6
2020-07-01,932,3.713445161162412,0.2826956039041714,0.9608444771392217,0.003778033004896331,0.8142843544183487,0.5296285642912825,1.1232654082495277,0.4260013053635726,0.5989100083427276,0.7392199934023911,0.007104631645908491,0.0,0.15193857794151855,0.046420858301660144,0.23206168332170343,0.0036371571979340947,0.8908469872424607,0.7414032057538197,0.7570642827204495,0.14374778363456633,0.0,0.027056044611621293,0.0,0.06559534119846352,0.16250583099245264,0.0,0.015264711152577633,0.012273675949056363,0.13294775806361672,0.021261939488818278,0.0946191969105411,0.009666318679194217,0.7023492639970514,0.0,0.0,0.0,0.003778033004896331,0.0,0.0,0.14374778363456633,0.18003201705830363,0.14916707177669355,0.0520081122980181,0.2893293696507671,0.09992290592742029,0.3112734492079238,0.03572168413518146,0.023307352271166863,0.059403172749590026,1.0143377072898414,0.03707482493410035,0.020888199006422276,0.05096467701916373,0.0,0.046420858301660144,0.012971725401547314,0.025982381859901645,0.23206168332170343,0.10856465647876004,0.5259374321242574,0.007735302924443558,0.024608132898239654,0.024372060161970265,0.01625708023381675,0.16092109960052103,2.585095266507629,2.5170090685024045,11.6362660944206,2.2323216429672783,2.7935780583282344,3.4838403793290564,0.7953952776076496,10.303648068669528,0.9266258311031016,2.2323216429672783,5.186457384568144,22.4494601648777,1.9756900410644624,26.65489123817365,14.54363751599416,13.140592433384434,15.78100769760269,16.548371644386805,17.717113863503556,0.005106828631117126,0.0021128027976601246,2020,7
2020-08-01,761,4.076050812797667,0.3548111083906034,1.0016444827033115,0.004145301093944958,0.7078898336487656,0.41414496010065416,1.0738535869041481,0.4932058388768068,0.6011829209355701,0.8445602535901783,0.040623805541048844,0.0,0.1943148882879312,0.05499999853229701,0.3197127162160525,0.0,1.0470340313956978,0.7104580779156344,0.7333008712682202,0.13104617005060681,0.0,0.04705174551142709,0.008477809334068076,0.14385504993541462,0.12970869762400644,0.0,0.015295616038633868,0.010422189947053354,0.192746533853209,0.02063373361688378,0.14685913717767152,0.004145301093944958,0.6372597769616023,0.0,0.0,0.0,0.0,0.004145301093944958,0.0,0.13104617005060681,0.17721871491153016,0.09721668848883915,0.07283376020631806,0.22957449999147134,0.07059231544095736,0.2681611474033375,0.025301341668961322,0.017363692978485546,0.032726462608912384,1.0159715162137717,0.01923385811044159,0.010438636012727119,0.017190057064268474,0.011019519502939154,0.05499999853229701,0.004184905881466726,0.009714732591984946,0.3197127162160525,0.10459348565500565,0.5015963853215145,0.022404013625375314,0.03387930745854538,0.016650507979520255,0.026652706550614646,0.17796684853638312,2.713393280762468,2.615162979688955,11.917214191852825,2.2922408774266017,2.7968402000766055,3.478456639867045,0.7800409982186226,11.040735873850197,0.9236873163402398,2.2922408774266017,5.15475851425718,22.74802449619306,1.9757345147155654,25.73216259946498,14.789675465207567,13.196963819777793,16.035298175981822,16.86958355688415,18.078513136313862,0.004572253455972872,0.002088456500281888,2020,8
2020-09-01,842,4.036717229016372,0.3700597904198687,1.046766539949869,0.0,0.7620257205186332,0.5210280213634088,0.9699431403847898,0.5113061561251645,0.567504080876952,0.7250238211928628,0.01943926461542375,0.0,0.21682493486856774,0.05503892814035196,0.34204229321454926,0.0,0.8072104147875279,0.935121140093309,0.8095884230405053,0.12642800906327414,0.0,0.045548928090969276,0.0,0.14410802875694595,0.16523225339468606,0.0,0.0,0.015170580177267393,0.11771808963270472,0.019870604183549984,0.11302296273163089,0.004039620598833357,0.7921152628031499,0.0,0.0,0.0,0.0,0.0,0.0,0.12642800906327414,0.19667990265148283,0.10955141662997375,0.04679354085986189,0.28257285131404053,0.08548110394282145,0.32560774408922133,0.03637198453374009,0.02985805963170723,0.04370912916591861,0.8835052058821846,0.021917396786893417,0.03559602233863298,0.015636698067984123,0.013287817309094618,0.05503892814035196,0.031229116131981136,0.023046058347259646,0.34204229321454926,0.059949760291022496,0.5302844320101643,0.005628665668516622,0.007504716117208473,0.013966694381196685,0.010119572699866054,0.11962188769042317,2.9290840161511875,3.9209485659638,11.63895486935867,2.257492052957665,2.7986615266842954,3.5046338788322857,0.7908195283066662,10.610451306413301,0.9317801917983326,2.257492052957665,5.164928311303402,22.527658916178765,1.9762726994421,26.157712745010837,14.624302937791997,13.153180252507138,15.85302728523243,16.607129755273963,17.864238620927093,0.004838600940124607,0.0019398718782342428,2020,9
2020-10-01,667,4.099184829512951,0.42950819231325216,1.059438967486942,0.0,0.7148774515194538,0.3929688387528339,1.0336607499256383,0.41591376686125875,0.7369503746524082,0.9465680849708057,0.023858689689360904,0.003544327127216533,0.15194639993694184,0.031089433406280478,0.2797224171903755,0.0,0.8997293349789072,0.6993904212696471,0.9475853347094163,0.11575038623399855,0.0,0.047029453930422786,0.009928810429222475,0.1770928264748248,0.189210224917063,0.0,0.006246876561719141,0.0,0.1866718157425768,0.004699844435149196,0.10077188812828468,0.0,0.7672954191809314,0.0,0.0,0.0,0.0,0.0,0.0,0.11575038623399855,0.15972616906204223,0.1048003893690258,0.03986395903070193,0.2947365478236853,0.05862555595835378,0.2635097074189823,0.017174127962148754,0.021665687830222637,0.03199375958312642,0.9811996117934413,0.0016190608799272071,0.02344267332257855,0.021741855345492778,0.005657548584198467,0.031089433406280478,0.0,0.02570074944407648,0.2797224171903755,0.07940116682052631,0.6295537850914176,0.02049776868795697,0.03580077008234802,0.029509967948676986,0.021588082842008725,0.1100531347089942,2.9390699293906253,2.7600040612030217,11.689655172413794,2.2277006888620643,2.804931782950823,3.5048249784232017,0.7999306684052457,11.124437781109446,0.9605924459406018,2.2277006888620643,5.448503492053801,22.506078701796522,1.9855844533952163,25.67991233237012,14.62503048426182,13.189361715892346,15.84288414435554,16.695936516768455,17.860217770988633,0.0051729032064564695,0.002072230807975147,2020,10
2020-11-01,739,4.516267099966357,0.4341784949710332,0.8378230230601298,0.0,0.8039014840588037,0.4847718222463567,1.0961261606463037,0.4978832809532459,0.6385352838642161,0.8461101112192373,0.03798953606010546,0.0,0.22825458571065102,0.04915608499817167,0.32270904374301057,0.0,0.9865897108662983,1.0276570962678495,0.8475438689268953,0.17025706217413794,0.0,0.06831915370632484,0.0,0.16065246766661534,0.14102649259332362,0.0,0.03267891446375836,0.03150146654101101,0.1189432857093372,0.009279969160830707,0.10473094625954457,0.0043371152978730785,0.6005317066325442,0.0,0.0,0.0,0.0,0.0,0.0,0.17025706217413794,0.19402969611921114,0.09363556027215422,0.057221006839802975,0.2887581586534974,0.1141712101006696,0.25305926235639176,0.049713598088972764,0.03094563141614983,0.03688212028417269,1.0043199206759938,0.005224633100140543,0.0446480206334575,0.031872664701852814,0.010060921534858977,0.04915608499817167,0.008381529700130464,0.044315862958615324,0.32270904374301057,0.07332075955331785,0.577878841495488,0.011810100868224668,0.024546751103882013,0.011003089667578654,0.013296500729042754,0.08234440973229464,2.9425616227023332,2.753378130887263,11.765899864682003,2.2467662482874853,2.8045556714093824,3.5073639415555653,0.790576465656877,10.929634641407308,0.9605254977591438,2.2467662482874853,5.471354017505797,22.904641291911606,1.9811874591607905,25.278308868259774,14.855828422039343,13.253123709882832,16.07193959439637,16.962975255952617,18.096677975243196,0.004917087086427701,0.001688457615802873,2020,11
2020-12-01,597,4.191988691039074,0.4022819356616099,1.2609719125417653,0.0,0.8967698361645363,0.4475575116258562,1.1114927954863016,0.4840124436682334,0.7217943725484434,0.7871686501600104,0.02723291121027945,0.0,0.2096424339563784,0.10642420204692041,0.27309734685991,0.006368980517288598,0.7700751445321262,0.9294773897907355,0.9589961950055965,0.12350543695982927,0.0,0.02313574267511901,0.0,0.191336871343247,0.16895670913494135,0.011317850513830413,0.005060549474461938,0.0024742125200101937,0.17400024064961675,0.03235586501303162,0.17271001827419843,0.0,0.8819057886049184,0.0,0.0,0.0,0.0,0.0,0.0,0.12350543695982927,0.159826703440571,0.1886396828509442,0.06697752979785068,0.3578204831153411,0.037462899654431454,0.31770812051137554,0.018246077609111885,0.03140672016230466,0.04273369368863268,1.0082458288270488,0.01885463089253647,0.06973887742422441,0.0,0.014653458342491746,0.10642420204692041,0.010090613711125912,0.02261333971133599,0.27309734685991,0.07178694133894119,0.5887321579489332,0.04270572584837607,0.04483055060994217,0.016832899970323598,0.028693038170868337,0.12761998602568347,2.588109450688344,2.800159477520071,12.00502512562814,2.297756852865716,2.8052312604721585,3.4931548158445,0.7927097046106357,11.030150753768844,0.9163414121169641,2.297756852865716,4.98875213361865,22.886707326680593,1.984405850104894,25.12886840537354,14.810437635087634,13.213986999442422,16.00688407713338,16.905302501673017,18.04814724367758,0.004856802943428655,0.00204255466319517,2020,12
2021-01-01,655,3.826353848056485,0.39055219311595646,1.0933802495983347,0.0,0.7737311664938094,0.4840034167693962,1.084624116522223,0.47277047346756584,0.5501715890940121,0.5900958240356977,0.02804518213258196,0.0,0.12749613145654262,0.07428864700747767,0.3009996914263211,0.0,0.9729372112451204,0.660351925257875,0.9689867576475537,0.1031524778473152,0.0,0.03867850614741887,0.0,0.13522819795763266,0.19672732640056242,0.0,0.019918162610342457,0.0,0.16503670315554855,0.015234753481412766,0.11823810534755734,0.0,0.794870687613816,0.0,0.0,0.0,0.0,0.0,0.0,0.1031524778473152,0.17802140132392721,0.18499922258224,0.05098104666865074,0.25657701807167616,0.03817021905441185,0.33595875730080144,0.030897046071929408,0.049560868656229724,0.029416525686023764,0.9510240168229255,0.00882495697833473,0.07780189244036274,0.042696730512387454,0.004276519768212628,0.07428864700747767,0.003723701359150996,0.020567919445478682,0.3009996914263211,0.07319051422913742,0.4765337993842541,0.022046037896733053,0.03020076203491319,0.021390989778111717,0.0,0.12797666052287712,2.5489905273915245,2.9851460878056173,11.761832061068702,2.259094354036972,2.79617859483501,3.498523937352553,0.7844160320819346,10.899236641221375,0.933969059551044,2.259094354036972,5.432989758176541,23.059674285071285,1.977005908024746,25.45995301841802,14.806344832261347,13.170517494397982,16.028378722404558,16.9252612901739,18.08947988948506,0.005195308137421061,0.0016401848071856194,2021,1
2021-02-01,637,4.585083985393863,0.3879787010153331,1.0537886337414861,0.0,0.8056814036241663,0.518329860619775,1.1989136625629002,0.3639814144540693,0.6808402204624372,0.9508977082673459,0.041339581879072766,0.00594643451786309,0.13325632931279624,0.06336488860120716,0.22254131043553108,0.0,1.0842686553692873,1.0220597696264624,0.9167658832054983,0.14464342417879936,0.0,0.06949222584685905,0.0,0.13392848463164983,0.16763255335714006,0.0,0.0037827920788333874,0.01314264510085083,0.10181415250791719,0.04478225954704955,0.0871008274880419,0.0,0.8200913941984774,0.0,0.0,0.0,0.0,0.0,0.0,0.14464342417879936,0.19675537814563726,0.1367811022230625,0.08580079731288058,0.2417007017637866,0.0731188227211827,0.28504476451009436,0.04977208231690078,0.03578527911337959,0.07460891195821759,1.125665304288061,0.0074755176795993136,0.042402791184301986,0.02337004941093781,0.0,0.06336488860120716,0.008092055220184823,0.01026084267262512,0.22254131043553108,0.059722317524521104,0.584223914341702,0.027164340986093015,0.030301572690461947,0.013612914798185497,0.02553747764599482,0.14956673436386342,4.488319687060941,3.368821061320038,11.828885400313972,2.2675649069759607,2.804250739684533,3.540436968040542,0.8134678339800974,11.065934065934066,0.9461031452373886,2.2675649069759607,5.221948699807088,22.89968677098478,1.996979916658965,25.603473990444368,14.58814383516662,13.211473243212732,15.822972354815002,16.74282084601723,17.78752331766737,0.004921508433078383,0.0020757197962069066,2021,2
2021-03-01,890,4.446567534964512,0.4216956382177308,1.0490822974458502,0.0,0.8746491804640838,0.42233602541932425,1.0811340759889605,0.49186237440113284,0.7222921406503583,0.8159819908068137,0.013297900876387327,0.0,0.21015284302546716,0.05383680094252559,0.3513590916659522,0.004272226257102576,0.997663371814455,0.9715272147285136,0.9149867898948179,0.11348930495247703,0.0,0.054892105140665864,0.0,0.11300783405202981,0.19261923701283976,0.0,0.03561356734183004,0.02556289467036534,0.12013103863477377,0.04637081061728055,0.1134930137031064,0.002903347559736376,0.7661840869309532,0.0,0.0,0.0,0.0,0.0,0.0,0.11348930495247703,0.1595396613193461,0.14085487023454674,0.03909655681326913,0.4216687871444448,0.07368034168086844,0.2758573319321684,0.01298960851240205,0.022626579614942,0.03718216367894338,1.0278617494002307,0.014918276173514305,0.02421868078014151,0.014135369635073952,0.0,0.05383680094252559,0.0,0.03510546532031562,0.3513590916659522,0.051561016472339426,0.604569130508748,0.01277669421363044,0.04790565721592028,0.019589794351424616,0.03745086436063488,0.12160988033408922,2.8105702808847246,2.3233057855498958,11.69438202247191,2.231795118637581,2.8054485002379765,3.507697312150855,0.7886027792653709,10.938202247191011,0.9327092702347612,2.231795118637581,4.96503746780664,22.68511168873948,1.9927632399379154,25.345524497225753,14.654687552001757,13.248295536315524,15.870607334988565,16.692709001199514,17.845461048933128,0.004553309328348581,0.0017600580101005158,2021,3
2021-04-01,641,4.358431109547392,0.31672234400954563,0.9756761506147936,0.0,0.8672642949334631,0.5034449481097286,1.0343661884179653,0.5062930348696111,0.7906916561682206,0.8532962702101498,0.024292117993530454,0.004670845516455389,0.20166381037640702,0.061375140506555334,0.31999975464086644,0.0,0.894289808639166,0.8386773224139222,1.0201268990950076,0.140039140155332,0.0,0.05726689008009921,0.008298204268596275,0.10386271147110154,0.135969537501537,0.007027308119351801,0.004297692568859779,0.0,0.20116792762479901,0.005954436650748472,0.07961623794430395,0.0,0.6889375483949421,0.0,0.0,0.0,0.0,0.0,0.0,0.140039140155332,0.1660236342145517,0.14758384862984716,0.04656967971837782,0.3670479922153545,0.08390524242999438,0.276693914432041,0.029367405651139388,0.05536148617414127,0.05811689942241256,0.9545390919910716,0.014104867506170411,0.032870191127263394,0.02446460552197546,0.008387432271484408,0.061375140506555334,0.012836998463253325,0.037197159033735085,0.31999975464086644,0.07488398222520094,0.6370010322750653,0.034005073729852564,0.028951162746328012,0.047215064648976846,0.043519322767997824,0.08192972651846635,3.450809003471682,2.929721926691203,11.694227769110764,2.2045737181287346,2.804968428140741,3.5324539641324546,0.8110883231166743,11.249609984399376,0.9624723909061687,2.2045737181287346,5.357927891764898,22.79207635285885,1.996244502054261,25.38156261675032,14.60976522116521,13.27760015429526,15.858902819293322,16.76567493351403,17.8556981727953,0.0046213689910050105,0.0017501977726683976,2021,4
2021-05-01,611,4.045154762348024,0.3230928169710758,1.105802164956171,0.0,0.9066863528588094,0.42449593255558565,1.1123451627757839,0.5579751880233638,0.7342644359825745,0.6642974783251874,0.02389127180385375,0.0,0.1809030414503614,0.11453110732780396,0.35534220116361553,0.0,0.881439204331939,0.8576943256347255,0.8428317648353292,0.12422436747520839,0.0,0.04695788996577619,0.0,0.07132035399341922,0.1659485571555135,0.007507620234538056,0.03135839562182883,0.0,0.15520823661432448,0.010165597584654013,0.11647879929221708,0.0,0.8239495314649753,0.0,0.0,0.0,0.0,0.0,0.0,0.12422436747520839,0.17733762501889413,0.16793080774191008,0.06492195452646148,0.3722715980963353,0.05043237596531898,0.31299125834788966,0.03301624984166049,0.020582709537112522,0.007473338863604091,1.0691072148285163,0.016982267155421345,0.014207128568830694,0.01204855222301526,0.0,0.11453110732780396,0.006572936590880707,0.02749920649838367,0.35534220116361553,0.05402973644267985,0.6230645457907875,0.03803328438203511,0.04981955638175131,0.008524277141298418,0.014822772286702117,0.08629615953580287,3.460517090901454,3.072264343221752,11.990180032733225,2.2759138479984813,2.805590630601584,3.5300766292725956,0.8062046796499348,11.25531914893617,0.9547708508236473,2.2759138479984813,5.42619299061105,22.801440617318775,1.9887353973280029,26.47635832409718,14.42291746532556,13.274736909541106,15.74224566596928,16.499082466533658,17.689001212938873,0.004809661324934779,0.0017784257454291719,2021,5
2021-06-01,567,4.060094615875514,0.3069289530503551,1.0986988450317359,0.0,0.9098395120946412,0.46761804629821346,1.0523188047029866,0.4058145599480704,0.6556916305220756,0.718285085455828,0.02887551000568677,0.0,0.2103553326416822,0.068290194483004,0.2782070098659117,0.0,0.8569026339247504,0.9336880007769951,0.881738131437814,0.08375271728384198,0.0,0.025250773990079533,0.0,0.1410420541529514,0.12070773824590968,0.0,0.01992838666141448,0.0,0.17105070417606605,0.015714826887132157,0.17902605504543836,0.0,0.7329072589230993,0.0,0.0,0.0,0.0,0.0,0.0,0.08375271728384198,0.2033233888300192,0.2578615487748554,0.07113956349921005,0.29376229370671453,0.043621688260921505,0.2668731226500834,0.032088251335706836,0.026399638882563425,0.09863534516893838,0.9631416878545788,0.007473171314979225,0.057152659491920596,0.015989788806871446,0.008561497234636393,0.068290194483004,0.0,0.026115864461858766,0.2782070098659117,0.03320149113729596,0.5490441046332856,0.022697739872552195,0.012194080245871876,0.01866639207792678,0.053089313692439175,0.10192764582653714,3.0703076274048895,3.0946450736197866,11.689594356261022,2.211151633317905,2.8004182054110025,3.525464342791548,0.7924803919339788,10.776014109347443,0.9296166400106468,2.211151633317905,5.23186142609985,22.93741466785858,1.999551142811584,24.185571430578282,14.907062142774302,13.33296835816457,16.069737289106722,17.040269353333663,18.196074886336664,0.004829036387202779,0.0019075953643011526,2021,6
2021-07-01,690,4.3792087058201865,0.29423578364491154,0.9960328083322039,0.0,0.9242599046650105,0.4210879089134526,1.232599100248024,0.48768939571497877,0.7723495949772966,0.8242735611030972,0.012648789190750766,0.0,0.2048108613702153,0.08274005772429655,0.32239067273285577,0.0,0.957083711539842,0.8812594765296952,0.913782554224471,0.1802190214049627,0.0,0.020899636604903134,0.011343135711184244,0.10064660032778894,0.13870340462847117,0.0036877235682413246,0.014603104539101006,0.004352178265221743,0.13457095933075808,0.01486163927413138,0.1399356322698864,0.0,0.706664577457428,0.0,0.0,0.0,0.0,0.0,0.0,0.1802190214049627,0.14225278273952083,0.1619036434156234,0.04824967809797671,0.39163477900692695,0.06433064441186968,0.2050733885771977,0.05147329359489913,0.03580173369313596,0.0644088486363501,1.1335377173173957,0.01928536461523868,0.039353746367724665,0.03017512596758246,0.010247145980082584,0.08274005772429655,0.0,0.02175635891927761,0.32239067273285577,0.060802306338548814,0.6856230280967095,0.013687600644122383,0.01881170397185648,0.02301716936197803,0.031210092902630212,0.009394922067098624,2.768350764518142,2.8528997507061913,11.765217391304347,2.2449522985811585,2.8067789938200147,3.5235630705400403,0.7982043322165214,11.620289855072464,0.9564112533273792,2.2449522985811585,5.153620218450244,22.60405977510413,1.9990819774547086,25.456049206869206,14.597495693631508,13.306855720567606,15.827983564511419,16.780301608608042,17.825917015249864,0.004624692083438174,0.001869100550511607,2021,7
2021-08-01,509,4.333717203258502,0.45122361958150603,1.090062675703095,0.0,0.8967316944768092,0.40320916122092826,1.1391646099811374,0.5409569811290884,0.6365115512806323,0.9114690111135009,0.00977431115542132,0.0,0.14539752181079418,0.04672908721792611,0.4020761676238602,0.0,0.9041020681951728,0.8051228690961973,0.9658767848620253,0.14316938218360317,0.0,0.06587037883007239,0.004434845467809674,0.20796398734967964,0.1677431704213722,0.0,0.0,0.00521123751257211,0.1395299696693758,0.01634027389947079,0.09947844468540096,0.0,0.8347139874488473,0.0,0.0,0.0,0.0,0.0,0.0,0.14316938218360317,0.24134712428925156,0.08835554985113007,0.06425830042869356,0.35960133772413094,0.05186233096079931,0.24968079045388292,0.03952928048153306,0.010394902339892516,0.05174185698482048,1.066737389294482,0.008970943115249704,0.032864385443728744,0.030591892127676955,0.0,0.04672908721792611,0.017452584583092116,0.019725431368980344,0.4020761676238602,0.05497371033522952,0.5509103059193037,0.026747227344782867,0.016847230842475427,0.0,0.04200678717407045,0.11954736143818859,3.1730139786358804,3.2056714939142257,11.901768172888016,2.262976398466407,2.810924459088408,3.549796147704652,0.81703746868993,11.538310412573674,0.9527642535040242,2.262976398466407,5.311717756968422,22.609231933130626,2.0117312886466014,24.424356085630453,14.764133941128035,13.41631794942645,15.946739125226735,16.984039735517015,18.002375322404784,0.004438451446050043,0.0014917172545206023,2021,8
2021-09-01,524,4.304339721422739,0.31536910021139813,0.8956333726078876,0.0,0.8738294790716012,0.47789567800808846,1.2344060736477251,0.4503544154975315,0.7094691091275108,0.6493347609766256,0.020499682477207317,0.0,0.2631580194152235,0.0385417144475671,0.3092782492239392,0.0,1.0534816035800076,0.9122661860845774,0.8853668343787513,0.1724126708388401,0.0,0.010898756945388458,0.0,0.15183682953469965,0.1226321734499206,0.0,0.02361874179789487,0.0063825984834946,0.10997912491596973,0.002497901762519484,0.1356018773935893,0.0,0.647554468535809,0.0,0.0,0.0,0.0,0.0,0.0,0.1724126708388401,0.18319510802406794,0.16431272397602495,0.06216501368653276,0.29174396254613555,0.056082632392037146,0.3166177258731914,0.04241346822177368,0.008959610077769416,0.0538222414433168,1.1278475858861292,0.03859089502194055,0.040747342951919126,0.027220249787736343,0.0,0.0385417144475671,0.0,0.0222023345991026,0.3092782492239392,0.08033211722692267,0.6094408893893766,0.027784397887021618,0.024847433894944204,0.009087604507451837,0.03830878344871662,0.137254868505926,2.9373880312796365,2.7024911581319113,11.801526717557252,2.2511953738354857,2.800382328712128,3.5441557202102105,0.8030491862778072,11.51526717557252,0.9629399902676294,2.2511953738354857,5.287242934453967,22.949131573587373,2.0098530224094597,23.51306035603231,15.034061704806406,13.332765471317876,16.118069981292212,17.220668606585175,18.19508295375352,0.004560261498405621,0.0016876751295561519,2021,9
2021-10-01,482,3.818969698551373,0.46904471081017585,0.8952570103309678,0.0,0.7824998306940669,0.37931644109181883,1.121013008849593,0.34220991801043577,0.8331975753654629,0.6642502115979713,0.01369446034937992,0.0,0.15534164748048954,0.03693855504640857,0.24321737341064717,0.0,0.8576575607609076,0.7017348868452289,1.0114735926176897,0.13466141044265031,0.0,0.0558618121940206,0.009786267908870272,0.19095588514223089,0.19542924327180153,0.0,0.017011502293252576,0.0,0.15735541191563704,0.005292573460919638,0.08455868687672029,0.008828462964597864,0.6392218751130929,0.0,0.0,0.0,0.0,0.0,0.0,0.13466141044265031,0.13919972578915385,0.1437045815353713,0.05648882886540994,0.30844528406148153,0.1370612592726029,0.1391594061645883,0.04658928094063006,0.0287656266541632,0.027740868059834445,1.0327467000126298,0.03373728420088633,0.027934779397264943,0.020910166343796846,0.0056840788950150625,0.03693855504640857,0.0,0.02364400719020374,0.24321737341064717,0.03840998236317626,0.743844266209632,0.00751698839376992,0.0,0.05499842008923143,0.026837900672829564,0.1378650428292892,3.6700138884942413,2.8820803305003997,11.746887966804978,2.2207859746601226,2.811172681098517,3.574692231823649,0.8447722276532497,11.765560165975105,0.9789748808648565,2.2207859746601226,5.388322444805031,22.293946246803547,2.0041261977316696,25.444706879573562,14.523049292691676,13.425158124488643,15.748947034703427,16.759316847213086,17.721544898189375,0.0039866416699840465,0.0014360182068600715,2021,10
2021-11-01,421,3.8643181856121873,0.3735340548729126,1.148798510670697,0.0,1.1367840973304189,0.46295496392598023,1.0941384082137835,0.370660533589439,0.828710677985558,0.7439423447417409,0.00845301392211393,0.0,0.13736717922004799,0.05721322594485055,0.28393076000506473,0.0,0.9300586303247429,0.6812117611476315,0.8003841823370308,0.22175708796896434,0.0,0.026805211072816436,0.0,0.12740230320631013,0.17903940163579843,0.0,0.02286932253560706,0.017417816422380505,0.11210121761960333,0.03208912245533441,0.17276793417004135,0.0,0.8318402364257179,0.0,0.0,0.0,0.0,0.0,0.0,0.22175708796896434,0.2861717584862578,0.2180899816995178,0.04762933545833904,0.3631359337173399,0.06840131395610327,0.2595640139160542,0.053784536681100545,0.03429399644249081,0.04691110293023138,1.020351198079179,0.02241366406290007,0.03025937867182879,0.02111416739987568,0.0,0.05721322594485055,0.0,0.00789135186748842,0.28393076000506473,0.021625195772035352,0.6827059499312064,0.015129279694993723,0.03750617801698557,0.03657129828964429,0.056797972052728136,0.06543735968599444,3.8760024615280093,3.7941826882291854,12.111638954869358,2.3044506234919244,2.8068644674525602,3.5778028602927368,0.8368098500077636,12.111638954869358,1.006297438209647,2.3044506234919244,5.891541085328089,23.16141744210628,2.016786112537628,23.469543913068332,15.04947648898113,13.414522383314623,16.154446540158098,17.334233032249657,18.253580777433818,0.0041897391550876776,0.0018356009149636755,2021,11
2021-12-01,589,3.8603087267163754,0.39209195426861176,0.9853536048180919,0.0,0.8700610087818677,0.49545541572993473,1.1829164920539785,0.42648796937399575,0.6926174568187315,0.7326943098035559,0.02452963910307564,0.0,0.16223813451131078,0.06877282208885946,0.22297653487181418,0.0,0.875897982670103,0.765291007659042,0.882811102140866,0.12509719386774842,0.007044783689916801,0.015205279064955913,0.0,0.16882346376226998,0.16438360673179,0.004100948959589249,0.01575316842736993,0.01678070363271987,0.10454532995054558,0.02174275771790492,0.11397042260190039,0.0,0.745095094547741,0.0,0.0,0.0,0.0,0.0,0.0,0.12509719386774842,0.20893277899739313,0.10664118964359615,0.08820933444883508,0.3411805118242949,0.06571414775390312,0.32712539771044585,0.05130638789146269,0.017721103052900478,0.033588379321222536,1.1315472113817127,0.01164820304747746,0.026935230090780336,0.012785847534008257,0.0,0.06877282208885946,0.006791171477079796,0.022623835928412096,0.22297653487181418,0.10532360500783018,0.5917115364058131,0.014511050164700423,0.03215512791278566,0.024814250286674666,0.029425492048757773,0.05757713445103191,3.063819652174115,2.7067373849617757,11.724957555178268,2.213149531656452,2.7998784784049264,3.55477917186346,0.8113931940852396,11.375212224108658,0.9639454936585342,2.213149531656452,5.435763150793722,22.92814372562784,2.0072431175557583,24.793919410159525,14.717455481688582,13.396750912827141,15.82072601927311,16.858269053434178,17.795012224495412,0.004285201652030074,0.0017637895184373206,2021,12
2022-01-01,544,4.132969707268444,0.5502404248184046,0.753964008978043,0.0,0.7470550395902001,0.5338875217796084,1.2952085863899938,0.5068264451502859,0.8067219355239671,0.8128070935882571,0.009674922600619194,0.0,0.16464675128093587,0.07291551977189469,0.3087034333885712,0.0,0.977411515673085,0.9041799036863872,0.8136575409526301,0.06897302632606375,0.0,0.0656414134757971,0.0,0.1725539535875006,0.2595843990351985,0.0,0.025842744989751403,0.026617913730156945,0.1450002549138969,0.02790236029816847,0.05417300900647076,0.0,0.526888384759507,0.0,0.0,0.0,0.0,0.0,0.0,0.06897302632606375,0.23798284078171045,0.13272549335261016,0.036206811726641676,0.2711668674031742,0.14137062884622725,0.32238442608391094,0.04321774171673745,0.018671517535792548,0.008243207596940121,1.2225878554050418,0.011901690500761708,0.02776605382336755,0.03295298666082269,0.0,0.07291551977189469,0.004450932915539097,0.017675339366515833,0.3087034333885712,0.1030812197077651,0.6846739224534911,0.031404607297464436,0.040514435405670464,0.03461684109763548,0.015512129269705584,0.10871333820039782,3.1834172475366396,3.256825360525555,11.799632352941176,2.2533042458076307,2.8012665080952988,3.5425740723838843,0.8089197428449023,11.306985294117647,0.9597807457049181,2.2533042458076307,4.9558322212055845,22.659405917871844,2.0022987749157437,25.409055884978716,14.563023274115151,13.424459035219872,15.757984201437534,16.756621670896983,17.71395082640693,0.0045122425533790965,0.0017073801056725875,2022,1
2022-02-01,446,4.024854282291609,0.36718096884531815,0.773945357837887,0.0,0.8000566705641748,0.37975114797290793,0.942343295101475,0.37151034094954266,0.6564835225592406,0.8613468834121001,0.017937219730941704,0.011210762331838564,0.2272702132175838,0.043657460405788495,0.18903061739304808,0.0,0.9137438777267451,0.8943910210852724,0.7482290717064334,0.11803715528185722,0.0,0.018646061409200852,0.0,0.14463286686101365,0.16238533552144066,0.0,0.04151670505366299,0.0,0.16080117443296899,0.013746369912423673,0.13647811724084877,0.0,0.4629196962516456,0.0,0.0,0.0,0.0,0.0,0.0,0.11803715528185722,0.15541961188800021,0.13970835491240538,0.07512397482101754,0.3117675736608946,0.07555340628008332,0.1895288896473018,0.02728492062736924,0.026642181492610054,0.060741749925543535,0.8336087121696137,0.026521444522484557,0.04501978485699663,0.03719335355238016,0.0,0.043657460405788495,0.0040840664232563075,0.036567142965203595,0.18903061739304808,0.0981710537622462,0.5979280750793246,0.0,0.020505249343832018,0.0181243093761145,0.019925888759969475,0.04488520508858489,3.4492381621699053,3.4111566371126307,11.959641255605382,2.2803696005679304,2.8012746467725687,3.586625975034244,0.8398409471521694,12.060538116591928,0.9868393889016588,2.2803696005679304,5.562673499359309,22.92486177563061,2.010191896855944,24.580295342402675,14.735104308910639,13.482412474149127,15.87024491136688,16.961249159570354,17.863757368618455,0.004370636281884104,0.0016871911584837819,2022,2
2022-03-01,475,3.61279870683418,0.4463377775934219,0.9606034948198452,0.0,0.7308280006383984,0.39795134560786327,0.9572935148296603,0.3978290761522958,0.5840353956439616,0.7239105381517388,0.009233610341643581,0.0,0.11903073718854121,0.07191340315850084,0.17168044794286547,0.0,0.7236404080823107,0.8148996435762633,0.8042499689769822,0.17423994941533358,0.0,0.07686770733241867,0.006517842594101353,0.12059621622884605,0.15140137089151762,0.0,0.03625288951255359,0.0547017510339846,0.17612976325163238,0.0,0.12711066151615322,0.0,0.6573630700520595,0.0,0.0,0.0,0.0,0.0,0.0,0.17423994941533358,0.16620914192253433,0.047997923721729265,0.03596886398371128,0.30641212159509,0.0384797976916648,0.2759525971649734,0.01625704082868375,0.004395121415229095,0.0628667885073123,0.8804451914278605,0.013746487430697956,0.04455416260877369,0.018547673362328067,0.0,0.07191340315850084,0.007855459544383346,0.02684129679036301,0.17168044794286547,0.11953846871618312,0.511239249879898,0.01827333406280775,0.022801280506695124,0.0,0.03172153119456067,0.17677293016729467,3.707912361903755,3.7885560347839635,11.96,2.273780132920823,2.79881593142562,3.587222407192029,0.8287580285862861,12.507368421052632,0.9839857130184474,2.273780132920823,5.42668611084649,22.98947179065524,1.9960216331233074,25.334275439257905,14.657292636754992,13.372552879763983,15.869813037195378,16.83074375770098,17.85119408441305,0.0042774927508726565,0.001586928776232259,2022,3
2022-04-01,413,4.248305962892305,0.49383996859644197,0.8805842029736912,0.0,0.8450022512689658,0.3394985452095116,1.048977398986945,0.5229871163687397,0.7381021450271252,0.8465522732441446,0.01476781726590974,0.0,0.21174089941988786,0.055311986133220616,0.4206297654296612,0.0,0.804368282835114,0.8361393796063445,0.8771864024987972,0.18160915645922512,0.0,0.06261151974404087,0.0,0.16882007104188293,0.19083194662562508,0.0,0.06286669195448566,0.008709739230407442,0.1473483762074479,0.011869154441437593,0.09282489854374372,0.0,0.6285417737810619,0.0,0.0,0.0,0.0,0.0,0.0,0.18160915645922512,0.2304202201111949,0.14842098552253,0.03391710963609698,0.25063477953991875,0.039726512993475384,0.14741294700221966,0.06097751997671033,0.021687458944501272,0.069694106292605,0.9735221958206731,0.009034729500198764,0.04601304159319716,0.011881701417758935,0.008525730655117143,0.055311986133220616,0.0,0.0,0.4206297654296612,0.04704536480585796,0.6603592199626297,0.012545634746389993,0.016704996868556633,0.017419478460814885,0.031072814988733977,0.14165574228071257,3.164088489308355,3.492598296507602,11.680387409200968,2.2222381203296515,2.809862902167578,3.5191325204484842,0.8244174115361981,12.055690072639225,0.9443372831871333,2.2222381203296515,5.452112949510892,22.08670000984604,2.0182958561752926,24.88786267702496,14.55054794334321,13.443537696818009,15.705881665852834,16.619888974803512,17.661994010149172,0.003947446733140874,0.0015823879026385342,2022,4
2022-05-01,376,4.300277410088415,0.37407217156587147,0.744290653784799,0.0,0.7117848819939234,0.34719263291656705,1.1208462117670606,0.34981420761397575,0.6592240673605527,0.7654569486822754,0.0,0.0,0.23618692002817912,0.057337873441731975,0.2689091760407473,0.0,0.9472044825759939,1.168825705999597,0.7440297013713774,0.11232660194851335,0.0054499476805022675,0.0424979381476686,0.0,0.14432004008709376,0.15291556813758123,0.0,0.020949649250085033,0.007939028262940616,0.031267280507402094,0.009601351870343345,0.12379312005375141,0.0,0.5796289013533021,0.0,0.0,0.0,0.0,0.0,0.0,0.11232660194851335,0.13228925569627986,0.17075819982898602,0.05041178301379766,0.2459990415063466,0.05326920764144758,0.1773538919131019,0.04375955187912309,0.03541077835249426,0.0373992031304002,1.0748621491834032,0.0101124504489928,0.008719916288803628,0.027151695845860965,0.0,0.057337873441731975,0.0,0.0,0.2689091760407473,0.02356715813149647,0.6238716493790643,0.011463683052090974,0.010724090597117365,0.00838982482045775,0.004774819511822453,0.21974855058586504,3.333246964230533,3.261019787149309,11.664893617021276,2.1971551042452226,2.8029063302932546,3.549697401728985,0.8112731832939161,12.194148936170214,0.9320151514366575,2.1971551042452226,5.243776819090625,22.523697667068202,2.0034954592178646,25.064168615245404,14.588665587190075,13.38771666831489,15.791364671779233,16.726277755365015,17.82328557278169,0.003844731042748698,0.0016792309142892755,2022,5
2022-06-01,341,3.851974437336062,0.3388547046405462,0.9459664905964197,0.0,0.7732245770534584,0.4976536398012355,1.1156997284151244,0.4157031168584675,0.5192260163362266,0.8242476393845367,0.021773189249989958,0.0,0.1858957711281207,0.06345759997160104,0.2744079890033019,0.0,0.7203872508800646,0.8153723688776475,0.8617097095707144,0.08472291927008516,0.0,0.017658267901154535,0.0,0.1672373540863016,0.10541960998560074,0.0,0.04853947266748926,0.0,0.11146615464314162,0.0,0.13234758359021034,0.0,0.7021527523630677,0.0,0.0,0.0,0.0,0.0,0.0,0.08472291927008516,0.18334340953595027,0.11542894330818722,0.11201776617350032,0.2777115387657354,0.08886145975612132,0.3185544183191759,0.02669543938282676,0.030854821978541558,0.03268750036456994,1.0187519475874254,0.009399202947590043,0.054831244876620756,0.032717333003488336,0.0,0.06345759997160104,0.0,0.01291872828038808,0.2744079890033019,0.06491879960317651,0.446916786153275,0.017773038300897537,0.009536752259018191,0.016394865066654534,0.028604574556381327,0.012975890794903069,3.782542414061327,3.1346681501052305,11.812316715542522,2.245694781487385,2.805179612964261,3.5313056267441607,0.8240701923462129,12.935483870967742,0.9624032493615408,2.245694781487385,4.777963611569619,22.482510038500074,2.021321211016693,23.993289742222426,14.733627872899142,13.439274755674228,15.88846566676271,16.9101653209276,17.904059791722144,0.004035479823613716,0.0018144221821994513,2022,6
2022-07-01,320,3.6039760749937444,0.4204846391318289,0.8976697826105859,0.0,0.8778804354935851,0.5545482675627718,1.2574143460429559,0.42649745124008004,0.7991183582251069,0.8599655954807922,0.0,0.0,0.1128226394763088,0.010451505016722408,0.3296348850719796,0.0,0.778922530096944,0.6519110798181337,0.6879900992609944,0.17227774077186908,0.0,0.051611206852703664,0.03218152697622704,0.2329460185022822,0.07406166571551624,0.0,0.029684221085099716,0.0,0.10436357009965733,0.016276041666666664,0.11258320418335306,0.0,0.6644469666609089,0.0,0.0,0.0,0.0,0.0,0.0,0.17227774077186908,0.2421850249961449,0.17736218082735386,0.04433916080436424,0.24171632809385296,0.12215322639017294,0.3075419351674772,0.02281021897810219,0.03696451406649617,0.06507837296052324,1.2001314591691852,0.0,0.025836386870304227,0.03144650000346637,0.0,0.010451505016722408,0.0,0.02248201438848921,0.3296348850719796,0.0639290467628889,0.6666672626659715,0.01893939393939394,0.05673464895611635,0.03504238672715197,0.021734665936473163,0.14209253341925426,3.182268927208135,4.114857642342609,11.940625,2.225968575116645,2.8135019597640194,3.6223770446788968,0.8612037615382251,12.61875,1.0002676914267903,2.225968575116645,5.956702180001184,22.67492958982985,2.0125521397112816,25.105990818709355,14.534686169363146,13.399175292421557,15.741269123917458,16.564153722323532,17.750151518492814,0.004342942698936475,0.0018427174287128406,2022,7
2022-08-01,302,4.752765808974246,0.6504434085129366,1.138424421480117,0.0,0.650359600933063,0.45890356382109954,1.321991043834588,0.38989214258365934,0.7199504161146517,0.8988894496093062,0.044586118560014154,0.0,0.1639897909809304,0.027165217088869306,0.34794452246735386,0.0,0.9053259061729807,1.0942556850821488,1.1477611021740488,0.1228480168385937,0.0,0.10070003017894617,0.017068341639926266,0.3132273515702864,0.1682085423443657,0.0,0.037887294883663186,0.013351847895748772,0.0732889326720993,0.056198896041124324,0.19953408820332577,0.0,0.8094025045635675,0.0,0.0,0.0,0.0,0.0,0.0,0.1228480168385937,0.15231915328178935,0.0967403984981361,0.05186266906520663,0.2265893632493372,0.12990292016191793,0.2479642199779378,0.03799877254363355,0.008534170819963133,0.03450348031764719,1.2085925177829602,0.04607379731801664,0.04606938057631407,0.02125534815729727,0.0,0.027165217088869306,0.01478240302743614,0.0,0.34794452246735386,0.0,0.6313055198289552,0.03102034411514287,0.032103417377895724,0.0,0.025521134792657975,0.10616771719603285,3.5498359312285457,3.341315440782002,12.155629139072847,2.319931869566068,2.798129915238585,3.546788309071998,0.8270053433553877,12.317880794701987,0.9990633557586712,2.319931869566068,5.228363276459323,22.886717180067617,2.007651437484405,23.992109825397822,14.790053510148288,13.431575684354078,15.923426023877502,16.93165982467617,17.978482508914716,0.003755760032511537,0.0015298422815581629,2022,8
2022-09-01,281,4.462581747192477,0.34101649126483746,1.1048056280242877,0.0,0.7325777091427905,0.44626050695027386,1.0586093631965707,0.4219141733826562,0.7075448963273431,0.7511585354153182,0.01815672888372431,0.0,0.12620344015455512,0.04528857438617752,0.23692820034988193,0.0,0.8505822822780543,1.2304298096671602,1.1077414696028611,0.09609270645474431,0.0,0.010654846889850193,0.0,0.1777585280214606,0.0987591476984529,0.0,0.02284303526471482,0.03100093339035891,0.21693758480510994,0.025497250873335323,0.11734940560495347,0.0,0.745021386740889,0.0,0.0,0.0,0.0,0.0,0.0,0.09609270645474431,0.17287920940192425,0.05037631186957693,0.1402904957189864,0.27293898569755864,0.052486135486715095,0.29622997778366245,0.023283628912875113,0.0,0.07426076476702123,1.012119727541274,0.013613824726698533,0.012664479933131545,0.020211330995466768,0.0,0.04528857438617752,0.0,0.030244771930868386,0.23692820034988193,0.10945262671572838,0.6984199761703945,0.0,0.0,0.0,0.009124920156948628,0.35206173487306097,2.8242250630226455,3.189121962119332,12.188612099644129,2.3017881332641372,2.8051658297635016,3.5253223504481848,0.814280329357729,13.352313167259787,1.0318296929477406,2.3017881332641372,6.478835503283494,22.91312908719118,2.0028095143499907,23.518479493647742,14.944428672915555,13.458753177842967,16.11201322633538,17.088982763700653,18.244740013147556,0.0044050047702497526,0.0015710809390875706,2022,9
2022-10-01,270,4.688387727492738,0.40667800478680255,0.9936040996040171,0.0,0.7895275258385298,0.3235200240680518,1.1566692994408372,0.4163298667789788,0.5767025919171483,1.020429250576089,0.013227513227513227,0.0,0.1640036107200391,0.09076409452057232,0.27256324001859683,0.0,0.9690545474925393,0.9947192724595237,0.9499771948450985,0.2136490036327659,0.0,0.057744872468721974,0.0,0.09617266473412706,0.15098279487066785,0.0,0.08344250586326735,0.018335166850018333,0.16968240193290818,0.013087292239235701,0.11057419649871315,0.0,0.7002602089331601,0.0,0.0,0.0,0.0,0.0,0.0,0.2136490036327659,0.10465986358140257,0.10979686982027373,0.03450793449626295,0.3269138543078247,0.05495880988222883,0.21576045341984623,0.0,0.026267402153926974,0.02653335861204977,1.0962089011698408,0.0,0.013616557734204792,0.026152758393195554,0.02069108214359611,0.09076409452057232,0.019290123456790122,0.0,0.27256324001859683,0.03371240878301955,0.44395581287786917,0.017636684303350973,0.010957703265395573,0.02908859225836101,0.07506379921217161,0.0895457240606813,3.6997378245033175,3.877123309992348,11.733333333333333,2.206962652935391,2.8047304935682793,3.5663268446183447,0.83041501933399,12.651851851851852,0.9618967309212634,2.206962652935391,5.717462326606849,22.67348820657126,2.0142556879191216,24.83569472014415,14.587941156283556,13.439739799812,15.758534529559034,16.736318066037434,17.810016649364474,0.004294711552361695,0.001425247233886266,2022,10
2022-11-01,305,4.187957147480932,0.43084912007159104,0.9960846377961851,0.0,0.7893150613258056,0.3881322900765735,1.1828979704114158,0.4132505021116391,0.6965107242218721,0.8441044510448577,0.010645092612305729,0.0,0.15791121365203284,0.022299488043911988,0.33337287224445616,0.0,0.8500586594103463,0.6986940288898041,1.0936468878110284,0.17722445377218854,0.0,0.04015210146920553,0.0,0.17404127953993334,0.20938591971746287,0.0,0.007269819344989277,0.0,0.06565637928760815,0.04172476538611187,0.16540689114267107,0.0,0.723296601979794,0.0,0.0,0.0,0.0,0.0,0.0,0.17722445377218854,0.08452817950006485,0.052503866861932674,0.09148880383449152,0.38356975735712806,0.07878301204379606,0.1359715333419793,0.013328002132480343,0.03878967176926139,0.12126007078905642,1.0820042743892864,0.04465538701364796,0.012908222537756552,0.04333008647072495,0.0,0.022299488043911988,0.0,0.012610340479192938,0.33337287224445616,0.04496780134407801,0.5948567711838217,0.020751193193608634,0.03746664594594873,0.0,0.043436113898493015,0.037378991460902185,3.5774123896116232,3.3556477574581343,11.914754098360655,2.3135574831092787,2.801999669561388,3.5526175470415486,0.831317360201313,11.898360655737704,0.9726491569813279,2.3135574831092787,5.223651922565307,22.503652415245885,2.013083114559019,25.02918666730437,14.544358621791387,13.522236600372054,15.691842490148815,16.655783110405547,17.690297411825064,0.004389452567585331,0.001485252910955569,2022,11
2022-12-01,271,3.8954325563602534,0.3539104430568033,1.0870364746957337,0.0,0.9912326795698038,0.36250467046214696,1.2599498664846742,0.5225503609128811,0.5151946483851774,0.7403247036212223,0.020274928024005514,0.0,0.08842782895126582,0.06951829719244543,0.3631163731427748,0.0,0.6273250657818698,0.9275540715946106,0.8919093715242752,0.166981916527784,0.0,0.09240997023741929,0.0,0.1411081753446328,0.09649543094010349,0.0,0.023896866534647752,0.0,0.11606431541028052,0.015974185715883132,0.0604669427538172,0.0,0.894531030815753,0.0,0.0,0.0,0.0,0.0,0.0,0.166981916527784,0.15691268543435963,0.13895464018191397,0.07917778219177382,0.4492056552339724,0.08016602452629183,0.1928284162319167,0.039428540309720386,0.027303683836384648,0.022778005557833356,1.1625271589979445,0.024932681759250026,0.060886136103678004,0.0116038896238019,0.0,0.06951829719244543,0.0,0.07261398217780063,0.3631163731427748,0.017301708399860255,0.4530477587658462,0.019860354940172086,0.020847666103779684,0.0,0.021438868575379404,0.16008706706368728,4.586223173057966,3.7528047604513683,12.029520295202952,2.3220853491841553,2.8115780757561133,3.595575689884796,0.8435391430777041,12.859778597785978,1.001333300825869,2.3220853491841553,5.130961459841978,22.86982744455231,2.0094774279773833,25.566593077346926,14.448152489355724,13.389629662614688,15.646416296384908,16.45773797574462,17.593462820501802,0.00394529410235039,0.0012878137818989044,2022,12
2023-01-01,270,4.204870602719368,0.4443164917428084,1.026257125717432,0.0,0.9441204515707549,0.5231298680486418,1.1075953805465184,0.5030444492398621,0.5118466663369172,0.9961606232805124,0.05207554028902588,0.0,0.19401765604125554,0.10531446532445232,0.32667321169237257,0.0,0.9559094705000535,0.8783966693422932,0.5817072879021469,0.11461567834725636,0.0,0.10992733005639924,0.0,0.1908448106974857,0.10582749054038723,0.0,0.03771686044853626,0.0,0.09619781078866878,0.024663684885969372,0.17277196142481271,0.0,0.7326236686179812,0.0,0.0,0.0,0.0,0.0,0.0,0.11461567834725636,0.31887636286171983,0.10394870258853653,0.10283935565170407,0.30384035212153804,0.09028779136138483,0.2952458175381609,0.061270500536198876,0.026114798447089027,0.05021096016580812,1.0049198628273595,0.028103984743551136,0.060647834841383225,0.01392369813422445,0.0,0.10531446532445232,0.0,0.0400871920931199,0.32667321169237257,0.030969580129917393,0.33815975674309945,0.012064181445288938,0.0617200162869401,0.050036930394519355,0.04986578146706937,0.04006701414021614,2.6631897499196584,3.268328381132002,11.937037037037037,2.2530968319450246,2.8091651836593803,3.5174456277625903,0.796133211114519,12.533333333333333,0.9923653361251183,2.2530968319450246,5.670891659243999,23.151480402924175,1.986717455484122,25.50166268972726,14.603496599213038,13.360742025992877,15.829028725520425,16.633850267292505,17.81774307972822,0.004075448492580007,0.0015438849453319732,2023,1
2023-02-01,246,4.066561202358887,0.5029002422622593,1.166391288072265,0.0,0.5015379611229749,0.3735683810115753,1.164680023642286,0.31698577289879826,0.6595209868990631,0.8609296776035025,0.0,0.0,0.11179237903413539,0.08417633331402748,0.15867197238085753,0.0,0.8431235952945608,0.7940429570762328,1.125308045342393,0.08851624231317769,0.0,0.02448819668919581,0.0066859221223791185,0.07444866278531431,0.34254891101659785,0.0,0.05472854964877226,0.0,0.14319420902685534,0.0,0.12160983480776714,0.0,0.9015872442376428,0.0,0.0,0.0,0.0,0.0,0.0,0.08851624231317769,0.1183076153403293,0.015515422329795817,0.0516717742534662,0.2275269068862058,0.10605541119343936,0.12593788239647363,0.08187781686203709,0.01686738859089836,0.04282988196872681,1.1527590833185133,0.0,0.01192094032377274,0.0,0.0,0.08417633331402748,0.015282107708295129,0.04198797090471976,0.15867197238085753,0.01686738859089836,0.5765968995159312,0.009938974695370426,0.05576036416908988,0.017224748518671628,0.0,0.15645852515529915,3.6063883559152132,2.9058244158122255,11.878048780487806,2.2692546764835315,2.798969014487063,3.5441183672655354,0.8082010526914863,12.146341463414634,0.9699286558320674,2.2692546764835315,5.932878275289111,22.56393448713891,2.015055814058239,23.140204706104864,14.928122827693459,13.47677379048354,16.08901774001176,17.004521098868356,18.245974429927845,0.004307541365237167,0.0012708043308114086,2023,2
2023-03-01,289,4.32305539321141,0.587760090957445,1.3072004732609854,0.0,1.0659452713456623,0.5208361167043613,1.2463611240561967,0.4628567635999727,0.5804816876426677,0.7857762588952889,0.0579726959785669,0.0,0.12057495898718834,0.04562275317647532,0.30163983184867543,0.0,0.7931549465984437,0.8663256846917374,1.0996825819838805,0.2523056810511538,0.0,0.09273450862679651,0.015289953756583631,0.27076834757971935,0.1579098003997614,0.0,0.051057480594584086,0.0,0.1674508962971008,0.053089462392066196,0.26401932525555166,0.0,0.8226407893162668,0.0,0.0,0.0,0.0,0.0,0.0,0.2523056810511538,0.25818083047517304,0.14933993982661117,0.0856682203868291,0.3204505996058953,0.09333132975737016,0.3819398420689425,0.02005700414519442,0.014417531718569783,0.011090409014284446,1.1500647264220925,0.0,0.04214791179904981,0.05414848583505432,0.0,0.04562275317647532,0.0,0.02156222047511442,0.30163983184867543,0.09403195809970745,0.4819575573927411,0.03643171818785949,0.01730103806228374,0.026835362666975015,0.017956011332808292,0.09362736175125408,2.85437360454721,3.151783969561346,12.107266435986158,2.2878705711456973,2.8005591030898156,3.523242716726209,0.7986643972978608,12.418685121107266,0.945684372184882,2.2878705711456973,5.105778170990151,22.588596191650428,2.0169230744415847,22.709853339755135,14.987991998008425,13.50252365200502,16.128040233780567,17.18364512945957,18.308513626679037,0.004626486637849864,0.0021983580813289723,2023,3
2023-04-01,198,4.439909884073971,0.5494711075240678,1.4357564451204226,0.0,0.6097753658897614,0.32546178960426586,1.1648484268115866,0.5753997631138194,0.6537935171780845,0.9415750388367529,0.0,0.0,0.07164223495837088,0.06618441222037841,0.45353899476967197,0.0,1.05959539565698,0.7610634142003034,0.9394975987283507,0.14681279470316233,0.0,0.06151816882070235,0.0,0.29803196023931244,0.18992097846405298,0.0,0.0,0.0,0.26124046084369523,0.0,0.14437994622313988,0.0,1.0301360380535873,0.0,0.0,0.0,0.0,0.0,0.0,0.14681279470316233,0.17292875571269464,0.1217000774600679,0.05996630745962297,0.10836743055421359,0.02700804839842273,0.2100656969147181,0.040513256468838,0.0,0.04787478782228699,1.120088875123256,0.02902589109485661,0.0,0.015733660593473676,0.0,0.06618441222037841,0.0,0.017973327581868506,0.45353899476967197,0.03770302854190046,0.584282418255221,0.03237503237503237,0.0,0.037136066547831255,0.0,0.1361907340301595,3.8098382216493234,3.1255951586362434,12.095959595959595,2.295501777998722,2.8165863443512205,3.553605326430284,0.8307418326210824,12.803030303030303,0.9678057341975737,2.295501777998722,5.625034219114942,22.224399251460685,2.0117938113646128,23.429646251304288,14.843909785489542,13.536831365571313,16.09087965227639,16.955855547609772,18.22644173072063,0.004026454105177786,0.0012758348535281212,2023,4
2023-05-01,196,4.920023110195229,0.6404556357978098,1.53736690725567,0.0,0.7715041965464836,0.29176578911196,1.1326419914915873,0.38534884448401546,0.7635736543683596,0.9544675678811361,0.0,0.0,0.2426183316505323,0.09047915997628841,0.24609876697895847,0.0,0.7698584809847364,1.257038791252079,1.2369049603790128,0.12255705109248657,0.0,0.07757353946246535,0.030921459492888066,0.19116620687431912,0.3074966720894756,0.0,0.01735388032764126,0.01594387755102041,0.19395752385153803,0.0,0.2091686583607226,0.0,1.1342407250434092,0.0,0.0,0.0,0.0,0.0,0.0,0.12255705109248657,0.1986331410809344,0.13150520390843726,0.08511600409177482,0.23369279637285056,0.02099605274208449,0.24538644872645995,0.0,0.0,0.02538328764341557,1.0703115711153697,0.04771139224920737,0.014619028127010117,0.0,0.0,0.09047915997628841,0.0,0.0,0.24609876697895847,0.048770917528768575,0.6963181942519289,0.05259442328790615,0.0,0.014661036828524512,0.0,0.04148000663680106,2.666575296717397,3.451715670238265,11.85204081632653,2.296215533131335,2.8019880179905123,3.5667238598227984,0.810126733988862,12.209183673469388,0.956135244287917,2.296215533131335,5.928285210267544,22.974643242567456,2.012476289195274,22.937250344043196,14.966338792160549,13.484367752148374,16.04009581188884,16.978667648255186,18.19387102365795,0.00365517741435377,0.0017243828622013884,2023,5
2023-06-01,238,4.505709489745865,0.4873842847880884,1.2118426957880226,0.0,0.8302653881079723,0.36176369707136513,1.0383077646178567,0.6154205171840293,0.9528590734042959,0.958378148955214,0.014952600257184723,0.0,0.14394518770971385,0.1260410960028867,0.4512030630915734,0.0,0.8254410441919947,0.8376408831279047,1.0066787501302197,0.14142871627917308,0.0,0.030688265982383632,0.0,0.1810727297444685,0.26535023118282813,0.0,0.010273057878408088,0.0,0.14903338938309785,0.03630124167669658,0.09774789511635813,0.0,0.9287601696118701,0.0,0.0,0.0,0.0,0.0,0.0,0.14142871627917308,0.11801972934702469,0.15902676985547373,0.018509606485766116,0.3932805661405348,0.07271181267169581,0.20003009614144054,0.01591545709192768,0.03239310838152838,0.04071322278477272,1.0164416573343424,0.0,0.007766507712142158,0.014099599571372173,0.0,0.1260410960028867,0.0,0.017955900308841487,0.4512030630915734,0.02022045778072779,0.7823071617971553,0.0,0.08805199246087539,0.08249991914626516,0.0,0.06674297993361042,3.4185845408492135,2.7701312636568827,12.071428571428571,2.378933138827649,2.804988511011532,3.494668930224343,0.7742036259287061,12.109243697478991,0.9532249751629451,2.378933138827649,5.1405385435669455,22.594478438351498,2.012676990034616,23.12857005272615,14.929413817393096,13.484364912639245,16.057960452396767,17.073843601780677,18.161191874376293,0.00443123657067166,0.0015172038639136409,2023,6
2023-07-01,206,4.39376018315612,0.6424380495660806,1.502516938487835,0.0,0.8251949512272544,0.3755096531240527,1.1287698367717258,0.40814764312476687,0.8325906242576313,1.024208831128366,0.030530622214080726,0.0,0.23166048303314554,0.11419011395454041,0.24167473776536258,0.0,0.7957812979467196,0.9376704170710021,0.7674050077770875,0.25063867226581493,0.0,0.10586246900955625,0.024151089214123556,0.24635559959220385,0.1973038934348592,0.0,0.055609526954798975,0.013155471360538849,0.19871572387373815,0.009826657757163633,0.3745691210189386,0.0,0.9194054358379946,0.0,0.0,0.0,0.0,0.0,0.0,0.25063867226581493,0.1789023154172075,0.06152862679292021,0.06625551222645314,0.2678698245248586,0.050615772507410464,0.24571024307612913,0.02439381372883837,0.0,0.05478982381167472,1.1144922810892586,0.0,0.01427755568246716,0.0,0.0,0.11419011395454041,0.0,0.014936519790888723,0.24167473776536258,0.03734627161397515,0.723659222918245,0.04994492868805055,0.05898647265133564,0.0,0.0,0.08387550359620598,3.909675580664213,3.1473845843099757,12.228155339805825,2.3214257338044737,2.8155379106797067,3.561206355192995,0.836656131037772,12.776699029126213,0.9877913335089022,2.3214257338044737,6.188669231571239,22.86457601448067,2.0220649331329272,21.9371433805867,15.11364820125162,13.526316926130603,16.162464651773035,17.16823434030863,18.36933054614476,0.003740508160102729,0.0021621309407772737,2023,7
2023-08-01,264,5.57603728918558,0.48211079587773664,1.4302163526593805,0.0,0.885118192771031,0.34908769954876884,1.304242357694675,0.7363714487949465,0.8783060122112518,1.2645068977866172,0.013528138528138528,0.004990617638838983,0.33237151575255447,0.14091171609902375,0.5166048262456984,0.0,1.1194903136898093,0.9030239337190176,1.0179285959430708,0.2626807337828112,0.0,0.12183101043031337,0.0,0.17212015214756463,0.1632433459940323,0.0,0.008933676386506575,0.01598261091931978,0.2745012648850044,0.04105711786557877,0.21339229129667472,0.0,0.9012656786121226,0.0,0.0,0.0,0.0,0.0,0.0,0.2626807337828112,0.10495035572577323,0.09229484836705067,0.03697146931819236,0.3882207855772035,0.06899953324992225,0.17885405363838391,0.01147842056932966,0.019034566773260243,0.07072112531787274,1.235573677676604,0.049143531626943196,0.019525148391127775,0.0,0.0,0.14091171609902375,0.018568033273915627,0.015782828282828284,0.5166048262456984,0.04450404489348066,0.8429101855896219,0.009915913057274316,0.009762574195563888,0.0,0.015717339368791654,0.19352576352596815,3.6827512088150374,3.3021744385507636,11.878787878787879,2.2577432386141867,2.8051350883882753,3.5045409671894574,0.8223202645210855,12.253787878787879,0.9753176692145656,2.2577432386141867,5.308439239501573,21.85460696323551,2.015709647571728,23.4446887885816,14.677390714113567,13.596764583569648,15.800661534089166,16.817551345531214,17.938502505177105,0.004145059734136141,0.0014457140801416636,2023,8
2023-09-01,263,4.512218937431369,0.868227846107841,1.3965056298365581,0.0,1.1791454461687862,0.2970825175665589,1.2649424002528087,0.5031650329465905,0.6466684213502725,0.81430302557381,0.02729966561924273,0.03040332021113992,0.3313717988755506,0.17452848265549634,0.30531808590799103,0.0,0.9509570572769509,0.6977673277393969,0.9127569348579727,0.2675132387138181,0.0,0.13498181145931848,0.0,0.37764771463499835,0.20860463968981585,0.0,0.09649774488731541,0.05049593543639287,0.18537982560875027,0.024983346794615374,0.29213046389671316,0.016676672670268827,0.8773353208662107,0.0,0.0,0.0,0.0,0.0,0.0,0.2675132387138181,0.228630828412396,0.08525356139620036,0.029639677064495593,0.5681081405818762,0.04471850362778422,0.19096607297096796,0.02895288066390728,0.0,0.03244506030389945,1.1791860780259225,0.006814124316884038,0.024812015963090607,0.032277990172076595,0.021852191774835016,0.17452848265549634,0.019203441256673198,0.0,0.30531808590799103,0.00411502312642997,0.6054519034416469,0.02631970532654532,0.00411502312642997,0.0,0.010781789455650354,0.20388039934239574,3.455300470766471,3.4652366323754413,12.015209125475286,2.248792210209528,2.7973038241979213,3.5131165925700554,0.806907053806044,12.20532319391635,0.9294733584481323,2.248792210209528,5.573900144345237,22.33376262916603,2.025509853907792,22.59895474329928,14.800774200766385,13.538928860418787,15.951380101672408,16.883025790144952,18.12222620112384,0.003945440098137853,0.0014148543577335243,2023,9
2023-10-01,249,5.713045571828173,0.8313468084549233,1.857712908777251,0.0,0.8244294938403717,0.4216786486530614,1.5486114192341094,0.46097408159093656,0.5417208179544062,1.1104567046497937,0.0589496896950291,0.0,0.4392284939018875,0.10257943549828002,0.3258144421512732,0.0,1.1385754016649328,1.1536008710157577,1.2109791288652783,0.17286140438594175,0.0,0.27086913736939655,0.0,0.26451869335446326,0.191134159921845,0.0,0.07410649694672544,0.03071832086249294,0.40539141325552713,0.07921313413290967,0.2273555823811245,0.0,1.14575277900769,0.0,0.0,0.0,0.0,0.0,0.0,0.17286140438594175,0.16658144383207743,0.0832190120506685,0.08659066605361096,0.3151769675180731,0.07173319494770246,0.2622752085730495,0.023854113282693747,0.0,0.0638161318496158,1.4742630293473948,0.02938958900737048,0.031436699003828505,0.0,0.01352210187551553,0.10257943549828002,0.018679368637340057,0.004517507600706538,0.3258144421512732,0.009383327703336712,0.42353854394517787,0.0,0.03884635387193036,0.06382988053487285,0.015506039602425145,0.08653249721433745,3.0697426804150445,3.626865022275174,11.97991967871486,2.2573391483945975,2.8071642112312913,3.514843193590135,0.7962927616954123,13.0,0.9571792347614017,2.2573391483945975,6.2062359628950885,22.65025167815817,2.014025842994429,21.724622373980225,15.123841215631478,13.538989334366896,16.286146593661673,17.19307087891377,18.54124947277888,0.003925744418537216,0.0015942209429915036,2023,10
2023-11-01,192,5.95283465720373,0.7826104089982698,1.4113213077284288,0.0,0.9079603974952931,0.4293159907025938,1.1197031994132525,0.5515059893615358,0.657913313323266,1.1519926681903603,0.036168981481481476,0.0,0.3738330376074634,0.12401625782078039,0.377205921197493,0.0,0.8540767692784952,1.2035063643740025,1.5406007069215375,0.2914339503321164,0.0,0.24181973141624832,0.0,0.3072962595195887,0.1301689270071006,0.0,0.10332549105533216,0.0,0.3023019722982261,0.01617494824016563,0.20067673375579131,0.0,0.8921676534342459,0.0,0.0,0.0,0.0,0.0,0.0,0.2914339503321164,0.21047348909027905,0.07707464219516502,0.036168981481481476,0.29280933439625106,0.07514353383994933,0.24021474148851193,0.05025302756628636,0.023251488095238096,0.040453199712608086,1.0588629209080838,0.0,0.03518346405525079,0.0,0.025656814449917898,0.12401625782078039,0.0,0.0,0.377205921197493,0.050283810343262465,0.646688457001427,0.01122485632183908,0.0,0.0,0.0,0.13247253322494426,3.049272391541462,3.300032349105912,12.119791666666666,2.2843419201098385,2.7998083075750273,3.4512411732745325,0.747729122970712,12.760416666666666,0.9221685541196781,2.2843419201098385,6.0953611250232775,22.524922892612427,2.0183749670088322,20.986466907161155,15.231201026963957,13.523139850867246,16.311801892410056,17.170801760261106,18.625903072609304,0.0041865779874941415,0.001943902670205704,2023,11
2023-12-01,198,5.845288643567002,0.9726415669304335,1.4961513799997863,0.020869855580599384,0.8710732870167374,0.4066591520361469,1.1623557150030543,0.7519345449977615,0.7321887817964683,1.3097527855431672,0.11658965556005417,0.0,0.3653789907694432,0.15390001575552673,0.46452023909708945,0.0,1.074929316142808,0.9461815283101046,1.1437289374915807,0.27030717489722844,0.02028315281327329,0.2530549691446419,0.011800245445105259,0.312311951069328,0.19067108663115906,0.0,0.16768514499190917,0.016835016835016835,0.19570439177778673,0.04231260915752895,0.15120957878954164,0.020869855580599384,1.0860549446943295,0.0,0.0,0.0,0.0,0.020869855580599384,0.0,0.27030717489722844,0.11708021772818905,0.14678128335669335,0.1433268501153034,0.19357776091932305,0.013050400647299872,0.300385987421416,0.036606496971391594,0.0,0.05661626699603944,1.0138780728015206,0.02575474273587481,0.048972595440996934,0.07375030402466204,0.0,0.15390001575552673,0.0,0.02700804839842273,0.46452023909708945,0.10650624174672256,0.6089848775780502,0.0,0.10449832995728824,0.01870557426112982,0.0,0.18090670773618955,3.462410001484563,3.6580662707829257,12.212121212121213,2.325276874676216,2.8034139381259178,3.526656808219845,0.816861785646237,13.469696969696969,1.0239854304445717,2.325276874676216,5.770302363455915,22.87513172945171,2.031250014831763,22.205543930099672,14.960153481618118,13.639279710733978,16.034925434917902,17.13332744833657,18.293582973547984,0.00399061977509358,0.001391779584661767,2023,12
2024-01-01,195,5.407483827982593,1.0952427697161218,1.2574013117026137,0.0,1.0142097997188417,0.3079190257289198,1.1392867601568772,0.8534825146957775,0.8434961061946832,0.987712387513273,0.04016925768894273,0.0,0.30757539761099895,0.12279660921449996,0.5420547209646449,0.0,0.7549781964886821,1.1814392063539556,1.2830954247381803,0.18766262740941553,0.0,0.1654526051522008,0.0037214841278701946,0.29359920259266314,0.5859543475248041,0.0,0.04651513031858354,0.0,0.27269939339580174,0.05805750891789669,0.12353758646669186,0.0,0.8031068229222234,0.0,0.0,0.0,0.0,0.0,0.0,0.18766262740941553,0.36301838911496037,0.11466805778975091,0.07368147969570017,0.2751792457090148,0.05803025770175666,0.1243192559782796,0.04615255685461165,0.0,0.0794169551942719,1.0741890611802327,0.0037214841278701946,0.0,0.06137621484877435,0.0,0.12279660921449996,0.0,0.01885369532428356,0.5420547209646449,0.16977748919234914,0.7122625582411863,0.043132074382074385,0.05988894535889421,0.01295001295001295,0.01526251526251526,0.06134410005986093,3.964457131853379,4.4726915947073485,11.984615384615385,2.2218575343727927,2.8122030608082444,3.641237921024161,0.8986987882453916,13.538461538461538,0.9720415755399825,2.2218575343727927,5.722513634242906,22.622721304841914,2.031058785565247,22.09201350577314,14.960158139041058,13.60125277013772,15.937792531546025,17.023010557662744,18.126689757703875,0.003661901074959192,0.0011763296347714438,2024,1
2024-02-01,212,5.659605618994972,0.997665511997275,1.5872689910207374,0.0,0.7672556467693934,0.28863278127532943,1.3392456710546954,0.5871104314279243,0.8750788907058841,1.110513219353119,0.06520476303449815,0.0,0.3334149626343457,0.12108186259691049,0.4447518246940645,0.0,0.8807815607928116,1.112058543639165,1.3604617149372182,0.23133716731283882,0.031238285642883917,0.2375600236590108,0.03832951671883251,0.42746947627466875,0.22469032185631208,0.0,0.03837788784556711,0.0,0.23094687219600726,0.06203506784485873,0.21653424098664553,0.0,1.0777528099932259,0.0,0.0,0.0,0.0,0.0,0.0,0.23133716731283882,0.12281417225289064,0.1678560335855939,0.0,0.24524827361806995,0.07398038447417199,0.15902787827357678,0.037620773748666674,0.018003744778914012,0.0,1.3140729474434554,0.0,0.011618180128264708,0.013554543482975492,0.0,0.12108186259691049,0.0,0.021276744136949285,0.4447518246940645,0.0,0.7911485492722159,0.021538726630481602,0.032985882042485815,0.0,0.02940573276070067,0.23263624288147303,3.6045114654923887,2.896948740677568,11.93867924528302,2.219059169658151,2.7967484718629336,3.5667102846995604,0.8231605075945271,12.59433962264151,0.98792456877815,2.219059169658151,5.770669187013783,23.130014312431364,2.02306027535585,21.29965885700715,15.301387361424055,13.579721489581365,16.35703441590842,17.353964815693743,18.61543961172236,0.004321097197771743,0.0015790647948248835,2024,2
2024-03-01,242,5.300432853707146,0.656892049082658,1.4179047699402594,0.016236665638344507,0.8480721758435695,0.43357417158604544,1.1345682042070648,0.6536566951773218,0.5873635862738091,1.1607644634411947,0.04379554295724624,0.008118332819172253,0.37636635476689584,0.08202945542738133,0.47770731641606273,0.0,0.8515122401840097,1.0175066231314094,1.057237505921299,0.22539501864247477,0.0,0.12610822927885895,0.038656020634090335,0.24658590103648925,0.17642282369049186,0.0,0.04032704960327196,0.028792024839455668,0.17477629764671254,0.02157836996887479,0.32638948836462095,0.02991955108522755,0.8652410628748235,0.0,0.0,0.0,0.0,0.016236665638344507,0.0,0.22539501864247477,0.20553742786701126,0.1273059861696241,0.053322041854857644,0.23651170130960172,0.027032769724187874,0.33575330679607285,0.02836977026612447,0.0,0.04241832479966028,1.0787475506213384,0.011640088464672332,0.03578172080203222,0.008398844319021704,0.0,0.08202945542738133,0.008398844319021704,0.03016227302889546,0.47770731641606273,0.05535880598596057,0.5412526720765021,0.0,0.029906085158253482,0.0,0.016204829039053636,0.2671526260739735,3.4479155801962436,3.7919995169311163,11.925619834710744,2.23249160942062,2.8014893666464644,3.5760709271476734,0.8278417759341269,13.520661157024794,0.9617457343918111,2.23249160942062,5.621254025246843,22.581974062159073,2.0277042376641643,22.242539264581875,14.898154507231464,13.609827756010162,16.001661073300948,16.876068149774984,18.145390155012734,0.0035795602455866863,0.001511766343417951,2024,3
2024-04-01,234,5.7577217162739265,1.2473644264338515,1.8920889995275114,0.0,1.1255323432773343,0.48895605828024463,1.0336368354609275,0.6683205442226899,0.6108048151524477,1.2253549803997126,0.07609924531947743,0.0,0.46388920740663103,0.17756412453987896,0.43345116656691013,0.0,1.0287408085641339,0.9862801904149189,1.0992315822549932,0.26711041080727055,0.0,0.20939184107432116,0.0,0.43211665836406626,0.4808877642108388,0.01318982800464282,0.08049763308579196,0.031280701694190255,0.34925566318084666,0.07156998424646423,0.32108413595799296,0.010818998160770314,1.1393602179814375,0.0,0.0,0.0,0.0,0.0,0.0,0.26711041080727055,0.21292449350866824,0.10668793227901653,0.1345014727092483,0.40430803397313064,0.02811515969410706,0.29254045281214847,0.051267778933337234,0.0,0.11703266684065186,0.9795644023397762,0.017214759504430112,0.01882601001543733,0.018031663601283856,0.0,0.17756412453987896,0.0,0.05147509721753212,0.43345116656691013,0.005830155898368722,0.5695510829357597,0.0,0.04125373221668792,0.0,0.0,0.18741841150512142,2.435626892257801,2.8127228530733337,12.051282051282051,2.2429301150548917,2.803100276148447,3.4635508181646375,0.761724731614102,13.226495726495726,0.9521320816705365,2.2429301150548917,5.438265408015382,22.216219852029386,2.0432406516378894,20.015291884406917,15.20508470035962,13.640465423618673,16.191570102667406,17.087701383742573,18.48962086062762,0.0036587368920504588,0.002138471842327972,2024,4
2024-05-01,254,5.856646715662014,0.9813289333618374,1.5712305727165576,0.0,1.003681808830819,0.3437957493099841,1.1818713384523176,0.7082882105889603,0.8490902630782087,1.2670294977422543,0.04354215622311829,0.0,0.2840392063840985,0.19431097532082967,0.47262354581699356,0.0,0.8850459424287156,1.0560718988814584,1.25165504345864,0.4023284494059055,0.0,0.23948544981508482,0.0,0.29200186393104044,0.35449449708418024,0.0,0.07792673370845343,0.01742038882307853,0.3768472889502509,0.04301907107787023,0.2581320966446869,0.024006145573266757,0.8692259704704828,0.0,0.0,0.0,0.0,0.0,0.0,0.4023284494059055,0.13777681501707545,0.14922781169782084,0.0691676558040938,0.2451810769059234,0.075928196122813,0.15775805960201525,0.035379733816026,0.0,0.07472975976912985,1.0581810469489041,0.010333354000041334,0.04006078187594972,0.06791772957002404,0.005378426057398563,0.19431097532082967,0.011930326890956812,0.0,0.47262354581699356,0.029423362560180223,0.8033576239133297,0.0,0.0,0.04573263916487897,0.0,0.17737981674405803,3.7277346224871195,3.1114080588635598,12.133858267716535,2.295666231762477,2.806393842331079,3.5482865670574637,0.8417552997811331,13.535433070866143,0.9681754164841617,2.295666231762477,6.094039467813592,22.218174729355777,2.0344758522309943,21.30259204936466,15.052232081496443,13.618483929786136,16.217669736840648,17.000110287710918,18.470710677757534,0.004605158644050075,0.0016899307096877234,2024,5
2024-06-01,209,6.4701868546686265,1.0733221015113497,1.4976438501259166,0.0,1.065744358658836,0.6166155926055109,1.2623745966061914,0.6269799790610242,0.5885576888008064,1.4672192433699573,0.14125694913573872,0.0,0.5016124466244823,0.14040011815584463,0.37891389550594556,0.013749106308089972,1.087977931153171,1.070986798237623,1.3429830632602944,0.3250873029174789,0.011446624390467251,0.37063238496461776,0.02781795927450762,0.4339110509186419,0.1588721556914527,0.0,0.054531862314708544,0.01611006395695391,0.33098787545267816,0.0129315918789603,0.23603370252447775,0.0,0.9176906802698004,0.0,0.0,0.0,0.0,0.0,0.0,0.3250873029174789,0.15703717926928815,0.1655909493084328,0.09561446807275885,0.32241445909087724,0.0726668091080266,0.3593113902303534,0.050189504796448056,0.0222543674196061,0.11219352105107668,1.1227937586789536,0.006270889901985991,0.057133432981231205,0.07617651504402058,0.0,0.14040011815584463,0.0,0.021171190244315536,0.37891389550594556,0.08649477515491849,0.4078948238639371,0.09489031598447585,0.08577254895239346,0.0,0.0,0.25478611451281313,3.7379668325546707,3.125077931686184,12.138755980861244,2.306545266156725,2.800522833056696,3.5543457855312255,0.816649621599963,13.425837320574162,0.9793924374070203,2.306545266156725,6.686274380816723,22.59039108255303,2.0484634681686704,19.084827170681763,15.452867900759651,13.746595894530543,16.342195045878324,17.45761934238339,18.664656357486322,0.0036341433343200585,0.0017810227907499175,2024,6
2024-07-01,191,5.942323698347456,1.4114556478419023,2.0974774470742257,0.0,1.187820729081515,0.3836097235639885,1.35187321610054,0.80004329404332,0.7242522768460858,1.4215277642500803,0.05690871841566128,0.0,0.41403998408447434,0.11930406725315461,0.6049072020321214,0.0,0.9354796439184289,1.140887052342701,0.9459014693647646,0.3033677966860698,0.0,0.2987908895330691,0.0,0.5939867156486612,0.38115909771263995,0.0,0.13751894494753186,0.0,0.44310208949994134,0.05411903842183119,0.38709817368160226,0.0,1.2131581454708509,0.0,0.0,0.0,0.0,0.0,0.0,0.3033677966860698,0.232552067463502,0.18221459947684204,0.13360682943816704,0.33607943601693413,0.06612299397612931,0.14021264169456824,0.01751037489712655,0.0241271985909716,0.13563651440519278,1.2383660316327754,0.036630549411578055,0.05585012062148469,0.021026514434702156,0.0,0.11930406725315461,0.0,0.015628662967883098,0.6049072020321214,0.06020336179016093,0.5865710367965187,0.08058695474081196,0.05709428530875527,0.0,0.0,0.38123163264939963,3.453885950544678,3.3871976059140896,11.790575916230367,2.214275611650664,2.8024399514023943,3.5071900868985315,0.7950605896156945,12.596858638743456,0.9246588115954147,2.214275611650664,5.647384395078091,22.006879912871973,2.0459451525202463,20.368898864942796,15.148157415959236,13.778318419613818,16.187142667354294,17.26701872840339,18.512648632259527,0.003926493985416325,0.002057725202153391,2024,7
2024-08-01,238,5.756718629961499,1.5416244255438192,1.8315522460466696,0.0,1.019741405006795,0.3718901768526897,1.0668915309917073,0.7280386297561836,0.7029611136557007,1.1837646703497404,0.06496946399850566,0.0,0.3768394209777241,0.16115771467446136,0.509479130621403,0.028199199142744345,0.8464755588933748,1.1173841965402351,1.189468266988135,0.27898100777517554,0.0,0.5322665356844638,0.0,0.5721315604926077,0.32562841805266113,0.0,0.09016076502700006,0.02143714628708626,0.3540203498836242,0.008566117578529884,0.164598038204716,0.01818909381934592,1.2861786465604537,0.0,0.0,0.0,0.0,0.0,0.0,0.27898100777517554,0.15123586585680657,0.1389496965829593,0.047974570936104584,0.4026002638557491,0.10921275093947891,0.13811320781992595,0.021283834952945026,0.03472463365511494,0.06855574948522486,0.9855319502018829,0.008336668000533546,0.0,0.07302291278929088,0.0,0.16115771467446136,0.028199199142744345,0.019362583743174688,0.509479130621403,0.009840001574400252,0.5391018619019393,0.023917080622297218,0.10775998806820443,0.025777182038459558,0.006405001024800164,0.11061559582828584,3.336779102027322,3.322631317014779,12.088235294117647,2.2904066194552697,2.7958301837799464,3.5185336609862854,0.79301110211683,13.27310924369748,0.9308003748890855,2.2904066194552697,5.957973692168384,22.759782981139647,2.030515484882267,20.675350047693204,15.23531905027465,13.599551064023135,16.27279984028621,17.26186311852794,18.580618508963937,0.0043388239342005835,0.0018058042878408833,2024,8
2024-09-01,231,6.447442892206237,1.3487199802071441,1.6118068510610852,0.0,0.9577626013339625,0.28863690602496667,1.229015149678638,0.7687517630891826,0.8535678233342318,1.1883401014025523,0.04162504162504163,0.0,0.3070886982302509,0.2175631944193332,0.5403389337600641,0.0,1.4108117355028995,0.7569330606590609,1.8006767414388618,0.18406538516817306,0.0,0.3299832514718187,0.05622083544161467,0.5113487157666962,0.40690142381650374,0.0,0.02959116276473346,0.014674590945777386,0.38219279977011705,0.04095230596009017,0.3259602543145756,0.0,0.8627014910163027,0.0,0.0,0.0,0.0,0.0,0.0,0.18406538516817306,0.3327204871821949,0.09959078400644761,0.04558785462267362,0.2957980903544734,0.03287486995426881,0.09040437802282089,0.01513637877274241,0.01818909381934592,0.13203218545578865,1.1328591228471354,0.014240145819093187,0.0,0.08191588101240929,0.0,0.2175631944193332,0.0,0.0,0.5403389337600641,0.010849634909785286,0.7358212780323088,0.0,0.0423236893046594,0.03954241939758728,0.035880436599676255,0.05824438476935901,2.313649461738138,2.724803200851584,11.80952380952381,2.221704683511981,2.812139569458724,3.476869259979523,0.7778397103842862,12.536796536796537,0.9112421484640594,2.221704683511981,5.98875621280664,21.752147079178403,2.0503127560394607,19.475337774796422,15.267677841732104,13.74495711466166,16.27802400114831,17.354985971360204,18.693094191119247,0.003570275032528403,0.002047607043030729,2024,9
2024-10-01,219,5.841372152586561,1.0912868164705936,1.407887693543317,0.0,1.0773297472031402,0.3369691459899512,0.9972396832145898,0.6535654457152688,0.6826253274351958,1.173440741102857,0.03215087955645122,0.0,0.3771114037120989,0.12277100792457347,0.4574201983574758,0.0,1.1084817239737257,0.8349460616752723,1.4080512780867769,0.3269988581973296,0.0,0.31664133472824496,0.0,0.3808772140096425,0.24472548656657606,0.0,0.11776736989447174,0.03127541127165822,0.21305414807981393,0.020384866275277233,0.20345921508439943,0.0,0.9709894641038265,0.0,0.0,0.0,0.0,0.0,0.0,0.3269988581973296,0.23349237211085833,0.1228170654699599,0.02550955332772123,0.36851189809727125,0.010769363315240801,0.21650098461123615,0.024896434777918537,0.0,0.08480236328555577,0.8724891297003162,0.015271605503886624,0.03127541127165822,0.0782035367387287,0.0,0.12277100792457347,0.0,0.01968193985199181,0.4574201983574758,0.05369229958122766,0.5700693736401928,0.020027237042377632,0.09252871675262529,0.0,0.0,0.24243486389382707,3.1692362086002572,2.4816294358525246,11.95890410958904,2.2427983388395303,2.793318750446376,3.4785348498792836,0.7894330362895932,13.178082191780822,0.955938081976857,2.2427983388395303,5.8325088068008135,22.275282229862967,2.036753342871876,19.54209204095662,15.410626499453912,13.719120231322256,16.383522674652706,17.51035349695214,18.775225974140607,0.003461905438488488,0.00196932862183082,2024,10
2024-11-01,254,6.162466700179491,1.3971428528544252,1.8150461267099183,0.0,0.8589271822084797,0.25772507479155116,1.1977480822011555,0.8133023607466464,0.7667569812081333,1.3420607915692966,0.03231061634537063,0.0,0.26785728532469966,0.2626250393161006,0.49198085076449505,0.0,1.2120303160612764,0.9362801829501881,1.3144946636219113,0.3028269542261523,0.0247610558114198,0.42046880101310674,0.007372673921377805,0.48701156454533007,0.2683344307911946,0.0,0.15370320432499474,0.035491122447001554,0.2814268671921745,0.037019461343946944,0.2202368956831252,0.0,1.2763629024906715,0.0,0.0,0.0,0.0,0.0,0.0,0.3028269542261523,0.13199960229324675,0.09265607239756089,0.03998406186338623,0.29146049142813363,0.03423665790521287,0.07191188456101714,0.030173539528448146,0.010043387433713642,0.11135960536315932,1.1101563970371873,0.016788679869527163,0.013529236680466487,0.05727376861397479,0.0,0.2626250393161006,0.0,0.032387588046698515,0.49198085076449505,0.026308882619352214,0.7014543253732632,0.0032564167692437952,0.03762645646838255,0.024419782597243617,0.0,0.21713813986107794,4.006916869780685,3.210489568425413,11.917322834645669,2.2372557845099035,2.813180937323244,3.538052258130393,0.8260537166798694,13.374015748031496,0.968919994653851,2.2372557845099035,5.934537613567012,21.79782852940536,2.0459886165683847,21.15543467105304,14.984711715978259,13.735905419161039,16.041075584677333,17.004869582627453,18.314336307499733,0.00418722817938713,0.0018160165171688739,2024,11
2024-12-01,205,6.208039545833512,1.2795921567019497,1.9290588052763604,0.012904890953671443,1.036345007319153,0.18158376944044957,1.2011272702713292,0.770534845879901,0.5151282311751186,1.288309764023806,0.10233962338434134,0.0,0.37397350641752103,0.1286714523830094,0.5366826347254917,0.015735641227380016,1.1328454615330783,1.0504389273094887,1.1683920557874834,0.4106504790419122,0.0,0.34236636520748687,0.024122626886236277,0.46860749227724563,0.2392200760722512,0.0,0.1798690921936889,0.02540650406504065,0.34738554678982625,0.035874915167895885,0.20092214890115553,0.012904890953671443,1.3319713034638114,0.0,0.0,0.0,0.0,0.012904890953671443,0.0,0.4106504790419122,0.14530118159228836,0.06788058268565154,0.03529657242169471,0.3772161915776061,0.023452157598499064,0.06739038749999547,0.0,0.01861850679575498,0.07212271754620005,1.0242114710995855,0.0,0.03200695666750482,0.14490884250423886,0.0,0.1286714523830094,0.018269845619804513,0.04314040965708678,0.5366826347254917,0.043770503494508624,0.3786056892191444,0.023452157598499064,0.08599598194698976,0.013255567338282079,0.013818835072203415,0.344667387284512,2.9721166860406494,4.210093472712879,11.770731707317074,2.217534316783774,2.793884090027382,3.5298405202622023,0.8049274528827352,13.190243902439024,0.9432375897961557,2.217534316783774,5.867699654047849,21.98475865780796,2.0506459340655336,21.16765483458275,14.925741086943379,13.651742345983195,15.977477756148911,16.914169494105153,18.259088640704377,0.0041686306553553095,0.0017466474120484603,2024,12
2025-01-01,204,6.631717422556546,1.2448310828902258,1.5923338252925727,0.0,1.0008708784202918,0.3134543859836959,0.9775702268899887,0.8668825161045595,0.7830457927978894,1.2480314564746517,0.01250500200080032,0.0,0.36317615995002694,0.1761617919276814,0.67112426583191,0.0,1.2807133013672478,0.9580327162470702,1.6252072825332442,0.29676544622391415,0.020008003201280513,0.33480661252786065,0.03363414331249741,0.5140620604167171,0.2419320606131739,0.0,0.054079653320490716,0.04630854949820551,0.2697719801498531,0.049545665866212216,0.2552490132724997,0.04438534307003434,0.9733818229339732,0.0,0.0,0.0,0.0,0.0,0.0,0.29676544622391415,0.11742905334474298,0.1551484547284378,0.10760187401890073,0.32392605010429604,0.04012898931291308,0.20372737931762058,0.0,0.0,0.06959801735316226,0.9290411414139202,0.01984599507819322,0.016178088397075,0.01250500200080032,0.0,0.1761617919276814,0.0,0.0,0.67112426583191,0.019596458344968128,0.7131282833061405,0.006119801228856086,0.03610301456620512,0.0,0.027694693696687717,0.08382114175290359,3.8926898255216336,3.1758294938203564,11.598039215686274,2.1450055943466673,2.804721231317345,3.5379819131489305,0.826711846232237,13.058823529411764,0.939160264144155,2.1450055943466673,5.854271415179283,22.02998520389673,2.0573057830627315,19.424617513505805,15.371688071488016,13.851501264209857,16.37320954666851,17.39554798561679,18.848097310720444,0.0031586259610535444,0.0019632841288100304,2025,1
2025-02-01,218,6.6638030248886935,1.8240543124599327,1.8588315429043551,0.0,0.7433671263586542,0.3664933846368116,1.3116303429214713,0.7617134895192255,0.7121147167167986,1.3773917998954355,0.12227462572719139,0.0,0.4396298408509437,0.08633896156124034,0.6005161391304886,0.0,1.3672095319754296,1.0149478835050418,1.4818757148029558,0.17361852743996706,0.012232415902140673,0.4306167070765245,0.0,0.8271364142353399,0.3596500473631338,0.029491062018720392,0.16492766586407345,0.0,0.27540453519755503,0.015817779183802592,0.18166735802552086,0.0,1.3859418704974766,0.0,0.0,0.0,0.0,0.0,0.0,0.17361852743996706,0.14423733798610103,0.06482257325109766,0.0930440801870995,0.26764460749438895,0.04361892487831632,0.17486988390665878,0.0,0.016864543982730705,0.1311400318691058,1.218378630703243,0.06876230322929865,0.006846501437765302,0.017642907551164433,0.0,0.08633896156124034,0.0,0.013693002875530604,0.6005161391304886,0.06116538595196593,0.6777076332721513,0.0,0.03440708344464738,0.0,0.0,0.3709197520013355,2.7746479442129095,2.4563594130226813,11.720183486238533,2.1997348861865285,2.7994634100841966,3.510915130736773,0.8027501903950172,13.03211009174312,0.948115998385653,2.1997348861865285,6.555411060837552,21.92436104793437,2.068493834706528,17.376740527998386,15.703521561999697,13.938534929787288,16.55713038218855,17.873986767212898,19.11853649619236,0.0037194528793585016,0.001901371605541041,2025,2
2025-03-01,262,6.308675877336225,1.40691487419409,1.8048173815827502,0.0,0.6685465660302545,0.23842455709857696,1.2963079767018704,0.7451106143798598,0.99066290148707,1.224796589060471,0.03274210447537794,0.0,0.3490978747971847,0.09489264508856574,0.6117041189261614,0.0,1.1953887457736196,0.8593106005810515,1.7236677723810456,0.2170754262527467,0.0,0.29733448232018006,0.021442662320953768,0.6463626593195737,0.2881805231802971,0.0,0.10316752018921307,0.05042702686387234,0.38837259989449036,0.02502882602148641,0.266773718615618,0.0,1.1246422370511555,0.0,0.0,0.0,0.0,0.0,0.0,0.2170754262527467,0.12588536122383134,0.06506184107040247,0.04949773236094652,0.2110262051223275,0.015086141870078146,0.11618081733864334,0.025360756764981868,0.0,0.08179684112487359,1.235764705473247,0.0,0.017670342097823016,0.04287292913080032,0.0,0.09489264508856574,0.0,0.024784375929414102,0.6117041189261614,0.013729474435718602,0.8847430886330326,0.0,0.06901053144542936,0.03690928140860786,0.0,0.24881911639658966,3.218787293953519,2.925272895051222,11.885496183206106,2.237095227222769,2.797290703027546,3.552743321788032,0.8408339915583193,13.183206106870228,0.9530478889608581,2.237095227222769,6.013301384746203,22.22156002331129,2.073313429000299,17.426126952656563,15.654385270352698,13.931982081905492,16.52067011822283,17.821090586818897,19.06780089267689,0.004235406782873836,0.001704344896861392,2025,3
2025-04-01,224,6.801009153795218,1.3528366185539282,1.5741306043336638,0.0,0.8596173302536938,0.16676430779381562,1.2643409669870334,0.8732462808782124,0.7093108196668113,1.583995144348116,0.039921653754506785,0.0,0.2637426032660367,0.13856273424415985,0.6938106342374762,0.0,1.3586844468896893,0.8908593954691213,1.5749828339262655,0.2564497076598457,0.0,0.316408556979413,0.009300595238095238,0.5951271162697215,0.27083094009710335,0.0,0.14264540285637642,0.01852400711321873,0.2916243897979209,0.0,0.2766837211475961,0.0,1.0058224933881468,0.0,0.0,0.0,0.0,0.0,0.0,0.2564497076598457,0.153891470151118,0.05961469761247535,0.022433596554199572,0.36722785827605514,0.04713898436365397,0.08950922611828847,0.0,0.018147502903600465,0.011968594408272692,1.1745891518659544,0.048955920842041846,0.02882729987076457,0.011968594408272692,0.0,0.13856273424415985,0.027056277056277056,0.004398311048557354,0.6938106342374762,0.009418324291742013,0.5918456844909349,0.03310277647243108,0.05276895211003885,0.0,0.03159340659340659,0.31548177240776604,3.273851574170823,3.9425137782084123,11.772321428571429,2.1850489729351956,2.7926833741788726,3.516715706788632,0.8079203387102266,12.767857142857142,0.9406634381516745,2.1850489729351956,6.172567135442839,21.59026305294515,2.060228723789495,20.378621588582423,15.016073763366105,13.8547020699972,16.000481036543164,17.071872306522206,18.343829450226934,0.003832609960156086,0.0019852474459784728,2025,4
2025-05-01,258,6.908669336058537,1.4743168531329611,1.4033258742104708,0.0,0.7679086137058748,0.3291986621313363,1.189206962878373,0.9493130151668789,0.6158435557713468,1.3634971633161137,0.024885581801126475,0.0,0.4284768557063914,0.1461038501838871,0.7730679017678773,0.0,1.186126368741025,1.054209499543638,1.7226561622386263,0.20964595275985237,0.0,0.46124944310942617,0.025499796001631984,0.5556083831979073,0.322238679532337,0.0,0.05126222884958858,0.05845832244207015,0.3115847694002692,0.06700817536048377,0.2572560783063628,0.0,0.7674768511433551,0.0,0.0,0.0,0.0,0.0,0.0,0.20964595275985237,0.1406726131800652,0.07848775347146332,0.05984299388910122,0.2792593004053927,0.06357149162993851,0.12838003457616343,0.057696724287674445,0.0,0.07955041163755994,1.1289270676677465,0.0371785341609859,0.013647778141718529,0.009453582907922102,0.0,0.1461038501838871,0.0,0.0,0.7730679017678773,0.030141263215114535,0.5678111874410788,0.0,0.04803236833026799,0.0,0.0,0.3921544484033886,2.9972538771087156,3.806169685835981,12.003875968992247,2.267793759495903,2.7980402951838865,3.483100257977216,0.7755022239687787,12.748062015503876,0.9259002636112648,2.267793759495903,6.350687893261366,21.952019948326395,2.074450262987351,17.239525187596374,15.630106289879791,13.96867704358943,16.48553297602136,17.729956139080578,19.10342754610391,0.003993101313949892,0.0019426294804270553,2025,5
2025-06-01,231,6.8632443409355215,1.1957789025270587,1.5068140655221807,0.0,0.6030331559149089,0.21648793372954261,1.3569156068569257,0.6803547180967449,0.9031111441793347,1.3558656602130146,0.04854408070264527,0.0,0.2344942228813365,0.13123321979858885,0.4855717118604201,0.0,1.1619466446438875,1.4175806334076078,1.824116862729393,0.20389130469862674,0.0,0.36924722888058986,0.0,0.4478846002352885,0.2851886106016223,0.0,0.07771662888590586,0.015741833923652106,0.2799450888872125,0.018500018500018502,0.19803243796184264,0.03114391603600237,0.9791926041371046,0.0,0.0,0.0,0.0,0.0,0.0,0.20389130469862674,0.036947793494950164,0.015351079180866414,0.06096214955367242,0.2858808289867932,0.010114496095804507,0.0799932763021691,0.07605284229157948,0.0,0.050327319039989514,1.295710236807898,0.016650016650016652,0.015242972989451863,0.013570546485906988,0.015741833923652106,0.13123321979858885,0.0,0.0,0.4855717118604201,0.06354978643773591,0.8003040538171401,0.016650016650016652,0.07429678787928927,0.0,0.011860285832888572,0.4302527033660744,3.74085619626929,3.8916832662913183,11.463203463203463,2.138364281548465,2.8159725630213384,3.5026974424341177,0.8206522770329123,13.025974025974026,0.9049374513507265,2.138364281548465,6.086668666703835,20.87464713866006,2.06759282732508,20.033409074182696,14.818831401179333,13.926467530499536,15.778625181768803,16.86178772972789,18.207594227487636,0.003756892025579631,0.0019413440558691659,2025,6
2025-07-01,211,7.767428050982382,1.7874252074432493,2.3840098053891827,0.0,0.9777841144177634,0.21416417804774762,1.073404114822006,1.1550971102488514,0.7124637080164501,1.491662359903233,0.09342355720179393,0.0,0.2526032441087958,0.13674588738695276,0.9204853096277298,0.0,1.2855403027612171,1.0766655965796685,2.323470795598562,0.1868309978144292,0.0,0.6103551923026669,0.019747235387045814,0.6292115004839943,0.24421019354052526,0.0,0.21242618572895317,0.07147490000006369,0.36460811154044037,0.014950588305649827,0.6036879373725895,0.0,1.4007631681705028,0.0,0.0,0.0,0.0,0.0,0.0,0.1868309978144292,0.13009277770063124,0.08614951013845248,0.1035532622642226,0.4711575665000279,0.0,0.08380221178135065,0.010555315128933174,0.026419485253388043,0.09338716588407577,0.9914043571554024,0.0,0.00810142990237777,0.07389832776422565,0.0,0.13674588738695276,0.0,0.023578788521845747,0.9204853096277298,0.07428712471232309,0.6601820037374541,0.0,0.03627043234355353,0.016011271935442554,0.0,0.6431940437757527,2.8504786965617988,4.141839789233614,11.535545023696683,2.1896060215861044,2.7968949487641095,3.499409021983842,0.7871621108986796,13.246445497630331,0.9242637570612584,2.1896060215861044,5.84535142851639,21.581258895196918,2.0867949986963024,15.782033372520207,15.808667335959655,14.079332420194781,16.61761983961931,18.012334733163176,19.301612642015066,0.004008163681165021,0.002460215091885914,2025,7
2025-08-01,245,7.499698018421241,1.695369036239923,1.6900800206447086,0.0,0.9129163139595068,0.11847204549587881,0.9339552494711283,1.0692800655303947,0.6833941346700705,1.5985163173182124,0.018984337921214997,0.0,0.3504142944366867,0.16655464155270602,0.8497421535738252,0.0,1.6532575927870083,0.8888243081842964,1.6771099336860233,0.2962944389612679,0.0,0.5169380788354245,0.0,0.6595920301655266,0.382857773303496,0.0,0.08464970835683364,0.051331445578642165,0.3311716290464591,0.010741138560687431,0.35067467833214305,0.021710811984368215,0.9757817627210507,0.0,0.0,0.0,0.0,0.0,0.0,0.2962944389612679,0.14218528149172016,0.07685838338606027,0.04501688195420395,0.3525613281662546,0.018984337921214997,0.0707881656877274,0.0,0.0,0.028699541886936398,0.8387604264713107,0.020582696389199708,0.0,0.055974534587507285,0.018637592023110612,0.16655464155270602,0.019073049780659927,0.0,0.8497421535738252,0.03391022062320369,0.6032470343408691,0.01600640256102441,0.06026081882040012,0.0038798789477768295,0.0,0.4814819026504632,4.49077411679667,4.705066865529494,11.69795918367347,2.193685310874216,2.8112185387864743,3.5223276912759736,0.8178043880604766,13.461224489795919,0.9495444823621407,2.193685310874216,6.724241865604874,21.303146213524865,2.0668576043278133,19.029614086095158,15.044873018081157,13.931702495398836,15.889397102063654,17.177056594419366,18.323072159755846,0.0038269884029635917,0.0016702229830236584,2025,8
2025-09-01,248,6.783685867154946,1.2941508176428413,1.2401527034565674,0.0,0.6158966971679793,0.1921272136897549,1.1081905843832098,0.8620227612756146,0.8189698756896321,1.4569304843520778,0.05081683495589921,0.004421335597057158,0.31377152805804365,0.1507214616075543,0.648536783249633,0.0,1.2858874488004046,1.0474108107317521,1.6330486416879137,0.1921405381146101,0.0,0.37360601700924634,0.008842671194114316,0.4375305557979021,0.2513147021158146,0.0,0.21466122505317006,0.008195646472593758,0.12417183952557088,0.025735222371836154,0.21325705576979934,0.0,0.876988585789361,0.0,0.0,0.0,0.0,0.0,0.0,0.1921405381146101,0.13146395598412036,0.06676484275050583,0.02023671208810946,0.20529064823063356,0.029706776639988816,0.10278904195497611,0.0,0.0206782464846981,0.03895314861009187,0.9956400315510523,0.009399202947590045,0.0744127517210045,0.012800819252432155,0.015937778911130945,0.1507214616075543,0.028597574925646303,0.0,0.648536783249633,0.034166941492780926,0.7448721904599221,0.0206782464846981,0.05341943874501188,0.0,0.0,0.4207872760954909,3.9479486868174956,3.8224729018519463,11.778225806451612,2.210955205993924,2.8127786504667336,3.5218736778778066,0.8223051004122913,14.27016129032258,0.9201887260030718,2.210955205993924,6.977795372200805,21.22714651068436,2.092120543106983,17.48878180441629,15.307501692421273,13.930235478293584,16.114706752358384,17.491743711040105,18.720775531921714,0.003890414773251947,0.0018152994029975332,2025,9
2025-10-01,254,6.850027443992358,1.2305871307996543,1.5395139516518836,0.0,0.7851348290527838,0.20501344598515334,1.1809522051095604,0.9007891835028753,0.8114225099845661,1.5101034302960064,0.012993425326784647,0.0,0.19612956600187512,0.10856455448942615,0.7042183564052136,0.0,1.3617468763724605,0.884811378237567,1.8698096616256021,0.2016501952374232,0.0,0.39490684110494395,0.0,0.3150206768987073,0.32027361298455037,0.0,0.18411737223287525,0.01626862757857747,0.2359806020154907,0.0,0.2777601711138971,0.0,1.0257731785224957,0.0,0.0,0.0,0.0,0.0,0.0,0.2016501952374232,0.08972410626121761,0.0819259802395306,0.08306187672800822,0.32877267058660414,0.032312468554121544,0.09938557062553484,0.023574897449196098,0.0,0.049740509356300866,1.0680240066726643,0.013167250414768388,0.06373447653604368,0.036026471486083976,0.0,0.10856455448942615,0.027821131151452568,0.018142893428644,0.7042183564052136,0.04204224802813884,0.5814866116579376,0.022242982339072025,0.16606530193732214,0.0170926778048649,0.024534936245369413,0.47651557488193036,3.9218371951313027,3.8403892106428064,11.421259842519685,2.1298308818384406,2.812974658023175,3.534313142486661,0.8277203880346683,13.385826771653543,0.9447574276461425,2.1298308818384406,6.855671690654125,21.605118402408134,2.0771879625421144,17.438833866261344,15.460142270913943,14.016896802728057,16.261687932058717,17.623536260266526,18.790263503191017,0.0037168703027393615,0.0019473357219225412,2025,10
2025-11-01,247,7.622395840663325,1.6213214777614557,1.37204426868567,0.0,0.6146120658874096,0.23035445023786164,1.159091847136276,1.0765246610625347,0.9734266113716963,1.2909697983059372,0.04608341156524152,0.0,0.2887491970240715,0.2569325899796986,0.7794802583982268,0.0,1.3953123707559993,1.353396560818359,2.088879982731518,0.12259167108427298,0.0,0.4603977782616027,0.0,0.5285204736921664,0.4174550503622767,0.0,0.19220332715354804,0.02274484829186189,0.1379482720220231,0.042672963276722625,0.4186275659600227,0.0,0.7727954674269016,0.0,0.0,0.0,0.0,0.0,0.0,0.12259167108427298,0.10248544296676818,0.1300585176889566,0.044294424312265525,0.21518200983514638,0.0,0.1078393334678384,0.020977113968660192,0.009393464027729505,0.09214453877363356,1.0616925256082854,0.01238098775520311,0.014014502482864401,0.07100383128992332,0.0,0.2569325899796986,0.0,0.0,0.7794802583982268,0.040111812684609324,0.8562602081801786,0.019540930320987884,0.05570354826291896,0.018918612130614097,0.023003312476996687,0.4850636398357411,4.232389283996376,3.919683782561793,11.611336032388664,2.1163627988637543,2.813238310478105,3.552304454111005,0.8015546516826452,13.882591093117409,0.9357491727805466,2.1163627988637543,6.439200608088831,22.03188234105122,2.088874953719923,16.088765498677656,15.605267245473474,14.13372499571702,16.352602149970437,17.76035887463502,18.969311543230997,0.003881189662034116,0.002304861155997682,2025,11
2025-12-01,200,6.849274213292531,1.3279800242043203,1.441717074916532,0.0,0.5495702577140329,0.2074346639291376,1.073187108804241,1.0191119564973683,0.9434634638893273,1.4087614961135986,0.0700385299927634,0.0,0.29083225316033023,0.07059099937391344,0.8330805621275662,0.0,1.4467475026615944,0.8063812916557426,1.7853799360714229,0.13746164213559953,0.0,0.5405067878078605,0.0,0.48732839202169237,0.21000189817108994,0.0,0.09014294620367735,0.0,0.21429273600644863,0.01824817518248175,0.24861582855844047,0.0,0.9605603351691612,0.0,0.0,0.0,0.0,0.0,0.0,0.13746164213559953,0.24020067263998224,0.0,0.03590152723957146,0.1360064156988797,0.04373375748358904,0.03718668675523901,0.0,0.017730496453900707,0.10878372323640882,1.0286719643508768,0.007440476190476189,0.00687757909215956,0.011185682326621925,0.019011406844106463,0.07059099937391344,0.06650496023781,0.0,0.8330805621275662,0.04893543475807876,0.849720453038163,0.026680118500548185,0.06706289235061613,0.0,0.0,0.322062630938278,4.040634939236661,3.9492585324785328,11.67,2.1644232247025057,2.818350531943978,3.5671362483531346,0.814239639200457,14.605,0.9180810314489699,2.1644232247025057,6.3938164188058355,21.726679626913402,2.0955313729326117,16.479592242774082,15.543202154018694,14.10603613335245,16.339101507709525,17.752926022472355,18.90929943716554,0.0035150492034087696,0.0017414268106256024,2025,12
2026-01-01,182,7.167238050251663,1.217397152687641,1.3980544784501305,0.0,0.4328797172196843,0.2088454271514144,1.0754024257856039,0.7748394732465336,0.7777904110260219,1.5229534893429741,0.014345967348578315,0.0,0.2658528488541879,0.16546142278256992,0.5934274128808247,0.0,1.247466556108315,0.9914491529790227,2.206677615466965,0.1596035844882251,0.0,0.35003456116221543,0.021462912087912088,0.3568206670083601,0.4216216692142786,0.0,0.05868017788818874,0.008777165326686093,0.172751519181198,0.0,0.3506999869960407,0.0,0.874602972272892,0.0,0.0,0.0,0.0,0.0,0.0,0.1596035844882251,0.06941603157706927,0.0,0.028069496137460254,0.1757906050169297,0.011259232570707982,0.12343586302436318,0.0,0.0,0.07415033155634324,0.9961215529364197,0.0,0.018133681500018133,0.06114719134916591,0.0,0.16546142278256992,0.0,0.0,0.5934274128808247,0.015950637583138978,0.7002326607919651,0.0628271725007979,0.014730577733258698,0.0,0.0,0.39626862801404705,4.0011192134843325,3.826284310285576,11.45054945054945,2.0762259923726627,2.8035833040024722,3.5754049603336173,0.8413040991194713,13.785714285714286,0.9243835551062503,2.0762259923726627,6.051968505249105,21.618369039535004,2.1134017082768937,15.238642333659232,15.664054835471223,14.165257110134776,16.284099436282805,17.66664738817902,18.9539264655586,0.0036563534051011906,0.001917059715709662,2026,1
2026-02-01,224,7.642374862205375,1.0934444875613425,1.1987536771967602,0.0,0.6517596883267205,0.25851083630567,1.0906630804508146,0.944198461947134,0.7483447722583361,1.5088449829241106,0.034918428493231866,0.0,0.25425189052507907,0.20643364427150407,0.6133653977630047,0.0,1.4141957897257433,1.287807303157695,2.1446941055053927,0.17786331983961354,0.0,0.27520952006156735,0.0,0.25659760668719817,0.3127177493947322,0.0,0.22295613663821395,0.025963474779630766,0.06310882981333309,0.03199969944309601,0.1689438059862443,0.0,0.9347013419540866,0.0,0.0,0.0,0.0,0.0,0.0,0.17786331983961354,0.10018828830018982,0.04424066924066924,0.0,0.32946741094624793,0.04005627830815801,0.02528903285078907,0.052083282326798944,0.0594299713220982,0.08165227149782577,0.9880325170598647,0.0,0.0,0.10263056339094989,0.0,0.20643364427150407,0.0,0.04107352817670278,0.6133653977630047,0.08332589173592243,0.7168375706122455,0.0,0.0,0.0,0.031507201646090534,0.2810995663515698,4.568465860722162,4.52973580960855,11.147321428571429,2.0178245509361994,2.8078400941240744,3.5855143973790704,0.8134510911855405,13.330357142857142,0.9018462454926054,2.0178245509361994,5.815165433466825,21.382410565120605,2.0946206537706047,17.041604561610832,15.334449853506985,14.168280371278067,16.05964470496584,17.53515768599942,18.639011672279054,0.004255897437569205,0.002176770660892984,2026,2
2026-03-01,297,7.372626236763602,1.194425447953777,1.3105389730130779,0.0,0.45877533360875117,0.2929988611936092,1.1849520808340939,0.8500913015044312,0.9593476494008444,1.4671844467036474,0.03540399301286866,0.0,0.24607358561424122,0.09091350433908604,0.6713970272459594,0.0,1.3732549968170364,1.068515401127734,2.2838115260384395,0.13607175586458933,0.0,0.38549149783916214,0.009538253164315488,0.3602438202643432,0.31731357923724773,0.0,0.09030480395150599,0.031533493497202386,0.1678525106796689,0.03673782453886733,0.16341425117959985,0.013101180416355513,0.9294332061985864,0.0,0.0,0.0,0.0,0.0,0.0,0.13607175586458933,0.08653065195092652,0.025529126667088564,0.029875029875029876,0.18076876925111685,0.04916769044865619,0.07181018249104881,0.06597438107154609,0.0,0.10604660718235812,1.1113757210148607,0.0,0.03794957978669833,0.03562678003253488,0.0,0.09091350433908604,0.012424366667909102,0.0,0.6713970272459594,0.07535640325147677,0.90324723398406,0.021412542610959796,0.017031353431092033,0.008677843729390122,0.008978675645342311,0.3966250149742047,3.9683130714794643,3.968111376106975,11.599326599326599,2.0936772486385955,2.8053289717582417,3.5575081428133664,0.8081695150284468,14.447811447811448,0.9673885490683825,2.0936772486385955,6.606021343689286,22.28826375777076,2.107423313654964,14.6308875151779,15.86436296059168,14.190458344849684,16.524963186933668,18.089685351909523,19.324513033107607,0.0034290651862474452,0.0021846522193441653,2026,3
2026-04-01,169,7.796526278884093,1.14372235144992,1.2903253998593103,0.0,0.548814716201317,0.154539350456684,1.1926645449188604,0.933183431267365,1.1614811508599423,1.8568838025147396,0.0,0.0,0.2771883160412996,0.15061409011771937,0.7825693411496457,0.0,1.2303680359116709,0.9892151523911545,2.39165657063028,0.11803097012758265,0.0,0.4621387483494311,0.0,0.2537732264366326,0.37099870436571886,0.0,0.056811672298137376,0.0,0.1999480603998683,0.0,0.17034382021658373,0.0,0.9200335192428583,0.0,0.0,0.0,0.0,0.0,0.0,0.11803097012758265,0.1685240641065426,0.022584579249288583,0.07454715869268858,0.16512794402521466,0.014055011314284108,0.055755647212398604,0.06106005287674682,0.0,0.023668639053254437,1.0949774955786862,0.0,0.01831938007217836,0.058605705186193846,0.02076196408180214,0.15061409011771937,0.0,0.0,0.7825693411496457,0.0,1.0718476148097793,0.02167457788759564,0.06795895816256725,0.0,0.0,0.14756900980433546,4.77453038634904,4.857048585529515,11.680473372781066,2.141754587760296,2.818251356640816,3.5812611545205413,0.8145852997396054,14.076923076923077,0.935977492541168,2.141754587760296,6.05169732427139,21.956122075971578,2.1080321127629156,15.682967663860502,15.565005083597915,14.17179042161603,16.205979606760213,17.76684947935775,18.827889440511974,0.003570689558198896,0.0017329706185065094,2026,4
