dependency_bigram,head_dep,child_dep,pre_count,post_count,pre_proportion,post_proportion,proportion_change,abs_proportion_change,relative_change_pct
pobj->amod,pobj,amod,44826.0,60139.0,0.07793535465228481,0.08774049158252106,0.009805136930236255,0.009805136930236255,12.58111543083714
prep->pobj,prep,pobj,95191.0,106821.0,0.1655009223376086,0.15584773693171622,-0.009653185405892384,0.009653185405892384,-5.832707920624551
ROOT->prep,ROOT,prep,33205.0,35678.0,0.05773085823471014,0.0520528319174111,-0.005678026317299044,0.005678026317299044,-9.835340216517315
pobj->det,pobj,det,16688.0,16000.0,0.029014081078778585,0.023343385578748183,-0.005670695500030402,0.005670695500030402,-19.544632430830458
pobj->prep,pobj,prep,29666.0,32406.0,0.05157788406537905,0.0472791095665571,-0.004298774498821947,0.004298774498821947,-8.33453053904443
compound->amod,compound,amod,8782.0,13167.0,0.01526855585054132,0.01921014736971108,0.003941591519169762,0.003941591519169762,25.815090554422145
dobj->amod,dobj,amod,9582.0,14007.0,0.016659451396024472,0.02043567511259536,0.003776223716570888,0.003776223716570888,22.667155279026936
pobj->nmod,pobj,nmod,6816.0,5879.0,0.011850430047516469,0.008577235238591285,-0.003273194808925184,0.003273194808925184,-27.620894733783587
amod->npadvmod,amod,npadvmod,6464.0,9822.0,0.011238436007503882,0.01432992082215404,0.0030914848146501583,0.0030914848146501583,27.508140924466534
compound->compound,compound,compound,11017.0,15188.0,0.01915437028073488,0.02215870876062671,0.00300433847989183,0.00300433847989183,15.68487209894621
appos->amod,appos,amod,9312.0,12794.0,0.016190024149423908,0.018665954693406515,0.0024759305439826067,0.0024759305439826067,15.29293916507659
nmod->advmod,nmod,advmod,1559.0,360.0,0.0027105076942602955,0.0005252261755218341,-0.0021852815187384613,0.0021852815187384613,-80.62259049719577
pobj->nummod,pobj,nummod,3733.0,3024.0,0.006490266339110766,0.004411899874383406,-0.00207836646472736,0.00207836646472736,-32.02282242568365
appos->det,appos,det,7011.0,9721.0,0.012189460836727988,0.014182565700688193,0.0019931048639602045,0.0019931048639602045,16.351050228200354
dobj->compound,dobj,compound,7380.0,9956.0,0.012831011407082092,0.014525421676376056,0.0016944102692939642,0.0016944102692939642,13.205586181294581
dobj->prep,dobj,prep,8939.0,11793.0,0.015541519101342388,0.01720553413313608,0.0016640150317936923,0.0016640150317936923,10.706900792278176
nmod->nummod,nmod,nummod,1663.0,843.0,0.0028913241151731057,0.0012299046276802949,-0.0016614194874928108,0.0016614194874928108,-57.46223603137417
conj->amod,conj,amod,6932.0,9327.0,0.012052109901611527,0.013607734830811518,0.0015556249291999915,0.0015556249291999915,12.907490405410126
ROOT->dobj,ROOT,dobj,9061.0,11801.0,0.01575363067202857,0.017217205825925456,0.0014635751538968865,0.0014635751538968865,9.290399047475095
pobj->compound,pobj,compound,37048.0,43256.0,0.06441237271132484,0.0631088429121457,-0.0013035297991791372,0.0013035297991791372,-2.0237257910388284
appos->prep,appos,prep,5833.0,7844.0,0.010141367146004044,0.011444094779981297,0.0013027276339772527,0.0013027276339772527,12.845680619013585
appos->compound,appos,compound,4456.0,6161.0,0.007747288188341166,0.008988662409416722,0.0012413742210755562,0.0012413742210755562,16.023338630202122
ROOT->appos,ROOT,appos,10247.0,13052.0,0.017815633318207343,0.01904236678586383,0.0012267334676564871,0.0012267334676564871,6.885713495252406
nsubj->prep,nsubj,prep,4182.0,4165.0,0.007270906464013186,0.006076575058467886,-0.0011943314055453003,0.0011943314055453003,-16.426169301675866
acl->dobj,acl,dobj,3772.0,5192.0,0.00655807249695307,0.007574928620303785,0.001016856123350715,0.001016856123350715,15.505411442510802
ROOT->amod,ROOT,amod,14228.0,17613.0,0.024737077276417888,0.025696690637405734,0.0009596133609878453,0.0009596133609878453,3.879251175330461
conj->compound,conj,compound,5010.0,6557.0,0.00871048335358825,0.00956641120249074,0.0008559278489024894,0.0008559278489024894,9.82641047755281
ROOT->nsubj,ROOT,nsubj,7525.0,8418.0,0.013083111224700914,0.012281538737618888,-0.0008015724870820261,0.0008015724870820261,-6.126772701959893
nmod->prt,nmod,prt,551.0,125.0,0.0009579793069515221,0.00018237019983397018,-0.0007756091071175519,0.0007756091071175519,-80.96303349032581
amod->amod,amod,amod,1391.0,2117.0,0.0024184196297088335,0.0030886217043881187,0.0006702020746792853,0.0006702020746792853,27.712398065507536
acl->prep,acl,prep,4326.0,4697.0,0.007521267662200153,0.0068527426289612635,-0.0006685250332388896,0.0006685250332388896,-8.888462201640753
dobj->conj,dobj,conj,1714.0,2484.0,0.0029799937061976566,0.003624060611100655,0.0006440669049029984,0.0006440669049029984,21.613029033031083
poss->case,poss,case,1112.0,1751.0,0.0019333448082215837,0.002554641759274254,0.0006212969510526703,0.0006212969510526703,32.135858456835734
advcl->dobj,advcl,dobj,1131.0,1741.0,0.0019663785774268086,0.0025400521432875365,0.0005736735658607279,0.0005736735658607279,29.174115933028204
nsubj->amod,nsubj,amod,4603.0,5867.0,0.008002865244823696,0.008559727699407224,0.0005568624545835288,0.0005568624545835288,6.958288532269251
ROOT->det,ROOT,det,4860.0,5413.0,0.008449690438810158,0.007897359133610244,-0.0005523313051999136,0.0005523313051999136,-6.536704618940929
ROOT->nmod,ROOT,nmod,1763.0,1732.0,0.0030651860583585,0.002526921488899491,-0.0005382645694590091,0.0005382645694590091,-17.560583899669247
ROOT->advcl,ROOT,advcl,1093.0,1665.0,0.0019003110390163587,0.0024291710617884827,0.000528860022772124,0.000528860022772124,27.83018210776027
pobj->appos,pobj,appos,3048.0,3271.0,0.0052993120282908155,0.004772263389255332,-0.0005270486390354838,0.0005270486390354838,-9.945604943090556
pobj->conj,pobj,conj,7971.0,9848.0,0.013858535491307772,0.014367853823719506,0.0005093183324117335,0.0005093183324117335,3.6751237728631834
dobj->cc,dobj,cc,1587.0,2237.0,0.002759189038352206,0.00326369709622873,0.0005045080578765242,0.0005045080578765242,18.284649977365
ROOT->cc,ROOT,cc,4641.0,5202.0,0.008068932783234145,0.007589518236290503,-0.00047941454694364234,0.00047941454694364234,-5.941486437212407
ROOT->advmod,ROOT,advmod,1019.0,892.0,0.001771653201059167,0.001301393746015211,-0.00047025945504395586,0.00047025945504395586,-26.54353881238244
ROOT->aux,ROOT,aux,944.0,808.0,0.0016412567436701214,0.0011788409717267832,-0.0004624157719433381,0.0004624157719433381,-28.17449334034723
ROOT->conj,ROOT,conj,6178.0,7058.0,0.010741190849993655,0.010297350963425291,-0.00044383988656836355,0.00044383988656836355,-4.132129228190985
conj->det,conj,det,849.0,772.0,0.0014760878976439967,0.0011263183541745999,-0.00034976954346939686,0.00034976954346939686,-23.695712432008193
ROOT->nsubjpass,ROOT,nsubjpass,974.0,922.0,0.0016934153266257395,0.001345162593975364,-0.00034825273265037555,0.00034825273265037555,-20.565110470819697
dobj->appos,dobj,appos,835.0,1227.0,0.0014517472255980415,0.0017901458815702512,0.00033839865597220966,0.00033839865597220966,23.309750485853876
ROOT->auxpass,ROOT,auxpass,955.0,915.0,0.0016603815574205147,0.0013349498627846616,-0.0003254316946358531,0.0003254316946358531,-19.59981386094335
nmod->amod,nmod,amod,2214.0,2848.0,0.003849303422124628,0.004155122633017177,0.0003058192108925488,0.0003058192108925488,7.944793573164246
pobj->cc,pobj,cc,7153.0,8730.0,0.012436344796051248,0.012736734756404477,0.0003003899603532291,0.0003003899603532291,2.415420007079637
appos->nmod,appos,nmod,811.0,1172.0,0.001410020359233547,0.0017099029936433043,0.00029988263440975716,0.00029988263440975716,21.267964852136327
ROOT->compound,ROOT,compound,8624.0,10478.0,0.014993853980308397,0.015286999630882715,0.00029314565057431824,0.00029314565057431824,1.9551054115860396
ROOT->acomp,ROOT,acomp,435.0,325.0,0.0007562994528564648,0.0004741625195683224,-0.00028213693328814235,0.00028213693328814235,-37.30492362813967
poss->advmod,poss,advmod,165.0,21.0,0.00028687220625590046,3.0638193572106986e-05,-0.00025623401268379346,0.00025623401268379346,-89.31991566140897
pcomp->dobj,pcomp,dobj,1822.0,2336.0,0.0031677646048378825,0.0034081342944972345,0.00024036968965935202,0.00024036968965935202,7.587990890871561
amod->conj,amod,conj,3296.0,4082.0,0.0057304896473905935,0.00595548124577813,0.00022499159838753648,0.00022499159838753648,3.926219437286437
nsubjpass->prep,nsubjpass,prep,436.0,367.0,0.0007580380722883187,0.0005354389067125364,-0.00022259916557578233,0.00022259916557578233,-29.36516960207733
prep->pcomp,prep,pcomp,2207.0,2782.0,0.00383713308610165,0.0040588311675048405,0.00022169808140319039,0.00022169808140319039,5.777701122908547
amod->cc,amod,cc,3049.0,3785.0,0.00530105064772267,0.0055221696509726165,0.00022111900324994684,0.00022111900324994684,4.17122977960868
nsubj->nmod,nsubj,nmod,591.0,553.0,0.0010275240842256797,0.000806805764065484,-0.00022071832016019573,0.00022071832016019573,-21.48059822135696
appos->acl,appos,acl,511.0,759.0,0.0008884345296773644,0.0011073518533918668,0.00021891732371450247,0.00021891732371450247,24.640794161163733
poss->nummod,poss,nummod,155.0,35.0,0.000269486011937361,5.106365595351165e-05,-0.00021842235598384938,0.00021842235598384938,-81.05146327024171
npadvmod->prep,npadvmod,prep,246.0,440.0,0.0004277003802360697,0.000641943103415575,0.00021424272317950528,0.00021424272317950528,50.09177758066377
appos->nummod,appos,nummod,516.0,472.0,0.0008971276268366341,0.0006886298745730714,-0.00020849775226356273,0.00020849775226356273,-23.24058985885293
nsubj->det,nsubj,det,1223.0,1316.0,0.002126331565157371,0.001919993463852038,-0.00020633810130533297,0.00020633810130533297,-9.70394761976182
nmod->cc,nmod,cc,2158.0,2713.0,0.003751940733940807,0.003958162817196489,0.0002062220832556817,0.0002062220832556817,5.496411001116181
ROOT->npadvmod,ROOT,npadvmod,739.0,741.0,0.0012848397601400632,0.0010810905446157753,-0.0002037492155242879,0.0002037492155242879,-15.85794757021504
conj->cc,conj,cc,3054.0,3777.0,0.005309743744881939,0.0055104979581832424,0.00020075421330130374,0.00020075421330130374,3.780864443690163
agent->pobj,agent,pobj,662.0,660.0,0.0011509660638873097,0.0009629146551233625,-0.00018805140876394723,0.00018805140876394723,-16.338571106850566
acomp->prep,acomp,prep,244.0,168.0,0.00042422314137236184,0.0002451055485768559,-0.00017911759279550595,0.00017911759279550595,-42.22249456172064
ROOT->relcl,ROOT,relcl,584.0,574.0,0.0010153537482027021,0.000837443957637591,-0.00017790979056511117,0.00017790979056511117,-17.521951426291853
pobj->npadvmod,pobj,npadvmod,149.0,295.0,0.00025905429534623737,0.0004303936716081696,0.0001713393762619322,0.0001713393762619322,66.1403340303351
nsubj->compound,nsubj,compound,3028.0,3724.0,0.005264539639653737,0.00543317299345364,0.00016863335379990307,0.00016863335379990307,3.2031927830824456
pcomp->prep,pcomp,prep,791.0,1057.0,0.0013752479705964682,0.0015421224097960518,0.00016687443919958362,0.00016687443919958362,12.1341345537276
compound->nummod,compound,nummod,488.0,692.0,0.0008484462827447237,0.0010096014262808589,0.0001611551435361352,0.0001611551435361352,18.994148105027733
nmod->nmod,nmod,nmod,730.0,762.0,0.0012691921852533777,0.0011117287381878821,-0.00015746344706549557,0.00015746344706549557,-12.406588134960826
conj->poss,conj,poss,559.0,772.0,0.0009718882624063537,0.0011263183541745999,0.0001544300917682462,0.0001544300917682462,15.889696145304187
acl->aux,acl,aux,765.0,809.0,0.0013300438653682657,0.001180299933325455,-0.0001497439320428107,0.0001497439320428107,-11.258570934526979
relcl->aux,relcl,aux,802.0,858.0,0.0013943727843468616,0.0012517890516603712,-0.00014258373268649042,0.00014258373268649042,-10.22565373385985
conj->npadvmod,conj,npadvmod,154.0,281.0,0.0002677473925055071,0.00040996820922676496,0.00014222081672125787,0.00014222081672125787,53.11753567061634
dep->prep,dep,prep,588.0,608.0,0.001022308225930118,0.000887048651992431,-0.00013525957393768697,0.00013525957393768697,-13.230801680640386
conj->prep,conj,prep,5649.0,6640.0,0.009821461170542918,0.009687505015180495,-0.00013395615536242363,0.00013395615536242363,-1.3639126911603794
npadvmod->nummod,npadvmod,nummod,442.0,436.0,0.0007684697888794424,0.000636107257020888,-0.0001323625318585544,0.0001323625318585544,-17.224168571618296
pobj->advmod,pobj,advmod,161.0,105.0,0.0002799177285284847,0.00015319096786053495,-0.00012672676066794974,0.00012672676066794974,-45.27285975566706
nmod->conj,nmod,conj,2034.0,2509.0,0.003536351924390918,0.003660534651067449,0.00012418272667653104,0.00012418272667653104,3.5116054434520003
relcl->dobj,relcl,dobj,932.0,1027.0,0.001620393310487874,0.001498353561835899,-0.00012203974865197505,0.00012203974865197505,-7.5314892910308835
nsubj->cc,nsubj,cc,690.0,742.0,0.00119964740797922,0.001082549506214447,-0.00011709790176477291,0.00011709790176477291,-9.761026530455462
dobj->nmod,dobj,nmod,1096.0,1226.0,0.0019055268973119206,0.0017886869199715794,-0.00011683997734034113,0.00011683997734034113,-6.1316362159549875
ROOT->nummod,ROOT,nummod,235.0,205.0,0.0004085755664856764,0.0002990871277277111,-0.00010948843875796532,0.00010948843875796532,-26.797598226374532
pobj->poss,pobj,poss,1164.0,1462.0,0.0020237530186779885,0.002133001857258115,0.0001092488385801265,0.0001092488385801265,5.398328628633401
acomp->advmod,acomp,advmod,140.0,92.0,0.0002434067204595519,0.00013422446707780203,-0.00010918225338174987,0.00010918225338174987,-44.8558910680912
advcl->aux,advcl,aux,443.0,601.0,0.0007702084083112963,0.0008768359208017286,0.00010662751249043223,0.00010662751249043223,13.843981880724474
poss->det,poss,det,173.0,134.0,0.00030078116171073196,0.00019550085422201602,-0.00010528030748871593,0.00010528030748871593,-35.00229432253021
acl->npadvmod,acl,npadvmod,110.0,200.0,0.00019124813750393362,0.00029179231973435225,0.00010054418223041863,0.00010054418223041863,52.572633408443316
pobj->acl,pobj,acl,2863.0,3343.0,0.004977667433397836,0.004877308624359698,-0.00010035880903813774,0.00010035880903813774,-2.0161814822094533
amod->nummod,amod,nummod,92.0,41.0,0.00015995298773056267,5.981742554554222e-05,-0.00010013556218502045,0.00010013556218502045,-62.603120833039156
nmod->compound,nmod,compound,1021.0,1285.0,0.0017751304399228748,0.0018747656542932134,9.963521437033858e-05,9.963521437033858e-05,5.612839041544885
acl->agent,acl,agent,455.0,476.0,0.0007910718414935436,0.0006944657209677584,-9.660612052578526e-05,9.660612052578526e-05,-12.212054008064921
ROOT->neg,ROOT,neg,185.0,155.0,0.0003216445948929793,0.000226139047794123,-9.550554709885628e-05,9.550554709885628e-05,-29.69288109151463
ccomp->nsubj,ccomp,nsubj,403.0,416.0,0.0007006636310371387,0.0006069280250474527,-9.373560598968601e-05,9.373560598968601e-05,-13.378117806819283
ROOT->agent,ROOT,agent,147.0,111.0,0.0002555770564825295,0.0001619447374525655,-9.363231902996397e-05,9.363231902996397e-05,-36.635651227309765
nsubj->conj,nsubj,conj,761.0,843.0,0.00132308938764085,0.0012299046276802949,-9.318475996055505e-05,9.318475996055505e-05,-7.04296783203055
amod->compound,amod,compound,267.0,381.0,0.00046421138830500254,0.0005558643690939411,9.165298078893852e-05,9.165298078893852e-05,19.743802736851304
amod->advmod,amod,advmod,1713.0,2103.0,0.002978255086765803,0.003068196242006714,8.994115524091134e-05,8.994115524091134e-05,3.0199278644926872
attr->amod,attr,amod,335.0,338.0,0.0005824375096710706,0.0004931290203510553,-8.930848932001535e-05,8.930848932001535e-05,-15.333574475732508
conj->neg,conj,neg,96.0,57.0,0.00016690746545797844,8.31608111242904e-05,-8.374665433368804e-05,8.374665433368804e-05,-50.175499402555225
conj->appos,conj,appos,290.0,400.0,0.0005041996352376432,0.0005835846394687045,7.938500423106132e-05,7.938500423106132e-05,15.744756378819071
nmod->appos,nmod,appos,194.0,177.0,0.00033729216977966477,0.00025823620296490173,-7.905596681476304e-05,7.905596681476304e-05,-23.438423390144557
nsubjpass->nmod,nsubjpass,nmod,105.0,71.0,0.0001825550403446639,0.00010358627350569506,-7.896876683896885e-05,7.896876683896885e-05,-43.257511099050355
conj->aux,conj,aux,84.0,47.0,0.00014604403227573115,6.857119513757279e-05,-7.747283713815836e-05,7.747283713815836e-05,-53.04758840942548
ROOT->attr,ROOT,attr,469.0,506.0,0.0008154125135394989,0.0007382345689279112,-7.717794461158762e-05,7.717794461158762e-05,-9.464895783433313
conj->conj,conj,conj,3524.0,4252.0,0.006126894877853292,0.0062035047175523295,7.660983969903779e-05,7.660983969903779e-05,1.25038606384381
conj->acl,conj,acl,179.0,265.0,0.0003112128783018556,0.0003866248236480168,7.541194534616116e-05,7.541194534616116e-05,24.23162748201462
acl->cc,acl,cc,165.0,145.0,0.00028687220625590046,0.0002115494318074054,-7.532277444849506e-05,7.532277444849506e-05,-26.256560519252393
poss->compound,poss,compound,205.0,193.0,0.00035641698353005815,0.00028157958854364997,-7.483739498640818e-05,7.483739498640818e-05,-20.99714616435971
pcomp->pobj,pcomp,pobj,94.0,61.0,0.00016343022659427055,8.899665751897744e-05,-7.443356907529311e-05,7.443356907529311e-05,-45.544554778156666
appos->conj,appos,conj,1662.0,2031.0,0.0028895854957412515,0.0029631510069023474,7.356551116109592e-05,7.356551116109592e-05,2.5458845661261362
nsubjpass->compound,nsubjpass,compound,453.0,490.0,0.0007875946026298358,0.000714891183349163,-7.27034192806727e-05,7.27034192806727e-05,-9.231071294535372
advmod->prep,advmod,prep,139.0,116.0,0.00024166810102769796,0.0001692395454459243,-7.242855558177365e-05,7.242855558177365e-05,-29.970258910369186
conj->advmod,conj,advmod,209.0,200.0,0.00036337146125747387,0.00029179231973435225,-7.157914152312162e-05,7.157914152312162e-05,-19.698613995556144
attr->det,attr,det,268.0,271.0,0.0004659500077368565,0.0003953785932400473,-7.057141449680918e-05,7.057141449680918e-05,-15.14570518832658
conj->nummod,conj,nummod,145.0,125.0,0.0002520998176188216,0.00018237019983397018,-6.972961778485142e-05,6.972961778485142e-05,-27.659527263238072
nmod->case,nmod,case,59.0,23.0,0.00010257854647938259,3.355611676945051e-05,-6.902242970993207e-05,6.902242970993207e-05,-67.28739300649478
pcomp->cc,pcomp,cc,75.0,136.0,0.00013039645738904565,0.00019841877741935956,6.80223200303139e-05,6.80223200303139e-05,52.16577305268749
pcomp->conj,pcomp,conj,75.0,135.0,0.00013039645738904565,0.00019695981582068778,6.656335843164212e-05,6.656335843164212e-05,51.04690707435889
appos->appos,appos,appos,435.0,563.0,0.0007562994528564648,0.0008213953800522017,6.50959271957369e-05,6.50959271957369e-05,8.607163068791907
advcl->prep,advcl,prep,408.0,530.0,0.0007093567281964084,0.0007732496472960336,6.389291909962515e-05,6.389291909962515e-05,9.007163329806936
nsubjpass->det,nsubjpass,det,106.0,84.0,0.00018429365977651785,0.00012255277428842794,-6.17408854880899e-05,6.17408854880899e-05,-33.50136166537659
nmod->prep,nmod,prep,562.0,712.0,0.0009771041207019154,0.0010387806582542942,6.167653755237879e-05,6.167653755237879e-05,6.312176588516754
npadvmod->compound,npadvmod,compound,260.0,352.0,0.00045204105228202493,0.00051355448273246,6.151343045043503e-05,6.151343045043503e-05,13.607930107210102
advmod->advmod,advmod,advmod,77.0,50.0,0.00013387369625275354,7.294807993358806e-05,-6.092561631916548e-05,6.092561631916548e-05,-45.509773782698815
npadvmod->cc,npadvmod,cc,40.0,89.0,6.954477727415769e-05,0.00012984758228178677,6.0302805007629085e-05,6.0302805007629085e-05,86.71076013358253
nsubj->nummod,nsubj,nummod,122.0,107.0,0.00021211157068618092,0.00015610889105787846,-5.600267962830246e-05,5.600267962830246e-05,-26.402463310763196
attr->prep,attr,prep,356.0,386.0,0.0006189485177400033,0.0005631591770872999,-5.578934065270341e-05,5.578934065270341e-05,-9.013567211762576
conj->auxpass,conj,auxpass,64.0,39.0,0.00011127164363865229,5.6899502348198695e-05,-5.4372141290453594e-05,5.4372141290453594e-05,-48.86432833420142
appos->advmod,appos,advmod,51.0,24.0,8.866959102455105e-05,3.501507836812227e-05,-5.365451265642878e-05,5.365451265642878e-05,-60.510612529579376
conj->pobj,conj,pobj,351.0,382.0,0.0006102554205807336,0.0005573233306926128,-5.293208988812082e-05,5.293208988812082e-05,-8.673759888564263
prep->npadvmod,prep,npadvmod,63.0,39.0,0.00010953302420679835,5.6899502348198695e-05,-5.263352185859965e-05,5.263352185859965e-05,-48.052651006172866
dobj->poss,dobj,poss,193.0,266.0,0.0003355535503478108,0.00038808378524668853,5.2530234898877707e-05,5.2530234898877707e-05,15.654799314275955
compound->nmod,compound,nmod,519.0,654.0,0.0009023434851321959,0.000954160885531332,5.1817400399136056e-05,5.1817400399136056e-05,5.742536102152348
nsubjpass->amod,nsubjpass,amod,613.0,695.0,0.0010657737117264665,0.0010139783110768741,-5.1795400649592375e-05,5.1795400649592375e-05,-4.859887242451125
acl->conj,acl,conj,149.0,143.0,0.00025905429534623737,0.00020863150861006186,-5.04227867361755e-05,5.04227867361755e-05,-19.464177063261292
relcl->prep,relcl,prep,503.0,565.0,0.0008745255742225328,0.0008243133032495452,-5.0212270972987646e-05,5.0212270972987646e-05,-5.741658386334459
ccomp->prep,ccomp,prep,315.0,341.0,0.0005476651210339918,0.0004975059051470707,-5.015921588692111e-05,5.015921588692111e-05,-9.158738426179214
ROOT->xcomp,ROOT,xcomp,576.0,653.0,0.0010014447927478706,0.0009527019239326602,-4.874286881521037e-05,4.874286881521037e-05,-4.8672547072180095
advcl->advmod,advcl,advmod,116.0,106.0,0.00020167985409505728,0.0001546499294592067,-4.702992463585058e-05,4.702992463585058e-05,-23.31909889903236
nsubj->acl,nsubj,acl,322.0,352.0,0.0005598354570569694,0.00051355448273246,-4.628097432450942e-05,4.628097432450942e-05,-8.266888733308619
nsubj->advmod,nsubj,advmod,54.0,34.0,9.388544932011287e-05,4.960469435483989e-05,-4.428075496527298e-05,4.428075496527298e-05,-47.16466213448351
acl->advmod,acl,advmod,131.0,126.0,0.0002277591455728664,0.00018382916143264193,-4.392998414022448e-05,4.392998414022448e-05,-19.287912250342576
amod->prep,amod,prep,363.0,462.0,0.000631118853762981,0.0006740402585863537,4.292140482337276e-05,4.292140482337276e-05,6.800843385910327
ccomp->dobj,ccomp,dobj,264.0,344.0,0.0004589955300094407,0.0005018827899430859,4.288725993364522e-05,4.288725993364522e-05,9.34372060938439
ccomp->advmod,ccomp,advmod,75.0,60.0,0.00013039645738904565,8.753769592030569e-05,-4.2858761468739966e-05,4.2858761468739966e-05,-32.86804130028493
nummod->prep,nummod,prep,99.0,147.0,0.00017212332375354027,0.0002144673550047489,4.234403125120864e-05,4.234403125120864e-05,24.600983950228706
npadvmod->conj,npadvmod,conj,53.0,92.0,9.214682988825892e-05,0.00013422446707780203,4.207763718954311e-05,4.207763718954311e-05,45.66368397107985
advmod->conj,advmod,conj,70.0,55.0,0.00012170336022977595,8.024288792694688e-05,-4.1460472302829075e-05,4.1460472302829075e-05,-34.06682627706556
advmod->amod,advmod,amod,28.0,5.0,4.868134409191038e-05,7.294807993358807e-06,-4.138653609855157e-05,4.138653609855157e-05,-85.01518779024217
xcomp->prep,xcomp,prep,319.0,408.0,0.0005546195987614075,0.0005952563322580786,4.06367334966711e-05,4.06367334966711e-05,7.326955914904959
amod->auxpass,amod,auxpass,6.0,35.0,1.0431716591123653e-05,5.106365595351165e-05,4.0631939362387996e-05,4.0631939362387996e-05,389.5038655187557
xcomp->dobj,xcomp,dobj,755.0,872.0,0.0013126576710497263,0.001272214514041776,-4.0443157007950294e-05,4.0443157007950294e-05,-3.081013267961028
attr->compound,attr,compound,123.0,119.0,0.00021385019011803486,0.0001736164302419396,-4.0233759876095266e-05,4.0233759876095266e-05,-18.81399303591369
prep->prep,prep,prep,475.0,539.0,0.0008258442301306225,0.0007863803016840793,-3.946392844654317e-05,3.946392844654317e-05,-4.778616475930481
dobj->det,dobj,det,4372.0,5183.0,0.007601244156065435,0.007561797965915739,-3.944619014969574e-05,3.944619014969574e-05,-0.518943864185964
nmod->pobj,nmod,pobj,259.0,282.0,0.000450302432850171,0.0004114271708254367,-3.8875262024734277e-05,3.8875262024734277e-05,-8.633145012936057
compound->det,compound,det,165.0,223.0,0.00028687220625590046,0.00032534843650380276,3.84762302479023e-05,3.84762302479023e-05,13.41232416694286
dobj->npadvmod,dobj,npadvmod,10.0,38.0,1.738619431853942e-05,5.5440540749526934e-05,3.805434643098751e-05,3.805434643098751e-05,218.87680382364655
nmod->npadvmod,nmod,npadvmod,31.0,63.0,5.38972023874722e-05,9.191458071632097e-05,3.8017378328848764e-05,3.8017378328848764e-05,70.53683056782457
nummod->compound,nummod,compound,118.0,115.0,0.00020515709295876517,0.00016778058384725255,-3.737650911151262e-05,3.737650911151262e-05,-18.21848251623695
acomp->conj,acomp,conj,48.0,32.0,8.345373272898922e-05,4.668677115749637e-05,-3.6766961571492854e-05,3.6766961571492854e-05,-44.05670108357078
conj->nsubj,conj,nsubj,110.0,106.0,0.00019124813750393362,0.0001546499294592067,-3.659820804472692e-05,3.659820804472692e-05,-19.136504293525032
dep->det,dep,det,129.0,129.0,0.00022428190670915852,0.00018820604622865722,-3.60758604805013e-05,3.60758604805013e-05,-16.085051625356165
relcl->auxpass,relcl,auxpass,38.0,21.0,6.60675384104498e-05,3.0638193572106986e-05,-3.542934483834281e-05,3.542934483834281e-05,-53.62594958243368
appos->npadvmod,appos,npadvmod,104.0,100.0,0.00018081642091280996,0.00014589615986717612,-3.492026104563384e-05,3.492026104563384e-05,-19.312549639765546
advcl->conj,advcl,conj,67.0,103.0,0.00011648750193421412,0.00015027304466319142,3.3785542728977295e-05,3.3785542728977295e-05,29.00357735206439
pcomp->nsubj,pcomp,nsubj,44.0,75.0,7.649925500157345e-05,0.0001094221199003821,3.2922864898808654e-05,3.2922864898808654e-05,43.036843820415626
nummod->quantmod,nummod,quantmod,253.0,324.0,0.00043987071625904733,0.00047270355796965067,3.283284171060334e-05,3.283284171060334e-05,7.464202661599216
ROOT->poss,ROOT,poss,133.0,136.0,0.0002312363844365743,0.00019841877741935956,-3.281760701721474e-05,3.281760701721474e-05,-14.192233240965704
npadvmod->amod,npadvmod,amod,326.0,366.0,0.0005667899347843851,0.0005339799451138646,-3.280998967052052e-05,3.280998967052052e-05,-5.788738941350802
amod->det,amod,det,53.0,41.0,9.214682988825892e-05,5.981742554554222e-05,-3.232940434271671e-05,3.232940434271671e-05,-35.084662578105714
csubj->dobj,csubj,dobj,307.0,388.0,0.0005337561655791602,0.0005660771002846434,3.232093470548322e-05,3.232093470548322e-05,6.055374493035205
relcl->nsubjpass,relcl,nsubjpass,36.0,21.0,6.259029954674191e-05,3.0638193572106986e-05,-3.1952105974634926e-05,3.1952105974634926e-05,-51.04961344812444
ROOT->expl,ROOT,expl,34.0,19.0,5.911306068303403e-05,2.7720270374763467e-05,-3.139279030827057e-05,3.139279030827057e-05,-53.106352378875506
dobj->advmod,dobj,advmod,48.0,36.0,8.345373272898922e-05,5.252261755218341e-05,-3.093111517680581e-05,3.093111517680581e-05,-37.063788719017126
csubj->prep,csubj,prep,89.0,85.0,0.00015473712943500084,0.00012401173588709973,-3.072539354790111e-05,3.072539354790111e-05,-19.856509979272733
xcomp->conj,xcomp,conj,52.0,41.0,9.040821045640498e-05,5.981742554554222e-05,-3.059078491086276e-05,3.059078491086276e-05,-33.83629070460774
nsubjpass->appos,nsubjpass,appos,125.0,128.0,0.00021732742898174275,0.00018674708462998547,-3.058034435175728e-05,3.058034435175728e-05,-14.071092864364708
amod->xcomp,amod,xcomp,16.0,40.0,2.7817910909663072e-05,5.835846394687046e-05,3.054055303720738e-05,3.054055303720738e-05,109.78737093660958
dep->dobj,dep,dobj,35.0,62.0,6.0851680114887975e-05,9.045561911764921e-05,2.9603939002761236e-05,2.9603939002761236e-05,48.64933712079765
acomp->cc,acomp,cc,43.0,31.0,7.47606355697195e-05,4.5227809558824605e-05,-2.9532826010894898e-05,2.9532826010894898e-05,-39.503176753163736
dep->compound,dep,compound,171.0,224.0,0.00029730392284702407,0.0003268073981024745,2.950347525545045e-05,2.950347525545045e-05,9.923675063860925
advmod->cc,advmod,cc,81.0,77.0,0.00014082817398016932,0.00011234004309772562,-2.8488130882443693e-05,2.8488130882443693e-05,-20.22899969323982
nsubj->appos,nsubj,appos,430.0,494.0,0.0007476063556971951,0.0007207270297438501,-2.6879325953344988e-05,2.6879325953344988e-05,-3.5953848905254615
nsubj->poss,nsubj,poss,54.0,46.0,9.388544932011287e-05,6.711223353890102e-05,-2.677321578121185e-05,2.677321578121185e-05,-28.516895829007108
pcomp->advcl,pcomp,advcl,36.0,61.0,6.259029954674191e-05,8.899665751897744e-05,2.640635797223553e-05,2.640635797223553e-05,42.18921807925761
relcl->nsubj,relcl,nsubj,372.0,461.0,0.0006467664286496664,0.000672581296987682,2.5814868338015513e-05,2.5814868338015513e-05,3.991374195459152
pobj->nsubj,pobj,nsubj,36.0,26.0,6.259029954674191e-05,3.793300156546579e-05,-2.465729798127612e-05,2.465729798127612e-05,-39.394759507201684
amod->prt,amod,prt,92.0,93.0,0.00015995298773056267,0.00013568342867647382,-2.426955905408885e-05,2.426955905408885e-05,-15.172932621283946
advcl->cc,advcl,cc,65.0,94.0,0.00011301026307050623,0.00013714239027514557,2.4132127204639338e-05,2.4132127204639338e-05,21.35392534179262
nummod->advmod,nummod,advmod,21.0,9.0,3.6511008068932787e-05,1.3130654388045853e-05,-2.3380353680886935e-05,2.3380353680886935e-05,-64.03645069658123
ROOT->ccomp,ROOT,ccomp,563.0,655.0,0.0009788427401337693,0.0009556198471300037,-2.3222893003765595e-05,2.3222893003765595e-05,-2.372484573016493
pcomp->advmod,pcomp,advmod,61.0,57.0,0.00010605578534309046,8.31608111242904e-05,-2.289497421880006e-05,2.289497421880006e-05,-21.58767119090658
amod->nsubj,amod,nsubj,91.0,124.0,0.00015821436829870872,0.00018091123823529842,2.2696869936589698e-05,2.2696869936589698e-05,14.34564393907512
advcl->nsubj,advcl,nsubj,88.0,90.0,0.0001529985100031469,0.00013130654388045853,-2.1691966122688367e-05,2.1691966122688367e-05,-14.17789370775062
ccomp->acomp,ccomp,acomp,35.0,27.0,6.0851680114887975e-05,3.9391963164137554e-05,-2.145971695075042e-05,2.145971695075042e-05,-35.265611253846195
conj->prt,conj,prt,19.0,8.0,3.30337692052249e-05,1.1671692789374092e-05,-2.136207641585081e-05,2.136207641585081e-05,-64.6673901580447
agent->pcomp,agent,pcomp,17.0,6.0,2.9556530341517016e-05,8.753769592030567e-06,-2.080276074948645e-05,2.080276074948645e-05,-70.38295939718454
prep->conj,prep,conj,319.0,366.0,0.0005546195987614075,0.0005339799451138646,-2.0639653647542915e-05,2.0639653647542915e-05,-3.721407193982323
relcl->advmod,relcl,advmod,56.0,53.0,9.736268818382076e-05,7.732496472960335e-05,-2.0037723454217402e-05,2.0037723454217402e-05,-20.580495288283515
poss->prt,poss,prt,13.0,2.0,2.2602052614101245e-05,2.917923197343523e-06,-1.9684129416757723e-05,1.9684129416757723e-05,-87.09000794236249
conj->nsubjpass,conj,nsubjpass,17.0,7.0,2.9556530341517016e-05,1.0212731190702329e-05,-1.9343799150814687e-05,1.9343799150814687e-05,-65.44678596338196
poss->amod,poss,amod,236.0,268.0,0.00041031418591753034,0.00039100170844403204,-1.93124774734983e-05,1.93124774734983e-05,-4.706753540658705
prep->dobj,prep,dobj,95.0,100.0,0.0001651688460261245,0.00014589615986717612,-1.9272686158948373e-05,1.9272686158948373e-05,-11.668475395111765
compound->appos,compound,appos,10.0,25.0,1.738619431853942e-05,3.647403996679403e-05,1.908784564825461e-05,1.908784564825461e-05,109.78737093660955
acl->xcomp,acl,xcomp,115.0,150.0,0.00019994123466320334,0.0002188442398007642,1.890300513756086e-05,1.890300513756086e-05,9.454280488665862
pobj->relcl,pobj,relcl,281.0,322.0,0.0004885520603509577,0.00046978563477230716,-1.876642557865053e-05,1.876642557865053e-05,-3.8412335351056397
dobj->nummod,dobj,nummod,279.0,320.0,0.00048507482148724986,0.00046686771157496365,-1.8207109912286206e-05,1.8207109912286206e-05,-3.7534642297991914
nsubjpass->conj,nsubjpass,conj,65.0,65.0,0.00011301026307050623,9.483250391366449e-05,-1.8177759156841745e-05,1.8177759156841745e-05,-16.08505162535617
compound->nsubj,compound,nsubj,55.0,78.0,9.562406875196681e-05,0.00011379900469639739,1.817493594443058e-05,1.817493594443058e-05,19.006654058585806
xcomp->cc,xcomp,cc,49.0,46.0,8.519235216084316e-05,6.711223353890102e-05,-1.8080118621942147e-05,1.8080118621942147e-05,-21.222701525844577
conj->xcomp,conj,xcomp,33.0,27.0,5.737444125118009e-05,3.9391963164137554e-05,-1.7982478087042535e-05,1.7982478087042535e-05,-31.342314966200508
dobj->relcl,dobj,relcl,108.0,141.0,0.00018777089864022574,0.00020571358541271836,1.794268677249262e-05,1.794268677249262e-05,9.555627044673896
amod->pcomp,amod,pcomp,25.0,18.0,4.3465485796348554e-05,2.6261308776091706e-05,-1.7204177020256848e-05,1.7204177020256848e-05,-39.58123717025644
relcl->acomp,relcl,acomp,24.0,17.0,4.172686636449461e-05,2.4802347177419945e-05,-1.6924519187074666e-05,1.6924519187074666e-05,-40.560244901293956
ccomp->cc,ccomp,cc,24.0,40.0,4.172686636449461e-05,5.835846394687046e-05,1.6631597582375846e-05,1.6631597582375846e-05,39.858247291073056
amod->nmod,amod,nmod,80.0,84.0,0.00013908955454831537,0.00012255277428842794,-1.6536780259887427e-05,1.6536780259887427e-05,-11.88930420662399
acomp->xcomp,acomp,xcomp,27.0,21.0,4.6942724660056434e-05,3.0638193572106986e-05,-1.6304531087949448e-05,1.6304531087949448e-05,-34.73281793083258
relcl->conj,relcl,conj,52.0,73.0,9.040821045640498e-05,0.00010650419670303858,1.6095986246633597e-05,1.6095986246633597e-05,17.80367752594231
advcl->mark,advcl,mark,141.0,157.0,0.0002451453398914058,0.00022905697099146654,-1.608836889993928e-05,1.608836889993928e-05,-6.562787980006509
poss->nmod,poss,nmod,21.0,14.0,3.6511008068932787e-05,2.0425462381404657e-05,-1.608554568752813e-05,1.608554568752813e-05,-44.05670108357079
ccomp->xcomp,ccomp,xcomp,21.0,36.0,3.6511008068932787e-05,5.252261755218341e-05,1.6011609483250625e-05,1.6011609483250625e-05,43.854197213675135
attr->nmod,attr,nmod,20.0,13.0,3.477238863707884e-05,1.8966500782732896e-05,-1.5805887854345947e-05,1.5805887854345947e-05,-45.45528355648152
ROOT->acl,ROOT,acl,2649.0,3146.0,0.004605602874981092,0.004589893189421361,-1.5709685559731415e-05,1.5709685559731415e-05,-0.3410994387959667
conj->acomp,conj,acomp,24.0,18.0,4.172686636449461e-05,2.6261308776091706e-05,-1.5465557588402904e-05,1.5465557588402904e-05,-37.063788719017126
conj->agent,conj,agent,24.0,18.0,4.172686636449461e-05,2.6261308776091706e-05,-1.5465557588402904e-05,1.5465557588402904e-05,-37.063788719017126
pobj->dobj,pobj,dobj,65.0,88.0,0.00011301026307050623,0.000128388620683115,1.5378357612608757e-05,1.5378357612608757e-05,13.607930107210102
nmod->det,nmod,det,185.0,231.0,0.0003216445948929793,0.00033702012929317685,1.5375534400197577e-05,1.5375534400197577e-05,4.78028688942013
attr->acl,attr,acl,49.0,48.0,8.519235216084316e-05,7.003015673624454e-05,-1.5162195424598624e-05,1.5162195424598624e-05,-17.797601592185647
advcl->agent,advcl,agent,20.0,34.0,3.477238863707884e-05,4.960469435483989e-05,1.4832305717761046e-05,1.4832305717761046e-05,42.65541223689451
conj->nmod,conj,nmod,375.0,457.0,0.0006519822869452283,0.0006667454505929949,1.4763163647766664e-05,1.4763163647766664e-05,2.2643504192326147
nmod->acl,nmod,acl,10.0,22.0,1.738619431853942e-05,3.209715517077875e-05,1.4710960852239326e-05,1.4710960852239326e-05,84.6128864242164
nummod->cc,nummod,cc,52.0,52.0,9.040821045640498e-05,7.586600313093158e-05,-1.4542207325473396e-05,1.4542207325473396e-05,-16.08505162535617
amod->aux,amod,aux,52.0,52.0,9.040821045640498e-05,7.586600313093158e-05,-1.4542207325473396e-05,1.4542207325473396e-05,-16.08505162535617
prep->advmod,prep,advmod,56.0,57.0,9.736268818382076e-05,8.31608111242904e-05,-1.4201877059530357e-05,1.4201877059530357e-05,-14.586570404380385
ROOT->pobj,ROOT,pobj,233.0,268.0,0.0004050983276219685,0.00039100170844403204,-1.409661917793647e-05,1.409661917793647e-05,-3.4798018695083868
npadvmod->appos,npadvmod,appos,66.0,69.0,0.00011474888250236018,0.00010066835030835153,-1.4080532194008644e-05,1.4080532194008644e-05,-12.270735790145087
csubj->xcomp,csubj,xcomp,24.0,19.0,4.172686636449461e-05,2.7720270374763467e-05,-1.4006595989731143e-05,1.4006595989731143e-05,-33.567332536740295
ccomp->nmod,ccomp,nmod,13.0,6.0,2.2602052614101245e-05,8.753769592030567e-06,-1.3848283022070678e-05,1.3848283022070678e-05,-61.27002382708746
csubj->advmod,csubj,advmod,12.0,5.0,2.0863433182247305e-05,7.294807993358807e-06,-1.3568625188888499e-05,1.3568625188888499e-05,-65.03543817723174
advmod->npadvmod,advmod,npadvmod,22.0,17.0,3.824962750078672e-05,2.4802347177419945e-05,-1.3447280323366779e-05,1.3447280323366779e-05,-35.15663080141158
relcl->xcomp,relcl,xcomp,27.0,23.0,4.6942724660056434e-05,3.355611676945051e-05,-1.3386607890605925e-05,1.3386607890605925e-05,-28.516895829007108
preconj->cc,preconj,cc,20.0,33.0,3.477238863707884e-05,4.814573275616813e-05,1.3373344119089285e-05,1.3373344119089285e-05,38.459664818162324
acl->ccomp,acl,ccomp,5.0,15.0,8.69309715926971e-06,2.1884423980076422e-05,1.3191326820806711e-05,1.3191326820806711e-05,151.7448451239315
dobj->acl,dobj,acl,845.0,1016.0,0.001469133419916581,0.0014823049842505095,1.3171564333928519e-05,1.3171564333928519e-05,0.8965533119977909
ccomp->conj,ccomp,conj,27.0,41.0,4.6942724660056434e-05,5.981742554554222e-05,1.2874700885485784e-05,1.2874700885485784e-05,27.426403087422123
amod->preconj,amod,preconj,51.0,52.0,8.866959102455105e-05,7.586600313093158e-05,-1.2803587893619466e-05,1.2803587893619466e-05,-14.439660480755322
ccomp->mark,ccomp,mark,30.0,27.0,5.2158582955618265e-05,3.9391963164137554e-05,-1.2766619791480711e-05,1.2766619791480711e-05,-24.47654646282056
conj->dobj,conj,dobj,1196.0,1434.0,0.0020793888404973147,0.002092150932495306,1.2762091997991186e-05,1.2762091997991186e-05,0.6137424491967051
acl->advcl,acl,advcl,103.0,114.0,0.00017907780148095605,0.0001663216222485808,-1.275617923237525e-05,1.275617923237525e-05,-7.123261022238873
preconj->nummod,preconj,nummod,9.0,2.0,1.5647574886685478e-05,2.917923197343523e-06,-1.2729651689341956e-05,1.2729651689341956e-05,-81.3522336945236
advcl->acomp,advcl,acomp,19.0,14.0,3.30337692052249e-05,2.0425462381404657e-05,-1.2608306823820242e-05,1.2608306823820242e-05,-38.16793277657824
nsubjpass->acl,nsubjpass,acl,24.0,20.0,4.172686636449461e-05,2.917923197343523e-05,-1.2547634391059382e-05,1.2547634391059382e-05,-30.070876354463472
compound->neg,compound,neg,8.0,1.0,1.3908955454831536e-05,1.4589615986717615e-06,-1.2449993856159775e-05,1.2449993856159775e-05,-89.51063145316951
prep->cc,prep,cc,331.0,386.0,0.0005754830319436549,0.0005631591770872999,-1.2323854856354931e-05,1.2323854856354931e-05,-2.141480143164595
preconj->conj,preconj,conj,19.0,31.0,3.30337692052249e-05,4.5227809558824605e-05,1.2194040353599706e-05,1.2194040353599706e-05,36.91386313757678
acl->amod,acl,amod,12.0,6.0,2.0863433182247305e-05,8.753769592030567e-06,-1.2109663590216738e-05,1.2109663590216738e-05,-58.042525812678086
preconj->advmod,preconj,advmod,12.0,6.0,2.0863433182247305e-05,8.753769592030567e-06,-1.2109663590216738e-05,1.2109663590216738e-05,-58.042525812678086
nummod->conj,nummod,conj,43.0,43.0,7.47606355697195e-05,6.273534874288574e-05,-1.2025286826833763e-05,1.2025286826833763e-05,-16.085051625356158
dep->cc,dep,cc,98.0,125.0,0.00017038470432168633,0.00018237019983397018,1.1985495512283848e-05,1.1985495512283848e-05,7.03437292684162
nsubjpass->dobj,nsubjpass,dobj,11.0,5.0,1.912481375039336e-05,7.294807993358807e-06,-1.1830005757034555e-05,1.1830005757034555e-05,-61.856841647889176
pcomp->prt,pcomp,prt,16.0,11.0,2.7817910909663072e-05,1.6048577585389374e-05,-1.1769333324273699e-05,1.1769333324273699e-05,-42.30847299243237
dobj->dobj,dobj,dobj,31.0,29.0,5.38972023874722e-05,4.2309886361481076e-05,-1.1587316025991125e-05,1.1587316025991125e-05,-21.49891926242997
nsubj->neg,nsubj,neg,10.0,4.0,1.738619431853942e-05,5.835846394687046e-06,-1.1550347923852377e-05,1.1550347923852377e-05,-66.43402065014247
attr->relcl,attr,relcl,11.0,21.0,1.912481375039336e-05,3.0638193572106986e-05,1.1513379821713625e-05,1.1513379821713625e-05,60.20126507886549
ccomp->compound,ccomp,compound,48.0,65.0,8.345373272898922e-05,9.483250391366449e-05,1.1378771184675267e-05,1.1378771184675267e-05,13.634825923996853
acl->acomp,acl,acomp,14.0,9.0,2.434067204595519e-05,1.3130654388045853e-05,-1.1210017657909336e-05,1.1210017657909336e-05,-46.054676044871826
acl->mark,acl,mark,14.0,9.0,2.434067204595519e-05,1.3130654388045853e-05,-1.1210017657909336e-05,1.1210017657909336e-05,-46.054676044871826
acl->nsubj,acl,nsubj,44.0,60.0,7.649925500157345e-05,8.753769592030569e-05,1.1038440918732242e-05,1.1038440918732242e-05,14.429475056332512
pobj->case,pobj,case,13.0,23.0,2.2602052614101245e-05,3.355611676945051e-05,1.0954064155349263e-05,1.0954064155349263e-05,48.46490866283139
acomp->npadvmod,acomp,npadvmod,13.0,8.0,2.2602052614101245e-05,1.1671692789374092e-05,-1.0930359824727154e-05,1.0930359824727154e-05,-48.36003176944995
advcl->advcl,advcl,advcl,39.0,39.0,6.780615784230374e-05,5.6899502348198695e-05,-1.0906655494105047e-05,1.0906655494105047e-05,-16.08505162535617
dep->amod,dep,amod,254.0,310.0,0.00044160933569090127,0.000452278095588246,1.0668759897344729e-05,1.0668759897344729e-05,2.4158818745653035
advcl->neg,advcl,neg,4.0,12.0,6.954477727415768e-06,1.7507539184061135e-05,1.0553061456645368e-05,1.0553061456645368e-05,151.7448451239315
nsubj->relcl,nsubj,relcl,46.0,62.0,7.997649386528133e-05,9.045561911764921e-05,1.0479125252367877e-05,1.0479125252367877e-05,13.102756504954737
xcomp->aux,xcomp,aux,631.0,745.0,0.0010970688614998375,0.0010869263910104623,-1.01424704893752e-05,1.01424704893752e-05,-0.9245062771637789
nsubjpass->poss,nsubjpass,poss,10.0,5.0,1.738619431853942e-05,7.294807993358807e-06,-1.0091386325180615e-05,1.0091386325180615e-05,-58.042525812678086
parataxis->nsubj,parataxis,nsubj,10.0,5.0,1.738619431853942e-05,7.294807993358807e-06,-1.0091386325180615e-05,1.0091386325180615e-05,-58.042525812678086
acl->auxpass,acl,auxpass,10.0,5.0,1.738619431853942e-05,7.294807993358807e-06,-1.0091386325180615e-05,1.0091386325180615e-05,-58.042525812678086
nsubjpass->nummod,nsubjpass,nummod,15.0,11.0,2.6079291477809132e-05,1.6048577585389374e-05,-1.0030713892419759e-05,1.0030713892419759e-05,-38.462371191927865
nsubjpass->cc,nsubjpass,cc,56.0,60.0,9.736268818382076e-05,8.753769592030569e-05,-9.824992263515067e-06,9.824992263515067e-06,-10.091126741453031
acl->neg,acl,neg,9.0,4.0,1.5647574886685478e-05,5.835846394687046e-06,-9.811728491998433e-06,9.811728491998433e-06,-62.70446738904718
ROOT->csubjpass,ROOT,csubjpass,14.0,10.0,2.434067204595519e-05,1.4589615986717614e-05,-9.751056059237575e-06,9.751056059237575e-06,-40.06075116096869
ccomp->npadvmod,ccomp,npadvmod,7.0,15.0,1.2170336022977594e-05,2.1884423980076422e-05,9.714087957098828e-06,9.714087957098828e-06,79.81774651709394
dep->npadvmod,dep,npadvmod,8.0,3.0,1.3908955454831536e-05,4.376884796015284e-06,-9.532070658816252e-06,9.532070658816252e-06,-68.53189435950856
ccomp->nsubjpass,ccomp,nsubjpass,39.0,40.0,6.780615784230374e-05,5.835846394687046e-05,-9.447693895433286e-06,9.447693895433286e-06,-13.933386282416583
ccomp->neg,ccomp,neg,18.0,15.0,3.1295149773370956e-05,2.1884423980076422e-05,-9.410725793294534e-06,9.410725793294534e-06,-30.070876354463465
dep->appos,dep,appos,24.0,35.0,4.172686636449461e-05,5.106365595351165e-05,9.33678958901704e-06,9.33678958901704e-06,22.375966379688922
appos->relcl,appos,relcl,122.0,139.0,0.00021211157068618092,0.00020279566221537482,-9.315908470806098e-06,9.315908470806098e-06,-4.391985048561535
prt->amod,prt,amod,7.0,2.0,1.2170336022977594e-05,2.917923197343523e-06,-9.252412825634072e-06,9.252412825634072e-06,-76.02430046438748
pcomp->acomp,pcomp,acomp,12.0,8.0,2.0863433182247305e-05,1.1671692789374092e-05,-9.191740392873213e-06,9.191740392873213e-06,-44.05670108357078
advcl->npadvmod,advcl,npadvmod,12.0,8.0,2.0863433182247305e-05,1.1671692789374092e-05,-9.191740392873213e-06,9.191740392873213e-06,-44.05670108357078
dep->acl,dep,acl,30.0,42.0,5.2158582955618265e-05,6.127638714421397e-05,9.117804188595708e-06,9.117804188595708e-06,17.48092772450135
ROOT->mark,ROOT,mark,22.0,20.0,3.824962750078672e-05,2.917923197343523e-05,-9.070395527351495e-06,9.070395527351495e-06,-23.71368329577833
relcl->advcl,relcl,advcl,27.0,26.0,4.6942724660056434e-05,3.793300156546579e-05,-9.009723094590642e-06,9.009723094590642e-06,-19.193012676268907
nsubj->preconj,nsubj,preconj,6.0,1.0,1.0431716591123653e-05,1.4589615986717615e-06,-8.972754992451891e-06,8.972754992451891e-06,-86.0141752708927
nummod->npadvmod,nummod,npadvmod,6.0,1.0,1.0431716591123653e-05,1.4589615986717615e-06,-8.972754992451891e-06,8.972754992451891e-06,-86.0141752708927
relcl->dep,relcl,dep,6.0,1.0,1.0431716591123653e-05,1.4589615986717615e-06,-8.972754992451891e-06,8.972754992451891e-06,-86.0141752708927
compound->dobj,compound,dobj,5.0,12.0,8.69309715926971e-06,1.7507539184061135e-05,8.814442024791424e-06,8.814442024791424e-06,101.39587609914517
nummod->nmod,nummod,nmod,5.0,12.0,8.69309715926971e-06,1.7507539184061135e-05,8.814442024791424e-06,8.814442024791424e-06,101.39587609914517
dep->conj,dep,conj,120.0,149.0,0.00020863433182247306,0.00021738527820209245,8.750946379619388e-06,8.750946379619388e-06,4.19439423184942
npadvmod->det,npadvmod,det,126.0,156.0,0.0002190660484135967,0.00022759800939279478,8.53196097919809e-06,8.53196097919809e-06,3.8946979876542747
npadvmod->quantmod,npadvmod,quantmod,1.0,7.0,1.738619431853942e-06,1.0212731190702329e-05,8.474111758848387e-06,8.474111758848387e-06,487.40463862250675
prep->quantmod,prep,quantmod,1.0,7.0,1.738619431853942e-06,1.0212731190702329e-05,8.474111758848387e-06,8.474111758848387e-06,487.40463862250675
poss->cc,poss,cc,9.0,5.0,1.5647574886685478e-05,7.294807993358807e-06,-8.352766893326672e-06,8.352766893326672e-06,-53.380584236308984
advmod->compound,advmod,compound,9.0,5.0,1.5647574886685478e-05,7.294807993358807e-06,-8.352766893326672e-06,8.352766893326672e-06,-53.380584236308984
appos->poss,appos,poss,28.0,39.0,4.868134409191038e-05,5.6899502348198695e-05,8.218158256288318e-06,8.218158256288318e-06,16.881535236111056
attr->advmod,attr,advmod,2.0,8.0,3.477238863707884e-06,1.1671692789374092e-05,8.194453925666208e-06,8.194453925666208e-06,235.65979349857537
csubj->npadvmod,csubj,npadvmod,2.0,8.0,3.477238863707884e-06,1.1671692789374092e-05,8.194453925666208e-06,8.194453925666208e-06,235.65979349857537
relcl->amod,relcl,amod,8.0,4.0,1.3908955454831536e-05,5.835846394687046e-06,-8.07310906014449e-06,8.07310906014449e-06,-58.04252581267807
pcomp->auxpass,pcomp,auxpass,8.0,4.0,1.3908955454831536e-05,5.835846394687046e-06,-8.07310906014449e-06,8.07310906014449e-06,-58.04252581267807
nsubj->dep,nsubj,dep,8.0,4.0,1.3908955454831536e-05,5.835846394687046e-06,-8.07310906014449e-06,8.07310906014449e-06,-58.04252581267807
nsubjpass->nsubj,nsubjpass,nsubj,8.0,4.0,1.3908955454831536e-05,5.835846394687046e-06,-8.07310906014449e-06,8.07310906014449e-06,-58.04252581267807
ccomp->ccomp,ccomp,ccomp,13.0,10.0,2.2602052614101245e-05,1.4589615986717614e-05,-8.012436627383631e-06,8.012436627383631e-06,-35.45003971181243
relcl->cc,relcl,cc,55.0,71.0,9.562406875196681e-05,0.00010358627350569506,7.962204753728244e-06,7.962204753728244e-06,8.326569719994763
amod->neg,amod,neg,18.0,16.0,3.1295149773370956e-05,2.3343385578748183e-05,-7.951764194622773e-06,7.951764194622773e-06,-25.408934778094366
ROOT->dative,ROOT,dative,18.0,16.0,3.1295149773370956e-05,2.3343385578748183e-05,-7.951764194622773e-06,7.951764194622773e-06,-25.408934778094366
dep->nmod,dep,nmod,28.0,28.0,4.868134409191038e-05,4.0850924762809315e-05,-7.830419329101063e-06,7.830419329101063e-06,-16.085051625356176
nsubj->aux,nsubj,aux,7.0,3.0,1.2170336022977594e-05,4.376884796015284e-06,-7.79345122696231e-06,7.79345122696231e-06,-64.03645069658121
appos->xcomp,appos,xcomp,7.0,3.0,1.2170336022977594e-05,4.376884796015284e-06,-7.79345122696231e-06,7.79345122696231e-06,-64.03645069658121
advcl->auxpass,advcl,auxpass,17.0,15.0,2.9556530341517016e-05,2.1884423980076422e-05,-7.672106361440594e-06,7.672106361440594e-06,-25.95739849296132
amod->appos,amod,appos,17.0,15.0,2.9556530341517016e-05,2.1884423980076422e-05,-7.672106361440594e-06,7.672106361440594e-06,-25.95739849296132
ROOT->csubj,ROOT,csubj,333.0,402.0,0.0005789602708073628,0.0005865025626660481,7.542291858685362e-06,7.542291858685362e-06,1.302730470290751
acomp->nsubj,acomp,nsubj,6.0,2.0,1.0431716591123653e-05,2.917923197343523e-06,-7.51379339378013e-06,7.51379339378013e-06,-72.0283505417854
nsubj->dobj,nsubj,dobj,32.0,33.0,5.5635821819326145e-05,4.814573275616813e-05,-7.490089063158017e-06,7.490089063158017e-06,-13.462709488648542
relcl->npadvmod,relcl,npadvmod,11.0,8.0,1.912481375039336e-05,1.1671692789374092e-05,-7.45312096101927e-06,7.45312096101927e-06,-38.970946636622664
conj->pcomp,conj,pcomp,11.0,8.0,1.912481375039336e-05,1.1671692789374092e-05,-7.45312096101927e-06,7.45312096101927e-06,-38.970946636622664
dep->advcl,dep,advcl,5.0,11.0,8.69309715926971e-06,1.6048577585389374e-05,7.355480426119663e-06,7.355480426119663e-06,84.6128864242164
acl->compound,acl,compound,5.0,11.0,8.69309715926971e-06,1.6048577585389374e-05,7.355480426119663e-06,7.355480426119663e-06,84.6128864242164
nsubjpass->aux,nsubjpass,aux,5.0,1.0,8.69309715926971e-06,1.4589615986717615e-06,-7.2341355605979495e-06,7.2341355605979495e-06,-83.21701032507124
appos->quantmod,appos,quantmod,5.0,1.0,8.69309715926971e-06,1.4589615986717615e-06,-7.2341355605979495e-06,7.2341355605979495e-06,-83.21701032507124
conj->attr,conj,attr,15.0,13.0,2.6079291477809132e-05,1.8966500782732896e-05,-7.112790695076236e-06,7.112790695076236e-06,-27.273711408642022
dobj->xcomp,dobj,xcomp,6.0,12.0,1.0431716591123653e-05,1.7507539184061135e-05,7.075822592937482e-06,7.075822592937482e-06,67.82989674928764
nsubj->npadvmod,nsubj,npadvmod,20.0,19.0,3.477238863707884e-05,2.7720270374763467e-05,-7.052118262315376e-06,7.052118262315376e-06,-20.28079904408836
npadvmod->acl,npadvmod,acl,20.0,19.0,3.477238863707884e-05,2.7720270374763467e-05,-7.052118262315376e-06,7.052118262315376e-06,-20.28079904408836
dep->xcomp,dep,xcomp,1.0,6.0,1.738619431853942e-06,8.753769592030567e-06,7.015150160176626e-06,7.015150160176626e-06,403.48969024786294
amod->acomp,amod,acomp,1.0,6.0,1.738619431853942e-06,8.753769592030567e-06,7.015150160176626e-06,7.015150160176626e-06,403.48969024786294
csubj->ccomp,csubj,ccomp,4.0,0.0,6.954477727415768e-06,0.0,-6.954477727415768e-06,6.954477727415768e-06,-100.00000000000001
ccomp->amod,ccomp,amod,43.0,56.0,7.47606355697195e-05,8.170184952561863e-05,6.941213955899127e-06,6.941213955899127e-06,9.28458392976871
attr->cc,attr,cc,17.0,25.0,2.9556530341517016e-05,3.647403996679403e-05,6.917509625277015e-06,6.917509625277015e-06,23.404335845064445
parataxis->dobj,parataxis,dobj,9.0,6.0,1.5647574886685478e-05,8.753769592030567e-06,-6.8938052946549105e-06,6.8938052946549105e-06,-44.05670108357078
relcl->agent,relcl,agent,9.0,6.0,1.5647574886685478e-05,8.753769592030567e-06,-6.8938052946549105e-06,6.8938052946549105e-06,-44.05670108357078
compound->aux,compound,aux,12.0,19.0,2.0863433182247305e-05,2.7720270374763467e-05,6.856837192516162e-06,6.856837192516162e-06,32.8653349265194
acl->pobj,acl,pobj,40.0,43.0,6.954477727415769e-05,6.273534874288574e-05,-6.809428531271946e-06,6.809428531271946e-06,-9.791430497257883
preconj->compound,preconj,compound,2.0,7.0,3.477238863707884e-06,1.0212731190702329e-05,6.735492326994445e-06,6.735492326994445e-06,193.7023193112534
attr->poss,attr,poss,3.0,8.0,5.215858295561826e-06,1.1671692789374092e-05,6.455834493812265e-06,6.455834493812265e-06,123.77319566571688
cc->advmod,cc,advmod,23.0,23.0,3.998824693264067e-05,3.355611676945051e-05,-6.432130163190158e-06,6.432130163190158e-06,-16.085051625356176
ROOT->parataxis,ROOT,parataxis,24.0,33.0,4.172686636449461e-05,4.814573275616813e-05,6.418866391673518e-06,6.418866391673518e-06,15.383054015135274
pcomp->amod,pcomp,amod,19.0,27.0,3.30337692052249e-05,3.9391963164137554e-05,6.358193958912654e-06,6.358193958912654e-06,19.247558216599117
ccomp->agent,ccomp,agent,7.0,4.0,1.2170336022977594e-05,5.835846394687046e-06,-6.3344896282905485e-06,6.3344896282905485e-06,-52.04860092877495
csubjpass->dobj,csubjpass,dobj,12.0,10.0,2.0863433182247305e-05,1.4589615986717614e-05,-6.273817195529691e-06,6.273817195529691e-06,-30.070876354463472
ROOT->intj,ROOT,intj,9.0,15.0,1.5647574886685478e-05,2.1884423980076422e-05,6.236849093390944e-06,6.236849093390944e-06,39.85824729107306
appos->cc,appos,cc,1303.0,1557.0,0.0022654211197056864,0.0022716032091319323,6.182089426245898e-06,6.182089426245898e-06,0.27288919364577335
npadvmod->relcl,npadvmod,relcl,4.0,9.0,6.954477727415768e-06,1.3130654388045853e-05,6.176176660630085e-06,6.176176660630085e-06,88.80863384294862
relcl->attr,relcl,attr,4.0,9.0,6.954477727415768e-06,1.3130654388045853e-05,6.176176660630085e-06,6.176176660630085e-06,88.80863384294862
appos->aux,appos,aux,6.0,3.0,1.0431716591123653e-05,4.376884796015284e-06,-6.054831795108369e-06,6.054831795108369e-06,-58.042525812678086
pcomp->attr,pcomp,attr,6.0,3.0,1.0431716591123653e-05,4.376884796015284e-06,-6.054831795108369e-06,6.054831795108369e-06,-58.042525812678086
acl->nsubjpass,acl,nsubjpass,6.0,3.0,1.0431716591123653e-05,4.376884796015284e-06,-6.054831795108369e-06,6.054831795108369e-06,-58.042525812678086
acl->oprd,acl,oprd,16.0,15.0,2.7817910909663072e-05,2.1884423980076422e-05,-5.93348692958665e-06,5.93348692958665e-06,-21.3297358987714
compound->poss,compound,poss,21.0,21.0,3.6511008068932787e-05,3.0638193572106986e-05,-5.8728144968258e-06,5.8728144968258e-06,-16.085051625356183
pcomp->xcomp,pcomp,xcomp,26.0,35.0,4.520410522820249e-05,5.106365595351165e-05,5.85955072530916e-06,5.85955072530916e-06,12.962430504328246
nmod->quantmod,nmod,quantmod,0.0,4.0,0.0,5.835846394687046e-06,5.835846394687046e-06,5.835846394687046e-06,
pobj->aux,pobj,aux,0.0,4.0,0.0,5.835846394687046e-06,5.835846394687046e-06,5.835846394687046e-06,
appos->dep,appos,dep,5.0,2.0,8.69309715926971e-06,2.917923197343523e-06,-5.775173961926188e-06,5.775173961926188e-06,-66.43402065014247
ROOT->dep,ROOT,dep,783.0,937.0,0.0013613390151416367,0.0013670470179554404,5.7080028138037624e-06,5.7080028138037624e-06,0.41929326569766234
pcomp->npadvmod,pcomp,npadvmod,20.0,20.0,3.477238863707884e-05,2.917923197343523e-05,-5.593156663643615e-06,5.593156663643615e-06,-16.085051625356172
pobj->intj,pobj,intj,1.0,5.0,1.738619431853942e-06,7.294807993358807e-06,5.556188561504865e-06,5.556188561504865e-06,319.57474187321924
pobj->quantmod,pobj,quantmod,1.0,5.0,1.738619431853942e-06,7.294807993358807e-06,5.556188561504865e-06,5.556188561504865e-06,319.57474187321924
amod->csubj,amod,csubj,4.0,1.0,6.954477727415768e-06,1.4589615986717615e-06,-5.495516128744007e-06,5.495516128744007e-06,-79.02126290633903
xcomp->dative,xcomp,dative,4.0,1.0,6.954477727415768e-06,1.4589615986717615e-06,-5.495516128744007e-06,5.495516128744007e-06,-79.02126290633903
acomp->advcl,acomp,advcl,4.0,1.0,6.954477727415768e-06,1.4589615986717615e-06,-5.495516128744007e-06,5.495516128744007e-06,-79.02126290633903
amod->poss,amod,poss,4.0,1.0,6.954477727415768e-06,1.4589615986717615e-06,-5.495516128744007e-06,5.495516128744007e-06,-79.02126290633903
dep->poss,dep,poss,4.0,1.0,6.954477727415768e-06,1.4589615986717615e-06,-5.495516128744007e-06,5.495516128744007e-06,-79.02126290633903
acomp->amod,acomp,amod,9.0,7.0,1.5647574886685478e-05,1.0212731190702329e-05,-5.434843695983149e-06,5.434843695983149e-06,-34.73281793083258
csubj->conj,csubj,conj,14.0,13.0,2.434067204595519e-05,1.8966500782732896e-05,-5.3741712632222926e-06,5.3741712632222926e-06,-22.078976509259306
pcomp->aux,pcomp,aux,7.0,12.0,1.2170336022977594e-05,1.7507539184061135e-05,5.3372031610835406e-06,5.3372031610835406e-06,43.85419721367512
prep->neg,prep,neg,7.0,12.0,1.2170336022977594e-05,1.7507539184061135e-05,5.3372031610835406e-06,5.3372031610835406e-06,43.85419721367512
npadvmod->dobj,npadvmod,dobj,2.0,6.0,3.477238863707884e-06,8.753769592030567e-06,5.276530728322684e-06,5.276530728322684e-06,151.7448451239315
nmod->parataxis,nmod,parataxis,2.0,6.0,3.477238863707884e-06,8.753769592030567e-06,5.276530728322684e-06,5.276530728322684e-06,151.7448451239315
xcomp->amod,xcomp,amod,2.0,6.0,3.477238863707884e-06,8.753769592030567e-06,5.276530728322684e-06,5.276530728322684e-06,151.7448451239315
nsubjpass->relcl,nsubjpass,relcl,2.0,6.0,3.477238863707884e-06,8.753769592030567e-06,5.276530728322684e-06,5.276530728322684e-06,151.7448451239315
ccomp->aux,ccomp,aux,49.0,62.0,8.519235216084316e-05,9.045561911764921e-05,5.263266956806047e-06,5.263266956806047e-06,6.1780979434268914
aux->conj,aux,conj,3.0,0.0,5.215858295561826e-06,0.0,-5.215858295561826e-06,5.215858295561826e-06,-100.0
pcomp->pcomp,pcomp,pcomp,3.0,0.0,5.215858295561826e-06,0.0,-5.215858295561826e-06,5.215858295561826e-06,-100.0
preconj->case,preconj,case,3.0,0.0,5.215858295561826e-06,0.0,-5.215858295561826e-06,5.215858295561826e-06,-100.0
conj->preconj,conj,preconj,3.0,0.0,5.215858295561826e-06,0.0,-5.215858295561826e-06,5.215858295561826e-06,-100.0
compound->pobj,compound,pobj,3.0,0.0,5.215858295561826e-06,0.0,-5.215858295561826e-06,5.215858295561826e-06,-100.0
nmod->poss,nmod,poss,13.0,19.0,2.2602052614101245e-05,2.7720270374763467e-05,5.118217760662222e-06,5.118217760662222e-06,22.644924547556382
ccomp->csubj,ccomp,csubj,13.0,19.0,2.2602052614101245e-05,2.7720270374763467e-05,5.118217760662222e-06,5.118217760662222e-06,22.644924547556382
nsubj->advcl,nsubj,advcl,13.0,12.0,2.2602052614101245e-05,1.7507539184061135e-05,-5.09451343004011e-06,5.09451343004011e-06,-22.540047654174924
pobj->advcl,pobj,advcl,8.0,13.0,1.3908955454831536e-05,1.8966500782732896e-05,5.05754532790136e-06,5.05754532790136e-06,36.36179110879622
det->preconj,det,preconj,18.0,18.0,3.1295149773370956e-05,2.6261308776091706e-05,-5.03384099727925e-06,5.03384099727925e-06,-16.08505162535616
attr->conj,attr,conj,19.0,26.0,3.30337692052249e-05,3.793300156546579e-05,4.899232360240893e-06,4.899232360240893e-06,14.830981986354708
advcl->ccomp,advcl,ccomp,9.0,14.0,1.5647574886685478e-05,2.0425462381404657e-05,4.7778874947191794e-06,4.7778874947191794e-06,30.534364138334844
relcl->mark,relcl,mark,6.0,4.0,1.0431716591123653e-05,5.835846394687046e-06,-4.595870196436607e-06,4.595870196436607e-06,-44.05670108357078
prt->prep,prt,prep,6.0,4.0,1.0431716591123653e-05,5.835846394687046e-06,-4.595870196436607e-06,4.595870196436607e-06,-44.05670108357078
conj->case,conj,case,15.0,21.0,2.6079291477809132e-05,3.0638193572106986e-05,4.558902094297854e-06,4.558902094297854e-06,17.48092772450135
npadvmod->npadvmod,npadvmod,npadvmod,16.0,16.0,2.7817910909663072e-05,2.3343385578748183e-05,-4.474525330914889e-06,4.474525330914889e-06,-16.08505162535616
xcomp->acomp,xcomp,acomp,5.0,9.0,8.69309715926971e-06,1.3130654388045853e-05,4.437557228776142e-06,4.437557228776142e-06,51.04690707435889
relcl->ccomp,relcl,ccomp,5.0,9.0,8.69309715926971e-06,1.3130654388045853e-05,4.437557228776142e-06,4.437557228776142e-06,51.04690707435889
relcl->prt,relcl,prt,0.0,3.0,0.0,4.376884796015284e-06,4.376884796015284e-06,4.376884796015284e-06,
det->relcl,det,relcl,0.0,3.0,0.0,4.376884796015284e-06,4.376884796015284e-06,4.376884796015284e-06,
dep->dep,dep,dep,0.0,3.0,0.0,4.376884796015284e-06,4.376884796015284e-06,4.376884796015284e-06,
prt->compound,prt,compound,0.0,3.0,0.0,4.376884796015284e-06,4.376884796015284e-06,4.376884796015284e-06,
case->amod,case,amod,0.0,3.0,0.0,4.376884796015284e-06,4.376884796015284e-06,4.376884796015284e-06,
aux->pobj,aux,pobj,0.0,3.0,0.0,4.376884796015284e-06,4.376884796015284e-06,4.376884796015284e-06,
det->prep,det,prep,0.0,3.0,0.0,4.376884796015284e-06,4.376884796015284e-06,4.376884796015284e-06,
amod->attr,amod,attr,0.0,3.0,0.0,4.376884796015284e-06,4.376884796015284e-06,4.376884796015284e-06,
attr->dobj,attr,dobj,0.0,3.0,0.0,4.376884796015284e-06,4.376884796015284e-06,4.376884796015284e-06,
nummod->det,nummod,det,0.0,3.0,0.0,4.376884796015284e-06,4.376884796015284e-06,4.376884796015284e-06,
prep->amod,prep,amod,146.0,171.0,0.00025383843705067554,0.0002494824333728712,-4.356003677804328e-06,4.356003677804328e-06,-1.716053615999341
prep->intj,prep,intj,5.0,3.0,8.69309715926971e-06,4.376884796015284e-06,-4.316212363254427e-06,4.316212363254427e-06,-49.65103097521371
conj->ccomp,conj,ccomp,5.0,3.0,8.69309715926971e-06,4.376884796015284e-06,-4.316212363254427e-06,4.316212363254427e-06,-49.65103097521371
relcl->neg,relcl,neg,10.0,9.0,1.738619431853942e-05,1.3130654388045853e-05,-4.255539930493569e-06,4.255539930493569e-06,-24.47654646282055
dative->pobj,dative,pobj,11.0,16.0,1.912481375039336e-05,2.3343385578748183e-05,4.218571828354822e-06,4.218571828354822e-06,22.05810672675468
advcl->nsubjpass,advcl,nsubjpass,15.0,15.0,2.6079291477809132e-05,2.1884423980076422e-05,-4.19486749773271e-06,4.19486749773271e-06,-16.08505162535617
conj->advcl,conj,advcl,46.0,52.0,7.997649386528133e-05,7.586600313093158e-05,-4.110490734349749e-06,4.110490734349749e-06,-5.139623576489589
prep->nmod,prep,nmod,1.0,4.0,1.738619431853942e-06,5.835846394687046e-06,4.097226962833104e-06,4.097226962833104e-06,235.65979349857537
csubj->acomp,csubj,acomp,1.0,4.0,1.738619431853942e-06,5.835846394687046e-06,4.097226962833104e-06,4.097226962833104e-06,235.65979349857537
npadvmod->poss,npadvmod,poss,1.0,4.0,1.738619431853942e-06,5.835846394687046e-06,4.097226962833104e-06,4.097226962833104e-06,235.65979349857537
dative->compound,dative,compound,1.0,4.0,1.738619431853942e-06,5.835846394687046e-06,4.097226962833104e-06,4.097226962833104e-06,235.65979349857537
pobj->dep,pobj,dep,1.0,4.0,1.738619431853942e-06,5.835846394687046e-06,4.097226962833104e-06,4.097226962833104e-06,235.65979349857537
ccomp->prt,ccomp,prt,1.0,4.0,1.738619431853942e-06,5.835846394687046e-06,4.097226962833104e-06,4.097226962833104e-06,235.65979349857537
nmod->neg,nmod,neg,1.0,4.0,1.738619431853942e-06,5.835846394687046e-06,4.097226962833104e-06,4.097226962833104e-06,235.65979349857537
ROOT->case,ROOT,case,4.0,2.0,6.954477727415768e-06,2.917923197343523e-06,-4.036554530072245e-06,4.036554530072245e-06,-58.04252581267807
intj->conj,intj,conj,4.0,2.0,6.954477727415768e-06,2.917923197343523e-06,-4.036554530072245e-06,4.036554530072245e-06,-58.04252581267807
conj->dep,conj,dep,4.0,2.0,6.954477727415768e-06,2.917923197343523e-06,-4.036554530072245e-06,4.036554530072245e-06,-58.04252581267807
relcl->nmod,relcl,nmod,4.0,2.0,6.954477727415768e-06,2.917923197343523e-06,-4.036554530072245e-06,4.036554530072245e-06,-58.04252581267807
dep->relcl,dep,relcl,12.0,17.0,2.0863433182247305e-05,2.4802347177419945e-05,3.9389139951726394e-06,3.9389139951726394e-06,18.8795101974121
xcomp->xcomp,xcomp,xcomp,12.0,17.0,2.0863433182247305e-05,2.4802347177419945e-05,3.9389139951726394e-06,3.9389139951726394e-06,18.8795101974121
amod->dep,amod,dep,14.0,14.0,2.434067204595519e-05,2.0425462381404657e-05,-3.915209664550531e-06,3.915209664550531e-06,-16.085051625356176
xcomp->prt,xcomp,prt,2.0,5.0,3.477238863707884e-06,7.294807993358807e-06,3.817569129650923e-06,3.817569129650923e-06,109.78737093660958
npadvmod->nmod,npadvmod,nmod,50.0,57.0,8.693097159269711e-05,8.31608111242904e-05,-3.7701604684067097e-06,3.7701604684067097e-06,-4.336958852906037
acl->det,acl,det,3.0,1.0,5.215858295561826e-06,1.4589615986717615e-06,-3.756896696890065e-06,3.756896696890065e-06,-72.0283505417854
pobj->predet,pobj,predet,3.0,1.0,5.215858295561826e-06,1.4589615986717615e-06,-3.756896696890065e-06,3.756896696890065e-06,-72.0283505417854
pcomp->nsubjpass,pcomp,nsubjpass,3.0,1.0,5.215858295561826e-06,1.4589615986717615e-06,-3.756896696890065e-06,3.756896696890065e-06,-72.0283505417854
compound->preconj,compound,preconj,3.0,1.0,5.215858295561826e-06,1.4589615986717615e-06,-3.756896696890065e-06,3.756896696890065e-06,-72.0283505417854
nsubj->parataxis,nsubj,parataxis,3.0,1.0,5.215858295561826e-06,1.4589615986717615e-06,-3.756896696890065e-06,3.756896696890065e-06,-72.0283505417854
xcomp->agent,xcomp,agent,3.0,1.0,5.215858295561826e-06,1.4589615986717615e-06,-3.756896696890065e-06,3.756896696890065e-06,-72.0283505417854
xcomp->advmod,xcomp,advmod,29.0,32.0,5.041996352376432e-05,4.668677115749637e-05,-3.7331923662679544e-06,3.7331923662679544e-06,-7.404194896944734
xcomp->advcl,xcomp,advcl,18.0,24.0,3.1295149773370956e-05,3.501507836812227e-05,3.719928594751314e-06,3.719928594751314e-06,11.886597832858437
pcomp->det,pcomp,det,8.0,7.0,1.3908955454831536e-05,1.0212731190702329e-05,-3.6962242641292075e-06,3.6962242641292075e-06,-26.574420172186652
compound->cc,compound,cc,3.0,6.0,5.215858295561826e-06,8.753769592030567e-06,3.537911296468741e-06,3.537911296468741e-06,67.82989674928764
prep->compound,prep,compound,3.0,6.0,5.215858295561826e-06,8.753769592030567e-06,3.537911296468741e-06,3.537911296468741e-06,67.82989674928764
prep->dep,prep,dep,3.0,6.0,5.215858295561826e-06,8.753769592030567e-06,3.537911296468741e-06,3.537911296468741e-06,67.82989674928764
ccomp->dep,ccomp,dep,3.0,6.0,5.215858295561826e-06,8.753769592030567e-06,3.537911296468741e-06,3.537911296468741e-06,67.82989674928764
csubj->nsubj,csubj,nsubj,23.0,25.0,3.998824693264067e-05,3.647403996679403e-05,-3.5142069658466356e-06,3.5142069658466356e-06,-8.788099592778451
oprd->conj,oprd,conj,2.0,0.0,3.477238863707884e-06,0.0,-3.477238863707884e-06,3.477238863707884e-06,-100.00000000000001
dobj->predet,dobj,predet,2.0,0.0,3.477238863707884e-06,0.0,-3.477238863707884e-06,3.477238863707884e-06,-100.00000000000001
pcomp->mark,pcomp,mark,2.0,0.0,3.477238863707884e-06,0.0,-3.477238863707884e-06,3.477238863707884e-06,-100.00000000000001
prep->prt,prep,prt,2.0,0.0,3.477238863707884e-06,0.0,-3.477238863707884e-06,3.477238863707884e-06,-100.00000000000001
case->nsubj,case,nsubj,2.0,0.0,3.477238863707884e-06,0.0,-3.477238863707884e-06,3.477238863707884e-06,-100.00000000000001
ccomp->appos,ccomp,appos,2.0,0.0,3.477238863707884e-06,0.0,-3.477238863707884e-06,3.477238863707884e-06,-100.00000000000001
det->advmod,det,advmod,2.0,0.0,3.477238863707884e-06,0.0,-3.477238863707884e-06,3.477238863707884e-06,-100.00000000000001
pcomp->agent,pcomp,agent,2.0,0.0,3.477238863707884e-06,0.0,-3.477238863707884e-06,3.477238863707884e-06,-100.00000000000001
appos->mark,appos,mark,2.0,0.0,3.477238863707884e-06,0.0,-3.477238863707884e-06,3.477238863707884e-06,-100.00000000000001
parataxis->nmod,parataxis,nmod,2.0,0.0,3.477238863707884e-06,0.0,-3.477238863707884e-06,3.477238863707884e-06,-100.00000000000001
nummod->acl,nummod,acl,2.0,0.0,3.477238863707884e-06,0.0,-3.477238863707884e-06,3.477238863707884e-06,-100.00000000000001
advmod->nummod,advmod,nummod,2.0,0.0,3.477238863707884e-06,0.0,-3.477238863707884e-06,3.477238863707884e-06,-100.00000000000001
nsubjpass->neg,nsubjpass,neg,2.0,0.0,3.477238863707884e-06,0.0,-3.477238863707884e-06,3.477238863707884e-06,-100.00000000000001
oprd->xcomp,oprd,xcomp,2.0,0.0,3.477238863707884e-06,0.0,-3.477238863707884e-06,3.477238863707884e-06,-100.00000000000001
nummod->case,nummod,case,2.0,0.0,3.477238863707884e-06,0.0,-3.477238863707884e-06,3.477238863707884e-06,-100.00000000000001
xcomp->dep,xcomp,dep,2.0,0.0,3.477238863707884e-06,0.0,-3.477238863707884e-06,3.477238863707884e-06,-100.00000000000001
agent->conj,agent,conj,2.0,0.0,3.477238863707884e-06,0.0,-3.477238863707884e-06,3.477238863707884e-06,-100.00000000000001
agent->cc,agent,cc,2.0,0.0,3.477238863707884e-06,0.0,-3.477238863707884e-06,3.477238863707884e-06,-100.00000000000001
ROOT->meta,ROOT,meta,19.0,25.0,3.30337692052249e-05,3.647403996679403e-05,3.4402707615691316e-06,3.4402707615691316e-06,10.414405756110293
xcomp->ccomp,xcomp,ccomp,7.0,6.0,1.2170336022977594e-05,8.753769592030567e-06,-3.416566430947027e-06,3.416566430947027e-06,-28.072901393162436
oprd->prep,oprd,prep,12.0,12.0,2.0863433182247305e-05,1.7507539184061135e-05,-3.35589399818617e-06,3.35589399818617e-06,-16.08505162535618
csubj->cc,csubj,cc,12.0,12.0,2.0863433182247305e-05,1.7507539184061135e-05,-3.35589399818617e-06,3.35589399818617e-06,-16.08505162535618
npadvmod->advmod,npadvmod,advmod,9.0,13.0,1.5647574886685478e-05,1.8966500782732896e-05,3.318925896047418e-06,3.318925896047418e-06,21.21048098559664
dobj->case,dobj,case,4.0,7.0,6.954477727415768e-06,1.0212731190702329e-05,3.2582534632865606e-06,3.2582534632865606e-06,46.851159655626695
dobj->aux,dobj,aux,4.0,7.0,6.954477727415768e-06,1.0212731190702329e-05,3.2582534632865606e-06,3.2582534632865606e-06,46.851159655626695
xcomp->npadvmod,xcomp,npadvmod,6.0,5.0,1.0431716591123653e-05,7.294807993358807e-06,-3.1369085977648455e-06,3.1369085977648455e-06,-30.070876354463472
csubj->aux,csubj,aux,6.0,5.0,1.0431716591123653e-05,7.294807993358807e-06,-3.1369085977648455e-06,3.1369085977648455e-06,-30.070876354463472
preconj->amod,preconj,amod,6.0,5.0,1.0431716591123653e-05,7.294807993358807e-06,-3.1369085977648455e-06,3.1369085977648455e-06,-30.070876354463472
appos->nsubj,appos,nsubj,37.0,42.0,6.432891897859586e-05,6.127638714421397e-05,-3.052531834381883e-06,3.052531834381883e-06,-4.745193736890793
attr->nummod,attr,nummod,5.0,8.0,8.69309715926971e-06,1.1671692789374092e-05,2.978595630104381e-06,2.978595630104381e-06,34.263917399430134
aux->nsubj,aux,nsubj,21.0,23.0,3.6511008068932787e-05,3.355611676945051e-05,-2.954891299482278e-06,2.954891299482278e-06,-8.09315178015201
nsubjpass->preconj,nsubjpass,preconj,0.0,2.0,0.0,2.917923197343523e-06,2.917923197343523e-06,2.917923197343523e-06,
advcl->pobj,advcl,pobj,0.0,2.0,0.0,2.917923197343523e-06,2.917923197343523e-06,2.917923197343523e-06,
csubj->prt,csubj,prt,0.0,2.0,0.0,2.917923197343523e-06,2.917923197343523e-06,2.917923197343523e-06,
det->acl,det,acl,0.0,2.0,0.0,2.917923197343523e-06,2.917923197343523e-06,2.917923197343523e-06,
prep->dative,prep,dative,0.0,2.0,0.0,2.917923197343523e-06,2.917923197343523e-06,2.917923197343523e-06,
prep->acl,prep,acl,0.0,2.0,0.0,2.917923197343523e-06,2.917923197343523e-06,2.917923197343523e-06,
pobj->pcomp,pobj,pcomp,0.0,2.0,0.0,2.917923197343523e-06,2.917923197343523e-06,2.917923197343523e-06,
det->neg,det,neg,0.0,2.0,0.0,2.917923197343523e-06,2.917923197343523e-06,2.917923197343523e-06,
dep->prt,dep,prt,0.0,2.0,0.0,2.917923197343523e-06,2.917923197343523e-06,2.917923197343523e-06,
quantmod->amod,quantmod,amod,0.0,2.0,0.0,2.917923197343523e-06,2.917923197343523e-06,2.917923197343523e-06,
auxpass->neg,auxpass,neg,0.0,2.0,0.0,2.917923197343523e-06,2.917923197343523e-06,2.917923197343523e-06,
csubj->csubj,csubj,csubj,0.0,2.0,0.0,2.917923197343523e-06,2.917923197343523e-06,2.917923197343523e-06,
csubj->dep,csubj,dep,0.0,2.0,0.0,2.917923197343523e-06,2.917923197343523e-06,2.917923197343523e-06,
nsubj->acomp,nsubj,acomp,0.0,2.0,0.0,2.917923197343523e-06,2.917923197343523e-06,2.917923197343523e-06,
appos->attr,appos,attr,0.0,2.0,0.0,2.917923197343523e-06,2.917923197343523e-06,2.917923197343523e-06,
csubj->attr,csubj,attr,0.0,2.0,0.0,2.917923197343523e-06,2.917923197343523e-06,2.917923197343523e-06,
aux->advcl,aux,advcl,0.0,2.0,0.0,2.917923197343523e-06,2.917923197343523e-06,2.917923197343523e-06,
ccomp->intj,ccomp,intj,0.0,2.0,0.0,2.917923197343523e-06,2.917923197343523e-06,2.917923197343523e-06,
pobj->attr,pobj,attr,0.0,2.0,0.0,2.917923197343523e-06,2.917923197343523e-06,2.917923197343523e-06,
compound->relcl,compound,relcl,0.0,2.0,0.0,2.917923197343523e-06,2.917923197343523e-06,2.917923197343523e-06,
compound->csubj,compound,csubj,0.0,2.0,0.0,2.917923197343523e-06,2.917923197343523e-06,2.917923197343523e-06,
amod->oprd,amod,oprd,0.0,2.0,0.0,2.917923197343523e-06,2.917923197343523e-06,2.917923197343523e-06,
acomp->pobj,acomp,pobj,0.0,2.0,0.0,2.917923197343523e-06,2.917923197343523e-06,2.917923197343523e-06,
amod->meta,amod,meta,0.0,2.0,0.0,2.917923197343523e-06,2.917923197343523e-06,2.917923197343523e-06,
xcomp->oprd,xcomp,oprd,0.0,2.0,0.0,2.917923197343523e-06,2.917923197343523e-06,2.917923197343523e-06,
advmod->xcomp,advmod,xcomp,0.0,2.0,0.0,2.917923197343523e-06,2.917923197343523e-06,2.917923197343523e-06,
parataxis->amod,parataxis,amod,0.0,2.0,0.0,2.917923197343523e-06,2.917923197343523e-06,2.917923197343523e-06,
mark->npadvmod,mark,npadvmod,0.0,2.0,0.0,2.917923197343523e-06,2.917923197343523e-06,2.917923197343523e-06,
pobj->acomp,pobj,acomp,0.0,2.0,0.0,2.917923197343523e-06,2.917923197343523e-06,2.917923197343523e-06,
intj->npadvmod,intj,npadvmod,0.0,2.0,0.0,2.917923197343523e-06,2.917923197343523e-06,2.917923197343523e-06,
pcomp->nmod,pcomp,nmod,5.0,4.0,8.69309715926971e-06,5.835846394687046e-06,-2.857250764582665e-06,2.857250764582665e-06,-32.868041300284936
pcomp->neg,pcomp,neg,5.0,4.0,8.69309715926971e-06,5.835846394687046e-06,-2.857250764582665e-06,2.857250764582665e-06,-32.868041300284936
nsubj->xcomp,nsubj,xcomp,5.0,4.0,8.69309715926971e-06,5.835846394687046e-06,-2.857250764582665e-06,2.857250764582665e-06,-32.868041300284936
appos->prt,appos,prt,5.0,4.0,8.69309715926971e-06,5.835846394687046e-06,-2.857250764582665e-06,2.857250764582665e-06,-32.868041300284936
csubjpass->prep,csubjpass,prep,5.0,4.0,8.69309715926971e-06,5.835846394687046e-06,-2.857250764582665e-06,2.857250764582665e-06,-32.868041300284936
ccomp->attr,ccomp,attr,16.0,21.0,2.7817910909663072e-05,3.0638193572106986e-05,2.820282662443914e-06,2.820282662443914e-06,10.138369741720021
pobj->parataxis,pobj,parataxis,10.0,10.0,1.738619431853942e-05,1.4589615986717614e-05,-2.7965783318218074e-06,2.7965783318218074e-06,-16.085051625356172
ccomp->auxpass,ccomp,auxpass,36.0,41.0,6.259029954674191e-05,5.981742554554222e-05,-2.772874001199694e-06,2.772874001199694e-06,-4.430197684433408
nmod->nsubj,nmod,nsubj,15.0,16.0,2.6079291477809132e-05,2.3343385578748183e-05,-2.735905899060949e-06,2.735905899060949e-06,-10.490721733713245
ROOT->prt,ROOT,prt,46.0,53.0,7.997649386528133e-05,7.732496472960335e-05,-2.6515291356779807e-06,2.6515291356779807e-06,-3.3153855683451487
dobj->parataxis,dobj,parataxis,1.0,3.0,1.738619431853942e-06,4.376884796015284e-06,2.638265364161342e-06,2.638265364161342e-06,151.7448451239315
conj->oprd,conj,oprd,1.0,3.0,1.738619431853942e-06,4.376884796015284e-06,2.638265364161342e-06,2.638265364161342e-06,151.7448451239315
preconj->dobj,preconj,dobj,1.0,3.0,1.738619431853942e-06,4.376884796015284e-06,2.638265364161342e-06,2.638265364161342e-06,151.7448451239315
det->dep,det,dep,1.0,3.0,1.738619431853942e-06,4.376884796015284e-06,2.638265364161342e-06,2.638265364161342e-06,151.7448451239315
amod->parataxis,amod,parataxis,1.0,3.0,1.738619431853942e-06,4.376884796015284e-06,2.638265364161342e-06,2.638265364161342e-06,151.7448451239315
ccomp->relcl,ccomp,relcl,1.0,3.0,1.738619431853942e-06,4.376884796015284e-06,2.638265364161342e-06,2.638265364161342e-06,151.7448451239315
dative->det,dative,det,1.0,3.0,1.738619431853942e-06,4.376884796015284e-06,2.638265364161342e-06,2.638265364161342e-06,151.7448451239315
dobj->quantmod,dobj,quantmod,1.0,3.0,1.738619431853942e-06,4.376884796015284e-06,2.638265364161342e-06,2.638265364161342e-06,151.7448451239315
npadvmod->aux,npadvmod,aux,1.0,3.0,1.738619431853942e-06,4.376884796015284e-06,2.638265364161342e-06,2.638265364161342e-06,151.7448451239315
auxpass->advmod,auxpass,advmod,1.0,3.0,1.738619431853942e-06,4.376884796015284e-06,2.638265364161342e-06,2.638265364161342e-06,151.7448451239315
pobj->neg,pobj,neg,4.0,3.0,6.954477727415768e-06,4.376884796015284e-06,-2.5775929314004844e-06,2.5775929314004844e-06,-37.06378871901713
cc->pobj,cc,pobj,4.0,3.0,6.954477727415768e-06,4.376884796015284e-06,-2.5775929314004844e-06,2.5775929314004844e-06,-37.06378871901713
nummod->appos,nummod,appos,4.0,3.0,6.954477727415768e-06,4.376884796015284e-06,-2.5775929314004844e-06,2.5775929314004844e-06,-37.06378871901713
amod->advcl,amod,advcl,4.0,3.0,6.954477727415768e-06,4.376884796015284e-06,-2.5775929314004844e-06,2.5775929314004844e-06,-37.06378871901713
parataxis->compound,parataxis,compound,4.0,3.0,6.954477727415768e-06,4.376884796015284e-06,-2.5775929314004844e-06,2.5775929314004844e-06,-37.06378871901713
pcomp->oprd,pcomp,oprd,4.0,3.0,6.954477727415768e-06,4.376884796015284e-06,-2.5775929314004844e-06,2.5775929314004844e-06,-37.06378871901713
csubj->advcl,csubj,advcl,17.0,22.0,2.9556530341517016e-05,3.209715517077875e-05,2.5406248292617315e-06,2.5406248292617315e-06,8.59581554365671
auxpass->nsubj,auxpass,nsubj,2.0,4.0,3.477238863707884e-06,5.835846394687046e-06,2.3586075309791618e-06,2.3586075309791618e-06,67.82989674928767
nmod->meta,nmod,meta,2.0,4.0,3.477238863707884e-06,5.835846394687046e-06,2.3586075309791618e-06,2.3586075309791618e-06,67.82989674928767
cc->conj,cc,conj,2.0,4.0,3.477238863707884e-06,5.835846394687046e-06,2.3586075309791618e-06,2.3586075309791618e-06,67.82989674928767
csubj->amod,csubj,amod,2.0,4.0,3.477238863707884e-06,5.835846394687046e-06,2.3586075309791618e-06,2.3586075309791618e-06,67.82989674928767
ccomp->acl,ccomp,acl,2.0,4.0,3.477238863707884e-06,5.835846394687046e-06,2.3586075309791618e-06,2.3586075309791618e-06,67.82989674928767
xcomp->nsubj,xcomp,nsubj,2.0,4.0,3.477238863707884e-06,5.835846394687046e-06,2.3586075309791618e-06,2.3586075309791618e-06,67.82989674928767
prt->pobj,prt,pobj,2.0,4.0,3.477238863707884e-06,5.835846394687046e-06,2.3586075309791618e-06,2.3586075309791618e-06,67.82989674928767
aux->aux,aux,aux,3.0,2.0,5.215858295561826e-06,2.917923197343523e-06,-2.2979350982183034e-06,2.2979350982183034e-06,-44.05670108357078
relcl->det,relcl,det,3.0,2.0,5.215858295561826e-06,2.917923197343523e-06,-2.2979350982183034e-06,2.2979350982183034e-06,-44.05670108357078
advmod->dobj,advmod,dobj,3.0,2.0,5.215858295561826e-06,2.917923197343523e-06,-2.2979350982183034e-06,2.2979350982183034e-06,-44.05670108357078
nsubj->case,nsubj,case,3.0,2.0,5.215858295561826e-06,2.917923197343523e-06,-2.2979350982183034e-06,2.2979350982183034e-06,-44.05670108357078
parataxis->npadvmod,parataxis,npadvmod,3.0,2.0,5.215858295561826e-06,2.917923197343523e-06,-2.2979350982183034e-06,2.2979350982183034e-06,-44.05670108357078
nmod->relcl,nmod,relcl,3.0,2.0,5.215858295561826e-06,2.917923197343523e-06,-2.2979350982183034e-06,2.2979350982183034e-06,-44.05670108357078
dep->advmod,dep,advmod,8.0,8.0,1.3908955454831536e-05,1.1671692789374092e-05,-2.2372626654574445e-06,2.2372626654574445e-06,-16.08505162535616
relcl->compound,relcl,compound,8.0,8.0,1.3908955454831536e-05,1.1671692789374092e-05,-2.2372626654574445e-06,2.2372626654574445e-06,-16.08505162535616
prep->advcl,prep,advcl,3.0,5.0,5.215858295561826e-06,7.294807993358807e-06,2.078949697796981e-06,2.078949697796981e-06,39.858247291073056
xcomp->compound,xcomp,compound,3.0,5.0,5.215858295561826e-06,7.294807993358807e-06,2.078949697796981e-06,2.078949697796981e-06,39.858247291073056
ccomp->advcl,ccomp,advcl,24.0,30.0,4.172686636449461e-05,4.3768847960152844e-05,2.041981595658234e-06,2.041981595658234e-06,4.893685468304795
csubjpass->advmod,csubjpass,advmod,2.0,1.0,3.477238863707884e-06,1.4589615986717615e-06,-2.0182772650361224e-06,2.0182772650361224e-06,-58.04252581267807
amod->intj,amod,intj,2.0,1.0,3.477238863707884e-06,1.4589615986717615e-06,-2.0182772650361224e-06,2.0182772650361224e-06,-58.04252581267807
aux->acomp,aux,acomp,2.0,1.0,3.477238863707884e-06,1.4589615986717615e-06,-2.0182772650361224e-06,2.0182772650361224e-06,-58.04252581267807
prep->preconj,prep,preconj,2.0,1.0,3.477238863707884e-06,1.4589615986717615e-06,-2.0182772650361224e-06,2.0182772650361224e-06,-58.04252581267807
preconj->nmod,preconj,nmod,2.0,1.0,3.477238863707884e-06,1.4589615986717615e-06,-2.0182772650361224e-06,2.0182772650361224e-06,-58.04252581267807
pcomp->dep,pcomp,dep,2.0,1.0,3.477238863707884e-06,1.4589615986717615e-06,-2.0182772650361224e-06,2.0182772650361224e-06,-58.04252581267807
advcl->dep,advcl,dep,2.0,1.0,3.477238863707884e-06,1.4589615986717615e-06,-2.0182772650361224e-06,2.0182772650361224e-06,-58.04252581267807
advcl->det,advcl,det,2.0,1.0,3.477238863707884e-06,1.4589615986717615e-06,-2.0182772650361224e-06,2.0182772650361224e-06,-58.04252581267807
dobj->mark,dobj,mark,2.0,1.0,3.477238863707884e-06,1.4589615986717615e-06,-2.0182772650361224e-06,2.0182772650361224e-06,-58.04252581267807
conj->parataxis,conj,parataxis,2.0,1.0,3.477238863707884e-06,1.4589615986717615e-06,-2.0182772650361224e-06,2.0182772650361224e-06,-58.04252581267807
nsubj->intj,nsubj,intj,2.0,1.0,3.477238863707884e-06,1.4589615986717615e-06,-2.0182772650361224e-06,2.0182772650361224e-06,-58.04252581267807
acl->appos,acl,appos,2.0,1.0,3.477238863707884e-06,1.4589615986717615e-06,-2.0182772650361224e-06,2.0182772650361224e-06,-58.04252581267807
conj->mark,conj,mark,2.0,1.0,3.477238863707884e-06,1.4589615986717615e-06,-2.0182772650361224e-06,2.0182772650361224e-06,-58.04252581267807
conj->expl,conj,expl,2.0,1.0,3.477238863707884e-06,1.4589615986717615e-06,-2.0182772650361224e-06,2.0182772650361224e-06,-58.04252581267807
relcl->oprd,relcl,oprd,2.0,1.0,3.477238863707884e-06,1.4589615986717615e-06,-2.0182772650361224e-06,2.0182772650361224e-06,-58.04252581267807
cc->prep,cc,prep,2.0,1.0,3.477238863707884e-06,1.4589615986717615e-06,-2.0182772650361224e-06,2.0182772650361224e-06,-58.04252581267807
dobj->neg,dobj,neg,2.0,1.0,3.477238863707884e-06,1.4589615986717615e-06,-2.0182772650361224e-06,2.0182772650361224e-06,-58.04252581267807
acomp->compound,acomp,compound,2.0,1.0,3.477238863707884e-06,1.4589615986717615e-06,-2.0182772650361224e-06,2.0182772650361224e-06,-58.04252581267807
dobj->prt,dobj,prt,2.0,1.0,3.477238863707884e-06,1.4589615986717615e-06,-2.0182772650361224e-06,2.0182772650361224e-06,-58.04252581267807
parataxis->advmod,parataxis,advmod,2.0,1.0,3.477238863707884e-06,1.4589615986717615e-06,-2.0182772650361224e-06,2.0182772650361224e-06,-58.04252581267807
acomp->neg,acomp,neg,2.0,1.0,3.477238863707884e-06,1.4589615986717615e-06,-2.0182772650361224e-06,2.0182772650361224e-06,-58.04252581267807
ROOT->preconj,ROOT,preconj,2.0,1.0,3.477238863707884e-06,1.4589615986717615e-06,-2.0182772650361224e-06,2.0182772650361224e-06,-58.04252581267807
prep->acomp,prep,acomp,2.0,1.0,3.477238863707884e-06,1.4589615986717615e-06,-2.0182772650361224e-06,2.0182772650361224e-06,-58.04252581267807
csubjpass->aux,csubjpass,aux,2.0,1.0,3.477238863707884e-06,1.4589615986717615e-06,-2.0182772650361224e-06,2.0182772650361224e-06,-58.04252581267807
case->cc,case,cc,2.0,1.0,3.477238863707884e-06,1.4589615986717615e-06,-2.0182772650361224e-06,2.0182772650361224e-06,-58.04252581267807
prep->mark,prep,mark,2.0,1.0,3.477238863707884e-06,1.4589615986717615e-06,-2.0182772650361224e-06,2.0182772650361224e-06,-58.04252581267807
aux->dobj,aux,dobj,7.0,7.0,1.2170336022977594e-05,1.0212731190702329e-05,-1.9576048322752657e-06,1.9576048322752657e-06,-16.085051625356176
advcl->prt,advcl,prt,7.0,7.0,1.2170336022977594e-05,1.0212731190702329e-05,-1.9576048322752657e-06,1.9576048322752657e-06,-16.085051625356176
appos->advcl,appos,advcl,9.0,12.0,1.5647574886685478e-05,1.7507539184061135e-05,1.859964297375657e-06,1.859964297375657e-06,11.886597832858437
acl->dep,acl,dep,4.0,6.0,6.954477727415768e-06,8.753769592030567e-06,1.7992918646147994e-06,1.7992918646147994e-06,25.872422561965738
poss->poss,poss,poss,4.0,6.0,6.954477727415768e-06,8.753769592030567e-06,1.7992918646147994e-06,1.7992918646147994e-06,25.872422561965738
compound->conj,compound,conj,4.0,6.0,6.954477727415768e-06,8.753769592030567e-06,1.7992918646147994e-06,1.7992918646147994e-06,25.872422561965738
compound->prep,compound,prep,4.0,6.0,6.954477727415768e-06,8.753769592030567e-06,1.7992918646147994e-06,1.7992918646147994e-06,25.872422561965738
ROOT->pcomp,ROOT,pcomp,22.0,25.0,3.824962750078672e-05,3.647403996679403e-05,-1.775587533992692e-06,1.775587533992692e-06,-4.642104119722922
advmod->ccomp,advmod,ccomp,1.0,0.0,1.738619431853942e-06,0.0,-1.738619431853942e-06,1.738619431853942e-06,-100.00000000000001
amod->csubjpass,amod,csubjpass,1.0,0.0,1.738619431853942e-06,0.0,-1.738619431853942e-06,1.738619431853942e-06,-100.00000000000001
poss->nsubj,poss,nsubj,1.0,0.0,1.738619431853942e-06,0.0,-1.738619431853942e-06,1.738619431853942e-06,-100.00000000000001
poss->intj,poss,intj,1.0,0.0,1.738619431853942e-06,0.0,-1.738619431853942e-06,1.738619431853942e-06,-100.00000000000001
poss->attr,poss,attr,1.0,0.0,1.738619431853942e-06,0.0,-1.738619431853942e-06,1.738619431853942e-06,-100.00000000000001
advmod->case,advmod,case,1.0,0.0,1.738619431853942e-06,0.0,-1.738619431853942e-06,1.738619431853942e-06,-100.00000000000001
acomp->nsubjpass,acomp,nsubjpass,1.0,0.0,1.738619431853942e-06,0.0,-1.738619431853942e-06,1.738619431853942e-06,-100.00000000000001
aux->cc,aux,cc,1.0,0.0,1.738619431853942e-06,0.0,-1.738619431853942e-06,1.738619431853942e-06,-100.00000000000001
csubjpass->nsubj,csubjpass,nsubj,1.0,0.0,1.738619431853942e-06,0.0,-1.738619431853942e-06,1.738619431853942e-06,-100.00000000000001
auxpass->mark,auxpass,mark,1.0,0.0,1.738619431853942e-06,0.0,-1.738619431853942e-06,1.738619431853942e-06,-100.00000000000001
npadvmod->case,npadvmod,case,1.0,0.0,1.738619431853942e-06,0.0,-1.738619431853942e-06,1.738619431853942e-06,-100.00000000000001
csubjpass->npadvmod,csubjpass,npadvmod,1.0,0.0,1.738619431853942e-06,0.0,-1.738619431853942e-06,1.738619431853942e-06,-100.00000000000001
case->compound,case,compound,1.0,0.0,1.738619431853942e-06,0.0,-1.738619431853942e-06,1.738619431853942e-06,-100.00000000000001
nmod->intj,nmod,intj,1.0,0.0,1.738619431853942e-06,0.0,-1.738619431853942e-06,1.738619431853942e-06,-100.00000000000001
xcomp->quantmod,xcomp,quantmod,1.0,0.0,1.738619431853942e-06,0.0,-1.738619431853942e-06,1.738619431853942e-06,-100.00000000000001
dep->pcomp,dep,pcomp,1.0,0.0,1.738619431853942e-06,0.0,-1.738619431853942e-06,1.738619431853942e-06,-100.00000000000001
dep->predet,dep,predet,1.0,0.0,1.738619431853942e-06,0.0,-1.738619431853942e-06,1.738619431853942e-06,-100.00000000000001
cc->dep,cc,dep,1.0,0.0,1.738619431853942e-06,0.0,-1.738619431853942e-06,1.738619431853942e-06,-100.00000000000001
relcl->csubj,relcl,csubj,1.0,0.0,1.738619431853942e-06,0.0,-1.738619431853942e-06,1.738619431853942e-06,-100.00000000000001
advmod->intj,advmod,intj,1.0,0.0,1.738619431853942e-06,0.0,-1.738619431853942e-06,1.738619431853942e-06,-100.00000000000001
xcomp->neg,xcomp,neg,1.0,0.0,1.738619431853942e-06,0.0,-1.738619431853942e-06,1.738619431853942e-06,-100.00000000000001
acomp->acl,acomp,acl,1.0,0.0,1.738619431853942e-06,0.0,-1.738619431853942e-06,1.738619431853942e-06,-100.00000000000001
attr->nsubj,attr,nsubj,1.0,0.0,1.738619431853942e-06,0.0,-1.738619431853942e-06,1.738619431853942e-06,-100.00000000000001
conj->meta,conj,meta,1.0,0.0,1.738619431853942e-06,0.0,-1.738619431853942e-06,1.738619431853942e-06,-100.00000000000001
acomp->ccomp,acomp,ccomp,1.0,0.0,1.738619431853942e-06,0.0,-1.738619431853942e-06,1.738619431853942e-06,-100.00000000000001
acomp->aux,acomp,aux,1.0,0.0,1.738619431853942e-06,0.0,-1.738619431853942e-06,1.738619431853942e-06,-100.00000000000001
compound->advcl,compound,advcl,1.0,0.0,1.738619431853942e-06,0.0,-1.738619431853942e-06,1.738619431853942e-06,-100.00000000000001
nsubj->mark,nsubj,mark,1.0,0.0,1.738619431853942e-06,0.0,-1.738619431853942e-06,1.738619431853942e-06,-100.00000000000001
dative->poss,dative,poss,1.0,0.0,1.738619431853942e-06,0.0,-1.738619431853942e-06,1.738619431853942e-06,-100.00000000000001
dep->agent,dep,agent,1.0,0.0,1.738619431853942e-06,0.0,-1.738619431853942e-06,1.738619431853942e-06,-100.00000000000001
intj->det,intj,det,1.0,0.0,1.738619431853942e-06,0.0,-1.738619431853942e-06,1.738619431853942e-06,-100.00000000000001
intj->preconj,intj,preconj,1.0,0.0,1.738619431853942e-06,0.0,-1.738619431853942e-06,1.738619431853942e-06,-100.00000000000001
nsubj->predet,nsubj,predet,1.0,0.0,1.738619431853942e-06,0.0,-1.738619431853942e-06,1.738619431853942e-06,-100.00000000000001
nsubj->prt,nsubj,prt,1.0,0.0,1.738619431853942e-06,0.0,-1.738619431853942e-06,1.738619431853942e-06,-100.00000000000001
nsubj->quantmod,nsubj,quantmod,1.0,0.0,1.738619431853942e-06,0.0,-1.738619431853942e-06,1.738619431853942e-06,-100.00000000000001
acomp->appos,acomp,appos,1.0,0.0,1.738619431853942e-06,0.0,-1.738619431853942e-06,1.738619431853942e-06,-100.00000000000001
parataxis->prt,parataxis,prt,1.0,0.0,1.738619431853942e-06,0.0,-1.738619431853942e-06,1.738619431853942e-06,-100.00000000000001
parataxis->intj,parataxis,intj,1.0,0.0,1.738619431853942e-06,0.0,-1.738619431853942e-06,1.738619431853942e-06,-100.00000000000001
nsubj->auxpass,nsubj,auxpass,1.0,0.0,1.738619431853942e-06,0.0,-1.738619431853942e-06,1.738619431853942e-06,-100.00000000000001
pcomp->appos,pcomp,appos,1.0,0.0,1.738619431853942e-06,0.0,-1.738619431853942e-06,1.738619431853942e-06,-100.00000000000001
ccomp->poss,ccomp,poss,1.0,0.0,1.738619431853942e-06,0.0,-1.738619431853942e-06,1.738619431853942e-06,-100.00000000000001
intj->amod,intj,amod,1.0,0.0,1.738619431853942e-06,0.0,-1.738619431853942e-06,1.738619431853942e-06,-100.00000000000001
agent->preconj,agent,preconj,1.0,0.0,1.738619431853942e-06,0.0,-1.738619431853942e-06,1.738619431853942e-06,-100.00000000000001
advcl->intj,advcl,intj,1.0,0.0,1.738619431853942e-06,0.0,-1.738619431853942e-06,1.738619431853942e-06,-100.00000000000001
nmod->ccomp,nmod,ccomp,1.0,0.0,1.738619431853942e-06,0.0,-1.738619431853942e-06,1.738619431853942e-06,-100.00000000000001
intj->compound,intj,compound,1.0,0.0,1.738619431853942e-06,0.0,-1.738619431853942e-06,1.738619431853942e-06,-100.00000000000001
oprd->advmod,oprd,advmod,1.0,0.0,1.738619431853942e-06,0.0,-1.738619431853942e-06,1.738619431853942e-06,-100.00000000000001
oprd->appos,oprd,appos,1.0,0.0,1.738619431853942e-06,0.0,-1.738619431853942e-06,1.738619431853942e-06,-100.00000000000001
oprd->neg,oprd,neg,1.0,0.0,1.738619431853942e-06,0.0,-1.738619431853942e-06,1.738619431853942e-06,-100.00000000000001
oprd->nmod,oprd,nmod,1.0,0.0,1.738619431853942e-06,0.0,-1.738619431853942e-06,1.738619431853942e-06,-100.00000000000001
parataxis->acomp,parataxis,acomp,1.0,0.0,1.738619431853942e-06,0.0,-1.738619431853942e-06,1.738619431853942e-06,-100.00000000000001
mark->nsubj,mark,nsubj,1.0,0.0,1.738619431853942e-06,0.0,-1.738619431853942e-06,1.738619431853942e-06,-100.00000000000001
meta->nsubj,meta,nsubj,1.0,0.0,1.738619431853942e-06,0.0,-1.738619431853942e-06,1.738619431853942e-06,-100.00000000000001
neg->advmod,neg,advmod,1.0,0.0,1.738619431853942e-06,0.0,-1.738619431853942e-06,1.738619431853942e-06,-100.00000000000001
nmod->advcl,nmod,advcl,1.0,0.0,1.738619431853942e-06,0.0,-1.738619431853942e-06,1.738619431853942e-06,-100.00000000000001
quantmod->advmod,quantmod,advmod,1.0,0.0,1.738619431853942e-06,0.0,-1.738619431853942e-06,1.738619431853942e-06,-100.00000000000001
nummod->intj,nummod,intj,1.0,0.0,1.738619431853942e-06,0.0,-1.738619431853942e-06,1.738619431853942e-06,-100.00000000000001
xcomp->preconj,xcomp,preconj,1.0,0.0,1.738619431853942e-06,0.0,-1.738619431853942e-06,1.738619431853942e-06,-100.00000000000001
auxpass->csubj,auxpass,csubj,1.0,0.0,1.738619431853942e-06,0.0,-1.738619431853942e-06,1.738619431853942e-06,-100.00000000000001
aux->nummod,aux,nummod,1.0,0.0,1.738619431853942e-06,0.0,-1.738619431853942e-06,1.738619431853942e-06,-100.00000000000001
aux->npadvmod,aux,npadvmod,1.0,0.0,1.738619431853942e-06,0.0,-1.738619431853942e-06,1.738619431853942e-06,-100.00000000000001
aux->compound,aux,compound,1.0,0.0,1.738619431853942e-06,0.0,-1.738619431853942e-06,1.738619431853942e-06,-100.00000000000001
oprd->amod,oprd,amod,6.0,6.0,1.0431716591123653e-05,8.753769592030567e-06,-1.677946999093085e-06,1.677946999093085e-06,-16.08505162535618
advmod->pobj,advmod,pobj,6.0,6.0,1.0431716591123653e-05,8.753769592030567e-06,-1.677946999093085e-06,1.677946999093085e-06,-16.08505162535618
poss->conj,poss,conj,6.0,6.0,1.0431716591123653e-05,8.753769592030567e-06,-1.677946999093085e-06,1.677946999093085e-06,-16.08505162535618
pobj->prt,pobj,prt,6.0,6.0,1.0431716591123653e-05,8.753769592030567e-06,-1.677946999093085e-06,1.677946999093085e-06,-16.08505162535618
attr->appos,attr,appos,32.0,37.0,5.5635821819326145e-05,5.398157915085517e-05,-1.6542426684709719e-06,1.6542426684709719e-06,-2.973340941818064
dobj->nsubj,dobj,nsubj,15.0,19.0,2.6079291477809132e-05,2.7720270374763467e-05,1.6409788969543348e-06,1.6409788969543348e-06,6.292267941215518
amod->dobj,amod,dobj,62.0,75.0,0.0001077944047749444,0.0001094221199003821,1.6277151254376977e-06,1.6277151254376977e-06,1.5100181951336697
dep->nsubj,dep,nsubj,10.0,13.0,1.738619431853942e-05,1.8966500782732896e-05,1.5803064641934747e-06,1.5803064641934747e-06,9.089432887036965
pobj->pobj,pobj,pobj,5.0,7.0,8.69309715926971e-06,1.0212731190702329e-05,1.519634031432618e-06,1.519634031432618e-06,17.48092772450135
dep->nummod,dep,nummod,5.0,7.0,8.69309715926971e-06,1.0212731190702329e-05,1.519634031432618e-06,1.519634031432618e-06,17.48092772450135
relcl->parataxis,relcl,parataxis,0.0,1.0,0.0,1.4589615986717615e-06,1.4589615986717615e-06,1.4589615986717615e-06,
relcl->relcl,relcl,relcl,0.0,1.0,0.0,1.4589615986717615e-06,1.4589615986717615e-06,1.4589615986717615e-06,
mark->prep,mark,prep,0.0,1.0,0.0,1.4589615986717615e-06,1.4589615986717615e-06,1.4589615986717615e-06,
parataxis->conj,parataxis,conj,0.0,1.0,0.0,1.4589615986717615e-06,1.4589615986717615e-06,1.4589615986717615e-06,
meta->compound,meta,compound,0.0,1.0,0.0,1.4589615986717615e-06,1.4589615986717615e-06,1.4589615986717615e-06,
nmod->dative,nmod,dative,0.0,1.0,0.0,1.4589615986717615e-06,1.4589615986717615e-06,1.4589615986717615e-06,
nmod->csubj,nmod,csubj,0.0,1.0,0.0,1.4589615986717615e-06,1.4589615986717615e-06,1.4589615986717615e-06,
amod->ccomp,amod,ccomp,0.0,1.0,0.0,1.4589615986717615e-06,1.4589615986717615e-06,1.4589615986717615e-06,
intj->appos,intj,appos,0.0,1.0,0.0,1.4589615986717615e-06,1.4589615986717615e-06,1.4589615986717615e-06,
parataxis->appos,parataxis,appos,0.0,1.0,0.0,1.4589615986717615e-06,1.4589615986717615e-06,1.4589615986717615e-06,
prt->aux,prt,aux,0.0,1.0,0.0,1.4589615986717615e-06,1.4589615986717615e-06,1.4589615986717615e-06,
quantmod->prep,quantmod,prep,0.0,1.0,0.0,1.4589615986717615e-06,1.4589615986717615e-06,1.4589615986717615e-06,
aux->ccomp,aux,ccomp,0.0,1.0,0.0,1.4589615986717615e-06,1.4589615986717615e-06,1.4589615986717615e-06,
aux->csubj,aux,csubj,0.0,1.0,0.0,1.4589615986717615e-06,1.4589615986717615e-06,1.4589615986717615e-06,
cc->neg,cc,neg,0.0,1.0,0.0,1.4589615986717615e-06,1.4589615986717615e-06,1.4589615986717615e-06,
quantmod->cc,quantmod,cc,0.0,1.0,0.0,1.4589615986717615e-06,1.4589615986717615e-06,1.4589615986717615e-06,
quantmod->conj,quantmod,conj,0.0,1.0,0.0,1.4589615986717615e-06,1.4589615986717615e-06,1.4589615986717615e-06,
quantmod->det,quantmod,det,0.0,1.0,0.0,1.4589615986717615e-06,1.4589615986717615e-06,1.4589615986717615e-06,
nsubj->pobj,nsubj,pobj,0.0,1.0,0.0,1.4589615986717615e-06,1.4589615986717615e-06,1.4589615986717615e-06,
advcl->expl,advcl,expl,0.0,1.0,0.0,1.4589615986717615e-06,1.4589615986717615e-06,1.4589615986717615e-06,
compound->prt,compound,prt,0.0,1.0,0.0,1.4589615986717615e-06,1.4589615986717615e-06,1.4589615986717615e-06,
appos->ccomp,appos,ccomp,0.0,1.0,0.0,1.4589615986717615e-06,1.4589615986717615e-06,1.4589615986717615e-06,
appos->predet,appos,predet,0.0,1.0,0.0,1.4589615986717615e-06,1.4589615986717615e-06,1.4589615986717615e-06,
compound->intj,compound,intj,0.0,1.0,0.0,1.4589615986717615e-06,1.4589615986717615e-06,1.4589615986717615e-06,
compound->mark,compound,mark,0.0,1.0,0.0,1.4589615986717615e-06,1.4589615986717615e-06,1.4589615986717615e-06,
parataxis->parataxis,parataxis,parataxis,0.0,1.0,0.0,1.4589615986717615e-06,1.4589615986717615e-06,1.4589615986717615e-06,
compound->xcomp,compound,xcomp,0.0,1.0,0.0,1.4589615986717615e-06,1.4589615986717615e-06,1.4589615986717615e-06,
nsubjpass->case,nsubjpass,case,0.0,1.0,0.0,1.4589615986717615e-06,1.4589615986717615e-06,1.4589615986717615e-06,
prep->det,prep,det,0.0,1.0,0.0,1.4589615986717615e-06,1.4589615986717615e-06,1.4589615986717615e-06,
auxpass->prep,auxpass,prep,0.0,1.0,0.0,1.4589615986717615e-06,1.4589615986717615e-06,1.4589615986717615e-06,
preconj->quantmod,preconj,quantmod,0.0,1.0,0.0,1.4589615986717615e-06,1.4589615986717615e-06,1.4589615986717615e-06,
dative->acl,dative,acl,0.0,1.0,0.0,1.4589615986717615e-06,1.4589615986717615e-06,1.4589615986717615e-06,
csubjpass->conj,csubjpass,conj,0.0,1.0,0.0,1.4589615986717615e-06,1.4589615986717615e-06,1.4589615986717615e-06,
csubjpass->cc,csubjpass,cc,0.0,1.0,0.0,1.4589615986717615e-06,1.4589615986717615e-06,1.4589615986717615e-06,
acl->acl,acl,acl,0.0,1.0,0.0,1.4589615986717615e-06,1.4589615986717615e-06,1.4589615986717615e-06,
dep->dative,dep,dative,0.0,1.0,0.0,1.4589615986717615e-06,1.4589615986717615e-06,1.4589615986717615e-06,
dep->meta,dep,meta,0.0,1.0,0.0,1.4589615986717615e-06,1.4589615986717615e-06,1.4589615986717615e-06,
dep->parataxis,dep,parataxis,0.0,1.0,0.0,1.4589615986717615e-06,1.4589615986717615e-06,1.4589615986717615e-06,
xcomp->nmod,xcomp,nmod,0.0,1.0,0.0,1.4589615986717615e-06,1.4589615986717615e-06,1.4589615986717615e-06,
xcomp->intj,xcomp,intj,0.0,1.0,0.0,1.4589615986717615e-06,1.4589615986717615e-06,1.4589615986717615e-06,
xcomp->det,xcomp,det,0.0,1.0,0.0,1.4589615986717615e-06,1.4589615986717615e-06,1.4589615986717615e-06,
xcomp->nummod,xcomp,nummod,0.0,1.0,0.0,1.4589615986717615e-06,1.4589615986717615e-06,1.4589615986717615e-06,
auxpass->attr,auxpass,attr,0.0,1.0,0.0,1.4589615986717615e-06,1.4589615986717615e-06,1.4589615986717615e-06,
advmod->oprd,advmod,oprd,0.0,1.0,0.0,1.4589615986717615e-06,1.4589615986717615e-06,1.4589615986717615e-06,
agent->amod,agent,amod,0.0,1.0,0.0,1.4589615986717615e-06,1.4589615986717615e-06,1.4589615986717615e-06,
csubj->meta,csubj,meta,0.0,1.0,0.0,1.4589615986717615e-06,1.4589615986717615e-06,1.4589615986717615e-06,
case->appos,case,appos,0.0,1.0,0.0,1.4589615986717615e-06,1.4589615986717615e-06,1.4589615986717615e-06,
nmod->xcomp,nmod,xcomp,0.0,1.0,0.0,1.4589615986717615e-06,1.4589615986717615e-06,1.4589615986717615e-06,
predet->neg,predet,neg,0.0,1.0,0.0,1.4589615986717615e-06,1.4589615986717615e-06,1.4589615986717615e-06,
aux->attr,aux,attr,0.0,1.0,0.0,1.4589615986717615e-06,1.4589615986717615e-06,1.4589615986717615e-06,
nsubj->agent,nsubj,agent,0.0,1.0,0.0,1.4589615986717615e-06,1.4589615986717615e-06,1.4589615986717615e-06,
nsubj->dative,nsubj,dative,0.0,1.0,0.0,1.4589615986717615e-06,1.4589615986717615e-06,1.4589615986717615e-06,
amod->mark,amod,mark,0.0,1.0,0.0,1.4589615986717615e-06,1.4589615986717615e-06,1.4589615986717615e-06,
acomp->preconj,acomp,preconj,0.0,1.0,0.0,1.4589615986717615e-06,1.4589615986717615e-06,1.4589615986717615e-06,
npadvmod->acomp,npadvmod,acomp,0.0,1.0,0.0,1.4589615986717615e-06,1.4589615986717615e-06,1.4589615986717615e-06,
ccomp->expl,ccomp,expl,0.0,1.0,0.0,1.4589615986717615e-06,1.4589615986717615e-06,1.4589615986717615e-06,
pobj->ccomp,pobj,ccomp,0.0,1.0,0.0,1.4589615986717615e-06,1.4589615986717615e-06,1.4589615986717615e-06,
det->pobj,det,pobj,0.0,1.0,0.0,1.4589615986717615e-06,1.4589615986717615e-06,1.4589615986717615e-06,
poss->advcl,poss,advcl,0.0,1.0,0.0,1.4589615986717615e-06,1.4589615986717615e-06,1.4589615986717615e-06,
pobj->oprd,pobj,oprd,0.0,1.0,0.0,1.4589615986717615e-06,1.4589615986717615e-06,1.4589615986717615e-06,
advmod->acl,advmod,acl,0.0,1.0,0.0,1.4589615986717615e-06,1.4589615986717615e-06,1.4589615986717615e-06,
npadvmod->predet,npadvmod,predet,0.0,1.0,0.0,1.4589615986717615e-06,1.4589615986717615e-06,1.4589615986717615e-06,
csubj->agent,csubj,agent,0.0,1.0,0.0,1.4589615986717615e-06,1.4589615986717615e-06,1.4589615986717615e-06,
acl->preconj,acl,preconj,0.0,1.0,0.0,1.4589615986717615e-06,1.4589615986717615e-06,1.4589615986717615e-06,
pobj->auxpass,pobj,auxpass,0.0,1.0,0.0,1.4589615986717615e-06,1.4589615986717615e-06,1.4589615986717615e-06,
dobj->agent,dobj,agent,0.0,1.0,0.0,1.4589615986717615e-06,1.4589615986717615e-06,1.4589615986717615e-06,
amod->quantmod,amod,quantmod,0.0,1.0,0.0,1.4589615986717615e-06,1.4589615986717615e-06,1.4589615986717615e-06,
pcomp->parataxis,pcomp,parataxis,0.0,1.0,0.0,1.4589615986717615e-06,1.4589615986717615e-06,1.4589615986717615e-06,
dep->case,dep,case,0.0,1.0,0.0,1.4589615986717615e-06,1.4589615986717615e-06,1.4589615986717615e-06,
dative->prep,dative,prep,0.0,1.0,0.0,1.4589615986717615e-06,1.4589615986717615e-06,1.4589615986717615e-06,
ccomp->oprd,ccomp,oprd,0.0,1.0,0.0,1.4589615986717615e-06,1.4589615986717615e-06,1.4589615986717615e-06,
ccomp->preconj,ccomp,preconj,0.0,1.0,0.0,1.4589615986717615e-06,1.4589615986717615e-06,1.4589615986717615e-06,
ccomp->nummod,ccomp,nummod,0.0,1.0,0.0,1.4589615986717615e-06,1.4589615986717615e-06,1.4589615986717615e-06,
dative->dobj,dative,dobj,0.0,1.0,0.0,1.4589615986717615e-06,1.4589615986717615e-06,1.4589615986717615e-06,
oprd->dobj,oprd,dobj,0.0,1.0,0.0,1.4589615986717615e-06,1.4589615986717615e-06,1.4589615986717615e-06,
meta->appos,meta,appos,0.0,1.0,0.0,1.4589615986717615e-06,1.4589615986717615e-06,1.4589615986717615e-06,
parataxis->advcl,parataxis,advcl,0.0,1.0,0.0,1.4589615986717615e-06,1.4589615986717615e-06,1.4589615986717615e-06,
oprd->pobj,oprd,pobj,0.0,1.0,0.0,1.4589615986717615e-06,1.4589615986717615e-06,1.4589615986717615e-06,
nummod->neg,nummod,neg,0.0,1.0,0.0,1.4589615986717615e-06,1.4589615986717615e-06,1.4589615986717615e-06,
nummod->dep,nummod,dep,0.0,1.0,0.0,1.4589615986717615e-06,1.4589615986717615e-06,1.4589615986717615e-06,
prt->dobj,prt,dobj,0.0,1.0,0.0,1.4589615986717615e-06,1.4589615986717615e-06,1.4589615986717615e-06,
nsubjpass->csubj,nsubjpass,csubj,0.0,1.0,0.0,1.4589615986717615e-06,1.4589615986717615e-06,1.4589615986717615e-06,
prep->case,prep,case,0.0,1.0,0.0,1.4589615986717615e-06,1.4589615986717615e-06,1.4589615986717615e-06,
prep->aux,prep,aux,0.0,1.0,0.0,1.4589615986717615e-06,1.4589615986717615e-06,1.4589615986717615e-06,
det->conj,det,conj,5.0,5.0,8.69309715926971e-06,7.294807993358807e-06,-1.3982891659109037e-06,1.3982891659109037e-06,-16.085051625356172
pcomp->compound,pcomp,compound,10.0,11.0,1.738619431853942e-05,1.6048577585389374e-05,-1.3376167331500478e-06,1.3376167331500478e-06,-7.693556787891798
nmod->dobj,nmod,dobj,32.0,39.0,5.5635821819326145e-05,5.6899502348198695e-05,1.2636805288725506e-06,1.2636805288725506e-06,2.2713433315971754
oprd->compound,oprd,compound,6.0,8.0,1.0431716591123653e-05,1.1671692789374092e-05,1.239976198250439e-06,1.239976198250439e-06,11.886597832858447
compound->acl,compound,acl,6.0,8.0,1.0431716591123653e-05,1.1671692789374092e-05,1.239976198250439e-06,1.239976198250439e-06,11.886597832858447
xcomp->auxpass,xcomp,auxpass,6.0,8.0,1.0431716591123653e-05,1.1671692789374092e-05,1.239976198250439e-06,1.239976198250439e-06,11.886597832858447
npadvmod->advcl,npadvmod,advcl,1.0,2.0,1.738619431853942e-06,2.917923197343523e-06,1.1793037654895809e-06,1.1793037654895809e-06,67.82989674928767
npadvmod->nsubj,npadvmod,nsubj,1.0,2.0,1.738619431853942e-06,2.917923197343523e-06,1.1793037654895809e-06,1.1793037654895809e-06,67.82989674928767
dep->pobj,dep,pobj,1.0,2.0,1.738619431853942e-06,2.917923197343523e-06,1.1793037654895809e-06,1.1793037654895809e-06,67.82989674928767
relcl->dative,relcl,dative,1.0,2.0,1.738619431853942e-06,2.917923197343523e-06,1.1793037654895809e-06,1.1793037654895809e-06,67.82989674928767
preconj->prep,preconj,prep,1.0,2.0,1.738619431853942e-06,2.917923197343523e-06,1.1793037654895809e-06,1.1793037654895809e-06,67.82989674928767
appos->csubj,appos,csubj,1.0,2.0,1.738619431853942e-06,2.917923197343523e-06,1.1793037654895809e-06,1.1793037654895809e-06,67.82989674928767
appos->case,appos,case,1.0,2.0,1.738619431853942e-06,2.917923197343523e-06,1.1793037654895809e-06,1.1793037654895809e-06,67.82989674928767
prt->cc,prt,cc,1.0,2.0,1.738619431853942e-06,2.917923197343523e-06,1.1793037654895809e-06,1.1793037654895809e-06,67.82989674928767
appos->meta,appos,meta,1.0,2.0,1.738619431853942e-06,2.917923197343523e-06,1.1793037654895809e-06,1.1793037654895809e-06,67.82989674928767
conj->intj,conj,intj,1.0,2.0,1.738619431853942e-06,2.917923197343523e-06,1.1793037654895809e-06,1.1793037654895809e-06,67.82989674928767
advcl->parataxis,advcl,parataxis,1.0,2.0,1.738619431853942e-06,2.917923197343523e-06,1.1793037654895809e-06,1.1793037654895809e-06,67.82989674928767
prt->conj,prt,conj,1.0,2.0,1.738619431853942e-06,2.917923197343523e-06,1.1793037654895809e-06,1.1793037654895809e-06,67.82989674928767
compound->dep,compound,dep,1.0,2.0,1.738619431853942e-06,2.917923197343523e-06,1.1793037654895809e-06,1.1793037654895809e-06,67.82989674928767
acl->intj,acl,intj,1.0,2.0,1.738619431853942e-06,2.917923197343523e-06,1.1793037654895809e-06,1.1793037654895809e-06,67.82989674928767
advmod->aux,advmod,aux,1.0,2.0,1.738619431853942e-06,2.917923197343523e-06,1.1793037654895809e-06,1.1793037654895809e-06,67.82989674928767
dep->aux,dep,aux,1.0,2.0,1.738619431853942e-06,2.917923197343523e-06,1.1793037654895809e-06,1.1793037654895809e-06,67.82989674928767
oprd->npadvmod,oprd,npadvmod,1.0,2.0,1.738619431853942e-06,2.917923197343523e-06,1.1793037654895809e-06,1.1793037654895809e-06,67.82989674928767
oprd->det,oprd,det,1.0,2.0,1.738619431853942e-06,2.917923197343523e-06,1.1793037654895809e-06,1.1793037654895809e-06,67.82989674928767
intj->prep,intj,prep,1.0,2.0,1.738619431853942e-06,2.917923197343523e-06,1.1793037654895809e-06,1.1793037654895809e-06,67.82989674928767
advmod->advcl,advmod,advcl,4.0,4.0,6.954477727415768e-06,5.835846394687046e-06,-1.1186313327287223e-06,1.1186313327287223e-06,-16.08505162535616
pcomp->ccomp,pcomp,ccomp,4.0,4.0,6.954477727415768e-06,5.835846394687046e-06,-1.1186313327287223e-06,1.1186313327287223e-06,-16.08505162535616
poss->appos,poss,appos,4.0,4.0,6.954477727415768e-06,5.835846394687046e-06,-1.1186313327287223e-06,1.1186313327287223e-06,-16.08505162535616
ccomp->det,ccomp,det,4.0,4.0,6.954477727415768e-06,5.835846394687046e-06,-1.1186313327287223e-06,1.1186313327287223e-06,-16.08505162535616
preconj->prt,preconj,prt,4.0,4.0,6.954477727415768e-06,5.835846394687046e-06,-1.1186313327287223e-06,1.1186313327287223e-06,-16.08505162535616
xcomp->attr,xcomp,attr,4.0,4.0,6.954477727415768e-06,5.835846394687046e-06,-1.1186313327287223e-06,1.1186313327287223e-06,-16.08505162535616
acl->prt,acl,prt,9.0,10.0,1.5647574886685478e-05,1.4589615986717614e-05,-1.0579588999678638e-06,1.0579588999678638e-06,-6.7611684726179595
ROOT->oprd,ROOT,oprd,19.0,22.0,3.30337692052249e-05,3.209715517077875e-05,-9.366140344461521e-07,9.366140344461521e-07,-2.8353229346229414
intj->cc,intj,cc,2.0,3.0,3.477238863707884e-06,4.376884796015284e-06,8.996459323073997e-07,8.996459323073997e-07,25.872422561965738
nsubj->meta,nsubj,meta,2.0,3.0,3.477238863707884e-06,4.376884796015284e-06,8.996459323073997e-07,8.996459323073997e-07,25.872422561965738
acomp->dobj,acomp,dobj,2.0,3.0,3.477238863707884e-06,4.376884796015284e-06,8.996459323073997e-07,8.996459323073997e-07,25.872422561965738
appos->pobj,appos,pobj,3.0,3.0,5.215858295561826e-06,4.376884796015284e-06,-8.389734995465425e-07,8.389734995465425e-07,-16.08505162535618
amod->case,amod,case,3.0,3.0,5.215858295561826e-06,4.376884796015284e-06,-8.389734995465425e-07,8.389734995465425e-07,-16.08505162535618
csubj->compound,csubj,compound,3.0,3.0,5.215858295561826e-06,4.376884796015284e-06,-8.389734995465425e-07,8.389734995465425e-07,-16.08505162535618
poss->prep,poss,prep,3.0,3.0,5.215858295561826e-06,4.376884796015284e-06,-8.389734995465425e-07,8.389734995465425e-07,-16.08505162535618
aux->advmod,aux,advmod,3.0,3.0,5.215858295561826e-06,4.376884796015284e-06,-8.389734995465425e-07,8.389734995465425e-07,-16.08505162535618
advmod->nsubj,advmod,nsubj,3.0,3.0,5.215858295561826e-06,4.376884796015284e-06,-8.389734995465425e-07,8.389734995465425e-07,-16.08505162535618
nmod->attr,nmod,attr,3.0,3.0,5.215858295561826e-06,4.376884796015284e-06,-8.389734995465425e-07,8.389734995465425e-07,-16.08505162535618
appos->parataxis,appos,parataxis,3.0,3.0,5.215858295561826e-06,4.376884796015284e-06,-8.389734995465425e-07,8.389734995465425e-07,-16.08505162535618
advcl->amod,advcl,amod,8.0,9.0,1.3908955454831536e-05,1.3130654388045853e-05,-7.783010667856833e-07,7.783010667856833e-07,-5.595683078525683
compound->advmod,compound,advmod,34.0,41.0,5.911306068303403e-05,5.981742554554222e-05,7.043648625081861e-07,7.043648625081861e-07,1.1915553929528555
nummod->nummod,nummod,nummod,8.0,10.0,1.3908955454831536e-05,1.4589615986717614e-05,6.80660531886078e-07,6.80660531886078e-07,4.893685468304795
dobj->advcl,dobj,advcl,8.0,10.0,1.3908955454831536e-05,1.4589615986717614e-05,6.80660531886078e-07,6.80660531886078e-07,4.893685468304795
advcl->attr,advcl,attr,3.0,4.0,5.215858295561826e-06,5.835846394687046e-06,6.199880991252195e-07,6.199880991252195e-07,11.886597832858447
aux->prep,aux,prep,3.0,4.0,5.215858295561826e-06,5.835846394687046e-06,6.199880991252195e-07,6.199880991252195e-07,11.886597832858447
pcomp->dative,pcomp,dative,3.0,4.0,5.215858295561826e-06,5.835846394687046e-06,6.199880991252195e-07,6.199880991252195e-07,11.886597832858447
parataxis->prep,parataxis,prep,3.0,4.0,5.215858295561826e-06,5.835846394687046e-06,6.199880991252195e-07,6.199880991252195e-07,11.886597832858447
nsubjpass->advmod,nsubjpass,advmod,3.0,4.0,5.215858295561826e-06,5.835846394687046e-06,6.199880991252195e-07,6.199880991252195e-07,11.886597832858447
dobj->dep,dobj,dep,2.0,2.0,3.477238863707884e-06,2.917923197343523e-06,-5.593156663643611e-07,5.593156663643611e-07,-16.08505162535616
conj->dative,conj,dative,2.0,2.0,3.477238863707884e-06,2.917923197343523e-06,-5.593156663643611e-07,5.593156663643611e-07,-16.08505162535616
advcl->oprd,advcl,oprd,2.0,2.0,3.477238863707884e-06,2.917923197343523e-06,-5.593156663643611e-07,5.593156663643611e-07,-16.08505162535616
acl->attr,acl,attr,2.0,2.0,3.477238863707884e-06,2.917923197343523e-06,-5.593156663643611e-07,5.593156663643611e-07,-16.08505162535616
nmod->aux,nmod,aux,2.0,2.0,3.477238863707884e-06,2.917923197343523e-06,-5.593156663643611e-07,5.593156663643611e-07,-16.08505162535616
amod->acl,amod,acl,2.0,2.0,3.477238863707884e-06,2.917923197343523e-06,-5.593156663643611e-07,5.593156663643611e-07,-16.08505162535616
nummod->pobj,nummod,pobj,2.0,2.0,3.477238863707884e-06,2.917923197343523e-06,-5.593156663643611e-07,5.593156663643611e-07,-16.08505162535616
acl->parataxis,acl,parataxis,2.0,2.0,3.477238863707884e-06,2.917923197343523e-06,-5.593156663643611e-07,5.593156663643611e-07,-16.08505162535616
npadvmod->prt,npadvmod,prt,2.0,2.0,3.477238863707884e-06,2.917923197343523e-06,-5.593156663643611e-07,5.593156663643611e-07,-16.08505162535616
aux->amod,aux,amod,2.0,2.0,3.477238863707884e-06,2.917923197343523e-06,-5.593156663643611e-07,5.593156663643611e-07,-16.08505162535616
csubj->appos,csubj,appos,2.0,2.0,3.477238863707884e-06,2.917923197343523e-06,-5.593156663643611e-07,5.593156663643611e-07,-16.08505162535616
attr->npadvmod,attr,npadvmod,2.0,2.0,3.477238863707884e-06,2.917923197343523e-06,-5.593156663643611e-07,5.593156663643611e-07,-16.08505162535616
attr->neg,attr,neg,2.0,2.0,3.477238863707884e-06,2.917923197343523e-06,-5.593156663643611e-07,5.593156663643611e-07,-16.08505162535616
dep->neg,dep,neg,2.0,2.0,3.477238863707884e-06,2.917923197343523e-06,-5.593156663643611e-07,5.593156663643611e-07,-16.08505162535616
prep->xcomp,prep,xcomp,2.0,2.0,3.477238863707884e-06,2.917923197343523e-06,-5.593156663643611e-07,5.593156663643611e-07,-16.08505162535616
cc->cc,cc,cc,2.0,2.0,3.477238863707884e-06,2.917923197343523e-06,-5.593156663643611e-07,5.593156663643611e-07,-16.08505162535616
acl->dative,acl,dative,7.0,8.0,1.2170336022977594e-05,1.1671692789374092e-05,-4.986432336035027e-07,4.986432336035027e-07,-4.0972018575499005
advmod->neg,advmod,neg,7.0,8.0,1.2170336022977594e-05,1.1671692789374092e-05,-4.986432336035027e-07,4.986432336035027e-07,-4.0972018575499005
nmod->dep,nmod,dep,7.0,8.0,1.2170336022977594e-05,1.1671692789374092e-05,-4.986432336035027e-07,4.986432336035027e-07,-4.0972018575499005
prep->nummod,prep,nummod,7.0,8.0,1.2170336022977594e-05,1.1671692789374092e-05,-4.986432336035027e-07,4.986432336035027e-07,-4.0972018575499005
amod->pobj,amod,pobj,7.0,8.0,1.2170336022977594e-05,1.1671692789374092e-05,-4.986432336035027e-07,4.986432336035027e-07,-4.0972018575499005
nummod->amod,nummod,amod,40.0,48.0,6.954477727415769e-05,7.003015673624454e-05,4.853794620868538e-07,4.853794620868538e-07,0.697938049572584
advcl->xcomp,advcl,xcomp,40.0,48.0,6.954477727415769e-05,7.003015673624454e-05,4.853794620868538e-07,4.853794620868538e-07,0.697938049572584
pobj->xcomp,pobj,xcomp,4.0,5.0,6.954477727415768e-06,7.294807993358807e-06,3.40330265943039e-07,3.40330265943039e-07,4.893685468304795
dobj->preconj,dobj,preconj,4.0,5.0,6.954477727415768e-06,7.294807993358807e-06,3.40330265943039e-07,3.40330265943039e-07,4.893685468304795
appos->neg,appos,neg,4.0,5.0,6.954477727415768e-06,7.294807993358807e-06,3.40330265943039e-07,3.40330265943039e-07,4.893685468304795
compound->npadvmod,compound,npadvmod,72.0,86.0,0.00012518059909348382,0.00012547069748577148,2.900983922876567e-07,2.900983922876567e-07,0.23174389193569336
auxpass->dobj,auxpass,dobj,1.0,1.0,1.738619431853942e-06,1.4589615986717615e-06,-2.7965783318218057e-07,2.7965783318218057e-07,-16.08505162535616
auxpass->acomp,auxpass,acomp,1.0,1.0,1.738619431853942e-06,1.4589615986717615e-06,-2.7965783318218057e-07,2.7965783318218057e-07,-16.08505162535616
advcl->nummod,advcl,nummod,1.0,1.0,1.738619431853942e-06,1.4589615986717615e-06,-2.7965783318218057e-07,2.7965783318218057e-07,-16.08505162535616
conj->quantmod,conj,quantmod,1.0,1.0,1.738619431853942e-06,1.4589615986717615e-06,-2.7965783318218057e-07,2.7965783318218057e-07,-16.08505162535616
compound->meta,compound,meta,1.0,1.0,1.738619431853942e-06,1.4589615986717615e-06,-2.7965783318218057e-07,2.7965783318218057e-07,-16.08505162535616
advcl->appos,advcl,appos,1.0,1.0,1.738619431853942e-06,1.4589615986717615e-06,-2.7965783318218057e-07,2.7965783318218057e-07,-16.08505162535616
advcl->dative,advcl,dative,1.0,1.0,1.738619431853942e-06,1.4589615986717615e-06,-2.7965783318218057e-07,2.7965783318218057e-07,-16.08505162535616
oprd->cc,oprd,cc,1.0,1.0,1.738619431853942e-06,1.4589615986717615e-06,-2.7965783318218057e-07,2.7965783318218057e-07,-16.08505162535616
nsubjpass->xcomp,nsubjpass,xcomp,1.0,1.0,1.738619431853942e-06,1.4589615986717615e-06,-2.7965783318218057e-07,2.7965783318218057e-07,-16.08505162535616
nummod->preconj,nummod,preconj,1.0,1.0,1.738619431853942e-06,1.4589615986717615e-06,-2.7965783318218057e-07,2.7965783318218057e-07,-16.08505162535616
parataxis->aux,parataxis,aux,1.0,1.0,1.738619431853942e-06,1.4589615986717615e-06,-2.7965783318218057e-07,2.7965783318218057e-07,-16.08505162535616
nmod->acomp,nmod,acomp,1.0,1.0,1.738619431853942e-06,1.4589615986717615e-06,-2.7965783318218057e-07,2.7965783318218057e-07,-16.08505162535616
advcl->nmod,advcl,nmod,1.0,1.0,1.738619431853942e-06,1.4589615986717615e-06,-2.7965783318218057e-07,2.7965783318218057e-07,-16.08505162535616
advcl->csubj,advcl,csubj,1.0,1.0,1.738619431853942e-06,1.4589615986717615e-06,-2.7965783318218057e-07,2.7965783318218057e-07,-16.08505162535616
csubj->oprd,csubj,oprd,1.0,1.0,1.738619431853942e-06,1.4589615986717615e-06,-2.7965783318218057e-07,2.7965783318218057e-07,-16.08505162535616
det->amod,det,amod,1.0,1.0,1.738619431853942e-06,1.4589615986717615e-06,-2.7965783318218057e-07,2.7965783318218057e-07,-16.08505162535616
advcl->relcl,advcl,relcl,1.0,1.0,1.738619431853942e-06,1.4589615986717615e-06,-2.7965783318218057e-07,2.7965783318218057e-07,-16.08505162535616
auxpass->aux,auxpass,aux,1.0,1.0,1.738619431853942e-06,1.4589615986717615e-06,-2.7965783318218057e-07,2.7965783318218057e-07,-16.08505162535616
parataxis->nummod,parataxis,nummod,1.0,1.0,1.738619431853942e-06,1.4589615986717615e-06,-2.7965783318218057e-07,2.7965783318218057e-07,-16.08505162535616
advmod->appos,advmod,appos,1.0,1.0,1.738619431853942e-06,1.4589615986717615e-06,-2.7965783318218057e-07,2.7965783318218057e-07,-16.08505162535616
det->quantmod,det,quantmod,1.0,1.0,1.738619431853942e-06,1.4589615986717615e-06,-2.7965783318218057e-07,2.7965783318218057e-07,-16.08505162535616
acl->nummod,acl,nummod,1.0,1.0,1.738619431853942e-06,1.4589615986717615e-06,-2.7965783318218057e-07,2.7965783318218057e-07,-16.08505162535616
nsubj->attr,nsubj,attr,1.0,1.0,1.738619431853942e-06,1.4589615986717615e-06,-2.7965783318218057e-07,2.7965783318218057e-07,-16.08505162535616
nsubj->csubj,nsubj,csubj,1.0,1.0,1.738619431853942e-06,1.4589615986717615e-06,-2.7965783318218057e-07,2.7965783318218057e-07,-16.08505162535616
csubj->det,csubj,det,1.0,1.0,1.738619431853942e-06,1.4589615986717615e-06,-2.7965783318218057e-07,2.7965783318218057e-07,-16.08505162535616
advmod->dep,advmod,dep,1.0,1.0,1.738619431853942e-06,1.4589615986717615e-06,-2.7965783318218057e-07,2.7965783318218057e-07,-16.08505162535616
pobj->agent,pobj,agent,1.0,1.0,1.738619431853942e-06,1.4589615986717615e-06,-2.7965783318218057e-07,2.7965783318218057e-07,-16.08505162535616
dobj->intj,dobj,intj,1.0,1.0,1.738619431853942e-06,1.4589615986717615e-06,-2.7965783318218057e-07,2.7965783318218057e-07,-16.08505162535616
dative->appos,dative,appos,1.0,1.0,1.738619431853942e-06,1.4589615986717615e-06,-2.7965783318218057e-07,2.7965783318218057e-07,-16.08505162535616
amod->dative,amod,dative,1.0,1.0,1.738619431853942e-06,1.4589615986717615e-06,-2.7965783318218057e-07,2.7965783318218057e-07,-16.08505162535616
relcl->expl,relcl,expl,1.0,1.0,1.738619431853942e-06,1.4589615986717615e-06,-2.7965783318218057e-07,2.7965783318218057e-07,-16.08505162535616
advmod->det,advmod,det,1.0,1.0,1.738619431853942e-06,1.4589615986717615e-06,-2.7965783318218057e-07,2.7965783318218057e-07,-16.08505162535616
attr->predet,attr,predet,1.0,1.0,1.738619431853942e-06,1.4589615986717615e-06,-2.7965783318218057e-07,2.7965783318218057e-07,-16.08505162535616
prep->appos,prep,appos,1.0,1.0,1.738619431853942e-06,1.4589615986717615e-06,-2.7965783318218057e-07,2.7965783318218057e-07,-16.08505162535616
dative->amod,dative,amod,1.0,1.0,1.738619431853942e-06,1.4589615986717615e-06,-2.7965783318218057e-07,2.7965783318218057e-07,-16.08505162535616
nmod->pcomp,nmod,pcomp,1.0,1.0,1.738619431853942e-06,1.4589615986717615e-06,-2.7965783318218057e-07,2.7965783318218057e-07,-16.08505162535616
conj->relcl,conj,relcl,20.0,24.0,3.477238863707884e-05,3.501507836812227e-05,2.426897310434269e-07,2.426897310434269e-07,0.697938049572584
mark->pobj,mark,pobj,6.0,7.0,1.0431716591123653e-05,1.0212731190702329e-05,-2.1898540042132384e-07,2.1898540042132384e-07,-2.0992268962488736
prep->nsubj,prep,nsubj,6.0,7.0,1.0431716591123653e-05,1.0212731190702329e-05,-2.1898540042132384e-07,2.1898540042132384e-07,-2.0992268962488736
det->cc,det,cc,6.0,7.0,1.0431716591123653e-05,1.0212731190702329e-05,-2.1898540042132384e-07,2.1898540042132384e-07,-2.0992268962488736
pobj->preconj,pobj,preconj,6.0,7.0,1.0431716591123653e-05,1.0212731190702329e-05,-2.1898540042132384e-07,2.1898540042132384e-07,-2.0992268962488736
appos->dobj,appos,dobj,41.0,49.0,7.128339670601163e-05,7.148911833491631e-05,2.057216289046783e-07,2.057216289046783e-07,0.2885968379889632
advcl->compound,advcl,compound,11.0,13.0,1.912481375039336e-05,1.8966500782732896e-05,-1.5831296766046543e-07,1.5831296766046543e-07,-0.8277882845118386
nsubj->nsubj,nsubj,nsubj,42.0,50.0,7.302201613786557e-05,7.294807993358806e-05,-7.393620427751074e-08,7.393620427751074e-08,-0.10125193494783707
preconj->npadvmod,preconj,npadvmod,5.0,6.0,8.69309715926971e-06,8.753769592030567e-06,6.067243276085672e-08,6.067243276085672e-08,0.697938049572584
nmod->preconj,nmod,preconj,5.0,6.0,8.69309715926971e-06,8.753769592030567e-06,6.067243276085672e-08,6.067243276085672e-08,0.697938049572584
