month_ts,paper_count,marker_words_total_per_1k_words_monthly_mean,marker_verbs_total_per_1k_words_monthly_mean,marker_adjectives_total_per_1k_words_monthly_mean,marker_phrases_total_per_1k_words_monthly_mean,sequential_markers_total_per_1k_words_monthly_mean,causal_markers_total_per_1k_words_monthly_mean,contrast_markers_total_per_1k_words_monthly_mean,emphasis_markers_total_per_1k_words_monthly_mean,summary_markers_total_per_1k_words_monthly_mean,word_finding_per_1k_words_monthly_mean,word_interplay_per_1k_words_monthly_mean,word_realm_per_1k_words_monthly_mean,word_insight_per_1k_words_monthly_mean,word_notably_per_1k_words_monthly_mean,word_particularly_per_1k_words_monthly_mean,word_meticulously_per_1k_words_monthly_mean,word_while_per_1k_words_monthly_mean,word_within_per_1k_words_monthly_mean,word_across_per_1k_words_monthly_mean,word_additionally_per_1k_words_monthly_mean,verb_delve_per_1k_words_monthly_mean,verb_underscore_per_1k_words_monthly_mean,verb_showcase_per_1k_words_monthly_mean,verb_enhance_per_1k_words_monthly_mean,verb_exhibit_per_1k_words_monthly_mean,verb_garner_per_1k_words_monthly_mean,verb_align_per_1k_words_monthly_mean,verb_foster_per_1k_words_monthly_mean,adjective_crucial_per_1k_words_monthly_mean,adjective_pivotal_per_1k_words_monthly_mean,adjective_comprehensive_per_1k_words_monthly_mean,adjective_intricate_per_1k_words_monthly_mean,adjective_potential_per_1k_words_monthly_mean,phrase_meticulously_delve_per_1k_words_monthly_mean,phrase_intricate_web_per_1k_words_monthly_mean,phrase_comprehensive_chapter_per_1k_words_monthly_mean,phrase_deep_dive_per_1k_words_monthly_mean,phrase_intricate_interplay_per_1k_words_monthly_mean,phrase_essential_insight_per_1k_words_monthly_mean,sequential_marker_additionally_per_1k_words_monthly_mean,sequential_marker_furthermore_per_1k_words_monthly_mean,sequential_marker_moreover_per_1k_words_monthly_mean,sequential_marker_subsequently_per_1k_words_monthly_mean,sequential_marker_further_per_1k_words_monthly_mean,causal_marker_hence_per_1k_words_monthly_mean,causal_marker_thus_per_1k_words_monthly_mean,causal_marker_consequently_per_1k_words_monthly_mean,causal_marker_accordingly_per_1k_words_monthly_mean,causal_marker_thereby_per_1k_words_monthly_mean,contrast_marker_however_per_1k_words_monthly_mean,contrast_marker_nonetheless_per_1k_words_monthly_mean,contrast_marker_nevertheless_per_1k_words_monthly_mean,contrast_marker_conversely_per_1k_words_monthly_mean,contrast_marker_alternatively_per_1k_words_monthly_mean,emphasis_marker_notably_per_1k_words_monthly_mean,emphasis_marker_crucially_per_1k_words_monthly_mean,emphasis_marker_remarkably_per_1k_words_monthly_mean,emphasis_marker_particularly_per_1k_words_monthly_mean,emphasis_marker_importantly_per_1k_words_monthly_mean,summary_marker_overall_per_1k_words_monthly_mean,summary_marker_collectively_per_1k_words_monthly_mean,summary_marker_ultimately_per_1k_words_monthly_mean,summary_marker_in_summary_per_1k_words_monthly_mean,summary_marker_taken_together_per_1k_words_monthly_mean,em_dash_per_1k_words_monthly_mean,semicolon_per_1k_words_monthly_mean,colon_per_1k_words_monthly_mean,clause_depth_monthly_mean,clause_depth_std_monthly_mean,dependency_entropy_monthly_mean,dependency_length_monthly_mean,dependency_length_std_monthly_mean,coordination_count_monthly_mean,coordination_per_sentence_std_monthly_mean,sentence_depth_std_monthly_mean,list_of_three_per_1k_words_monthly_mean,avg_words_per_sentence_monthly_mean,avg_syllables_per_word_monthly_mean,flesch_reading_ease_monthly_mean,flesch_kincaid_grade_monthly_mean,dale_chall_monthly_mean,smog_index_monthly_mean,automated_readability_index_monthly_mean,gunning_fog_monthly_mean,hedge_ratio_monthly_mean,certainty_ratio_monthly_mean,year,month
2015-01-01,24,0.0,0.0,0.0,0.0,0.0,0.0,0.0,0.0,0.0,0.0,0.0,0.0,0.0,0.0,0.0,0.0,0.0,0.0,0.0,0.0,0.0,0.0,0.0,0.0,0.0,0.0,0.0,0.0,0.0,0.0,0.0,0.0,0.0,0.0,0.0,0.0,0.0,0.0,0.0,0.0,0.0,0.0,0.0,0.0,0.0,0.0,0.0,0.0,0.0,0.0,0.0,0.0,0.0,0.0,0.0,0.0,0.0,0.0,0.0,0.0,0.0,0.0,0.0,0.0,6.944444444444444,0.0,32.71338797654587,5.0,0.0,1.698454332447464,2.0027878303613598,0.0,0.16666666666666666,0.0,0.0,0.0,9.25,2.092325301332654,7.837633928571447,14.308824404761907,14.806913809223184,12.776800839347823,15.504329703282828,18.187734487734488,0.0,0.0,2015,1
2015-02-01,31,4.032258064516129,0.0,0.0,0.0,0.0,0.0,0.0,0.0,0.0,4.032258064516129,0.0,0.0,0.0,0.0,0.0,0.0,0.0,0.0,0.0,0.0,0.0,0.0,0.0,0.0,0.0,0.0,0.0,0.0,0.0,0.0,0.0,0.0,0.0,0.0,0.0,0.0,0.0,0.0,0.0,0.0,0.0,0.0,0.0,0.0,0.0,0.0,0.0,0.0,0.0,0.0,0.0,0.0,0.0,0.0,0.0,0.0,0.0,0.0,0.0,0.0,0.0,0.0,0.0,0.0,3.225806451612903,0.0,17.00065167807103,4.32258064516129,0.0,1.5635359325556062,1.7835658069529037,0.0,0.12903225806451613,0.0,0.0,0.0,7.774193548387097,2.3723273142627983,-10.179106699751838,16.514267990074444,15.887830688487142,12.593281945359406,17.038691273779982,19.519256370869275,0.0,0.0,2015,2
2015-03-01,23,0.0,0.0,0.0,0.0,0.0,0.0,0.0,0.0,0.0,0.0,0.0,0.0,0.0,0.0,0.0,0.0,0.0,0.0,0.0,0.0,0.0,0.0,0.0,0.0,0.0,0.0,0.0,0.0,0.0,0.0,0.0,0.0,0.0,0.0,0.0,0.0,0.0,0.0,0.0,0.0,0.0,0.0,0.0,0.0,0.0,0.0,0.0,0.0,0.0,0.0,0.0,0.0,0.0,0.0,0.0,0.0,0.0,0.0,0.0,0.0,0.0,0.0,0.0,0.0,0.0,0.0,18.76891224717312,4.826086956521739,0.0,1.7146477295893772,2.0619133282176763,0.0,0.30434782608695654,0.0,0.0,0.0,9.434782608695652,2.240674535751262,-7.213413217217546,16.436496221170138,15.558909603801997,13.371044759729077,17.889347514804037,19.117694382911775,0.0,0.0,2015,3
2015-04-01,25,5.0,0.0,2.222222222222222,0.0,4.0,0.0,0.0,0.0,0.0,5.0,0.0,0.0,0.0,0.0,0.0,0.0,0.0,0.0,0.0,0.0,0.0,0.0,0.0,0.0,0.0,0.0,0.0,0.0,0.0,0.0,0.0,0.0,2.222222222222222,0.0,0.0,0.0,0.0,0.0,0.0,0.0,0.0,0.0,0.0,4.0,0.0,0.0,0.0,0.0,0.0,0.0,0.0,0.0,0.0,0.0,0.0,0.0,0.0,0.0,0.0,0.0,0.0,0.0,0.0,0.0,0.0,0.0,19.559290382819796,5.2,0.0,1.7036870845530978,1.9583131313131312,0.0,0.36,0.0,0.0,1.9047619047619044,9.4,2.227356676003735,-0.43754182288297555,15.536331365366662,15.22247074631904,12.995473043624933,16.161294580909285,18.564454787043022,0.0,0.0,2015,4
2015-05-01,31,0.0,0.0,8.064516129032258,0.0,0.0,0.0,0.0,0.0,0.0,0.0,0.0,0.0,0.0,0.0,0.0,0.0,0.0,0.0,0.0,0.0,0.0,0.0,0.0,0.0,0.0,0.0,0.0,0.0,0.0,0.0,0.0,0.0,8.064516129032258,0.0,0.0,0.0,0.0,0.0,0.0,0.0,0.0,0.0,0.0,0.0,0.0,0.0,0.0,0.0,0.0,0.0,0.0,0.0,0.0,0.0,0.0,0.0,0.0,0.0,0.0,0.0,0.0,0.0,0.0,0.0,0.0,0.0,11.061071544942513,4.516129032258065,0.0,1.5043021858510623,1.8890754029973047,0.0,0.12903225806451613,0.0,0.0,7.113316790736147,7.967741935483871,2.167293964732295,5.176191066997542,14.388540115798182,15.074212725983694,11.820853786948522,16.023508153137186,16.781661349403286,0.0,0.0,2015,5
2015-06-01,28,0.0,0.0,0.0,0.0,0.0,0.0,0.0,0.0,0.0,0.0,0.0,0.0,0.0,0.0,0.0,0.0,0.0,0.0,0.0,0.0,0.0,0.0,0.0,0.0,0.0,0.0,0.0,0.0,0.0,0.0,0.0,0.0,0.0,0.0,0.0,0.0,0.0,0.0,0.0,0.0,0.0,0.0,0.0,0.0,0.0,0.0,0.0,0.0,0.0,0.0,0.0,0.0,0.0,0.0,0.0,0.0,0.0,0.0,0.0,0.0,0.0,0.0,0.0,0.0,0.0,0.0,19.52769452769453,4.75,0.0,1.7262671843274278,2.0122768804491495,0.0,0.35714285714285715,0.0,0.0,2.7472527472527477,9.214285714285714,2.151767032570604,6.18182282003712,14.56195784374356,15.066597026386313,12.31561322235905,16.22284260977118,17.161605854462998,0.0,0.0,2015,6
2015-07-01,47,0.0,0.0,0.0,0.0,0.0,0.0,0.0,0.0,0.0,0.0,0.0,0.0,0.0,0.0,0.0,0.0,0.0,0.0,0.0,0.0,0.0,0.0,0.0,0.0,0.0,0.0,0.0,0.0,0.0,0.0,0.0,0.0,0.0,0.0,0.0,0.0,0.0,0.0,0.0,0.0,0.0,0.0,0.0,0.0,0.0,0.0,0.0,0.0,0.0,0.0,0.0,0.0,0.0,0.0,0.0,0.0,0.0,0.0,0.0,0.0,0.0,0.0,0.0,0.0,0.0,0.0,11.565739225313695,5.0638297872340425,0.0,1.6822949585248428,1.7615869112114417,0.0,0.19148936170212766,0.0,0.0,0.0,8.702127659574469,2.1213201987138155,8.351267668501736,14.129486683529239,15.192952000127534,12.442470226717138,15.803708963022792,17.647657307231775,0.0,0.0,2015,7
2015-08-01,21,0.0,0.0,0.0,0.0,0.0,0.0,0.0,0.0,0.0,0.0,0.0,0.0,0.0,0.0,0.0,0.0,0.0,0.0,0.0,0.0,0.0,0.0,0.0,0.0,0.0,0.0,0.0,0.0,0.0,0.0,0.0,0.0,0.0,0.0,0.0,0.0,0.0,0.0,0.0,0.0,0.0,0.0,0.0,0.0,0.0,0.0,0.0,0.0,0.0,0.0,0.0,0.0,0.0,0.0,0.0,0.0,0.0,0.0,0.0,0.0,0.0,0.0,0.0,0.0,0.0,0.0,25.776472205043632,4.761904761904762,0.0,1.5678418681833615,1.9726242011956299,0.0,0.38095238095238093,0.0,0.0,9.977324263038549,8.238095238095237,2.2634841349127064,-3.1902968460111105,15.6562420119563,15.378565690922834,12.376537733297916,16.97467589156875,18.354497354497354,0.0,0.0,2015,8
2015-09-01,38,0.0,0.0,0.0,0.0,0.0,0.0,0.0,0.0,0.0,0.0,0.0,0.0,0.0,0.0,0.0,0.0,0.0,0.0,0.0,0.0,0.0,0.0,0.0,0.0,0.0,0.0,0.0,0.0,0.0,0.0,0.0,0.0,0.0,0.0,0.0,0.0,0.0,0.0,0.0,0.0,0.0,0.0,0.0,0.0,0.0,0.0,0.0,0.0,0.0,0.0,0.0,0.0,0.0,0.0,0.0,0.0,0.0,0.0,0.0,0.0,0.0,0.0,0.0,0.0,0.0,0.0,20.36180194074931,5.2631578947368425,0.0,1.6651188570200863,1.8091911012963642,0.0,0.2631578947368421,0.0,0.0,0.0,8.947368421052632,2.2761484495037125,-0.6034938745464863,15.481288930367882,15.880360898750373,13.181484101785097,16.953981945685893,19.10294442399706,0.0,0.0,2015,9
2015-10-01,24,0.0,0.0,0.0,0.0,0.0,0.0,0.0,0.0,0.0,0.0,0.0,0.0,0.0,0.0,0.0,0.0,0.0,0.0,0.0,0.0,0.0,0.0,0.0,0.0,0.0,0.0,0.0,0.0,0.0,0.0,0.0,0.0,0.0,0.0,0.0,0.0,0.0,0.0,0.0,0.0,0.0,0.0,0.0,0.0,0.0,0.0,0.0,0.0,0.0,0.0,0.0,0.0,0.0,0.0,0.0,0.0,0.0,0.0,0.0,0.0,0.0,0.0,0.0,0.0,0.0,0.0,16.974056036556036,5.083333333333333,0.0,1.729637783007129,1.8452031186406186,0.0,0.25,0.0,0.0,0.0,8.958333333333334,2.18992118992119,8.41873303779556,14.19154368779369,15.423013430550931,12.47723898151167,15.049261145104895,17.266597291597293,0.0,0.0,2015,10
2015-11-01,44,0.0,0.0,0.0,0.0,0.0,0.0,0.0,0.0,0.0,0.0,0.0,0.0,0.0,0.0,0.0,0.0,0.0,0.0,0.0,0.0,0.0,0.0,0.0,0.0,0.0,0.0,0.0,0.0,0.0,0.0,0.0,0.0,0.0,0.0,0.0,0.0,0.0,0.0,0.0,0.0,0.0,0.0,0.0,0.0,0.0,0.0,0.0,0.0,0.0,0.0,0.0,0.0,0.0,0.0,0.0,0.0,0.0,0.0,0.0,0.0,0.0,0.0,0.0,0.0,0.0,0.0,15.349360235723871,5.068181818181818,0.0,1.7326385449713415,2.0725640720257945,0.0,0.22727272727272727,0.0,0.0,0.0,9.5,2.2018145345210502,-4.842221247651843,16.131047246878587,15.182506640442227,13.11471767285541,17.584828841015444,18.89442197887174,0.0,0.0,2015,11
2015-12-01,35,0.0,0.0,0.0,0.0,0.0,0.0,0.0,0.0,0.0,0.0,0.0,0.0,0.0,0.0,0.0,0.0,0.0,0.0,0.0,0.0,0.0,0.0,0.0,0.0,0.0,0.0,0.0,0.0,0.0,0.0,0.0,0.0,0.0,0.0,0.0,0.0,0.0,0.0,0.0,0.0,0.0,0.0,0.0,0.0,0.0,0.0,0.0,0.0,0.0,0.0,0.0,0.0,0.0,0.0,0.0,0.0,0.0,0.0,0.0,0.0,0.0,0.0,0.0,0.0,3.5714285714285716,0.0,10.50949050949051,5.171428571428572,0.0,1.7381740162510593,1.9764409400123684,0.0,0.14285714285714285,0.0,0.0,4.761904761904762,9.285714285714286,2.059943152086009,15.636102468959633,13.307157271300131,14.49454880785881,12.008729269204808,14.339843416107701,15.489971615685903,0.0,0.0,2015,12
2016-01-01,25,0.0,0.0,0.0,0.0,0.0,0.0,0.0,0.0,0.0,0.0,0.0,0.0,0.0,0.0,0.0,0.0,0.0,0.0,0.0,0.0,0.0,0.0,0.0,0.0,0.0,0.0,0.0,0.0,0.0,0.0,0.0,0.0,0.0,0.0,0.0,0.0,0.0,0.0,0.0,0.0,0.0,0.0,0.0,0.0,0.0,0.0,0.0,0.0,0.0,0.0,0.0,0.0,0.0,0.0,0.0,0.0,0.0,0.0,0.0,0.0,0.0,0.0,0.0,0.0,0.0,0.0,32.55340737693679,5.52,0.0,1.808556599640306,1.8667056277056278,0.0,0.2,0.0,0.0,3.0769230769230775,9.36,2.2541580086580084,-0.6343236763236553,15.573715595515598,15.652132617826618,13.296261792736903,17.456260885780885,18.6613137973138,0.0,0.0,2016,1
2016-02-01,54,1.3227513227513228,0.0,0.0,0.0,0.0,0.0,0.0,0.0,0.0,0.0,0.0,0.0,0.0,0.0,0.0,0.0,0.0,1.3227513227513228,0.0,0.0,0.0,0.0,0.0,0.0,0.0,0.0,0.0,0.0,0.0,0.0,0.0,0.0,0.0,0.0,0.0,0.0,0.0,0.0,0.0,0.0,0.0,0.0,0.0,0.0,0.0,0.0,0.0,0.0,0.0,0.0,0.0,0.0,0.0,0.0,0.0,0.0,0.0,0.0,0.0,0.0,0.0,0.0,0.0,0.0,0.0,0.0,19.460015293348626,4.888888888888889,0.0,1.6353142347384282,1.6918556751890084,0.008729713347982069,0.16666666666666666,0.0,0.0,1.234567901234568,7.851851851851852,2.128760694038472,11.561345043845066,13.528362213917772,14.963131711087268,11.439172715720533,15.468698115156448,16.110729599618487,0.0,0.0,2016,2
2016-03-01,46,0.0,0.0,0.0,0.0,0.0,0.0,0.0,0.0,0.0,0.0,0.0,0.0,0.0,0.0,0.0,0.0,0.0,0.0,0.0,0.0,0.0,0.0,0.0,0.0,0.0,0.0,0.0,0.0,0.0,0.0,0.0,0.0,0.0,0.0,0.0,0.0,0.0,0.0,0.0,0.0,0.0,0.0,0.0,0.0,0.0,0.0,0.0,0.0,0.0,0.0,0.0,0.0,0.0,0.0,0.0,0.0,0.0,0.0,0.0,0.0,0.0,0.0,0.0,0.0,0.0,0.0,19.541690193864106,5.086956521739131,0.0,1.638483695176877,1.9376935564435565,0.0,0.13043478260869565,0.0,0.0,1.976284584980237,8.195652173913043,2.29522711587929,-6.437842809364522,16.090693050910442,15.970250337705775,12.550379649474388,17.211007910567695,18.682116916899528,0.0,0.002717391304347826,2016,3
2016-04-01,56,1.1904761904761905,0.0,0.0,0.0,0.0,0.0,0.0,0.0,0.0,0.0,0.0,0.0,0.0,0.0,0.0,0.0,0.0,1.1904761904761905,0.0,0.0,0.0,0.0,0.0,0.0,0.0,0.0,0.0,0.0,0.0,0.0,0.0,0.0,0.0,0.0,0.0,0.0,0.0,0.0,0.0,0.0,0.0,0.0,0.0,0.0,0.0,0.0,0.0,0.0,0.0,0.0,0.0,0.0,0.0,0.0,0.0,0.0,0.0,0.0,0.0,0.0,0.0,0.0,0.0,0.0,0.0,0.0,11.881967239110097,5.392857142857143,0.0,1.6899743311760407,1.7764771351431017,0.0,0.19642857142857142,0.0,0.0,2.6785714285714284,9.714285714285714,2.2312395120451565,-1.4042313372717283,15.753146333094643,15.133464551509476,13.188648447432087,17.321695175360354,19.26584033134785,0.0,0.0016233766233766235,2016,4
2016-05-01,62,0.0,0.0,0.0,0.0,0.0,0.0,0.0,0.0,0.0,0.0,0.0,0.0,0.0,0.0,0.0,0.0,0.0,0.0,0.0,0.0,0.0,0.0,0.0,0.0,0.0,0.0,0.0,0.0,0.0,0.0,0.0,0.0,0.0,0.0,0.0,0.0,0.0,0.0,0.0,0.0,0.0,0.0,0.0,0.0,0.0,0.0,0.0,0.0,0.0,0.0,0.0,0.0,0.0,0.0,0.0,0.0,0.0,0.0,0.0,0.0,0.0,0.0,0.0,0.0,0.0,0.0,21.212060657032197,4.919354838709677,0.0,1.7482499901285329,1.951296301474195,0.0,0.1774193548387097,0.0,0.0,3.629032258064516,8.64516129032258,2.2051520388213937,2.7029620379620605,14.921830239652822,15.526016190977483,12.587046941339274,16.287076653185522,18.035782139007946,0.0,0.0,2016,5
2016-06-01,66,0.0,0.0,0.0,0.0,0.0,0.0,0.0,0.0,0.0,0.0,0.0,0.0,0.0,0.0,0.0,0.0,0.0,0.0,0.0,0.0,0.0,0.0,0.0,0.0,0.0,0.0,0.0,0.0,0.0,0.0,0.0,0.0,0.0,0.0,0.0,0.0,0.0,0.0,0.0,0.0,0.0,0.0,0.0,0.0,0.0,0.0,0.0,0.0,0.0,0.0,0.0,0.0,0.0,0.0,0.0,0.0,0.0,0.0,0.0,0.0,0.0,0.0,0.0,0.0,1.3774104683195592,0.0,19.59492527674346,4.7272727272727275,0.0,1.632143186815205,1.8813100916710543,0.0,0.13636363636363635,0.0,0.0,0.0,8.318181818181818,2.2242253958163047,-3.2718361763013957,15.646643924010236,15.974578741015373,12.737700452066159,18.015148822508447,19.309925329176668,0.0,0.0,2016,6
2016-07-01,39,0.0,0.0,0.0,0.0,0.0,0.0,0.0,0.0,0.0,0.0,0.0,0.0,0.0,0.0,0.0,0.0,0.0,0.0,0.0,0.0,0.0,0.0,0.0,0.0,0.0,0.0,0.0,0.0,0.0,0.0,0.0,0.0,0.0,0.0,0.0,0.0,0.0,0.0,0.0,0.0,0.0,0.0,0.0,0.0,0.0,0.0,0.0,0.0,0.0,0.0,0.0,0.0,0.0,0.0,0.0,0.0,0.0,0.0,0.0,0.0,0.0,0.0,0.0,0.0,0.0,0.0,6.134890750275367,5.487179487179487,0.0,1.780448930501966,1.9643367672213827,0.0,0.2564102564102564,0.0,0.0,0.0,9.512820512820513,2.1697076783615246,0.3244204513435442,15.41170749478442,15.128944466502158,13.191775413842478,16.673708466746927,18.471041778734087,0.0,0.0,2016,7
2016-08-01,47,0.0,0.0,0.0,0.0,0.0,0.0,0.0,0.0,0.0,0.0,0.0,0.0,0.0,0.0,0.0,0.0,0.0,0.0,0.0,0.0,0.0,0.0,0.0,0.0,0.0,0.0,0.0,0.0,0.0,0.0,0.0,0.0,0.0,0.0,0.0,0.0,0.0,0.0,0.0,0.0,0.0,0.0,0.0,0.0,0.0,0.0,0.0,0.0,0.0,0.0,0.0,0.0,0.0,0.0,0.0,0.0,0.0,0.0,0.0,0.0,0.0,0.0,0.0,0.0,0.0,0.0,7.546826695762866,5.0,0.0,1.6882313638361188,1.850250097559234,0.0,0.14893617021276595,0.0,0.0,0.0,8.53191489361702,2.1717374337524524,7.653607350096732,14.210939179024287,15.415712204875504,12.404814953493497,16.1541594708483,17.41134444751466,0.0,0.0,2016,8
2016-09-01,58,0.0,1.149425287356322,5.747126436781609,0.0,0.0,0.0,0.0,0.0,0.0,0.0,0.0,0.0,0.0,0.0,0.0,0.0,0.0,0.0,0.0,0.0,0.0,0.0,0.0,0.0,0.0,0.0,0.0,1.149425287356322,0.0,0.0,0.0,0.0,5.747126436781609,0.0,0.0,0.0,0.0,0.0,0.0,0.0,0.0,0.0,0.0,0.0,0.0,0.0,0.0,0.0,0.0,0.0,0.0,0.0,0.0,0.0,0.0,0.0,0.0,0.0,0.0,0.0,0.0,0.0,0.0,0.0,1.9157088122605361,0.0,14.359921687507894,5.103448275862069,0.024382992454708537,1.716693428764342,1.9201069045896633,0.0027866277091095426,0.3103448275862069,0.0,0.024382992454708537,1.3262599469496024,8.844827586206897,2.151076126938196,5.001459273485156,14.632669514393653,15.414230497758947,12.411918173541112,16.42478676065314,18.010754762478904,0.0,0.0,2016,9
2016-10-01,65,1.8827326519634213,0.0,0.0,0.0,0.0,0.0,0.0,0.0,0.0,1.8827326519634213,0.0,0.0,0.0,0.0,0.0,0.0,0.0,0.0,0.0,0.0,0.0,0.0,0.0,0.0,0.0,0.0,0.0,0.0,0.0,0.0,0.0,0.0,0.0,0.0,0.0,0.0,0.0,0.0,0.0,0.0,0.0,0.0,0.0,0.0,0.0,0.0,0.0,0.0,0.0,0.0,0.0,0.0,0.0,0.0,0.0,0.0,0.0,0.0,0.0,0.0,0.0,0.0,0.0,0.0,1.0256410256410258,0.0,11.507552276783047,4.953846153846154,0.02175713172881685,1.6534113639749748,1.9524295149295148,0.004079462199153158,0.2153846153846154,0.0,0.02175713172881685,1.1834319526627222,8.96923076923077,2.1690169232476926,0.4553807589172187,15.25393934495554,15.292447756593386,12.730748979711047,17.29074934680704,17.999276243324825,0.0,0.0,2016,10
2016-11-01,70,0.0,0.0,0.0,0.0,0.0,0.0,0.0,0.0,0.0,0.0,0.0,0.0,0.0,0.0,0.0,0.0,0.0,0.0,0.0,0.0,0.0,0.0,0.0,0.0,0.0,0.0,0.0,0.0,0.0,0.0,0.0,0.0,0.0,0.0,0.0,0.0,0.0,0.0,0.0,0.0,0.0,0.0,0.0,0.0,0.0,0.0,0.0,0.0,0.0,0.0,0.0,0.0,0.0,0.0,0.0,0.0,0.0,0.0,0.0,0.0,0.0,0.0,0.0,0.0,0.0,0.0,19.47403786689501,4.957142857142857,0.0,1.7109977054620618,1.8945925836903281,0.0,0.17142857142857143,0.0,0.0,1.4285714285714286,8.4,2.248036631902178,-2.4220524475524248,15.559734265734269,15.311491587698018,12.345213463048879,17.548772383568814,18.118728573014288,0.0,0.0,2016,11
2016-12-01,55,3.1680440771349865,0.0,0.0,0.0,0.0,0.0,0.0,0.0,0.0,1.6528925619834711,0.0,0.0,0.0,0.0,0.0,0.0,0.0,0.0,1.5151515151515151,0.0,0.0,0.0,0.0,0.0,0.0,0.0,0.0,0.0,0.0,0.0,0.0,0.0,0.0,0.0,0.0,0.0,0.0,0.0,0.0,0.0,0.0,0.0,0.0,0.0,0.0,0.0,0.0,0.0,0.0,0.0,0.0,0.0,0.0,0.0,0.0,0.0,0.0,0.0,0.0,0.0,0.0,0.0,0.0,0.0,0.0,0.0,11.296405614587432,5.345454545454546,0.0,1.72732511021387,1.8467971170243898,0.0,0.2727272727272727,0.0,0.0,1.5151515151515151,9.254545454545454,2.2047041342495888,-4.9696032149668286,16.088965933056844,15.061406291082655,13.202630396421364,17.950197699907747,19.91662236753146,0.0,0.0,2016,12
2017-01-01,49,0.0,0.0,0.0,0.0,0.0,0.0,0.0,0.0,0.0,0.0,0.0,0.0,0.0,0.0,0.0,0.0,0.0,0.0,0.0,0.0,0.0,0.0,0.0,0.0,0.0,0.0,0.0,0.0,0.0,0.0,0.0,0.0,0.0,0.0,0.0,0.0,0.0,0.0,0.0,0.0,0.0,0.0,0.0,0.0,0.0,0.0,0.0,0.0,0.0,0.0,0.0,0.0,0.0,0.0,0.0,0.0,0.0,0.0,0.0,0.0,0.0,0.0,0.0,0.0,4.081632653061225,0.0,19.37700321553863,5.428571428571429,0.0,1.658713666642532,1.9577614628935158,0.0,0.10204081632653061,0.0,0.0,1.2755102040816326,9.040816326530612,2.1921305035500716,-3.712150094803135,15.845639066149273,15.577321575703209,12.904794455700761,18.042824257375276,19.053721335353988,0.0,0.0,2017,1
2017-02-01,76,0.0,0.0,0.0,0.0,0.0,0.0,0.0,0.0,0.0,0.0,0.0,0.0,0.0,0.0,0.0,0.0,0.0,0.0,0.0,0.0,0.0,0.0,0.0,0.0,0.0,0.0,0.0,0.0,0.0,0.0,0.0,0.0,0.0,0.0,0.0,0.0,0.0,0.0,0.0,0.0,0.0,0.0,0.0,0.0,0.0,0.0,0.0,0.0,0.0,0.0,0.0,0.0,0.0,0.0,0.0,0.0,0.0,0.0,0.0,0.0,0.0,0.0,0.0,0.0,0.0,0.0,14.413510466142046,5.0,0.0,1.692083301392559,1.9821692336301469,0.0,0.25,0.0,0.0,0.8771929824561404,9.223684210526315,2.193169306327201,0.45014794416112397,15.334327069129703,15.40936938405162,12.876519334730078,17.017277446237973,18.351453225137437,0.0010121457489878543,0.0,2017,2
2017-03-01,101,0.0,0.0,0.0,0.0,0.0,0.0,0.0,0.0,0.0,0.0,0.0,0.0,0.0,0.0,0.0,0.0,0.0,0.0,0.0,0.0,0.0,0.0,0.0,0.0,0.0,0.0,0.0,0.0,0.0,0.0,0.0,0.0,0.0,0.0,0.0,0.0,0.0,0.0,0.0,0.0,0.0,0.0,0.0,0.0,0.0,0.0,0.0,0.0,0.0,0.0,0.0,0.0,0.0,0.0,0.0,0.0,0.0,0.0,0.0,0.0,0.0,0.0,0.0,0.0,1.4144271570014144,0.0,18.15345400086227,5.0594059405940595,0.0,1.7098331651599596,1.9028465896040152,0.0,0.16831683168316833,0.0,0.0,0.9900990099009901,8.970297029702971,2.2505561819918256,-6.037138801792246,16.184736561568247,15.666670881978309,13.258624144499619,17.842479193248995,19.33745704240754,0.0,0.0,2017,3
2017-04-01,78,0.0,0.0,1.2820512820512822,0.0,0.0,0.0,0.0,0.0,0.0,0.0,0.0,0.0,0.0,0.0,0.0,0.0,0.0,0.0,0.0,0.0,0.0,0.0,0.0,0.0,0.0,0.0,0.0,0.0,0.0,0.0,0.0,0.0,1.2820512820512822,0.0,0.0,0.0,0.0,0.0,0.0,0.0,0.0,0.0,0.0,0.0,0.0,0.0,0.0,0.0,0.0,0.0,0.0,0.0,0.0,0.0,0.0,0.0,0.0,0.0,0.0,0.0,0.0,0.0,0.0,0.0,0.0,0.0,11.722536722536722,4.858974358974359,0.03626188621469475,1.653452455350399,1.9164866828328366,0.0022663678884184218,0.16666666666666666,0.009065471553673687,0.03626188621469475,0.0,8.602564102564102,2.1932047971521658,1.1401805170696775,15.113196922484255,15.25958177839841,12.819776701296345,17.19296130346526,19.05898997935197,0.0,0.0,2017,4
2017-05-01,105,0.0,2.8439153439153437,0.5291005291005291,0.0,0.0,0.0,0.0,0.0,0.0,0.0,0.0,0.0,0.0,0.0,0.0,0.0,0.0,0.0,0.0,0.0,1.1904761904761905,0.0,0.0,1.6534391534391533,0.0,0.0,0.0,0.0,0.0,0.0,0.0,0.0,0.5291005291005291,0.0,0.0,0.0,0.0,0.0,0.0,0.0,0.0,0.0,0.0,0.0,0.0,0.0,0.0,0.0,0.0,0.0,0.0,0.0,0.0,0.0,0.0,0.0,0.0,0.0,0.0,0.0,0.0,0.0,0.0,0.0,0.5952380952380952,0.0,14.416332189441432,4.9904761904761905,0.0,1.684791271372107,1.9210977365305095,0.0,0.18095238095238095,0.0,0.0,0.5952380952380952,9.019047619047619,2.257285859953927,-3.759962894248586,15.90841551570123,15.571981919350492,13.132282171648313,17.446048733409448,19.06136064993208,0.0,0.0,2017,5
2017-06-01,99,0.0,0.7215007215007215,0.0,0.0,0.0,0.0,0.0,0.0,0.0,0.0,0.0,0.0,0.0,0.0,0.0,0.0,0.0,0.0,0.0,0.0,0.0,0.0,0.0,0.7215007215007215,0.0,0.0,0.0,0.0,0.0,0.0,0.0,0.0,0.0,0.0,0.0,0.0,0.0,0.0,0.0,0.0,0.0,0.0,0.0,0.0,0.0,0.0,0.0,0.0,0.0,0.0,0.0,0.0,0.0,0.0,0.0,0.0,0.0,0.0,0.0,0.0,0.0,0.0,0.0,0.0,0.0,0.0,20.976025855705,4.737373737373737,0.035712463696290275,1.6691901712421282,1.8980662462110065,0.00650760449576845,0.21212121212121213,0.007142492739258056,0.035712463696290275,0.0,8.767676767676768,2.1934543925408456,1.7395478971415013,15.066851749953356,15.23691396013045,12.47448663457617,16.66812896649795,17.67941798743938,0.0,0.0,2017,6
2017-07-01,92,0.9881422924901185,0.6793478260869565,0.0,0.0,0.0,0.0,0.0,0.0,0.0,0.9881422924901185,0.0,0.0,0.0,0.0,0.0,0.0,0.0,0.0,0.0,0.0,0.0,0.0,0.0,0.6793478260869565,0.0,0.0,0.0,0.0,0.0,0.0,0.0,0.0,0.0,0.0,0.0,0.0,0.0,0.0,0.0,0.0,0.0,0.0,0.0,0.0,0.0,0.0,0.0,0.0,0.0,0.0,0.0,0.0,0.0,0.0,0.0,0.0,0.0,0.0,0.0,0.0,0.0,0.0,0.0,0.0,1.0869565217391304,0.0,24.234898555550732,5.141304347826087,0.0,1.6693158897047287,1.935167202966116,0.0,0.14130434782608695,0.0,0.0,2.5879917184265007,9.119565217391305,2.21915543695435,-1.6009852418748067,15.602369536768853,15.75269300685648,12.712363708099435,17.1482659651085,17.998920034961227,0.0,0.0,2017,7
2017-08-01,71,1.2804097311139564,0.9389671361502349,0.0,0.0,0.0,0.0,0.0,0.0,0.0,0.0,0.0,0.0,1.2804097311139564,0.0,0.0,0.0,0.0,0.0,0.0,0.0,0.0,0.0,0.0,0.9389671361502349,0.0,0.0,0.0,0.0,0.0,0.0,0.0,0.0,0.0,0.0,0.0,0.0,0.0,0.0,0.0,0.0,0.0,0.0,0.0,0.0,0.0,0.0,0.0,0.0,0.0,0.0,0.0,0.0,0.0,0.0,0.0,0.0,0.0,0.0,0.0,0.0,0.0,0.0,0.0,0.0,2.3474178403755865,0.0,21.38813126581844,5.183098591549296,0.0,1.7307578707305062,1.9737825490594427,0.0,0.2112676056338028,0.0,0.0,1.7876489707475625,9.492957746478874,2.1804829105738275,3.6942461655631393,14.98690216803037,15.399943437128334,12.665048020830632,16.701183508874323,17.420006361564663,0.0,0.0,2017,8
2017-09-01,105,0.0,0.0,0.0,0.0,0.0,0.0,0.0,0.0,0.0,0.0,0.0,0.0,0.0,0.0,0.0,0.0,0.0,0.0,0.0,0.0,0.0,0.0,0.0,0.0,0.0,0.0,0.0,0.0,0.0,0.0,0.0,0.0,0.0,0.0,0.0,0.0,0.0,0.0,0.0,0.0,0.0,0.0,0.0,0.0,0.0,0.0,0.0,0.0,0.0,0.0,0.0,0.0,0.0,0.0,0.0,0.0,0.0,0.0,0.0,0.0,0.0,0.0,0.0,0.0,0.0,0.0,19.539675028396832,5.295238095238095,0.0,1.7357650435005245,1.868595668259534,0.0,0.13333333333333333,0.0,0.0,0.5012531328320802,9.485714285714286,2.1877845419442057,2.947774510024863,15.091119934940812,15.310856285011369,13.028507281660687,17.138987200268403,18.393341716190015,0.0,0.0,2017,9
2017-10-01,92,1.2077294685990336,0.7246376811594203,0.0,0.0,0.0,0.0,0.0,0.0,0.0,1.2077294685990336,0.0,0.0,0.0,0.0,0.0,0.0,0.0,0.0,0.0,0.0,0.0,0.0,0.0,0.7246376811594203,0.0,0.0,0.0,0.0,0.0,0.0,0.0,0.0,0.0,0.0,0.0,0.0,0.0,0.0,0.0,0.0,0.0,0.0,0.0,0.0,0.0,0.0,0.0,0.0,0.0,0.0,0.0,0.0,0.0,0.0,0.0,0.0,0.0,0.0,0.0,0.0,0.0,0.0,0.0,0.0,0.0,0.0,20.05366200370575,5.358695652173913,0.015371886547533643,1.7202684563508337,1.92096304697008,0.001280990545627804,0.16304347826086957,0.0,0.015371886547533643,1.0869565217391304,9.603260869565217,2.2217221246712935,-4.151641764565336,16.05669593478417,15.604941576376167,13.432794282849486,17.81877245804068,19.448819282450994,0.0,0.0,2017,10
2017-11-01,111,1.1261261261261262,0.0,0.0,0.0,0.0,0.0,0.0,0.0,0.0,1.1261261261261262,0.0,0.0,0.0,0.0,0.0,0.0,0.0,0.0,0.0,0.0,0.0,0.0,0.0,0.0,0.0,0.0,0.0,0.0,0.0,0.0,0.0,0.0,0.0,0.0,0.0,0.0,0.0,0.0,0.0,0.0,0.0,0.0,0.0,0.0,0.0,0.0,0.0,0.0,0.0,0.0,0.0,0.0,0.0,0.0,0.0,0.0,0.0,0.0,0.0,0.0,0.0,0.0,0.0,0.0,0.0,0.0,17.57050507050507,5.306306306306307,0.0,1.7442078179083713,2.0205773605591886,0.0,0.24324324324324326,0.0,0.0,2.5130025130025127,9.837837837837839,2.196299722770311,-3.437689852542772,15.994808762897,15.571143469755235,13.152410663409022,18.31278273192979,18.44818168935816,0.0,0.000693000693000693,2017,11
2017-12-01,85,0.0,0.0,0.0,0.0,0.0,0.0,0.0,0.0,0.0,0.0,0.0,0.0,0.0,0.0,0.0,0.0,0.0,0.0,0.0,0.0,0.0,0.0,0.0,0.0,0.0,0.0,0.0,0.0,0.0,0.0,0.0,0.0,0.0,0.0,0.0,0.0,0.0,0.0,0.0,0.0,0.0,0.0,0.0,0.0,0.0,0.0,0.0,0.0,0.0,0.0,0.0,0.0,0.0,0.0,0.0,0.0,0.0,0.0,0.0,0.0,0.0,0.0,0.0,0.0,1.9607843137254901,0.0,12.835323077537609,5.094117647058823,0.00831890330807703,1.7051960133883675,1.929700462935757,0.006239177481057772,0.15294117647058825,0.00831890330807703,0.00831890330807703,0.0,9.08235294117647,2.1927351915673716,1.8082115531527514,15.137751607869257,15.25684576596606,13.261447460974754,17.05961483957219,19.10203770086123,0.0,0.0,2017,12
2018-01-01,65,0.0,0.0,0.0,0.0,0.0,0.0,0.0,0.0,0.0,0.0,0.0,0.0,0.0,0.0,0.0,0.0,0.0,0.0,0.0,0.0,0.0,0.0,0.0,0.0,0.0,0.0,0.0,0.0,0.0,0.0,0.0,0.0,0.0,0.0,0.0,0.0,0.0,0.0,0.0,0.0,0.0,0.0,0.0,0.0,0.0,0.0,0.0,0.0,0.0,0.0,0.0,0.0,0.0,0.0,0.0,0.0,0.0,0.0,0.0,0.0,0.0,0.0,0.0,0.0,0.0,0.0,13.623818363637367,5.230769230769231,0.0,1.7368668939504166,1.9048117116669154,0.0,0.16923076923076924,0.0,0.0,2.808302808302808,9.36923076923077,2.2547459918161277,-5.51032321524627,16.229358957282034,15.043982266280729,13.365477382909338,17.712045778580393,19.909503487965026,0.0,0.0,2018,1
2018-02-01,147,0.0,0.0,0.6802721088435374,0.0,0.0,0.0,0.0,0.0,0.0,0.0,0.0,0.0,0.0,0.0,0.0,0.0,0.0,0.0,0.0,0.0,0.0,0.0,0.0,0.0,0.0,0.0,0.0,0.0,0.0,0.0,0.0,0.0,0.6802721088435374,0.0,0.0,0.0,0.0,0.0,0.0,0.0,0.0,0.0,0.0,0.0,0.0,0.0,0.0,0.0,0.0,0.0,0.0,0.0,0.0,0.0,0.0,0.0,0.0,0.0,0.0,0.0,0.0,0.0,0.0,0.0,0.6802721088435374,0.0,13.823505724213376,5.006802721088436,0.0,1.7162378970395917,1.97521449448852,0.0,0.19727891156462585,0.0,0.0,1.606198034769463,9.156462585034014,2.212955544633216,-5.123968514478697,16.062839194063685,15.703834157918914,13.03443263648058,18.3512317382664,19.22423784476606,0.0,0.0,2018,2
2018-03-01,128,0.0,0.0,0.0,0.0,0.0,0.0,0.0,0.0,0.0,0.0,0.0,0.0,0.0,0.0,0.0,0.0,0.0,0.0,0.0,0.0,0.0,0.0,0.0,0.0,0.0,0.0,0.0,0.0,0.0,0.0,0.0,0.0,0.0,0.0,0.0,0.0,0.0,0.0,0.0,0.0,0.0,0.0,0.0,0.0,0.0,0.0,0.0,0.0,0.0,0.0,0.0,0.0,0.0,0.0,0.0,0.0,0.0,0.0,0.0,0.0,0.0,0.0,0.0,0.0,0.0,0.0,20.35759698328632,5.21875,0.0,1.7093734652879322,1.8907082667289712,0.0,0.1796875,0.0,0.0,0.45955882352941174,9.2421875,2.2174983730687097,-1.5732437415525453,15.652506219270927,15.129693038846877,13.01444587367263,17.4716597933508,18.72205885923717,0.0,0.0,2018,3
2018-04-01,110,0.0,0.6993006993006994,0.0,0.0,0.0,0.0,0.0,0.0,0.0,0.0,0.0,0.0,0.0,0.0,0.0,0.0,0.0,0.0,0.0,0.0,0.0,0.0,0.0,0.6993006993006994,0.0,0.0,0.0,0.0,0.0,0.0,0.0,0.0,0.0,0.0,0.0,0.0,0.0,0.0,0.0,0.0,0.0,0.0,0.0,0.0,0.0,0.0,0.0,0.0,0.0,0.0,0.0,0.0,0.0,0.0,0.0,0.0,0.0,0.0,0.0,0.0,0.0,0.0,0.0,0.0,0.5347593582887701,0.0,16.770085974631428,5.218181818181818,0.03214121732666125,1.7501718178529644,1.836277494786853,0.0,0.17272727272727273,0.0,0.03214121732666125,0.6993006993006994,9.263636363636364,2.285071103139285,-5.855805126691468,16.266775741934836,15.472177031175896,13.535411356955741,17.84528285048285,19.88991513536968,0.0,0.0,2018,4
2018-05-01,185,1.2226512226512227,0.4158004158004159,0.0,0.0,0.0,0.0,0.0,0.0,0.0,0.0,0.0,0.0,0.7722007722007722,0.0,0.0,0.0,0.0,0.4504504504504504,0.0,0.0,0.0,0.0,0.0,0.4158004158004159,0.0,0.0,0.0,0.0,0.0,0.0,0.0,0.0,0.0,0.0,0.0,0.0,0.0,0.0,0.0,0.0,0.0,0.0,0.0,0.0,0.0,0.0,0.0,0.0,0.0,0.0,0.0,0.0,0.0,0.0,0.0,0.0,0.0,0.0,0.0,0.0,0.0,0.0,0.0,0.0,0.6006006006006005,0.0,14.707154707154707,5.032432432432432,0.007644397634449163,1.7184148998731132,1.8747429259833353,0.0025712973861329006,0.1945945945945946,0.0038221988172245816,0.007644397634449163,1.3813813813813813,8.916216216216217,2.2697963387591873,-7.745384636825789,16.413688975924273,15.770081458696753,12.980348634722958,18.079059596524303,19.288207867031396,0.0,0.0,2018,5
2018-06-01,156,1.0683760683760684,0.0,0.5827505827505828,0.0,0.0,0.0,0.0,0.0,0.0,0.0,0.0,0.0,0.0,0.0,0.0,0.0,0.0,0.0,1.0683760683760684,0.0,0.0,0.0,0.0,0.0,0.0,0.0,0.0,0.0,0.0,0.0,0.0,0.0,0.5827505827505828,0.0,0.0,0.0,0.0,0.0,0.0,0.0,0.0,0.0,0.0,0.0,0.0,0.0,0.0,0.0,0.0,0.0,0.0,0.0,0.0,0.0,0.0,0.0,0.0,0.0,0.0,0.0,0.0,0.0,0.0,0.0,0.0,0.0,19.03857255950016,5.25,0.013598207330510528,1.707381819133259,1.834688338308248,0.0008094171030065792,0.14743589743589744,0.0,0.013598207330510528,1.6996891996891996,9.147435897435898,2.2092822519151705,-0.028205985191257665,15.413117201426026,15.149235280362968,12.860624286885054,17.137844901453498,18.380795444709474,0.0,0.0,2018,6
2018-07-01,131,0.44903457566232596,0.0,0.0,0.0,0.0,0.0,0.0,0.0,0.0,0.44903457566232596,0.0,0.0,0.0,0.0,0.0,0.0,0.0,0.0,0.0,0.0,0.0,0.0,0.0,0.0,0.0,0.0,0.0,0.0,0.0,0.0,0.0,0.0,0.0,0.0,0.0,0.0,0.0,0.0,0.0,0.0,0.0,0.0,0.0,0.0,0.0,0.0,0.0,0.0,0.0,0.0,0.0,0.0,0.0,0.0,0.0,0.0,0.0,0.0,0.0,0.0,0.0,0.0,0.0,0.0,0.0,0.0,20.098380475510435,5.3816793893129775,0.016193285065340787,1.7420386387007165,1.9462451028739758,0.0021591046753787705,0.22137404580152673,0.0,0.016193285065340787,1.5630679752817158,9.561068702290076,2.250216958613905,-4.007634998589176,16.044679874832546,15.251228500168196,13.454004537187386,17.493353301278873,19.386223106833796,0.0005871990604815032,0.0,2018,7
2018-08-01,91,0.0,0.0,0.0,0.0,0.0,0.0,0.0,0.0,0.0,0.0,0.0,0.0,0.0,0.0,0.0,0.0,0.0,0.0,0.0,0.0,0.0,0.0,0.0,0.0,0.0,0.0,0.0,0.0,0.0,0.0,0.0,0.0,0.0,0.0,0.0,0.0,0.0,0.0,0.0,0.0,0.0,0.0,0.0,0.0,0.0,0.0,0.0,0.0,0.0,0.0,0.0,0.0,0.0,0.0,0.0,0.0,0.0,0.0,0.0,0.0,0.0,0.0,0.0,0.0,0.0,1.098901098901099,22.795142801606925,5.241758241758242,0.0,1.7184218423809965,1.952616403903275,0.0,0.26373626373626374,0.0,0.0,0.9157509157509157,9.516483516483516,2.191282803241433,0.03510588312788327,15.482090809068833,15.339341567193491,13.553113967647347,16.75253920392794,19.778373762989148,0.0,0.0,2018,8
2018-09-01,191,0.47596382674916704,0.0,0.0,0.0,0.0,0.0,0.0,0.0,0.0,0.0,0.0,0.0,0.0,0.0,0.0,0.0,0.0,0.0,0.47596382674916704,0.0,0.0,0.0,0.0,0.0,0.0,0.0,0.0,0.0,0.0,0.0,0.0,0.0,0.0,0.0,0.0,0.0,0.0,0.0,0.0,0.0,0.0,0.0,0.0,0.0,0.0,0.0,0.0,0.0,0.0,0.0,0.0,0.0,0.0,0.0,0.0,0.0,0.0,0.0,0.0,0.0,0.0,0.0,0.0,0.0,0.0,0.0,17.437881985926335,5.350785340314136,0.025914908211025302,1.7359134968763799,1.9437247595318607,0.0033319167699889674,0.16753926701570682,0.0037021297444321862,0.025914908211025302,0.729963753523963,9.712041884816754,2.2217664436506914,-2.7376484276263624,15.914093332725876,15.55251364585248,13.345945791285851,17.92564011194326,18.82771106606874,0.0,0.0,2018,9
2018-10-01,214,0.5841121495327103,0.0,0.6642844053509253,0.0,0.0,0.0,0.0,0.0,0.0,0.0,0.0,0.0,0.0,0.0,0.0,0.0,0.0,0.5841121495327103,0.0,0.0,0.0,0.0,0.0,0.0,0.0,0.0,0.0,0.0,0.0,0.0,0.27487630566245186,0.0,0.3894080996884735,0.0,0.0,0.0,0.0,0.0,0.0,0.0,0.0,0.0,0.0,0.0,0.0,0.0,0.0,0.0,0.0,0.0,0.0,0.0,0.0,0.0,0.0,0.0,0.0,0.0,0.0,0.0,0.0,0.0,0.0,0.0,0.0,0.0,23.110849354664637,5.238317757009346,0.0,1.7179678254157074,1.9664010074434757,0.0,0.17757009345794392,0.0,0.0,2.102803738317757,9.345794392523365,2.2668007363719296,-8.258733707880882,16.57048675234423,15.628652654588404,13.4258484157904,18.453830610783296,19.861868920280138,0.0003337783711615487,0.0002748763056624519,2018,10
2018-11-01,190,0.40485829959514175,0.5847953216374269,0.0,0.0,0.0,0.0,0.0,0.0,0.0,0.0,0.0,0.0,0.0,0.0,0.0,0.0,0.0,0.40485829959514175,0.0,0.0,0.0,0.0,0.0,0.5847953216374269,0.0,0.0,0.0,0.0,0.0,0.0,0.0,0.0,0.0,0.0,0.0,0.0,0.0,0.0,0.0,0.0,0.0,0.0,0.0,0.0,0.0,0.0,0.0,0.0,0.0,0.0,0.0,0.0,0.0,0.0,0.0,0.0,0.0,0.0,0.0,0.0,0.0,0.0,0.0,0.0,0.5847953216374269,0.0,19.841785321661483,5.189473684210526,0.022329687826943605,1.7123198396546935,1.8817136703166117,0.0028709598634641784,0.16842105263157894,0.0037216146378239346,0.022329687826943605,1.2339461092923696,9.010526315789473,2.2229174187480365,-2.730064730242849,15.736062344482054,15.504646922250798,13.06581802175013,17.780944370229058,19.029011307704483,0.0005263157894736842,0.0,2018,11
2018-12-01,155,0.0,0.8064516129032258,0.0,0.0,0.0,0.0,0.0,0.0,0.0,0.0,0.0,0.0,0.0,0.0,0.0,0.0,0.0,0.0,0.0,0.0,0.0,0.0,0.0,0.8064516129032258,0.0,0.0,0.0,0.0,0.0,0.0,0.0,0.0,0.0,0.0,0.0,0.0,0.0,0.0,0.0,0.0,0.0,0.0,0.0,0.0,0.0,0.0,0.0,0.0,0.0,0.0,0.0,0.0,0.0,0.0,0.0,0.0,0.0,0.0,0.0,0.0,0.0,0.0,0.0,0.0,0.0,0.0,19.907298583769172,5.393548387096774,0.0,1.718531047274303,1.9438233491876256,0.0019008246806089992,0.1935483870967742,0.004561979233461597,0.0,0.8909370199692781,9.616129032258064,2.2707196671078624,-8.300496692112418,16.638504953090344,15.601452182196889,13.516714125933996,18.514106626880395,19.90586536381603,0.0,0.0,2018,12
2019-01-01,177,0.4035512510088781,0.7062146892655368,0.0,0.0,0.0,0.0,0.0,0.0,0.0,0.0,0.0,0.0,0.4035512510088781,0.0,0.0,0.0,0.0,0.0,0.0,0.0,0.0,0.0,0.0,0.0,0.0,0.0,0.7062146892655368,0.0,0.0,0.0,0.0,0.0,0.0,0.0,0.0,0.0,0.0,0.0,0.0,0.0,0.0,0.0,0.0,0.0,0.0,0.0,0.0,0.0,0.0,0.0,0.0,0.0,0.0,0.0,0.0,0.0,0.0,0.0,0.0,0.0,0.0,0.0,0.0,0.0,0.0,0.0,13.794906644646899,5.2824858757062145,0.0,1.731329585038488,2.0033907187413775,0.0,0.20903954802259886,0.0,0.0,1.7125059497940853,9.63276836158192,2.214190951200318,-3.181260327671466,15.944513384379446,15.21729769530576,13.311957747459518,17.720269887250257,19.075194219954675,0.0,0.0,2019,1
2019-02-01,194,1.5034364261168383,0.0,0.46860356138706655,0.0,0.0,0.0,0.0,0.0,0.0,0.0,0.0,0.0,0.0,0.0,0.0,0.0,0.0,0.8591065292096219,0.6443298969072165,0.0,0.0,0.0,0.0,0.0,0.0,0.0,0.0,0.0,0.0,0.0,0.0,0.0,0.46860356138706655,0.0,0.0,0.0,0.0,0.0,0.0,0.0,0.0,0.0,0.0,0.0,0.0,0.0,0.0,0.0,0.0,0.0,0.0,0.0,0.0,0.0,0.0,0.0,0.0,0.0,0.0,0.0,0.0,0.0,0.0,0.0,0.0,0.0,20.502332944682376,5.139175257731959,0.0,1.7127997721546497,1.9104435567411535,0.0,0.18041237113402062,0.0,0.0,2.8863747935912882,9.1340206185567,2.2682518260653737,-6.158904575563893,16.24281234641984,15.616668419233218,13.258400746885977,18.100640018966278,19.572879509143913,0.0,0.0,2019,2
2019-03-01,218,0.0,0.0,0.30581039755351686,0.0,0.0,0.0,0.0,0.0,0.0,0.0,0.0,0.0,0.0,0.0,0.0,0.0,0.0,0.0,0.0,0.0,0.0,0.0,0.0,0.0,0.0,0.0,0.0,0.0,0.0,0.0,0.30581039755351686,0.0,0.0,0.0,0.0,0.0,0.0,0.0,0.0,0.0,0.0,0.0,0.0,0.0,0.0,0.0,0.0,0.0,0.0,0.0,0.0,0.0,0.0,0.0,0.0,0.0,0.0,0.0,0.0,0.0,0.0,0.0,0.0,0.0,0.22935779816513763,0.0,16.147041032362132,5.440366972477064,0.02594887270409349,1.7563728312223121,1.978563417068189,0.0023098428354022603,0.14220183486238533,0.0,0.02594887270409349,1.64891174065486,9.855504587155963,2.226698001769898,-4.2165600286114095,16.13059516546295,15.48783934591073,13.323709967742793,18.20579957025795,19.009458242782586,0.000254841997961264,0.0003058103975535168,2019,3
2019-04-01,183,0.49677098857426727,0.0,0.49677098857426727,0.0,0.0,0.0,0.0,0.0,0.0,0.0,0.0,0.0,0.0,0.0,0.0,0.0,0.0,0.0,0.49677098857426727,0.0,0.0,0.0,0.0,0.0,0.0,0.0,0.0,0.0,0.0,0.0,0.0,0.0,0.49677098857426727,0.0,0.0,0.0,0.0,0.0,0.0,0.0,0.0,0.0,0.0,0.0,0.0,0.0,0.0,0.0,0.0,0.0,0.0,0.0,0.0,0.0,0.0,0.0,0.0,0.0,0.0,0.0,0.0,0.0,0.0,0.0,0.0,0.0,17.8175497847629,5.53551912568306,0.011591914445681107,1.7191168541790551,1.948784200451542,0.010733254116371395,0.23497267759562843,0.0,0.011591914445681107,2.5258613132287193,9.969945355191257,2.2066769840395684,-3.6864697412840868,16.090138760307518,15.625201344490183,13.61282382135391,18.111163249385886,19.488335240601394,0.0,0.0,2019,4
2019-05-01,307,0.3257328990228013,0.0,0.0,0.0,0.0,0.0,0.0,0.0,0.0,0.3257328990228013,0.0,0.0,0.0,0.0,0.0,0.0,0.0,0.0,0.0,0.0,0.0,0.0,0.0,0.0,0.0,0.0,0.0,0.0,0.0,0.0,0.0,0.0,0.0,0.0,0.0,0.0,0.0,0.0,0.0,0.0,0.0,0.0,0.0,0.0,0.0,0.0,0.0,0.0,0.0,0.0,0.0,0.0,0.0,0.0,0.0,0.0,0.0,0.0,0.0,0.0,0.0,0.0,0.0,0.0,0.46533271288971617,0.0,20.643577986105708,5.201954397394137,0.0023032794175457576,1.6898181367934573,1.9340455040696314,0.0013819676505274546,0.18241042345276873,0.0,0.0023032794175457576,0.7638398517877346,9.332247557003257,2.2655141964228958,-5.5014462491905265,16.21072897876644,15.651739764931055,13.292111597642926,17.954314911337306,19.49439970091436,0.0,0.0,2019,5
2019-06-01,301,0.2555583950932788,0.0,0.0,0.0,0.0,0.0,0.0,0.0,0.0,0.2555583950932788,0.0,0.0,0.0,0.0,0.0,0.0,0.0,0.0,0.0,0.0,0.0,0.0,0.0,0.0,0.0,0.0,0.0,0.0,0.0,0.0,0.0,0.0,0.0,0.0,0.0,0.0,0.0,0.0,0.0,0.0,0.0,0.0,0.0,0.0,0.0,0.0,0.0,0.0,0.0,0.0,0.0,0.0,0.0,0.0,0.0,0.0,0.0,0.0,0.0,0.0,0.0,0.0,0.0,0.0,1.1968651503535226,0.0,16.95054047177404,5.089700996677741,0.014095151784449452,1.7108664189687166,1.875450591400264,0.0026288576740838266,0.19269102990033224,0.0,0.014095151784449452,1.2458471760797343,8.87375415282392,2.2524685665366113,-4.953303324582372,16.021820556704277,15.454838270810033,13.05863699925348,17.61526937608204,19.41149769388972,0.0,0.0,2019,6
2019-07-01,240,1.576116557734205,0.6181318681318682,0.5208333333333334,0.0,0.0,0.0,0.0,0.0,0.0,0.0,0.0,0.0,0.0,0.0,0.0,0.0,0.0,0.5923202614379085,0.9837962962962962,0.0,0.0,0.0,0.0,0.6181318681318682,0.0,0.0,0.0,0.0,0.0,0.0,0.0,0.0,0.5208333333333334,0.0,0.0,0.0,0.0,0.0,0.0,0.0,0.0,0.0,0.0,0.0,0.0,0.0,0.0,0.0,0.0,0.0,0.0,0.0,0.0,0.0,0.0,0.0,0.0,0.0,0.0,0.0,0.0,0.0,0.0,0.0,1.137955182072829,0.0,16.25177824626354,5.2375,0.0,1.6952806461983898,1.9278491658875754,0.0,0.17916666666666667,0.0,0.0,2.3409456613790978,9.379166666666666,2.2576161182227357,-7.136074831418558,16.426339141182893,15.628704917917732,13.403958793769469,18.088718960900213,19.957196645946645,0.0,0.0,2019,7
2019-08-01,151,0.3679175864606328,2.805371596762325,0.0,0.0,0.0,0.0,0.0,0.0,0.0,0.0,0.0,0.0,0.3679175864606328,0.0,0.0,0.0,0.0,0.0,0.0,0.0,0.0,0.0,0.0,2.805371596762325,0.0,0.0,0.0,0.0,0.0,0.0,0.0,0.0,0.0,0.0,0.0,0.0,0.0,0.0,0.0,0.0,0.0,0.0,0.0,0.0,0.0,0.0,0.0,0.0,0.0,0.0,0.0,0.0,0.0,0.0,0.0,0.0,0.0,0.0,0.0,0.0,0.0,0.0,0.0,0.0,1.6848953107231253,0.0,17.611634424984025,5.3841059602649,0.00936565273094765,1.7838057646687075,1.9837941788344675,0.0023414131827369125,0.2582781456953642,0.0,0.00936565273094765,3.6621950529235296,10.099337748344372,2.1953285438969115,0.841495987456273,15.515181215032209,15.22206108190818,13.342336920050078,17.63135508659306,18.68261656535907,0.0,0.0,2019,8
2019-09-01,307,0.25056376847907796,0.23266635644485809,0.5945917998035262,0.0,0.0,0.0,0.0,0.0,0.0,0.0,0.0,0.0,0.25056376847907796,0.0,0.0,0.0,0.0,0.0,0.0,0.0,0.0,0.0,0.0,0.23266635644485809,0.0,0.0,0.0,0.0,0.0,0.0,0.0,0.0,0.5945917998035262,0.0,0.0,0.0,0.0,0.0,0.0,0.0,0.0,0.0,0.0,0.0,0.0,0.0,0.0,0.0,0.0,0.0,0.0,0.0,0.0,0.0,0.0,0.0,0.0,0.0,0.0,0.0,0.0,0.0,0.0,0.0,0.19160758766047134,0.0,23.66019254022098,5.351791530944626,0.013819676505274544,1.7343378298357826,1.9317426347806237,0.00019193995146214677,0.2247557003257329,0.0,0.013819676505274544,1.0409450675785223,9.726384364820847,2.244847419085779,-6.609024023973705,16.432782972919018,15.690388178700333,13.487445289272621,18.364389053456286,19.39913761910313,0.0,0.0,2019,9
2019-10-01,375,0.17777777777777778,0.24242424242424243,0.26666666666666666,0.0,0.0,0.0,0.0,0.0,0.0,0.0,0.17777777777777778,0.0,0.0,0.0,0.0,0.0,0.0,0.0,0.0,0.0,0.0,0.0,0.0,0.24242424242424243,0.0,0.0,0.0,0.0,0.0,0.0,0.0,0.0,0.26666666666666666,0.0,0.0,0.0,0.0,0.0,0.0,0.0,0.0,0.0,0.0,0.0,0.0,0.0,0.0,0.0,0.0,0.0,0.0,0.0,0.0,0.0,0.0,0.0,0.0,0.0,0.0,0.0,0.0,0.0,0.0,0.0,0.8565901934322987,0.0,20.318897980817486,5.344,0.009428090415820633,1.7025388085589985,1.9806905393410577,0.0022103634197090604,0.20533333333333334,0.0037712361663282535,0.009428090415820633,1.8040783777625882,9.477333333333334,2.277648919490096,-9.686227970852652,16.810106612167793,15.919911152828,13.406903144715216,18.74407590445502,20.13530385257444,0.00015686274509803922,0.00017777777777777779,2019,10
2019-11-01,293,0.5063196189476052,0.6205398696866273,0.5540534550773458,0.0,0.0,0.0,0.0,0.0,0.0,0.5063196189476052,0.0,0.0,0.0,0.0,0.0,0.0,0.0,0.0,0.0,0.0,0.0,0.0,0.0,0.6205398696866273,0.0,0.0,0.0,0.0,0.0,0.0,0.31026993484331367,0.0,0.24378352023403219,0.0,0.0,0.0,0.0,0.0,0.0,0.0,0.0,0.0,0.0,0.0,0.0,0.0,0.0,0.0,0.0,0.0,0.0,0.0,0.0,0.0,0.0,0.0,0.0,0.0,0.0,0.0,0.0,0.0,0.0,0.0,0.3792188092529389,0.0,18.55728786816922,5.303754266211604,0.012066668620930846,1.7014302565274113,1.9497097105792758,0.004692593352584217,0.18771331058020477,0.0,0.012066668620930846,1.2735303735842627,9.600682593856655,2.2499260872077578,-6.905127240599276,16.456184107570984,15.720517805298696,13.485268978776428,18.374832426781456,19.719393794332248,0.0,0.0003102699348433137,2019,11
2019-12-01,241,1.2531958590049876,0.4610419548178884,1.4394969606099703,0.0,0.0,0.0,0.0,0.0,0.0,0.0,0.0,0.0,0.37721614485099964,0.0,0.0,0.0,0.4149377593360996,0.0,0.4610419548178884,0.0,0.0,0.0,0.0,0.0,0.0,0.0,0.0,0.4610419548178884,0.0,0.0,0.5730092867022328,0.0,0.8664876739077373,0.0,0.0,0.0,0.0,0.0,0.0,0.0,0.0,0.0,0.0,0.0,0.0,0.0,0.0,0.0,0.0,0.0,0.0,0.0,0.0,0.0,0.0,0.0,0.0,0.0,0.0,0.0,0.0,0.0,0.0,0.0,0.9841472497074157,0.0,18.48138200042032,5.3070539419087135,0.017604318203814463,1.7392671677756475,1.9597065180907016,0.00247171740437395,0.22406639004149378,0.0,0.017604318203814463,0.8068234209313047,9.560165975103734,2.2523484756903303,-4.798672012634645,16.181504172406665,15.530244649582649,13.315365180849172,17.997575602027947,19.12555051598254,0.0,0.0005730092867022328,2019,12
2020-01-01,208,0.9707840236686391,0.0,0.0,0.0,0.0,0.0,0.0,0.0,0.0,0.0,0.0,0.0,0.6009615384615384,0.0,0.0,0.0,0.0,0.0,0.36982248520710065,0.0,0.0,0.0,0.0,0.0,0.0,0.0,0.0,0.0,0.0,0.0,0.0,0.0,0.0,0.0,0.0,0.0,0.0,0.0,0.0,0.0,0.0,0.0,0.0,0.0,0.0,0.0,0.0,0.0,0.0,0.0,0.0,0.0,0.0,0.0,0.0,0.0,0.0,0.0,0.0,0.0,0.0,0.0,0.0,0.0,0.8012820512820512,0.2670940170940171,20.947416764687244,5.375,0.01359820733051053,1.7273606848979168,1.967199607319659,0.004424813496435967,0.23557692307692307,0.0,0.01359820733051053,1.0709442800788955,9.783653846153847,2.2299274837963363,-4.918342748694186,16.21701823299663,15.717845324350888,13.298287189397094,18.345719233339693,19.193696335517306,0.0,0.0,2020,1
2020-02-01,349,0.40732625428394853,0.28653295128939826,0.23877745940783188,0.0,0.0,0.0,0.0,0.0,0.0,0.0,0.0,0.0,0.16854879487611663,0.0,0.0,0.0,0.23877745940783188,0.0,0.0,0.0,0.0,0.0,0.0,0.28653295128939826,0.0,0.0,0.0,0.0,0.0,0.0,0.23877745940783188,0.0,0.0,0.0,0.0,0.0,0.0,0.0,0.0,0.0,0.0,0.0,0.0,0.0,0.0,0.0,0.0,0.0,0.0,0.0,0.0,0.0,0.0,0.0,0.0,0.0,0.0,0.0,0.0,0.0,0.0,0.0,0.0,0.0,0.7062024254001331,0.0,18.13581501555545,5.229226361031519,0.01620875143121026,1.7249582761329847,1.9525496526566588,0.0012944488990202635,0.19197707736389685,0.0,0.01620875143121026,0.5983482218102141,9.444126074498568,2.266696845612399,-8.09611058049519,16.583847859558055,15.68159906383286,13.378042091973667,18.32966274182457,19.676007356144982,0.0,0.0002387774594078319,2020,2
2020-03-01,306,0.5305152363975892,0.46456491093169283,0.1719986240110079,0.0,0.0,0.0,0.0,0.0,0.0,0.2334267040149393,0.0,0.0,0.0,0.0,0.0,0.0,0.0,0.0,0.29708853238265004,0.0,0.0,0.0,0.0,0.46456491093169283,0.0,0.0,0.0,0.0,0.0,0.0,0.0,0.0,0.1719986240110079,0.0,0.0,0.0,0.0,0.0,0.0,0.0,0.0,0.0,0.0,0.0,0.0,0.0,0.0,0.0,0.0,0.0,0.0,0.0,0.0,0.0,0.0,0.0,0.0,0.0,0.0,0.0,0.0,0.0,0.0,0.0,0.1719986240110079,0.0,24.976512694672714,5.336601307189542,0.016175645321260892,1.7454729879186568,2.0160263041030055,0.008392020931485882,0.20261437908496732,0.0,0.016175645321260892,1.92986766129181,9.898692810457517,2.246758328699232,-5.640171014106977,16.352499285284754,15.442325831472877,13.532711118537268,17.996425392442042,19.18038888361841,0.00027233115468409583,0.0,2020,3
2020-04-01,249,0.5560704355885079,0.33467202141900937,0.40160642570281124,0.0,0.0,0.0,0.0,0.0,0.0,0.0,0.0,0.0,0.0,0.0,0.0,0.0,0.5560704355885079,0.0,0.0,0.0,0.0,0.0,0.0,0.33467202141900937,0.0,0.0,0.0,0.0,0.0,0.0,0.40160642570281124,0.0,0.0,0.0,0.0,0.0,0.0,0.0,0.0,0.0,0.0,0.0,0.0,0.0,0.0,0.0,0.0,0.0,0.0,0.0,0.0,0.0,0.0,0.0,0.0,0.0,0.0,0.0,0.0,0.0,0.0,0.0,0.0,0.0,0.40160642570281124,0.0,19.363230412131898,5.457831325301205,0.0369172215077314,1.7678194910070733,2.014012735824252,0.011338707223572164,0.21686746987951808,0.008519358809476477,0.0369172215077314,1.6535840331021054,10.028112449799197,2.1576591880702445,-0.7152639052170692,15.665779116765354,15.471348773149733,13.23718042687772,18.236230881957948,18.62213870736009,0.0,0.00040160642570281126,2020,4
2020-05-01,259,0.3861003861003861,0.648000648000648,0.0,0.0,0.0,0.0,0.0,0.0,0.0,0.3861003861003861,0.0,0.0,0.0,0.0,0.0,0.0,0.0,0.0,0.0,0.0,0.0,0.0,0.0,0.648000648000648,0.0,0.0,0.0,0.0,0.0,0.0,0.0,0.0,0.0,0.0,0.0,0.0,0.0,0.0,0.0,0.0,0.0,0.0,0.0,0.0,0.0,0.0,0.0,0.0,0.0,0.0,0.0,0.0,0.0,0.0,0.0,0.0,0.0,0.0,0.0,0.0,0.0,0.0,0.0,0.0,0.22711787417669768,0.0,19.807120774613033,5.409266409266409,0.005460284024606545,1.7377320126606803,1.9518064736065621,0.0031396633141487626,0.2548262548262548,0.0027301420123032726,0.005460284024606545,1.2943137943137943,9.814671814671815,2.2087038723316916,-2.841300098947136,15.930328407240173,15.408239443561714,13.299635160751532,17.851668586835604,19.008842087833685,0.0,0.0,2020,5
2020-06-01,493,0.8174511750896932,0.0,0.372867199618184,0.0,0.0,0.0,0.0,0.0,0.0,0.47702081437535687,0.0,0.0,0.15603058199407085,0.0,0.0,0.0,0.0,0.18439977872026553,0.0,0.0,0.0,0.0,0.0,0.0,0.0,0.0,0.0,0.0,0.0,0.0,0.0,0.0,0.372867199618184,0.0,0.0,0.0,0.0,0.0,0.0,0.0,0.0,0.0,0.0,0.0,0.0,0.0,0.0,0.0,0.0,0.0,0.0,0.0,0.0,0.0,0.0,0.0,0.0,0.0,0.0,0.0,0.0,0.0,0.0,0.0,0.5149009205804338,0.0,21.142645016334196,5.176470588235294,0.02581728612851492,1.7353824785926237,1.967519618547633,0.008705166761739722,0.23732251521298176,0.0,0.02581728612851492,1.7935653152214421,9.557809330628803,2.2393277261031863,-6.80586044786854,16.424301655072448,15.61087871609459,13.406170621304453,18.25668587421706,19.572590852915397,0.0,0.0,2020,6
2020-07-01,372,0.0,0.24437927663734116,0.0,0.0,0.0,0.0,0.0,0.0,0.0,0.0,0.0,0.0,0.0,0.0,0.0,0.0,0.0,0.0,0.0,0.0,0.0,0.0,0.0,0.24437927663734116,0.0,0.0,0.0,0.0,0.0,0.0,0.0,0.0,0.0,0.0,0.0,0.0,0.0,0.0,0.0,0.0,0.0,0.0,0.0,0.0,0.0,0.0,0.0,0.0,0.0,0.0,0.0,0.0,0.0,0.0,0.0,0.0,0.0,0.0,0.0,0.0,0.0,0.0,0.0,0.0,0.4269449715370019,0.0,19.65330415439024,5.21505376344086,0.0019008246806089988,1.7009127895157876,1.9579042725284677,0.00025344329074786644,0.17473118279569894,0.0,0.0019008246806089988,0.5895114129409544,9.43010752688172,2.2529129688962533,-6.682062157876889,16.371427989660916,15.845869222120387,13.387455672920154,18.143988341269473,19.599688901301803,0.0,0.00022401433691756272,2020,7
2020-08-01,290,0.2298850574712644,0.0,0.0,0.21551724137931033,0.0,0.0,0.0,0.0,0.0,0.0,0.0,0.0,0.2298850574712644,0.0,0.0,0.0,0.0,0.0,0.0,0.0,0.0,0.0,0.0,0.0,0.0,0.0,0.0,0.0,0.0,0.0,0.0,0.0,0.0,0.0,0.0,0.0,0.21551724137931033,0.0,0.0,0.0,0.0,0.0,0.0,0.0,0.0,0.0,0.0,0.0,0.0,0.0,0.0,0.0,0.0,0.0,0.0,0.0,0.0,0.0,0.0,0.0,0.0,0.0,0.0,0.0,0.5305039787798409,0.0,20.545268551834155,5.396551724137931,0.005972588991616818,1.750562701140593,2.0030312350869894,0.004443140637245312,0.2206896551724138,0.0,0.005972588991616818,2.1449096880131364,9.959770114942529,2.1937702272135655,-1.4146381512995405,15.772301931486119,15.339270697406752,13.455446654866904,17.60810383488803,18.91175253483129,0.0,0.0,2020,8
2020-09-01,285,0.2506265664160401,0.3508771929824561,0.5012531328320802,0.0,0.0,0.0,0.0,0.0,0.0,0.2506265664160401,0.0,0.0,0.0,0.0,0.0,0.0,0.0,0.0,0.0,0.0,0.0,0.0,0.0,0.0,0.0,0.0,0.3508771929824561,0.0,0.0,0.0,0.0,0.0,0.5012531328320802,0.0,0.0,0.0,0.0,0.0,0.0,0.0,0.0,0.0,0.0,0.0,0.0,0.0,0.0,0.0,0.0,0.0,0.0,0.0,0.0,0.0,0.0,0.0,0.0,0.0,0.0,0.0,0.0,0.0,0.0,0.0,0.23391812865497078,0.0,22.70834853250139,5.326315789473684,0.022329687826943605,1.7482104023259897,1.9998529301614685,0.009134183793444068,0.21403508771929824,0.0049621528504319124,0.022329687826943605,1.3934569042928175,9.866666666666667,2.1949493609396655,-1.2635507876241723,15.733742142539928,15.36919831065476,13.332226306513418,17.666047863626787,18.962495995244897,0.0,0.0,2020,9
2020-10-01,449,0.2024701356549909,1.2044809928997011,0.3619153674832962,0.0,0.0,0.0,0.0,0.0,0.0,0.0,0.0,0.0,0.0,0.0,0.0,0.0,0.0,0.0,0.2024701356549909,0.0,0.0,0.0,0.0,0.9817638436792112,0.0,0.0,0.22271714922049,0.0,0.0,0.0,0.3619153674832962,0.0,0.0,0.0,0.0,0.0,0.0,0.0,0.0,0.0,0.0,0.0,0.0,0.0,0.0,0.0,0.0,0.0,0.0,0.0,0.0,0.0,0.0,0.0,0.0,0.0,0.0,0.0,0.0,0.0,0.0,0.0,0.0,0.0,0.0,0.0,22.564543288356784,5.184855233853007,0.00472454419501034,1.7198006554816576,1.9657046376377088,0.002849725070006236,0.1915367483296214,0.0015748480650034466,0.00472454419501034,1.2810902287516988,9.48663697104677,2.2354110954745665,-5.592270247766098,16.232306536898772,15.593758440817158,13.237887216543038,18.15251665280874,19.15064746162611,0.0,0.0003619153674832962,2020,10
2020-11-01,417,0.2664535038635758,0.4710517300445358,0.1332267519317879,0.0,0.0,0.0,0.0,0.0,0.0,0.0,0.0,0.0,0.0,0.0,0.0,0.0,0.0,0.2664535038635758,0.0,0.0,0.0,0.0,0.0,0.2997601918465228,0.0,0.0,0.0,0.17129153819801302,0.0,0.0,0.1332267519317879,0.0,0.0,0.0,0.0,0.0,0.0,0.0,0.0,0.0,0.0,0.0,0.0,0.0,0.0,0.0,0.0,0.0,0.0,0.0,0.0,0.0,0.0,0.0,0.0,0.0,0.0,0.0,0.0,0.0,0.0,0.0,0.0,0.0,0.2664535038635758,0.0,21.038513792762405,5.381294964028777,0.011869898005529575,1.7668937728796905,2.004278617398091,0.0011701673827446677,0.23501199040767387,0.0,0.011869898005529575,1.3360051024037483,10.140287769784173,2.1918878233097443,-1.4426253732865872,15.81792762702729,15.490604534410904,13.420480972649209,17.88723964151826,18.777812936424873,0.0,0.0003330668798294698,2020,11
2020-12-01,311,0.5688844917140737,0.4976267034144848,0.47701494646832265,0.0,0.0,0.0,0.0,0.0,0.0,0.3215434083601286,0.0,0.0,0.0,0.0,0.0,0.0,0.0,0.2473410833539451,0.0,0.0,0.0,0.0,0.0,0.4976267034144848,0.0,0.0,0.0,0.0,0.0,0.0,0.2473410833539451,0.0,0.2296738631143776,0.0,0.0,0.0,0.0,0.0,0.0,0.0,0.0,0.0,0.0,0.0,0.0,0.0,0.0,0.0,0.0,0.0,0.0,0.0,0.0,0.0,0.0,0.0,0.0,0.0,0.0,0.0,0.0,0.0,0.0,0.0,0.9076534398077807,0.0,23.02270311724982,5.446945337620579,0.01818924195978257,1.7523505099115955,1.9921491496898762,0.0025439499244451153,0.2315112540192926,0.002273655244972822,0.01818924195978257,3.6474627026925117,9.940514469453376,2.1914722667593414,-2.812013855730024,15.950502210050633,15.751602453756446,13.445033778396636,17.932996299166128,19.105984910997204,0.00022967386311437756,0.0004081127875340094,2020,12
2021-01-01,233,0.35765379113018597,1.6140273651003265,0.35765379113018597,0.0,0.0,0.0,0.0,0.0,0.0,0.0,0.0,0.0,0.0,0.0,0.0,0.0,0.0,0.0,0.35765379113018597,0.0,0.0,0.0,0.0,1.6140273651003265,0.0,0.0,0.0,0.0,0.0,0.0,0.0,0.0,0.35765379113018597,0.0,0.0,0.0,0.0,0.0,0.0,0.0,0.0,0.0,0.0,0.0,0.0,0.0,0.0,0.0,0.0,0.0,0.0,0.0,0.0,0.0,0.0,0.0,0.0,0.0,0.0,0.0,0.0,0.0,0.0,0.0,0.33014196104324867,0.0,18.771021469203745,5.429184549356223,0.006069586104605559,1.734605399722728,1.9824813352477817,0.0015173965261513897,0.2317596566523605,0.0,0.006069586104605559,1.566340192949635,10.040772532188841,2.2188260156127786,-2.187003519408062,15.905242442408133,15.469859718091689,13.51655161315824,17.66047782773096,18.990477451670134,0.0,0.0,2021,1
2021-02-01,417,0.3597122302158273,0.1598721023181455,0.6107934165488123,0.0,0.0,0.0,0.0,0.0,0.0,0.1598721023181455,0.0,0.0,0.0,0.0,0.0,0.0,0.0,0.19984012789768185,0.0,0.0,0.0,0.0,0.0,0.1598721023181455,0.0,0.0,0.0,0.0,0.0,0.0,0.2664535038635758,0.0,0.34433991268523645,0.0,0.0,0.0,0.0,0.0,0.0,0.0,0.0,0.0,0.0,0.0,0.0,0.0,0.0,0.0,0.0,0.0,0.0,0.0,0.0,0.0,0.0,0.0,0.0,0.0,0.0,0.0,0.0,0.0,0.0,0.0,0.23980815347721823,0.18446781036709098,20.238060738818028,5.256594724220624,0.0016956997150756536,1.7527404591116058,1.9962632519017134,0.0004239249287689134,0.22062350119904076,0.0,0.0016956997150756536,1.531631837387233,9.916067146282973,2.24760688669079,-8.148383082568419,16.68592628864529,15.677254920035296,13.694702903343329,18.789941274259196,19.852334767315725,0.0,0.0002664535038635758,2021,2
2021-03-01,390,0.8012820512820513,0.0,0.2331002331002331,0.0,0.0,0.0,0.0,0.0,0.0,0.4166666666666667,0.0,0.0,0.0,0.0,0.0,0.0,0.0,0.0,0.38461538461538464,0.0,0.0,0.0,0.0,0.0,0.0,0.0,0.0,0.0,0.0,0.0,0.0,0.0,0.2331002331002331,0.0,0.0,0.0,0.0,0.0,0.0,0.0,0.0,0.0,0.0,0.0,0.0,0.0,0.0,0.0,0.0,0.0,0.0,0.0,0.0,0.0,0.0,0.0,0.0,0.0,0.0,0.0,0.0,0.0,0.0,0.0,0.4629629629629629,0.16025641025641027,19.735884027679692,5.346153846153846,0.007252377242938949,1.7647918513579768,1.9785863122526615,0.002298744572538684,0.2205128205128205,0.0018130943107347373,0.007252377242938949,0.7355891971276587,9.898717948717948,2.219975683666922,-4.845134533601646,16.21906930422607,15.55217199230517,13.55623903956665,18.061833806804717,19.47699272264169,0.0,0.0,2021,3
2021-04-01,282,0.2364066193853428,0.9497594603977583,0.0,0.0,0.0,0.0,0.0,0.0,0.0,0.2364066193853428,0.0,0.0,0.0,0.0,0.0,0.0,0.0,0.0,0.0,0.0,0.0,0.0,0.0,0.6273867975995636,0.0,0.0,0.3223726627981947,0.0,0.0,0.0,0.0,0.0,0.0,0.0,0.0,0.0,0.0,0.0,0.0,0.0,0.0,0.0,0.0,0.0,0.0,0.0,0.0,0.0,0.0,0.0,0.0,0.0,0.0,0.0,0.0,0.0,0.0,0.0,0.0,0.0,0.0,0.0,0.0,0.0,0.7144156080326294,0.0,22.61245047540417,5.297872340425532,0.0,1.7628881987147744,1.9993651002770312,0.0,0.20921985815602837,0.0,0.0,1.968559415367926,9.918439716312056,2.1802424140894106,-3.2164699906893057,15.97904823453791,15.566524241586068,13.34418253736405,18.22845972493343,18.889804040116932,0.0,0.0,2021,4
2021-05-01,338,0.5752794214332675,0.4965448752431001,0.0,0.0,0.0,0.0,0.0,0.0,0.0,0.24654832347140038,0.0,0.0,0.32873109796186717,0.0,0.0,0.0,0.0,0.0,0.0,0.0,0.0,0.0,0.0,0.4965448752431001,0.0,0.0,0.0,0.0,0.0,0.0,0.0,0.0,0.0,0.0,0.0,0.0,0.0,0.0,0.0,0.0,0.0,0.0,0.0,0.0,0.0,0.0,0.0,0.0,0.0,0.0,0.0,0.0,0.0,0.0,0.0,0.0,0.0,0.0,0.0,0.0,0.0,0.0,0.0,0.0,0.3975957153214678,0.0,20.901699937664464,5.375739644970414,0.006276095691004861,1.7474735383945754,2.0015285136915715,0.004159158652372269,0.17751479289940827,0.0,0.006276095691004861,1.2022580235249918,9.908284023668639,2.2200045106745647,-4.187309794300974,16.143902331318635,15.6176795112177,13.651815904369256,18.415892604650594,19.454384347096898,0.0,0.0,2021,5
2021-06-01,470,0.4298302170642596,0.19342359767891681,0.17730496453900707,0.0,0.0,0.0,0.0,0.0,0.0,0.0,0.0,0.0,0.0,0.0,0.0,0.0,0.19342359767891681,0.0,0.23640661938534277,0.0,0.0,0.0,0.0,0.19342359767891681,0.0,0.0,0.0,0.0,0.0,0.0,0.0,0.0,0.17730496453900707,0.0,0.0,0.0,0.0,0.0,0.0,0.0,0.0,0.0,0.0,0.0,0.0,0.0,0.0,0.0,0.0,0.0,0.0,0.0,0.0,0.0,0.0,0.0,0.0,0.0,0.0,0.0,0.0,0.0,0.0,0.0,0.8611955420466059,0.2127659574468085,24.916524768807225,5.240425531914894,0.012035860105302937,1.7363017882897824,2.010847848119491,0.0013061643637004888,0.2276595744680851,0.0015044825131628671,0.012035860105302937,1.708613490528384,9.568085106382979,2.2409839761713815,-6.649474676762514,16.395952619519267,15.740155428717786,13.305787006631972,18.6595881172853,19.270708486340528,0.0,0.0,2021,6
2021-07-01,341,0.753502769631802,0.5732807091041386,0.1629195177582274,0.0,0.0,0.0,0.0,0.0,0.0,0.18328445747800587,0.0,0.0,0.3258390355164548,0.0,0.0,0.0,0.0,0.0,0.24437927663734113,0.0,0.0,0.0,0.0,0.41893590280687054,0.0,0.0,0.1543448062972681,0.0,0.1629195177582274,0.0,0.0,0.0,0.0,0.0,0.0,0.0,0.0,0.0,0.0,0.0,0.0,0.0,0.0,0.0,0.0,0.0,0.0,0.0,0.0,0.0,0.0,0.0,0.0,0.0,0.0,0.0,0.0,0.0,0.0,0.0,0.0,0.0,0.0,0.0,0.5865102639296188,0.0,18.929192537932995,5.346041055718475,0.008294507697202904,1.743090408727634,1.9695938999759697,0.0007776100966127721,0.187683284457478,0.0,0.008294507697202904,2.063964600621492,9.932551319648093,2.202011148196675,-1.8733726925136058,15.833699071710114,15.458292814970667,13.232818376921669,17.98131953425937,18.683430900267197,0.00024437927663734115,0.0,2021,7
2021-08-01,266,0.2349624060150376,0.0,0.7518796992481203,0.0,0.0,0.0,0.0,0.0,0.0,0.0,0.0,0.0,0.0,0.0,0.0,0.0,0.0,0.0,0.2349624060150376,0.0,0.0,0.0,0.0,0.0,0.0,0.0,0.0,0.0,0.0,0.0,0.7518796992481203,0.0,0.0,0.0,0.0,0.0,0.0,0.0,0.0,0.0,0.0,0.0,0.0,0.0,0.0,0.0,0.0,0.0,0.0,0.0,0.0,0.0,0.0,0.0,0.0,0.0,0.0,0.0,0.0,0.0,0.0,0.0,0.0,0.0,1.6334542650332124,0.0,19.485270798296007,5.511278195488722,0.01568123457264775,1.7682425464697296,2.0105863095840455,0.003329899116873646,0.2819548872180451,0.0021704897337955858,0.01568123457264775,1.4245987930198456,10.146616541353383,2.2084918475425996,-3.319750995908095,16.09363708144281,15.38539112946921,13.675878566532445,17.938755734415594,19.381544528006273,0.0,0.0007518796992481203,2021,8
2021-09-01,371,0.224618149146451,1.1595547309833025,0.834295982543961,0.0,0.0,0.0,0.0,0.0,0.0,0.0,0.0,0.0,0.0,0.0,0.0,0.0,0.0,0.224618149146451,0.0,0.0,0.33692722371967654,0.0,0.0,0.8226275072636259,0.0,0.0,0.0,0.0,0.0,0.0,0.449236298292902,0.0,0.3850596842510589,0.0,0.0,0.0,0.0,0.0,0.0,0.0,0.0,0.0,0.0,0.0,0.0,0.0,0.0,0.0,0.0,0.0,0.0,0.0,0.0,0.0,0.0,0.0,0.0,0.0,0.0,0.0,0.0,0.0,0.0,0.0,0.33439393632328795,0.0,24.510954431656575,5.517520215633423,0.009529740986341611,1.7610113168815633,2.082536732873347,0.003176580328780537,0.20485175202156333,0.0,0.009529740986341611,1.4771515326454283,10.305929919137466,2.2341028015662716,-6.842060089110171,16.59380965628984,15.659808876864288,13.907963248479884,18.66655816554266,19.804821359427354,0.0,0.00044923629829290204,2021,9
2021-10-01,472,0.17655367231638416,0.7575757575757576,0.5909815231849129,0.0,0.0,0.0,0.0,0.0,0.0,0.0,0.0,0.0,0.17655367231638416,0.0,0.0,0.0,0.0,0.0,0.0,0.0,0.0,0.0,0.0,0.5457113507960966,0.0,0.0,0.211864406779661,0.0,0.0,0.0,0.16297262059973927,0.0,0.42800890258517377,0.0,0.0,0.0,0.0,0.0,0.0,0.0,0.0,0.0,0.0,0.0,0.0,0.0,0.0,0.0,0.0,0.0,0.0,0.0,0.0,0.0,0.0,0.0,0.0,0.0,0.0,0.0,0.0,0.0,0.0,0.0,0.5457113507960966,0.0,21.116929970992786,5.34957627118644,0.0029962151745192693,1.7516952759073348,2.0406852788790855,0.0019475398634375251,0.2076271186440678,0.0,0.0029962151745192693,1.5612544650430993,9.896186440677965,2.2623289117758834,-10.189343696246402,16.95796609294522,15.906830578388808,13.702478944544552,19.099507444755936,19.918241970447852,0.0,0.00016297262059973927,2021,10
2021-11-01,338,0.4314595660749506,0.8218277449046679,0.0,0.0,0.0,0.0,0.0,0.0,0.0,0.24654832347140038,0.0,0.0,0.0,0.0,0.0,0.0,0.0,0.0,0.1849112426035503,0.0,0.0,0.0,0.0,0.49309664694280075,0.0,0.0,0.32873109796186717,0.0,0.0,0.0,0.0,0.0,0.0,0.0,0.0,0.0,0.0,0.0,0.0,0.0,0.0,0.0,0.0,0.0,0.0,0.0,0.0,0.0,0.0,0.0,0.0,0.0,0.0,0.0,0.0,0.0,0.0,0.0,0.0,0.0,0.0,0.0,0.0,0.0,0.6705789859287945,0.0,18.359780504728022,5.387573964497041,0.03765657414602916,1.7595081294326471,2.028400181321092,0.007665349773256152,0.2603550295857988,0.006276095691004861,0.03765657414602916,1.2466494715015426,9.807692307692308,2.2290588509815388,-4.489123632518192,16.1639494836801,15.498528866305243,13.553503820800541,18.051192824276484,19.280717007826944,0.0004930966469428008,0.0,2021,11
2021-12-01,359,0.48535494217945474,0.2532286654849329,0.16385384237260364,0.0,0.0,0.0,0.0,0.0,0.0,0.2321262766945218,0.0,0.0,0.0,0.0,0.0,0.0,0.0,0.0,0.2532286654849329,0.0,0.0,0.0,0.0,0.2532286654849329,0.0,0.0,0.0,0.0,0.0,0.0,0.16385384237260364,0.0,0.0,0.0,0.0,0.0,0.0,0.0,0.0,0.0,0.0,0.0,0.0,0.0,0.0,0.0,0.0,0.0,0.0,0.0,0.0,0.0,0.0,0.0,0.0,0.0,0.0,0.0,0.0,0.0,0.0,0.0,0.0,0.0,1.396004181519502,0.0,21.648681009023917,5.523676880222841,0.023635881265288494,1.7553640940364699,2.0327855096422325,0.0025818704354723505,0.20334261838440112,0.0,0.023635881265288494,0.598936810635975,10.192200557103064,2.2484270290775483,-6.277180822079837,16.495623840142198,15.563291017506153,13.881158870684594,18.54689944673511,19.69716416536962,0.00017409470752089137,0.00044240537440602977,2021,12
2022-01-01,300,0.0,0.4738562091503268,0.27777777777777773,0.0,0.0,0.0,0.0,0.0,0.25641025641025644,0.0,0.0,0.0,0.0,0.0,0.0,0.0,0.0,0.0,0.0,0.0,0.0,0.0,0.0,0.19607843137254902,0.0,0.0,0.27777777777777773,0.0,0.0,0.0,0.0,0.0,0.27777777777777773,0.0,0.0,0.0,0.0,0.0,0.0,0.0,0.0,0.0,0.0,0.0,0.0,0.0,0.0,0.0,0.0,0.0,0.0,0.0,0.0,0.0,0.0,0.0,0.0,0.0,0.0,0.25641025641025644,0.0,0.0,0.0,0.0,0.7425213675213675,0.0,24.2651338885859,5.406666666666666,0.0,1.75312305475381,2.0321794021538606,0.0,0.19666666666666666,0.0,0.0,3.4420099880626194,10.056666666666667,2.2333935006485315,-6.852784342128437,16.51807854890208,15.582857596981993,13.63798860273527,18.628757590481417,19.343427437486262,0.0,0.0,2022,1
2022-02-01,407,0.37692651329014965,0.2233638597274961,0.13650013650013648,0.0,0.0,0.0,0.0,0.0,0.0,0.2233638597274961,0.0,0.0,0.0,0.0,0.0,0.0,0.0,0.0,0.15356265356265356,0.0,0.0,0.0,0.0,0.2233638597274961,0.0,0.0,0.0,0.0,0.0,0.0,0.0,0.0,0.13650013650013648,0.0,0.0,0.0,0.0,0.0,0.0,0.0,0.0,0.0,0.0,0.0,0.0,0.0,0.0,0.0,0.0,0.0,0.0,0.0,0.0,0.0,0.0,0.0,0.0,0.0,0.0,0.0,0.0,0.0,0.0,0.0,0.9838646202282566,0.0,20.02041899311812,5.302211302211302,0.002837102059899881,1.7392356533068738,1.98062004913961,0.0012786646188366908,0.19901719901719903,0.0,0.002837102059899881,1.7015322637332206,9.748566748566748,2.25094450602472,-7.133394632728974,16.51150609206337,15.667556108247723,13.497919174279359,18.51570944971156,19.438187030841128,0.0002457002457002457,0.0,2022,2
2022-03-01,423,0.2626740215392697,0.4298302170642596,0.2149151085321298,0.0,0.0,0.0,0.0,0.0,0.0,0.0,0.0,0.0,0.2626740215392697,0.0,0.0,0.0,0.0,0.0,0.0,0.0,0.0,0.0,0.0,0.4298302170642596,0.0,0.0,0.0,0.0,0.0,0.0,0.0,0.0,0.2149151085321298,0.0,0.0,0.0,0.0,0.0,0.0,0.0,0.0,0.0,0.0,0.0,0.0,0.0,0.0,0.0,0.0,0.0,0.0,0.0,0.0,0.0,0.0,0.0,0.0,0.0,0.0,0.0,0.0,0.0,0.0,0.0,0.5211908907317642,0.0,25.762150686672566,5.408983451536643,0.025826096839229304,1.7731062344558628,1.9873963769303506,0.006406287219171163,0.22458628841607564,0.0,0.025826096839229304,1.4291458662712202,10.069739952718676,2.241467323767842,-5.046543531909592,16.312123967751837,15.585845587370494,13.859355800072407,18.256515738827066,19.70672281719424,0.0002364066193853428,0.0,2022,3
2022-04-01,280,0.6715506715506716,0.0,0.4979395604395605,0.0,0.0,0.0,0.0,0.0,0.0,0.0,0.0,0.0,0.0,0.0,0.0,0.0,0.0,0.0,0.6715506715506716,0.0,0.0,0.0,0.0,0.0,0.0,0.0,0.0,0.0,0.0,0.0,0.27472527472527475,0.0,0.22321428571428573,0.0,0.0,0.0,0.0,0.0,0.0,0.0,0.0,0.0,0.0,0.0,0.0,0.0,0.0,0.0,0.0,0.0,0.0,0.0,0.0,0.0,0.0,0.0,0.0,0.0,0.0,0.0,0.0,0.0,0.0,0.0,0.7211538461538461,0.0,22.30598049345285,5.567857142857143,0.022728432252424744,1.76809781386061,2.0195085104773427,0.001136421612621237,0.18928571428571428,0.0025253813613805272,0.022728432252424744,1.6210971568114425,10.291071428571428,2.252164973338127,-6.433490170074264,16.55976511406305,15.702350407643214,13.948889623552432,18.592631990104195,19.872712352392806,0.0,0.0005298273155416013,2022,4
2022-05-01,441,0.15117157974300832,0.5668934240362811,0.25195263290501385,0.0,0.0,0.0,0.0,0.0,0.0,0.15117157974300832,0.0,0.0,0.0,0.0,0.0,0.0,0.0,0.0,0.0,0.0,0.0,0.0,0.0,0.18896447467876037,0.0,0.0,0.37792894935752075,0.0,0.0,0.0,0.0,0.0,0.25195263290501385,0.0,0.0,0.0,0.0,0.0,0.0,0.0,0.0,0.0,0.0,0.0,0.0,0.0,0.0,0.0,0.0,0.0,0.0,0.0,0.0,0.0,0.0,0.0,0.0,0.0,0.0,0.0,0.0,0.0,0.0,0.0,0.8013811585240156,0.0,20.99869056915033,5.3718820861678,0.016034167373844617,1.728776169575373,1.9748266683156428,0.0033010023942661067,0.22675736961451248,0.0016034167373844615,0.016034167373844617,2.2283564700531486,9.773242630385488,2.223733067800695,-6.57822790821288,16.433832732634254,15.892499722584116,13.469557010633354,18.651806897878476,19.47607401713044,0.0,0.0,2022,5
2022-06-01,472,0.38673661555017486,0.4539951573849879,0.3952545558812285,0.0,0.0,0.0,0.0,0.0,0.0,0.23540489642184556,0.0,0.0,0.0,0.0,0.0,0.0,0.0,0.0,0.1513317191283293,0.0,0.0,0.0,0.0,0.4539951573849879,0.0,0.0,0.0,0.0,0.0,0.0,0.11150758251561105,0.0,0.2837469733656175,0.0,0.0,0.0,0.0,0.0,0.0,0.0,0.0,0.0,0.0,0.0,0.0,0.0,0.0,0.0,0.0,0.0,0.0,0.0,0.0,0.0,0.0,0.0,0.0,0.0,0.0,0.0,0.0,0.0,0.0,0.0,0.5296610169491525,0.0,22.030608213260912,5.427966101694915,0.0,1.7595184837298585,1.9998985353752465,0.0,0.211864406779661,0.0,0.0,0.423728813559322,9.947033898305085,2.248504890988624,-7.308127366955974,16.564252431256715,15.730795032903517,13.516690119022341,18.869931141204262,19.37696205670572,0.0,0.00011150758251561105,2022,6
2022-07-01,329,0.0,0.303951367781155,0.470400926327978,0.0,0.0,0.0,0.0,0.0,0.0,0.0,0.0,0.0,0.0,0.0,0.0,0.0,0.0,0.0,0.0,0.0,0.0,0.0,0.0,0.303951367781155,0.0,0.0,0.0,0.0,0.21710811984368217,0.0,0.0,0.0,0.2532928064842958,0.0,0.0,0.0,0.0,0.0,0.0,0.0,0.0,0.0,0.0,0.0,0.0,0.0,0.0,0.0,0.0,0.0,0.0,0.0,0.0,0.0,0.0,0.0,0.0,0.0,0.0,0.0,0.0,0.0,0.0,0.0,0.8579945889976286,0.0,23.796098579709675,5.498480243161095,0.0021492607330898103,1.7748895523531647,1.9847551708201063,7.16420244363277e-05,0.23100303951367782,0.0021492607330898103,0.0021492607330898103,2.3700969749601972,10.133738601823708,2.201246684013088,-1.6956447352039847,15.8551445202889,15.571425402670618,13.40420492716993,17.907730364999743,18.448995853859074,0.0,0.0,2022,7
2022-08-01,258,1.2375900992792057,0.9689922480620154,0.43066322136089574,0.0,0.2768549280177187,0.0,0.0,0.0,0.0,0.32299741602067183,0.0,0.0,0.0,0.0,0.0,0.0,0.5269957840337277,0.0,0.3875968992248062,0.0,0.0,0.0,0.0,0.9689922480620154,0.0,0.0,0.0,0.0,0.0,0.0,0.0,0.0,0.43066322136089574,0.0,0.0,0.0,0.0,0.0,0.0,0.0,0.0,0.0,0.0,0.2768549280177187,0.0,0.0,0.0,0.0,0.0,0.0,0.0,0.0,0.0,0.0,0.0,0.0,0.0,0.0,0.0,0.0,0.0,0.0,0.0,0.0,1.7993864649178364,0.0,22.280381841064052,5.236434108527132,0.0054814479161747875,1.7488828718411922,2.013009131095117,0.005089915922162303,0.17829457364341086,0.0054814479161747875,0.0054814479161747875,0.2768549280177187,10.032945736434108,2.213258533342323,-4.432807720986936,16.198200003013394,15.666027558826048,13.583635525079808,18.27659679887396,19.445465974907478,0.0,0.0,2022,8
2022-09-01,413,0.16142050040355127,0.3625487174839119,0.20177562550443906,0.0,0.0,0.0,0.0,0.0,0.0,0.0,0.0,0.0,0.0,0.0,0.0,0.0,0.16142050040355127,0.0,0.0,0.0,0.0,0.0,0.0,0.3625487174839119,0.0,0.0,0.0,0.0,0.0,0.0,0.20177562550443906,0.0,0.0,0.0,0.0,0.0,0.0,0.0,0.0,0.0,0.0,0.0,0.0,0.0,0.0,0.0,0.0,0.0,0.0,0.0,0.0,0.0,0.0,0.0,0.0,0.0,0.0,0.0,0.0,0.0,0.0,0.0,0.0,0.0,0.33437103655021333,0.0,25.038592683496322,5.5157384987893465,0.023969721396154154,1.7653106677379238,2.0522206159789365,0.004850644455075167,0.20581113801452786,0.0,0.023969721396154154,1.2689590474094106,10.268765133171913,2.2048022605526785,-3.557789209793176,16.12856404258199,15.550518574120021,13.695554743850945,18.27026097500159,19.350616166027077,0.0,0.00020177562550443906,2022,9
2022-10-01,532,0.0,0.22190893901420214,0.3275233538391433,0.0,0.0,0.0,0.0,0.0,0.0,0.0,0.0,0.0,0.0,0.0,0.0,0.0,0.0,0.0,0.0,0.0,0.0,0.0,0.0,0.22190893901420214,0.0,0.0,0.0,0.0,0.0,0.0,0.3275233538391433,0.0,0.0,0.0,0.0,0.0,0.0,0.0,0.0,0.0,0.0,0.0,0.0,0.0,0.0,0.0,0.0,0.0,0.0,0.0,0.0,0.0,0.0,0.0,0.0,0.0,0.0,0.0,0.0,0.0,0.0,0.0,0.0,0.0,0.4699248120300752,0.0,25.690998716833764,5.364661654135339,0.017278925104182552,1.7367544565489388,2.00256217042506,0.004386188680292493,0.20488721804511278,0.0013291480849371195,0.017278925104182552,1.0850730305617524,9.968984962406015,2.2372420055134388,-6.989885049457839,16.528030057112566,15.768854297425085,13.708702129072941,18.65265813294096,19.735271436122247,0.0,0.00032752335383914334,2022,10
2022-11-01,404,0.1547029702970297,0.9407544261213452,0.275027502750275,0.0,0.0,0.0,0.0,0.0,0.0,0.0,0.0,0.0,0.0,0.0,0.0,0.0,0.0,0.1547029702970297,0.0,0.0,0.0,0.0,0.0,0.9407544261213452,0.0,0.0,0.0,0.0,0.0,0.0,0.0,0.0,0.275027502750275,0.0,0.0,0.0,0.0,0.0,0.0,0.0,0.0,0.0,0.0,0.0,0.0,0.0,0.0,0.0,0.0,0.0,0.0,0.0,0.0,0.0,0.0,0.0,0.0,0.0,0.0,0.0,0.0,0.0,0.0,0.0,0.22502250225022502,0.0,22.632613096433797,5.423267326732673,0.014002114478941534,1.757830602314081,2.019034583029119,0.0024593457482243466,0.2004950495049505,0.001750264309867692,0.014002114478941534,2.5080814884979126,10.051980198019802,2.257419717393183,-8.432354134217537,16.744496805837663,15.796715715146581,13.770447599845816,18.812134121824837,19.74008699835724,0.0003094059405940594,0.0,2022,11
2022-12-01,331,0.8427289394056765,0.5035246727089628,0.0,0.0,0.0,0.0,0.0,0.0,0.0,0.3356831151393085,0.0,0.0,0.274649821477616,0.0,0.0,0.0,0.0,0.0,0.23239600278875205,0.0,0.0,0.0,0.0,0.2014098690835851,0.0,0.0,0.3021148036253776,0.0,0.0,0.0,0.0,0.0,0.0,0.0,0.0,0.0,0.0,0.0,0.0,0.0,0.0,0.0,0.0,0.0,0.0,0.0,0.0,0.0,0.0,0.0,0.0,0.0,0.0,0.0,0.0,0.0,0.0,0.0,0.0,0.0,0.0,0.0,0.0,0.0,0.17771459036786919,0.0,21.307985484699262,5.429003021148036,0.02349901689743814,1.7291964140426102,2.0450062041647024,0.004966837662413061,0.20241691842900303,0.002136274263403467,0.02349901689743814,1.3413098800282772,10.007552870090635,2.252332761799939,-8.010076695119325,16.692729552105778,15.688515768122052,13.679725896445268,18.857959389922915,19.752430076883606,0.0,0.0,2022,12
2023-01-01,360,0.4548408057179987,0.7539682539682541,0.0,0.0,0.0,0.0,0.0,0.0,0.0,0.0,0.30864197530864196,0.0,0.0,0.0,0.0,0.0,0.0,0.0,0.14619883040935672,0.0,0.0,0.0,0.0,0.7539682539682541,0.0,0.0,0.0,0.0,0.0,0.0,0.0,0.0,0.0,0.0,0.0,0.0,0.0,0.0,0.0,0.0,0.0,0.0,0.0,0.0,0.0,0.0,0.0,0.0,0.0,0.0,0.0,0.0,0.0,0.0,0.0,0.0,0.0,0.0,0.0,0.0,0.0,0.0,0.0,0.0,0.4166666666666667,0.0,18.515426901004815,5.413888888888889,0.0,1.7530586000766313,2.035423264493504,0.0005611958580845617,0.19166666666666668,0.0,0.0,0.6361231361231361,10.034722222222221,2.20002152579294,-4.800895467191887,16.23519365460439,15.73659228360651,13.515380336530638,18.618685282929217,19.453907023584527,0.0002777777777777778,0.0,2023,1
2023-02-01,436,0.382262996941896,0.22935779816513763,0.36141228801779257,0.0,0.0,0.0,0.0,0.0,0.0,0.0,0.0,0.0,0.0,0.0,0.0,0.0,0.0,0.0,0.382262996941896,0.0,0.0,0.0,0.0,0.22935779816513763,0.0,0.0,0.0,0.0,0.0,0.0,0.36141228801779257,0.0,0.0,0.0,0.0,0.0,0.0,0.0,0.0,0.0,0.0,0.0,0.0,0.0,0.0,0.0,0.0,0.0,0.0,0.0,0.0,0.0,0.0,0.0,0.0,0.0,0.0,0.0,0.0,0.0,0.0,0.0,0.0,0.0,0.29124799767001597,0.0,22.167269992720186,5.440366972477064,0.0,1.7345465173741688,2.0409863990694515,0.0,0.17889908256880735,0.0,0.0,1.463091572036526,10.09862385321101,2.248573424982058,-9.012764815583887,16.838030096384937,15.822805359801897,13.810293174325752,19.16211148888267,19.950806650515513,0.0,0.00036141228801779264,2023,2
2023-03-01,479,0.14912019087384432,1.1872377216844858,0.38274182324286704,0.0,0.0,0.0,0.0,0.0,0.0,0.0,0.14912019087384432,0.0,0.0,0.0,0.0,0.0,0.0,0.0,0.0,0.0,0.0,0.0,0.0,1.1872377216844858,0.0,0.0,0.0,0.0,0.0,0.0,0.0,0.0,0.38274182324286704,0.0,0.0,0.0,0.0,0.0,0.0,0.0,0.0,0.0,0.0,0.0,0.0,0.0,0.0,0.0,0.0,0.0,0.0,0.0,0.0,0.0,0.0,0.0,0.0,0.0,0.0,0.0,0.0,0.0,0.0,0.0,0.5499603620689215,0.0,25.076902598684303,5.390396659707725,0.016238360319524057,1.7627149744653996,2.0707615826524304,0.003575719747127519,0.21085594989561587,0.001476214574502187,0.016238360319524057,0.9978382445532143,10.334029227557412,2.192971816910328,-4.087591602829564,16.205346620903317,15.668295293245972,13.613336074704028,18.48183110358929,18.999764268556966,0.0,0.0002982403817476886,2023,3
2023-04-01,330,0.2525252525252525,0.1893939393939394,0.23310023310023315,0.0,0.0,0.0,0.0,0.0,0.2525252525252525,0.0,0.0,0.0,0.0,0.0,0.0,0.0,0.0,0.0,0.2525252525252525,0.0,0.0,0.0,0.0,0.1893939393939394,0.0,0.0,0.0,0.0,0.0,0.0,0.23310023310023315,0.0,0.0,0.0,0.0,0.0,0.0,0.0,0.0,0.0,0.0,0.0,0.0,0.0,0.0,0.0,0.0,0.0,0.0,0.0,0.0,0.0,0.0,0.0,0.0,0.0,0.0,0.0,0.0,0.2525252525252525,0.0,0.0,0.0,0.0,0.653975653975654,0.0,20.682295769194166,5.457575757575758,0.03642671297021609,1.7440550909095949,2.027547104184242,0.006657823589094117,0.20606060606060606,0.002142747821777417,0.03642671297021609,0.840964590964591,10.174242424242424,2.2390407902137732,-9.166871808016522,16.862603511011407,15.748854677823507,13.90821078205382,19.222412992596187,20.0002216673987,0.0,0.0002331002331002331,2023,4
2023-05-01,526,0.15842839036755385,0.6085090448208319,0.6958150326524292,0.0,0.0,0.0,0.0,0.0,0.0,0.15842839036755385,0.0,0.0,0.0,0.0,0.0,0.0,0.0,0.0,0.0,0.0,0.0,0.0,0.0,0.24556400506970852,0.0,0.0,0.3629450397511234,0.0,0.0,0.0,0.3019458734063968,0.0,0.39386915924603244,0.0,0.0,0.0,0.0,0.0,0.0,0.0,0.0,0.0,0.0,0.0,0.0,0.0,0.0,0.0,0.0,0.0,0.0,0.0,0.0,0.0,0.0,0.0,0.0,0.0,0.0,0.0,0.0,0.0,0.0,0.0,0.6676150212271885,0.0,24.437260223952826,5.391634980988593,0.008065856819618413,1.7304747571429586,2.023980541369489,0.0012322836807750356,0.21292775665399238,0.0,0.008065856819618413,1.8808689198423039,10.008555133079849,2.2575961655277625,-9.940664784779056,16.941918077604445,15.85068918056893,13.723220638205833,19.1336886950744,20.081266769960575,0.0,0.00030194587340639676,2023,5
2023-06-01,503,0.36545433282656997,0.936702170475998,0.6384914348895171,0.0,0.0,0.0,0.0,0.0,0.0,0.0,0.0,0.0,0.0,0.0,0.0,0.0,0.1169453865045024,0.0,0.2485089463220676,0.0,0.0,0.0,0.0,0.936702170475998,0.0,0.0,0.0,0.0,0.0,0.0,0.4396842778318629,0.0,0.1988071570576541,0.0,0.0,0.0,0.0,0.0,0.0,0.0,0.0,0.0,0.0,0.0,0.0,0.0,0.0,0.0,0.0,0.0,0.0,0.0,0.0,0.0,0.0,0.0,0.0,0.0,0.0,0.0,0.0,0.0,0.0,0.0,0.8878692936113122,0.0,27.027418899406786,5.467196819085487,0.007028894445194309,1.7579802278661383,2.0305106945760065,0.0016869346668466343,0.1988071570576541,0.0,0.007028894445194309,1.0082029901195404,10.104373757455269,2.236971782673732,-6.590248191172622,16.511681309633598,15.840018222302847,13.779529031206778,18.83134056406697,19.67609584505854,0.0,0.00043968427783186296,2023,6
2023-07-01,410,1.0238541945859019,0.8429510868535259,0.7465603502188868,0.0,0.0,0.0,0.0,0.0,0.0,0.17421602787456447,0.0,0.0,0.36183328866255693,0.0,0.0,0.0,0.24390243902439024,0.0,0.24390243902439024,0.0,0.0,0.0,0.0,0.40934675081016547,0.0,0.0,0.4336043360433604,0.0,0.0,0.0,0.47555764019178653,0.0,0.27100271002710025,0.0,0.0,0.0,0.0,0.0,0.0,0.0,0.0,0.0,0.0,0.0,0.0,0.0,0.0,0.0,0.0,0.0,0.0,0.0,0.0,0.0,0.0,0.0,0.0,0.0,0.0,0.0,0.0,0.0,0.0,0.0,0.27584204413472707,0.0,27.3300328087763,5.54390243902439,0.005173952057462543,1.7902111023043161,2.080763295305884,0.0028887898987499197,0.22682926829268293,0.0,0.005173952057462543,1.5498095878296738,10.367073170731707,2.2254441548945167,-6.742786672438013,16.594714998018084,15.69992117661352,13.878287619360576,18.977545077400144,19.6563201504378,0.0,0.00047555764019178656,2023,7
2023-08-01,368,0.692287784679089,1.986259632498191,0.6658687025534852,0.0,0.0,0.0,0.0,0.0,0.0,0.0,0.0,0.0,0.19409937888198758,0.0,0.0,0.0,0.0,0.22644927536231882,0.2717391304347826,0.0,0.0,0.0,0.0,1.986259632498191,0.0,0.0,0.0,0.0,0.0,0.0,0.6658687025534852,0.0,0.0,0.0,0.0,0.0,0.0,0.0,0.0,0.0,0.0,0.0,0.0,0.0,0.0,0.0,0.0,0.0,0.0,0.0,0.0,0.0,0.0,0.0,0.0,0.0,0.0,0.0,0.0,0.0,0.0,0.0,0.0,0.0,0.45289855072463775,0.0,28.518019911860772,5.451086956521739,0.024979315639742167,1.7760711238416715,2.073639787521093,0.0031696197883861977,0.25,0.0,0.024979315639742167,1.6268464857819078,10.532608695652174,2.215941023845436,-5.416577316419256,16.453878813946034,15.682595596938906,13.934865189326754,18.64759116032877,19.572628374825847,0.0,0.0006658687025534851,2023,8
2023-09-01,438,0.5180892167193537,2.0211955328125084,0.0,0.0,0.0,0.0,0.0,0.0,0.0,0.1902587519025875,0.0,0.0,0.1756234632946962,0.0,0.0,0.0,0.0,0.0,0.15220700152207003,0.0,0.0,0.0,0.0,1.8689885312904384,0.0,0.0,0.15220700152207003,0.0,0.0,0.0,0.0,0.0,0.0,0.0,0.0,0.0,0.0,0.0,0.0,0.0,0.0,0.0,0.0,0.0,0.0,0.0,0.0,0.0,0.0,0.0,0.0,0.0,0.0,0.0,0.0,0.0,0.0,0.0,0.0,0.0,0.0,0.0,0.0,0.0,0.7684961351359417,0.1902587519025875,29.05954847136542,5.614155251141552,0.008071995219024516,1.793670175642283,2.034868070403045,0.0034761994995175702,0.2328767123287671,0.0,0.008071995219024516,1.7249440480034086,10.618721461187215,2.2311673580776916,-6.568709915026637,16.628612954997028,15.55833608864007,13.95944313212907,18.845915187764607,19.647932976668294,0.0,0.0,2023,9
2023-10-01,625,0.31746031746031744,0.9204268933680698,0.5973626373626374,0.0,0.0,0.0,0.0,0.0,0.0,0.0,0.0,0.0,0.08888888888888888,0.0,0.0,0.0,0.0,0.0,0.22857142857142856,0.0,0.0,0.0,0.0,0.7973499702911467,0.0,0.0,0.1230769230769231,0.0,0.0,0.0,0.31428571428571433,0.0,0.2830769230769231,0.0,0.0,0.0,0.0,0.0,0.0,0.0,0.0,0.0,0.0,0.0,0.0,0.0,0.0,0.0,0.0,0.0,0.0,0.0,0.0,0.0,0.0,0.0,0.0,0.0,0.0,0.0,0.0,0.0,0.0,0.0,0.09411764705882353,0.0,30.499797155029356,5.4048,0.006724778148841241,1.7649977629094793,2.0358511913147797,0.0008141436395687937,0.2048,0.0020551312806018776,0.006724778148841241,1.6847108447108448,10.1648,2.22257953618449,-5.400331467578839,16.35374845528878,15.588133124609758,13.674841866187117,18.49332522955517,19.427667904438184,0.0,0.00042857142857142855,2023,10
2023-11-01,450,0.4665704665704665,1.396712220241632,0.36387264457439894,0.0,0.0,0.0,0.0,0.0,0.0,0.0,0.0,0.0,0.15873015873015872,0.0,0.0,0.0,0.0,0.10582010582010581,0.20202020202020202,0.0,0.0,0.0,0.0,1.2115270350564467,0.0,0.0,0.18518518518518517,0.0,0.0,0.0,0.36387264457439894,0.0,0.0,0.0,0.0,0.0,0.0,0.0,0.0,0.0,0.0,0.0,0.0,0.0,0.0,0.0,0.0,0.0,0.0,0.0,0.0,0.0,0.0,0.0,0.0,0.0,0.0,0.0,0.0,0.0,0.0,0.0,0.0,0.0,0.2870370370370371,0.0,25.717662477414798,5.417777777777777,0.026712922844825127,1.779211007976295,2.069469751152414,0.010569812211546004,0.24,0.0015713484026367724,0.026712922844825127,1.4572852710107613,10.266666666666667,2.244490182528934,-7.619936598346516,16.69326052895246,15.686265986840473,13.855462443717096,18.536624264903484,19.726069452683625,0.0,0.00036387264457439896,2023,11
2023-12-01,495,0.4921004921004921,2.163198754107845,0.9508504963050418,0.0,0.0,0.0,0.0,0.0,0.0,0.15540015540015542,0.13468013468013468,0.0,0.20202020202020202,0.0,0.0,0.0,0.0,0.0,0.0,0.0,0.0,0.0,0.0,2.163198754107845,0.0,0.0,0.0,0.0,0.0,0.0,0.7671957671957672,0.0,0.18365472910927455,0.0,0.0,0.0,0.0,0.0,0.0,0.0,0.0,0.0,0.0,0.0,0.0,0.0,0.0,0.0,0.0,0.0,0.0,0.0,0.0,0.0,0.0,0.0,0.0,0.0,0.0,0.0,0.0,0.0,0.0,0.0,0.9099654554200008,0.0,30.99474141269807,5.442424242424242,0.0014284985478516113,1.7694569034047591,2.0893304639802905,0.0022107715621513023,0.20606060606060606,0.0,0.0014284985478516113,1.2205535601257524,10.32020202020202,2.2075924393196185,-5.268126327326841,16.363975568400704,15.730729319107645,13.775506907541375,18.798588817998358,19.717241461911694,0.0,0.0009018759018759018,2023,12
2024-01-01,391,0.48825854452452916,2.0038949100733996,1.117854389028904,0.0,0.0,0.0,0.0,0.0,0.0,0.0,0.0,0.0,0.48825854452452916,0.0,0.0,0.0,0.0,0.0,0.0,0.0,0.0,0.0,0.0,1.5370415020435213,0.0,0.0,0.46685340802987857,0.0,0.0,0.0,0.47283279380466087,0.0,0.6450215952242432,0.0,0.0,0.0,0.0,0.0,0.0,0.0,0.0,0.0,0.0,0.0,0.0,0.0,0.0,0.0,0.0,0.0,0.0,0.0,0.0,0.0,0.0,0.0,0.0,0.0,0.0,0.0,0.0,0.0,0.0,0.0,0.8215379093020768,0.0,26.164808141612493,5.70076726342711,0.007233828963545242,1.7759513198528847,2.0755746726022037,0.0025619810912556064,0.2506393861892583,0.0,0.007233828963545242,2.0586791927048314,10.83375959079284,2.216022105085038,-5.499477587451762,16.53259192326716,15.681626665951168,14.005702154407338,18.736570715004405,19.756754708142353,0.0,0.00047283279380466085,2024,1
2024-02-01,649,0.5919542706907884,2.0660840949973553,0.9318365250568641,0.0,0.0,0.0,0.0,0.0,0.0,0.0,0.14007564084605686,0.0,0.11852554225435583,0.0,0.0,0.0,0.0,0.11852554225435583,0.21482754533601994,0.0,0.09063717937097797,0.0,0.0,0.9934722048381072,0.0,0.0,0.98197471078827,0.0,0.0,0.0,0.5466285127302076,0.0,0.3852080123266564,0.0,0.0,0.0,0.0,0.0,0.0,0.0,0.0,0.0,0.0,0.0,0.0,0.0,0.0,0.0,0.0,0.0,0.0,0.0,0.0,0.0,0.0,0.0,0.0,0.0,0.0,0.0,0.0,0.0,0.0,0.0,0.0,0.0,29.85537551474907,5.434514637904468,0.010895327907342798,1.753785406170145,2.021379225834759,0.0035310374213995493,0.1941448382126348,0.0021790655814685595,0.010895327907342798,1.8025182316399575,10.171032357473035,2.198028460682479,-4.106207069011816,16.16532963016218,15.712331057117263,13.661951770232138,18.65837687981521,19.439745112542035,0.0,0.0005466285127302076,2024,2
2024-03-01,521,0.7997440818937939,2.27630733021949,1.1404550187433782,0.0,0.0,0.0,0.0,0.0,0.0,0.1199616122840691,0.0,0.0,0.10663254425250586,0.0,0.0,0.0,0.2399232245681382,0.21326508850501172,0.1199616122840691,0.0,0.0,0.0,0.0,1.6140430643083912,0.0,0.0,0.6622642659110989,0.0,0.0,0.0,0.3732139048837705,0.0,0.7672411138596077,0.0,0.0,0.0,0.0,0.0,0.0,0.0,0.0,0.0,0.0,0.0,0.0,0.0,0.0,0.0,0.0,0.0,0.0,0.0,0.0,0.0,0.0,0.0,0.0,0.0,0.0,0.0,0.0,0.0,0.0,0.0,0.2952901225454009,0.0,29.791143251653224,5.481765834932822,0.004071632137350561,1.7824237630561848,2.101334155113797,0.001651273033481061,0.2514395393474088,0.0,0.004071632137350561,2.004669430152099,10.579654510556622,2.2226218330419143,-7.900270632607745,16.777586072772085,15.791920690423824,14.148107690345011,19.213452592447258,20.327542134079337,0.0,0.0006131371294519086,2024,3
2024-04-01,448,0.18601190476190474,3.5150799101691956,0.4321199633699634,0.0,0.0,0.0,0.0,0.0,0.0,0.0,0.0,0.0,0.0,0.0,0.0,0.0,0.18601190476190474,0.0,0.0,0.0,0.0,0.0,0.0,2.8086775575614857,0.31887755102040816,0.0,0.3875248015873015,0.0,0.0,0.0,0.0,0.0,0.4321199633699634,0.0,0.0,0.0,0.0,0.0,0.0,0.0,0.0,0.0,0.0,0.0,0.0,0.0,0.0,0.0,0.0,0.0,0.0,0.0,0.0,0.0,0.0,0.0,0.0,0.0,0.0,0.0,0.0,0.0,0.0,0.0,0.36236085343228197,0.0,33.65006317403971,5.524553571428571,0.017361996859491125,1.7957565349262035,2.086881280351316,0.006770393009896995,0.23660714285714285,0.0,0.017361996859491125,2.0961460414585416,10.467633928571429,2.2091576962684534,-6.844303508663058,16.606196599232643,15.90808134471003,13.841339885173312,19.030798686391766,19.664089450112645,0.0,0.0,2024,4
2024-05-01,615,0.543900543900544,1.5828960879176088,0.14781966001478197,0.1016260162601626,0.0,0.0,0.0,0.0,0.0,0.0,0.0,0.0,0.13550135501355012,0.0,0.0,0.0,0.0,0.14781966001478197,0.2605795288722118,0.0,0.0,0.0,0.0,1.2667262595526585,0.0,0.0,0.18066847335140016,0.13550135501355012,0.0,0.0,0.14781966001478197,0.0,0.0,0.0,0.0,0.0,0.1016260162601626,0.0,0.0,0.0,0.0,0.0,0.0,0.0,0.0,0.0,0.0,0.0,0.0,0.0,0.0,0.0,0.0,0.0,0.0,0.0,0.0,0.0,0.0,0.0,0.0,0.0,0.0,0.0,0.7121791806153356,0.0,28.056161678075142,5.482926829268293,0.00919813699104452,1.7458322326694173,2.0503316949258283,0.004482598579077215,0.21138211382113822,0.0,0.00919813699104452,1.3904613904613905,10.230081300813008,2.223936095749167,-7.329024920650573,16.62225346151495,15.816962449822281,13.881094772524824,19.109741734009823,20.03204114983017,9.564801530368245e-05,0.00014781966001478197,2024,5
2024-06-01,617,0.43219881145326844,2.339862550559471,0.4408813768619279,0.0,0.0,0.0,0.0,0.0,0.0,0.0,0.0,0.0,0.0,0.0,0.0,0.0,0.1350621285791464,0.0,0.29713668287412204,0.0,0.0,0.0,0.0,2.06202045748237,0.0,0.0,0.2778420930771012,0.0,0.0,0.0,0.32511383807980243,0.0,0.11576753878212549,0.0,0.0,0.0,0.0,0.0,0.0,0.0,0.0,0.0,0.0,0.0,0.0,0.0,0.0,0.0,0.0,0.0,0.0,0.0,0.0,0.0,0.0,0.0,0.0,0.0,0.0,0.0,0.0,0.0,0.0,0.0,0.3374183703450956,0.0,31.46792861964395,5.549432739059967,0.020628722951957626,1.7792624442141824,2.0420330475706483,0.005464022023728272,0.19773095623987033,0.004584160655990584,0.020628722951957626,1.7076948803042808,10.23095623987034,2.2312818824030445,-6.17015917886197,16.482017663781946,15.766818545892113,13.715476450413618,18.703706492662093,19.550139722895644,0.0,0.000527707030948522,2024,6
2024-07-01,494,0.38063600816637255,2.8980127095593184,1.0143084535797087,0.0,0.0,0.0,0.0,0.0,0.0,0.0,0.38063600816637255,0.0,0.0,0.0,0.0,0.0,0.0,0.0,0.0,0.0,0.0,0.0,0.0,2.558271479129829,0.0,0.0,0.33974123042948956,0.0,0.0,0.0,0.676926537250424,0.0,0.3373819163292847,0.0,0.0,0.0,0.0,0.0,0.0,0.0,0.0,0.0,0.0,0.0,0.0,0.0,0.0,0.0,0.0,0.0,0.0,0.0,0.0,0.0,0.0,0.0,0.0,0.0,0.0,0.0,0.0,0.0,0.0,0.0,0.1349527665317139,0.0,35.95342953758492,5.5242914979757085,0.021470853679753467,1.790587675408597,2.0574590269325634,0.007539171666549702,0.25101214574898784,0.004294170735950694,0.021470853679753467,1.8371902897980534,10.350202429149798,2.2077494293284237,-3.6623216418018543,16.173460110316505,15.611993691011696,13.769027290956792,18.36972387611793,19.375127053359968,0.00012651821862348178,0.000676926537250424,2024,7
2024-08-01,404,0.7643128034607972,1.8973875409518974,0.7975797579757976,0.0,0.0,0.0,0.0,0.0,0.0,0.13027618551328815,0.0,0.0,0.33150636492220653,0.0,0.0,0.0,0.0,0.16501650165016502,0.1375137513751375,0.0,0.0,0.0,0.0,1.8973875409518974,0.0,0.0,0.0,0.0,0.0,0.0,0.3025302530253025,0.0,0.49504950495049505,0.0,0.0,0.0,0.0,0.0,0.0,0.0,0.0,0.0,0.0,0.0,0.0,0.0,0.0,0.0,0.0,0.0,0.0,0.0,0.0,0.0,0.0,0.0,0.0,0.0,0.0,0.0,0.0,0.0,0.0,0.0,1.018137528038518,0.0,30.309261427452583,5.564356435643564,0.014002114478941535,1.778363386835811,2.1265478156425686,0.007096526201827188,0.22277227722772278,0.001750264309867692,0.014002114478941535,2.1271230629850315,10.818069306930694,2.2008692551337887,-6.834396934909166,16.669502275358095,15.811266873686952,13.976443323416602,18.989533692242105,19.546179224886732,0.00017680339462517678,0.0003025302530253025,2024,8
2024-09-01,515,1.0284599276603845,3.402497856494069,0.2572400630653058,0.0,0.0,0.0,0.0,0.0,0.08442380751371888,0.4368932038834951,0.0,0.0,0.12135922330097088,0.0,0.0,0.0,0.0,0.1142204454597373,0.3559870550161812,0.0,0.0,0.0,0.0,2.7381155987365973,0.0,0.0,0.6643822577574718,0.0,0.0,0.0,0.2572400630653058,0.0,0.0,0.0,0.0,0.0,0.0,0.0,0.0,0.0,0.0,0.0,0.0,0.0,0.0,0.0,0.0,0.0,0.0,0.0,0.0,0.0,0.0,0.0,0.0,0.0,0.0,0.0,0.0,0.08442380751371888,0.0,0.0,0.0,0.0,0.16181229773462782,0.13869625520110956,27.645512107533158,5.706796116504854,0.016476274513084605,1.8114497969079755,2.100103031343362,0.004812118270488202,0.24854368932038834,0.004119068628271151,0.016476274513084605,1.2302915372589844,10.920388349514564,2.2007697083309514,-5.645116447891261,16.541356770957226,15.791480339532605,14.04842023082468,18.83154001189128,19.619802055929984,0.00016181229773462783,0.0002572400630653058,2024,9
2024-10-01,780,0.7890400198092506,2.78938640721208,0.8106156663848971,0.0,0.0,0.0,0.0,0.0,0.0,0.0,0.0,0.0,0.2817695125387433,0.0,0.0,0.0,0.08547008547008547,0.11655011655011654,0.3052503052503052,0.0,0.0,0.0,0.0,2.4549713669146866,0.0,0.0,0.21786492374727665,0.11655011655011654,0.0,0.0,0.26963776963776964,0.0,0.5409778967471275,0.0,0.0,0.0,0.0,0.0,0.0,0.0,0.0,0.0,0.0,0.0,0.0,0.0,0.0,0.0,0.0,0.0,0.0,0.0,0.0,0.0,0.0,0.0,0.0,0.0,0.0,0.0,0.0,0.0,0.0,0.0,0.3363303363303363,0.0,36.58198902941656,5.4653846153846155,0.028102961816388425,1.7775526480211785,2.0924559943538665,0.008369536363694696,0.22948717948717948,0.0009065471553673687,0.028102961816388425,2.1503727753727753,10.437179487179487,2.2163519970311767,-6.211545061789027,16.520015430816308,15.987351792892792,13.851255684943688,18.910303047503884,19.668775368519356,0.0001282051282051282,0.00033068783068783067,2024,10
2024-11-01,497,0.5952380952380952,3.692798046333446,0.6717656365543689,0.0,0.0,0.0,0.0,0.0,0.0,0.0,0.1341381623071764,0.0,0.12575452716297786,0.0,0.0,0.0,0.0,0.0,0.335345405767941,0.0,0.0,0.0,0.0,3.3422096675760535,0.0,0.0,0.35058837875739285,0.0,0.0,0.0,0.6717656365543689,0.0,0.0,0.0,0.0,0.0,0.0,0.0,0.0,0.0,0.0,0.0,0.0,0.0,0.0,0.0,0.0,0.0,0.0,0.0,0.0,0.0,0.0,0.0,0.0,0.0,0.0,0.0,0.0,0.0,0.0,0.0,0.0,0.0,0.44553032480597876,0.0,35.274045235666,5.573440643863179,0.0056910002509983695,1.7992914413710825,2.108009745534895,0.0016756834072384093,0.2152917505030181,0.0,0.0056910002509983695,0.6587792213310026,10.748490945674044,2.200831482950606,-5.141804980805097,16.435291072449587,15.658389590688113,14.001511314226027,18.63899648971674,19.696184447469246,0.0,0.000671765636554369,2024,11
2024-12-01,555,1.6916399269340445,2.3556364860712686,0.3200568990042674,0.0,0.0,0.15015015015015015,0.0,0.0,0.0,0.5005005005005004,0.0,0.0,0.5234387587328764,0.0,0.0,0.0,0.33880033880033883,0.1287001287001287,0.20020020020020018,0.0,0.0,0.0,0.0,2.2355163659511486,0.0,0.0,0.12012012012012013,0.0,0.0,0.0,0.3200568990042674,0.0,0.0,0.0,0.0,0.0,0.0,0.0,0.0,0.0,0.0,0.0,0.0,0.0,0.0,0.15015015015015015,0.0,0.0,0.0,0.0,0.0,0.0,0.0,0.0,0.0,0.0,0.0,0.0,0.0,0.0,0.0,0.0,0.0,0.0,0.5658455658455658,0.0,36.84368917071838,5.47927927927928,0.01472696527552426,1.7771336646034834,2.073773100715825,0.007883432162237846,0.2036036036036036,0.0012740662724081938,0.01472696527552426,0.7878207878207879,10.482282282282283,2.180817167094257,-3.8175304355784005,16.181850431763745,15.809236391073867,13.695657940131944,18.77482866126357,19.283342115602178,0.00011261261261261261,0.00032005689900426745,2024,12
2025-01-01,490,0.6583552501919849,3.7073165491374884,0.1457725947521866,0.0,0.0,0.0,0.0,0.0,0.0,0.0,0.17006802721088435,0.0,0.33130135170951497,0.0,0.0,0.0,0.0,0.0,0.1569858712715856,0.0,0.0,0.0,0.0,3.175180617841893,0.0,0.0,0.5321359312955952,0.0,0.0,0.0,0.1457725947521866,0.0,0.0,0.0,0.0,0.0,0.0,0.0,0.0,0.0,0.0,0.0,0.0,0.0,0.0,0.0,0.0,0.0,0.0,0.0,0.0,0.0,0.0,0.0,0.0,0.0,0.0,0.0,0.0,0.0,0.0,0.0,0.0,0.0,0.1457725947521866,0.0,32.75650446003255,5.591836734693878,0.0057723002545840615,1.7884436842395521,2.1141109911976566,0.0012747163062206469,0.23265306122448978,0.0,0.0057723002545840615,1.7226197838442738,10.771428571428572,2.1604082375102625,-3.713785213538572,16.22662090762484,15.623320517082485,13.82989450310245,18.67309724864813,19.35112957309394,0.0,0.0001457725947521866,2025,1
2025-02-01,725,1.2354441820866502,3.2701888754520336,1.0812232321253352,0.0,0.08113590263691683,0.0,0.0,0.0,0.0,0.0,0.0,0.0,0.3909997376422059,0.0,0.0,0.0,0.0,0.0,0.8444444444444443,0.0,0.0,0.0,0.0,3.0403038179807687,0.0,0.0,0.2298850574712644,0.0,0.08620689655172414,0.0,0.37196576243229396,0.12539184952978055,0.4976587236115367,0.0,0.0,0.0,0.0,0.0,0.0,0.0,0.0,0.0,0.0,0.08113590263691683,0.0,0.0,0.0,0.0,0.0,0.0,0.0,0.0,0.0,0.0,0.0,0.0,0.0,0.0,0.0,0.0,0.0,0.0,0.0,0.0,0.29556650246305416,0.0,31.753926071786182,5.484137931034483,0.0078025575855067315,1.780532784430041,2.1078190427587105,0.0020307549430135822,0.24551724137931036,0.0009753196981883414,0.0078025575855067315,1.1181690370331343,10.528275862068966,2.2031583880397267,-6.995601906868597,16.624091845003036,15.771859527718536,13.866111792789539,18.840231937797977,19.67298557490337,0.00028735632183908046,0.000667532264895348,2025,2
2025-03-01,738,0.9357907223760883,2.6776136920804543,0.7128528918342405,0.0,0.0,0.0,0.0,0.0,0.0,0.16937669376693767,0.10423181154888474,0.0,0.34520583301071106,0.0,0.0,0.0,0.0,0.0,0.3169763840495548,0.0,0.0,0.0,0.0,2.3843897259727003,0.0,0.0,0.29322396610775375,0.0,0.11291779584462511,0.09678668215253582,0.4234417344173442,0.0,0.07970667941973537,0.0,0.0,0.0,0.0,0.0,0.0,0.0,0.0,0.0,0.0,0.0,0.0,0.0,0.0,0.0,0.0,0.0,0.0,0.0,0.0,0.0,0.0,0.0,0.0,0.0,0.0,0.0,0.0,0.0,0.0,0.0,0.4911924119241192,0.0,37.41115829325953,5.6897018970189706,0.02353096732160038,1.795737467694307,2.1040641581250883,0.0035329484507599907,0.25609756097560976,0.0,0.02353096732160038,1.2993699156514733,10.932926829268293,2.1915380242916487,-5.480663584037326,16.51208711736453,15.830977164153937,14.049497923666156,18.970993580812262,19.717086661556696,0.0,0.0005202284165698799,2025,3
2025-04-01,514,0.630821837047518,3.0759941909518473,0.5025940337224385,0.0,0.0,0.0,0.0,0.0,0.0,0.0,0.1297016861219196,0.0,0.17686593562079944,0.0,0.0,0.0,0.0,0.19455252918287938,0.1297016861219196,0.0,0.0,0.0,0.0,2.2454045471326314,0.0,0.0,0.8305896438192157,0.0,0.0,0.0,0.2594033722438392,0.0,0.24319066147859922,0.0,0.0,0.0,0.0,0.0,0.0,0.0,0.0,0.0,0.0,0.0,0.0,0.0,0.0,0.0,0.0,0.0,0.0,0.0,0.0,0.0,0.0,0.0,0.0,0.0,0.0,0.0,0.0,0.0,0.0,0.0,0.316147859922179,0.0,37.10991921447464,5.638132295719845,0.013756941268220768,1.814844080979272,2.1318445264558514,0.0029595786166318376,0.23540856031128404,0.002751388253644154,0.013756941268220768,2.6947669482996126,11.067120622568094,2.159188380748891,-4.194961184762742,16.342009366067447,15.735107420932824,14.00772620474206,18.835980632789177,19.372332563975842,0.0001945525291828794,0.00025940337224383917,2025,4
2025-05-01,955,0.7385177188072168,3.596277623071587,0.7217767688971878,0.0,0.0,0.0,0.0,0.0,0.0,0.08726003490401396,0.0,0.0,0.33609496960282303,0.0,0.0,0.0,0.0,0.08726003490401396,0.22790267939636585,0.0,0.0,0.0,0.0,3.2073471817851242,0.0,0.0,0.38893044128646226,0.0,0.0,0.0,0.5108983512124874,0.0,0.2108784176847004,0.0,0.0,0.0,0.0,0.0,0.0,0.0,0.0,0.0,0.0,0.0,0.0,0.0,0.0,0.0,0.0,0.0,0.0,0.0,0.0,0.0,0.0,0.0,0.0,0.0,0.0,0.0,0.0,0.0,0.0,0.0,0.4425068822974582,0.0,39.63680155269962,5.570680628272251,0.019251074671047367,1.7969460062272622,2.1159410337983746,0.0034141863198652385,0.2544502617801047,0.002221277846659312,0.019251074671047367,1.330621522336952,10.629842931937173,2.180564341837866,-4.644468895254628,16.325861534794164,15.77201504750276,13.862435608885963,18.818492678460753,19.489174718321948,8.726003490401395e-05,0.0005108983512124873,2025,5
2025-06-01,786,0.3523194362889019,2.2761942609270855,0.7355033539362231,0.0,0.0,0.0,0.0,0.0,0.0,0.0,0.0,0.10602205258693807,0.0,0.0,0.0,0.0,0.0,0.0,0.24629738370196386,0.0,0.0,0.0,0.0,1.8461253194077623,0.0,0.0,0.43006894151932323,0.0,0.0,0.0,0.33826083444404054,0.0,0.39724251949218276,0.0,0.0,0.0,0.0,0.0,0.0,0.0,0.0,0.0,0.0,0.0,0.0,0.0,0.0,0.0,0.0,0.0,0.0,0.0,0.0,0.0,0.0,0.0,0.0,0.0,0.0,0.0,0.0,0.0,0.0,0.0,0.41327946862298004,0.0,38.6226793297508,5.5534351145038165,0.018892165909564246,1.7939677966750915,2.1200926686649675,0.003732380850047131,0.23536895674300254,0.000899626948074488,0.018892165909564246,1.8010226979692627,10.708651399491094,2.196182109884363,-7.454256788044491,16.717266433534782,15.899965179332042,14.049324839776007,19.203067339894584,20.09930651452288,0.0,0.00033826083444404056,2025,6
2025-07-01,661,0.3840335156522751,2.961815877852186,0.094553706505295,0.0,0.0,0.0,0.0,0.0,0.0,0.0,0.0,0.0,0.15128593040847202,0.0,0.0,0.0,0.0,0.0,0.23274758524380312,0.0,0.0,0.0,0.0,2.3560172387706424,0.0,0.0,0.6057986390815437,0.0,0.0,0.0,0.0,0.0,0.094553706505295,0.0,0.0,0.0,0.0,0.0,0.0,0.0,0.0,0.0,0.0,0.0,0.0,0.0,0.0,0.0,0.0,0.0,0.0,0.0,0.0,0.0,0.0,0.0,0.0,0.0,0.0,0.0,0.0,0.0,0.0,0.0,0.8089594889897461,0.0,36.97888086669458,5.555219364599092,0.0224648145308888,1.8022952057547894,2.1621737513358474,0.006528889786188017,0.24962178517397882,0.003209259218698401,0.0224648145308888,1.765160570891638,10.758698940998487,2.2293943693742526,-9.904259425358909,17.08671505073112,15.910286988135296,14.261379871351647,19.32714059143536,20.538670865820368,0.00010085728693898134,0.00021612275772638857,2025,7
2025-08-01,687,0.5459626092813866,2.889595104028568,0.4769308808610118,0.0,0.0,0.0,0.0,0.0,0.0,0.3646785852026027,0.0,0.0,0.1812840240787839,0.0,0.0,0.0,0.0,0.0,0.0,0.0,0.0,0.0,0.0,2.488904091983844,0.0,0.0,0.4006910120447239,0.0,0.0,0.0,0.34460323761633804,0.0,0.1323276432446738,0.0,0.0,0.0,0.0,0.0,0.0,0.0,0.0,0.0,0.0,0.0,0.0,0.0,0.0,0.0,0.0,0.0,0.0,0.0,0.0,0.0,0.0,0.0,0.0,0.0,0.0,0.0,0.0,0.0,0.0,0.0,0.2789907811741873,0.0,41.76709853331361,5.633187772925764,0.01646828020230678,1.791605926059081,2.1669800031009214,0.005740459927814928,0.24745269286754004,0.002058535025288348,0.01646828020230678,1.0899863519950856,11.024017467248909,2.175974580997091,-6.578765371180682,16.662657223444064,15.928163319696779,14.130060928492426,19.124205876401845,19.902152189211282,0.0,0.0003446032376163381,2025,8
2025-09-01,818,0.48610242051921904,2.5438700217478027,0.2899504733245565,0.0,0.0,0.0,0.0,0.0,0.0,0.0,0.0,0.0,0.18304721310618044,0.0,0.0,0.0,0.0,0.0,0.30305520741303854,0.0,0.0,0.0,0.0,2.2368217318144272,0.0,0.0,0.3070482899333755,0.0,0.0,0.0,0.19591248197605168,0.0,0.09403799134850481,0.0,0.0,0.0,0.0,0.0,0.0,0.0,0.0,0.0,0.0,0.0,0.0,0.0,0.0,0.0,0.0,0.0,0.0,0.0,0.0,0.0,0.0,0.0,0.0,0.0,0.0,0.0,0.0,0.0,0.0,0.0,0.18807598269700962,0.0,44.187204242547644,5.559902200488998,0.01815310807447127,1.8003782110800282,2.159978856792196,0.005319791210630331,0.21271393643031786,0.0,0.01815310807447127,1.2444309968759848,10.765892420537897,2.173487348748548,-6.733967970622063,16.6266736236053,16.02358350011515,13.957529734628382,19.179114786148215,19.808198911696454,0.0,0.00019591248197605164,2025,9
2025-10-01,1001,0.3565512468374312,2.8162096174965656,0.6168947602514037,0.0,0.0,0.0,0.0,0.0,0.12487512487512488,0.058764764647117586,0.0,0.0,0.0,0.0,0.0,0.0,0.1621754868508115,0.0,0.13561099533950213,0.0,0.0,0.0,0.0,2.248847686498271,0.0,0.0,0.5673619309982947,0.0,0.08325008325008325,0.0,0.36598017367248137,0.0,0.167664503328839,0.0,0.0,0.0,0.0,0.0,0.0,0.0,0.0,0.0,0.0,0.0,0.0,0.0,0.0,0.0,0.0,0.0,0.0,0.0,0.0,0.0,0.0,0.0,0.0,0.0,0.0,0.0,0.12487512487512488,0.0,0.0,0.0,0.32243397628013015,0.0,40.4738831778897,5.49050949050949,0.022604812185783738,1.792937292085105,2.141001925912366,0.00546974011524727,0.21678321678321677,0.0021192011424172254,0.022604812185783738,0.9733536051258577,10.650849150849151,2.1658379705575155,-5.271683125834533,16.397868387472254,15.802105196671121,13.754554674511477,19.05015290316422,19.34098577871925,0.000167664503328839,0.0003659801736724814,2025,10
2025-11-01,715,0.4988601142447297,2.780767954564746,0.26860791030831516,0.0,0.0,0.0,0.0,0.0,0.0,0.10758472296933837,0.0,0.0,0.0,0.0,0.0,0.0,0.0,0.17482517482517482,0.21645021645021645,0.0,0.0,0.0,0.0,2.143366140692344,0.0,0.0,0.637401813872402,0.0,0.0,0.0,0.26860791030831516,0.0,0.0,0.0,0.0,0.0,0.0,0.0,0.0,0.0,0.0,0.0,0.0,0.0,0.0,0.0,0.0,0.0,0.0,0.0,0.0,0.0,0.0,0.0,0.0,0.0,0.0,0.0,0.0,0.0,0.0,0.0,0.0,0.0,0.40921645199720064,0.0,37.68045876269696,5.535664335664336,0.020768171195688807,1.7961947535427587,2.171694684675665,0.009974861874520909,0.23356643356643356,0.003955842132512154,0.020768171195688807,1.2448662448662449,10.776923076923078,2.1889201756167918,-8.96437438769849,16.909872004976318,15.995606656296252,14.134308312767539,19.67090671649496,20.236636782285746,0.00012714558169103624,0.0002686079103083152,2025,11
2025-12-01,682,0.5613643443555467,1.906778867922563,0.5160162418226935,0.0,0.0,0.0,0.0,0.0,0.0,0.0,0.0,0.11279043537108055,0.0,0.0,0.0,0.0,0.11279043537108055,0.0,0.3357834736133856,0.0,0.0,0.0,0.0,1.2802467164637255,0.0,0.0,0.6265321514588378,0.0,0.0,0.0,0.418264531167757,0.0,0.09775171065493647,0.0,0.0,0.0,0.0,0.0,0.0,0.0,0.0,0.0,0.0,0.0,0.0,0.0,0.0,0.0,0.0,0.0,0.0,0.0,0.0,0.0,0.0,0.0,0.0,0.0,0.0,0.0,0.0,0.0,0.0,0.0,0.4313562781304717,0.0,41.23132550591627,5.552785923753666,0.005184067310751815,1.8059991106683824,2.1594851240329067,0.00491663526694319,0.22434017595307917,0.0,0.005184067310751815,1.620615024099585,10.915689149560118,2.162582663648721,-5.072992526491944,16.423501671765646,15.87347841069404,14.088763440023072,19.04353395710263,19.937923941340863,0.0002594180013534852,0.000418264531167757,2025,12
2026-01-01,755,0.4562178072111847,2.2228305175325045,0.3005603667855324,0.06307158625039419,0.0,0.0,0.0,0.0,0.0,0.0,0.0,0.0,0.0,0.0,0.0,0.0,0.0,0.14716703458425312,0.30905077262693154,0.0,0.0,0.0,0.0,1.5555709926570855,0.0,0.0,0.667259524875419,0.0,0.0,0.08830022075055188,0.2122601460349805,0.0,0.0,0.0,0.0,0.0,0.06307158625039419,0.0,0.0,0.0,0.0,0.0,0.0,0.0,0.0,0.0,0.0,0.0,0.0,0.0,0.0,0.0,0.0,0.0,0.0,0.0,0.0,0.0,0.0,0.0,0.0,0.0,0.0,0.0,0.2307846678707606,0.0,42.52155482395574,5.631788079470199,0.02060443600808483,1.8112053894455218,2.1517201026371064,0.0045383885392660285,0.26490066225165565,0.002809695819284295,0.02060443600808483,1.3641066911318893,11.049006622516556,2.1684467815543202,-6.143817117149739,16.597911882903375,15.801102603285004,14.085622571736524,19.268930769401628,19.827764683142043,0.0,0.00030056036678553235,2026,1
2026-02-01,956,0.09509319132750095,2.1140871442291833,0.8334901261844666,0.0,0.0,0.0,0.0,0.0,0.0,0.0,0.0,0.0,0.0,0.0,0.0,0.0,0.0,0.0,0.09509319132750095,0.0,0.0,0.0,0.0,1.7546836467503721,0.0,0.0,0.3594034974788113,0.0,0.0,0.0,0.38629523599794463,0.0,0.44719489018652203,0.0,0.0,0.0,0.0,0.0,0.0,0.0,0.0,0.0,0.0,0.0,0.0,0.0,0.0,0.0,0.0,0.0,0.0,0.0,0.0,0.0,0.0,0.0,0.0,0.0,0.0,0.0,0.0,0.0,0.0,0.0,0.3599747991126542,0.0,41.98493170444494,5.4989539748953975,0.017011983229383465,1.79138627535279,2.138287479980102,0.005267588395202816,0.2280334728033473,0.0036982572237790143,0.017011983229383465,1.5414495839981934,10.806485355648535,2.180038900873341,-7.839988502646599,16.772030671046817,16.029357234766596,13.988855275713965,19.408681647193816,19.847084199363756,0.0,0.0004908977464581957,2026,2
2026-03-01,996,0.5378657487091223,2.225847966900412,0.7508109917748471,0.0,0.0,0.0,0.0,0.0,0.0,0.0717154331612163,0.0,0.0,0.23905144387072097,0.0,0.0,0.0,0.0,0.1434308663224326,0.08366800535475234,0.0,0.0,0.0,0.0,1.5680218572670734,0.0,0.0,0.6578261096333385,0.0,0.0,0.0,0.34968935571345205,0.0,0.40112163606139506,0.0,0.0,0.0,0.0,0.0,0.0,0.0,0.0,0.0,0.0,0.0,0.0,0.0,0.0,0.0,0.0,0.0,0.0,0.0,0.0,0.0,0.0,0.0,0.0,0.0,0.0,0.0,0.0,0.0,0.0,0.0,0.6036141340516736,0.0,44.93970676957267,5.555220883534137,0.019168557321322072,1.8035318508740814,2.146610865487458,0.0030540488373603262,0.21586345381526104,0.001419893134912746,0.019168557321322072,1.5029661357620252,10.986947791164658,2.202240267655146,-10.358471224772817,17.158098577649966,16.043273528200586,14.217764122560741,19.893085453698653,20.411055237970643,0.0,0.0003496893557134521,2026,3
2026-04-01,664,0.2918767979008943,1.7903781411372146,0.3516396588685745,0.0,0.0,0.0,0.0,0.0,0.0,0.0,0.0,0.0,0.0,0.0,0.0,0.0,0.10757314974182444,0.0,0.18430364815906985,0.0,0.0,0.0,0.0,1.0910120493189612,0.0,0.0,0.6993660918182534,0.0,0.0,0.0,0.23579165145430203,0.0,0.1158480074142725,0.0,0.0,0.0,0.0,0.0,0.0,0.0,0.0,0.0,0.0,0.0,0.0,0.0,0.0,0.0,0.0,0.0,0.0,0.0,0.0,0.0,0.0,0.0,0.0,0.0,0.0,0.0,0.0,0.0,0.0,0.0,0.3580338670700116,0.0,44.491895857167314,5.667168674698795,0.02023347717250663,1.8058243440148272,2.1782206009312715,0.008122809442425181,0.24096385542168675,0.004259679404738238,0.02023347717250663,1.384512474596495,11.051957831325302,2.1930422687357742,-11.215160965370446,17.273286990085712,15.96962130108473,14.270101764447256,19.899987008589452,20.423752375769425,0.00021514629948364886,0.00023579165145430208,2026,4
