dependency_bigram,head_dep,child_dep,pre_count,post_count,pre_proportion,post_proportion,proportion_change,abs_proportion_change,relative_change_pct
ROOT->amod,ROOT,amod,45295.0,21849.0,0.06559245357337319,0.06152914671923402,-0.004063306854139172,0.004063306854139172,-6.194777955049151
ROOT->compound,ROOT,compound,29142.0,13696.0,0.042201021791262644,0.03856941706561532,-0.0036316047256473236,0.0036316047256473236,-8.605490036734647
pobj->amod,pobj,amod,68239.0,36097.0,0.09881804701166604,0.10165305547733033,0.0028350084656642988,0.0028350084656642988,2.868917724441174
amod->npadvmod,amod,npadvmod,11141.0,6730.0,0.01613347003556575,0.018952407772458463,0.002818937736892714,0.002818937736892714,17.472606517249236
dobj->amod,dobj,amod,18113.0,8494.0,0.026229740845005154,0.023920022528865107,-0.002309718316140047,0.002309718316140047,-8.805722976023528
prep->pobj,prep,pobj,100733.0,52451.0,0.145873156547226,0.14770768797521824,0.001834531427992253,0.001834531427992253,1.2576209848439999
acl->dobj,acl,dobj,7336.0,3172.0,0.010623385349691261,0.008932695015488594,-0.0016906903342026672,0.0016906903342026672,-15.914798141552893
ROOT->acl,ROOT,acl,5744.0,2357.0,0.0083179832945238,0.00663756688256829,-0.0016804164119555102,0.0016804164119555102,-20.20220950746347
ROOT->prep,ROOT,prep,50200.0,25299.0,0.07269546681495384,0.07124471979724022,-0.0014507470177136245,0.0014507470177136245,-1.9956499095143003
appos->prep,appos,prep,6202.0,3670.0,0.008981220820445094,0.01033511686848775,0.001353896048042657,0.001353896048042657,15.074744014317202
pobj->prep,pobj,prep,22374.0,11901.0,0.032400166823063285,0.03351450295691354,0.0011143361338502578,0.0011143361338502578,3.4392913466638206
pobj->det,pobj,det,11331.0,5450.0,0.01640861224064227,0.015347789355111236,-0.0010608228855310334,0.0010608228855310334,-6.465037201034561
ROOT->dobj,ROOT,dobj,15364.0,7580.0,0.02224886757260858,0.021346099690228104,-0.0009027678823804765,0.0009027678823804765,-4.057590254579555
compound->amod,compound,amod,18603.0,9259.0,0.02693931811072881,0.026074345254857786,-0.0008649728558710219,0.0008649728558710219,-3.2108194138980055
ROOT->det,ROOT,det,8790.0,4236.0,0.01272894727696104,0.011929034074908477,-0.0007999132020525632,0.0007999132020525632,-6.284205477858949
acl->prep,acl,prep,3771.0,1669.0,0.00546084871233448,0.004700084483244157,-0.0007607642290903237,0.0007607642290903237,-13.931245291084094
ROOT->appos,ROOT,appos,9937.0,5366.0,0.014389937325501917,0.015111236271472825,0.0007212989459709079,0.0007212989459709079,5.0125231935000745
pobj->compound,pobj,compound,47948.0,24908.0,0.06943430762636268,0.07014362151506617,0.0007093138887034889,0.0007093138887034889,1.0215611171935672
appos->amod,appos,amod,7332.0,4008.0,0.010617592882215966,0.011286961419318502,0.0006693685371025361,0.0006693685371025361,6.304334179394852
dobj->compound,dobj,compound,13208.0,6555.0,0.019126727603424508,0.01845958884821177,-0.0006671387552127372,0.0006671387552127372,-3.4879921387769994
appos->det,appos,det,4549.0,2547.0,0.006587483636279382,0.00717262742889327,0.0005851437926138875,0.0005851437926138875,8.882660283075516
amod->advmod,amod,advmod,4368.0,2449.0,0.0063253744830222775,0.006896648831315123,0.0005712743482928452,0.0005712743482928452,9.031470782104416
compound->compound,compound,compound,19010.0,9977.0,0.027528701676340087,0.028096310898338497,0.0005676092219984094,0.0005676092219984094,2.0618815542843008
pobj->nmod,pobj,nmod,3431.0,1945.0,0.0049684889769343946,0.005477330329484652,0.0005088413525502575,0.0005088413525502575,10.241370261914469
ROOT->nsubj,ROOT,nsubj,6507.0,3511.0,0.009422896465436346,0.0098873556744579,0.00046445920902155394,0.00046445920902155394,4.929049265533305
pobj->acl,pobj,acl,2680.0,1224.0,0.0038809532084477347,0.003446916361588285,-0.0004340368468594498,0.0004340368468594498,-11.183769129570402
ROOT->cc,ROOT,cc,4033.0,1922.0,0.005840255331966311,0.005412559842297944,-0.0004276954896683671,0.0004276954896683671,-7.323232724559143
conj->amod,conj,amod,4305.0,2363.0,0.00623414312028638,0.006654463531399606,0.000420320411113226,0.000420320411113226,6.742232300465979
appos->compound,appos,compound,4354.0,2388.0,0.006305100846858745,0.006724866234863419,0.0004197653880046743,0.0004197653880046743,6.657552324699216
conj->cc,conj,cc,1480.0,895.0,0.0021432129658591967,0.0025204167840045056,0.0003772038181453089,0.0003772038181453089,17.5999223667486
dobj->acl,dobj,acl,1298.0,543.0,0.0018796556957332686,0.0015291467192340186,-0.00035050897649925,0.00035050897649925,-18.647509610131745
appos->conj,appos,conj,1592.0,942.0,0.0023054020551674602,0.0026527738665164742,0.000347371811349014,0.000347371811349014,15.067732353686202
amod->conj,amod,conj,3134.0,1732.0,0.004538398266893731,0.004877499295972965,0.0003391010290792343,0.0003391010290792343,7.4718217559898985
ROOT->xcomp,ROOT,xcomp,1141.0,468.0,0.0016523013473279348,0.0013179386088425795,-0.0003343627384853553,0.0003343627384853553,-20.236183855086683
ROOT->conj,ROOT,conj,5245.0,2581.0,0.007595372976980735,0.0072683751056040555,-0.000326997871376679,0.000326997871376679,-4.3052246725435355
ROOT->advmod,ROOT,advmod,1716.0,992.0,0.0024849685469016092,0.0027935792734441003,0.00030861072654249106,0.00030861072654249106,12.419099908821112
nsubj->compound,nsubj,compound,2676.0,1484.0,0.0038751607409724395,0.00417910447761194,0.00030394373663950036,0.00030394373663950036,7.843383976976093
xcomp->aux,xcomp,aux,1011.0,412.0,0.001464046154380843,0.0011602365530836384,-0.00030380960129720467,0.00030380960129720467,-20.75136773442011
conj->conj,conj,conj,1591.0,926.0,0.0023039539382986363,0.002607716136299634,0.0003037621980009975,0.0003037621980009975,13.184386760149895
amod->cc,amod,cc,3031.0,1666.0,0.004389242229404882,0.004691636158828499,0.0003023939294236168,0.0003023939294236168,6.889433611063591
amod->amod,amod,amod,3813.0,2063.0,0.005521669620825079,0.0058096310898338496,0.00028796146900877083,0.00028796146900877083,5.215115875870567
pobj->conj,pobj,conj,4218.0,2268.0,0.006108156952698711,0.006386933258237117,0.0002787763055384059,0.0002787763055384059,4.564000363730613
pobj->cc,pobj,cc,4369.0,2342.0,0.006326822599891101,0.006595325260490003,0.0002685026605989014,0.0002685026605989014,4.243878445454167
nsubj->amod,nsubj,amod,4039.0,2172.0,0.005848944033179254,0.006116586876936074,0.0002676428437568207,0.0002676428437568207,4.575917332061403
nsubj->prep,nsubj,prep,2353.0,1298.0,0.003407418992342358,0.0036553083638411715,0.0002478893714988133,0.0002478893714988133,7.274989429122335
xcomp->dobj,xcomp,dobj,1042.0,453.0,0.0015089377773143803,0.0012756969867642918,-0.0002332407905500885,0.0002332407905500885,-15.457283531280684
pcomp->prep,pcomp,prep,1232.0,715.0,0.001784079982390899,0.002013517319065052,0.00022943733667415305,0.00022943733667415305,12.860260691153387
conj->dobj,conj,dobj,1249.0,561.0,0.0018086979691609032,0.001579836665727964,-0.00022886130343293927,0.00022886130343293927,-12.653373163188396
nmod->prep,nmod,prep,982.0,586.0,0.0014220507651849534,0.001650239369191777,0.00022818860400682355,0.00022818860400682355,16.046445710195524
ROOT->dep,ROOT,dep,1164.0,676.0,0.0016856080353108817,0.0019036891016615037,0.000218081066350622,0.000218081066350622,12.93782788063185
dep->prep,dep,prep,323.0,241.0,0.00046774174863008146,0.0006786820613911575,0.000210940312761076,0.000210940312761076,45.097602123153735
dobj->appos,dobj,appos,596.0,381.0,0.0008630776538189739,0.0010729372007885103,0.00020985954696953646,0.00020985954696953646,24.315256691091832
nmod->pobj,nmod,pobj,305.0,226.0,0.0004416756449912534,0.0006364404393128697,0.0001947647943216163,0.0001947647943216163,44.09679286832156
nmod->cc,nmod,cc,1440.0,809.0,0.0020852882911062453,0.002278231484088989,0.0001929431929827436,0.0001929431929827436,9.252590819487471
prep->pcomp,prep,pcomp,4799.0,2401.0,0.006949512853485327,0.0067614756406646015,-0.00018803721282072573,0.00018803721282072573,-2.705761062466718
amod->prep,amod,prep,271.0,205.0,0.0003924396714512448,0.0005773021684032667,0.0001848624969520219,0.0001848624969520219,47.105965680890264
conj->compound,conj,compound,3679.0,1956.0,0.0053276219604026925,0.00550830751900873,0.00018068555860603717,0.00018068555860603717,3.391486106727811
pobj->appos,pobj,appos,739.0,439.0,0.0010701583660607747,0.0012362714728245564,0.0001661131067637817,0.0001661131067637817,15.522292030032878
ROOT->aux,ROOT,aux,962.0,553.0,0.0013930884278084779,0.0015573078006195437,0.00016421937281106583,0.00016421937281106583,11.788151386011137
nmod->conj,nmod,conj,1341.0,743.0,0.001941924721092691,0.002092368346944523,0.00015044362585183184,0.00015044362585183184,7.747139949234465
compound->nummod,compound,nummod,830.0,480.0,0.0012019370011237386,0.0013517319065052098,0.00014979490538147115,0.00014979490538147115,12.462791747106708
poss->case,poss,case,781.0,454.0,0.0011309792745513734,0.0012785130949028443,0.00014753382035147082,0.00014753382035147082,13.044785494410867
ROOT->nmod,ROOT,nmod,2879.0,1429.0,0.0041691284653436675,0.004024218529991552,-0.00014490993535211556,0.00014490993535211556,-3.4757848446430737
ROOT->pobj,ROOT,pobj,2429.0,1295.0,0.0035174758743729655,0.003646860039425514,0.00012938416505254863,0.00012938416505254863,3.6783241640744158
ROOT->ccomp,ROOT,ccomp,413.0,257.0,0.0005980722668242217,0.0007237397916079977,0.000125667524783776,0.000125667524783776,21.012096991400988
ROOT->advcl,ROOT,advcl,1564.0,848.0,0.0022648547828403942,0.0023880597014925373,0.0001232049186521431,0.0001232049186521431,5.4398595258999185
appos->nmod,appos,nmod,487.0,294.0,0.0007052329151171817,0.000827935792734441,0.0001227028776172594,0.0001227028776172594,17.39891530684881
appos->cc,appos,cc,1212.0,666.0,0.0017551176450144232,0.0018755280202759786,0.00012041037526155539,0.00012041037526155539,6.860530153268779
xcomp->prep,xcomp,prep,585.0,262.0,0.0008471483682619122,0.0007378203323007604,-0.00010932803596115182,0.00010932803596115182,-12.905417758811163
nsubj->cc,nsubj,cc,329.0,132.0,0.0004764304498430241,0.00037172627428893267,-0.00010470417555409145,0.00010470417555409145,-21.976801774233728
nmod->amod,nmod,amod,2096.0,1114.0,0.003035252957054646,0.0031371444663475076,0.00010189150929286158,0.00010189150929286158,3.3569363323093584
acl->aux,acl,aux,746.0,348.0,0.001080295184142541,0.000980005632216277,-0.00010028955192626396,0.00010028955192626396,-9.283532260292953
relcl->dobj,relcl,dobj,656.0,302.0,0.0009499646659484007,0.0008504646578428611,-9.950000810553955e-05,9.950000810553955e-05,-10.47407463373423
nsubj->conj,nsubj,conj,346.0,143.0,0.0005010484366130284,0.00040270346381301043,-9.8344972800018e-05,9.8344972800018e-05,-19.627837473120817
ROOT->acomp,ROOT,acomp,509.0,296.0,0.0007370914862313048,0.0008335680090115461,9.647652278024126e-05,9.647652278024126e-05,13.08881252631457
ROOT->pcomp,ROOT,pcomp,247.0,93.0,0.000357684866599474,0.0002618980568853844,-9.578680971408961e-05,9.578680971408961e-05,-26.779665190965186
nmod->nmod,nmod,nmod,434.0,256.0,0.0006284827210695212,0.0007209236834694453,9.244096239992403e-05,9.244096239992403e-05,14.708592503961368
advcl->prep,advcl,prep,368.0,221.0,0.0005329070077271516,0.000622359898620107,8.945289089295539e-05,8.945289089295539e-05,16.78583497606308
npadvmod->amod,npadvmod,amod,496.0,224.0,0.0007182659669365956,0.0006308082230357646,-8.7457743900831e-05,8.7457743900831e-05,-12.176233864154568
conj->det,conj,det,663.0,310.0,0.0009601014840301672,0.0008729935229512813,-8.710796107888586e-05,8.710796107888586e-05,-9.072786838453514
attr->amod,attr,amod,202.0,134.0,0.0002925196075024039,0.0003773584905660377,8.483888306363383e-05,8.483888306363383e-05,29.00280216700914
prep->amod,prep,amod,148.0,106.0,0.00021432129658591968,0.00029850746268656717,8.418616610064749e-05,8.418616610064749e-05,39.280354981847516
ROOT->neg,ROOT,neg,144.0,103.0,0.00020852882911062454,0.0002900591382709096,8.153030916028506e-05,8.153030916028506e-05,39.097859757814696
compound->advmod,compound,advmod,104.0,25.0,0.00015060415435767327,7.0402703463813e-05,-8.020145089386027e-05,8.020145089386027e-05,-53.25314645928558
conj->nmod,conj,nmod,132.0,96.0,0.00019115142668473916,0.000270346381301042,7.919495461630282e-05,7.919495461630282e-05,41.430480530452385
dobj->prep,dobj,prep,11825.0,6053.0,0.017123981973841216,0.017045902562658408,-7.807941118280828e-05,7.807941118280828e-05,-0.4559652731594979
ccomp->dobj,ccomp,dobj,174.0,117.0,0.000251972335175338,0.00032948465221064487,7.751231703530687e-05,7.751231703530687e-05,30.762233076646684
pcomp->dobj,pcomp,dobj,4042.0,2051.0,0.005853288383785725,0.005775837792171219,-7.745059161450626e-05,7.745059161450626e-05,-1.323197945091057
ROOT->attr,ROOT,attr,357.0,211.0,0.0005169777221700901,0.0005941988172345818,7.722109506449169e-05,7.722109506449169e-05,14.937025669180633
nmod->compound,nmod,compound,733.0,404.0,0.001061469664847832,0.0011377076879752182,7.623802312738625e-05,7.623802312738625e-05,7.182308232832582
advcl->nsubj,advcl,nsubj,124.0,89.0,0.0001795664917341489,0.0002506336243311743,7.106713259702542e-05,7.106713259702542e-05,39.577056894468626
nmod->nummod,nmod,nummod,292.0,175.0,0.0004228501256965442,0.0004928189242466911,6.996879855014691e-05,6.996879855014691e-05,16.546949923425018
acl->cc,acl,cc,161.0,58.0,0.00023314681588062884,0.00016333427203604617,-6.981254384458266e-05,6.981254384458266e-05,-29.943597376996426
conj->prep,conj,prep,2905.0,1518.0,0.004206779503933085,0.004274852154322726,6.807265038964033e-05,6.807265038964033e-05,1.6181654000642656
dobj->det,dobj,det,4298.0,2186.0,0.006224006302204613,0.00615601239087581,-6.799391132880292e-05,6.799391132880292e-05,-1.0924460552798398
advcl->dobj,advcl,dobj,1435.0,714.0,0.0020780477067621267,0.0020107012109264995,-6.734649583562714e-05,6.734649583562714e-05,-3.240854173678327
relcl->aux,relcl,aux,653.0,312.0,0.0009456203153419293,0.0008786257392283864,-6.699457611354296e-05,6.699457611354296e-05,-7.084722591785501
advcl->advmod,advcl,advmod,244.0,149.0,0.0003533405159930027,0.0004196001126443255,6.62595966513228e-05,6.62595966513228e-05,18.75233483064109
pobj->nummod,pobj,nummod,664.0,318.0,0.000961549600898991,0.0008955223880597015,-6.602721283928946e-05,6.602721283928946e-05,-6.86675058442726
ROOT->auxpass,ROOT,auxpass,95.0,72.0,0.00013757110253825926,0.00020275978597578148,6.518868343752222e-05,6.518868343752222e-05,47.38544813173457
appos->acl,appos,acl,694.0,334.0,0.0010049931069637044,0.0009405801182765418,-6.441298868716265e-05,6.441298868716265e-05,-6.409296565403104
attr->compound,attr,compound,94.0,71.0,0.00013612298566943547,0.00019994367783722895,6.382069216779348e-05,6.382069216779348e-05,46.88458150835545
amod->nsubj,amod,nsubj,177.0,69.0,0.00025631668578180935,0.0001943114615601239,-6.200522422168545e-05,6.200522422168545e-05,-24.190865308888885
pobj->advmod,pobj,advmod,79.0,62.0,0.00011440123263707874,0.00017459870459025627,6.019747195317753e-05,6.019747195317753e-05,52.6196008255831
acl->xcomp,acl,xcomp,173.0,68.0,0.0002505242183065142,0.00019149535342157138,-5.902886488494283e-05,5.902886488494283e-05,-23.562139135275746
csubj->dobj,csubj,dobj,391.0,222.0,0.0005662136957100986,0.0006251760067586596,5.896231104856101e-05,5.896231104856101e-05,10.413437805423506
nsubj->appos,nsubj,appos,216.0,132.0,0.00031279324366593683,0.00037172627428893267,5.893303062299584e-05,5.893303062299584e-05,18.84088989017177
advmod->prep,advmod,prep,118.0,81.0,0.00017087779052120622,0.00022810475922275416,5.722696870154794e-05,5.722696870154794e-05,33.48999804304351
conj->npadvmod,conj,npadvmod,191.0,118.0,0.0002765903219453423,0.0003323007603491974,5.5710438403855096e-05,5.5710438403855096e-05,20.141861078879028
ROOT->nsubjpass,ROOT,nsubjpass,86.0,64.0,0.0001245380507188452,0.00018023092086736132,5.56928701485161e-05,5.56928701485161e-05,44.71956147302104
dep->compound,dep,compound,266.0,156.0,0.0003851990871071259,0.0004393128696141932,5.411378250706728e-05,5.411378250706728e-05,14.0482634352708
acomp->prep,acomp,prep,154.0,98.0,0.00022300999779886237,0.000275978597578147,5.296859977928461e-05,5.296859977928461e-05,23.75167046414581
nsubjpass->amod,nsubjpass,amod,53.0,46.0,7.675019404766042e-05,0.00012954097437341595,5.2790780325755524e-05,5.2790780325755524e-05,68.78260176511533
pcomp->conj,pcomp,conj,172.0,70.0,0.0002490761014376904,0.00019712756969867643,-5.1948531739014e-05,5.1948531739014e-05,-20.856489819441624
pobj->npadvmod,pobj,npadvmod,50.0,44.0,7.240584344118908e-05,0.0001239087580963109,5.150291465512182e-05,5.150291465512182e-05,71.13088144184736
pobj->poss,pobj,poss,551.0,301.0,0.0007979123947219036,0.0008476485497043087,4.973615498240504e-05,4.973615498240504e-05,6.23328517158072
prep->prep,prep,prep,268.0,155.0,0.00038809532084477347,0.00043649676147564066,4.840144063086719e-05,4.840144063086719e-05,12.471534190495
pcomp->cc,pcomp,cc,161.0,66.0,0.00023314681588062884,0.00018586313714446634,-4.72836787361625e-05,4.72836787361625e-05,-20.2806452910649
dep->cc,dep,cc,51.0,43.0,7.385396031001286e-05,0.00012109264995775838,4.723868964774551e-05,4.723868964774551e-05,63.962297281627364
acl->conj,acl,conj,147.0,59.0,0.0002128731797170959,0.0001661503801745987,-4.6722799542497196e-05,4.6722799542497196e-05,-21.948654877326888
advmod->advmod,advmod,advmod,131.0,51.0,0.00018970330981591538,0.00014362151506617854,-4.608179474973684e-05,4.608179474973684e-05,-24.291508036656698
relcl->nsubj,relcl,nsubj,255.0,115.0,0.0003692698015500643,0.0003238524359335398,-4.5417365616524485e-05,4.5417365616524485e-05,-12.299236337734202
ROOT->prt,ROOT,prt,93.0,32.0,0.00013467486880061169,9.011546043368066e-05,-4.455940836693103e-05,4.455940836693103e-05,-33.0866543726892
ROOT->meta,ROOT,meta,112.0,42.0,0.00016218908930826353,0.00011827654181920585,-4.391254748905768e-05,4.391254748905768e-05,-27.0749084764855
ROOT->relcl,ROOT,relcl,514.0,249.0,0.0007443320705754238,0.0007012109264995775,-4.312114407584622e-05,4.312114407584622e-05,-5.793266981296451
ccomp->amod,ccomp,amod,37.0,34.0,5.358032414647992e-05,9.574767671078569e-05,4.216735256430577e-05,4.216735256430577e-05,78.69932337293643
pobj->relcl,pobj,relcl,96.0,35.0,0.00013901921940708304,9.856378484933821e-05,-4.045543455774483e-05,4.045543455774483e-05,-29.100605463249796
conj->aux,conj,aux,88.0,59.0,0.00012743428445649278,0.0001661503801745987,3.871609571810591e-05,3.871609571810591e-05,30.381224239010766
nsubj->acl,nsubj,acl,268.0,125.0,0.00038809532084477347,0.00035201351731906506,-3.608180352570841e-05,3.608180352570841e-05,-9.297149846374998
ROOT->npadvmod,ROOT,npadvmod,575.0,283.0,0.0008326671995736744,0.0007969586032103632,-3.570859636331113e-05,3.570859636331113e-05,-4.288459588848213
dep->conj,dep,conj,75.0,51.0,0.00010860876516178361,0.00014362151506617854,3.5012749904394925e-05,3.5012749904394925e-05,32.23749929597297
csubj->prep,csubj,prep,116.0,72.0,0.00016798155678355865,0.00020275978597578148,3.477822919222283e-05,3.477822919222283e-05,20.7035997630585
pcomp->xcomp,pcomp,xcomp,86.0,32.0,0.0001245380507188452,9.011546043368066e-05,-3.4422590285164556e-05,3.4422590285164556e-05,-27.640219263489485
npadvmod->compound,npadvmod,compound,352.0,193.0,0.0005097371378259711,0.0005435088707406364,3.3771732914665304e-05,3.3771732914665304e-05,6.625323212411351
npadvmod->nmod,npadvmod,nmod,43.0,34.0,6.22690253594226e-05,9.574767671078569e-05,3.3478651351363084e-05,3.3478651351363084e-05,53.76453406508484
attr->relcl,attr,relcl,18.0,21.0,2.6066103638828067e-05,5.9138270909602926e-05,3.307216727077486e-05,3.307216727077486e-05,126.87806251760067
poss->det,poss,det,102.0,64.0,0.00014770792062002573,0.00018023092086736132,3.2523000247335586e-05,3.2523000247335586e-05,22.018453790978512
dobj->cc,dobj,cc,1603.0,813.0,0.0023213313407245218,0.002289495916643199,-3.18354240813226e-05,3.18354240813226e-05,-1.3714295552218019
ccomp->aux,ccomp,aux,53.0,16.0,7.675019404766042e-05,4.505773021684033e-05,-3.1692463830820094e-05,3.1692463830820094e-05,-41.293008081699014
ccomp->nsubj,ccomp,nsubj,333.0,160.0,0.00048222291731831926,0.0004505773021684033,-3.164561514991599e-05,3.164561514991599e-05,-6.562445295196633
acomp->advmod,acomp,advmod,163.0,95.0,0.00023604304961827638,0.00026753027316248946,3.148722354421308e-05,3.148722354421308e-05,13.339610547793516
appos->advmod,appos,advmod,41.0,32.0,5.937279162177504e-05,9.011546043368066e-05,3.0742668811905616e-05,3.0742668811905616e-05,51.77905227658304
nummod->nmod,nummod,nmod,14.0,18.0,2.027363616353294e-05,5.068994649394537e-05,3.0416310330412428e-05,3.0416310330412428e-05,150.0288852234783
prep->neg,prep,neg,7.0,14.0,1.013681808176647e-05,3.942551393973529e-05,2.9288695857968816e-05,2.9288695857968816e-05,288.93382145874403
ROOT->nummod,ROOT,nummod,222.0,104.0,0.0003214819448788795,0.0002928752464094621,-2.860669846941737e-05,2.860669846941737e-05,-8.898384162816713
acl->nsubj,acl,nsubj,72.0,47.0,0.00010426441455531227,0.00013235708251196847,2.80926679566562e-05,2.80926679566562e-05,26.943677837228964
attr->prep,attr,prep,111.0,67.0,0.00016074097243943975,0.00018867924528301886,2.7938272843579113e-05,2.7938272843579113e-05,17.38092809790923
oprd->amod,oprd,amod,6.0,13.0,8.68870121294269e-06,3.6609405801182765e-05,2.7920704588240075e-05,2.7920704588240075e-05,321.34497324697264
nmod->dobj,nmod,dobj,34.0,27.0,4.923597354000857e-05,7.603491974091805e-05,2.6798946200909484e-05,2.6798946200909484e-05,54.4296055792072
dep->det,dep,det,73.0,47.0,0.00010571253142413605,0.00013235708251196847,2.6644551087832416e-05,2.6644551087832416e-05,25.204723346308015
relcl->advmod,relcl,advmod,81.0,51.0,0.00011729746637472631,0.00014362151506617854,2.6324048691452225e-05,2.6324048691452225e-05,22.442128977752734
acl->pobj,acl,pobj,22.0,2.0,3.1858571114123196e-05,5.632216277105041e-06,-2.6226354837018156e-05,2.6226354837018156e-05,-82.32118993369345
pcomp->npadvmod,pcomp,npadvmod,21.0,20.0,3.0410454245299414e-05,5.632216277105041e-05,2.5911708525750995e-05,2.5911708525750995e-05,85.20658164702095
nsubj->relcl,nsubj,relcl,43.0,13.0,6.22690253594226e-05,3.6609405801182765e-05,-2.565961955823984e-05,2.565961955823984e-05,-41.207678151585206
pcomp->advcl,pcomp,advcl,76.0,30.0,0.0001100568820306074,8.448324415657561e-05,-2.5573637874031787e-05,2.5573637874031787e-05,-23.236745764721576
amod->preconj,amod,preconj,39.0,29.0,5.647655788412748e-05,8.166713601802309e-05,2.519057813389561e-05,2.519057813389561e-05,44.60360028594329
nmod->appos,nmod,appos,84.0,52.0,0.00012164181698119766,0.00014643762320473106,2.4795806223533405e-05,2.4795806223533405e-05,20.38427807056362
prep->conj,prep,conj,126.0,56.0,0.00018246272547179648,0.00015770205575894115,-2.4760669712855322e-05,2.4760669712855322e-05,-13.57026189805688
acomp->conj,acomp,conj,18.0,18.0,2.6066103638828067e-05,5.068994649394537e-05,2.4623842855117302e-05,2.4623842855117302e-05,94.46691072937203
npadvmod->nummod,npadvmod,nummod,57.0,38.0,8.254266152295555e-05,0.00010701210926499577,2.446944774204022e-05,2.446944774204022e-05,29.644607152914663
pcomp->compound,pcomp,compound,46.0,15.0,6.661337596589395e-05,4.2241622078287805e-05,-2.4371753887606145e-05,2.4371753887606145e-05,-36.58687693607435
compound->aux,compound,aux,44.0,14.0,6.371714222824639e-05,3.942551393973529e-05,-2.4291628288511104e-05,2.4291628288511104e-05,-38.12416476792709
nmod->prt,nmod,prt,77.0,31.0,0.00011150499889943118,8.729935229512813e-05,-2.420564660430305e-05,2.420564660430305e-05,-21.70812684921387
nsubj->poss,nsubj,poss,67.0,43.0,9.702383021119337e-05,0.00012109264995775838,2.406881974656501e-05,2.406881974656501e-05,24.807121811388
compound->nmod,compound,nmod,464.0,247.0,0.0006719262271342346,0.0006955787102224725,2.3652483088237907e-05,2.3652483088237907e-05,3.5201011856786346
prep->cc,prep,cc,133.0,60.0,0.00019259954355356295,0.00016896648831315122,-2.3633055240411728e-05,2.3633055240411728e-05,-12.270566588253233
pcomp->nsubj,pcomp,nsubj,86.0,36.0,0.0001245380507188452,0.00010137989298789074,-2.3158157730954475e-05,2.3158157730954475e-05,-18.59524667142567
relcl->prep,relcl,prep,253.0,122.0,0.00036637356781241674,0.0003435651929034075,-2.280837490900925e-05,2.280837490900925e-05,-6.22544225698267
amod->compound,amod,compound,533.0,266.0,0.0007718462910830756,0.0007490847648549704,-2.2761526228105193e-05,2.2761526228105193e-05,-2.9489713808387426
nsubj->nmod,nsubj,nmod,247.0,119.0,0.000357684866599474,0.0003351168684877499,-2.2567998111724106e-05,2.2567998111724106e-05,-6.309464061557614
conj->advcl,conj,advcl,33.0,9.0,4.778785667118479e-05,2.5344973246972685e-05,-2.2442883424212106e-05,2.2442883424212106e-05,-46.96356980108036
amod->nmod,amod,nmod,101.0,44.0,0.00014625980375120194,0.0001239087580963109,-2.2351045654891045e-05,2.2351045654891045e-05,-15.281741860471602
dobj->npadvmod,dobj,npadvmod,8.0,12.0,1.1584934950590253e-05,3.379329766263025e-05,2.2208362712039997e-05,2.2208362712039997e-05,191.70036609405804
attr->nmod,attr,nmod,10.0,13.0,1.4481168688237816e-05,3.6609405801182765e-05,2.212823711294495e-05,2.212823711294495e-05,152.80698394818359
conj->poss,conj,poss,580.0,306.0,0.0008399077839177933,0.0008617290903970712,2.182130647927793e-05,2.182130647927793e-05,2.5980597985997127
oprd->compound,oprd,compound,17.0,1.0,2.4617986770004285e-05,2.8161081385525205e-06,-2.1801878631451765e-05,2.1801878631451765e-05,-88.56076995709577
pobj->dobj,pobj,dobj,61.0,39.0,8.833512899825068e-05,0.0001098282174035483,2.1493088405297615e-05,2.1493088405297615e-05,24.3313035810739
nummod->prep,nummod,prep,30.0,23.0,4.344350606471345e-05,6.477048718670797e-05,2.1326981121994526e-05,2.1326981121994526e-05,49.09129822585188
ROOT->csubj,ROOT,csubj,456.0,242.0,0.0006603412921836444,0.0006814981695297099,2.115687734606552e-05,2.115687734606552e-05,3.203930694096543
ROOT->oprd,ROOT,oprd,40.0,28.0,5.792467475295126e-05,7.885102787947058e-05,2.0926353126519314e-05,2.0926353126519314e-05,36.126837510560414
xcomp->advcl,xcomp,advcl,30.0,8.0,4.344350606471345e-05,2.2528865108420164e-05,-2.0914640956293283e-05,2.0914640956293283e-05,-48.14215713883413
dep->amod,dep,amod,322.0,173.0,0.0004662936317612577,0.000487186707969586,2.089307620832835e-05,2.089307620832835e-05,4.480669429134646
cc->advmod,cc,advmod,20.0,3.0,2.896233737647563e-05,8.448324415657562e-06,-2.0514012960818068e-05,2.0514012960818068e-05,-70.82996339059419
npadvmod->appos,npadvmod,appos,21.0,18.0,3.0410454245299414e-05,5.068994649394537e-05,2.0279492248645955e-05,2.0279492248645955e-05,66.68592348231886
dobj->advmod,dobj,advmod,58.0,37.0,8.399077839177932e-05,0.00010419600112644326,2.0205222734663938e-05,2.0205222734663938e-05,24.056477534254576
advcl->acomp,advcl,acomp,41.0,28.0,5.937279162177504e-05,7.885102787947058e-05,1.9478236257695535e-05,1.9478236257695535e-05,32.80667074201017
acomp->amod,acomp,amod,10.0,12.0,1.4481168688237816e-05,3.379329766263025e-05,1.9312128974392432e-05,1.9312128974392432e-05,133.36029287524642
ccomp->compound,ccomp,compound,47.0,31.0,6.806149283471774e-05,8.729935229512813e-05,1.92378594604104e-05,1.92378594604104e-05,28.265409204479408
xcomp->xcomp,xcomp,xcomp,21.0,4.0,3.0410454245299414e-05,1.1264432554210082e-05,-1.914602169108933e-05,1.914602169108933e-05,-62.9586836705958
ccomp->advmod,ccomp,advmod,85.0,37.0,0.00012308993385002143,0.00010419600112644326,-1.8893932723578166e-05,1.8893932723578166e-05,-15.349697682508646
amod->prt,amod,prt,83.0,36.0,0.00012019370011237387,0.00010137989298789074,-1.881380712448313e-05,1.881380712448313e-05,-15.65290618966997
dep->dobj,dep,dobj,100.0,58.0,0.00014481168688237816,0.00016333427203604617,1.8522585153668016e-05,1.8522585153668016e-05,12.790808223035755
dobj->poss,dobj,poss,250.0,122.0,0.0003620292172059454,0.0003435651929034075,-1.8464024302537892e-05,1.8464024302537892e-05,-5.100147564066459
conj->advmod,conj,advmod,281.0,138.0,0.00040692084013948263,0.0003886229231202478,-1.8297917019234817e-05,1.8297917019234817e-05,-4.496677293048626
acl->oprd,acl,oprd,26.0,7.0,3.765103858941832e-05,1.9712756969867644e-05,-1.7938281619550674e-05,1.7938281619550674e-05,-47.64352403439984
dobj->nsubj,dobj,nsubj,20.0,4.0,2.896233737647563e-05,1.1264432554210082e-05,-1.769790482226555e-05,1.769790482226555e-05,-61.1066178541256
acl->advcl,acl,advcl,88.0,39.0,0.00012743428445649278,0.0001098282174035483,-1.760606705294449e-05,1.760606705294449e-05,-13.815800926755594
relcl->neg,relcl,neg,14.0,1.0,2.027363616353294e-05,2.8161081385525205e-06,-1.745752802498042e-05,1.745752802498042e-05,-86.10950637647343
nsubjpass->compound,nsubjpass,compound,27.0,20.0,3.9099155458242104e-05,5.632216277105041e-05,1.7223007312808305e-05,1.7223007312808305e-05,44.04956350323852
nummod->quantmod,nummod,quantmod,41.0,15.0,5.937279162177504e-05,4.2241622078287805e-05,-1.7131169543487237e-05,1.7131169543487237e-05,-28.853569245351704
npadvmod->det,npadvmod,det,144.0,80.0,0.00020852882911062454,0.00022528865108420164,1.67598219735771e-05,1.67598219735771e-05,8.037172627428898
nmod->advmod,nmod,advmod,60.0,25.0,8.68870121294269e-05,7.0402703463813e-05,-1.6484308665613888e-05,1.6484308665613888e-05,-18.972120529428334
ROOT->intj,ROOT,intj,21.0,5.0,3.0410454245299414e-05,1.4080540692762602e-05,-1.6329913552536813e-05,1.6329913552536813e-05,-53.69835458824477
pcomp->ccomp,pcomp,ccomp,21.0,5.0,3.0410454245299414e-05,1.4080540692762602e-05,-1.6329913552536813e-05,1.6329913552536813e-05,-53.69835458824477
ROOT->dative,ROOT,dative,21.0,5.0,3.0410454245299414e-05,1.4080540692762602e-05,-1.6329913552536813e-05,1.6329913552536813e-05,-53.69835458824477
advcl->conj,advcl,conj,51.0,32.0,7.385396031001286e-05,9.011546043368066e-05,1.6261500123667793e-05,1.6261500123667793e-05,22.018453790978512
acomp->cc,acomp,cc,16.0,14.0,2.3169869901180506e-05,3.942551393973529e-05,1.6255644038554783e-05,1.6255644038554783e-05,70.1585468882005
prep->dobj,prep,dobj,19.0,4.0,2.751422050765185e-05,1.1264432554210082e-05,-1.6249787953441765e-05,1.6249787953441765e-05,-59.05959774118483
pcomp->prt,pcomp,prt,19.0,4.0,2.751422050765185e-05,1.1264432554210082e-05,-1.6249787953441765e-05,1.6249787953441765e-05,-59.05959774118483
ROOT->poss,ROOT,poss,125.0,70.0,0.0001810146086029727,0.00019712756969867643,1.611296109570374e-05,1.611296109570374e-05,8.901470008448328
conj->appos,conj,appos,67.0,40.0,9.702383021119337e-05,0.00011264432554210082,1.562049533090745e-05,1.562049533090745e-05,16.099648196640004
amod->dobj,amod,dobj,106.0,60.0,0.00015350038809532084,0.00016896648831315122,1.5466100217830376e-05,1.5466100217830376e-05,10.075609846814341
amod->auxpass,amod,auxpass,1.0,6.0,1.4481168688237816e-06,1.6896648831315124e-05,1.5448531962491342e-05,1.5448531962491342e-05,1066.8014643762322
appos->appos,appos,appos,232.0,114.0,0.0003359631135671173,0.0003210363277949873,-1.4926785772129993e-05,1.4926785772129993e-05,-4.442983520912031
conj->acomp,conj,acomp,20.0,5.0,2.896233737647563e-05,1.4080540692762602e-05,-1.488179668371303e-05,1.488179668371303e-05,-51.383272317657
dep->nmod,dep,nmod,17.0,14.0,2.4617986770004285e-05,3.942551393973529e-05,1.4807527169731004e-05,1.4807527169731004e-05,60.14922060065932
nummod->cc,nummod,cc,18.0,4.0,2.6066103638828067e-05,1.1264432554210082e-05,-1.4801671084617985e-05,1.4801671084617985e-05,-56.785130949028435
poss->amod,poss,amod,91.0,52.0,0.00013177863506296411,0.00014643762320473106,1.4658988141766946e-05,1.4658988141766946e-05,11.12394898821258
conj->ccomp,conj,ccomp,12.0,1.0,1.737740242588538e-05,2.8161081385525205e-06,-1.456129428733286e-05,1.456129428733286e-05,-83.79442410588567
advcl->mark,advcl,mark,95.0,54.0,0.00013757110253825926,0.0001520698394818361,1.449873694357685e-05,1.449873694357685e-05,10.539086098800928
appos->poss,appos,poss,25.0,18.0,3.620292172059454e-05,5.068994649394537e-05,1.448702477335083e-05,1.448702477335083e-05,40.016175725147846
attr->poss,attr,poss,10.0,0.0,1.4481168688237816e-05,0.0,-1.4481168688237816e-05,1.4481168688237816e-05,-100.0
relcl->attr,relcl,attr,10.0,0.0,1.4481168688237816e-05,0.0,-1.4481168688237816e-05,1.4481168688237816e-05,-100.0
ccomp->acomp,ccomp,acomp,29.0,20.0,4.199538919588966e-05,5.632216277105041e-05,1.4326773575160748e-05,1.4326773575160748e-05,34.11511084784278
appos->nsubj,appos,nsubj,66.0,39.0,9.557571334236958e-05,0.0001098282174035483,1.4252504061178714e-05,1.4252504061178714e-05,14.912265430992552
compound->npadvmod,compound,npadvmod,113.0,63.0,0.00016363720617708732,0.0001774148127288088,1.3777606551721474e-05,1.3777606551721474e-05,8.41960509690652
dobj->relcl,dobj,relcl,78.0,45.0,0.00011295311576825496,0.00012672486623486342,1.3771750466608467e-05,1.3771750466608467e-05,12.19244849771463
xcomp->cc,xcomp,cc,43.0,27.0,6.22690253594226e-05,7.603491974091805e-05,1.3765894381495447e-05,1.3765894381495447e-05,22.1071299928615
ccomp->cc,ccomp,cc,25.0,8.0,3.620292172059454e-05,2.2528865108420164e-05,-1.3674056612174375e-05,1.3674056612174375e-05,-37.770588566600956
dobj->dobj,dobj,dobj,21.0,6.0,3.0410454245299414e-05,1.6896648831315124e-05,-1.351380541398429e-05,1.351380541398429e-05,-44.43802550589371
appos->xcomp,appos,xcomp,19.0,5.0,2.751422050765185e-05,1.4080540692762602e-05,-1.3433679814889247e-05,1.3433679814889247e-05,-48.824497176481046
compound->appos,compound,appos,18.0,14.0,2.6066103638828067e-05,3.942551393973529e-05,1.3359410300907221e-05,1.3359410300907221e-05,51.25204167840047
attr->appos,attr,appos,17.0,4.0,2.4617986770004285e-05,1.1264432554210082e-05,-1.3353554215794203e-05,1.3353554215794203e-05,-54.24307982838305
advmod->cc,advmod,cc,81.0,37.0,0.00011729746637472631,0.00010419600112644326,-1.310146524828305e-05,1.310146524828305e-05,-11.169435839669577
appos->prt,appos,prt,1.0,5.0,1.4481168688237816e-06,1.4080540692762602e-05,1.263242382393882e-05,1.263242382393882e-05,872.3345536468601
dobj->prt,dobj,prt,3.0,6.0,4.344350606471345e-06,1.6896648831315124e-05,1.2552298224843779e-05,1.2552298224843779e-05,288.93382145874403
acomp->compound,acomp,compound,5.0,7.0,7.240584344118908e-06,1.9712756969867644e-05,1.2472172625748736e-05,1.2472172625748736e-05,172.2536750211208
conj->neg,conj,neg,46.0,28.0,6.661337596589395e-05,7.885102787947058e-05,1.2237651913576627e-05,1.2237651913576627e-05,18.371163052661235
ccomp->conj,ccomp,conj,24.0,8.0,3.475480485177076e-05,2.2528865108420164e-05,-1.2225939743350596e-05,1.2225939743350596e-05,-35.17769642354266
dobj->conj,dobj,conj,1640.0,839.0,0.002374911664871002,0.0023627147282455647,-1.2196936625437273e-05,1.2196936625437273e-05,-0.5135743280834731
nmod->acl,nmod,acl,22.0,7.0,3.1858571114123196e-05,1.9712756969867644e-05,-1.2145814144255552e-05,1.2145814144255552e-05,-38.12416476792709
advcl->aux,advcl,aux,372.0,187.0,0.0005386994752024467,0.0005266122219093213,-1.2087253293125442e-05,1.2087253293125442e-05,-2.2437841226006343
relcl->xcomp,relcl,xcomp,15.0,12.0,2.1721753032356724e-05,3.379329766263025e-05,1.2071544630273525e-05,1.2071544630273525e-05,55.57352858349761
nmod->nsubj,nmod,nsubj,16.0,4.0,2.3169869901180506e-05,1.1264432554210082e-05,-1.1905437346970424e-05,1.1905437346970424e-05,-51.383272317657
dep->acl,dep,acl,21.0,15.0,3.0410454245299414e-05,4.2241622078287805e-05,1.1831167832988391e-05,1.1831167832988391e-05,38.90493623526571
ROOT->agent,ROOT,agent,23.0,16.0,3.3306687982946975e-05,4.505773021684033e-05,1.1751042233893354e-05,1.1751042233893354e-05,35.28132920304141
xcomp->acomp,xcomp,acomp,12.0,2.0,1.737740242588538e-05,5.632216277105041e-06,-1.174518614878034e-05,1.174518614878034e-05,-67.58884821177134
csubj->ccomp,csubj,ccomp,8.0,0.0,1.1584934950590253e-05,0.0,-1.1584934950590253e-05,1.1584934950590253e-05,-100.0
appos->relcl,appos,relcl,146.0,71.0,0.0002114250628482721,0.00019994367783722895,-1.1481385011043155e-05,1.1481385011043155e-05,-5.430474919277995
advmod->amod,advmod,amod,39.0,16.0,5.647655788412748e-05,4.505773021684033e-05,-1.1418827667287149e-05,1.1418827667287149e-05,-20.21870329051404
nummod->compound,nummod,compound,37.0,23.0,5.358032414647992e-05,6.477048718670797e-05,1.1190163040228053e-05,1.1190163040228053e-05,20.884836399339356
pobj->neg,pobj,neg,2.0,5.0,2.8962337376475632e-06,1.4080540692762602e-05,1.118430695511504e-05,1.118430695511504e-05,386.16727682343003
prep->advcl,prep,advcl,6.0,7.0,8.68870121294269e-06,1.9712756969867644e-05,1.1024055756924954e-05,1.1024055756924954e-05,126.87806251760068
acomp->nsubj,acomp,nsubj,8.0,8.0,1.1584934950590253e-05,2.2528865108420164e-05,1.0943930157829911e-05,1.0943930157829911e-05,94.466910729372
npadvmod->advmod,npadvmod,advmod,10.0,9.0,1.4481168688237816e-05,2.5344973246972685e-05,1.0863804558734869e-05,1.0863804558734869e-05,75.0202196564348
ROOT->parataxis,ROOT,parataxis,10.0,9.0,1.4481168688237816e-05,2.5344973246972685e-05,1.0863804558734869e-05,1.0863804558734869e-05,75.0202196564348
oprd->prep,oprd,prep,12.0,10.0,1.737740242588538e-05,2.8161081385525205e-05,1.0783678959639824e-05,1.0783678959639824e-05,62.05575894114333
ROOT->expl,ROOT,expl,23.0,8.0,3.3306687982946975e-05,2.2528865108420164e-05,-1.077782287452681e-05,1.077782287452681e-05,-32.359335398479296
acl->compound,acl,compound,21.0,7.0,3.0410454245299414e-05,1.9712756969867644e-05,-1.069769727543177e-05,1.069769727543177e-05,-35.17769642354266
amod->neg,amod,neg,19.0,6.0,2.751422050765185e-05,1.6896648831315124e-05,-1.0617571676336725e-05,1.0617571676336725e-05,-38.589396611777254
ccomp->prep,ccomp,prep,162.0,87.0,0.00023459493274945262,0.0002450014080540693,1.040647530461665e-05,1.040647530461665e-05,4.435933539847924
advmod->compound,advmod,compound,13.0,3.0,1.882551929470916e-05,8.448324415657562e-06,-1.0377194879051597e-05,1.0377194879051597e-05,-55.123020600914145
preconj->compound,preconj,compound,9.0,1.0,1.3033051819414034e-05,2.8161081385525205e-06,-1.0216943680861513e-05,1.0216943680861513e-05,-78.39256547451421
advmod->neg,advmod,neg,9.0,1.0,1.3033051819414034e-05,2.8161081385525205e-06,-1.0216943680861513e-05,1.0216943680861513e-05,-78.39256547451421
conj->quantmod,conj,quantmod,7.0,0.0,1.013681808176647e-05,0.0,-1.013681808176647e-05,1.013681808176647e-05,-100.0
amod->nummod,amod,nummod,32.0,20.0,4.633973980236101e-05,5.632216277105041e-05,9.982422968689397e-06,9.982422968689397e-06,21.5418192058575
relcl->conj,relcl,conj,38.0,16.0,5.50284410153037e-05,4.505773021684033e-05,-9.97071079846337e-06,9.97071079846337e-06,-18.119195482369676
appos->nummod,appos,nummod,104.0,50.0,0.00015060415435767327,0.000140805406927626,-9.79874743004726e-06,9.79874743004726e-06,-6.50629291857115
oprd->advmod,oprd,advmod,3.0,5.0,4.344350606471345e-06,1.4080540692762602e-05,9.736190086291257e-06,9.736190086291257e-06,224.11151788228665
neg->prep,neg,prep,3.0,5.0,4.344350606471345e-06,1.4080540692762602e-05,9.736190086291257e-06,9.736190086291257e-06,224.11151788228665
advmod->xcomp,advmod,xcomp,3.0,5.0,4.344350606471345e-06,1.4080540692762602e-05,9.736190086291257e-06,9.736190086291257e-06,224.11151788228665
advcl->advcl,advcl,advcl,28.0,11.0,4.054727232706588e-05,3.0977189524077725e-05,-9.570082802988158e-06,9.570082802988158e-06,-23.602285070603852
ROOT->mark,ROOT,mark,9.0,8.0,1.3033051819414034e-05,2.2528865108420164e-05,9.495813289006131e-06,9.495813289006131e-06,72.85947620388625
relcl->auxpass,relcl,auxpass,9.0,8.0,1.3033051819414034e-05,2.2528865108420164e-05,9.495813289006131e-06,9.495813289006131e-06,72.85947620388625
advcl->cc,advcl,cc,46.0,27.0,6.661337596589395e-05,7.603491974091805e-05,9.421543775024104e-06,9.421543775024104e-06,14.143621515066185
advcl->amod,advcl,amod,11.0,9.0,1.5929285557061598e-05,2.5344973246972685e-05,9.415687689911086e-06,9.415687689911086e-06,59.10929059675891
appos->dobj,appos,dobj,92.0,44.0,0.0001332267519317879,0.0001239087580963109,-9.317993835477e-06,9.317993835477e-06,-6.994086172909037
preconj->conj,preconj,conj,15.0,11.0,2.1721753032356724e-05,3.0977189524077725e-05,9.255436491721001e-06,9.255436491721001e-06,42.60906786820614
advcl->compound,advcl,compound,15.0,11.0,2.1721753032356724e-05,3.0977189524077725e-05,9.255436491721001e-06,9.255436491721001e-06,42.60906786820614
nsubj->dobj,nsubj,dobj,20.0,7.0,2.896233737647563e-05,1.9712756969867644e-05,-9.249580406607987e-06,9.249580406607987e-06,-31.936581244719793
advcl->neg,advcl,neg,18.0,6.0,2.6066103638828067e-05,1.6896648831315124e-05,-9.169454807512943e-06,9.169454807512943e-06,-35.177696423542656
acomp->npadvmod,acomp,npadvmod,19.0,13.0,2.751422050765185e-05,3.6609405801182765e-05,9.095185293530916e-06,9.095185293530916e-06,33.056307341149264
dep->advmod,dep,advmod,19.0,13.0,2.751422050765185e-05,3.6609405801182765e-05,9.095185293530916e-06,9.095185293530916e-06,33.056307341149264
acl->ccomp,acl,ccomp,16.0,5.0,2.3169869901180506e-05,1.4080540692762602e-05,-9.089329208417904e-06,9.089329208417904e-06,-39.22909039707125
nummod->conj,nummod,conj,14.0,4.0,2.027363616353294e-05,1.1264432554210082e-05,-9.00920360932286e-06,9.00920360932286e-06,-44.43802550589371
nmod->det,nmod,det,95.0,52.0,0.00013757110253825926,0.00014643762320473106,8.866520666471803e-06,8.866520666471803e-06,6.4450458729194064
pobj->preconj,pobj,preconj,10.0,2.0,1.4481168688237816e-05,5.632216277105041e-06,-8.848952411132776e-06,8.848952411132776e-06,-61.1066178541256
nsubjpass->det,nsubjpass,det,27.0,17.0,3.9099155458242104e-05,4.7873838355392846e-05,8.774682897150742e-06,8.774682897150742e-06,22.442128977752734
preconj->amod,preconj,amod,8.0,1.0,1.1584934950590253e-05,2.8161081385525205e-06,-8.768826812037733e-06,8.768826812037733e-06,-75.6916361588285
nmod->preconj,nmod,preconj,8.0,1.0,1.1584934950590253e-05,2.8161081385525205e-06,-8.768826812037733e-06,8.768826812037733e-06,-75.6916361588285
amod->dep,amod,dep,8.0,1.0,1.1584934950590253e-05,2.8161081385525205e-06,-8.768826812037733e-06,8.768826812037733e-06,-75.6916361588285
preconj->dobj,preconj,dobj,6.0,0.0,8.68870121294269e-06,0.0,-8.68870121294269e-06,8.68870121294269e-06,-100.0
preconj->nmod,preconj,nmod,6.0,0.0,8.68870121294269e-06,0.0,-8.68870121294269e-06,8.68870121294269e-06,-100.0
relcl->cc,relcl,cc,41.0,18.0,5.937279162177504e-05,5.068994649394537e-05,-8.682845127829673e-06,8.682845127829673e-06,-14.62428309442204
nsubjpass->dobj,nsubjpass,dobj,0.0,3.0,0.0,8.448324415657562e-06,8.448324415657562e-06,8.448324415657562e-06,
conj->oprd,conj,oprd,0.0,3.0,0.0,8.448324415657562e-06,8.448324415657562e-06,8.448324415657562e-06,
prep->nsubj,prep,nsubj,0.0,3.0,0.0,8.448324415657562e-06,8.448324415657562e-06,8.448324415657562e-06,
pcomp->appos,pcomp,appos,0.0,3.0,0.0,8.448324415657562e-06,8.448324415657562e-06,8.448324415657562e-06,
xcomp->auxpass,xcomp,auxpass,2.0,4.0,2.8962337376475632e-06,1.1264432554210082e-05,8.36819881656252e-06,8.36819881656252e-06,288.93382145874403
ccomp->dep,ccomp,dep,2.0,4.0,2.8962337376475632e-06,1.1264432554210082e-05,8.36819881656252e-06,8.36819881656252e-06,288.93382145874403
amod->pcomp,amod,pcomp,4.0,5.0,5.7924674752951265e-06,1.4080540692762602e-05,8.288073217467475e-06,8.288073217467475e-06,143.083638411715
nmod->dep,nmod,dep,6.0,6.0,8.68870121294269e-06,1.6896648831315124e-05,8.207947618372434e-06,8.207947618372434e-06,94.466910729372
pcomp->amod,pcomp,amod,43.0,25.0,6.22690253594226e-05,7.0402703463813e-05,8.1336781043904e-06,8.1336781043904e-06,13.062157400797673
nsubj->det,nsubj,det,992.0,513.0,0.0014365319338731912,0.001444663475077443,8.13154120425175e-06,8.13154120425175e-06,0.5660536332337152
relcl->nsubjpass,relcl,nsubjpass,8.0,7.0,1.1584934950590253e-05,1.9712756969867644e-05,8.127822019277391e-06,8.127822019277391e-06,70.1585468882005
csubj->aux,csubj,aux,23.0,9.0,3.3306687982946975e-05,2.5344973246972685e-05,-7.96171473597429e-06,7.96171473597429e-06,-23.90425232328921
nummod->amod,nummod,amod,23.0,9.0,3.3306687982946975e-05,2.5344973246972685e-05,-7.96171473597429e-06,7.96171473597429e-06,-23.90425232328921
amod->det,amod,det,49.0,28.0,7.09577265723653e-05,7.885102787947058e-05,7.893301307105284e-06,7.893301307105284e-06,11.123948988212588
preconj->cc,preconj,cc,18.0,12.0,2.6066103638828067e-05,3.379329766263025e-05,7.727194023802181e-06,7.727194023802181e-06,29.64460715291469
xcomp->advmod,xcomp,advmod,52.0,24.0,7.530207717883664e-05,6.75865953252605e-05,-7.71548185357614e-06,7.71548185357614e-06,-10.24604120182829
acomp->xcomp,acomp,xcomp,20.0,13.0,2.896233737647563e-05,3.6609405801182765e-05,7.647068424707133e-06,7.647068424707133e-06,26.403491974091803
prep->advmod,prep,advmod,50.0,23.0,7.240584344118908e-05,6.477048718670797e-05,-7.635356254481106e-06,7.635356254481106e-06,-10.545221064488873
advcl->ccomp,advcl,ccomp,13.0,4.0,1.882551929470916e-05,1.1264432554210082e-05,-7.561086740499077e-06,7.561086740499077e-06,-40.16402746788553
advmod->npadvmod,advmod,npadvmod,24.0,15.0,3.475480485177076e-05,4.2241622078287805e-05,7.486817226517045e-06,7.486817226517045e-06,21.54181920585749
advcl->agent,advcl,agent,11.0,3.0,1.5929285557061598e-05,8.448324415657562e-06,-7.480961141404036e-06,7.480961141404036e-06,-46.96356980108036
advcl->attr,advcl,attr,11.0,3.0,1.5929285557061598e-05,8.448324415657562e-06,-7.480961141404036e-06,7.480961141404036e-06,-46.96356980108036
poss->nmod,poss,nmod,7.0,1.0,1.013681808176647e-05,2.8161081385525205e-06,-7.320709943213951e-06,7.320709943213951e-06,-72.21901275294687
pobj->parataxis,pobj,parataxis,7.0,1.0,1.013681808176647e-05,2.8161081385525205e-06,-7.320709943213951e-06,7.320709943213951e-06,-72.21901275294687
xcomp->npadvmod,xcomp,npadvmod,7.0,1.0,1.013681808176647e-05,2.8161081385525205e-06,-7.320709943213951e-06,7.320709943213951e-06,-72.21901275294687
xcomp->nsubj,xcomp,nsubj,7.0,1.0,1.013681808176647e-05,2.8161081385525205e-06,-7.320709943213951e-06,7.320709943213951e-06,-72.21901275294687
amod->meta,amod,meta,7.0,1.0,1.013681808176647e-05,2.8161081385525205e-06,-7.320709943213951e-06,7.320709943213951e-06,-72.21901275294687
nsubjpass->cc,nsubjpass,cc,5.0,0.0,7.240584344118908e-06,0.0,-7.240584344118908e-06,7.240584344118908e-06,-100.0
nsubjpass->conj,nsubjpass,conj,5.0,0.0,7.240584344118908e-06,0.0,-7.240584344118908e-06,7.240584344118908e-06,-100.0
advmod->det,advmod,det,5.0,0.0,7.240584344118908e-06,0.0,-7.240584344118908e-06,7.240584344118908e-06,-100.0
poss->poss,poss,poss,5.0,0.0,7.240584344118908e-06,0.0,-7.240584344118908e-06,7.240584344118908e-06,-100.0
acomp->dobj,acomp,dobj,1.0,3.0,1.4481168688237816e-06,8.448324415657562e-06,7.000207546833781e-06,7.000207546833781e-06,483.4007321881161
dobj->predet,dobj,predet,1.0,3.0,1.4481168688237816e-06,8.448324415657562e-06,7.000207546833781e-06,7.000207546833781e-06,483.4007321881161
csubj->compound,csubj,compound,1.0,3.0,1.4481168688237816e-06,8.448324415657562e-06,7.000207546833781e-06,7.000207546833781e-06,483.4007321881161
nsubjpass->advmod,nsubjpass,advmod,1.0,3.0,1.4481168688237816e-06,8.448324415657562e-06,7.000207546833781e-06,7.000207546833781e-06,483.4007321881161
npadvmod->predet,npadvmod,predet,1.0,3.0,1.4481168688237816e-06,8.448324415657562e-06,7.000207546833781e-06,7.000207546833781e-06,483.4007321881161
pobj->dep,pobj,dep,1.0,3.0,1.4481168688237816e-06,8.448324415657562e-06,7.000207546833781e-06,7.000207546833781e-06,483.4007321881161
pcomp->advmod,pcomp,advmod,104.0,51.0,0.00015060415435767327,0.00014362151506617854,-6.982639291494737e-06,6.982639291494737e-06,-4.636418776942571
prt->compound,prt,compound,3.0,4.0,4.344350606471345e-06,1.1264432554210082e-05,6.920081947738737e-06,6.920081947738737e-06,159.28921430582932
amod->relcl,amod,relcl,3.0,4.0,4.344350606471345e-06,1.1264432554210082e-05,6.920081947738737e-06,6.920081947738737e-06,159.28921430582932
poss->conj,poss,conj,3.0,4.0,4.344350606471345e-06,1.1264432554210082e-05,6.920081947738737e-06,6.920081947738737e-06,159.28921430582932
nummod->nummod,nummod,nummod,5.0,5.0,7.240584344118908e-06,1.4080540692762602e-05,6.839956348643694e-06,6.839956348643694e-06,94.46691072937202
pobj->xcomp,pobj,xcomp,5.0,5.0,7.240584344118908e-06,1.4080540692762602e-05,6.839956348643694e-06,6.839956348643694e-06,94.46691072937202
relcl->compound,relcl,compound,7.0,6.0,1.013681808176647e-05,1.6896648831315124e-05,6.759830749548653e-06,6.759830749548653e-06,66.68592348231888
dobj->nummod,dobj,nummod,133.0,66.0,0.00019259954355356295,0.00018586313714446634,-6.736406409096614e-06,6.736406409096614e-06,-3.4976232470785598
nsubj->advcl,nsubj,advcl,9.0,7.0,1.3033051819414034e-05,1.9712756969867644e-05,6.679705150453611e-06,6.679705150453611e-06,51.25204167840047
pobj->nsubj,pobj,nsubj,26.0,11.0,3.765103858941832e-05,3.0977189524077725e-05,-6.673849065340594e-06,6.673849065340594e-06,-17.725537768342605
nsubjpass->appos,nsubjpass,appos,11.0,8.0,1.5929285557061598e-05,2.2528865108420164e-05,6.599579551358566e-06,6.599579551358566e-06,41.43048053045237
compound->quantmod,compound,quantmod,13.0,9.0,1.882551929470916e-05,2.5344973246972685e-05,6.519453952263525e-06,6.519453952263525e-06,34.63093819725756
pcomp->pobj,pcomp,pobj,13.0,9.0,1.882551929470916e-05,2.5344973246972685e-05,6.519453952263525e-06,6.519453952263525e-06,34.63093819725756
relcl->acomp,relcl,acomp,20.0,8.0,2.896233737647563e-05,2.2528865108420164e-05,-6.433472268055467e-06,6.433472268055467e-06,-22.213235708251194
advcl->xcomp,advcl,xcomp,54.0,30.0,7.819831091648421e-05,8.448324415657561e-05,6.2849332400914025e-06,6.2849332400914025e-06,8.037172627428884
xcomp->amod,xcomp,amod,12.0,4.0,1.737740242588538e-05,1.1264432554210082e-05,-6.112969871675298e-06,6.112969871675298e-06,-35.17769642354266
compound->conj,compound,conj,10.0,3.0,1.4481168688237816e-05,8.448324415657562e-06,-6.032844272580254e-06,6.032844272580254e-06,-41.65992678118839
conj->relcl,conj,relcl,10.0,3.0,1.4481168688237816e-05,8.448324415657562e-06,-6.032844272580254e-06,6.032844272580254e-06,-41.65992678118839
csubj->prt,csubj,prt,8.0,2.0,1.1584934950590253e-05,5.632216277105041e-06,-5.952718673485212e-06,5.952718673485212e-06,-51.383272317657
ccomp->npadvmod,ccomp,npadvmod,6.0,1.0,8.68870121294269e-06,2.8161081385525205e-06,-5.87259307439017e-06,5.87259307439017e-06,-67.58884821177134
acl->dep,acl,dep,6.0,1.0,8.68870121294269e-06,2.8161081385525205e-06,-5.87259307439017e-06,5.87259307439017e-06,-67.58884821177134
auxpass->nsubj,auxpass,nsubj,6.0,1.0,8.68870121294269e-06,2.8161081385525205e-06,-5.87259307439017e-06,5.87259307439017e-06,-67.58884821177134
pobj->advcl,pobj,advcl,6.0,1.0,8.68870121294269e-06,2.8161081385525205e-06,-5.87259307439017e-06,5.87259307439017e-06,-67.58884821177134
advmod->nsubj,advmod,nsubj,4.0,0.0,5.7924674752951265e-06,0.0,-5.7924674752951265e-06,5.7924674752951265e-06,-100.0
dep->neg,dep,neg,4.0,0.0,5.7924674752951265e-06,0.0,-5.7924674752951265e-06,5.7924674752951265e-06,-100.0
attr->dobj,attr,dobj,4.0,0.0,5.7924674752951265e-06,0.0,-5.7924674752951265e-06,5.7924674752951265e-06,-100.0
attr->det,attr,det,144.0,72.0,0.00020852882911062454,0.00020275978597578148,-5.7690431348430605e-06,5.7690431348430605e-06,-2.76654463531399
meta->appos,meta,appos,0.0,2.0,0.0,5.632216277105041e-06,5.632216277105041e-06,5.632216277105041e-06,
poss->nsubj,poss,nsubj,0.0,2.0,0.0,5.632216277105041e-06,5.632216277105041e-06,5.632216277105041e-06,
preconj->nummod,preconj,nummod,0.0,2.0,0.0,5.632216277105041e-06,5.632216277105041e-06,5.632216277105041e-06,
prt->aux,prt,aux,0.0,2.0,0.0,5.632216277105041e-06,5.632216277105041e-06,5.632216277105041e-06,
acl->csubj,acl,csubj,0.0,2.0,0.0,5.632216277105041e-06,5.632216277105041e-06,5.632216277105041e-06,
dep->dep,dep,dep,0.0,2.0,0.0,5.632216277105041e-06,5.632216277105041e-06,5.632216277105041e-06,
nsubj->prt,nsubj,prt,0.0,2.0,0.0,5.632216277105041e-06,5.632216277105041e-06,5.632216277105041e-06,
pcomp->pcomp,pcomp,pcomp,0.0,2.0,0.0,5.632216277105041e-06,5.632216277105041e-06,5.632216277105041e-06,
intj->prep,intj,prep,0.0,2.0,0.0,5.632216277105041e-06,5.632216277105041e-06,5.632216277105041e-06,
ccomp->nmod,ccomp,nmod,2.0,3.0,2.8962337376475632e-06,8.448324415657562e-06,5.552090678009999e-06,5.552090678009999e-06,191.70036609405804
pcomp->dative,pcomp,dative,2.0,3.0,2.8962337376475632e-06,8.448324415657562e-06,5.552090678009999e-06,5.552090678009999e-06,191.70036609405804
parataxis->dobj,parataxis,dobj,2.0,3.0,2.8962337376475632e-06,8.448324415657562e-06,5.552090678009999e-06,5.552090678009999e-06,191.70036609405804
nmod->case,nmod,case,2.0,3.0,2.8962337376475632e-06,8.448324415657562e-06,5.552090678009999e-06,5.552090678009999e-06,191.70036609405804
csubj->acomp,csubj,acomp,2.0,3.0,2.8962337376475632e-06,8.448324415657562e-06,5.552090678009999e-06,5.552090678009999e-06,191.70036609405804
acl->acl,acl,acl,2.0,3.0,2.8962337376475632e-06,8.448324415657562e-06,5.552090678009999e-06,5.552090678009999e-06,191.70036609405804
dative->pobj,dative,pobj,4.0,4.0,5.7924674752951265e-06,1.1264432554210082e-05,5.471965078914956e-06,5.471965078914956e-06,94.466910729372
dobj->nmod,dobj,nmod,1060.0,547.0,0.0015350038809532084,0.0015404111517882287,5.407270835020234e-06,5.407270835020234e-06,0.35226431034574457
dobj->advcl,dobj,advcl,6.0,5.0,8.68870121294269e-06,1.4080540692762602e-05,5.391839479819912e-06,5.391839479819912e-06,62.05575894114333
attr->advmod,attr,advmod,8.0,6.0,1.1584934950590253e-05,1.6896648831315124e-05,5.311713880724871e-06,5.311713880724871e-06,45.85018304702901
csubj->cc,csubj,cc,10.0,7.0,1.4481168688237816e-05,1.9712756969867644e-05,5.2315882816298285e-06,5.2315882816298285e-06,36.126837510560414
amod->pobj,amod,pobj,10.0,7.0,1.4481168688237816e-05,1.9712756969867644e-05,5.2315882816298285e-06,5.2315882816298285e-06,36.126837510560414
acl->acomp,acl,acomp,10.0,7.0,1.4481168688237816e-05,1.9712756969867644e-05,5.2315882816298285e-06,5.2315882816298285e-06,36.126837510560414
ccomp->ccomp,ccomp,ccomp,12.0,8.0,1.737740242588538e-05,2.2528865108420164e-05,5.151462682534784e-06,5.151462682534784e-06,29.644607152914666
xcomp->compound,xcomp,compound,14.0,9.0,2.027363616353294e-05,2.5344973246972685e-05,5.071337083439743e-06,5.071337083439743e-06,25.014442611739153
ccomp->attr,ccomp,attr,19.0,8.0,2.751422050765185e-05,2.2528865108420164e-05,-4.985355399231685e-06,4.985355399231685e-06,-18.119195482369676
csubj->xcomp,csubj,xcomp,17.0,7.0,2.4617986770004285e-05,1.9712756969867644e-05,-4.9052298001366406e-06,4.9052298001366406e-06,-19.925389699670337
conj->acl,conj,acl,122.0,61.0,0.00017667025799650136,0.00017178259645170374,-4.887661544797616e-06,4.887661544797616e-06,-2.766544635314003
csubj->advcl,csubj,advcl,15.0,6.0,2.1721753032356724e-05,1.6896648831315124e-05,-4.8251042010415996e-06,4.8251042010415996e-06,-22.21323570825119
ccomp->advcl,ccomp,advcl,13.0,5.0,1.882551929470916e-05,1.4080540692762602e-05,-4.744978601946557e-06,4.744978601946557e-06,-25.205034334856915
compound->poss,compound,poss,11.0,4.0,1.5929285557061598e-05,1.1264432554210082e-05,-4.664853002851516e-06,4.664853002851516e-06,-29.284759734773818
pcomp->aux,pcomp,aux,11.0,4.0,1.5929285557061598e-05,1.1264432554210082e-05,-4.664853002851516e-06,4.664853002851516e-06,-29.284759734773818
det->preconj,det,preconj,11.0,4.0,1.5929285557061598e-05,1.1264432554210082e-05,-4.664853002851516e-06,4.664853002851516e-06,-29.284759734773818
attr->acl,attr,acl,26.0,15.0,3.765103858941832e-05,4.2241622078287805e-05,4.590583488869487e-06,4.590583488869487e-06,12.192448497714622
dep->npadvmod,dep,npadvmod,9.0,3.0,1.3033051819414034e-05,8.448324415657562e-06,-4.5847274037564715e-06,4.5847274037564715e-06,-35.177696423542656
csubj->advmod,csubj,advmod,28.0,16.0,4.054727232706588e-05,4.505773021684033e-05,4.510457889774446e-06,4.510457889774446e-06,11.123948988212582
ccomp->csubj,ccomp,csubj,7.0,2.0,1.013681808176647e-05,5.632216277105041e-06,-4.50460180466143e-06,4.50460180466143e-06,-44.43802550589371
dep->poss,dep,poss,5.0,1.0,7.240584344118908e-06,2.8161081385525205e-06,-4.424476205566388e-06,4.424476205566388e-06,-61.1066178541256
advcl->expl,advcl,expl,5.0,1.0,7.240584344118908e-06,2.8161081385525205e-06,-4.424476205566388e-06,4.424476205566388e-06,-61.1066178541256
compound->cc,compound,cc,5.0,1.0,7.240584344118908e-06,2.8161081385525205e-06,-4.424476205566388e-06,4.424476205566388e-06,-61.1066178541256
conj->nsubjpass,conj,nsubjpass,5.0,1.0,7.240584344118908e-06,2.8161081385525205e-06,-4.424476205566388e-06,4.424476205566388e-06,-61.1066178541256
acl->pcomp,acl,pcomp,5.0,1.0,7.240584344118908e-06,2.8161081385525205e-06,-4.424476205566388e-06,4.424476205566388e-06,-61.1066178541256
prt->prep,prt,prep,5.0,1.0,7.240584344118908e-06,2.8161081385525205e-06,-4.424476205566388e-06,4.424476205566388e-06,-61.1066178541256
xcomp->prt,xcomp,prt,5.0,1.0,7.240584344118908e-06,2.8161081385525205e-06,-4.424476205566388e-06,4.424476205566388e-06,-61.1066178541256
appos->aux,appos,aux,3.0,0.0,4.344350606471345e-06,0.0,-4.344350606471345e-06,4.344350606471345e-06,-100.0
appos->dep,appos,dep,3.0,0.0,4.344350606471345e-06,0.0,-4.344350606471345e-06,4.344350606471345e-06,-100.0
aux->conj,aux,conj,3.0,0.0,4.344350606471345e-06,0.0,-4.344350606471345e-06,4.344350606471345e-06,-100.0
relcl->npadvmod,relcl,npadvmod,3.0,0.0,4.344350606471345e-06,0.0,-4.344350606471345e-06,4.344350606471345e-06,-100.0
nsubj->meta,nsubj,meta,3.0,0.0,4.344350606471345e-06,0.0,-4.344350606471345e-06,4.344350606471345e-06,-100.0
aux->cc,aux,cc,3.0,0.0,4.344350606471345e-06,0.0,-4.344350606471345e-06,4.344350606471345e-06,-100.0
nmod->aux,nmod,aux,3.0,0.0,4.344350606471345e-06,0.0,-4.344350606471345e-06,4.344350606471345e-06,-100.0
nummod->appos,nummod,appos,3.0,0.0,4.344350606471345e-06,0.0,-4.344350606471345e-06,4.344350606471345e-06,-100.0
compound->csubj,compound,csubj,3.0,0.0,4.344350606471345e-06,0.0,-4.344350606471345e-06,4.344350606471345e-06,-100.0
parataxis->amod,parataxis,amod,3.0,0.0,4.344350606471345e-06,0.0,-4.344350606471345e-06,4.344350606471345e-06,-100.0
csubj->dep,csubj,dep,3.0,0.0,4.344350606471345e-06,0.0,-4.344350606471345e-06,4.344350606471345e-06,-100.0
aux->prep,aux,prep,3.0,0.0,4.344350606471345e-06,0.0,-4.344350606471345e-06,4.344350606471345e-06,-100.0
appos->neg,appos,neg,3.0,0.0,4.344350606471345e-06,0.0,-4.344350606471345e-06,4.344350606471345e-06,-100.0
auxpass->advmod,auxpass,advmod,3.0,0.0,4.344350606471345e-06,0.0,-4.344350606471345e-06,4.344350606471345e-06,-100.0
intj->conj,intj,conj,3.0,0.0,4.344350606471345e-06,0.0,-4.344350606471345e-06,4.344350606471345e-06,-100.0
aux->pobj,aux,pobj,3.0,0.0,4.344350606471345e-06,0.0,-4.344350606471345e-06,4.344350606471345e-06,-100.0
acomp->ccomp,acomp,ccomp,3.0,0.0,4.344350606471345e-06,0.0,-4.344350606471345e-06,4.344350606471345e-06,-100.0
pobj->predet,pobj,predet,3.0,0.0,4.344350606471345e-06,0.0,-4.344350606471345e-06,4.344350606471345e-06,-100.0
prt->nummod,prt,nummod,3.0,0.0,4.344350606471345e-06,0.0,-4.344350606471345e-06,4.344350606471345e-06,-100.0
pcomp->det,pcomp,det,3.0,0.0,4.344350606471345e-06,0.0,-4.344350606471345e-06,4.344350606471345e-06,-100.0
conj->nummod,conj,nummod,36.0,20.0,5.2132207277656134e-05,5.632216277105041e-05,4.189955493394275e-06,4.189955493394275e-06,8.037172627428898
acomp->advcl,acomp,advcl,1.0,2.0,1.4481168688237816e-06,5.632216277105041e-06,4.18409940828126e-06,4.18409940828126e-06,288.93382145874403
attr->acomp,attr,acomp,1.0,2.0,1.4481168688237816e-06,5.632216277105041e-06,4.18409940828126e-06,4.18409940828126e-06,288.93382145874403
nummod->prt,nummod,prt,1.0,2.0,1.4481168688237816e-06,5.632216277105041e-06,4.18409940828126e-06,4.18409940828126e-06,288.93382145874403
preconj->prep,preconj,prep,1.0,2.0,1.4481168688237816e-06,5.632216277105041e-06,4.18409940828126e-06,4.18409940828126e-06,288.93382145874403
prep->compound,prep,compound,1.0,2.0,1.4481168688237816e-06,5.632216277105041e-06,4.18409940828126e-06,4.18409940828126e-06,288.93382145874403
nsubj->predet,nsubj,predet,1.0,2.0,1.4481168688237816e-06,5.632216277105041e-06,4.18409940828126e-06,4.18409940828126e-06,288.93382145874403
nmod->acomp,nmod,acomp,1.0,2.0,1.4481168688237816e-06,5.632216277105041e-06,4.18409940828126e-06,4.18409940828126e-06,288.93382145874403
acl->advmod,acl,advmod,139.0,70.0,0.00020128824476650564,0.00019712756969867643,-4.160675067829206e-06,4.160675067829206e-06,-2.0670233736975496
acl->attr,acl,attr,3.0,3.0,4.344350606471345e-06,8.448324415657562e-06,4.103973809186217e-06,4.103973809186217e-06,94.466910729372
poss->cc,poss,cc,3.0,3.0,4.344350606471345e-06,8.448324415657562e-06,4.103973809186217e-06,4.103973809186217e-06,94.466910729372
compound->dep,compound,dep,3.0,3.0,4.344350606471345e-06,8.448324415657562e-06,4.103973809186217e-06,4.103973809186217e-06,94.466910729372
dobj->aux,dobj,aux,3.0,3.0,4.344350606471345e-06,8.448324415657562e-06,4.103973809186217e-06,4.103973809186217e-06,94.466910729372
amod->advcl,amod,advcl,3.0,3.0,4.344350606471345e-06,8.448324415657562e-06,4.103973809186217e-06,4.103973809186217e-06,94.466910729372
npadvmod->cc,npadvmod,cc,40.0,22.0,5.792467475295126e-05,6.195437904815545e-05,4.029704295204186e-06,4.029704295204186e-06,6.956800901154603
dep->nummod,dep,nummod,5.0,4.0,7.240584344118908e-06,1.1264432554210082e-05,4.023848210091174e-06,4.023848210091174e-06,55.57352858349761
oprd->conj,oprd,conj,5.0,4.0,7.240584344118908e-06,1.1264432554210082e-05,4.023848210091174e-06,4.023848210091174e-06,55.57352858349761
parataxis->nsubj,parataxis,nsubj,5.0,4.0,7.240584344118908e-06,1.1264432554210082e-05,4.023848210091174e-06,4.023848210091174e-06,55.57352858349761
dep->xcomp,dep,xcomp,7.0,5.0,1.013681808176647e-05,1.4080540692762602e-05,3.943722610996132e-06,3.943722610996132e-06,38.90493623526572
npadvmod->npadvmod,npadvmod,npadvmod,7.0,5.0,1.013681808176647e-05,1.4080540692762602e-05,3.943722610996132e-06,3.943722610996132e-06,38.90493623526572
xcomp->ccomp,xcomp,ccomp,9.0,6.0,1.3033051819414034e-05,1.6896648831315124e-05,3.863597011901091e-06,3.863597011901091e-06,29.64460715291469
aux->nsubj,aux,nsubj,26.0,12.0,3.765103858941832e-05,3.379329766263025e-05,-3.85774092678807e-06,3.85774092678807e-06,-10.24604120182829
amod->xcomp,amod,xcomp,20.0,9.0,2.896233737647563e-05,2.5344973246972685e-05,-3.617364129502947e-06,3.617364129502947e-06,-12.489890171782596
advcl->nsubjpass,advcl,nsubjpass,17.0,10.0,2.4617986770004285e-05,2.8161081385525205e-05,3.54309461552092e-06,3.54309461552092e-06,14.392300429042367
appos->advcl,appos,advcl,14.0,6.0,2.027363616353294e-05,1.6896648831315124e-05,-3.3769873322178173e-06,3.3769873322178173e-06,-16.657038258840558
pobj->case,pobj,case,14.0,6.0,2.027363616353294e-05,1.6896648831315124e-05,-3.3769873322178173e-06,3.3769873322178173e-06,-16.657038258840558
acl->amod,acl,amod,14.0,6.0,2.027363616353294e-05,1.6896648831315124e-05,-3.3769873322178173e-06,3.3769873322178173e-06,-16.657038258840558
nsubj->npadvmod,nsubj,npadvmod,10.0,4.0,1.4481168688237816e-05,1.1264432554210082e-05,-3.2167361340277336e-06,3.2167361340277336e-06,-22.213235708251194
amod->quantmod,amod,quantmod,8.0,3.0,1.1584934950590253e-05,8.448324415657562e-06,-3.136610534932691e-06,3.136610534932691e-06,-27.074908476485493
acl->mark,acl,mark,6.0,2.0,8.68870121294269e-06,5.632216277105041e-06,-3.056484935837649e-06,3.056484935837649e-06,-35.17769642354266
aux->compound,aux,compound,4.0,1.0,5.7924674752951265e-06,2.8161081385525205e-06,-2.976359336742606e-06,2.976359336742606e-06,-51.383272317657
pobj->aux,pobj,aux,4.0,1.0,5.7924674752951265e-06,2.8161081385525205e-06,-2.976359336742606e-06,2.976359336742606e-06,-51.383272317657
dative->compound,dative,compound,4.0,1.0,5.7924674752951265e-06,2.8161081385525205e-06,-2.976359336742606e-06,2.976359336742606e-06,-51.383272317657
advcl->npadvmod,advcl,npadvmod,4.0,1.0,5.7924674752951265e-06,2.8161081385525205e-06,-2.976359336742606e-06,2.976359336742606e-06,-51.383272317657
parataxis->compound,parataxis,compound,4.0,1.0,5.7924674752951265e-06,2.8161081385525205e-06,-2.976359336742606e-06,2.976359336742606e-06,-51.383272317657
compound->meta,compound,meta,4.0,1.0,5.7924674752951265e-06,2.8161081385525205e-06,-2.976359336742606e-06,2.976359336742606e-06,-51.383272317657
conj->xcomp,conj,xcomp,39.0,19.0,5.647655788412748e-05,5.3506054632497886e-05,-2.9705032516295918e-06,2.9705032516295918e-06,-5.25971015748543
xcomp->nmod,xcomp,nmod,2.0,0.0,2.8962337376475632e-06,0.0,-2.8962337376475632e-06,2.8962337376475632e-06,-100.0
relcl->det,relcl,det,2.0,0.0,2.8962337376475632e-06,0.0,-2.8962337376475632e-06,2.8962337376475632e-06,-100.0
relcl->expl,relcl,expl,2.0,0.0,2.8962337376475632e-06,0.0,-2.8962337376475632e-06,2.8962337376475632e-06,-100.0
relcl->dative,relcl,dative,2.0,0.0,2.8962337376475632e-06,0.0,-2.8962337376475632e-06,2.8962337376475632e-06,-100.0
csubjpass->advmod,csubjpass,advmod,2.0,0.0,2.8962337376475632e-06,0.0,-2.8962337376475632e-06,2.8962337376475632e-06,-100.0
relcl->appos,relcl,appos,2.0,0.0,2.8962337376475632e-06,0.0,-2.8962337376475632e-06,2.8962337376475632e-06,-100.0
preconj->appos,preconj,appos,2.0,0.0,2.8962337376475632e-06,0.0,-2.8962337376475632e-06,2.8962337376475632e-06,-100.0
parataxis->det,parataxis,det,2.0,0.0,2.8962337376475632e-06,0.0,-2.8962337376475632e-06,2.8962337376475632e-06,-100.0
auxpass->mark,auxpass,mark,2.0,0.0,2.8962337376475632e-06,0.0,-2.8962337376475632e-06,2.8962337376475632e-06,-100.0
conj->intj,conj,intj,2.0,0.0,2.8962337376475632e-06,0.0,-2.8962337376475632e-06,2.8962337376475632e-06,-100.0
advmod->relcl,advmod,relcl,2.0,0.0,2.8962337376475632e-06,0.0,-2.8962337376475632e-06,2.8962337376475632e-06,-100.0
nmod->neg,nmod,neg,2.0,0.0,2.8962337376475632e-06,0.0,-2.8962337376475632e-06,2.8962337376475632e-06,-100.0
ROOT->predet,ROOT,predet,2.0,0.0,2.8962337376475632e-06,0.0,-2.8962337376475632e-06,2.8962337376475632e-06,-100.0
nmod->relcl,nmod,relcl,2.0,0.0,2.8962337376475632e-06,0.0,-2.8962337376475632e-06,2.8962337376475632e-06,-100.0
aux->dep,aux,dep,2.0,0.0,2.8962337376475632e-06,0.0,-2.8962337376475632e-06,2.8962337376475632e-06,-100.0
dobj->meta,dobj,meta,2.0,0.0,2.8962337376475632e-06,0.0,-2.8962337376475632e-06,2.8962337376475632e-06,-100.0
pcomp->nmod,pcomp,nmod,2.0,0.0,2.8962337376475632e-06,0.0,-2.8962337376475632e-06,2.8962337376475632e-06,-100.0
cc->pobj,cc,pobj,2.0,0.0,2.8962337376475632e-06,0.0,-2.8962337376475632e-06,2.8962337376475632e-06,-100.0
dative->appos,dative,appos,2.0,0.0,2.8962337376475632e-06,0.0,-2.8962337376475632e-06,2.8962337376475632e-06,-100.0
csubjpass->prep,csubjpass,prep,2.0,0.0,2.8962337376475632e-06,0.0,-2.8962337376475632e-06,2.8962337376475632e-06,-100.0
csubj->det,csubj,det,2.0,0.0,2.8962337376475632e-06,0.0,-2.8962337376475632e-06,2.8962337376475632e-06,-100.0
pobj->pobj,pobj,pobj,2.0,0.0,2.8962337376475632e-06,0.0,-2.8962337376475632e-06,2.8962337376475632e-06,-100.0
compound->prt,compound,prt,2.0,0.0,2.8962337376475632e-06,0.0,-2.8962337376475632e-06,2.8962337376475632e-06,-100.0
conj->preconj,conj,preconj,2.0,0.0,2.8962337376475632e-06,0.0,-2.8962337376475632e-06,2.8962337376475632e-06,-100.0
intj->cc,intj,cc,2.0,0.0,2.8962337376475632e-06,0.0,-2.8962337376475632e-06,2.8962337376475632e-06,-100.0
meta->prep,meta,prep,2.0,0.0,2.8962337376475632e-06,0.0,-2.8962337376475632e-06,2.8962337376475632e-06,-100.0
det->amod,det,amod,2.0,0.0,2.8962337376475632e-06,0.0,-2.8962337376475632e-06,2.8962337376475632e-06,-100.0
advmod->appos,advmod,appos,2.0,0.0,2.8962337376475632e-06,0.0,-2.8962337376475632e-06,2.8962337376475632e-06,-100.0
aux->acomp,aux,acomp,2.0,0.0,2.8962337376475632e-06,0.0,-2.8962337376475632e-06,2.8962337376475632e-06,-100.0
compound->advcl,compound,advcl,2.0,0.0,2.8962337376475632e-06,0.0,-2.8962337376475632e-06,2.8962337376475632e-06,-100.0
appos->case,appos,case,2.0,0.0,2.8962337376475632e-06,0.0,-2.8962337376475632e-06,2.8962337376475632e-06,-100.0
nummod->det,nummod,det,2.0,0.0,2.8962337376475632e-06,0.0,-2.8962337376475632e-06,2.8962337376475632e-06,-100.0
conj->nsubj,conj,nsubj,72.0,36.0,0.00010426441455531227,0.00010137989298789074,-2.8845215674215303e-06,2.8845215674215303e-06,-2.76654463531399
prt->prt,prt,prt,0.0,1.0,0.0,2.8161081385525205e-06,2.8161081385525205e-06,2.8161081385525205e-06,
prep->preconj,prep,preconj,0.0,1.0,0.0,2.8161081385525205e-06,2.8161081385525205e-06,2.8161081385525205e-06,
prep->xcomp,prep,xcomp,0.0,1.0,0.0,2.8161081385525205e-06,2.8161081385525205e-06,2.8161081385525205e-06,
prt->attr,prt,attr,0.0,1.0,0.0,2.8161081385525205e-06,2.8161081385525205e-06,2.8161081385525205e-06,
acomp->nsubjpass,acomp,nsubjpass,0.0,1.0,0.0,2.8161081385525205e-06,2.8161081385525205e-06,2.8161081385525205e-06,
pcomp->oprd,pcomp,oprd,0.0,1.0,0.0,2.8161081385525205e-06,2.8161081385525205e-06,2.8161081385525205e-06,
prep->nmod,prep,nmod,0.0,1.0,0.0,2.8161081385525205e-06,2.8161081385525205e-06,2.8161081385525205e-06,
relcl->acl,relcl,acl,0.0,1.0,0.0,2.8161081385525205e-06,2.8161081385525205e-06,2.8161081385525205e-06,
xcomp->oprd,xcomp,oprd,0.0,1.0,0.0,2.8161081385525205e-06,2.8161081385525205e-06,2.8161081385525205e-06,
xcomp->dep,xcomp,dep,0.0,1.0,0.0,2.8161081385525205e-06,2.8161081385525205e-06,2.8161081385525205e-06,
xcomp->preconj,xcomp,preconj,0.0,1.0,0.0,2.8161081385525205e-06,2.8161081385525205e-06,2.8161081385525205e-06,
cc->compound,cc,compound,0.0,1.0,0.0,2.8161081385525205e-06,2.8161081385525205e-06,2.8161081385525205e-06,
acomp->agent,acomp,agent,0.0,1.0,0.0,2.8161081385525205e-06,2.8161081385525205e-06,2.8161081385525205e-06,
acomp->aux,acomp,aux,0.0,1.0,0.0,2.8161081385525205e-06,2.8161081385525205e-06,2.8161081385525205e-06,
csubj->csubj,csubj,csubj,0.0,1.0,0.0,2.8161081385525205e-06,2.8161081385525205e-06,2.8161081385525205e-06,
compound->neg,compound,neg,0.0,1.0,0.0,2.8161081385525205e-06,2.8161081385525205e-06,2.8161081385525205e-06,
parataxis->nummod,parataxis,nummod,0.0,1.0,0.0,2.8161081385525205e-06,2.8161081385525205e-06,2.8161081385525205e-06,
appos->parataxis,appos,parataxis,0.0,1.0,0.0,2.8161081385525205e-06,2.8161081385525205e-06,2.8161081385525205e-06,
det->neg,det,neg,0.0,1.0,0.0,2.8161081385525205e-06,2.8161081385525205e-06,2.8161081385525205e-06,
det->pobj,det,pobj,0.0,1.0,0.0,2.8161081385525205e-06,2.8161081385525205e-06,2.8161081385525205e-06,
det->dobj,det,dobj,0.0,1.0,0.0,2.8161081385525205e-06,2.8161081385525205e-06,2.8161081385525205e-06,
auxpass->aux,auxpass,aux,0.0,1.0,0.0,2.8161081385525205e-06,2.8161081385525205e-06,2.8161081385525205e-06,
meta->intj,meta,intj,0.0,1.0,0.0,2.8161081385525205e-06,2.8161081385525205e-06,2.8161081385525205e-06,
dobj->quantmod,dobj,quantmod,0.0,1.0,0.0,2.8161081385525205e-06,2.8161081385525205e-06,2.8161081385525205e-06,
compound->acomp,compound,acomp,0.0,1.0,0.0,2.8161081385525205e-06,2.8161081385525205e-06,2.8161081385525205e-06,
det->dep,det,dep,0.0,1.0,0.0,2.8161081385525205e-06,2.8161081385525205e-06,2.8161081385525205e-06,
intj->amod,intj,amod,0.0,1.0,0.0,2.8161081385525205e-06,2.8161081385525205e-06,2.8161081385525205e-06,
nummod->dobj,nummod,dobj,0.0,1.0,0.0,2.8161081385525205e-06,2.8161081385525205e-06,2.8161081385525205e-06,
oprd->nmod,oprd,nmod,0.0,1.0,0.0,2.8161081385525205e-06,2.8161081385525205e-06,2.8161081385525205e-06,
nummod->npadvmod,nummod,npadvmod,0.0,1.0,0.0,2.8161081385525205e-06,2.8161081385525205e-06,2.8161081385525205e-06,
pcomp->case,pcomp,case,0.0,1.0,0.0,2.8161081385525205e-06,2.8161081385525205e-06,2.8161081385525205e-06,
dobj->ccomp,dobj,ccomp,0.0,1.0,0.0,2.8161081385525205e-06,2.8161081385525205e-06,2.8161081385525205e-06,
nsubj->parataxis,nsubj,parataxis,0.0,1.0,0.0,2.8161081385525205e-06,2.8161081385525205e-06,2.8161081385525205e-06,
nmod->advcl,nmod,advcl,0.0,1.0,0.0,2.8161081385525205e-06,2.8161081385525205e-06,2.8161081385525205e-06,
amod->nsubjpass,amod,nsubjpass,0.0,1.0,0.0,2.8161081385525205e-06,2.8161081385525205e-06,2.8161081385525205e-06,
neg->npadvmod,neg,npadvmod,0.0,1.0,0.0,2.8161081385525205e-06,2.8161081385525205e-06,2.8161081385525205e-06,
prep->det,prep,det,0.0,1.0,0.0,2.8161081385525205e-06,2.8161081385525205e-06,2.8161081385525205e-06,
amod->csubj,amod,csubj,0.0,1.0,0.0,2.8161081385525205e-06,2.8161081385525205e-06,2.8161081385525205e-06,
amod->case,amod,case,0.0,1.0,0.0,2.8161081385525205e-06,2.8161081385525205e-06,2.8161081385525205e-06,
nmod->xcomp,nmod,xcomp,0.0,1.0,0.0,2.8161081385525205e-06,2.8161081385525205e-06,2.8161081385525205e-06,
case->nsubj,case,nsubj,0.0,1.0,0.0,2.8161081385525205e-06,2.8161081385525205e-06,2.8161081385525205e-06,
nsubjpass->aux,nsubjpass,aux,0.0,1.0,0.0,2.8161081385525205e-06,2.8161081385525205e-06,2.8161081385525205e-06,
nsubjpass->nsubj,nsubjpass,nsubj,0.0,1.0,0.0,2.8161081385525205e-06,2.8161081385525205e-06,2.8161081385525205e-06,
acl->expl,acl,expl,0.0,1.0,0.0,2.8161081385525205e-06,2.8161081385525205e-06,2.8161081385525205e-06,
prep->case,prep,case,0.0,1.0,0.0,2.8161081385525205e-06,2.8161081385525205e-06,2.8161081385525205e-06,
attr->predet,attr,predet,0.0,1.0,0.0,2.8161081385525205e-06,2.8161081385525205e-06,2.8161081385525205e-06,
compound->preconj,compound,preconj,0.0,1.0,0.0,2.8161081385525205e-06,2.8161081385525205e-06,2.8161081385525205e-06,
poss->appos,poss,appos,0.0,1.0,0.0,2.8161081385525205e-06,2.8161081385525205e-06,2.8161081385525205e-06,
prep->appos,prep,appos,0.0,1.0,0.0,2.8161081385525205e-06,2.8161081385525205e-06,2.8161081385525205e-06,
conj->mark,conj,mark,0.0,1.0,0.0,2.8161081385525205e-06,2.8161081385525205e-06,2.8161081385525205e-06,
amod->intj,amod,intj,0.0,1.0,0.0,2.8161081385525205e-06,2.8161081385525205e-06,2.8161081385525205e-06,
ccomp->acl,ccomp,acl,0.0,1.0,0.0,2.8161081385525205e-06,2.8161081385525205e-06,2.8161081385525205e-06,
npadvmod->poss,npadvmod,poss,0.0,1.0,0.0,2.8161081385525205e-06,2.8161081385525205e-06,2.8161081385525205e-06,
agent->amod,agent,amod,0.0,1.0,0.0,2.8161081385525205e-06,2.8161081385525205e-06,2.8161081385525205e-06,
npadvmod->nsubj,npadvmod,nsubj,0.0,1.0,0.0,2.8161081385525205e-06,2.8161081385525205e-06,2.8161081385525205e-06,
npadvmod->parataxis,npadvmod,parataxis,0.0,1.0,0.0,2.8161081385525205e-06,2.8161081385525205e-06,2.8161081385525205e-06,
nsubj->csubj,nsubj,csubj,0.0,1.0,0.0,2.8161081385525205e-06,2.8161081385525205e-06,2.8161081385525205e-06,
npadvmod->prt,npadvmod,prt,0.0,1.0,0.0,2.8161081385525205e-06,2.8161081385525205e-06,2.8161081385525205e-06,
npadvmod->quantmod,npadvmod,quantmod,0.0,1.0,0.0,2.8161081385525205e-06,2.8161081385525205e-06,2.8161081385525205e-06,
nmod->intj,nmod,intj,0.0,1.0,0.0,2.8161081385525205e-06,2.8161081385525205e-06,2.8161081385525205e-06,
relcl->intj,relcl,intj,0.0,1.0,0.0,2.8161081385525205e-06,2.8161081385525205e-06,2.8161081385525205e-06,
csubj->poss,csubj,poss,0.0,1.0,0.0,2.8161081385525205e-06,2.8161081385525205e-06,2.8161081385525205e-06,
csubjpass->attr,csubjpass,attr,0.0,1.0,0.0,2.8161081385525205e-06,2.8161081385525205e-06,2.8161081385525205e-06,
ccomp->appos,ccomp,appos,0.0,1.0,0.0,2.8161081385525205e-06,2.8161081385525205e-06,2.8161081385525205e-06,
acl->npadvmod,acl,npadvmod,35.0,17.0,5.0684090408832355e-05,4.7873838355392846e-05,-2.8102520534395098e-06,2.8102520534395098e-06,-5.5446433600193155
aux->aux,aux,aux,2.0,2.0,2.8962337376475632e-06,5.632216277105041e-06,2.735982539457478e-06,2.735982539457478e-06,94.466910729372
aux->dobj,aux,dobj,2.0,2.0,2.8962337376475632e-06,5.632216277105041e-06,2.735982539457478e-06,2.735982539457478e-06,94.466910729372
nsubjpass->poss,nsubjpass,poss,2.0,2.0,2.8962337376475632e-06,5.632216277105041e-06,2.735982539457478e-06,2.735982539457478e-06,94.466910729372
aux->advmod,aux,advmod,2.0,2.0,2.8962337376475632e-06,5.632216277105041e-06,2.735982539457478e-06,2.735982539457478e-06,94.466910729372
acl->dative,acl,dative,2.0,2.0,2.8962337376475632e-06,5.632216277105041e-06,2.735982539457478e-06,2.735982539457478e-06,94.466910729372
prt->amod,prt,amod,2.0,2.0,2.8962337376475632e-06,5.632216277105041e-06,2.735982539457478e-06,2.735982539457478e-06,94.466910729372
meta->advmod,meta,advmod,2.0,2.0,2.8962337376475632e-06,5.632216277105041e-06,2.735982539457478e-06,2.735982539457478e-06,94.466910729372
ccomp->prt,ccomp,prt,2.0,2.0,2.8962337376475632e-06,5.632216277105041e-06,2.735982539457478e-06,2.735982539457478e-06,94.466910729372
dobj->neg,dobj,neg,2.0,2.0,2.8962337376475632e-06,5.632216277105041e-06,2.735982539457478e-06,2.735982539457478e-06,94.466910729372
nsubj->xcomp,nsubj,xcomp,2.0,2.0,2.8962337376475632e-06,5.632216277105041e-06,2.735982539457478e-06,2.735982539457478e-06,94.466910729372
advcl->nmod,advcl,nmod,2.0,2.0,2.8962337376475632e-06,5.632216277105041e-06,2.735982539457478e-06,2.735982539457478e-06,94.466910729372
relcl->agent,relcl,agent,2.0,2.0,2.8962337376475632e-06,5.632216277105041e-06,2.735982539457478e-06,2.735982539457478e-06,94.466910729372
advcl->prt,advcl,prt,4.0,3.0,5.7924674752951265e-06,8.448324415657562e-06,2.6558569403624356e-06,2.6558569403624356e-06,45.85018304702901
ROOT->csubjpass,ROOT,csubjpass,4.0,3.0,5.7924674752951265e-06,8.448324415657562e-06,2.6558569403624356e-06,2.6558569403624356e-06,45.85018304702901
acl->neg,acl,neg,4.0,3.0,5.7924674752951265e-06,8.448324415657562e-06,2.6558569403624356e-06,2.6558569403624356e-06,45.85018304702901
conj->auxpass,conj,auxpass,4.0,3.0,5.7924674752951265e-06,8.448324415657562e-06,2.6558569403624356e-06,2.6558569403624356e-06,45.85018304702901
prep->intj,prep,intj,4.0,3.0,5.7924674752951265e-06,8.448324415657562e-06,2.6558569403624356e-06,2.6558569403624356e-06,45.85018304702901
nmod->meta,nmod,meta,4.0,3.0,5.7924674752951265e-06,8.448324415657562e-06,2.6558569403624356e-06,2.6558569403624356e-06,45.85018304702901
nsubj->neg,nsubj,neg,6.0,4.0,8.68870121294269e-06,1.1264432554210082e-05,2.575731341267392e-06,2.575731341267392e-06,29.644607152914666
compound->acl,compound,acl,6.0,4.0,8.68870121294269e-06,1.1264432554210082e-05,2.575731341267392e-06,2.575731341267392e-06,29.644607152914666
prep->dep,prep,dep,6.0,4.0,8.68870121294269e-06,1.1264432554210082e-05,2.575731341267392e-06,2.575731341267392e-06,29.644607152914666
preconj->advmod,preconj,advmod,6.0,4.0,8.68870121294269e-06,1.1264432554210082e-05,2.575731341267392e-06,2.575731341267392e-06,29.644607152914666
xcomp->conj,xcomp,conj,43.0,23.0,6.22690253594226e-05,6.477048718670797e-05,2.5014618272853665e-06,2.5014618272853665e-06,4.01718480873387
ccomp->nsubjpass,ccomp,nsubjpass,8.0,5.0,1.1584934950590253e-05,1.4080540692762602e-05,2.4956057421723493e-06,2.4956057421723493e-06,21.5418192058575
npadvmod->acl,npadvmod,acl,23.0,11.0,3.3306687982946975e-05,3.0977189524077725e-05,-2.32949845886925e-06,2.32949845886925e-06,-6.994086172909037
conj->pobj,conj,pobj,93.0,47.0,0.00013467486880061169,0.00013235708251196847,-2.317786288643216e-06,2.317786288643216e-06,-1.7210236098872582
acl->prt,acl,prt,14.0,8.0,2.027363616353294e-05,2.2528865108420164e-05,2.255228944887223e-06,2.255228944887223e-06,11.123948988212582
csubj->nsubj,csubj,nsubj,21.0,10.0,3.0410454245299414e-05,2.8161081385525205e-05,-2.249372859774209e-06,2.249372859774209e-06,-7.396709176489522
compound->det,compound,det,161.0,82.0,0.00023314681588062884,0.00023092086736130668,-2.2259485193221542e-06,2.2259485193221542e-06,-0.9547411192018337
acl->agent,acl,agent,261.0,135.0,0.00037795850276300697,0.00038017459870459024,2.2160959415832714e-06,2.2160959415832714e-06,0.5863331358820733
advcl->auxpass,advcl,auxpass,18.0,10.0,2.6066103638828067e-05,2.8161081385525205e-05,2.0949777466971376e-06,2.0949777466971376e-06,8.037172627428898
nsubj->nummod,nsubj,nummod,52.0,26.0,7.530207717883664e-05,7.321881160236553e-05,-2.0832655764711067e-06,2.0832655764711067e-06,-2.7665446353139918
amod->appos,amod,appos,20.0,11.0,2.896233737647563e-05,3.0977189524077725e-05,2.014852147602093e-06,2.014852147602093e-06,6.956800901154603
nummod->advmod,nummod,advmod,20.0,11.0,2.896233737647563e-05,3.0977189524077725e-05,2.014852147602093e-06,2.014852147602093e-06,6.956800901154603
dep->appos,dep,appos,20.0,11.0,2.896233737647563e-05,3.0977189524077725e-05,2.014852147602093e-06,2.014852147602093e-06,6.956800901154603
nsubj->nsubj,nsubj,nsubj,15.0,7.0,2.1721753032356724e-05,1.9712756969867644e-05,-2.0089960624890794e-06,2.0089960624890794e-06,-9.248774992959724
nmod->npadvmod,nmod,npadvmod,50.0,25.0,7.240584344118908e-05,7.0402703463813e-05,-2.0031399773760725e-06,2.0031399773760725e-06,-2.7665446353140033
advmod->conj,advmod,conj,57.0,30.0,8.254266152295555e-05,8.448324415657561e-05,1.940582633620059e-06,1.940582633620059e-06,2.351005647037893
attr->cc,attr,cc,13.0,6.0,1.882551929470916e-05,1.6896648831315124e-05,-1.928870463394035e-06,1.928870463394035e-06,-10.24604120182829
nsubjpass->prep,nsubjpass,prep,24.0,13.0,3.475480485177076e-05,3.6609405801182765e-05,1.8546009494120044e-06,1.8546009494120044e-06,5.33624331174316
compound->dobj,compound,dobj,9.0,4.0,1.3033051819414034e-05,1.1264432554210082e-05,-1.7686192652039513e-06,1.7686192652039513e-06,-13.570261898056877
poss->compound,poss,compound,133.0,69.0,0.00019259954355356295,0.0001943114615601239,1.7119180065609568e-06,1.7119180065609568e-06,0.8888484235087833
nsubj->advmod,nsubj,advmod,63.0,33.0,9.123136273589824e-05,9.293156857223317e-05,1.7002058363349294e-06,1.7002058363349294e-06,1.8636199058615208
pobj->quantmod,pobj,quantmod,7.0,3.0,1.013681808176647e-05,8.448324415657562e-06,-1.6884936661089086e-06,1.6884936661089086e-06,-16.657038258840558
prt->pobj,prt,pobj,7.0,3.0,1.013681808176647e-05,8.448324415657562e-06,-1.6884936661089086e-06,1.6884936661089086e-06,-16.657038258840558
compound->prep,compound,prep,7.0,3.0,1.013681808176647e-05,8.448324415657562e-06,-1.6884936661089086e-06,1.6884936661089086e-06,-16.657038258840558
dobj->xcomp,dobj,xcomp,5.0,2.0,7.240584344118908e-06,5.632216277105041e-06,-1.6083680670138668e-06,1.6083680670138668e-06,-22.213235708251194
csubj->npadvmod,csubj,npadvmod,5.0,2.0,7.240584344118908e-06,5.632216277105041e-06,-1.6083680670138668e-06,1.6083680670138668e-06,-22.213235708251194
relcl->prt,relcl,prt,5.0,2.0,7.240584344118908e-06,5.632216277105041e-06,-1.6083680670138668e-06,1.6083680670138668e-06,-22.213235708251194
conj->prt,conj,prt,5.0,2.0,7.240584344118908e-06,5.632216277105041e-06,-1.6083680670138668e-06,1.6083680670138668e-06,-22.213235708251194
prep->npadvmod,prep,npadvmod,5.0,2.0,7.240584344118908e-06,5.632216277105041e-06,-1.6083680670138668e-06,1.6083680670138668e-06,-22.213235708251194
pcomp->auxpass,pcomp,auxpass,5.0,2.0,7.240584344118908e-06,5.632216277105041e-06,-1.6083680670138668e-06,1.6083680670138668e-06,-22.213235708251194
dobj->preconj,dobj,preconj,5.0,2.0,7.240584344118908e-06,5.632216277105041e-06,-1.6083680670138668e-06,1.6083680670138668e-06,-22.213235708251194
nsubj->dep,nsubj,dep,5.0,2.0,7.240584344118908e-06,5.632216277105041e-06,-1.6083680670138668e-06,1.6083680670138668e-06,-22.213235708251194
amod->acl,amod,acl,5.0,2.0,7.240584344118908e-06,5.632216277105041e-06,-1.6083680670138668e-06,1.6083680670138668e-06,-22.213235708251194
acl->nsubjpass,acl,nsubjpass,3.0,1.0,4.344350606471345e-06,2.8161081385525205e-06,-1.5282424679188245e-06,1.5282424679188245e-06,-35.17769642354266
dep->aux,dep,aux,3.0,1.0,4.344350606471345e-06,2.8161081385525205e-06,-1.5282424679188245e-06,1.5282424679188245e-06,-35.17769642354266
conj->pcomp,conj,pcomp,3.0,1.0,4.344350606471345e-06,2.8161081385525205e-06,-1.5282424679188245e-06,1.5282424679188245e-06,-35.17769642354266
pcomp->attr,pcomp,attr,3.0,1.0,4.344350606471345e-06,2.8161081385525205e-06,-1.5282424679188245e-06,1.5282424679188245e-06,-35.17769642354266
amod->acomp,amod,acomp,3.0,1.0,4.344350606471345e-06,2.8161081385525205e-06,-1.5282424679188245e-06,1.5282424679188245e-06,-35.17769642354266
preconj->npadvmod,preconj,npadvmod,3.0,1.0,4.344350606471345e-06,2.8161081385525205e-06,-1.5282424679188245e-06,1.5282424679188245e-06,-35.17769642354266
dobj->acomp,dobj,acomp,3.0,1.0,4.344350606471345e-06,2.8161081385525205e-06,-1.5282424679188245e-06,1.5282424679188245e-06,-35.17769642354266
nsubj->preconj,nsubj,preconj,3.0,1.0,4.344350606471345e-06,2.8161081385525205e-06,-1.5282424679188245e-06,1.5282424679188245e-06,-35.17769642354266
csubj->amod,csubj,amod,3.0,1.0,4.344350606471345e-06,2.8161081385525205e-06,-1.5282424679188245e-06,1.5282424679188245e-06,-35.17769642354266
xcomp->neg,xcomp,neg,3.0,1.0,4.344350606471345e-06,2.8161081385525205e-06,-1.5282424679188245e-06,1.5282424679188245e-06,-35.17769642354266
dep->pobj,dep,pobj,3.0,1.0,4.344350606471345e-06,2.8161081385525205e-06,-1.5282424679188245e-06,1.5282424679188245e-06,-35.17769642354266
acomp->det,acomp,det,3.0,1.0,4.344350606471345e-06,2.8161081385525205e-06,-1.5282424679188245e-06,1.5282424679188245e-06,-35.17769642354266
ccomp->preconj,ccomp,preconj,1.0,0.0,1.4481168688237816e-06,0.0,-1.4481168688237816e-06,1.4481168688237816e-06,-100.0
ccomp->meta,ccomp,meta,1.0,0.0,1.4481168688237816e-06,0.0,-1.4481168688237816e-06,1.4481168688237816e-06,-100.0
preconj->case,preconj,case,1.0,0.0,1.4481168688237816e-06,0.0,-1.4481168688237816e-06,1.4481168688237816e-06,-100.0
amod->mark,amod,mark,1.0,0.0,1.4481168688237816e-06,0.0,-1.4481168688237816e-06,1.4481168688237816e-06,-100.0
predet->compound,predet,compound,1.0,0.0,1.4481168688237816e-06,0.0,-1.4481168688237816e-06,1.4481168688237816e-06,-100.0
agent->nmod,agent,nmod,1.0,0.0,1.4481168688237816e-06,0.0,-1.4481168688237816e-06,1.4481168688237816e-06,-100.0
agent->conj,agent,conj,1.0,0.0,1.4481168688237816e-06,0.0,-1.4481168688237816e-06,1.4481168688237816e-06,-100.0
agent->cc,agent,cc,1.0,0.0,1.4481168688237816e-06,0.0,-1.4481168688237816e-06,1.4481168688237816e-06,-100.0
advmod->quantmod,advmod,quantmod,1.0,0.0,1.4481168688237816e-06,0.0,-1.4481168688237816e-06,1.4481168688237816e-06,-100.0
predet->neg,predet,neg,1.0,0.0,1.4481168688237816e-06,0.0,-1.4481168688237816e-06,1.4481168688237816e-06,-100.0
ccomp->agent,ccomp,agent,1.0,0.0,1.4481168688237816e-06,0.0,-1.4481168688237816e-06,1.4481168688237816e-06,-100.0
relcl->mark,relcl,mark,1.0,0.0,1.4481168688237816e-06,0.0,-1.4481168688237816e-06,1.4481168688237816e-06,-100.0
relcl->dep,relcl,dep,1.0,0.0,1.4481168688237816e-06,0.0,-1.4481168688237816e-06,1.4481168688237816e-06,-100.0
nmod->dative,nmod,dative,1.0,0.0,1.4481168688237816e-06,0.0,-1.4481168688237816e-06,1.4481168688237816e-06,-100.0
npadvmod->intj,npadvmod,intj,1.0,0.0,1.4481168688237816e-06,0.0,-1.4481168688237816e-06,1.4481168688237816e-06,-100.0
nsubj->acomp,nsubj,acomp,1.0,0.0,1.4481168688237816e-06,0.0,-1.4481168688237816e-06,1.4481168688237816e-06,-100.0
npadvmod->advcl,npadvmod,advcl,1.0,0.0,1.4481168688237816e-06,0.0,-1.4481168688237816e-06,1.4481168688237816e-06,-100.0
npadvmod->dobj,npadvmod,dobj,1.0,0.0,1.4481168688237816e-06,0.0,-1.4481168688237816e-06,1.4481168688237816e-06,-100.0
csubj->nmod,csubj,nmod,1.0,0.0,1.4481168688237816e-06,0.0,-1.4481168688237816e-06,1.4481168688237816e-06,-100.0
relcl->parataxis,relcl,parataxis,1.0,0.0,1.4481168688237816e-06,0.0,-1.4481168688237816e-06,1.4481168688237816e-06,-100.0
csubjpass->aux,csubjpass,aux,1.0,0.0,1.4481168688237816e-06,0.0,-1.4481168688237816e-06,1.4481168688237816e-06,-100.0
csubjpass->acomp,csubjpass,acomp,1.0,0.0,1.4481168688237816e-06,0.0,-1.4481168688237816e-06,1.4481168688237816e-06,-100.0
amod->poss,amod,poss,1.0,0.0,1.4481168688237816e-06,0.0,-1.4481168688237816e-06,1.4481168688237816e-06,-100.0
amod->parataxis,amod,parataxis,1.0,0.0,1.4481168688237816e-06,0.0,-1.4481168688237816e-06,1.4481168688237816e-06,-100.0
neg->appos,neg,appos,1.0,0.0,1.4481168688237816e-06,0.0,-1.4481168688237816e-06,1.4481168688237816e-06,-100.0
meta->nsubj,meta,nsubj,1.0,0.0,1.4481168688237816e-06,0.0,-1.4481168688237816e-06,1.4481168688237816e-06,-100.0
aux->advcl,aux,advcl,1.0,0.0,1.4481168688237816e-06,0.0,-1.4481168688237816e-06,1.4481168688237816e-06,-100.0
prep->dative,prep,dative,1.0,0.0,1.4481168688237816e-06,0.0,-1.4481168688237816e-06,1.4481168688237816e-06,-100.0
meta->dep,meta,dep,1.0,0.0,1.4481168688237816e-06,0.0,-1.4481168688237816e-06,1.4481168688237816e-06,-100.0
conj->parataxis,conj,parataxis,1.0,0.0,1.4481168688237816e-06,0.0,-1.4481168688237816e-06,1.4481168688237816e-06,-100.0
case->cc,case,cc,1.0,0.0,1.4481168688237816e-06,0.0,-1.4481168688237816e-06,1.4481168688237816e-06,-100.0
conj->meta,conj,meta,1.0,0.0,1.4481168688237816e-06,0.0,-1.4481168688237816e-06,1.4481168688237816e-06,-100.0
conj->expl,conj,expl,1.0,0.0,1.4481168688237816e-06,0.0,-1.4481168688237816e-06,1.4481168688237816e-06,-100.0
poss->dobj,poss,dobj,1.0,0.0,1.4481168688237816e-06,0.0,-1.4481168688237816e-06,1.4481168688237816e-06,-100.0
dobj->dep,dobj,dep,1.0,0.0,1.4481168688237816e-06,0.0,-1.4481168688237816e-06,1.4481168688237816e-06,-100.0
dobj->intj,dobj,intj,1.0,0.0,1.4481168688237816e-06,0.0,-1.4481168688237816e-06,1.4481168688237816e-06,-100.0
appos->acomp,appos,acomp,1.0,0.0,1.4481168688237816e-06,0.0,-1.4481168688237816e-06,1.4481168688237816e-06,-100.0
appos->agent,appos,agent,1.0,0.0,1.4481168688237816e-06,0.0,-1.4481168688237816e-06,1.4481168688237816e-06,-100.0
oprd->nummod,oprd,nummod,1.0,0.0,1.4481168688237816e-06,0.0,-1.4481168688237816e-06,1.4481168688237816e-06,-100.0
parataxis->cc,parataxis,cc,1.0,0.0,1.4481168688237816e-06,0.0,-1.4481168688237816e-06,1.4481168688237816e-06,-100.0
pobj->prt,pobj,prt,1.0,0.0,1.4481168688237816e-06,0.0,-1.4481168688237816e-06,1.4481168688237816e-06,-100.0
dobj->parataxis,dobj,parataxis,1.0,0.0,1.4481168688237816e-06,0.0,-1.4481168688237816e-06,1.4481168688237816e-06,-100.0
nsubjpass->relcl,nsubjpass,relcl,1.0,0.0,1.4481168688237816e-06,0.0,-1.4481168688237816e-06,1.4481168688237816e-06,-100.0
nummod->acomp,nummod,acomp,1.0,0.0,1.4481168688237816e-06,0.0,-1.4481168688237816e-06,1.4481168688237816e-06,-100.0
appos->quantmod,appos,quantmod,1.0,0.0,1.4481168688237816e-06,0.0,-1.4481168688237816e-06,1.4481168688237816e-06,-100.0
nsubjpass->predet,nsubjpass,predet,1.0,0.0,1.4481168688237816e-06,0.0,-1.4481168688237816e-06,1.4481168688237816e-06,-100.0
meta->amod,meta,amod,1.0,0.0,1.4481168688237816e-06,0.0,-1.4481168688237816e-06,1.4481168688237816e-06,-100.0
mark->conj,mark,conj,1.0,0.0,1.4481168688237816e-06,0.0,-1.4481168688237816e-06,1.4481168688237816e-06,-100.0
mark->cc,mark,cc,1.0,0.0,1.4481168688237816e-06,0.0,-1.4481168688237816e-06,1.4481168688237816e-06,-100.0
intj->xcomp,intj,xcomp,1.0,0.0,1.4481168688237816e-06,0.0,-1.4481168688237816e-06,1.4481168688237816e-06,-100.0
advmod->dobj,advmod,dobj,1.0,0.0,1.4481168688237816e-06,0.0,-1.4481168688237816e-06,1.4481168688237816e-06,-100.0
advmod->acl,advmod,acl,1.0,0.0,1.4481168688237816e-06,0.0,-1.4481168688237816e-06,1.4481168688237816e-06,-100.0
advmod->ccomp,advmod,ccomp,1.0,0.0,1.4481168688237816e-06,0.0,-1.4481168688237816e-06,1.4481168688237816e-06,-100.0
acl->nmod,acl,nmod,1.0,0.0,1.4481168688237816e-06,0.0,-1.4481168688237816e-06,1.4481168688237816e-06,-100.0
acl->nummod,acl,nummod,1.0,0.0,1.4481168688237816e-06,0.0,-1.4481168688237816e-06,1.4481168688237816e-06,-100.0
attr->quantmod,attr,quantmod,1.0,0.0,1.4481168688237816e-06,0.0,-1.4481168688237816e-06,1.4481168688237816e-06,-100.0
conj->dative,conj,dative,1.0,0.0,1.4481168688237816e-06,0.0,-1.4481168688237816e-06,1.4481168688237816e-06,-100.0
cc->amod,cc,amod,1.0,0.0,1.4481168688237816e-06,0.0,-1.4481168688237816e-06,1.4481168688237816e-06,-100.0
nsubj->oprd,nsubj,oprd,1.0,0.0,1.4481168688237816e-06,0.0,-1.4481168688237816e-06,1.4481168688237816e-06,-100.0
appos->preconj,appos,preconj,1.0,0.0,1.4481168688237816e-06,0.0,-1.4481168688237816e-06,1.4481168688237816e-06,-100.0
appos->intj,appos,intj,1.0,0.0,1.4481168688237816e-06,0.0,-1.4481168688237816e-06,1.4481168688237816e-06,-100.0
pcomp->agent,pcomp,agent,1.0,0.0,1.4481168688237816e-06,0.0,-1.4481168688237816e-06,1.4481168688237816e-06,-100.0
oprd->det,oprd,det,1.0,0.0,1.4481168688237816e-06,0.0,-1.4481168688237816e-06,1.4481168688237816e-06,-100.0
oprd->npadvmod,oprd,npadvmod,1.0,0.0,1.4481168688237816e-06,0.0,-1.4481168688237816e-06,1.4481168688237816e-06,-100.0
oprd->acl,oprd,acl,1.0,0.0,1.4481168688237816e-06,0.0,-1.4481168688237816e-06,1.4481168688237816e-06,-100.0
dobj->case,dobj,case,1.0,0.0,1.4481168688237816e-06,0.0,-1.4481168688237816e-06,1.4481168688237816e-06,-100.0
compound->predet,compound,predet,1.0,0.0,1.4481168688237816e-06,0.0,-1.4481168688237816e-06,1.4481168688237816e-06,-100.0
det->prep,det,prep,1.0,0.0,1.4481168688237816e-06,0.0,-1.4481168688237816e-06,1.4481168688237816e-06,-100.0
parataxis->dep,parataxis,dep,1.0,0.0,1.4481168688237816e-06,0.0,-1.4481168688237816e-06,1.4481168688237816e-06,-100.0
parataxis->conj,parataxis,conj,1.0,0.0,1.4481168688237816e-06,0.0,-1.4481168688237816e-06,1.4481168688237816e-06,-100.0
advcl->intj,advcl,intj,1.0,0.0,1.4481168688237816e-06,0.0,-1.4481168688237816e-06,1.4481168688237816e-06,-100.0
auxpass->compound,auxpass,compound,1.0,0.0,1.4481168688237816e-06,0.0,-1.4481168688237816e-06,1.4481168688237816e-06,-100.0
auxpass->attr,auxpass,attr,1.0,0.0,1.4481168688237816e-06,0.0,-1.4481168688237816e-06,1.4481168688237816e-06,-100.0
aux->neg,aux,neg,1.0,0.0,1.4481168688237816e-06,0.0,-1.4481168688237816e-06,1.4481168688237816e-06,-100.0
det->quantmod,det,quantmod,1.0,0.0,1.4481168688237816e-06,0.0,-1.4481168688237816e-06,1.4481168688237816e-06,-100.0
dep->intj,dep,intj,1.0,0.0,1.4481168688237816e-06,0.0,-1.4481168688237816e-06,1.4481168688237816e-06,-100.0
dep->dative,dep,dative,1.0,0.0,1.4481168688237816e-06,0.0,-1.4481168688237816e-06,1.4481168688237816e-06,-100.0
dep->case,dep,case,1.0,0.0,1.4481168688237816e-06,0.0,-1.4481168688237816e-06,1.4481168688237816e-06,-100.0
attr->npadvmod,attr,npadvmod,1.0,0.0,1.4481168688237816e-06,0.0,-1.4481168688237816e-06,1.4481168688237816e-06,-100.0
appos->predet,appos,predet,1.0,0.0,1.4481168688237816e-06,0.0,-1.4481168688237816e-06,1.4481168688237816e-06,-100.0
pobj->pcomp,pobj,pcomp,1.0,0.0,1.4481168688237816e-06,0.0,-1.4481168688237816e-06,1.4481168688237816e-06,-100.0
advcl->parataxis,advcl,parataxis,1.0,0.0,1.4481168688237816e-06,0.0,-1.4481168688237816e-06,1.4481168688237816e-06,-100.0
csubj->mark,csubj,mark,1.0,0.0,1.4481168688237816e-06,0.0,-1.4481168688237816e-06,1.4481168688237816e-06,-100.0
csubj->neg,csubj,neg,1.0,0.0,1.4481168688237816e-06,0.0,-1.4481168688237816e-06,1.4481168688237816e-06,-100.0
quantmod->nmod,quantmod,nmod,1.0,0.0,1.4481168688237816e-06,0.0,-1.4481168688237816e-06,1.4481168688237816e-06,-100.0
dative->conj,dative,conj,1.0,0.0,1.4481168688237816e-06,0.0,-1.4481168688237816e-06,1.4481168688237816e-06,-100.0
dep->agent,dep,agent,1.0,0.0,1.4481168688237816e-06,0.0,-1.4481168688237816e-06,1.4481168688237816e-06,-100.0
attr->case,attr,case,1.0,0.0,1.4481168688237816e-06,0.0,-1.4481168688237816e-06,1.4481168688237816e-06,-100.0
acomp->meta,acomp,meta,1.0,0.0,1.4481168688237816e-06,0.0,-1.4481168688237816e-06,1.4481168688237816e-06,-100.0
csubjpass->neg,csubjpass,neg,1.0,0.0,1.4481168688237816e-06,0.0,-1.4481168688237816e-06,1.4481168688237816e-06,-100.0
pobj->acomp,pobj,acomp,1.0,0.0,1.4481168688237816e-06,0.0,-1.4481168688237816e-06,1.4481168688237816e-06,-100.0
pobj->meta,pobj,meta,1.0,0.0,1.4481168688237816e-06,0.0,-1.4481168688237816e-06,1.4481168688237816e-06,-100.0
relcl->pobj,relcl,pobj,1.0,0.0,1.4481168688237816e-06,0.0,-1.4481168688237816e-06,1.4481168688237816e-06,-100.0
csubjpass->nsubj,csubjpass,nsubj,1.0,0.0,1.4481168688237816e-06,0.0,-1.4481168688237816e-06,1.4481168688237816e-06,-100.0
pobj->intj,pobj,intj,1.0,0.0,1.4481168688237816e-06,0.0,-1.4481168688237816e-06,1.4481168688237816e-06,-100.0
pobj->ccomp,pobj,ccomp,1.0,0.0,1.4481168688237816e-06,0.0,-1.4481168688237816e-06,1.4481168688237816e-06,-100.0
acl->appos,acl,appos,1.0,0.0,1.4481168688237816e-06,0.0,-1.4481168688237816e-06,1.4481168688237816e-06,-100.0
xcomp->pobj,xcomp,pobj,1.0,0.0,1.4481168688237816e-06,0.0,-1.4481168688237816e-06,1.4481168688237816e-06,-100.0
advcl->oprd,advcl,oprd,1.0,1.0,1.4481168688237816e-06,2.8161081385525205e-06,1.367991269728739e-06,1.367991269728739e-06,94.466910729372
pcomp->nsubjpass,pcomp,nsubjpass,1.0,1.0,1.4481168688237816e-06,2.8161081385525205e-06,1.367991269728739e-06,1.367991269728739e-06,94.466910729372
acomp->acl,acomp,acl,1.0,1.0,1.4481168688237816e-06,2.8161081385525205e-06,1.367991269728739e-06,1.367991269728739e-06,94.466910729372
advcl->acl,advcl,acl,1.0,1.0,1.4481168688237816e-06,2.8161081385525205e-06,1.367991269728739e-06,1.367991269728739e-06,94.466910729372
advcl->dep,advcl,dep,1.0,1.0,1.4481168688237816e-06,2.8161081385525205e-06,1.367991269728739e-06,1.367991269728739e-06,94.466910729372
nummod->pobj,nummod,pobj,1.0,1.0,1.4481168688237816e-06,2.8161081385525205e-06,1.367991269728739e-06,1.367991269728739e-06,94.466910729372
parataxis->aux,parataxis,aux,1.0,1.0,1.4481168688237816e-06,2.8161081385525205e-06,1.367991269728739e-06,1.367991269728739e-06,94.466910729372
nummod->acl,nummod,acl,1.0,1.0,1.4481168688237816e-06,2.8161081385525205e-06,1.367991269728739e-06,1.367991269728739e-06,94.466910729372
advcl->dative,advcl,dative,1.0,1.0,1.4481168688237816e-06,2.8161081385525205e-06,1.367991269728739e-06,1.367991269728739e-06,94.466910729372
auxpass->csubj,auxpass,csubj,1.0,1.0,1.4481168688237816e-06,2.8161081385525205e-06,1.367991269728739e-06,1.367991269728739e-06,94.466910729372
advcl->appos,advcl,appos,1.0,1.0,1.4481168688237816e-06,2.8161081385525205e-06,1.367991269728739e-06,1.367991269728739e-06,94.466910729372
ROOT->case,ROOT,case,1.0,1.0,1.4481168688237816e-06,2.8161081385525205e-06,1.367991269728739e-06,1.367991269728739e-06,94.466910729372
appos->csubj,appos,csubj,1.0,1.0,1.4481168688237816e-06,2.8161081385525205e-06,1.367991269728739e-06,1.367991269728739e-06,94.466910729372
dep->mark,dep,mark,1.0,1.0,1.4481168688237816e-06,2.8161081385525205e-06,1.367991269728739e-06,1.367991269728739e-06,94.466910729372
dep->ccomp,dep,ccomp,1.0,1.0,1.4481168688237816e-06,2.8161081385525205e-06,1.367991269728739e-06,1.367991269728739e-06,94.466910729372
appos->pobj,appos,pobj,1.0,1.0,1.4481168688237816e-06,2.8161081385525205e-06,1.367991269728739e-06,1.367991269728739e-06,94.466910729372
dative->poss,dative,poss,1.0,1.0,1.4481168688237816e-06,2.8161081385525205e-06,1.367991269728739e-06,1.367991269728739e-06,94.466910729372
prt->cc,prt,cc,1.0,1.0,1.4481168688237816e-06,2.8161081385525205e-06,1.367991269728739e-06,1.367991269728739e-06,94.466910729372
prt->conj,prt,conj,1.0,1.0,1.4481168688237816e-06,2.8161081385525205e-06,1.367991269728739e-06,1.367991269728739e-06,94.466910729372
dep->attr,dep,attr,1.0,1.0,1.4481168688237816e-06,2.8161081385525205e-06,1.367991269728739e-06,1.367991269728739e-06,94.466910729372
ccomp->expl,ccomp,expl,1.0,1.0,1.4481168688237816e-06,2.8161081385525205e-06,1.367991269728739e-06,1.367991269728739e-06,94.466910729372
csubj->acl,csubj,acl,1.0,1.0,1.4481168688237816e-06,2.8161081385525205e-06,1.367991269728739e-06,1.367991269728739e-06,94.466910729372
relcl->amod,relcl,amod,1.0,1.0,1.4481168688237816e-06,2.8161081385525205e-06,1.367991269728739e-06,1.367991269728739e-06,94.466910729372
aux->attr,aux,attr,1.0,1.0,1.4481168688237816e-06,2.8161081385525205e-06,1.367991269728739e-06,1.367991269728739e-06,94.466910729372
nsubj->case,nsubj,case,1.0,1.0,1.4481168688237816e-06,2.8161081385525205e-06,1.367991269728739e-06,1.367991269728739e-06,94.466910729372
npadvmod->dep,npadvmod,dep,1.0,1.0,1.4481168688237816e-06,2.8161081385525205e-06,1.367991269728739e-06,1.367991269728739e-06,94.466910729372
preconj->prt,preconj,prt,1.0,1.0,1.4481168688237816e-06,2.8161081385525205e-06,1.367991269728739e-06,1.367991269728739e-06,94.466910729372
nsubjpass->nummod,nsubjpass,nummod,1.0,1.0,1.4481168688237816e-06,2.8161081385525205e-06,1.367991269728739e-06,1.367991269728739e-06,94.466910729372
attr->neg,attr,neg,1.0,1.0,1.4481168688237816e-06,2.8161081385525205e-06,1.367991269728739e-06,1.367991269728739e-06,94.466910729372
ROOT->preconj,ROOT,preconj,3.0,2.0,4.344350606471345e-06,5.632216277105041e-06,1.287865670633696e-06,1.287865670633696e-06,29.644607152914666
dep->meta,dep,meta,3.0,2.0,4.344350606471345e-06,5.632216277105041e-06,1.287865670633696e-06,1.287865670633696e-06,29.644607152914666
det->advmod,det,advmod,3.0,2.0,4.344350606471345e-06,5.632216277105041e-06,1.287865670633696e-06,1.287865670633696e-06,29.644607152914666
advmod->dep,advmod,dep,3.0,2.0,4.344350606471345e-06,5.632216277105041e-06,1.287865670633696e-06,1.287865670633696e-06,29.644607152914666
amod->oprd,amod,oprd,3.0,2.0,4.344350606471345e-06,5.632216277105041e-06,1.287865670633696e-06,1.287865670633696e-06,29.644607152914666
advmod->advcl,advmod,advcl,3.0,2.0,4.344350606471345e-06,5.632216277105041e-06,1.287865670633696e-06,1.287865670633696e-06,29.644607152914666
dep->nsubj,dep,nsubj,5.0,3.0,7.240584344118908e-06,8.448324415657562e-06,1.2077400715386542e-06,1.2077400715386542e-06,16.680146437623215
agent->pcomp,agent,pcomp,5.0,3.0,7.240584344118908e-06,8.448324415657562e-06,1.2077400715386542e-06,1.2077400715386542e-06,16.680146437623215
npadvmod->relcl,npadvmod,relcl,5.0,3.0,7.240584344118908e-06,8.448324415657562e-06,1.2077400715386542e-06,1.2077400715386542e-06,16.680146437623215
acomp->neg,acomp,neg,5.0,3.0,7.240584344118908e-06,8.448324415657562e-06,1.2077400715386542e-06,1.2077400715386542e-06,16.680146437623215
relcl->ccomp,relcl,ccomp,5.0,3.0,7.240584344118908e-06,8.448324415657562e-06,1.2077400715386542e-06,1.2077400715386542e-06,16.680146437623215
acl->auxpass,acl,auxpass,5.0,3.0,7.240584344118908e-06,8.448324415657562e-06,1.2077400715386542e-06,1.2077400715386542e-06,16.680146437623215
pcomp->acomp,pcomp,acomp,5.0,3.0,7.240584344118908e-06,8.448324415657562e-06,1.2077400715386542e-06,1.2077400715386542e-06,16.680146437623215
oprd->cc,oprd,cc,5.0,3.0,7.240584344118908e-06,8.448324415657562e-06,1.2077400715386542e-06,1.2077400715386542e-06,16.680146437623215
poss->nummod,poss,nummod,5.0,3.0,7.240584344118908e-06,8.448324415657562e-06,1.2077400715386542e-06,1.2077400715386542e-06,16.680146437623215
npadvmod->prep,npadvmod,prep,112.0,58.0,0.00016218908930826353,0.00016333427203604617,1.1451827277826425e-06,1.1451827277826425e-06,0.7060787705676423
ccomp->auxpass,ccomp,auxpass,9.0,5.0,1.3033051819414034e-05,1.4080540692762602e-05,1.0474888733485688e-06,1.0474888733485688e-06,8.037172627428898
ccomp->mark,ccomp,mark,9.0,5.0,1.3033051819414034e-05,1.4080540692762602e-05,1.0474888733485688e-06,1.0474888733485688e-06,8.037172627428898
csubj->conj,csubj,conj,13.0,7.0,1.882551929470916e-05,1.9712756969867644e-05,8.872376751584851e-07,8.872376751584851e-07,4.712951931200325
ccomp->neg,ccomp,neg,15.0,8.0,2.1721753032356724e-05,2.2528865108420164e-05,8.071120760634407e-07,8.071120760634407e-07,3.7156857223317408
compound->nsubj,compound,nsubj,53.0,27.0,7.675019404766042e-05,7.603491974091805e-05,-7.152743067423688e-07,7.152743067423688e-07,-0.9319511378670873
npadvmod->conj,npadvmod,conj,53.0,27.0,7.675019404766042e-05,7.603491974091805e-05,-7.152743067423688e-07,7.152743067423688e-07,-0.9319511378670873
relcl->advcl,relcl,advcl,19.0,10.0,2.751422050765185e-05,2.8161081385525205e-05,6.468608778733553e-07,6.468608778733553e-07,2.3510056470379013
ccomp->xcomp,ccomp,xcomp,16.0,8.0,2.3169869901180506e-05,2.2528865108420164e-05,-6.410047927603416e-07,6.410047927603416e-07,-2.766544635313996
agent->pobj,agent,pobj,301.0,155.0,0.00043588317751595823,0.00043649676147564066,6.135839596824243e-07,6.135839596824243e-07,0.14076798356366027
appos->npadvmod,appos,npadvmod,21.0,11.0,3.0410454245299414e-05,3.0977189524077725e-05,5.667352787783109e-07,5.667352787783109e-07,1.8636199058615246
attr->conj,attr,conj,14.0,7.0,2.027363616353294e-05,1.9712756969867644e-05,-5.608791936652972e-07,5.608791936652972e-07,-2.7665446353139878
amod->aux,amod,aux,45.0,23.0,6.516525909707016e-05,6.477048718670797e-05,-3.9477191036219126e-07,3.9477191036219126e-07,-0.6058011827654043
conj->attr,conj,attr,8.0,4.0,1.1584934950590253e-05,1.1264432554210082e-05,-3.205023963801708e-07,3.205023963801708e-07,-2.766544635313996
dep->relcl,dep,relcl,8.0,4.0,1.1584934950590253e-05,1.1264432554210082e-05,-3.205023963801708e-07,3.205023963801708e-07,-2.766544635313996
nsubjpass->nmod,nsubjpass,nmod,6.0,3.0,8.68870121294269e-06,8.448324415657562e-06,-2.403767972851281e-07,2.403767972851281e-07,-2.7665446353139957
dep->advcl,dep,advcl,6.0,3.0,8.68870121294269e-06,8.448324415657562e-06,-2.403767972851281e-07,2.403767972851281e-07,-2.7665446353139957
nmod->poss,nmod,poss,6.0,3.0,8.68870121294269e-06,8.448324415657562e-06,-2.403767972851281e-07,2.403767972851281e-07,-2.7665446353139957
conj->case,conj,case,6.0,3.0,8.68870121294269e-06,8.448324415657562e-06,-2.403767972851281e-07,2.403767972851281e-07,-2.7665446353139957
ccomp->det,ccomp,det,4.0,2.0,5.7924674752951265e-06,5.632216277105041e-06,-1.602511981900854e-07,1.602511981900854e-07,-2.766544635313996
acl->intj,acl,intj,4.0,2.0,5.7924674752951265e-06,5.632216277105041e-06,-1.602511981900854e-07,1.602511981900854e-07,-2.766544635313996
poss->advmod,poss,advmod,4.0,2.0,5.7924674752951265e-06,5.632216277105041e-06,-1.602511981900854e-07,1.602511981900854e-07,-2.766544635313996
nsubj->aux,nsubj,aux,4.0,2.0,5.7924674752951265e-06,5.632216277105041e-06,-1.602511981900854e-07,1.602511981900854e-07,-2.766544635313996
pcomp->neg,pcomp,neg,4.0,2.0,5.7924674752951265e-06,5.632216277105041e-06,-1.602511981900854e-07,1.602511981900854e-07,-2.766544635313996
nsubjpass->neg,nsubjpass,neg,4.0,2.0,5.7924674752951265e-06,5.632216277105041e-06,-1.602511981900854e-07,1.602511981900854e-07,-2.766544635313996
parataxis->prep,parataxis,prep,2.0,1.0,2.8962337376475632e-06,2.8161081385525205e-06,-8.01255990950427e-08,8.01255990950427e-08,-2.766544635313996
pcomp->dep,pcomp,dep,2.0,1.0,2.8962337376475632e-06,2.8161081385525205e-06,-8.01255990950427e-08,8.01255990950427e-08,-2.766544635313996
aux->mark,aux,mark,2.0,1.0,2.8962337376475632e-06,2.8161081385525205e-06,-8.01255990950427e-08,8.01255990950427e-08,-2.766544635313996
cc->pcomp,cc,pcomp,2.0,1.0,2.8962337376475632e-06,2.8161081385525205e-06,-8.01255990950427e-08,8.01255990950427e-08,-2.766544635313996
xcomp->attr,xcomp,attr,2.0,1.0,2.8962337376475632e-06,2.8161081385525205e-06,-8.01255990950427e-08,8.01255990950427e-08,-2.766544635313996
xcomp->agent,xcomp,agent,2.0,1.0,2.8962337376475632e-06,2.8161081385525205e-06,-8.01255990950427e-08,8.01255990950427e-08,-2.766544635313996
acomp->preconj,acomp,preconj,2.0,1.0,2.8962337376475632e-06,2.8161081385525205e-06,-8.01255990950427e-08,8.01255990950427e-08,-2.766544635313996
neg->advmod,neg,advmod,2.0,1.0,2.8962337376475632e-06,2.8161081385525205e-06,-8.01255990950427e-08,8.01255990950427e-08,-2.766544635313996
meta->conj,meta,conj,2.0,1.0,2.8962337376475632e-06,2.8161081385525205e-06,-8.01255990950427e-08,8.01255990950427e-08,-2.766544635313996
aux->amod,aux,amod,2.0,1.0,2.8962337376475632e-06,2.8161081385525205e-06,-8.01255990950427e-08,8.01255990950427e-08,-2.766544635313996
acl->det,acl,det,2.0,1.0,2.8962337376475632e-06,2.8161081385525205e-06,-8.01255990950427e-08,8.01255990950427e-08,-2.766544635313996
nmod->parataxis,nmod,parataxis,2.0,1.0,2.8962337376475632e-06,2.8161081385525205e-06,-8.01255990950427e-08,8.01255990950427e-08,-2.766544635313996
nmod->quantmod,nmod,quantmod,2.0,1.0,2.8962337376475632e-06,2.8161081385525205e-06,-8.01255990950427e-08,8.01255990950427e-08,-2.766544635313996
advmod->aux,advmod,aux,2.0,1.0,2.8962337376475632e-06,2.8161081385525205e-06,-8.01255990950427e-08,8.01255990950427e-08,-2.766544635313996
conj->dep,conj,dep,2.0,1.0,2.8962337376475632e-06,2.8161081385525205e-06,-8.01255990950427e-08,8.01255990950427e-08,-2.766544635313996
conj->agent,conj,agent,2.0,1.0,2.8962337376475632e-06,2.8161081385525205e-06,-8.01255990950427e-08,8.01255990950427e-08,-2.766544635313996
nsubjpass->acl,nsubjpass,acl,2.0,1.0,2.8962337376475632e-06,2.8161081385525205e-06,-8.01255990950427e-08,8.01255990950427e-08,-2.766544635313996
appos->meta,appos,meta,2.0,1.0,2.8962337376475632e-06,2.8161081385525205e-06,-8.01255990950427e-08,8.01255990950427e-08,-2.766544635313996
mark->pobj,mark,pobj,2.0,1.0,2.8962337376475632e-06,2.8161081385525205e-06,-8.01255990950427e-08,8.01255990950427e-08,-2.766544635313996
dep->acomp,dep,acomp,2.0,1.0,2.8962337376475632e-06,2.8161081385525205e-06,-8.01255990950427e-08,8.01255990950427e-08,-2.766544635313996
prep->nummod,prep,nummod,2.0,1.0,2.8962337376475632e-06,2.8161081385525205e-06,-8.01255990950427e-08,8.01255990950427e-08,-2.766544635313996
csubjpass->dobj,csubjpass,dobj,2.0,1.0,2.8962337376475632e-06,2.8161081385525205e-06,-8.01255990950427e-08,8.01255990950427e-08,-2.766544635313996
ccomp->oprd,ccomp,oprd,2.0,1.0,2.8962337376475632e-06,2.8161081385525205e-06,-8.01255990950427e-08,8.01255990950427e-08,-2.766544635313996
