month_ts,paper_count,marker_words_total_per_1k_words_monthly_mean,marker_verbs_total_per_1k_words_monthly_mean,marker_adjectives_total_per_1k_words_monthly_mean,marker_phrases_total_per_1k_words_monthly_mean,sequential_markers_total_per_1k_words_monthly_mean,causal_markers_total_per_1k_words_monthly_mean,contrast_markers_total_per_1k_words_monthly_mean,emphasis_markers_total_per_1k_words_monthly_mean,summary_markers_total_per_1k_words_monthly_mean,word_finding_per_1k_words_monthly_mean,word_interplay_per_1k_words_monthly_mean,word_realm_per_1k_words_monthly_mean,word_insight_per_1k_words_monthly_mean,word_notably_per_1k_words_monthly_mean,word_particularly_per_1k_words_monthly_mean,word_meticulously_per_1k_words_monthly_mean,word_while_per_1k_words_monthly_mean,word_within_per_1k_words_monthly_mean,word_across_per_1k_words_monthly_mean,word_additionally_per_1k_words_monthly_mean,verb_delve_per_1k_words_monthly_mean,verb_underscore_per_1k_words_monthly_mean,verb_showcase_per_1k_words_monthly_mean,verb_enhance_per_1k_words_monthly_mean,verb_exhibit_per_1k_words_monthly_mean,verb_garner_per_1k_words_monthly_mean,verb_align_per_1k_words_monthly_mean,verb_foster_per_1k_words_monthly_mean,adjective_crucial_per_1k_words_monthly_mean,adjective_pivotal_per_1k_words_monthly_mean,adjective_comprehensive_per_1k_words_monthly_mean,adjective_intricate_per_1k_words_monthly_mean,adjective_potential_per_1k_words_monthly_mean,phrase_meticulously_delve_per_1k_words_monthly_mean,phrase_intricate_web_per_1k_words_monthly_mean,phrase_comprehensive_chapter_per_1k_words_monthly_mean,phrase_deep_dive_per_1k_words_monthly_mean,phrase_intricate_interplay_per_1k_words_monthly_mean,phrase_essential_insight_per_1k_words_monthly_mean,sequential_marker_additionally_per_1k_words_monthly_mean,sequential_marker_furthermore_per_1k_words_monthly_mean,sequential_marker_moreover_per_1k_words_monthly_mean,sequential_marker_subsequently_per_1k_words_monthly_mean,sequential_marker_further_per_1k_words_monthly_mean,causal_marker_hence_per_1k_words_monthly_mean,causal_marker_thus_per_1k_words_monthly_mean,causal_marker_consequently_per_1k_words_monthly_mean,causal_marker_accordingly_per_1k_words_monthly_mean,causal_marker_thereby_per_1k_words_monthly_mean,contrast_marker_however_per_1k_words_monthly_mean,contrast_marker_nonetheless_per_1k_words_monthly_mean,contrast_marker_nevertheless_per_1k_words_monthly_mean,contrast_marker_conversely_per_1k_words_monthly_mean,contrast_marker_alternatively_per_1k_words_monthly_mean,emphasis_marker_notably_per_1k_words_monthly_mean,emphasis_marker_crucially_per_1k_words_monthly_mean,emphasis_marker_remarkably_per_1k_words_monthly_mean,emphasis_marker_particularly_per_1k_words_monthly_mean,emphasis_marker_importantly_per_1k_words_monthly_mean,summary_marker_overall_per_1k_words_monthly_mean,summary_marker_collectively_per_1k_words_monthly_mean,summary_marker_ultimately_per_1k_words_monthly_mean,summary_marker_in_summary_per_1k_words_monthly_mean,summary_marker_taken_together_per_1k_words_monthly_mean,em_dash_per_1k_words_monthly_mean,semicolon_per_1k_words_monthly_mean,colon_per_1k_words_monthly_mean,clause_depth_monthly_mean,clause_depth_std_monthly_mean,dependency_entropy_monthly_mean,dependency_length_monthly_mean,dependency_length_std_monthly_mean,coordination_count_monthly_mean,coordination_per_sentence_std_monthly_mean,sentence_depth_std_monthly_mean,list_of_three_per_1k_words_monthly_mean,avg_words_per_sentence_monthly_mean,avg_syllables_per_word_monthly_mean,flesch_reading_ease_monthly_mean,flesch_kincaid_grade_monthly_mean,dale_chall_monthly_mean,smog_index_monthly_mean,automated_readability_index_monthly_mean,gunning_fog_monthly_mean,hedge_ratio_monthly_mean,certainty_ratio_monthly_mean,year,month
2015-01-01,8,2.8239486931152404,0.0,0.0,0.0,0.0,1.6365036580670003,0.0,0.0,0.0,0.0,0.0,0.0,0.0,0.0,0.0,0.0,2.0377851711026613,0.0,0.7861635220125787,0.0,0.0,0.0,0.0,0.0,0.0,0.0,0.0,0.0,0.0,0.0,0.0,0.0,0.0,0.0,0.0,0.0,0.0,0.0,0.0,0.0,0.0,0.0,0.0,0.0,0.7861635220125787,0.0,0.8503401360544217,0.0,0.0,0.0,0.0,0.0,0.0,0.0,0.0,0.0,0.0,0.0,0.0,0.0,0.0,0.0,0.0,0.0,1.4705882352941175,0.0,3.1021783713485394,12.375,2.3206061659672588,2.7898216719335376,3.085798313205444,0.4765253035430981,6.5,1.0055447690064327,2.3206061659672588,6.61681055815497,28.881597222222222,1.8128986353328191,28.124928237770042,15.601776013741935,11.897794036855661,16.302758878366387,17.45339356774019,18.37355706480163,0.0028332250922880773,0.0004752851711026616,2015,1
2015-02-01,8,4.700496357830517,0.0,0.6830601092896175,0.0,0.48262548262548266,0.0,0.0,0.0,0.0,1.1160714285714286,0.0,0.0,0.48262548262548266,0.0,0.0,0.0,0.6830601092896175,1.2093696686719944,1.2093696686719944,0.0,0.0,0.0,0.0,0.0,0.0,0.0,0.0,0.0,0.0,0.0,0.0,0.0,0.6830601092896175,0.0,0.0,0.0,0.0,0.0,0.0,0.0,0.48262548262548266,0.0,0.0,0.0,0.0,0.0,0.0,0.0,0.0,0.0,0.0,0.0,0.0,0.0,0.0,0.0,0.0,0.0,0.0,0.0,0.0,0.0,0.0,0.0,0.0,0.0,0.9541984732824427,12.375,2.568590926211587,2.7299338896754035,3.181207001791253,0.6022932257811526,7.5,0.8233664342581001,2.568590926211587,7.721589541129024,24.255208333333332,2.002705825288164,12.216854864911848,17.187203062788388,12.851572906758317,17.88169596347041,18.173889881678818,20.684870661160232,0.0021008403361344537,0.0,2015,2
2015-03-01,10,7.153123508478298,1.667849491251776,0.49504950495049505,0.0,0.0,0.8438818565400844,0.5235602094240839,0.5235602094240839,0.4329004329004329,2.056612248805237,0.0,0.0,1.347767488370071,0.0,0.0,0.0,0.9279499378509278,0.0,2.8207938334520613,0.0,0.0,0.0,0.0,0.0,0.4329004329004329,0.0,0.0,1.2349490583513432,0.0,0.0,0.0,0.0,0.49504950495049505,0.0,0.0,0.0,0.0,0.0,0.0,0.0,0.0,0.0,0.0,0.0,0.0,0.4219409282700422,0.0,0.0,0.4219409282700422,0.5235602094240839,0.0,0.0,0.0,0.0,0.0,0.0,0.0,0.0,0.5235602094240839,0.4329004329004329,0.0,0.0,0.0,0.0,0.9900990099009901,1.282051282051282,0.4329004329004329,13.9,3.2524044996026857,2.7812684675724095,3.3547805471559897,0.73716324529517,5.8,0.788642035207772,3.2524044996026857,4.560752772747741,25.87581168831169,1.8182588285388086,28.188744905636337,15.314304031767346,12.175606805893375,15.939702559317118,16.667810986688977,17.929601051955952,0.003274010107313382,0.0009621097856391973,2015,3
2015-04-01,7,2.5742626549078165,0.0,1.2422360248447204,0.0,0.0,0.0,0.45495905368516837,0.0,0.0,0.0,0.0,0.0,0.0,0.0,0.0,0.0,2.5742626549078165,0.0,0.0,0.0,0.0,0.0,0.0,0.0,0.0,0.0,0.0,0.0,0.0,0.0,0.0,0.0,1.2422360248447204,0.0,0.0,0.0,0.0,0.0,0.0,0.0,0.0,0.0,0.0,0.0,0.0,0.0,0.0,0.0,0.0,0.45495905368516837,0.0,0.0,0.0,0.0,0.0,0.0,0.0,0.0,0.0,0.0,0.0,0.0,0.0,0.0,0.0,0.45495905368516837,0.0,13.142857142857142,2.4557216755000115,2.7036512067382366,3.2352070680848093,0.5466984693138096,7.142857142857143,0.6317511866626668,2.4557216755000115,1.6095016095016097,23.006593406593407,1.8595348458277356,28.199849797341944,14.822475295320682,12.526843700586383,16.64540558898187,15.523281943364637,18.968971524035844,0.0020199192173714466,0.0,2015,4
2015-05-01,2,2.092050209205021,0.0,0.0,0.0,0.0,2.0408163265306123,0.0,0.0,2.092050209205021,0.0,0.0,0.0,0.0,0.0,0.0,0.0,0.0,2.092050209205021,0.0,0.0,0.0,0.0,0.0,0.0,0.0,0.0,0.0,0.0,0.0,0.0,0.0,0.0,0.0,0.0,0.0,0.0,0.0,0.0,0.0,0.0,0.0,0.0,0.0,0.0,0.0,2.0408163265306123,0.0,0.0,0.0,0.0,0.0,0.0,0.0,0.0,0.0,0.0,0.0,0.0,0.0,2.092050209205021,0.0,0.0,0.0,0.0,0.0,0.0,2.092050209205021,11.0,1.8128680677404048,2.789668085729798,3.5226190476190475,0.6850426072014979,8.0,0.7255652951646963,1.8128680677404048,0.0,27.075,1.8772902603664416,21.649400448333623,16.530416302058015,12.591190118603915,17.743252479280102,17.458065239870052,20.468495806035914,0.0020920502092050207,0.0020920502092050207,2015,5
2015-06-01,6,0.0,0.0,1.982758620689655,0.0,0.0,0.0,1.8315018315018314,0.0,0.8333333333333334,0.0,0.0,0.0,0.0,0.0,0.0,0.0,0.0,0.0,0.0,0.0,0.0,0.0,0.0,0.0,0.0,0.0,0.0,0.0,0.0,0.0,0.0,0.8333333333333334,1.1494252873563218,0.0,0.0,0.0,0.0,0.0,0.0,0.0,0.0,0.0,0.0,0.0,0.0,0.0,0.0,0.0,0.0,1.8315018315018314,0.0,0.0,0.0,0.0,0.0,0.0,0.0,0.0,0.0,0.8333333333333334,0.0,0.0,0.0,0.0,0.0,2.9809271188581534,0.0,12.5,2.689398269940867,2.7533828264873867,3.174938746099252,0.5842007463850668,4.166666666666667,0.6909618628865003,2.689398269940867,2.3909657320872273,22.481547619047618,1.8218085607060566,29.006817877103867,14.756061834433003,12.089188631979582,15.818231721222212,16.22472718880014,17.39332329383686,0.0,0.0,2015,6
2015-07-01,6,5.998465508823325,0.0,0.9416195856873824,0.0,0.0,0.0,0.0,0.0,0.0,0.0,0.0,0.0,0.0,0.0,0.0,0.0,2.05761316872428,3.940852340099044,0.0,0.0,0.0,0.0,0.0,0.0,0.0,0.0,0.0,0.0,0.0,0.0,0.9416195856873824,0.0,0.0,0.0,0.0,0.0,0.0,0.0,0.0,0.0,0.0,0.0,0.0,0.0,0.0,0.0,0.0,0.0,0.0,0.0,0.0,0.0,0.0,0.0,0.0,0.0,0.0,0.0,0.0,0.0,0.0,0.0,0.0,0.0,0.0,4.259850905218317,2.3750018497405727,10.833333333333334,2.2848216300650623,2.77041537813556,3.782775199314434,1.0631918649053942,9.5,1.2390365483872543,2.2848216300650623,10.83229765944644,23.36111111111111,1.9337956636997558,26.037116029313623,15.372073941575346,12.570467542653448,16.43264740237797,16.623964198504122,18.348459861898323,0.0018018018018018018,0.002999232754411662,2015,7
2015-08-01,11,2.412404117228638,0.0,1.047366872609591,0.0,1.2696306126963062,1.3536440922124306,0.9775171065493647,0.5753739930955121,0.5753739930955121,0.0,0.0,0.0,0.5980861244019139,0.0,0.5753739930955121,0.0,0.0,0.5753739930955121,0.6635700066357001,0.0,0.0,0.0,0.0,0.0,0.0,0.0,0.0,0.0,0.0,0.0,0.0,0.0,1.047366872609591,0.0,0.0,0.0,0.0,0.0,0.0,0.0,1.2696306126963062,0.0,0.0,0.0,0.0,0.47103155911446065,0.0,0.0,0.8826125330979699,0.9775171065493647,0.0,0.0,0.0,0.0,0.0,0.0,0.0,0.5753739930955121,0.0,0.5753739930955121,0.0,0.0,0.0,0.0,0.0,0.44130626654898497,0.44130626654898497,12.818181818181818,2.9236872996582908,2.7579830334912314,3.455337939448364,0.7937846384275656,6.363636363636363,1.1084586047625402,2.9236872996582908,10.519829448973574,27.863734750098388,1.9708980526613649,12.13572539217555,18.404113188093927,12.962020393785782,18.59274929085404,20.626112602377418,21.40009024524429,0.0006060606060606061,0.001968931311997005,2015,8
2015-09-01,9,1.7030570777225549,1.5709198038447914,0.0,0.0,0.0,0.4708097928436912,0.0,1.0210451221687176,0.0,0.0,0.0,0.0,0.4708097928436912,0.0,0.3968253968253968,0.0,0.4177109440267335,0.0,0.4177109440267335,0.0,0.0,0.0,0.0,1.1001100110011002,0.4708097928436912,0.0,0.0,0.0,0.0,0.0,0.0,0.0,0.0,0.0,0.0,0.0,0.0,0.0,0.0,0.0,0.0,0.0,0.0,0.0,0.0,0.4708097928436912,0.0,0.0,0.0,0.0,0.0,0.0,0.0,0.0,0.0,0.0,0.6242197253433208,0.3968253968253968,0.0,0.0,0.0,0.0,0.0,0.0,0.0,0.4177109440267335,3.9164007953021684,10.666666666666666,2.104099901861291,2.7351390327648293,3.195704139022335,0.6296906473726009,7.555555555555555,0.8744254492438467,2.104099901861291,5.803586178251655,22.280168905168907,1.9016659482812743,25.335506271461764,14.919667120207613,12.382236823668098,16.31536630305684,15.987196154574768,18.447688893617972,0.00047080979284369113,0.0,2015,9
2015-10-01,1,0.0,0.0,0.0,0.0,5.025125628140704,0.0,0.0,0.0,0.0,0.0,0.0,0.0,0.0,0.0,0.0,0.0,0.0,0.0,0.0,0.0,0.0,0.0,0.0,0.0,0.0,0.0,0.0,0.0,0.0,0.0,0.0,0.0,0.0,0.0,0.0,0.0,0.0,0.0,0.0,0.0,5.025125628140704,0.0,0.0,0.0,0.0,0.0,0.0,0.0,0.0,0.0,0.0,0.0,0.0,0.0,0.0,0.0,0.0,0.0,0.0,0.0,0.0,0.0,0.0,0.0,0.0,0.0,0.0,13.0,2.748376143938713,2.7501940340203443,3.511111111111111,0.8591865421487259,14.0,1.0350983390135313,2.748376143938713,5.025125628140704,24.75,1.6868686868686869,38.407122461928964,14.019841370558378,11.991453299492386,14.90622815163357,15.96265228426396,16.5505076142132,0.0,0.0,2015,10
2015-11-01,5,5.861977084998668,1.3605442176870748,0.0,0.0,0.0,0.0,0.0,0.0,0.7194244604316548,0.0,0.0,0.0,0.7194244604316548,0.0,0.0,0.0,1.4388489208633095,1.8518518518518519,1.8518518518518519,0.0,0.0,0.0,0.0,1.3605442176870748,0.0,0.0,0.0,0.0,0.0,0.0,0.0,0.0,0.0,0.0,0.0,0.0,0.0,0.0,0.0,0.0,0.0,0.0,0.0,0.0,0.0,0.0,0.0,0.0,0.0,0.0,0.0,0.0,0.0,0.0,0.0,0.0,0.0,0.0,0.0,0.0,0.0,0.7194244604316548,0.0,0.0,3.7037037037037037,2.5099695050433963,3.054187192118227,11.0,1.7679575843371893,2.749442258360014,3.338726784580311,0.7092122468415559,7.0,0.784415588964414,1.7679575843371893,9.05789653991093,24.486363636363638,1.967445805333797,15.675523471281673,17.01941993757128,12.605355977040977,17.422677230377115,18.587229611328873,19.84541028776652,0.0025712763122835063,0.003773611652549881,2015,11
2015-12-01,3,1.2437810945273633,1.2437810945273633,1.2437810945273633,0.0,0.0,0.0,0.0,1.2437810945273633,2.0703933747412004,0.0,0.0,0.0,0.0,0.0,1.2437810945273633,0.0,0.0,0.0,0.0,0.0,0.0,0.0,0.0,1.2437810945273633,0.0,0.0,0.0,0.0,0.0,0.0,0.0,0.0,1.2437810945273633,0.0,0.0,0.0,0.0,0.0,0.0,0.0,0.0,0.0,0.0,0.0,0.0,0.0,0.0,0.0,0.0,0.0,0.0,0.0,0.0,0.0,0.0,0.0,0.0,1.2437810945273633,0.0,2.0703933747412004,0.0,0.0,0.0,0.0,0.0,0.0,1.2437810945273633,12.0,2.403970074746384,2.793901633537922,3.1868829627170747,0.8163678491443175,6.333333333333333,0.6967805960687604,2.403970074746384,1.2437810945273633,21.688888888888886,1.8163385459733774,34.974189602610615,13.693982045441075,12.181578811177339,15.150108837396703,14.757701082063223,16.774597756456544,0.0,0.0012437810945273632,2015,12
2016-01-01,2,5.562255049743744,0.0,2.336448598130841,0.0,2.336448598130841,0.0,0.0,0.0,0.0,2.336448598130841,0.0,0.0,0.0,0.0,0.0,0.0,3.225806451612903,0.0,0.0,0.0,0.0,0.0,0.0,0.0,0.0,0.0,0.0,0.0,0.0,0.0,0.0,0.0,2.336448598130841,0.0,0.0,0.0,0.0,0.0,0.0,0.0,2.336448598130841,0.0,0.0,0.0,0.0,0.0,0.0,0.0,0.0,0.0,0.0,0.0,0.0,0.0,0.0,0.0,0.0,0.0,0.0,0.0,0.0,0.0,0.0,0.0,0.0,0.0,0.0,14.5,3.187600168905364,2.7636996341234945,3.0694338953871085,0.5400569217558142,6.0,1.0278216465409522,3.187600168905364,6.451612903225806,24.666666666666668,1.8953112615084446,20.904271099744264,15.915483294767185,13.242981013274875,16.823004324627917,17.093318109852635,18.90038566151098,0.002336448598130841,0.0,2016,1
2016-02-01,5,4.007660329767854,0.0,0.8438818565400844,0.0,0.8438818565400844,0.0,1.6877637130801688,0.0,0.8438818565400844,0.8438818565400844,0.0,0.0,0.8438818565400844,0.0,0.0,0.0,0.0,1.4760147601476015,0.8438818565400844,0.0,0.0,0.0,0.0,0.0,0.0,0.0,0.0,0.0,0.0,0.0,0.8438818565400844,0.0,0.0,0.0,0.0,0.0,0.0,0.0,0.0,0.0,0.8438818565400844,0.0,0.0,0.0,0.0,0.0,0.0,0.0,0.0,1.6877637130801688,0.0,0.0,0.0,0.0,0.0,0.0,0.0,0.0,0.0,0.8438818565400844,0.0,0.0,0.0,0.0,0.0,0.0,0.0,13.6,2.697930341798018,2.7812726927603015,2.9702097447781908,0.4314502224801224,5.6,0.56425667396152,2.697930341798018,3.548553620251228,21.04111111111111,1.8990208957220627,25.64515935737628,14.668201883338474,12.146057674796069,15.694188123667455,15.285935912362891,17.132345909624167,0.0008438818565400843,0.0008438818565400843,2016,2
2016-03-01,5,0.904977375565611,0.904977375565611,0.0,0.0,0.0,1.7241379310344827,2.366946778711484,0.0,0.0,0.0,0.0,0.0,0.0,0.0,0.0,0.0,0.904977375565611,0.0,0.0,0.0,0.0,0.0,0.0,0.904977375565611,0.0,0.0,0.0,0.0,0.0,0.0,0.0,0.0,0.0,0.0,0.0,0.0,0.0,0.0,0.0,0.0,0.0,0.0,0.0,0.0,0.0,0.0,1.7241379310344827,0.0,0.0,2.366946778711484,0.0,0.0,0.0,0.0,0.0,0.0,0.0,0.0,0.0,0.0,0.0,0.0,0.0,0.0,0.0,0.0,0.0,12.8,3.051933810022954,2.747441447836959,3.1544682624794897,0.5842018325657353,6.8,0.9184238020936,3.051933810022954,4.253739231541672,23.938095238095237,1.9008114355754195,18.696029356117123,16.791028087669808,12.365772825081393,17.609695246801657,17.69296998804924,19.964941597786947,0.0,0.004887223394437601,2016,3
2016-04-01,7,1.804067974094267,0.0,0.9587727708533078,0.0,0.0,0.927643784786642,1.804067974094267,0.0,1.6559433657879252,0.0,0.0,0.0,0.0,0.0,0.0,0.0,0.0,1.804067974094267,0.0,0.0,0.0,0.0,0.0,0.0,0.0,0.0,0.0,0.0,0.0,0.0,0.9587727708533078,0.0,0.0,0.0,0.0,0.0,0.0,0.0,0.0,0.0,0.0,0.0,0.0,0.0,0.0,0.927643784786642,0.0,0.0,0.0,1.804067974094267,0.0,0.0,0.0,0.0,0.0,0.0,0.0,0.0,0.0,0.7401924500370096,0.0,0.9157509157509157,0.0,0.0,0.0,1.8318029167938754,1.8318029167938754,11.857142857142858,2.541592440950414,2.7916587394432306,3.2697558386239396,0.7463505002885512,5.714285714285714,0.8264124237004452,2.541592440950414,3.8780087316237046,21.0515306122449,1.860763767387606,27.622504529004477,14.623879817440663,11.450549788981425,16.226959961345678,15.113108018733598,17.944389944387527,0.002750947875911849,0.002821704673713849,2016,4
2016-05-01,1,7.352941176470588,0.0,0.0,0.0,0.0,0.0,0.0,0.0,7.352941176470588,0.0,0.0,0.0,0.0,0.0,0.0,0.0,0.0,0.0,7.352941176470588,0.0,0.0,0.0,0.0,0.0,0.0,0.0,0.0,0.0,0.0,0.0,0.0,0.0,0.0,0.0,0.0,0.0,0.0,0.0,0.0,0.0,0.0,0.0,0.0,0.0,0.0,0.0,0.0,0.0,0.0,0.0,0.0,0.0,0.0,0.0,0.0,0.0,0.0,0.0,0.0,7.352941176470588,0.0,0.0,0.0,0.0,0.0,0.0,0.0,9.0,1.90029237516523,2.80188296899093,3.0135135135135136,0.6429537984420987,4.0,0.5270462766947299,1.90029237516523,0.0,15.0,1.8962962962962964,30.09889718076289,12.759950248756223,12.26998888888889,13.901157680251561,13.11451907131012,15.209286898839139,0.0,0.0,2016,5
2016-06-01,5,9.602878274858892,0.0,1.5267175572519083,0.0,0.0,0.0,0.0,2.2222222222222223,0.0,1.9417475728155338,0.0,0.0,0.0,0.0,2.2222222222222223,0.0,2.5119392321287557,0.0,2.926969247692381,0.0,0.0,0.0,0.0,0.0,0.0,0.0,0.0,0.0,0.0,0.0,0.0,0.0,1.5267175572519083,0.0,0.0,0.0,0.0,0.0,0.0,0.0,0.0,0.0,0.0,0.0,0.0,0.0,0.0,0.0,0.0,0.0,0.0,0.0,0.0,0.0,0.0,0.0,0.0,2.2222222222222223,0.0,0.0,0.0,0.0,0.0,0.0,0.0,0.0,1.6949152542372883,14.0,3.3676566844958087,2.823618556731436,2.911061994098435,0.42509827963631297,4.6,0.4923190587965943,3.3676566844958087,0.9852216748768473,21.56,1.8541460444280229,28.136355338163792,14.695944054487796,11.783875846214368,15.460492284439903,16.06616011580571,16.94484410993853,0.0022222222222222222,0.0,2016,6
2016-07-01,5,2.197802197802198,0.0,1.098901098901099,0.0,0.0,1.1494252873563218,1.2738853503184715,0.0,0.0,0.0,0.0,0.0,0.0,0.0,0.0,0.0,0.0,1.098901098901099,1.098901098901099,0.0,0.0,0.0,0.0,0.0,0.0,0.0,0.0,0.0,0.0,0.0,0.0,0.0,1.098901098901099,0.0,0.0,0.0,0.0,0.0,0.0,0.0,0.0,0.0,0.0,0.0,0.0,1.1494252873563218,0.0,0.0,0.0,1.2738853503184715,0.0,0.0,0.0,0.0,0.0,0.0,0.0,0.0,0.0,0.0,0.0,0.0,0.0,0.0,0.0,0.0,1.2738853503184715,10.8,1.8640904506935982,2.789993406558817,3.080792070414426,0.5502298052731464,5.6,0.7636383397976674,1.8640904506935982,4.42002442002442,24.316666666666666,1.8600434146535811,23.574350710456052,15.718734855312954,12.80293700899442,16.3521413589176,17.237968947292966,18.206258608083115,0.004470548608479643,0.001098901098901099,2016,7
2016-08-01,3,1.718213058419244,0.0,1.9157088122605364,0.0,0.0,4.46023807434705,0.0,0.0,0.0,0.0,0.0,0.0,0.0,0.0,0.0,0.0,0.0,0.0,1.718213058419244,0.0,0.0,0.0,0.0,0.0,0.0,0.0,0.0,0.0,0.0,0.0,0.0,0.0,1.9157088122605364,0.0,0.0,0.0,0.0,0.0,0.0,0.0,0.0,0.0,0.0,0.0,0.0,2.5445292620865136,0.0,0.0,1.9157088122605364,0.0,0.0,0.0,0.0,0.0,0.0,0.0,0.0,0.0,0.0,0.0,0.0,0.0,0.0,0.0,0.0,0.0,0.0,11.0,1.9771208645982854,2.7565097678441286,3.260849454042178,0.5539977694873573,5.0,0.7066550769896228,1.9771208645982854,4.262742320505758,24.650793650793656,1.900811183784618,21.891880177198118,15.84345333963831,12.275379719851975,17.009481116054914,16.876513707444342,19.334298841813293,0.0019157088122605363,0.0,2016,8
2016-09-01,2,2.793296089385475,0.0,0.0,0.0,8.379888268156424,0.0,0.0,0.0,0.0,0.0,0.0,0.0,0.0,0.0,0.0,0.0,0.0,0.0,0.0,2.793296089385475,0.0,0.0,0.0,0.0,0.0,0.0,0.0,0.0,0.0,0.0,0.0,0.0,0.0,0.0,0.0,0.0,0.0,0.0,0.0,2.793296089385475,0.0,2.793296089385475,0.0,2.793296089385475,0.0,0.0,0.0,0.0,0.0,0.0,0.0,0.0,0.0,0.0,0.0,0.0,0.0,0.0,0.0,0.0,0.0,0.0,0.0,0.0,0.0,0.0,0.0,14.5,4.04402699986102,2.6330084726620773,3.2330962688105545,0.5548760929230724,5.0,0.6132415786283895,4.04402699986102,8.16964017540698,21.38888888888889,1.8817782120175868,23.27131851869487,15.220079588014983,13.304752624896846,15.59791800909536,16.434020980130768,17.511753316828543,0.0,0.008169640175406981,2016,9
2016-10-01,8,6.005059822080453,0.8064516129032258,0.0,0.0,0.0,0.0,0.5924170616113744,1.8115942028985508,0.0,0.0,0.0,0.0,0.8064516129032258,0.0,1.8115942028985508,0.0,0.0,1.524390243902439,1.8626237623762376,0.0,0.0,0.0,0.0,0.8064516129032258,0.0,0.0,0.0,0.0,0.0,0.0,0.0,0.0,0.0,0.0,0.0,0.0,0.0,0.0,0.0,0.0,0.0,0.0,0.0,0.0,0.0,0.0,0.0,0.0,0.0,0.5924170616113744,0.0,0.0,0.0,0.0,0.0,0.0,0.0,1.8115942028985508,0.0,0.0,0.0,0.0,0.0,0.0,1.1848341232227488,0.5924170616113744,1.7857142857142856,10.5,2.0791925177449193,2.7294383758519016,3.264415418471745,0.671137835672082,6.5,0.9016197954020352,2.0791925177449193,5.285361111405438,23.430654761904762,1.8969384678779317,23.06796673643006,15.530623154248362,12.812437494866879,16.16325935125959,17.64074679328721,18.209424067178446,0.0030615942028985508,0.0,2016,10
2016-11-01,2,0.0,0.0,0.0,0.0,0.0,0.0,0.0,0.0,0.0,0.0,0.0,0.0,0.0,0.0,0.0,0.0,0.0,0.0,0.0,0.0,0.0,0.0,0.0,0.0,0.0,0.0,0.0,0.0,0.0,0.0,0.0,0.0,0.0,0.0,0.0,0.0,0.0,0.0,0.0,0.0,0.0,0.0,0.0,0.0,0.0,0.0,0.0,0.0,0.0,0.0,0.0,0.0,0.0,0.0,0.0,0.0,0.0,0.0,0.0,0.0,0.0,0.0,0.0,0.0,0.0,0.0,16.129032258064516,7.5,1.2479805815931897,2.4020521246966835,3.1652518392756086,1.1425246670940647,0.5,0.22360679774997902,1.2479805815931897,0.0,12.9,1.874074074074074,32.725836337760924,11.88702814674257,11.874233181530677,12.736717938528663,15.26740037950664,15.171625553447186,0.00909090909090909,0.0,2016,11
2016-12-01,5,1.1049723756906078,0.0,1.1049723756906078,0.0,0.0,0.0,0.0,0.0,0.0,0.0,0.0,0.0,1.1049723756906078,0.0,0.0,0.0,0.0,0.0,0.0,0.0,0.0,0.0,0.0,0.0,0.0,0.0,0.0,0.0,0.0,0.0,0.0,0.0,1.1049723756906078,0.0,0.0,0.0,0.0,0.0,0.0,0.0,0.0,0.0,0.0,0.0,0.0,0.0,0.0,0.0,0.0,0.0,0.0,0.0,0.0,0.0,0.0,0.0,0.0,0.0,0.0,0.0,0.0,0.0,0.0,0.0,0.0,0.0,0.0,10.8,2.0972628370858932,2.760700443326762,3.239251161101003,0.6552063812789793,4.6,0.8345103779099791,2.0972628370858932,3.369659228507179,22.876190476190477,1.8540105436957752,25.317715372130078,15.353131054140587,12.246097083383916,16.008610253358412,16.8220657618196,17.80646783944814,0.00125,0.0014184397163120566,2016,12
2017-01-01,5,0.9174311926605505,0.0,0.0,0.0,0.9009009009009009,2.7527527527527527,0.9009009009009009,0.0,0.0,0.9174311926605505,0.0,0.0,0.0,0.0,0.0,0.0,0.0,0.0,0.0,0.0,0.0,0.0,0.0,0.0,0.0,0.0,0.0,0.0,0.0,0.0,0.0,0.0,0.0,0.0,0.0,0.0,0.0,0.0,0.0,0.0,0.9009009009009009,0.0,0.0,0.0,0.0,2.7527527527527527,0.0,0.0,0.0,0.9009009009009009,0.0,0.0,0.0,0.0,0.0,0.0,0.0,0.0,0.0,0.0,0.0,0.0,0.0,0.0,0.0,0.0,0.9009009009009009,11.2,2.31898973975085,2.818391017925132,3.0651909966906232,0.5959816614867833,6.4,0.7406798463327842,2.31898973975085,4.927323437846914,20.387301587301586,1.8861892854608495,26.304514334834522,14.64075646243462,12.354673882198695,16.020314419525434,15.8134686155099,17.89808243249005,0.0,0.0018518518518518517,2017,1
2017-02-01,2,6.6798941798941796,0.0,3.7037037037037037,0.0,2.976190476190476,2.976190476190476,2.976190476190476,0.0,0.0,0.0,0.0,0.0,0.0,0.0,0.0,0.0,2.976190476190476,3.7037037037037037,0.0,0.0,0.0,0.0,0.0,0.0,0.0,0.0,0.0,0.0,3.7037037037037037,0.0,0.0,0.0,0.0,0.0,0.0,0.0,0.0,0.0,0.0,0.0,0.0,2.976190476190476,0.0,0.0,0.0,2.976190476190476,0.0,0.0,0.0,2.976190476190476,0.0,0.0,0.0,0.0,0.0,0.0,0.0,0.0,0.0,0.0,0.0,0.0,0.0,0.0,0.0,0.0,0.0,12.5,2.770249652967543,2.7909362197730605,3.471125730994152,0.6991285682307227,4.5,0.7713623692439489,2.770249652967543,6.6798941798941796,21.5,2.0304540173384575,12.781885181995932,16.056899436790175,13.139072519083971,16.602372510877636,17.95377443679017,18.634541984732824,0.005952380952380952,0.003703703703703704,2017,2
2017-03-01,7,1.1709601873536302,1.1709601873536302,0.0,0.0,0.0,12.987012987012987,0.0,0.0,0.0,0.0,0.0,0.0,1.1709601873536302,0.0,0.0,0.0,0.0,0.0,0.0,0.0,0.0,0.0,0.0,1.1709601873536302,0.0,0.0,0.0,0.0,0.0,0.0,0.0,0.0,0.0,0.0,0.0,0.0,0.0,0.0,0.0,0.0,0.0,0.0,0.0,0.0,12.987012987012987,0.0,0.0,0.0,0.0,0.0,0.0,0.0,0.0,0.0,0.0,0.0,0.0,0.0,0.0,0.0,0.0,0.0,0.0,0.0,0.0,0.5515719801434088,14.719222511430303,11.142857142857142,2.391229486919361,2.7097167570640677,3.0474666019084644,0.5863534831426527,3.4285714285714284,0.6631031768441759,2.391229486919361,0.0,21.825850340136054,1.9148712246175248,26.855893875202025,14.840219088956003,12.145245588526626,15.632755780012474,16.27798944673089,17.495042315468226,0.0,0.0,2017,3
2017-04-01,3,10.925582354153784,2.2675736961451247,4.32900432900433,0.0,0.0,0.0,0.0,0.0,0.0,4.32900432900433,0.0,0.0,0.0,0.0,0.0,0.0,0.0,2.2675736961451247,4.32900432900433,0.0,0.0,0.0,0.0,0.0,2.2675736961451247,0.0,0.0,0.0,4.32900432900433,0.0,0.0,0.0,0.0,0.0,0.0,0.0,0.0,0.0,0.0,0.0,0.0,0.0,0.0,0.0,0.0,0.0,0.0,0.0,0.0,0.0,0.0,0.0,0.0,0.0,0.0,0.0,0.0,0.0,0.0,0.0,0.0,0.0,0.0,0.0,0.0,0.0,4.219409282700422,11.666666666666666,3.123757950814125,2.7240220918353066,2.986254494410392,0.49789759190765936,3.3333333333333335,0.989891660052343,3.123757950814125,8.65800865800866,23.377777777777776,1.9711669408857586,19.633276527705124,16.45002447170701,12.71885696468141,17.779676665121144,17.804953873287204,20.174674754992214,0.004219409282700422,0.0022675736961451248,2017,4
2017-05-01,6,2.109789154615498,0.0,0.0,0.0,1.0224948875255624,0.0,0.0,0.0,0.0,0.0,0.0,0.0,2.109789154615498,0.0,0.0,0.0,0.0,0.0,0.0,0.0,0.0,0.0,0.0,0.0,0.0,0.0,0.0,0.0,0.0,0.0,0.0,0.0,0.0,0.0,0.0,0.0,0.0,0.0,0.0,0.0,0.0,1.0224948875255624,0.0,0.0,0.0,0.0,0.0,0.0,0.0,0.0,0.0,0.0,0.0,0.0,0.0,0.0,0.0,0.0,0.0,0.0,0.0,0.0,0.0,0.0,0.0,0.0,1.1737089201877935,11.833333333333334,2.2786496342975497,2.699975344482318,3.237723135152654,0.7201719623164883,7.333333333333333,0.9020405246581586,2.2786496342975497,7.385847670814795,24.415476190476188,1.9095336891756005,21.738777360732808,16.16852435317109,12.141370299461462,16.78832787399388,17.373719313668474,18.72900210481032,0.0010224948875255625,0.0,2017,5
2017-06-01,7,2.2057307771593484,0.0,1.9941309857276244,0.0,0.0,0.0,3.118820472486077,0.0,0.0,0.0,0.0,0.0,0.7936507936507936,0.0,0.0,0.0,0.7936507936507936,0.6184291898577613,0.0,0.0,0.0,0.0,0.0,0.0,0.0,0.0,0.0,0.0,0.7936507936507936,0.0,0.0,0.0,1.2004801920768309,0.0,0.0,0.0,0.0,0.0,0.0,0.0,0.0,0.0,0.0,0.0,0.0,0.0,0.0,0.0,0.0,1.8872933788900177,0.0,1.231527093596059,0.0,0.0,0.0,0.0,0.0,0.0,0.0,0.0,0.0,0.0,0.0,0.0,0.0,5.565862708719851,2.4373385717923535,10.285714285714286,2.1074867410710962,2.7828211331751285,3.2556060496998884,0.7771392124630468,7.142857142857143,0.9373545460064853,2.1074867410710962,6.151388294245437,21.02704081632653,1.8896455716842766,24.383331367279844,14.884900484351993,12.230175102433597,15.985547469845343,16.13313035921509,18.085028001050873,0.002574106565703204,0.0006868131868131869,2017,6
2017-07-01,7,2.0364741641337387,0.0,1.21580547112462,0.0,0.725163161711385,0.60790273556231,1.21580547112462,0.0,0.0,0.0,0.0,0.0,0.0,0.0,0.0,0.0,1.4285714285714286,0.60790273556231,0.0,0.0,0.0,0.0,0.0,0.0,0.0,0.0,0.0,0.0,0.0,0.0,0.0,0.0,1.21580547112462,0.0,0.0,0.0,0.0,0.0,0.0,0.0,0.725163161711385,0.0,0.0,0.0,0.0,0.0,0.60790273556231,0.0,0.0,1.21580547112462,0.0,0.0,0.0,0.0,0.0,0.0,0.0,0.0,0.0,0.0,0.0,0.0,0.0,0.0,0.60790273556231,0.0,2.4634975493599534,10.857142857142858,2.0536963249321376,2.763156015109101,3.19284470669518,0.5776768117799892,3.857142857142857,0.6611920559419191,2.0536963249321376,2.218716735280161,21.50238095238095,1.9055918133437573,23.911895604680844,15.001588883725521,12.681827384802972,16.09393962661014,16.876472999274025,18.046820712055144,0.0013801035077630822,0.0030496453900709214,2017,7
2017-08-01,11,0.6684491978609626,0.0,2.0303831160286916,0.0,1.143164330682142,0.7158196134574087,1.107669143237973,0.0,0.0,0.0,0.0,0.0,0.6684491978609626,0.0,0.0,0.0,0.0,0.0,0.0,0.0,0.0,0.0,0.0,0.0,0.0,0.0,0.0,0.0,0.0,0.0,0.0,0.0,2.0303831160286916,0.0,0.0,0.0,0.0,0.0,0.0,0.0,0.3918495297805642,0.0,0.0,0.7513148009015779,0.0,0.7158196134574087,0.0,0.0,0.0,1.107669143237973,0.0,0.0,0.0,0.0,0.0,0.0,0.0,0.0,0.0,0.0,0.0,0.0,0.0,0.0,3.1460930000472063,0.0,1.6385335862481272,12.090909090909092,2.6871579198389877,2.731440550578404,3.2513208601051455,0.6357873095215241,3.5454545454545454,0.7730163198541028,2.6871579198389877,1.107669143237973,23.74848484848485,1.840185363001263,25.92379002077595,15.34075820829209,11.888849180054557,16.34526503372176,16.381959219466957,18.358597688511058,0.0018116135285431046,0.0025946327732518084,2017,8
2017-09-01,3,5.494505494505495,0.0,0.0,0.0,0.0,3.2051282051282057,0.0,1.8315018315018314,0.0,0.0,0.0,0.0,0.0,0.0,0.0,0.0,3.663003663003663,0.0,1.8315018315018314,0.0,0.0,0.0,0.0,0.0,0.0,0.0,0.0,0.0,0.0,0.0,0.0,0.0,0.0,0.0,0.0,0.0,0.0,0.0,0.0,0.0,0.0,0.0,0.0,0.0,3.2051282051282057,0.0,0.0,0.0,0.0,0.0,0.0,0.0,0.0,0.0,0.0,0.0,1.8315018315018314,0.0,0.0,0.0,0.0,0.0,0.0,0.0,0.0,3.2051282051282057,2.1231422505307855,9.666666666666666,1.4376561064727236,2.8730665672282676,3.243356579318118,0.7131068842626694,4.333333333333333,0.613156308051059,1.4376561064727236,2.1231422505307855,24.808333333333334,1.7698919784286946,33.44955443411052,14.82725550840224,11.668696731057047,16.128680757633905,16.097352459016395,17.224986566691694,0.0032051282051282055,0.0,2017,9
2017-10-01,4,2.9931734640294065,0.0,0.0,0.0,1.2690355329949237,1.0416666666666667,3.148734781115224,0.0,0.0,1.2690355329949237,0.0,0.0,0.0,0.0,0.0,0.0,1.7241379310344827,0.0,0.0,0.0,0.0,0.0,0.0,0.0,0.0,0.0,0.0,0.0,0.0,0.0,0.0,0.0,0.0,0.0,0.0,0.0,0.0,0.0,0.0,0.0,1.2690355329949237,0.0,0.0,0.0,1.0416666666666667,0.0,0.0,0.0,0.0,3.148734781115224,0.0,0.0,0.0,0.0,0.0,0.0,0.0,0.0,0.0,0.0,0.0,0.0,0.0,0.0,0.0,0.0,0.0,12.5,2.775892414807314,2.836247180254391,3.5982414985670195,0.8618165790286035,6.75,0.81211872279746,2.775892414807314,2.765804597701149,26.741666666666667,1.825248094039188,24.269785616410267,16.467869244204405,12.409026174956296,16.231703138841404,17.77061291262899,18.23518402258362,0.0038071065989847717,0.0010416666666666667,2017,10
2017-11-01,8,6.299341866229912,0.6313131313131314,0.0,0.0,0.51440329218107,0.0,0.0,0.6684491978609626,0.5040322580645161,0.0,0.0,0.0,2.004939504939505,0.0,0.6684491978609626,0.0,0.6868131868131868,1.1353453893776475,1.80379458723861,0.0,0.0,0.0,0.0,0.6313131313131314,0.0,0.0,0.0,0.0,0.0,0.0,0.0,0.0,0.0,0.0,0.0,0.0,0.0,0.0,0.0,0.0,0.51440329218107,0.0,0.0,0.0,0.0,0.0,0.0,0.0,0.0,0.0,0.0,0.0,0.0,0.0,0.0,0.0,0.0,0.6684491978609626,0.0,0.5040322580645161,0.0,0.0,0.0,0.0,1.02880658436214,0.0,1.201923076923077,12.0,2.4445301203623977,2.751402225102697,3.1274273062514126,0.5060376490329545,7.375,0.9208314005766842,2.4445301203623977,9.566131660797485,25.853472222222223,1.87487749715532,21.609152071610342,16.504976654839748,12.475908734463077,17.03014034576646,18.423067347176858,19.11695787405146,0.0006313131313131314,0.0011353453893776476,2017,11
2017-12-01,9,1.206386368809547,0.0,0.0,0.0,0.0,1.1055831951354338,1.7863292011019283,0.9182736455463729,0.7122507122507122,0.0,0.0,0.0,0.0,0.0,0.0,0.0,0.65359477124183,0.5527915975677169,0.0,0.0,0.0,0.0,0.0,0.0,0.0,0.0,0.0,0.0,0.0,0.0,0.0,0.0,0.0,0.0,0.0,0.0,0.0,0.0,0.0,0.0,0.0,0.0,0.0,0.0,0.0,1.1055831951354338,0.0,0.0,0.0,1.7863292011019283,0.0,0.0,0.0,0.0,0.0,0.0,0.0,0.0,0.9182736455463729,0.7122507122507122,0.0,0.0,0.0,0.0,1.9607843137254903,0.65359477124183,2.916857791421145,10.444444444444445,1.9536473387108453,2.7998876470113654,3.184684272045227,0.6519023762211467,6.111111111111111,0.8305802635771665,1.9536473387108453,5.920076836394065,23.412309603976272,1.9394577245993365,21.359827337157782,16.011775453033348,12.28771963544892,16.577980382699067,17.270540667302512,18.7862255990248,0.003911692596412133,0.0,2017,12
2018-01-01,7,0.5952380952380952,0.0,0.5952380952380952,0.0,0.8554319931565441,0.0,0.5952380952380952,0.0,0.8554319931565441,0.0,0.0,0.0,0.0,0.0,0.0,0.0,0.5952380952380952,0.0,0.0,0.0,0.0,0.0,0.0,0.0,0.0,0.0,0.0,0.0,0.0,0.0,0.0,0.0,0.5952380952380952,0.0,0.0,0.0,0.0,0.0,0.0,0.0,0.0,0.8554319931565441,0.0,0.0,0.0,0.0,0.0,0.0,0.0,0.5952380952380952,0.0,0.0,0.0,0.0,0.0,0.0,0.0,0.0,0.0,0.0,0.0,0.8554319931565441,0.0,0.0,6.707082728952034,0.0,0.6002400960384154,12.428571428571429,2.337609311238167,2.7620372490873075,3.2972268811134136,0.7725078884027788,6.571428571428571,0.7892946179925506,2.337609311238167,8.818416302152086,24.627891156462585,1.8985324480535102,22.766114705453763,15.933663019818871,12.466261092255905,16.821594248522445,17.12217581891407,18.65633720279794,0.003496578272027374,0.0010351966873706005,2018,1
2018-02-01,11,3.315887912249525,0.9372071227741331,1.0489975573774457,0.0,1.3897272143149204,0.0,0.4478280340349306,0.0,0.4478280340349306,0.4940711462450593,0.0,0.0,0.0,0.0,0.0,0.0,1.4783326638996745,0.0,1.3434841021047916,0.0,0.0,0.0,0.0,0.9372071227741331,0.0,0.0,0.0,0.0,0.5078720162519045,0.0,0.0,0.0,0.541125541125541,0.0,0.0,0.0,0.0,0.0,0.0,0.0,0.4478280340349306,0.4940711462450593,0.0,0.4478280340349306,0.0,0.0,0.0,0.0,0.0,0.4478280340349306,0.0,0.0,0.0,0.0,0.0,0.0,0.0,0.0,0.0,0.4478280340349306,0.0,0.0,0.0,0.0,0.9881422924901186,1.2983858502439993,2.986895410769812,12.0,2.572438655674898,2.748975397475934,3.140057301185809,0.48894611198119925,4.454545454545454,0.7251399150867157,2.572438655674898,3.086948689915363,23.8991341991342,1.850014029926359,23.82625738452641,15.767600186921118,12.066523106402881,16.4468231516919,17.370767802560707,18.6407179276179,0.00199384685645872,0.0009881422924901185,2018,2
2018-03-01,11,2.949431520860092,0.0,2.8689736764270926,0.0,0.6184291898577613,0.0,0.6060606060606061,0.0,0.7215007215007214,0.6184291898577613,0.0,0.0,0.0,0.0,0.0,0.0,2.3310023310023307,0.0,0.0,0.0,0.0,0.0,0.0,0.0,0.0,0.0,0.0,0.0,0.3952569169960474,0.0,0.0,0.0,2.473716759431045,0.0,0.0,0.0,0.0,0.0,0.0,0.0,0.6184291898577613,0.0,0.0,0.0,0.0,0.0,0.0,0.0,0.0,0.6060606060606061,0.0,0.0,0.0,0.0,0.0,0.0,0.0,0.0,0.0,0.7215007215007214,0.0,0.0,0.0,0.0,1.122334455667789,0.0,0.7905138339920948,10.909090909090908,1.9465639636371295,2.752561974863521,3.3139785363280194,0.5585593884782863,4.545454545454546,0.6906913510776905,1.9465639636371295,4.391003416977443,25.370149547422276,2.02151780034312,14.140961491375792,16.788991307229036,12.63306091823066,17.206740468213273,17.70061269708792,19.68806151977202,0.002844236508832782,0.0011423761423761424,2018,3
2018-04-01,9,2.37748002309118,1.0246095151755528,0.0,0.0,0.48732943469785567,1.5257510338671183,2.2891645786845585,0.5241090146750523,0.0,0.0,0.0,0.0,0.5241090146750523,0.5241090146750523,0.0,0.0,0.0,1.329261993741075,0.0,0.0,0.0,0.0,0.5005005005005005,0.0,0.0,0.0,0.5241090146750523,0.0,0.0,0.0,0.0,0.0,0.0,0.0,0.0,0.0,0.0,0.0,0.0,0.0,0.0,0.48732943469785567,0.0,0.0,0.0,1.0384215991692627,0.48732943469785567,0.0,0.0,2.2891645786845585,0.0,0.0,0.0,0.0,0.5241090146750523,0.0,0.0,0.0,0.0,0.0,0.0,0.0,0.0,0.0,0.0,0.0,2.696762812369749,10.777777777777779,1.9435642050736521,2.77244833160788,3.3389677356542844,0.7183397341137696,4.222222222222222,0.5629570894134077,1.9435642050736521,3.323844374391408,22.81410934744268,1.8795604868657338,23.809720623311428,15.545138636447787,12.22802163213293,16.22080053608606,16.715550876851168,18.024751281522626,0.008014267613949879,0.000777000777000777,2018,4
2018-05-01,6,4.67778574844572,0.0,4.065040650406504,0.0,0.0,5.119892971081609,0.6127450980392156,0.0,0.6127450980392156,4.67778574844572,0.0,0.0,0.0,0.0,0.0,0.0,0.0,0.0,0.0,0.0,0.0,0.0,0.0,0.0,0.0,0.0,0.0,0.0,0.0,4.065040650406504,0.0,0.0,0.0,0.0,0.0,0.0,0.0,0.0,0.0,0.0,0.0,0.0,0.0,0.0,0.0,5.119892971081609,0.0,0.0,0.0,0.6127450980392156,0.0,0.0,0.0,0.0,0.0,0.0,0.0,0.0,0.0,0.6127450980392156,0.0,0.0,0.0,0.0,0.0,0.0,0.6127450980392156,12.0,2.536615969233903,2.716691343122232,2.913028342298093,0.4758994207655723,3.0,0.6449366257539014,2.536615969233903,0.0,20.82852564102564,1.8782245419252777,27.478629854746018,14.622005795898877,12.08972305199269,15.65274925033952,15.767663173369757,17.57241428558374,0.0006127450980392157,0.005732638069120825,2018,5
2018-06-01,12,2.1186440677966103,1.1964107676969093,0.0,0.0,0.0,0.0,0.7062146892655368,0.0,0.0,0.0,0.0,0.0,2.1186440677966103,0.0,0.0,0.0,0.0,0.0,0.0,0.0,0.0,0.0,0.0,0.49019607843137253,0.0,0.0,0.7062146892655368,0.0,0.0,0.0,0.0,0.0,0.0,0.0,0.0,0.0,0.0,0.0,0.0,0.0,0.0,0.0,0.0,0.0,0.0,0.0,0.0,0.0,0.0,0.7062146892655368,0.0,0.0,0.0,0.0,0.0,0.0,0.0,0.0,0.0,0.0,0.0,0.0,0.0,0.0,0.0,0.5952380952380952,2.1362506176324474,11.833333333333334,2.609520988896865,2.6981941295990723,3.2885478534647548,0.6206216004570854,6.25,0.8068395500034998,2.609520988896865,3.378856318169543,22.89973544973545,1.8218152603665239,28.338035329880245,14.811430375032906,12.282808125655356,15.974531761971358,16.12147128457966,18.030953544669742,0.0003687315634218289,0.002100658688551873,2018,6
2018-07-01,9,2.245184334736573,0.8680555555555556,0.8051529790660226,0.0,0.0,0.0,0.5241090146750523,0.0,0.8680555555555556,0.5698005698005698,0.0,0.0,0.5527915975677169,0.0,0.0,0.0,0.5698005698005698,0.0,0.5527915975677169,0.0,0.0,0.0,0.0,0.8680555555555556,0.0,0.0,0.0,0.0,0.0,0.0,0.0,0.0,0.8051529790660226,0.0,0.0,0.0,0.0,0.0,0.0,0.0,0.0,0.0,0.0,0.0,0.0,0.0,0.0,0.0,0.0,0.5241090146750523,0.0,0.0,0.0,0.0,0.0,0.0,0.0,0.0,0.0,0.8680555555555556,0.0,0.0,0.0,0.0,0.0,0.0,1.7094017094017095,11.333333333333334,2.500108580109077,2.73398361575709,3.249178910217746,0.7069367292842736,6.111111111111111,1.0419530366701526,2.500108580109077,4.23582198985331,24.396781305114636,1.9240513387184193,20.395613952615037,16.40573497209889,12.636780024981562,17.41578574972375,18.244355327699125,19.95688196365229,0.0008051529790660225,0.003830987321553359,2018,7
2018-08-01,12,5.146759511642555,0.0,1.6784088395091523,0.0,0.0,0.7374631268436578,1.5119853550704614,0.0,0.9469696969696969,0.0,0.0,0.0,0.7374631268436578,0.0,0.0,0.0,1.9062438817463943,0.7936507936507938,1.7094017094017095,0.0,0.0,0.0,0.0,0.0,0.0,0.0,0.0,0.0,0.7861635220125786,0.0,0.0,0.0,0.8922453174965739,0.0,0.0,0.0,0.0,0.0,0.0,0.0,0.0,0.0,0.0,0.0,0.0,0.7374631268436578,0.0,0.0,0.0,1.5119853550704614,0.0,0.0,0.0,0.0,0.0,0.0,0.0,0.0,0.0,0.9469696969696969,0.0,0.0,0.0,0.0,3.100839601233595,0.0,1.4204545454545452,11.083333333333334,2.1930086026263975,2.7408196893092245,3.211685936622981,0.5621670216657303,6.666666666666667,0.7919632821978033,2.1930086026263975,5.5583617936017475,23.377645502645503,1.90687124382719,24.061370958806133,15.355534303987056,12.186360797570051,16.602042018866765,16.39589541097601,18.521037239357156,0.00412188931925774,0.0004873294346978557,2018,8
2018-09-01,13,3.3642939839174626,0.9629129901123101,0.8183306055646481,0.0,0.0,0.0,0.0,0.5268703898840885,0.0,0.5379236148466918,0.0,0.0,0.0,0.0,0.5268703898840885,0.0,1.3476402140369752,0.5268703898840885,0.42498937526561836,0.0,0.0,0.0,0.0,0.42498937526561836,0.0,0.0,0.5379236148466918,0.0,0.0,0.0,0.8183306055646481,0.0,0.0,0.0,0.0,0.0,0.0,0.0,0.0,0.0,0.0,0.0,0.0,0.0,0.0,0.0,0.0,0.0,0.0,0.0,0.0,0.0,0.0,0.0,0.0,0.0,0.0,0.5268703898840885,0.0,0.0,0.0,0.0,0.0,0.0,1.6366612111292962,2.2021837811311493,1.7034247803478573,12.307692307692308,2.830282559113842,2.7198383335051095,3.161993128854784,0.5992826270412395,4.384615384615385,0.8856088946411843,2.830282559113842,8.29367520878758,24.267735042735044,1.8828155893445475,23.278842790312943,15.672963902743485,12.120221227683244,16.611220241704643,17.10078394437226,18.632552169868823,0.0013562542204113399,0.000818330605564648,2018,9
2018-10-01,13,5.507790022069676,0.6993006993006993,0.7994657862031868,0.0,0.0,1.1616469949803283,2.0751784569279907,0.0,0.0,0.6747638326585694,0.0,0.0,0.2689618074233459,0.0,0.0,0.0,0.4321521175453759,1.6025641025641024,2.5293481618782825,0.0,0.0,0.0,0.0,0.6993006993006993,0.0,0.0,0.0,0.0,0.5305039787798408,0.0,0.0,0.0,0.2689618074233459,0.0,0.0,0.0,0.0,0.0,0.0,0.0,0.0,0.0,0.0,0.0,0.3434065934065934,0.8182404015737349,0.0,0.0,0.0,2.0751784569279907,0.0,0.0,0.0,0.0,0.0,0.0,0.0,0.0,0.0,0.0,0.0,0.0,0.0,0.0,1.1189653043585628,1.0936930368209987,5.607090445315843,11.076923076923077,2.16520347146099,2.7348232701073574,3.238445452755497,0.6282349661556055,4.923076923076923,0.6564124988220963,2.16520347146099,3.0157954874584476,22.586507936507935,1.8649828580564192,27.011353679068375,15.075149063534608,11.94409722899972,16.359834214589288,16.636514540036213,18.18031974524942,0.003112377233730019,0.0009249812963340814,2018,10
2018-11-01,13,1.288879368130111,0.42498937526561836,0.7057163020465773,0.0,0.0,0.42498937526561836,1.062989298283416,0.4498425551057129,0.0,0.4524886877828054,0.0,0.0,0.0,0.4498425551057129,0.0,0.0,0.3865481252415926,0.0,0.0,0.0,0.0,0.0,0.0,0.42498937526561836,0.0,0.0,0.0,0.0,0.0,0.0,0.0,0.0,0.7057163020465773,0.0,0.0,0.0,0.0,0.0,0.0,0.0,0.0,0.0,0.0,0.0,0.0,0.0,0.42498937526561836,0.0,0.0,1.062989298283416,0.0,0.0,0.0,0.0,0.4498425551057129,0.0,0.0,0.0,0.0,0.0,0.0,0.0,0.0,0.0,4.198469248351436,0.0,4.76829969256352,10.076923076923077,1.9514188615140589,2.71562134951656,2.959140571941279,0.46719662596497324,5.615384615384615,0.7590216421448808,1.9514188615140589,3.5883955421863565,20.10668498168498,1.9444149536692614,22.37050886803634,14.926051153925872,12.240014467089026,15.583054294971975,15.822114297860562,18.00581080241614,0.001221001221001221,0.00081389855259202,2018,11
2018-12-01,14,2.314924966614128,0.763396943335564,0.6208252531781945,0.0,0.7202733164271626,0.0,2.5763485184200086,0.5714285714285714,1.4712838777895263,0.0,0.0,0.0,0.45207956600361665,0.0,0.5714285714285714,0.0,0.47303689687795647,0.0,0.818379932303983,0.0,0.0,0.0,0.0,0.29036004645760743,0.47303689687795647,0.0,0.0,0.0,0.3232062055591468,0.0,0.2976190476190476,0.0,0.0,0.0,0.0,0.0,0.0,0.0,0.0,0.0,0.7202733164271626,0.0,0.0,0.0,0.0,0.0,0.0,0.0,0.0,2.5763485184200086,0.0,0.0,0.0,0.0,0.0,0.0,0.0,0.5714285714285714,0.0,1.4712838777895263,0.0,0.0,0.0,0.0,0.0,0.0,0.818379932303983,11.571428571428571,2.3719070850996227,2.6584152574129125,3.2865325854424765,0.6346064655971738,4.714285714285714,0.7457472381472955,2.3719070850996227,2.1768658448100604,23.39044784580499,1.821216301446507,29.724221581191127,14.609220397987146,11.952306611950949,15.575882519040158,16.04043674906759,17.425736034940552,0.0027843922082332676,0.0007202733164271626,2018,12
2019-01-01,9,0.47892720306513403,0.0,0.6138735420503376,0.0,1.3526577240141082,0.8737305209489742,1.0284672402261252,0.0,2.094731741950195,0.0,0.0,0.0,0.0,0.0,0.0,0.0,0.0,0.0,0.47892720306513403,0.0,0.0,0.0,0.0,0.0,0.0,0.0,0.0,0.0,0.0,0.0,0.0,0.0,0.6138735420503376,0.0,0.0,0.0,0.0,0.0,0.0,0.0,0.45913682277318646,0.47892720306513403,0.0,0.41459369817578773,0.0,0.0,0.45913682277318646,0.0,0.41459369817578773,1.0284672402261252,0.0,0.0,0.0,0.0,0.0,0.0,0.0,0.0,0.0,1.6355949191770087,0.0,0.0,0.45913682277318646,0.0,0.0,0.41459369817578773,1.0394474798999083,11.0,1.944332683075454,2.708568721525898,3.1633127633364744,0.5886186047498447,7.444444444444445,0.8279590465337114,1.944332683075454,5.626868374677417,21.451917989417993,1.9237601541788172,22.332036027589808,15.213721386331107,12.696309570867326,16.57892693006251,16.406639218400514,18.668146718640283,0.0008291873963515755,0.0016231904008075803,2019,1
2019-02-01,4,10.820639347779448,0.0,0.0,0.0,1.6666666666666667,0.0,0.0,0.0,0.0,2.4156118143459917,0.0,0.0,4.407137238074805,0.0,0.0,0.0,1.5822784810126582,0.0,2.4156118143459917,0.0,0.0,0.0,0.0,0.0,0.0,0.0,0.0,0.0,0.0,0.0,0.0,0.0,0.0,0.0,0.0,0.0,0.0,0.0,0.0,0.0,0.0,0.8333333333333334,0.0,0.8333333333333334,0.0,0.0,0.0,0.0,0.0,0.0,0.0,0.0,0.0,0.0,0.0,0.0,0.0,0.0,0.0,0.0,0.0,0.0,0.0,0.0,0.0,2.5,0.8333333333333334,10.75,2.0881984673649967,2.1500734343305394,2.828356440336533,0.4751064150978339,6.0,0.8037117188731456,2.0881984673649967,3.0790960451977405,22.82142857142857,1.6203786737009875,48.70298671831472,11.547180226951266,8.988216304755476,13.534232536061268,11.956154568962457,14.439819339076765,0.002245762711864407,0.0015822784810126582,2019,2
2019-03-01,14,5.217930890938079,0.5065856129685916,0.8605554898015545,0.0,0.5252100840336135,0.0,2.1073608803339883,0.355366027007818,0.0,0.0,0.0,0.0,1.2345270679616145,0.0,0.355366027007818,0.0,1.4262037913939696,1.35146373918829,0.850370265386387,0.0,0.0,0.0,0.0,0.0,0.0,0.0,0.0,0.5065856129685916,0.5252100840336135,0.0,0.335345405767941,0.0,0.0,0.0,0.0,0.0,0.0,0.0,0.0,0.0,0.0,0.0,0.0,0.5252100840336135,0.0,0.0,0.0,0.0,0.0,2.1073608803339883,0.0,0.0,0.0,0.0,0.0,0.0,0.0,0.355366027007818,0.0,0.0,0.0,0.0,0.0,0.0,0.0,0.8554319931565441,2.3105715448872246,12.214285714285714,2.333626423694276,2.747708034402426,3.1853628819256343,0.6812964182247869,6.857142857142857,0.9856884121888536,2.333626423694276,7.356482052873593,23.2827947845805,1.8864948993627484,25.621222596374686,15.170599499257156,12.330078143615609,16.139399342765298,16.1649140881808,17.878993484400258,0.004029269512283573,0.00033534540576794097,2019,3
2019-04-01,11,3.85840715909743,0.5790387955993052,2.36254763200871,0.0,1.8851565339286642,0.0,1.678101031661828,0.0,0.3952569169960474,0.0,0.0,0.0,0.0,0.0,0.0,0.0,1.099412096854552,0.0,1.3151447948631991,1.4438502673796791,0.0,0.0,0.0,0.5790387955993052,0.0,0.0,0.0,0.0,0.0,0.0,0.0,0.0,2.36254763200871,0.0,0.0,0.0,0.0,0.0,0.0,1.4438502673796791,0.0,0.44130626654898497,0.0,0.0,0.0,0.0,0.0,0.0,0.0,1.678101031661828,0.0,0.0,0.0,0.0,0.0,0.0,0.0,0.0,0.0,0.0,0.0,0.3952569169960474,0.0,0.0,0.0,0.0,1.7987580407657133,12.090909090909092,2.3221987797439683,2.8055556712108807,3.1028482978925003,0.42000310617966363,5.2727272727272725,0.6019556090284984,2.3221987797439683,2.04006682695669,25.296999212908304,1.8375149174575989,24.901632062364797,15.875211244193185,12.069901680553103,16.489470346445497,17.47899348618133,18.263610742584916,0.0012771439087228562,0.0016592555994729905,2019,4
2019-05-01,14,3.3319492453767543,0.0,0.0,0.0,0.7560483870967742,0.2471576866040534,0.29886431560071725,0.6002400960384154,0.0,0.6002400960384154,0.0,0.0,0.2471576866040534,0.0,0.6002400960384154,0.0,0.34013605442176875,0.5030181086519115,1.0411572036221897,0.0,0.0,0.0,0.0,0.0,0.0,0.0,0.0,0.0,0.0,0.0,0.0,0.0,0.0,0.0,0.0,0.0,0.0,0.0,0.0,0.0,0.3720238095238095,0.3840245775729647,0.0,0.0,0.0,0.0,0.2471576866040534,0.0,0.0,0.29886431560071725,0.0,0.0,0.0,0.0,0.0,0.0,0.0,0.6002400960384154,0.0,0.0,0.0,0.0,0.0,0.0,0.9921872679202686,1.9952278957925742,3.7065747650718173,12.071428571428571,2.4640330912223143,2.786344013736051,3.209296443112073,0.5879625299330513,6.0,0.8948549959797295,2.4640330912223143,3.8902850112434586,24.204808286951142,1.8760340050727689,23.609204838023683,15.777353492261637,12.43413395003437,16.431813307023965,17.234907734367567,18.5180645068023,0.002275254000014788,0.0036337587372173813,2019,5
2019-06-01,9,1.5494753358831028,0.5393743257820928,0.0,0.0,0.5393743257820928,1.2484394506866416,3.372608129214056,0.0,0.0,0.0,0.0,0.0,0.0,0.0,0.0,0.0,1.0444248308325976,0.0,0.505050505050505,0.0,0.0,0.0,0.0,0.0,0.5393743257820928,0.0,0.0,0.0,0.0,0.0,0.0,0.0,0.0,0.0,0.0,0.0,0.0,0.0,0.0,0.0,0.5393743257820928,0.0,0.0,0.0,0.6242197253433208,0.6242197253433208,0.0,0.0,0.0,3.372608129214056,0.0,0.0,0.0,0.0,0.0,0.0,0.0,0.0,0.0,0.0,0.0,0.0,0.0,0.0,0.0,0.6242197253433208,3.0405541460271435,12.11111111111111,2.5351489000617344,2.797273642646293,3.116339774002389,0.556145650662451,5.111111111111111,0.6416822877659519,2.5351489000617344,2.695457062097503,22.55070145903479,1.80950130510063,30.94635742778515,14.380365439604248,12.069465776566496,15.575161116617785,15.856444065946429,17.156341614559206,0.002686033431249373,0.0,2019,6
2019-07-01,14,5.946771538160524,0.0,0.0,0.0,1.1670884570044233,2.232879724449601,2.2657750548948044,0.4035512510088782,0.4035512510088782,0.32175032175032175,0.0,0.0,0.0,0.0,0.4035512510088782,0.0,0.997372193024367,3.31417966500662,0.9099181073703367,0.0,0.0,0.0,0.0,0.0,0.0,0.0,0.0,0.0,0.0,0.0,0.0,0.0,0.0,0.0,0.0,0.0,0.0,0.0,0.0,0.0,0.0,0.32175032175032175,0.0,0.8453381352541015,0.48262548262548266,0.0,0.0,1.2952951881389498,0.45495905368516837,2.2657750548948044,0.0,0.0,0.0,0.0,0.0,0.0,0.0,0.4035512510088782,0.0,0.4035512510088782,0.0,0.0,0.0,0.0,0.2695417789757412,0.32175032175032175,1.0470518945095217,12.142857142857142,2.4073876263686933,2.776611818020036,3.1774845837734818,0.5531709337365145,6.642857142857143,0.8666228767951301,2.4073876263686933,4.843944255752185,22.3533189033189,1.880079009250196,23.421674554295674,15.327962309410065,12.782699696364963,16.26797867978553,16.588429121343584,18.21735993953028,0.0034817691107125806,0.002698410200611192,2019,7
2019-08-01,12,1.223857287914413,1.123629398368098,0.0,0.0,3.119372310498914,1.049249740008914,0.4604051565377532,0.0,0.0,0.0,0.0,0.0,0.0,0.0,0.0,0.0,0.0,0.0,0.4604051565377532,0.7634521313766597,0.0,0.0,0.0,0.5241090146750524,0.5995203836930456,0.0,0.0,0.0,0.0,0.0,0.0,0.0,0.0,0.0,0.0,0.0,0.0,0.0,0.0,0.7634521313766597,0.5910165484633569,0.9057971014492754,0.0,0.859106529209622,0.0,1.049249740008914,0.0,0.0,0.0,0.4604051565377532,0.0,0.0,0.0,0.0,0.0,0.0,0.0,0.0,0.0,0.0,0.0,0.0,0.0,0.0,0.0,0.5241090146750524,5.422098458733216,11.5,2.331445067071034,2.7648134766456725,3.2048630301382026,0.5295594846414514,4.583333333333333,0.7902936377054542,2.331445067071034,4.826242506917404,23.862049062049064,1.8494974785209537,26.448552210471373,15.323569742509953,11.937675848335878,16.131744022939504,16.7497822146053,18.09974469874824,0.001453007301237088,0.0008610461821787789,2019,8
2019-09-01,9,4.797632107435247,0.0,0.7457121551081283,0.0,0.0,0.7457121551081283,0.5910165484633569,0.481000481000481,0.0,0.481000481000481,0.0,0.0,0.7457121551081283,0.481000481000481,0.0,0.0,0.0,2.1279180283251944,0.962000962000962,0.0,0.0,0.0,0.0,0.0,0.0,0.0,0.0,0.0,0.0,0.0,0.0,0.0,0.7457121551081283,0.0,0.0,0.0,0.0,0.0,0.0,0.0,0.0,0.0,0.0,0.0,0.0,0.7457121551081283,0.0,0.0,0.0,0.5910165484633569,0.0,0.0,0.0,0.0,0.481000481000481,0.0,0.0,0.0,0.0,0.0,0.0,0.0,0.0,0.0,0.481000481000481,1.4154281670205238,3.790951606252389,11.444444444444445,2.4276972938985066,2.780538385319998,3.2940724955030465,0.668185177991268,6.555555555555555,0.8980304715584779,2.4276972938985066,4.386452305972815,22.62425044091711,1.956191354068328,18.528455767533792,16.354340614689665,12.393219845148876,17.17837375388514,17.019297136367452,19.624377595971076,0.003285871767929564,0.0,2019,9
2019-10-01,23,2.983578362616784,0.21417862497322768,0.46253469010175763,0.0,0.462274488318397,0.42835724994645535,0.8004516699587892,0.2184837229626393,0.0,1.107623550078793,0.0,0.0,0.0,0.0,0.0,0.0,0.7509472776839093,0.2841716396703609,0.5938003220611917,0.24703557312252963,0.0,0.0,0.0,0.21417862497322768,0.0,0.0,0.0,0.0,0.0,0.0,0.46253469010175763,0.0,0.0,0.0,0.0,0.0,0.0,0.0,0.0,0.24703557312252963,0.2152389151958674,0.0,0.0,0.0,0.0,0.42835724994645535,0.0,0.0,0.0,0.8004516699587892,0.0,0.0,0.0,0.0,0.0,0.0,0.0,0.0,0.2184837229626393,0.0,0.0,0.0,0.0,0.0,0.0,0.6304176516942475,2.0695172088947063,11.652173913043478,2.4012717287580645,2.7141325970870276,3.3025830896678956,0.6977217538070982,4.478260869565218,0.7607421582272462,2.4012717287580645,4.433776984057856,23.215760085325304,1.8516668373435992,27.707680034380168,14.937182461553538,12.39667793688128,15.734434349339095,16.56607398788058,17.625613346403423,0.0015942481376746806,0.0007919154542651305,2019,10
2019-11-01,12,3.104562597465726,2.048789784638841,2.241732057703438,0.0,0.6265664160401002,0.0,0.0,0.0,0.33602150537634407,0.33602150537634407,0.0,0.0,0.901610644257703,0.0,0.0,0.0,1.2403640317915785,0.0,0.0,0.6265664160401002,0.0,0.0,0.0,2.048789784638841,0.0,0.0,0.0,0.0,0.0,0.0,0.5668934240362812,0.0,1.6748386336671566,0.0,0.0,0.0,0.0,0.0,0.0,0.6265664160401002,0.0,0.0,0.0,0.0,0.0,0.0,0.0,0.0,0.0,0.0,0.0,0.0,0.0,0.0,0.0,0.0,0.0,0.0,0.0,0.33602150537634407,0.0,0.0,0.0,0.0,2.4531024531024532,0.0,4.0700925868389985,11.666666666666666,2.3782739286995205,2.7155873277540192,3.1958625329296244,0.6467428180166005,5.5,0.7289185552601233,2.3782739286995205,3.464451231330667,22.59861111111111,1.880226824646396,23.333157218864528,15.525858565001714,12.646940540841067,16.391591032888815,17.047458668332503,18.35767992149719,0.0024167621594092183,0.0030853490744025907,2019,11
2019-12-01,11,2.156015943632335,0.0,1.3838436256702993,0.0,1.4205130316630297,2.050622669975262,1.7840303794887478,0.0,0.0,0.6447453255963894,0.0,0.0,0.0,0.0,0.0,0.0,0.994741692416111,0.5165289256198347,0.0,0.0,0.0,0.0,0.0,0.0,0.0,0.0,0.0,0.0,0.0,0.0,0.0,0.0,1.3838436256702993,0.0,0.0,0.0,0.0,0.0,0.0,0.0,0.0,0.3050640634533252,0.0,1.1154489682097044,0.5165289256198347,1.5340937443554277,0.0,0.0,0.0,0.0,0.0,1.044932079414838,0.7390983000739099,0.0,0.0,0.0,0.0,0.0,0.0,0.0,0.0,0.0,0.0,0.0,0.3050640634533252,1.3986013986013985,2.0680873138325535,12.545454545454545,2.5033596112400045,2.7864325483865,3.2412881637152706,0.6372995799078179,6.7272727272727275,1.0534706795505615,2.5033596112400045,6.163361792109938,25.35757575757576,1.9115712573077976,18.905372780145782,16.700586342693768,12.451139638743495,17.389128796318882,18.350871577030727,19.705342265616277,0.002680820424966601,0.0005285412262156448,2019,12
2020-01-01,15,2.5727901131126942,1.2578616352201257,0.4065040650406504,0.0,0.3490401396160559,0.43572984749455335,1.1950345309904713,0.0,0.0,1.2959083926825865,0.0,0.0,0.4301075268817204,0.0,0.0,0.0,0.0,0.8467741935483871,0.0,0.0,0.0,0.0,0.0,1.2578616352201257,0.0,0.0,0.0,0.0,0.0,0.0,0.0,0.0,0.4065040650406504,0.0,0.0,0.0,0.0,0.0,0.0,0.0,0.0,0.0,0.0,0.3490401396160559,0.0,0.0,0.0,0.43572984749455335,0.0,1.1950345309904713,0.0,0.0,0.0,0.0,0.0,0.0,0.0,0.0,0.0,0.0,0.0,0.0,0.0,0.0,0.0,0.0,0.948509485094851,10.466666666666667,1.7038670481825517,2.7534509041749233,3.4148690763384537,0.6336103622064877,5.866666666666666,0.7587560602131909,1.7038670481825517,2.4643681622001403,24.669153439153437,1.8615857024508131,25.134635491950963,15.4273207675617,12.425779184920513,16.453818337773463,16.944016500199638,18.44984189763535,0.0029996957841329267,0.0006775067750677507,2020,1
2020-02-01,9,6.303027861306447,4.385964912280702,0.7309941520467835,0.0,0.7168458781362007,0.0,1.42980617161352,0.0,0.0,0.0,0.0,0.0,0.6105006105006106,0.0,0.0,0.0,2.7685506426187017,2.923976608187134,0.0,0.0,0.0,0.0,0.0,4.385964912280702,0.0,0.0,0.0,0.0,0.0,0.0,0.0,0.0,0.7309941520467835,0.0,0.0,0.0,0.0,0.0,0.0,0.0,0.0,0.0,0.0,0.7168458781362007,0.0,0.0,0.0,0.0,0.0,1.42980617161352,0.0,0.0,0.0,0.0,0.0,0.0,0.0,0.0,0.0,0.0,0.0,0.0,0.0,0.0,0.0,0.0,0.7168458781362007,12.11111111111111,2.2837561704640157,2.784087513790175,3.352057709813249,0.6488382288220111,5.333333333333333,0.8578574663576443,2.2837561704640157,5.0720256845055065,25.5005291005291,1.8549103036972596,23.162946775165665,16.01554146509723,12.271225198133962,16.53480394801874,17.738827995901016,18.606056382129985,0.0026508073926147413,0.0012772654077001903,2020,2
2020-03-01,9,1.5346269517570963,0.0,2.162327659615182,0.0,2.3897539300250177,0.0,0.939670758397564,0.44802867383512546,0.44802867383512546,0.44802867383512546,0.0,0.0,0.6385696040868454,0.0,0.0,0.0,0.44802867383512546,0.0,0.0,0.0,0.0,0.0,0.0,0.0,0.0,0.0,0.0,0.0,0.0,0.0,1.4064697609001406,0.0,0.7558578987150415,0.0,0.0,0.0,0.0,0.0,0.0,0.0,0.0,2.3897539300250177,0.0,0.0,0.0,0.0,0.0,0.0,0.0,0.939670758397564,0.0,0.0,0.0,0.0,0.0,0.0,0.0,0.0,0.44802867383512546,0.44802867383512546,0.0,0.0,0.0,0.0,0.0,0.0,20.759462385603843,9.777777777777779,1.6094168237288276,2.6397488909030384,3.467886098731489,0.5948280855535171,4.777777777777778,0.8096149638686165,1.6094168237288276,6.516029806101206,21.72041446208113,1.84553910286853,29.399177428312196,14.266006201986622,12.815607847064346,15.135640103909058,15.796798449710357,16.346475479967488,0.0030627413082795906,0.0020450393649869857,2020,3
2020-04-01,11,4.050133528495737,0.0,1.2254855608298505,0.0,0.46620046620046623,0.46620046620046623,2.266737608190414,0.46620046620046623,0.0,1.1801312674538933,0.0,0.0,0.0,0.0,0.46620046620046623,0.0,1.1862865277393333,0.0,0.7513148009015779,0.46620046620046623,0.0,0.0,0.0,0.0,0.0,0.0,0.0,0.0,0.0,0.0,0.43497172683775553,0.0,0.7905138339920948,0.0,0.0,0.0,0.0,0.0,0.0,0.46620046620046623,0.0,0.0,0.0,0.0,0.46620046620046623,0.0,0.0,0.0,0.0,2.266737608190414,0.0,0.0,0.0,0.0,0.0,0.0,0.0,0.46620046620046623,0.0,0.0,0.0,0.0,0.0,0.0,0.0,1.1507479861910241,2.1033284318590275,13.727272727272727,2.8007825035479543,2.7469087096641225,3.240708210860338,0.6053278579996131,6.090909090909091,1.0930690204601563,2.8007825035479543,3.0107669402037116,26.37554112554113,1.8843769108841926,22.424861356078207,16.405890393240178,12.600175627160763,17.386535279689387,18.010916325950667,19.801622691294714,0.0022188503320578795,0.0020949658680349042,2020,4
2020-05-01,11,6.922636974944748,0.0,0.8576329331046311,0.0,0.8826125330979699,0.0,1.6240839770251534,0.5165289256198347,0.44130626654898497,0.0,0.0,0.0,1.4743641177886544,0.0,0.5165289256198347,0.0,2.6528152962398326,1.83762236874744,0.44130626654898497,0.0,0.0,0.0,0.0,0.0,0.0,0.0,0.0,0.0,0.0,0.0,0.0,0.0,0.8576329331046311,0.0,0.0,0.0,0.0,0.0,0.0,0.0,0.0,0.44130626654898497,0.0,0.44130626654898497,0.0,0.0,0.0,0.0,0.0,1.6240839770251534,0.0,0.0,0.0,0.0,0.0,0.0,0.0,0.5165289256198347,0.0,0.44130626654898497,0.0,0.0,0.0,0.0,0.4456327985739751,0.0,1.803989704704121,11.363636363636363,2.355178400213727,2.791959340999839,3.1720277551783385,0.6344239714190913,4.545454545454546,0.7866934068589168,2.355178400213727,5.7922111297149135,22.90479797979798,1.818601600710693,29.68129306329287,14.558949464319472,12.047272335211273,15.474531413464495,15.624395862308864,16.90345064310804,0.003313299308033552,0.001478724001156703,2020,5
2020-06-01,8,2.6731846584787764,0.0,0.992063492063492,0.0,0.0,0.0,0.0,0.0,0.0,0.0,0.0,0.0,0.6127450980392157,0.0,0.0,0.0,2.0604395604395607,0.0,0.0,0.0,0.0,0.0,0.0,0.0,0.0,0.0,0.0,0.0,0.0,0.0,0.992063492063492,0.0,0.0,0.0,0.0,0.0,0.0,0.0,0.0,0.0,0.0,0.0,0.0,0.0,0.0,0.0,0.0,0.0,0.0,0.0,0.0,0.0,0.0,0.0,0.0,0.0,0.0,0.0,0.0,0.0,0.0,0.0,0.0,0.0,1.2254901960784315,0.0,0.0,12.5,2.778741504522754,2.8055564766345857,3.1656488475874554,0.5877478004609898,4.875,0.8067929294794496,2.778741504522754,6.671065862242333,23.25173611111111,1.904181628676913,21.155609837477588,15.522337988750833,12.646831019463889,16.423194048529695,16.964268072269856,18.373856608740496,0.0029107102970739335,0.0019536019536019536,2020,6
2020-07-01,8,6.346161633987906,0.4921259842519685,0.0,0.0,1.0245901639344264,1.0964912280701753,1.6570293446621036,0.5605381165919282,1.0044210662191817,2.14120926693521,0.0,0.0,0.5122950819672132,0.0,0.5605381165919282,0.0,1.0683760683760686,0.4921259842519685,1.0593220338983051,0.5122950819672132,0.0,0.0,0.0,0.0,0.0,0.0,0.4921259842519685,0.0,0.0,0.0,0.0,0.0,0.0,0.0,0.0,0.0,0.0,0.0,0.0,0.5122950819672132,0.5122950819672132,0.0,0.0,0.0,0.0,1.0964912280701753,0.0,0.0,0.0,1.6570293446621036,0.0,0.0,0.0,0.0,0.0,0.0,0.0,0.5605381165919282,0.0,0.0,0.0,0.4921259842519685,0.5122950819672132,0.0,0.0,0.4921259842519685,1.0263140184400028,10.625,1.9268103913219226,2.806463763398284,3.4899458069144567,0.7799551430700817,7.75,0.7592537593729772,1.9268103913219226,6.676389131548948,24.348863636363635,1.955812302924075,15.722271309637115,16.91996762466055,12.458165702596155,17.537918448949107,17.808888131393843,19.799989825357596,0.003150144115037349,0.0016306792622582096,2020,7
2020-08-01,15,5.649212327743034,0.7561829633409194,1.0173659136314739,0.0,2.3244521086354286,0.0,1.2993928398841292,0.45662100456621,0.0,0.878650284900285,0.0,0.0,0.0,0.0,0.45662100456621,0.0,2.527655358508281,0.5092693830940058,1.0155783881775207,0.26143790849673204,0.0,0.0,0.0,0.5092693830940058,0.2469135802469136,0.0,0.0,0.0,0.2766251728907331,0.0,0.2469135802469136,0.0,0.4938271604938272,0.0,0.0,0.0,0.0,0.0,0.0,0.26143790849673204,1.0182838079818342,0.26143790849673204,0.0,0.7832924836601307,0.0,0.0,0.0,0.0,0.0,1.2993928398841292,0.0,0.0,0.0,0.0,0.0,0.0,0.0,0.45662100456621,0.0,0.0,0.0,0.0,0.0,0.0,0.2469135802469136,0.28490028490028496,1.5574548907882242,12.4,2.319608459377404,2.7918841710325775,3.2257213015885986,0.571302868138884,9.066666666666666,0.9019562025086536,2.319608459377404,2.7521432060068056,24.53664021164021,1.902951608059445,19.56249347843433,16.375108247277023,12.801747343446486,17.084321840315397,18.371631132833613,19.332251643902588,0.002546360945784488,0.001986173067155646,2020,8
2020-09-01,6,10.172508826384915,0.0,0.9578544061302682,0.0,3.0864197530864197,1.1990407673860912,0.0,0.0,0.0,0.0,0.0,0.0,0.0,0.0,0.0,0.0,3.7265544787519094,0.0,4.902744471089795,1.5432098765432098,0.0,0.0,0.0,0.0,0.0,0.0,0.0,0.0,0.0,0.0,0.0,0.0,0.9578544061302682,0.0,0.0,0.0,0.0,0.0,0.0,1.5432098765432098,1.5432098765432098,0.0,0.0,0.0,0.0,1.1990407673860912,0.0,0.0,0.0,0.0,0.0,0.0,0.0,0.0,0.0,0.0,0.0,0.0,0.0,0.0,0.0,0.0,0.0,0.0,0.0,6.481481481481481,1.2345679012345678,10.166666666666666,1.8204672137041733,2.7908931605338485,3.2244689895890666,0.595371913507977,5.666666666666667,0.7578560532711109,1.8204672137041733,6.98516789816491,23.465277777777775,1.9437218085794747,18.223192935872465,16.244091874267784,12.679100268953128,17.11049168268681,17.62668287694382,19.84308203605514,0.0036946259985475675,0.0,2020,9
2020-10-01,9,3.0431604694280168,0.3871467286101432,2.8700575575575575,0.0,1.6421154310553006,0.5005005005005005,3.0069540359174507,0.0,0.0,0.7507507507507508,0.0,0.0,0.0,0.0,0.0,0.0,0.8051529790660226,0.3871467286101432,0.0,1.1001100110011002,0.0,0.0,0.0,0.3871467286101432,0.0,0.0,0.0,0.0,0.5005005005005005,0.0,0.8680555555555556,0.0,1.5015015015015016,0.0,0.0,0.0,0.0,0.0,0.0,1.1001100110011002,0.0,0.5420054200542005,0.0,0.0,0.0,0.5005005005005005,0.0,0.0,0.0,2.6198073073073074,0.0,0.3871467286101432,0.0,0.0,0.0,0.0,0.0,0.0,0.0,0.0,0.0,0.0,0.0,0.0,0.0,0.5005005005005005,0.7507507507507508,11.11111111111111,2.0267346832730992,2.7735949151315458,3.2746779113963957,0.7387209383195159,5.888888888888889,0.9442594598516327,2.0267346832730992,7.7834889168218035,24.698989898989897,1.8613173952694244,24.119707713659434,15.718314149186138,12.604793859358105,16.617318915021322,17.254713353540325,18.556159736163742,0.0007507507507507507,0.0022152139546757787,2020,10
2020-11-01,12,4.380994491013218,0.3561253561253562,0.97340930674264,0.0,1.0339506172839508,2.1931848582129483,0.8401886035313001,0.4166666666666667,0.3561253561253562,1.1728395061728396,0.0,0.0,0.0,0.0,0.4166666666666667,0.0,1.2122124130551095,1.5792759051186016,0.0,0.0,0.0,0.0,0.0,0.0,0.3561253561253562,0.0,0.0,0.0,0.0,0.0,0.6172839506172839,0.0,0.3561253561253562,0.0,0.0,0.0,0.0,0.0,0.0,0.0,0.6172839506172839,0.0,0.4166666666666667,0.0,0.0,2.1931848582129483,0.0,0.0,0.0,0.37202380952380953,0.4681647940074906,0.0,0.0,0.0,0.0,0.0,0.0,0.4166666666666667,0.0,0.3561253561253562,0.0,0.0,0.0,0.0,0.9363295880149812,0.0,1.8273890392611476,13.0,2.94270254928821,2.790975901819086,3.208175166806805,0.47013306803419574,6.166666666666667,0.6509669346127408,2.94270254928821,6.7299500628703095,25.71805856180856,1.9610210061641495,14.302021373793105,17.523024424441612,13.052506279976628,18.01395265482354,18.78058029972556,20.71913425972501,0.005473907155454774,0.001450617283950617,2020,11
2020-12-01,11,2.7020498796954864,0.0,0.3885003885003886,0.0,0.6313131313131313,1.0959800433484645,1.9186717428411049,0.0,0.0,0.3885003885003886,0.0,0.0,0.9276437847866419,0.0,0.0,0.0,0.9974053179080674,0.3885003885003886,0.0,0.0,0.0,0.0,0.0,0.0,0.0,0.0,0.0,0.0,0.0,0.0,0.0,0.0,0.3885003885003886,0.0,0.0,0.0,0.0,0.0,0.0,0.0,0.0,0.0,0.0,0.6313131313131313,0.0,0.3885003885003886,0.0,0.3885003885003886,0.3189792663476874,1.1913990155683776,0.0,0.7272727272727273,0.0,0.0,0.0,0.0,0.0,0.0,0.0,0.0,0.0,0.0,0.0,0.0,0.6313131313131313,0.0,0.6313131313131313,10.909090909090908,1.9239436348546746,2.7230046374361265,3.335687400499036,0.6811394492551499,4.818181818181818,0.7220101747506782,1.9239436348546746,2.2717779296726666,24.852597402597404,1.902057911466512,20.171498812124778,16.361617754951254,12.390007371189187,16.741438540663506,17.562580228166553,18.939706455049098,0.0010720273878168614,0.002333342563619749,2020,12
2021-01-01,11,4.7360917804261025,1.4278914802475011,0.5165289256198347,0.0,1.357589503007921,0.9592738154042192,1.8552093041480306,0.4759638267491671,0.40404040404040403,0.8800042307895711,0.0,0.0,0.0,0.0,0.4759638267491671,0.0,2.1031987427541363,0.0,1.276924980133228,0.0,0.0,0.0,0.0,0.0,0.4759638267491671,0.0,0.0,0.9519276534983342,0.5165289256198347,0.0,0.0,0.0,0.0,0.0,0.0,0.0,0.0,0.0,0.0,0.0,0.3650967506389193,0.4759638267491671,0.0,0.5165289256198347,0.0,0.3650967506389193,0.0,0.0,0.5941770647653001,1.2194813956928494,0.6357279084551812,0.0,0.0,0.0,0.0,0.0,0.0,0.4759638267491671,0.0,0.0,0.0,0.40404040404040403,0.0,0.0,1.5493871135716726,0.8080808080808081,0.7691371546793232,12.0,2.493484066432653,2.790087881000896,3.1831829703027026,0.594687979312667,5.909090909090909,0.7487040523080354,2.493484066432653,1.7019305839867362,23.776138003410733,1.9057834146915973,21.482610212435034,15.848865838138181,12.323297318686661,16.64528362272776,17.17823157578005,18.721669775806596,0.00428690104529543,0.00221413903715018,2021,1
2021-02-01,6,5.16366818140815,0.0,0.6127450980392156,0.0,2.5252525252525255,0.0,0.6127450980392156,2.0141528604556647,0.0,0.0,0.0,0.0,0.0,0.0,2.0141528604556647,0.0,2.5367702229132694,0.6127450980392156,0.0,0.0,0.0,0.0,0.0,0.0,0.0,0.0,0.0,0.0,0.0,0.0,0.0,0.0,0.6127450980392156,0.0,0.0,0.0,0.0,0.0,0.0,0.0,0.0,0.0,2.5252525252525255,0.0,0.0,0.0,0.0,0.0,0.0,0.6127450980392156,0.0,0.0,0.0,0.0,0.0,0.0,0.0,2.0141528604556647,0.0,0.0,0.0,0.0,0.0,0.0,0.0,0.0,0.6127450980392156,13.166666666666666,2.9535183924456696,2.7502620035502976,3.590518899243621,0.7662250524889617,7.5,1.0172771543301518,2.9535183924456696,2.098090545118571,28.72716727716728,1.9233188452114323,15.591480442647233,17.744088122171835,12.758231506028773,17.95305750768866,19.610970960176715,20.850182984681563,0.006786137411851981,0.0,2021,2
2021-03-01,10,5.715932371433017,1.7222029564957233,0.4166666666666667,0.0,0.0,0.7575757575757576,0.7874015748031497,0.0,0.0,0.8969225938137855,0.0,0.0,0.8354088833540889,0.0,0.0,0.0,1.6606892460360263,0.45662100456620996,1.8662906436629065,0.0,0.0,0.0,0.7874015748031497,0.5181347150259067,0.0,0.0,0.4166666666666667,0.0,0.0,0.0,0.0,0.0,0.4166666666666667,0.0,0.0,0.0,0.0,0.0,0.0,0.0,0.0,0.0,0.0,0.0,0.0,0.0,0.7575757575757576,0.0,0.0,0.7874015748031497,0.0,0.0,0.0,0.0,0.0,0.0,0.0,0.0,0.0,0.0,0.0,0.0,0.0,0.0,0.45662100456620996,2.3397435897435903,1.0976466455918508,10.6,1.8078337089232555,2.8031885054575714,3.2811458734318633,0.6804786505768929,7.0,1.0887617201945932,1.8078337089232555,5.190572786278116,22.05792374292374,1.9151640568748192,21.445968706279658,15.71636550804593,12.381330895374276,16.6127128860464,16.952658807119136,18.988141378671834,0.0035743759074302944,0.0008135704874835309,2021,3
2021-04-01,7,4.507137237270991,3.6199466714574102,1.0660980810234542,0.0,0.8210180623973727,2.275209319257372,0.0,0.0,0.8116883116883117,0.9216589861751151,0.0,0.0,0.0,0.0,0.0,0.0,0.9216589861751151,2.66381926492076,0.0,0.0,0.0,0.0,0.0,2.275209319257372,1.3447373522000388,0.0,0.0,0.0,0.0,0.0,0.0,0.0,1.0660980810234542,0.0,0.0,0.0,0.0,0.0,0.0,0.0,0.0,0.8210180623973727,0.0,0.0,0.0,0.5330490405117271,0.0,0.0,1.7421602787456447,0.0,0.0,0.0,0.0,0.0,0.0,0.0,0.0,0.0,0.0,0.8116883116883117,0.0,0.0,0.0,0.0,0.0,0.0,0.8116883116883117,11.428571428571429,2.169671631002058,2.771833012368351,3.4780915655645224,0.9191734346242227,4.571428571428571,0.6937743660512762,2.169671631002058,0.0,21.984255823541538,1.847701325291182,29.148874943206412,14.272479807607041,12.044587105543343,15.846146369089215,15.01877056477388,17.59470005810073,0.0014547080266868423,0.0013447373522000388,2021,4
2021-05-01,9,1.3440860215053763,0.0,0.0,0.0,0.823045267489712,0.45913682277318646,0.6138735420503376,0.0,1.138159798748859,0.0,0.0,0.0,0.8960573476702509,0.0,0.0,0.0,0.44802867383512546,0.0,0.0,0.0,0.0,0.0,0.0,0.0,0.0,0.0,0.0,0.0,0.0,0.0,0.0,0.0,0.0,0.0,0.0,0.0,0.0,0.0,0.0,0.0,0.0,0.823045267489712,0.0,0.0,0.0,0.0,0.45913682277318646,0.0,0.0,0.6138735420503376,0.0,0.0,0.0,0.0,0.0,0.0,0.0,0.0,0.0,0.44802867383512546,0.0,0.6901311249137335,0.0,0.0,0.0,1.5099308897205885,3.974598722144304,10.444444444444445,1.8561949099522452,2.7282247155292185,3.495442003950656,0.8008483336107903,5.222222222222222,0.8019167854638939,1.8561949099522452,2.112824783075679,24.38320105820106,1.8805431985231036,24.095012649415846,15.644995708986755,12.08920356317235,16.345284865951456,16.954240025979995,18.370205950599633,0.0053481573266013875,0.0006349206349206349,2021,5
2021-06-01,13,5.717644364187665,0.0,1.7382649739597142,0.0,1.220205465274522,0.0,1.2648064224498463,0.0,0.0,2.2723583833793217,0.0,0.0,0.9101180826500983,0.0,0.0,0.0,1.4089889295504838,0.0,0.7616146230007617,0.36456434560699963,0.0,0.0,0.0,0.0,0.0,0.0,0.0,0.0,0.40273862263391064,0.38080731150038083,0.9547190398254227,0.0,0.0,0.0,0.0,0.0,0.0,0.0,0.0,0.36456434560699963,0.0,0.0,0.38080731150038083,0.4748338081671415,0.0,0.0,0.0,0.0,0.0,1.2648064224498463,0.0,0.0,0.0,0.0,0.0,0.0,0.0,0.0,0.0,0.0,0.0,0.0,0.0,0.0,0.9861932938856015,0.0,2.1052482867644793,12.76923076923077,2.474102016507439,2.736944173592718,3.259327465594607,0.5511787749347689,7.230769230769231,0.9609374706942828,2.474102016507439,7.514135530882819,25.343803418803418,1.8596161520569845,22.59965314607404,16.07100970563496,12.16082576112538,16.94924208244799,17.372823875185226,19.11755907178892,0.0048604145361438545,0.003282212884994413,2021,6
2021-07-01,7,4.95046984096371,0.0,0.0,0.0,2.005234718000675,2.4480557971962833,3.4734328624069755,0.0,0.0,0.927643784786642,0.0,0.0,0.0,0.0,0.0,0.0,2.167538486603785,0.927643784786642,0.927643784786642,0.0,0.0,0.0,0.0,0.0,0.0,0.0,0.0,0.0,0.0,0.0,0.0,0.0,0.0,0.0,0.0,0.0,0.0,0.0,0.0,0.0,0.0,0.992063492063492,0.0,1.0131712259371832,0.0,1.5204120124096414,0.927643784786642,0.0,0.0,3.4734328624069755,0.0,0.0,0.0,0.0,0.0,0.0,0.0,0.0,0.0,0.0,0.0,0.0,0.0,0.0,0.9398496240601503,0.0,2.5879414849179687,12.285714285714286,2.6242566257533047,2.86282166824008,3.3130947555506145,0.6306236657382749,7.0,0.8228329263691933,2.6242566257533047,6.607312815519502,25.046371882086166,1.9298734890535354,18.697528453248676,16.807563935258486,12.524348422466923,16.905540182728444,18.719314677594355,19.22736562084443,0.00401062021690356,0.0016269841269841271,2021,7
2021-08-01,9,7.997982939463205,1.4705535666012144,0.9082551121787744,0.0,0.449842555105713,0.8375131298440579,0.0,2.278534196199647,0.0,1.5814919290439897,0.0,0.0,0.0,0.0,2.278534196199647,0.0,1.9383329817735242,1.3247331937758793,0.8748906386701663,0.0,0.0,0.0,0.0,1.1038502296008477,0.3667033370003667,0.0,0.0,0.0,0.0,0.0,0.4708097928436912,0.0,0.4374453193350831,0.0,0.0,0.0,0.0,0.0,0.0,0.0,0.0,0.449842555105713,0.0,0.0,0.4708097928436912,0.3667033370003667,0.0,0.0,0.0,0.0,0.0,0.0,0.0,0.0,0.0,0.0,0.0,2.278534196199647,0.0,0.0,0.0,0.0,0.0,0.0,0.0,0.5640157924421882,5.484059282416614,12.11111111111111,2.105221514955564,2.8296382701635494,3.270019755251035,0.63687432387316,9.555555555555555,0.9422013653516008,2.105221514955564,1.7921173626845888,24.25991631824965,1.8653471469757608,23.444939016026737,15.797148850900312,12.439983263114444,16.467283285597066,17.33502247899368,18.404153863203124,0.003938828026379953,0.001287355684949771,2021,8
2021-09-01,3,3.367003367003367,0.0,0.0,0.0,0.0,0.0,3.115264797507788,0.0,0.0,0.0,0.0,0.0,1.6835016835016836,0.0,0.0,0.0,1.6835016835016836,0.0,0.0,0.0,0.0,0.0,0.0,0.0,0.0,0.0,0.0,0.0,0.0,0.0,0.0,0.0,0.0,0.0,0.0,0.0,0.0,0.0,0.0,0.0,0.0,0.0,0.0,0.0,0.0,0.0,0.0,0.0,0.0,3.115264797507788,0.0,0.0,0.0,0.0,0.0,0.0,0.0,0.0,0.0,0.0,0.0,0.0,0.0,0.0,0.0,0.0,0.0,9.0,1.3529620192796543,2.5552952331449617,3.3102201257861634,0.39053282966007025,3.0,0.4665784702808124,1.3529620192796543,3.367003367003367,23.88095238095238,1.8655132199417455,26.87034470246736,15.503297356033206,13.474907809800264,15.798795178873632,17.95185327251365,16.825171055359736,0.0,0.0,2021,9
2021-10-01,10,5.636201108979273,1.1369426751592357,1.0154639175257731,0.0,2.281499563516441,2.888888888888889,0.6666666666666667,0.0,0.5,1.2906577159753856,0.0,0.0,0.6369426751592357,0.0,0.0,0.0,0.7407407407407407,1.590176561203934,0.7407407407407407,0.6369426751592357,0.0,0.0,0.0,0.0,0.6369426751592357,0.0,0.5,0.0,0.5154639175257733,0.0,0.5,0.0,0.0,0.0,0.0,0.0,0.0,0.0,0.0,0.6369426751592357,0.5,0.5076142131979695,0.0,0.6369426751592357,0.7407407407407407,2.148148148148148,0.0,0.0,0.0,0.6666666666666667,0.0,0.0,0.0,0.0,0.0,0.0,0.0,0.0,0.0,0.5,0.0,0.0,0.0,0.0,0.0,0.0,0.0,11.2,2.15048551693177,2.772996053340762,3.34694936922617,0.6778400995471254,6.7,0.8348475993460518,2.15048551693177,3.7184241566407175,25.170714285714286,1.9042911507188252,19.536215617792887,16.337574085281396,12.74537509056412,17.224402013807758,18.099248700154227,19.67313029061363,0.003109730975327061,0.0015230781307237428,2021,10
2021-11-01,7,5.404581231560278,0.0,0.0,0.0,0.7936507936507936,0.5602240896358543,1.9140989729225022,0.0,0.0,2.478734275862576,0.0,0.0,0.0,0.0,0.0,0.0,0.7936507936507936,0.0,2.1321961620469083,0.0,0.0,0.0,0.0,0.0,0.0,0.0,0.0,0.0,0.0,0.0,0.0,0.0,0.0,0.0,0.0,0.0,0.0,0.0,0.0,0.0,0.7936507936507936,0.0,0.0,0.0,0.5602240896358543,0.0,0.0,0.0,0.0,1.9140989729225022,0.0,0.0,0.0,0.0,0.0,0.0,0.0,0.0,0.0,0.0,0.0,0.0,0.0,0.0,0.0,3.2813125250100046,0.0,11.142857142857142,2.0928584021395205,2.739636477532276,3.352470027349534,0.7142244252485513,6.0,0.8958071219264602,2.0928584021395205,4.308390022675737,22.29938157081014,1.8380871094266475,30.156453331639756,14.499930851139235,11.513810053397204,16.048964720034668,15.916267713777946,17.722644248733985,0.0019010705057216687,0.002345860613577149,2021,11
2021-12-01,6,0.6973500697350069,0.0,1.8726591760299625,0.0,0.0,0.0,2.6353345658590377,0.6973500697350069,0.6242197253433208,0.0,0.0,0.0,0.0,0.0,0.6973500697350069,0.0,0.0,0.0,0.0,0.0,0.0,0.0,0.0,0.0,0.0,0.0,0.0,0.0,0.6242197253433208,0.0,0.0,0.0,1.2484394506866416,0.0,0.0,0.0,0.0,0.0,0.0,0.0,0.0,0.0,0.0,0.0,0.0,0.0,0.0,0.0,0.0,0.6973500697350069,0.0,1.937984496124031,0.0,0.0,0.0,0.0,0.0,0.6973500697350069,0.0,0.0,0.6242197253433208,0.0,0.0,0.0,0.0,0.6973500697350069,1.303410675795613,12.166666666666666,2.781365070107157,2.6698176118222148,3.462535602719509,0.8626586415805209,7.5,0.8258661371288646,2.781365070107157,12.542873601136414,25.316666666666666,1.9770968512474354,12.484610987231738,17.5819312318646,13.103419194591813,17.95130226774913,19.556660878833004,20.74825298453363,0.003531544473517692,0.0,2021,12
2022-01-01,15,3.9258531038127615,0.0,2.006532174430854,0.0,0.5649717514124294,1.2448309342607145,2.105602208328729,0.0,0.3898635477582845,0.0,0.0,0.0,0.9481135138645367,0.0,0.0,0.0,2.264564824195787,0.7131747657524373,0.0,0.0,0.0,0.0,0.0,0.0,0.0,0.0,0.0,0.0,0.8549673865024299,0.0,0.5509641873278237,0.0,0.6006006006006006,0.0,0.0,0.0,0.0,0.0,0.0,0.0,0.5649717514124294,0.0,0.0,0.0,0.5249343832020997,0.0,0.33003300330033003,0.0,0.3898635477582845,1.331464597627051,0.0,0.0,0.2766251728907331,0.4975124378109453,0.0,0.0,0.0,0.0,0.0,0.3898635477582845,0.0,0.0,0.0,0.0,0.5873715124816447,1.0498687664041995,1.3799017697045295,12.2,2.396882836413603,2.7102755032617556,3.2759484003143364,0.5201487432497723,6.8,0.7966693749265891,2.396882836413603,6.079663564540799,26.257720057720057,1.92160771572036,20.11709103991541,16.090613002850684,12.663059984159531,16.770698703864884,17.02814168179149,19.121431063382364,0.0012585850817958856,0.0014802346636947157,2022,1
2022-02-01,14,3.5867222388724973,1.37021173536291,0.8210180623973727,0.0,0.9575289575289575,0.6741188192801096,0.576036866359447,0.5714285714285714,0.652383423530284,0.6364504889288524,0.0,0.0,0.0,0.0,0.0,0.0,2.3788431785150737,0.0,0.5714285714285714,0.0,0.6377551020408163,0.0,0.0,0.0,0.0,0.3484320557491289,0.3840245775729647,0.0,0.0,0.0,0.0,0.0,0.8210180623973727,0.0,0.0,0.0,0.0,0.0,0.0,0.0,0.3861003861003861,0.5714285714285714,0.0,0.0,0.0,0.6741188192801096,0.0,0.0,0.0,0.576036866359447,0.0,0.0,0.0,0.0,0.0,0.0,0.0,0.0,0.5714285714285714,0.303951367781155,0.3484320557491289,0.0,0.0,0.0,0.0,1.260286159092594,1.3278068559223575,12.0,2.3321635490266694,2.751059203403666,3.3505665499710617,0.6892998611697083,6.071428571428571,0.8773176617953397,2.3321635490266694,6.639807815394028,24.680029890744176,1.8972132186595208,24.063306187466942,15.627069556265498,12.460700308828171,16.748005795814578,17.35586695089718,18.677839979812525,0.0019604428084719593,0.0010008154792794128,2022,2
2022-03-01,9,4.919062260111106,0.0,1.221001221001221,0.0,1.714975845410628,0.0,0.0,0.0,0.5367686527106817,1.2866279934553027,0.0,0.0,0.0,0.0,0.0,0.0,2.3321123321123323,0.0,1.3003219345434716,0.0,0.0,0.0,0.0,0.0,0.0,0.0,0.0,0.0,0.0,0.0,1.221001221001221,0.0,0.0,0.0,0.0,0.0,0.0,0.0,0.0,0.0,0.0,0.6038647342995169,0.0,1.1111111111111112,0.0,0.0,0.0,0.0,0.0,0.0,0.0,0.0,0.0,0.0,0.0,0.0,0.0,0.0,0.0,0.5367686527106817,0.0,0.0,0.0,0.0,0.6693440428380187,0.0,1.6774020397208804,12.333333333333334,2.685890933235862,2.7551258756947483,3.2276936269068286,0.5710900760299076,7.222222222222222,0.9981532414671411,2.685890933235862,15.716318934560762,24.97200176366843,1.908952352833686,19.569301522965727,16.619023769506583,12.436584189322202,17.920523790546522,18.44461901318475,20.481100839665228,0.0025231329782169124,0.0016859012674912259,2022,3
2022-04-01,8,2.6252904712887295,0.5707762557077625,2.125804479919462,0.0,1.0486214411734183,3.2720324497150752,1.4404563480659809,0.0,0.0,0.984251968503937,0.0,0.0,0.0,0.0,0.0,0.0,0.0,1.1848341232227488,0.0,0.4562043795620438,0.0,0.0,0.0,0.0,0.5707762557077625,0.0,0.0,0.0,0.0,0.0,1.141552511415525,0.0,0.984251968503937,0.0,0.0,0.0,0.0,0.0,0.0,0.4562043795620438,0.0,0.5924170616113744,0.0,0.0,0.984251968503937,0.46296296296296297,0.0,0.0,1.8248175182481752,1.4404563480659809,0.0,0.0,0.0,0.0,0.0,0.0,0.0,0.0,0.0,0.0,0.0,0.0,0.0,0.0,0.0,0.984251968503937,1.4404563480659809,12.875,2.5571387794637133,2.67534290144504,3.1818159308814984,0.5026413316331004,6.25,0.759552364421467,2.5571387794637133,3.645879965380368,25.17895299145299,1.8983759280406733,20.981920122755323,16.504511204729045,12.90630836204851,17.617189918729753,18.20035569694242,19.797691268790555,0.003837971038774655,0.0017123287671232876,2022,4
2022-05-01,14,5.144148763655776,0.9065934065934067,0.0,0.0,2.187865916068581,1.0039623045620047,0.35714285714285715,0.6211180124223602,0.0,0.0,0.0,0.0,0.6157635467980295,0.0,0.6211180124223602,0.0,1.1705685618729098,1.1645962732919255,0.4892367906066536,1.0828655786638979,0.0,0.0,0.0,0.5494505494505495,0.0,0.0,0.35714285714285715,0.0,0.0,0.0,0.0,0.0,0.0,0.0,0.0,0.0,0.0,0.0,0.0,1.0828655786638979,0.0,0.0,0.0,1.105000337404683,0.6157635467980295,0.0,0.0,0.0,0.38819875776397517,0.35714285714285715,0.0,0.0,0.0,0.0,0.0,0.0,0.0,0.6211180124223602,0.0,0.0,0.0,0.0,0.0,0.0,0.0,0.6417188389299943,0.4892367906066536,12.071428571428571,2.1730389482044545,2.795382987484669,3.32622658113999,0.5937112601520612,5.071428571428571,0.7086714284853242,2.1730389482044545,2.5293705698708675,24.939924757781903,1.890015707104871,23.112806573968008,16.008927643490534,12.720529140647043,16.755251224338163,17.80812322113176,18.76676458329967,0.0027348831209020705,0.0014539697320837812,2022,5
2022-06-01,12,4.542518450196393,0.6105006105006104,1.922238720450892,0.0,2.253127253127253,0.7330291665055614,1.639780938693158,0.3052503052503052,0.6313131313131314,0.0,0.0,0.0,0.6313131313131314,0.0,0.3052503052503052,0.0,1.3021628110439682,1.00162939154502,1.3021628110439682,0.0,0.0,0.3052503052503052,0.0,0.3052503052503052,0.0,0.0,0.0,0.0,0.0,0.0,0.0,0.8208704822164701,1.101368238234422,0.0,0.0,0.0,0.0,0.0,0.0,0.0,0.3753753753753754,0.3052503052503052,0.3052503052503052,1.2672512672512675,0.0,0.7330291665055614,0.0,0.0,0.0,1.282127147562972,0.0,0.0,0.35765379113018597,0.0,0.0,0.0,0.0,0.3052503052503052,0.0,0.6313131313131314,0.0,0.0,0.0,0.0,1.0362444572970888,0.9901091685135023,1.0114919080647355,12.916666666666666,2.6917963194543213,2.784396876752687,3.414664454652051,0.7037832516956062,6.25,0.7418055177618342,2.6917963194543213,2.8471378559476785,25.240671134421135,1.8611349184755506,24.179038574973948,15.825950046108815,12.615004695581169,16.812229540579626,17.659016479103897,18.904792283022047,0.0024836021855950464,0.0022124960649550812,2022,6
2022-07-01,6,2.1853146853146854,0.8012820512820514,1.8175422138836774,0.0,0.0,0.0,0.0,0.0,0.8012820512820514,0.8012820512820514,0.0,0.0,0.0,0.0,0.0,0.0,0.8012820512820514,0.5827505827505828,0.0,0.0,0.0,0.0,0.0,0.8012820512820514,0.0,0.0,0.0,0.0,0.8012820512820514,0.0,0.0,0.0,1.016260162601626,0.0,0.0,0.0,0.0,0.0,0.0,0.0,0.0,0.0,0.0,0.0,0.0,0.0,0.0,0.0,0.0,0.0,0.0,0.0,0.0,0.0,0.0,0.0,0.0,0.0,0.0,0.8012820512820514,0.0,0.0,0.0,0.0,4.065040650406504,1.1655011655011656,0.0,13.166666666666666,2.9955900308481738,2.735426779558645,3.300688535179628,0.7038204776603411,7.333333333333333,0.7271560441491877,2.9955900308481738,6.057568057850727,23.453968253968256,1.8919345576166045,24.075597257243164,15.496557771303197,12.4557494107996,16.862979972757532,16.376437239597834,18.717048545149233,0.002768065268065268,0.0008012820512820514,2022,7
2022-08-01,8,5.075757575757576,1.650614486184956,1.1111111111111112,0.0,1.9500372856077555,3.836014996485199,0.7062146892655368,0.5555555555555556,0.0,0.5555555555555556,0.0,0.0,0.0,0.0,0.5555555555555556,0.0,2.5974025974025974,0.8116883116883118,0.5555555555555556,0.0,0.0,0.0,0.0,0.0,1.650614486184956,0.0,0.0,0.0,0.0,0.0,0.0,0.0,1.1111111111111112,0.0,0.0,0.0,0.0,0.0,0.0,0.0,0.0,0.8389261744966443,0.0,1.1111111111111112,0.6720430107526882,1.378257700018225,1.7857142857142856,0.0,0.0,0.7062146892655368,0.0,0.0,0.0,0.0,0.0,0.0,0.0,0.5555555555555556,0.0,0.0,0.0,0.0,0.0,0.0,0.0,0.7062146892655368,0.0,11.375,2.1439760620334862,2.7762029392434773,3.300749970489588,0.6072847353313365,7.125,0.9608334455391461,2.1439760620334862,2.6058562663264686,24.942857142857143,1.8976397312487858,21.945110679886703,16.289873823585733,12.429954483431642,16.85287674560473,17.62882588603931,18.812156407257007,0.0017192078646374894,0.0,2022,8
2022-09-01,9,4.678727126108743,0.835421888053467,0.8110300081103001,0.0,1.2944057825875168,0.835421888053467,1.3115305086108004,0.8110300081103001,0.5005005005005005,1.6835983087489717,0.0,0.0,0.0,0.8110300081103001,0.0,0.0,0.0,0.0,1.3359223885539675,0.8481764206955046,0.0,0.0,0.835421888053467,0.0,0.0,0.0,0.0,0.0,0.0,0.0,0.0,0.0,0.8110300081103001,0.0,0.0,0.0,0.0,0.0,0.0,0.8481764206955046,0.4462293618920124,0.0,0.0,0.0,0.0,0.835421888053467,0.0,0.0,0.0,1.3115305086108004,0.0,0.0,0.0,0.0,0.8110300081103001,0.0,0.0,0.0,0.0,0.5005005005005005,0.0,0.0,0.0,0.0,0.0,1.3386880856760375,1.5175204635335233,12.666666666666666,2.631188352334107,2.7986621698483316,3.453808200511364,0.7143081878816397,6.888888888888889,1.0556946198903554,2.631188352334107,4.023786127693924,27.160802469135803,1.8547552431170393,22.677139721412676,16.4301916916815,12.161199776856423,16.858789324415625,17.877624867922158,19.292805581510784,0.0031208398361220174,0.0005005005005005005,2022,9
2022-10-01,15,4.07813203825812,1.3717999459191914,1.1688079341256887,0.0,0.3333333333333333,1.3023694231612595,1.1815734145640302,0.3333333333333333,0.28612303290414876,0.7054673721340389,0.0,0.0,0.0,0.0,0.0,0.0,1.6026673816121177,0.4301075268817204,1.339889757630243,0.0,0.0,0.0,0.0,0.7657393398585853,0.0,0.0,0.303030303030303,0.303030303030303,0.5167958656330749,0.0,0.0,0.0,0.6520120684926138,0.0,0.0,0.0,0.0,0.0,0.0,0.0,0.0,0.3333333333333333,0.0,0.0,0.44742729306487694,0.8549421300963826,0.0,0.0,0.0,1.1815734145640302,0.0,0.0,0.0,0.0,0.0,0.0,0.0,0.0,0.3333333333333333,0.28612303290414876,0.0,0.0,0.0,0.0,0.0,0.0,4.126999880056027,11.933333333333334,2.397745009712946,2.754277427631211,3.4339852227459655,0.7189241949574576,5.666666666666667,0.7981988131978667,2.397745009712946,3.2901502985120987,25.677910052910054,1.9034295500184377,18.729315790404637,16.926687910693314,12.441485430232774,17.542944838758192,18.670715518351855,19.832997230896293,0.003928247299842497,0.0009964121725875115,2022,10
2022-11-01,6,2.4154589371980677,0.8460236886632825,1.736111111111111,0.0,0.0,0.0,1.6103059581320451,0.8051529790660226,0.0,0.0,0.0,0.0,0.0,0.0,0.8051529790660226,0.0,0.8051529790660226,0.8051529790660226,0.0,0.0,0.0,0.0,0.0,0.0,0.0,0.0,0.0,0.8460236886632825,0.0,0.0,0.0,0.0,1.736111111111111,0.0,0.0,0.0,0.0,0.0,0.0,0.0,0.0,0.0,0.0,0.0,0.0,0.0,0.0,0.0,0.0,1.6103059581320451,0.0,0.0,0.0,0.0,0.0,0.0,0.0,0.8051529790660226,0.0,0.0,0.0,0.0,0.0,0.0,0.8051529790660226,0.0,4.450169828625055,12.5,2.8808661886165985,2.8474070246683145,3.402383844040079,0.6542515033368134,8.166666666666666,0.9646488926692044,2.8808661886165985,4.34905220824444,23.969841269841268,1.9022033403703364,26.913103860433242,14.456954290707998,13.025037714244931,15.368923575936776,16.161103741665677,17.05333445141729,0.0,0.0011037527593818985,2022,11
2022-12-01,6,2.1156909597769813,2.7102062400846116,3.968253968253968,0.0,0.992063492063492,0.0,0.6720430107526881,0.0,0.0,0.6720430107526881,0.0,0.0,0.6720430107526881,0.0,0.0,0.0,0.0,0.0,0.7716049382716049,0.0,0.0,0.0,1.3661202185792352,1.3440860215053763,0.0,0.0,0.0,0.0,0.0,0.0,0.992063492063492,0.0,2.976190476190476,0.0,0.0,0.0,0.0,0.0,0.0,0.0,0.0,0.992063492063492,0.0,0.0,0.0,0.0,0.0,0.0,0.0,0.6720430107526881,0.0,0.0,0.0,0.0,0.0,0.0,0.0,0.0,0.0,0.0,0.0,0.0,0.0,0.0,0.0,0.0,0.6720430107526881,13.333333333333334,2.922895892694928,2.7142498551239016,3.182449657073313,0.5839459825183928,4.5,0.6377142048840545,2.922895892694928,3.869338546757902,22.97724358974359,1.9797834392941756,13.98575382974659,16.941139790583332,13.159479779299813,17.6641409186081,18.41223503112432,20.408668271948297,0.0006720430107526881,0.002976190476190476,2022,12
2023-01-01,8,5.728202837665824,1.0245901639344264,0.5364806866952789,0.0,0.6313131313131314,0.0,0.5364806866952789,0.0,0.0,2.4161799348155797,0.0,0.0,0.0,0.0,0.0,0.0,0.0,2.130784854199913,1.1812380486503313,0.0,0.0,0.0,0.0,1.0245901639344264,0.0,0.0,0.0,0.0,0.0,0.0,0.0,0.0,0.5364806866952789,0.0,0.0,0.0,0.0,0.0,0.0,0.0,0.0,0.0,0.0,0.6313131313131314,0.0,0.0,0.0,0.0,0.0,0.5364806866952789,0.0,0.0,0.0,0.0,0.0,0.0,0.0,0.0,0.0,0.0,0.0,0.0,0.0,0.0,1.8657644658938255,2.1210876727104817,1.2376237623762376,10.75,2.2545520801409,2.8271427194877474,3.222358625978357,0.6828522999487443,8.75,0.9077021140726207,2.2545520801409,5.99237529994702,21.498134157509156,1.9364885979113293,21.620232437033874,15.391112514200167,12.642681268498801,16.62921397047204,16.5587665583659,18.838704718588804,0.004312269857571554,0.004168654570375071,2023,1
2023-02-01,5,1.298701298701299,1.3245033112582782,0.0,0.0,0.0,0.0,1.5873015873015872,0.0,5.325619344310933,0.0,0.0,0.0,0.0,0.0,0.0,0.0,1.298701298701299,0.0,0.0,0.0,0.0,0.0,0.0,1.3245033112582782,0.0,0.0,0.0,0.0,0.0,0.0,0.0,0.0,0.0,0.0,0.0,0.0,0.0,0.0,0.0,0.0,0.0,0.0,0.0,0.0,0.0,0.0,0.0,0.0,0.0,1.5873015873015872,0.0,0.0,0.0,0.0,0.0,0.0,0.0,0.0,0.0,5.325619344310933,0.0,0.0,0.0,0.0,0.0,1.5267175572519083,1.5267175572519083,11.6,2.209534037104757,2.721257058022686,3.1751533511323013,0.681021981478665,6.0,0.7134854185038152,2.209534037104757,1.298701298701299,20.447142857142858,1.9279379834372066,25.77082570075679,14.641179562846153,12.52043382053401,15.819419152257648,16.03395948428606,17.66722321852952,0.0015873015873015873,0.0015873015873015873,2023,2
2023-03-01,10,8.33718012947111,1.0649717514124295,2.472352665730149,0.0,2.0409506879978934,0.0,1.9331563542304813,0.8,1.5750727615134397,0.4016064257028112,0.0,0.0,1.0101010101010102,0.0,0.0,0.0,5.375873555220477,1.5495991384468113,0.0,0.0,0.0,0.0,0.0,0.5,0.0,0.5649717514124294,0.0,0.0,0.0,0.0,0.0,0.0,2.472352665730149,0.0,0.0,0.0,0.0,0.0,0.0,0.0,0.8196721311475411,0.0,0.8196721311475411,0.4016064257028112,0.0,0.0,0.0,0.0,0.0,1.9331563542304813,0.0,0.0,0.0,0.0,0.0,0.0,0.0,0.0,0.8,1.0101010101010102,0.5649717514124294,0.0,0.0,0.0,0.0,1.0,2.167429210512938,10.8,2.15310553972885,2.817060090131407,3.175788763204374,0.5436034721668686,5.9,1.2103051419691044,2.15310553972885,2.919672131147541,24.746938339438337,1.9612062525280625,18.443138125400967,16.267559998116546,12.499652909747923,17.106186643526808,17.511971426378512,19.383241569443882,0.004044960424221157,0.0,2023,3
2023-04-01,12,4.998279944762204,2.1635597419999573,1.6031376759723217,0.0,0.678488652955768,1.0772127358903771,1.129652827487473,0.32808398950131235,0.7393426078514033,1.2450961297682313,0.0,0.0,0.29036004645760743,0.0,0.32808398950131235,0.0,1.5686330670816357,0.0,1.5661067119534167,0.0,0.429553264604811,0.0,0.0,0.38402457757296465,0.3097893432465923,0.0,0.38402457757296465,0.6561679790026247,0.0,0.0,0.47348484848484845,0.0,1.129652827487473,0.0,0.0,0.0,0.0,0.0,0.0,0.0,0.0,0.678488652955768,0.0,0.0,0.0,1.0772127358903771,0.0,0.0,0.0,0.6561679790026247,0.47348484848484845,0.0,0.0,0.0,0.0,0.0,0.0,0.32808398950131235,0.0,0.7393426078514033,0.0,0.0,0.0,0.0,1.8930560509204641,0.39872408293460926,4.839894707949578,13.333333333333334,2.6856664993400052,2.7665005504969447,3.2229755844049257,0.5595897039052028,7.416666666666667,0.7815591869347047,2.6856664993400052,3.640121807731051,26.93234126984127,1.8915647198542398,20.475501790697695,16.576447060070745,12.443351897067151,17.210003626762337,18.153172871556297,19.463628851300303,0.0019165113754078724,0.00307249758028401,2023,4
2023-05-01,12,6.563762758671171,1.0711649000685546,1.5858444561014942,0.0,1.3272890631381198,0.0,1.3002534426772254,0.6388777813015641,0.0,0.8503401360544217,0.0,0.0,1.0600997443102707,0.0,0.6388777813015641,0.0,1.765605341149054,0.8013005724676207,0.6613756613756613,0.7861635220125786,0.0,0.0,0.0,0.0,0.0,0.0,0.0,1.0711649000685546,0.0,0.0,0.6459948320413437,0.0,0.9398496240601505,0.0,0.0,0.0,0.0,0.0,0.0,0.7861635220125786,0.5411255411255412,0.0,0.0,0.0,0.0,0.0,0.0,0.0,0.0,1.3002534426772254,0.0,0.0,0.0,0.0,0.0,0.0,0.0,0.6388777813015641,0.0,0.0,0.0,0.0,0.0,0.0,0.6361323155216284,0.4025764895330113,2.5367582547257506,11.0,1.8806964020714572,2.7860299173596883,3.448109022092622,0.7348501765182002,7.416666666666667,1.1264432817669252,1.8806964020714572,7.01182291790133,27.733961640211643,1.9307722388217459,16.61626308105637,17.40623653027608,12.83217508209978,17.94289774003291,19.225504423105665,20.794453625123243,0.0034531585785675203,0.0017099469829500163,2023,5
2023-06-01,14,9.18443482047816,2.101631861535823,0.799396681749623,0.0,2.1618849969137455,0.5952380952380952,1.6872947618289234,0.0,0.3232062055591468,1.2294193039534653,0.0,0.0,0.9523809523809524,0.0,0.0,0.0,1.7366379750280678,2.6029093762085336,2.0166748017888474,0.6464124111182936,0.0,0.40816326530612246,0.48590864917395526,0.0,0.40816326530612246,0.0,0.3232062055591468,0.4761904761904762,0.799396681749623,0.0,0.0,0.0,0.0,0.0,0.0,0.0,0.0,0.0,0.0,0.6464124111182936,0.37593984962406013,0.7313694708652693,0.0,0.40816326530612246,0.0,0.5952380952380952,0.0,0.0,0.0,1.6872947618289234,0.0,0.0,0.0,0.0,0.0,0.0,0.0,0.0,0.0,0.3232062055591468,0.0,0.0,0.0,0.0,0.0,0.0,0.3450655624568668,11.785714285714286,2.2454188720312325,2.7101191101562803,3.1896670708665225,0.5097398433632451,7.071428571428571,0.8383121604592157,2.2454188720312325,4.550488509686647,24.34722222222222,2.023704316137596,12.31844089147155,17.104525652378946,13.200598285588109,17.540960659918014,17.85008110238576,20.117693452173615,0.0034890781472761566,0.001659749741591174,2023,6
2023-07-01,15,6.247145442133428,0.6410256410256411,3.4629720253097607,0.0,1.5156504229730774,0.26455026455026454,2.5336476638014265,0.0,0.0,0.8525484641011516,0.0,0.0,0.0,0.0,0.0,0.0,1.3104013104013106,1.8725912146964778,0.6959540299614108,1.5156504229730774,0.0,0.0,0.32051282051282054,0.32051282051282054,0.0,0.0,0.0,0.0,0.6164814426504509,0.0,1.492746960874451,0.0,1.3537436217848589,0.0,0.0,0.0,0.0,0.0,0.0,1.5156504229730774,0.0,0.0,0.0,0.0,0.0,0.26455026455026454,0.0,0.0,0.0,2.5336476638014265,0.0,0.0,0.0,0.0,0.0,0.0,0.0,0.0,0.0,0.0,0.0,0.0,0.0,0.0,0.0,0.7880870561282933,3.4353476202952544,11.733333333333333,2.2205042813908946,2.763458681858468,3.4064634742894766,0.6800018601952615,7.4,0.9081498087016844,2.2205042813908946,6.428598202390302,25.69404280904281,2.000256676819625,12.954517729606303,17.31662260277976,13.05517840900323,18.044114559370364,18.811799705981898,20.949871447437392,0.0039963946039729475,0.001492746960874451,2023,7
2023-08-01,11,8.768522838285753,2.474574156111562,1.800988609499248,0.0,2.3478856686097056,0.4887585532746824,1.699112803104371,1.1722855525911553,0.6060606060606061,0.7378475463581847,0.0,0.0,0.4887585532746824,0.0,1.1722855525911553,0.0,2.3675381183242963,0.6101281269066504,2.8165909477352713,0.5753739930955121,0.0,0.0,0.0,1.481666354693122,0.0,0.0,0.38684719535783363,0.6060606060606061,1.3969482054588438,0.0,0.0,0.0,0.40404040404040403,0.0,0.0,0.0,0.0,0.0,0.0,0.5753739930955121,0.5753739930955121,0.5136106831022086,0.0,0.683526999316473,0.0,0.0,0.0,0.0,0.4887585532746824,1.1855021200021625,0.0,0.5136106831022086,0.0,0.0,0.0,0.0,0.0,1.1722855525911553,0.0,0.6060606060606061,0.0,0.0,0.0,0.0,0.8080808080808081,0.9794143971359162,0.8080808080808081,12.636363636363637,2.454516523084721,2.8096585755320795,3.243320987886909,0.6289241638189198,8.727272727272727,0.9057786081179551,2.454516523084721,6.402553124817129,24.878354978354977,1.9909768760228674,13.365408560298686,17.081562509872217,13.382882725496273,17.289720330123114,18.81368814668144,19.681410336948122,0.0021892696121460506,0.0010645748704300323,2023,8
2023-09-01,17,6.21932841471809,2.3290789114237036,1.21625423838052,0.0,0.8411192175092401,0.0,2.45023955857401,0.8282387236151384,0.2591344908007256,0.5987476575711871,0.0,0.0,0.301659125188537,0.0,0.5644560805130546,0.0,0.5079255553638856,2.6628765949556144,1.5836634011258122,0.0,0.0,0.301659125188537,0.0,1.0827077409538615,0.0,0.0,0.0,0.9447120452813053,0.0,0.0,0.0,0.0,1.21625423838052,0.0,0.0,0.0,0.0,0.0,0.0,0.0,0.3286230693394676,0.5124961481697725,0.0,0.0,0.0,0.0,0.0,0.0,0.0,2.45023955857401,0.0,0.0,0.0,0.0,0.0,0.0,0.2637826431020839,0.5644560805130546,0.0,0.0,0.0,0.2591344908007256,0.0,0.0,1.1106746940430028,2.1494882678137746,3.3581621712225345,12.588235294117647,2.399922316742423,2.7740088293718084,3.3167630893170106,0.6417340915994111,8.470588235294118,0.8927327490537952,2.399922316742423,4.938237853962532,25.374346405228756,2.002133007864723,12.833646840145676,17.606678992290167,12.898386317498888,17.93077517543696,18.96039165742456,20.442229906288684,0.002961039607690188,0.0011190545135798208,2023,9
2023-10-01,13,5.780127562367837,0.6410256410256411,3.3437397844177505,0.0,1.4481071684461517,0.0,3.1526843392437547,0.601253977166386,1.5456545486022273,1.7351466318021722,0.0,0.0,1.1405261405261407,0.0,0.601253977166386,0.0,1.3362755812420242,0.6464124111182935,0.32051282051282054,0.0,0.32051282051282054,0.32051282051282054,0.0,0.0,0.0,0.0,0.0,0.0,0.4995004995004996,0.6410256410256411,1.127594347933331,0.0,1.075619295958279,0.0,0.0,0.0,0.0,0.0,0.0,0.0,0.32051282051282054,0.434593654932638,0.693000693000693,0.0,0.0,0.0,0.0,0.0,0.0,3.1526843392437547,0.0,0.0,0.0,0.0,0.0,0.0,0.0,0.601253977166386,0.0,1.5456545486022273,0.0,0.0,0.0,0.0,0.0,1.1627362904735168,1.370295792634141,11.923076923076923,2.33387997152119,2.764797075448233,3.2418115237705436,0.6646982308216955,7.846153846153846,0.9250500417068687,2.33387997152119,6.293905000724073,23.25826395826396,1.991452617498048,15.563161778385945,16.63642175476815,12.932381719048939,17.299380463805424,17.97319066762001,19.671453869908436,0.002633579901233462,0.003202214642892609,2023,10
2023-11-01,3,11.77299135893262,1.8315018315018314,2.150537634408602,0.0,0.0,0.0,0.0,1.8315018315018314,0.0,2.150537634408602,0.0,0.0,2.150537634408602,1.8315018315018314,0.0,0.0,3.489876624204982,2.150537634408602,0.0,0.0,0.0,0.0,0.0,0.0,1.8315018315018314,0.0,0.0,0.0,0.0,0.0,0.0,0.0,2.150537634408602,0.0,0.0,0.0,0.0,0.0,0.0,0.0,0.0,0.0,0.0,0.0,0.0,0.0,0.0,0.0,0.0,0.0,0.0,0.0,0.0,0.0,1.8315018315018314,0.0,0.0,0.0,0.0,0.0,0.0,0.0,0.0,0.0,0.0,1.6583747927031507,1.6583747927031507,11.333333333333334,2.3535662697256066,2.788889571186166,3.5624690256715237,0.8766744114786542,9.333333333333334,1.2030007142716785,2.3535662697256066,7.298789051316735,24.11269841269841,2.033322809786898,13.272389612899701,16.884155214411496,13.095819787214461,17.44278220605038,18.671439799731257,20.26841631846657,0.0064516129032258064,0.0,2023,11
2023-12-01,12,8.097783138403145,3.706228027896955,2.6900410669389707,0.0,0.9460498623927472,2.1108372939036553,1.5992577661119922,1.76056338028169,1.6351543910753918,0.0,0.0,0.0,1.7817913501366742,1.1737089201877935,0.5868544600938967,0.0,2.5669173200644457,1.025450951321967,0.9630601365983674,0.0,0.0,0.0,0.5868544600938967,2.556310504739995,0.0,0.0,0.5630630630630631,0.0,1.0381168749211158,0.0,0.0,0.0,1.651924192017855,0.0,0.0,0.0,0.0,0.0,0.0,0.0,0.0,0.35919540229885055,0.5868544600938967,0.0,0.0,2.1108372939036553,0.0,0.0,0.0,1.5992577661119922,0.0,0.0,0.0,0.0,1.1737089201877935,0.0,0.0,0.5868544600938967,0.0,1.6351543910753918,0.0,0.0,0.0,0.0,0.0,0.0,1.9147305104655377,11.0,2.0935860233609445,2.725208441996077,3.3894867561663404,0.5221856364006433,7.083333333333333,0.841606329678088,2.0935860233609445,6.74065964539157,24.793253968253968,1.9927911057205285,12.705330551705389,17.12029174248193,13.446572461075478,17.914379833918122,18.97439280588956,20.603047525075432,0.0024849004142255336,0.0016562685426243261,2023,12
2024-01-01,14,8.352184580487375,1.907818847366049,4.912081124974338,0.0,0.5014753933942494,0.2560163850486431,0.2963841138114997,1.4182013646610088,0.0,1.227434041672084,0.0,0.2963841138114997,0.8169250104733976,0.0,1.4182013646610088,0.0,1.2947609944157423,2.1019903589649465,1.1964886964886965,0.0,0.0,0.8169250104733976,1.0908938368926513,0.0,0.0,0.0,0.0,0.0,1.4227658227174804,0.3840245775729647,1.1263817089059807,0.3306878306878307,1.6482211850900814,0.0,0.0,0.0,0.0,0.0,0.0,0.0,0.0,0.5014753933942494,0.0,0.0,0.2560163850486431,0.0,0.0,0.0,0.0,0.2963841138114997,0.0,0.0,0.0,0.0,0.0,0.0,0.0,1.4182013646610088,0.0,0.0,0.0,0.0,0.0,0.0,0.8434094640991192,0.0,0.8309391020224214,11.0,1.9711662594423298,2.7144979994968574,3.306223434641427,0.6349808572685894,7.357142857142857,0.8693932119217495,1.9711662594423298,6.345984769968373,24.242235740450024,2.002769583896256,11.568131497527007,17.631545158532635,13.412041493513412,17.931128550996288,19.594755875892258,20.801503479771416,0.0031950075697950156,0.0024811350797883836,2024,1
2024-02-01,17,11.032995338450036,5.53054648750992,3.4356765769685333,0.0,1.0119586523203,0.33046926635822865,1.0603342078112081,1.7516010458712992,0.0,1.494766484358825,0.9027364940966454,0.2591344908007256,2.6067376103510544,0.0,1.4211317795130705,0.0,1.6250411600899874,1.5255860832606436,0.8816057015072305,0.3162555344718533,0.9985672244945785,0.7394327336938528,0.0,1.5852546254008706,0.7637242931360579,0.5070993914807301,0.0,0.9364682193038303,0.83226971420505,0.0,0.0,0.0,2.603406862763483,0.0,0.0,0.0,0.0,0.0,0.0,0.3162555344718533,0.3844675124951942,0.3112356053532524,0.0,0.0,0.0,0.0,0.0,0.33046926635822865,0.0,1.0603342078112081,0.0,0.0,0.0,0.0,0.0,0.0,0.0,1.4211317795130705,0.33046926635822865,0.0,0.0,0.0,0.0,0.0,0.0,0.0,2.2582247251850776,10.941176470588236,2.0916705640871505,2.775542576566606,3.2935777617476205,0.6349592545708004,6.176470588235294,0.8350395264607111,2.0916705640871505,5.948726218319988,24.040185468126644,2.0365908936661645,11.106648218736344,17.09577869596174,13.424351424768284,17.22273212674463,19.045964693029557,19.90821918159773,0.0034525095809738522,0.0008553895741647555,2024,2
2024-03-01,10,7.304512633486771,1.8463860806006316,2.72539475601146,0.0,2.710048495190164,0.5025125628140704,0.43478260869565216,0.0,0.0,0.8695652173913043,0.0,0.0,1.343873517786561,0.0,0.0,0.0,2.0768545307908792,0.0,1.7466657828912713,1.2675535846267554,0.0,0.0,0.0,1.4116034719049793,0.0,0.0,0.0,0.43478260869565216,0.9202195018995356,0.0,1.3703926454162727,0.0,0.43478260869565216,0.0,0.0,0.0,0.0,0.0,0.0,1.2675535846267554,0.4545454545454545,0.9879494560179538,0.0,0.0,0.0,0.5025125628140704,0.0,0.0,0.0,0.0,0.0,0.0,0.43478260869565216,0.0,0.0,0.0,0.0,0.0,0.0,0.0,0.0,0.0,0.0,0.0,0.0,2.7079542504564054,2.255348397628662,11.4,2.4868270018033978,2.7084679874259034,3.363246725472591,0.7293180521382508,7.6,0.8973940198180832,2.4868270018033978,4.530660619524144,23.884166666666665,1.9671116903263475,14.157424605910922,16.94708083051256,13.182424969488395,17.334902536720854,18.753273251118213,19.85969943519327,0.0015066120138583906,0.003192479901244545,2024,3
2024-04-01,12,8.641376613503144,2.08168318351508,5.6438030467524465,0.0,2.285494129513526,0.5446623093681917,1.8641385307154719,1.03173552259887,0.6713022994467496,1.601806501499768,0.0,0.0,1.0439116379310345,0.3255208333333333,0.7062146892655368,0.3255208333333333,2.5373462880775275,1.0439116379310345,0.33875338753387535,0.7183908045977011,0.3255208333333333,0.3255208333333333,0.0,0.7183908045977011,0.0,0.0,0.7122507122507123,0.0,1.18890064313205,0.641177398989899,0.3255208333333333,0.3255208333333333,3.1626833379638306,0.0,0.0,0.0,0.0,0.0,0.0,0.7183908045977011,1.567103324915825,0.0,0.0,0.0,0.0,0.0,0.0,0.0,0.5446623093681917,1.5183570646020554,0.0,0.0,0.34578146611341637,0.0,0.3255208333333333,0.0,0.0,0.7062146892655368,0.0,0.34578146611341637,0.0,0.3255208333333333,0.0,0.0,0.0,0.0,0.654409953190441,11.666666666666666,2.255313895204587,2.7606679764349327,3.244511960900695,0.5818554011446994,5.416666666666667,0.7791744119080236,2.255313895204587,2.249833819092908,25.34434523809524,1.9977030708340233,10.333813381532906,17.96834005358271,13.50178169400361,18.344477828994574,19.747420013314457,20.963064351429573,0.004460681083178457,0.0027167204901579907,2024,4
2024-05-01,13,5.172834955551695,1.4369597262981348,2.412327361617422,0.0,1.492176436047114,0.5060728744939271,1.2090972596185106,0.0,0.930271774261544,1.246399020204675,0.0,0.0,0.0,0.0,0.0,0.0,0.9611000035076642,0.6332241119259374,1.8796231321306125,0.4524886877828054,0.0,0.3315649867374005,0.4524886877828054,0.30165912518853694,0.35124692658939227,0.0,0.0,0.0,0.0,0.0,1.6282736870972165,0.0,0.7840536745202059,0.0,0.0,0.0,0.0,0.0,0.0,0.4524886877828054,0.0,0.5871990604815032,0.0,0.4524886877828054,0.0,0.0,0.5060728744939271,0.0,0.0,1.2090972596185106,0.0,0.0,0.0,0.0,0.0,0.0,0.0,0.0,0.0,0.4777830864787386,0.0,0.4524886877828054,0.0,0.0,1.1312217194570136,0.9049773755656108,2.1359626351248187,10.846153846153847,2.0109684316305048,2.770644489407761,3.4246690314234987,0.7268454646174972,6.538461538461538,0.9223621812981461,2.0109684316305048,5.964723695095184,24.17661505161505,1.8960018549017243,21.130441792048376,16.140170176049523,12.692665433097089,16.84095322483936,18.04250879495309,19.020701171643847,0.007618465724223584,0.004094185235425761,2024,5
2024-06-01,7,6.3776758024775955,1.2476606363069245,2.5413758598600777,0.0,0.0,0.0,1.6830842877168222,0.0,0.0,1.5826030890067702,0.0,0.0,0.0,0.0,0.0,0.0,1.5826030890067702,1.6298665354572852,1.5826030890067702,0.0,0.0,0.6238303181534622,0.0,0.6238303181534622,0.0,0.0,0.0,0.0,0.9587727708533078,0.0,0.6238303181534622,0.0,0.9587727708533078,0.0,0.0,0.0,0.0,0.0,0.0,0.0,0.0,0.0,0.0,0.0,0.0,0.0,0.0,0.0,0.0,1.6830842877168222,0.0,0.0,0.0,0.0,0.0,0.0,0.0,0.0,0.0,0.0,0.0,0.0,0.0,0.0,0.0,0.5473453749315819,3.559581666501361,11.714285714285714,2.4411208736339156,2.7974102306623436,3.3676930982123197,0.7612097957788649,7.857142857142857,0.9991320612473226,2.4411208736339156,3.2953667143995538,22.146485260770977,2.0085136464955693,15.778559923547808,16.268816400771996,13.235082900088917,16.92993486576704,18.180810921822996,19.211251744195884,0.0009587727708533077,0.0027537787820918137,2024,6
2024-07-01,15,6.119327761394256,3.8382067894415006,5.119234956274509,0.0,1.1891430249476298,0.9358678650017234,1.1845354906751036,0.38314176245210724,0.0,0.8593322386425835,0.6807608100711549,0.0,0.48661800486618007,0.0,0.38314176245210724,0.0,0.3252032520325203,2.043299256016655,1.043353389694008,0.2976190476190476,0.7842370524852277,0.0,0.6734006734006734,1.4856962225383277,0.31007751937984496,0.0,0.0,0.5847953216374269,0.9370684553166305,0.0,0.48661800486618007,0.48661800486618007,3.2089304912255177,0.0,0.0,0.0,0.0,0.0,0.0,0.2976190476190476,0.5725447109808949,0.0,0.0,0.3189792663476874,0.0,0.6734006734006734,0.26246719160104987,0.0,0.0,1.1845354906751036,0.0,0.0,0.0,0.0,0.0,0.0,0.0,0.38314176245210724,0.0,0.0,0.0,0.0,0.0,0.0,0.9732360097323601,0.0,1.8373892402265162,11.666666666666666,2.200836482757997,2.7448461879251895,3.2860344233108023,0.6432783744686176,7.333333333333333,0.7980724485312533,2.200836482757997,6.055358955317453,24.46531746031746,1.9718123516822985,15.330531206639135,17.017872368384328,13.255002261019865,17.5261039812186,18.783670614291918,20.29330711000143,0.0034963767755331874,0.0024796944518150057,2024,7
2024-08-01,8,6.024300977488918,0.6613756613756614,2.26751817714328,0.0,0.8012820512820512,1.8062787609405981,0.5230125523012552,2.2960251046025104,0.0,0.0,0.0,0.0,0.0,0.0,2.2960251046025104,0.0,2.74402390438247,0.984251968503937,0.0,0.0,0.0,0.0,0.0,0.6613756613756614,0.0,0.0,0.0,0.0,0.0,0.0,1.6061425157676186,0.6613756613756614,0.0,0.0,0.0,0.0,0.0,0.0,0.0,0.0,0.8012820512820512,0.0,0.0,0.0,0.6613756613756614,0.6218905472636815,0.5230125523012552,0.0,0.0,0.5230125523012552,0.0,0.0,0.0,0.0,0.0,0.0,0.0,2.2960251046025104,0.0,0.0,0.0,0.0,0.0,0.0,0.0,0.0,0.6218905472636815,15.125,3.3259462112091227,2.783413522740114,3.3617332125927497,0.6103926463009142,5.75,1.1288445326364283,3.3259462112091227,1.8451415477938207,28.46597222222222,2.003149226740324,9.202476464688882,19.087100476195225,13.502619595101025,19.57080627961759,21.82197149545229,23.04084541605605,0.0023203105398382864,0.0028561425157676186,2024,8
2024-09-01,13,4.945007075161565,0.0,0.5379236148466918,0.0,0.4524886877828054,0.0,0.5379236148466918,1.1137820512820513,0.2807411566535654,1.142308834616527,0.0,0.0,0.0,0.0,1.1137820512820513,0.0,1.0758472296933836,0.2807411566535654,0.8798391151332327,0.4524886877828054,0.0,0.0,0.0,0.0,0.0,0.0,0.0,0.0,0.5379236148466918,0.0,0.0,0.0,0.0,0.0,0.0,0.0,0.0,0.0,0.0,0.4524886877828054,0.0,0.0,0.0,0.0,0.0,0.0,0.0,0.0,0.0,0.5379236148466918,0.0,0.0,0.0,0.0,0.0,0.0,0.0,1.1137820512820513,0.0,0.0,0.0,0.2807411566535654,0.0,0.0,0.0,1.405966405966406,2.447358323270732,12.538461538461538,2.5685672098974877,2.8577389935451,3.1473469498652618,0.5848625503260105,6.3076923076923075,0.8359699342898904,2.5685672098974877,5.0012743678373885,23.46233072483073,1.9268804384940574,20.511508400899384,16.06172469093212,12.853895675354504,16.642147631412982,17.64307043674099,18.681805417618133,0.00029700029700029703,0.0014022435897435895,2024,9
2024-10-01,14,6.970021232365626,3.5067147306535724,0.6845828715754748,0.0,0.48262548262548266,1.1097950355340405,0.6448161695606286,1.15005239129862,0.3484320557491289,1.1672083542009575,0.0,0.0,0.7272438779288094,0.0,0.7856209044181534,0.0,0.8660303994344292,1.5097266976966224,1.914190998686655,0.0,0.0,0.0,0.0,2.1100188618448237,0.3484320557491289,0.0,0.7518796992481203,0.2963841138114997,0.0,0.0,0.0,0.0,0.6845828715754748,0.0,0.0,0.0,0.0,0.0,0.0,0.0,0.0,0.0,0.0,0.48262548262548266,0.0,0.2446183953033268,0.0,0.0,0.8651766402307137,0.6448161695606286,0.0,0.0,0.0,0.0,0.0,0.0,0.0,0.7856209044181534,0.36443148688046645,0.3484320557491289,0.0,0.0,0.0,0.0,0.37593984962406013,0.37593984962406013,0.8935381933093604,10.857142857142858,2.0696083535194156,2.6542718365831215,3.2352929307906595,0.45852625216506215,6.928571428571429,0.8881030363171712,2.0696083535194156,4.187840924173706,23.91437728937729,1.971059075257943,14.017653321277523,16.917492865111882,13.518406845889933,17.85769811462589,18.92710348658492,20.58940955454841,0.003695354264325363,0.001972086099542919,2024,10
2024-11-01,16,5.0692941774514555,2.028091763370264,2.0336684026121437,0.0,0.9375987159797766,1.873108620755514,0.7052083636257889,0.8217014555854356,0.0,0.2648305084745763,0.0,0.0,0.46296296296296297,0.0,0.8217014555854356,0.0,0.8284600389863548,0.9375987159797766,1.2907775324993869,0.46296296296296297,0.0,0.0,0.0,1.158130097509979,0.8699616658602851,0.0,0.0,0.0,0.5,0.0,0.36549707602339176,0.0,1.1681713265887517,0.0,0.0,0.0,0.0,0.0,0.0,0.46296296296296297,0.4746357530168136,0.0,0.0,0.0,0.0,0.8408673748340233,0.4562043795620438,0.0,0.576036866359447,0.7052083636257889,0.0,0.0,0.0,0.0,0.0,0.0,0.0,0.8217014555854356,0.0,0.0,0.0,0.0,0.0,0.0,0.6768953068592057,0.0,1.7311584700658464,12.8125,2.6487059313578505,2.7521079987444073,3.170015970051714,0.5515825854246578,6.6875,0.8850273151843171,2.6487059313578505,4.827684057993013,23.772510822510824,1.9355079883152435,17.47508131209996,16.663881122847165,12.823964901594577,17.12426001997186,18.076402262050696,19.389056613546135,0.004420927841602986,0.002194293041702502,2024,11
2024-12-01,12,9.146559116150113,3.3159106221939667,2.3411184068503954,0.0,2.3018516208498974,0.42301184433164124,0.9745594651255028,1.8458853364513743,0.7824557625354438,0.45045045045045046,0.0,0.0,1.2352268902487242,0.0,1.8458853364513743,0.0,1.8119360593428127,0.4930966469428008,2.3354042675884483,0.9745594651255028,0.0,0.0,0.0,1.4678888622863724,0.42301184433164124,0.5241090146750524,0.0,0.9009009009009009,0.0,0.0,0.0,0.0,2.3411184068503954,0.0,0.0,0.0,0.0,0.0,0.0,0.9745594651255028,0.3639010189228529,0.0,0.48169556840077066,0.48169556840077066,0.0,0.42301184433164124,0.0,0.0,0.0,0.9745594651255028,0.0,0.0,0.0,0.0,0.0,0.0,0.0,1.8458853364513743,0.0,0.45045045045045046,0.0,0.33200531208499334,0.0,0.0,0.0,0.8496036557702936,1.0482180293501049,11.25,2.0382582239697538,2.789627995660446,3.2147805627537855,0.5368858836121108,8.0,0.8064919190155857,2.0382582239697538,5.107830860064931,24.67502405002405,1.9643206601309373,14.539904576798207,17.28040597991949,13.009589778841537,17.84484029017771,19.21400390522371,20.368300776252337,0.002874285999673118,0.002878755657643521,2024,12
2025-01-01,21,7.8491342106608055,1.268306220006598,0.9744373636813276,0.0,0.9544263731177997,0.5120327700972863,0.5995746413864881,0.436871996505024,0.0,1.6678701547378612,0.0,0.0,1.1283214100927377,0.0,0.436871996505024,0.0,1.4145041525152124,1.254054366181644,1.6994962576124522,0.248015873015873,0.0,0.248015873015873,0.0,0.32615786040443573,0.6941324865862895,0.0,0.0,0.0,0.29036004645760743,0.0,0.221483942414175,0.0,0.4625933748095451,0.0,0.0,0.0,0.0,0.0,0.0,0.248015873015873,0.0,0.0,0.221483942414175,0.4849265576877516,0.0,0.25601638504864316,0.0,0.0,0.25601638504864316,0.5995746413864881,0.0,0.0,0.0,0.0,0.0,0.0,0.0,0.436871996505024,0.0,0.0,0.0,0.0,0.0,0.0,0.18244845831052728,0.9615303157377523,1.774925592173636,11.80952380952381,2.3976412294072778,2.755430119212569,3.34715685839319,0.6499783388021158,6.0476190476190474,0.9241194018855022,2.3976412294072778,6.680281942873516,24.263409606266748,1.9364521708810531,18.741274188561587,16.427651106731258,12.78872663822176,17.090673582186078,18.022711330925283,19.483164664845592,0.0026506112626356222,0.0006749986816432,2025,1
2025-02-01,13,11.103646767024166,2.7860850430717963,2.881166124722209,0.0,1.2079643219343825,0.40485829959514164,1.861533031940972,0.8031508546776757,0.0,1.2766828084837998,0.0,0.42265426880811496,0.460617227084293,0.0,0.8031508546776757,0.0,2.3850289954567625,1.8313434413118208,3.089617844039535,0.8345513271621645,0.0,0.40485829959514164,0.9924548386086847,0.40485829959514164,0.0,0.0,0.0,0.9839136052728286,1.2575862927386192,0.0,0.37341299477221807,0.0,1.2501668372113717,0.0,0.0,0.0,0.0,0.0,0.0,0.8345513271621645,0.37341299477221807,0.0,0.0,0.0,0.0,0.0,0.0,0.0,0.40485829959514164,1.861533031940972,0.0,0.0,0.0,0.0,0.0,0.0,0.0,0.8031508546776757,0.0,0.0,0.0,0.0,0.0,0.0,0.6105006105006104,0.0,2.481915374846457,11.153846153846153,2.1230203237372867,2.7617886329400028,3.3015977843705766,0.7273638704973915,5.615384615384615,0.6575399715768033,2.1230203237372867,5.968184758865714,21.383954933954936,1.998938065835355,14.175569708037857,16.437686181788557,13.518729602642907,16.925679021884584,18.06186214605986,19.41178500833657,0.004234294839780609,0.002563771068467712,2025,2
2025-03-01,10,7.449704249352491,3.9704942347927754,3.2367256030671916,0.0,1.4571350064114306,0.5747126436781609,1.9055654996849731,0.5,2.0096211942567344,0.0,0.4716981132075471,0.0,0.5747126436781609,0.0,0.5,0.0,1.7117892718994967,1.3962977918517416,1.838071422304115,0.9571350064114306,0.0,0.47393364928909953,0.0,0.9571350064114306,0.0,0.5,0.9122267475687806,1.1271988315234647,0.9338673864774261,0.47393364928909953,0.9144622836503331,0.0,0.9144622836503331,0.0,0.0,0.0,0.0,0.0,0.0,0.9571350064114306,0.0,0.5,0.0,0.0,0.5747126436781609,0.0,0.0,0.0,0.0,1.9055654996849731,0.0,0.0,0.0,0.0,0.0,0.0,0.0,0.5,0.0,1.5241843010528509,0.0,0.0,0.48543689320388345,0.0,0.8968609865470851,1.649425287356322,1.5601495368820444,10.6,1.7846111418920454,2.770249607976364,3.4368303105913576,0.6034721418956634,9.5,1.1868136930214461,1.7846111418920454,7.971605241467247,27.47644993894994,2.0020807143467545,7.963468761751875,18.76827884020295,13.779683798744312,18.864795802842927,21.025692375268356,22.182530169077786,0.003473903809344431,0.002623452824772934,2025,3
2025-04-01,11,15.967822962187983,2.5867045513814406,1.9258851196650242,0.0,0.5509641873278237,0.6357279084551812,2.693110318708405,2.987104601937138,0.8116883116883117,2.8321757986829756,0.0,0.0,1.4319581813240658,0.40584415584415584,2.581260446092982,0.0,3.2289520446694597,1.5737591514382891,3.36290899680823,0.5509641873278237,0.0,0.0,0.0,1.4880952380952381,0.0,0.0,0.547645125958379,0.5509641873278237,0.6357279084551812,0.0,0.8843130553656869,0.0,0.40584415584415584,0.0,0.0,0.0,0.0,0.0,0.0,0.5509641873278237,0.0,0.0,0.0,0.0,0.0,0.0,0.0,0.0,0.6357279084551812,2.693110318708405,0.0,0.0,0.0,0.0,0.40584415584415584,0.0,0.0,2.581260446092982,0.0,0.40584415584415584,0.0,0.40584415584415584,0.0,0.0,0.0,0.0,1.137963898095333,12.454545454545455,2.5930650546803826,2.772279763442138,3.092174441680687,0.48266609408910566,6.909090909090909,0.9878657821763374,2.5930650546803826,10.714704600113198,22.625324675324677,2.0431146650871184,9.422912528065984,17.30268233360272,14.062988255688309,17.632889076583833,19.03747386441967,20.552971827443695,0.0017240335422153605,0.0027979297417096457,2025,4
2025-05-01,17,12.478203117465267,3.2219670897983703,0.9557839517780484,0.0,0.2420721374969741,0.2271178741766977,0.5823848526752473,0.6635064102091519,0.2420721374969741,1.2844543890295526,0.36310820624546114,0.0,2.384753668603519,0.0,0.29120559114735,0.0,2.0756676839013566,2.4754373485337156,3.3615040925073365,0.2420721374969741,0.0,0.2271178741766977,0.6464124111182935,0.8495332631161775,0.8341271413166839,0.0,0.6647764000705179,0.0,0.7137118142810742,0.0,0.0,0.0,0.2420721374969741,0.0,0.0,0.0,0.0,0.0,0.0,0.2420721374969741,0.0,0.0,0.0,0.0,0.0,0.0,0.0,0.2271178741766977,0.0,0.37230081906180196,0.0,0.21008403361344535,0.0,0.0,0.0,0.0,0.0,0.29120559114735,0.37230081906180196,0.2420721374969741,0.0,0.0,0.0,0.0,1.7644482462055062,0.0,1.2919395519497876,12.117647058823529,2.323348852089513,2.7261823949776818,3.3378570434751835,0.6775355011358296,7.705882352941177,0.7961327136687801,2.323348852089513,6.282450469716595,24.20123471299942,2.0672849547465773,7.177793790166019,17.851479058916837,13.830610125017035,18.046952780611484,19.706393723546203,21.056645929692937,0.003944423635342545,0.002224965028448816,2025,5
2025-06-01,16,11.908203192446427,1.9164308482956023,2.1660515120636923,0.0,0.3306878306878307,0.0,1.315196243545691,1.0099162564889907,0.7396449704142012,3.316538802215414,0.0,0.0,1.0520006613756614,0.0,0.67922842580116,0.0,2.2629386966739933,1.5744402904928736,3.0230563158873247,0.0,0.0,0.6722178853326395,0.390625,0.390625,0.46296296296296297,0.0,0.0,0.0,0.3306878306878307,0.0,0.7005103158949313,0.0,1.1348533654809305,0.0,0.0,0.0,0.0,0.0,0.0,0.0,0.0,0.0,0.0,0.3306878306878307,0.0,0.0,0.0,0.0,0.0,1.315196243545691,0.0,0.0,0.0,0.0,0.0,0.3306878306878307,0.0,0.67922842580116,0.0,0.7396449704142012,0.0,0.0,0.0,0.0,0.35112359550561795,1.4466264507245428,2.0997224272203683,12.0,2.509158635594333,2.7611480489501146,3.0995228732478064,0.5781460967540759,6.3125,0.7387191180315127,2.509158635594333,5.427241893607304,22.1068272005772,1.9927956332714813,14.761424066485574,16.547322316849407,13.26872529652753,17.113295466029157,18.101115844214988,19.631743750578238,0.0026208303264674787,0.003607186285943621,2025,6
2025-07-01,9,10.978578804759845,1.9204994933150275,1.4524328249818446,0.0,1.5372464206012222,1.0787486515641855,2.0444200340060132,2.092423106202634,0.0,2.540990113805648,0.0,0.0,0.0,0.49603174603174605,0.8748906386701663,0.0,2.651010876817329,0.8417508417508418,3.573904587684116,0.0,0.0,0.0,0.0,0.8417508417508418,0.0,0.0,1.0787486515641855,0.0,0.0,0.0,0.7262164124909223,0.0,0.7262164124909223,0.0,0.0,0.0,0.0,0.0,0.0,0.0,0.7262164124909223,0.8110300081103001,0.0,0.0,1.0787486515641855,0.0,0.0,0.0,0.0,2.0444200340060132,0.0,0.0,0.0,0.0,0.49603174603174605,0.0,0.0,0.8748906386701663,0.7215007215007216,0.0,0.0,0.0,0.0,0.0,2.924482924482925,1.4880952380952381,0.44802867383512546,10.666666666666666,1.7993739170713792,2.7071212898072554,3.4194323636623754,0.4877207682065748,6.888888888888889,1.0611485843545765,1.7993739170713792,8.350954519543542,25.169973544973544,2.046230844074918,9.311714258107884,17.564706642190753,13.892277312940168,17.851910814503086,19.774412109120238,20.59437191154382,0.0018194893923049263,0.0041127957782422465,2025,7
2025-08-01,16,12.753477133991703,1.2462501251855023,3.2949258852020122,0.0,1.2778028947413675,0.26260504201680673,0.24703557312252963,0.7701210826210827,0.248015873015873,3.6248957027070507,0.26260504201680673,0.0,2.0165536711712853,0.0,0.4807692307692308,0.0,2.565280962945507,1.5892613682234535,2.2141111561583697,0.0,0.0,0.0,0.0,0.26260504201680673,0.0,0.0,0.28280542986425344,0.7008396533044421,0.26260504201680673,0.0,1.429624757089546,0.3289473684210526,1.273748717674607,0.0,0.0,0.0,0.0,0.0,0.0,0.0,0.3289473684210526,0.22007042253521128,0.0,0.7287851037851039,0.0,0.26260504201680673,0.0,0.0,0.0,0.24703557312252963,0.0,0.0,0.0,0.0,0.0,0.0,0.28935185185185186,0.4807692307692308,0.0,0.0,0.0,0.248015873015873,0.0,0.0,0.9689922480620154,0.9373946747556454,1.5315044640380688,11.1875,2.2156960928953566,2.8084345354865325,3.395886584434101,0.6494620767158987,9.0,1.0974930789960586,2.2156960928953566,4.362949095618636,25.86554834054834,1.9857480029917602,11.19480641289627,17.980377007821925,13.604820684749079,18.158953260622198,20.053361782658932,21.18813652028755,0.001809218492776745,0.0035709310250946493,2025,8
2025-09-01,10,13.866627137911967,2.062754375254375,0.4048582995951417,0.0,0.7352941176470588,0.0,1.9236124499282394,0.4166666666666667,0.0,1.1701839826839826,0.0,0.0,1.2561274509803921,0.0,0.4166666666666667,0.0,2.0868506493506493,3.320089439284486,5.61670894894579,0.0,0.0,0.0,0.0,0.5128205128205129,0.5208333333333333,0.0,1.029100529100529,0.0,0.0,0.0,0.0,0.0,0.4048582995951417,0.0,0.0,0.0,0.0,0.0,0.0,0.0,0.7352941176470588,0.0,0.0,0.0,0.0,0.0,0.0,0.0,0.0,1.9236124499282394,0.0,0.0,0.0,0.0,0.0,0.0,0.0,0.4166666666666667,0.0,0.0,0.0,0.0,0.0,0.0,1.7153679653679657,0.0,2.272775956986483,11.0,2.0608824758413165,2.772590310409126,3.394547149962956,0.6819677028363832,8.8,0.945499348927162,2.0608824758413165,8.406219024640077,23.553571428571427,1.9609167110886827,14.793878773158482,16.9592863165661,13.212103469239446,17.29667301999558,19.049196250070082,19.72325055921727,0.0031430499325236167,0.0,2025,9
2025-10-01,15,6.780951453125825,3.688040715328226,2.7577163767651314,0.0,0.6316855874377999,1.7388296586433303,0.9615605811257986,0.0,0.2976190476190476,1.6789581170731513,0.0,0.0,0.3189792663476874,0.0,0.0,0.0,1.642369348182171,0.3367003367003367,2.8039443848224788,0.0,0.0,0.6759865806624333,0.0,1.0226411519514969,0.3189792663476874,0.0,1.670433716366608,0.0,0.3418803418803419,0.38314176245210724,0.7730053102103919,0.0,1.2596889622222907,0.0,0.0,0.0,0.0,0.0,0.0,0.0,0.0,0.2949852507374631,0.3367003367003367,0.0,0.0,1.337223232940519,0.40160642570281124,0.0,0.0,0.9615605811257986,0.0,0.0,0.0,0.0,0.0,0.0,0.0,0.0,0.0,0.2976190476190476,0.0,0.0,0.0,0.0,0.6964902709583561,0.9589267842442141,2.959550267318994,11.733333333333333,2.291554316960723,2.7423965604084306,3.3486678782811916,0.6550650253818245,7.533333333333333,0.9627428686966287,2.291554316960723,13.407052919517598,23.542520442520445,2.025424787999341,10.226057012871728,17.480520167440815,14.076124629116093,17.68201153583556,19.737562747600915,20.62225193626692,0.004886384829886858,0.0024753145438261657,2025,10
2025-11-01,16,11.289006288288665,1.021242178642396,0.4006410256410256,0.0,0.0,0.0,0.5936550151975684,0.3094059405940594,0.0,0.9271502800952722,0.5650377990803522,0.0,0.22163120567375885,0.0,0.3094059405940594,0.0,4.421724781825828,1.7862206847148854,3.0578355963045083,0.0,0.0,0.0,0.0,0.0,1.021242178642396,0.0,0.0,0.0,0.4006410256410256,0.0,0.0,0.0,0.0,0.0,0.0,0.0,0.0,0.0,0.0,0.0,0.0,0.0,0.0,0.0,0.0,0.0,0.0,0.0,0.0,0.5936550151975684,0.0,0.0,0.0,0.0,0.0,0.0,0.0,0.3094059405940594,0.0,0.0,0.0,0.0,0.0,0.0,0.0,1.1106879918761106,1.2744529512318234,10.75,1.8731385629928974,2.7448696058893125,3.380031960119712,0.5858534083509331,7.5625,0.8838773483532463,1.8731385629928974,7.671383466426866,26.32113095238095,2.0188988415055444,5.2942058584366585,18.80158860356299,13.875016581643562,18.711857348867316,21.294059116119072,22.046456758646876,0.0032984869479706774,0.001328858847423204,2025,11
2025-12-01,13,11.485236586483099,0.7426089393302509,2.170176539924439,0.0,0.32320620555914675,0.32320620555914675,2.484247671614298,0.7505566329095742,0.7136786772498925,1.1116978391212027,0.0,0.0,0.3561253561253561,0.0,0.32320620555914675,0.0,3.684986618381787,1.9600551213513278,3.7259592403851323,0.32320620555914675,0.0,0.3152585119798235,0.0,0.42735042735042733,0.0,0.0,0.0,0.0,0.0,0.0,0.41135335252982314,0.0,1.7588231873946159,0.0,0.0,0.0,0.0,0.0,0.0,0.32320620555914675,0.0,0.0,0.0,0.0,0.0,0.0,0.0,0.0,0.32320620555914675,2.1689891596344744,0.0,0.0,0.3152585119798235,0.0,0.0,0.42735042735042733,0.0,0.32320620555914675,0.0,0.32320620555914675,0.0,0.0,0.0,0.3904724716907457,3.4356813977667056,2.0931449502878072,2.5105125030762574,11.692307692307692,2.344259067838772,2.7647351867084256,3.49821273249876,0.64357425836218,10.153846153846153,0.9783223602064807,2.344259067838772,8.392226034493309,26.53358030858031,2.0550499491294114,6.972125493172668,18.39837824278124,13.913753763499386,18.711977257767682,20.790123897505786,21.808773797405284,0.0014913465539530477,0.003215761130205555,2025,12
2026-01-01,11,9.235926739805988,1.8552875695732838,1.1946582194516078,0.0,0.3725782414307005,0.0,0.49677098857426727,0.745156482861401,0.43706293706293714,1.653046526975128,0.0,0.0,1.3891112513302504,0.0,0.3725782414307005,0.0,2.89961442459098,1.015744032503809,1.90583226297512,0.0,0.0,0.9276437847866419,0.0,0.0,0.0,0.0,0.0,0.9276437847866419,0.0,0.0,0.37565740045078894,0.0,0.819000819000819,0.0,0.0,0.0,0.0,0.0,0.0,0.0,0.0,0.0,0.3725782414307005,0.0,0.0,0.0,0.0,0.0,0.0,0.49677098857426727,0.0,0.0,0.0,0.0,0.0,0.3725782414307005,0.0,0.3725782414307005,0.0,0.43706293706293714,0.0,0.0,0.0,0.0,1.2419274714356683,0.9935419771485345,1.5346675182740754,12.090909090909092,2.1452242701323816,2.774232001332877,3.3130411952898724,0.7026104674429138,8.0,0.9360310072540411,2.1452242701323816,8.058771768105679,24.789443132624953,2.053141900606008,6.823393467197167,18.18066208483435,13.801186016586263,18.571765146428255,20.39188155006639,21.87690514352033,0.0027817021589345062,0.002858098846592469,2026,1
2026-02-01,11,12.433085054406918,2.0774541950864682,0.4170141784820684,0.0,1.5260867086567629,0.0,0.0,1.8049392305292578,0.0,1.7670862013285353,0.0,0.0,1.2123367386525281,0.4170141784820684,1.3879250520471893,0.0,2.4121883170188867,2.124172833058677,2.418399207795438,0.6939625260235947,0.0,0.4151100041511,0.0,0.8302200083022,0.4170141784820684,0.0,0.4151100041511,0.0,0.0,0.0,0.0,0.0,0.4170141784820684,0.0,0.0,0.0,0.0,0.0,0.0,0.6939625260235947,0.4170141784820684,0.4151100041511,0.0,0.0,0.0,0.0,0.0,0.0,0.0,0.0,0.0,0.0,0.0,0.0,0.4170141784820684,0.0,0.0,1.3879250520471893,0.0,0.0,0.0,0.0,0.0,0.0,2.401521756360466,0.6684491978609626,0.5865102639296187,10.454545454545455,1.626092387640974,2.8208520691245416,3.3957157292127884,0.6268838966857645,7.0,0.9568075909889315,1.626092387640974,7.672719718452611,24.44642857142857,2.005245911556746,12.467354854896994,17.145964150276242,13.510565331922027,17.17863039574537,19.170622791913814,19.83406403237133,0.002783832938347665,0.0,2026,2
2026-03-01,15,7.628627585447689,0.9521034035809346,0.0,0.0,0.38759689922480617,0.3129890453834116,1.3369935131000952,0.272108843537415,0.26143790849673204,0.6799945600435197,0.0,0.0,0.33840947546531297,0.0,0.0,0.0,1.3214058072988542,1.0806559430817917,4.208161799558211,0.0,0.0,0.0,0.0,0.0,0.29239766081871343,0.0,0.272108843537415,0.38759689922480617,0.0,0.0,0.0,0.0,0.0,0.0,0.0,0.0,0.0,0.0,0.0,0.0,0.0,0.38759689922480617,0.0,0.0,0.0,0.0,0.3129890453834116,0.0,0.0,1.3369935131000952,0.0,0.0,0.0,0.0,0.0,0.0,0.272108843537415,0.0,0.0,0.26143790849673204,0.0,0.0,0.0,0.0,3.0512873957753763,1.8981270372059247,4.427936801281034,10.866666666666667,2.0060499908357974,2.792386136059123,3.372771895411743,0.5543167321784997,10.4,0.8805011102339666,2.0060499908357974,8.249484531539112,22.967718762718764,2.073751527557887,9.079357224442521,17.381389191688235,13.559309341236496,17.6557199735982,19.384156474191126,20.49360195287504,0.005413172446899291,0.0005847953216374269,2026,3
2026-04-01,18,13.028980796268264,2.068722511646779,0.28636884306987404,0.0,1.1635466182147531,0.0,0.0,0.8915449851015923,0.28636884306987404,1.4771339031837516,0.0,0.0,0.24801587301587302,0.33875338753387535,0.5527915975677169,0.0,2.7709392446745382,2.8205890662932123,4.486085702580288,0.33467202141900937,0.0,0.5920523644404241,0.0,0.0,0.0,0.0,0.9622668550252852,0.51440329218107,0.0,0.0,0.28636884306987404,0.0,0.0,0.0,0.0,0.0,0.0,0.0,0.0,0.33467202141900937,0.2560163850486431,0.5728582117471006,0.0,0.0,0.0,0.0,0.0,0.0,0.0,0.0,0.0,0.0,0.0,0.0,0.33875338753387535,0.0,0.0,0.5527915975677169,0.0,0.28636884306987404,0.0,0.0,0.0,0.0,0.2447381302006853,0.4714954998151977,3.8976246935599903,11.055555555555555,1.9185376015929323,2.650840847741974,3.265960814963018,0.6306739385943737,8.222222222222221,0.8568131240118437,1.9185376015929323,6.89498731804437,23.69847374847375,2.0264543620013935,11.150594194769871,17.316541216482438,14.082713945371546,17.25910270892092,19.786796365869545,20.178292390032944,0.002016925168456295,0.0008235046340892728,2026,4
