month_ts,paper_count,marker_words_total_per_1k_words_monthly_mean,marker_verbs_total_per_1k_words_monthly_mean,marker_adjectives_total_per_1k_words_monthly_mean,marker_phrases_total_per_1k_words_monthly_mean,sequential_markers_total_per_1k_words_monthly_mean,causal_markers_total_per_1k_words_monthly_mean,contrast_markers_total_per_1k_words_monthly_mean,emphasis_markers_total_per_1k_words_monthly_mean,summary_markers_total_per_1k_words_monthly_mean,word_finding_per_1k_words_monthly_mean,word_interplay_per_1k_words_monthly_mean,word_realm_per_1k_words_monthly_mean,word_insight_per_1k_words_monthly_mean,word_notably_per_1k_words_monthly_mean,word_particularly_per_1k_words_monthly_mean,word_meticulously_per_1k_words_monthly_mean,word_while_per_1k_words_monthly_mean,word_within_per_1k_words_monthly_mean,word_across_per_1k_words_monthly_mean,word_additionally_per_1k_words_monthly_mean,verb_delve_per_1k_words_monthly_mean,verb_underscore_per_1k_words_monthly_mean,verb_showcase_per_1k_words_monthly_mean,verb_enhance_per_1k_words_monthly_mean,verb_exhibit_per_1k_words_monthly_mean,verb_garner_per_1k_words_monthly_mean,verb_align_per_1k_words_monthly_mean,verb_foster_per_1k_words_monthly_mean,adjective_crucial_per_1k_words_monthly_mean,adjective_pivotal_per_1k_words_monthly_mean,adjective_comprehensive_per_1k_words_monthly_mean,adjective_intricate_per_1k_words_monthly_mean,adjective_potential_per_1k_words_monthly_mean,phrase_meticulously_delve_per_1k_words_monthly_mean,phrase_intricate_web_per_1k_words_monthly_mean,phrase_comprehensive_chapter_per_1k_words_monthly_mean,phrase_deep_dive_per_1k_words_monthly_mean,phrase_intricate_interplay_per_1k_words_monthly_mean,phrase_essential_insight_per_1k_words_monthly_mean,sequential_marker_additionally_per_1k_words_monthly_mean,sequential_marker_furthermore_per_1k_words_monthly_mean,sequential_marker_moreover_per_1k_words_monthly_mean,sequential_marker_subsequently_per_1k_words_monthly_mean,sequential_marker_further_per_1k_words_monthly_mean,causal_marker_hence_per_1k_words_monthly_mean,causal_marker_thus_per_1k_words_monthly_mean,causal_marker_consequently_per_1k_words_monthly_mean,causal_marker_accordingly_per_1k_words_monthly_mean,causal_marker_thereby_per_1k_words_monthly_mean,contrast_marker_however_per_1k_words_monthly_mean,contrast_marker_nonetheless_per_1k_words_monthly_mean,contrast_marker_nevertheless_per_1k_words_monthly_mean,contrast_marker_conversely_per_1k_words_monthly_mean,contrast_marker_alternatively_per_1k_words_monthly_mean,emphasis_marker_notably_per_1k_words_monthly_mean,emphasis_marker_crucially_per_1k_words_monthly_mean,emphasis_marker_remarkably_per_1k_words_monthly_mean,emphasis_marker_particularly_per_1k_words_monthly_mean,emphasis_marker_importantly_per_1k_words_monthly_mean,summary_marker_overall_per_1k_words_monthly_mean,summary_marker_collectively_per_1k_words_monthly_mean,summary_marker_ultimately_per_1k_words_monthly_mean,summary_marker_in_summary_per_1k_words_monthly_mean,summary_marker_taken_together_per_1k_words_monthly_mean,em_dash_per_1k_words_monthly_mean,semicolon_per_1k_words_monthly_mean,colon_per_1k_words_monthly_mean,clause_depth_monthly_mean,clause_depth_std_monthly_mean,dependency_entropy_monthly_mean,dependency_length_monthly_mean,dependency_length_std_monthly_mean,coordination_count_monthly_mean,coordination_per_sentence_std_monthly_mean,sentence_depth_std_monthly_mean,list_of_three_per_1k_words_monthly_mean,avg_words_per_sentence_monthly_mean,avg_syllables_per_word_monthly_mean,flesch_reading_ease_monthly_mean,flesch_kincaid_grade_monthly_mean,dale_chall_monthly_mean,smog_index_monthly_mean,automated_readability_index_monthly_mean,gunning_fog_monthly_mean,hedge_ratio_monthly_mean,certainty_ratio_monthly_mean,year,month
2015-01-01,29,3.303917272833317,0.8454672300421182,0.4266525613500185,0.0,0.3868788046520651,1.1027236503074742,1.698040867271046,0.13904338153503892,0.0,0.43462685791738503,0.0,0.0,0.5191142587099782,0.0,0.13904338153503892,0.0,0.938058944101173,0.13061650992685475,0.8697598359268808,0.2726974847160066,0.0,0.0,0.0,0.0,0.43564095814688075,0.0,0.40982627189523746,0.0,0.0,0.0,0.0,0.16342539630658603,0.26322716504343247,0.0,0.0,0.0,0.0,0.0,0.0,0.2726974847160066,0.0,0.0,0.0,0.11418131993605846,0.25833043074422385,0.5613515572112433,0.0,0.1553277415346381,0.1277139208173691,1.5346154709644602,0.0,0.16342539630658603,0.0,0.0,0.0,0.0,0.0,0.13904338153503892,0.0,0.0,0.0,0.0,0.0,0.0,0.0,0.5358684294216528,5.2032806317770115,12.275862068965518,2.2294165380685076,2.7241239615684445,3.2927153565555884,0.5978019244601249,6.827586206896552,0.7907141811923886,2.2294165380685076,4.813135155973478,25.77394090583746,1.992258948960811,11.674991178071494,17.865973952352654,13.440987369164647,18.063836943871117,19.523287670942896,20.95205134075511,0.00353585638845096,0.001377120425279317,2015,1
2015-02-01,26,1.482922703801316,0.0,0.4012779748073866,0.0,1.4079917134138138,0.9089835210654265,1.0028581796368206,0.16297262059973924,0.30165912518853694,0.0,0.0,0.0,0.13217023526301877,0.0,0.16297262059973924,0.0,0.8618346067390795,0.3259452411994785,0.0,0.0,0.0,0.0,0.0,0.0,0.0,0.0,0.0,0.0,0.2598752598752599,0.0,0.0,0.0,0.1414027149321267,0.0,0.0,0.0,0.0,0.0,0.0,0.0,0.17482517482517482,0.3561253561253561,0.0,0.8770411824632827,0.19135093761959432,0.5262816458262378,0.0,0.0,0.19135093761959432,1.0028581796368206,0.0,0.0,0.0,0.0,0.0,0.0,0.0,0.16297262059973924,0.0,0.15082956259426847,0.15082956259426847,0.0,0.0,0.0,0.0,1.9978018281599133,7.592274308143448,11.076923076923077,2.021022224552411,2.7333970197904955,3.4148512008386316,0.5829411558013988,5.769230769230769,0.7688554361354428,2.021022224552411,3.0695813646446415,26.343956043956045,1.9291720538598711,16.015238449697435,17.234091899768575,13.431925365619524,17.90623483499438,19.144488581494734,20.536350633608706,0.0020374751112737883,0.0009164771711936212,2015,2
2015-03-01,38,3.5530663804340357,0.26898480268748043,0.8291933950560495,0.0,0.6359973496388194,0.2745134108291295,1.212283096909766,0.26048384559725674,0.49660588696288377,0.1008267795926598,0.0,0.0,0.3868553307784253,0.0,0.26048384559725674,0.0,0.6581658162234991,1.0947246658321852,0.6531331234316395,0.39887681897836985,0.0,0.0,0.0,0.0,0.26898480268748043,0.0,0.0,0.0,0.12531328320802007,0.0,0.0,0.0,0.7038801118480296,0.0,0.0,0.0,0.0,0.0,0.0,0.39887681897836985,0.0933184023889511,0.1438021282714984,0.0,0.0,0.0,0.12239902080783355,0.0,0.0,0.152114390021296,1.212283096909766,0.0,0.0,0.0,0.0,0.0,0.0,0.0,0.26048384559725674,0.0,0.49660588696288377,0.0,0.0,0.0,0.0,0.31455753492058125,1.5250584857127363,2.9033115023372282,12.131578947368421,2.3761245731766394,2.768608497351584,3.375555967247419,0.6823717538507851,5.868421052631579,0.8040668103155989,2.3761245731766394,3.0472245699698455,25.401207710418237,1.9320350376512412,18.953249887336003,16.565179923595775,13.061372376058035,17.413015779551746,18.30265603401357,19.74228326082826,0.0020188121011632944,0.002732235675394981,2015,3
2015-04-01,31,2.5854989551918557,0.8851513017242689,0.6273575120995869,0.0,0.803668624474137,0.7350034926202628,1.2373057927591185,0.0,0.4803071192946848,0.0,0.20288090890647192,0.0,0.39321954097998646,0.0,0.0,0.0,0.9159277480344173,0.2644103648863036,0.8090603923846768,0.0,0.0,0.0,0.0,0.29474783582410957,0.22878059940517043,0.0,0.361622866494989,0.0,0.20546537908362442,0.0,0.0,0.0,0.4218921330159625,0.0,0.0,0.0,0.0,0.0,0.0,0.0,0.1322051824431518,0.4003872696265396,0.0,0.27107617240444565,0.13726835964310227,0.4604667733340583,0.0,0.0,0.13726835964310227,1.2373057927591185,0.0,0.0,0.0,0.0,0.0,0.0,0.0,0.0,0.0,0.2359905844485214,0.0,0.13113034356150013,0.0,0.11318619128466328,0.22637238256932657,0.4796700640448737,4.495054183941746,11.935483870967742,2.372047989016259,2.7290684431437855,3.304025749382809,0.6155118580848166,5.741935483870968,0.7955450453493923,2.372047989016259,2.327180253572649,25.777259120807507,1.9355068191180829,15.754387810120027,17.165208616952647,13.30493228565784,17.846391726389943,19.029811112522413,20.464222625914406,0.0016853313016663416,0.0018840538530600413,2015,4
2015-05-01,50,3.1858125890857396,1.0492705401105484,1.1335700780313767,0.0,1.1054311304947937,0.16666666666666669,1.5324842076015048,0.24706420619185604,0.24826008289798082,0.0,0.08,0.0,0.2506156394205362,0.0,0.0,0.0,1.02570451154376,0.5558396722074814,1.273652765913962,0.0,0.0,0.09345794392523364,0.0,0.24338286904970519,0.11363636363636363,0.0,0.5987933634992458,0.0,0.1015228426395939,0.0,0.19549876025176424,0.09174311926605505,0.7448053558739636,0.0,0.0,0.0,0.0,0.0,0.0,0.0,0.0,0.5145566408511275,0.09345794392523364,0.49741654571843247,0.0,0.16666666666666669,0.0,0.0,0.0,1.323154064060835,0.0,0.20933014354066984,0.0,0.0,0.0,0.12048192771084337,0.0,0.0,0.12658227848101267,0.1565169636319258,0.0,0.09174311926605505,0.0,0.0,0.4569511172119271,0.7215923390217127,2.3124734451047906,11.92,2.244715618309279,2.744864365612782,3.3450211729667525,0.6396425170539741,6.02,0.8706534932965575,2.244715618309279,3.355821519503032,27.613917027417028,1.9046985818196687,18.535181145643456,16.8700083095326,13.086282371563573,17.61163654582125,18.70096682402116,20.109642856699036,0.003163064335745256,0.0021941144855536433,2015,5
2015-06-01,44,3.235975573841444,0.19939077316126497,1.2829409396733835,0.0,0.48941255880904855,1.056966335401775,1.4776569329741704,0.32837023924938913,0.0,0.0,0.0,0.0,0.4101161995898838,0.1019160211985324,0.0927643784786642,0.0,0.35485422582196774,0.8678964588322409,1.4084282899201548,0.0,0.0,0.0,0.0,0.0,0.19939077316126497,0.0,0.0,0.0,0.22402762128789525,0.0,0.1589319771137953,0.0,0.8999813412716928,0.0,0.0,0.0,0.0,0.0,0.0,0.0,0.2243512005821004,0.2650613582269481,0.0,0.0,0.13943112102621305,0.7497491484201597,0.08234519104084322,0.0,0.08544087491455912,1.1738158088205464,0.08877840909090909,0.09018759018759018,0.12487512487512488,0.0,0.1019160211985324,0.0,0.1336898395721925,0.0927643784786642,0.0,0.0,0.0,0.0,0.0,0.0,0.0,1.238471558866559,4.401683060607079,12.522727272727273,2.578398042401358,2.7025941590438185,3.300202438145987,0.5693051645528254,5.795454545454546,0.8451955168304252,2.578398042401358,3.8059201903668014,26.739400088547814,1.9218969612781995,16.70789856564789,17.206167824451235,13.118220730947355,17.91416337185654,18.94497315245384,20.608061932713312,0.0023754802188762614,0.0008627891373282674,2015,6
2015-07-01,30,2.834304429039259,0.13123359580052493,0.14064697609001406,0.0,0.649961059941944,0.17543859649122806,1.002002201517977,0.4178255989850193,0.1366120218579235,0.0,0.0,0.0,0.4133218654434251,0.13175230566534915,0.15432098765432098,0.0,0.5933615517037029,0.8484542902248667,0.6930934283475945,0.0,0.0,0.0,0.0,0.0,0.0,0.0,0.13123359580052493,0.0,0.0,0.0,0.0,0.0,0.14064697609001406,0.0,0.0,0.0,0.0,0.0,0.0,0.0,0.11778563015312131,0.3932865408999337,0.0,0.1388888888888889,0.0,0.17543859649122806,0.0,0.0,0.0,0.8702498958526277,0.0,0.0,0.13175230566534915,0.0,0.13175230566534915,0.0,0.0,0.15432098765432098,0.13175230566534915,0.0,0.1366120218579235,0.0,0.0,0.0,0.48309178743961356,0.11778563015312131,3.9367522567874786,11.233333333333333,2.1128093852648697,2.769596396234571,3.375206713774934,0.6627102297683444,5.933333333333334,0.7555847819084781,2.1128093852648697,2.6749436936922013,26.029113756613757,1.9069853831682264,18.852413088667834,16.604151714848015,12.832782178087948,17.467348451819987,18.256356085280782,19.875851437159664,0.0017113825293453378,0.0013952631869552392,2015,7
2015-08-01,31,3.743335933634022,0.22056860701687178,2.552809343098738,0.0,0.6668448174841237,0.9169371619404778,1.579603673305146,0.3164831219318935,0.1853911753800519,0.3544750599688396,0.13007284079084286,0.0,0.6342109642873329,0.0,0.1671402306535183,0.0,0.8579747828923725,1.2753069421888288,0.3241551128522871,0.0,0.0,0.0,0.0,0.1104728236853734,0.11009578333149841,0.0,0.0,0.0,0.2122241086587436,0.19550342130987292,0.41044222937323954,0.0,1.734639583756882,0.0,0.0,0.0,0.0,0.0,0.0,0.0,0.0,0.11239743733842868,0.30218490103618156,0.25226247910951344,0.13610997686130394,0.42781252292666494,0.1104728236853734,0.0,0.2425418384671356,1.3754387080131902,0.0,0.2041649652919559,0.0,0.0,0.0,0.0,0.0,0.1671402306535183,0.14934289127837516,0.1853911753800519,0.0,0.0,0.0,0.0,0.3246215459971723,0.1671402306535183,2.275491708544085,12.258064516129032,2.441262246456393,2.7399641378374335,3.3276638391306967,0.6192911320905949,6.161290322580645,0.7463401444005474,2.441262246456393,2.8829462157585066,27.31154284783317,1.93325758982457,14.866227460312716,17.643936585825724,12.988195310205649,18.285256901814495,19.379317053212002,21.110889966996645,0.0024780421070490968,0.002648222922033739,2015,8
2015-09-01,28,3.9762926634059474,0.4079095205049403,1.5395824208312423,0.0,0.33314695741310224,0.6991274770777877,1.1205854756265121,0.5162532773382212,0.13631406761177753,0.8179507758159443,0.0,0.0,0.13631406761177753,0.0,0.37993920972644374,0.0,1.2275064646686948,0.9258902969461689,0.32561291843470064,0.16307893020221784,0.0,0.0,0.0,0.13528138528138528,0.27262813522355506,0.0,0.0,0.0,0.12939958592132506,0.0,0.0,0.0,1.4101828349099172,0.0,0.0,0.0,0.0,0.0,0.0,0.16307893020221784,0.0,0.17006802721088438,0.0,0.0,0.0,0.6991274770777877,0.0,0.0,0.0,1.1205854756265121,0.0,0.0,0.0,0.0,0.0,0.0,0.0,0.37993920972644374,0.13631406761177753,0.13631406761177753,0.0,0.0,0.0,0.0,0.6237769080234834,1.0782318831095263,3.026513123987409,12.214285714285714,2.3618494633404667,2.7442904714553515,3.3529179650491128,0.6154080675157232,5.607142857142857,0.6935778942272783,2.3618494633404667,2.03328940014772,26.729371521335803,1.9477330494573437,16.18290060572463,17.118902677510825,13.200604277358426,17.671296357950627,18.738500318619867,20.291542058576248,0.004584507235804854,0.0013132581253149506,2015,9
2015-10-01,44,2.2387871569579745,1.4428778163591005,0.7658671928026763,0.0,1.1418302573242056,1.6750099714907933,1.3853298270425793,0.0,0.12987012987012989,0.16227567773959525,0.0,0.0,0.2982206169853209,0.0,0.0,0.0,0.839365637232616,0.3032713133455445,0.5539011320603916,0.08175277959450622,0.0,0.0,0.0,0.18093893169696687,0.7280160384525979,0.0,0.5339228462095357,0.0,0.35647444963983943,0.0,0.1028383381324558,0.0,0.3065544050303811,0.0,0.0,0.0,0.0,0.0,0.0,0.08175277959450622,0.08707767328456983,0.43668341316961995,0.0,0.5363163912755097,0.2500589179916364,1.1547764648166774,0.07918910357934748,0.0,0.19098548510313218,0.7360815260509529,0.1525320317266626,0.40963859598039415,0.0,0.08707767328456983,0.0,0.0,0.0,0.0,0.0,0.12987012987012989,0.0,0.0,0.0,0.0,0.4966937121088215,0.08707767328456983,3.5604055500388667,11.931818181818182,2.4066162940121916,2.76215375094395,3.320679394538759,0.6052434464207959,6.4772727272727275,0.9184342539877146,2.4066162940121916,3.1355812396100164,26.298635171646538,1.9154345186616424,17.724457563962098,17.030176614474037,12.928053413960866,17.707990300132142,18.788085887013434,20.265006314171846,0.003096986099489202,0.001017710532822401,2015,10
2015-11-01,31,2.364243340508918,0.6982936867800145,1.3534681967050994,0.0,0.43015452982495833,0.6130603025511878,0.965652401940939,0.7207985466700443,0.0,0.0983477576711251,0.0,0.0,0.5036256633935666,0.15812776723592664,0.5626707794341177,0.0,0.7394599626702065,0.14465499783017502,0.15735641227380015,0.0,0.0,0.0,0.0,0.14465499783017502,0.5536386889498394,0.0,0.0,0.0,0.4863874815233623,0.0,0.0,0.0,0.8670807151817371,0.0,0.0,0.0,0.0,0.0,0.0,0.0,0.16291951775822747,0.0,0.0,0.26723501206673084,0.18224895206852562,0.4308113504826622,0.0,0.0,0.0,0.965652401940939,0.0,0.0,0.0,0.0,0.15812776723592664,0.0,0.0,0.5626707794341177,0.0,0.0,0.0,0.0,0.0,0.0,0.33553940852501507,0.5450361338770237,6.662332530551045,11.903225806451612,2.2541580042821407,2.7623953176664653,3.4559423046830466,0.6498686237128257,7.741935483870968,0.9128300683438324,2.2541580042821407,3.5629277624790996,28.67677931387609,1.9451234930821086,14.246873263030654,17.71785680046794,13.320862568248312,18.296289914326778,19.59230537941694,21.154744575175414,0.0018381243704357864,0.0014041340729958965,2015,11
2015-12-01,48,2.672924523459983,0.40814640541910346,0.4090700965700966,0.0,0.5086438279819604,1.2435031218910995,0.9575559406114823,0.6863994212969419,0.06830601092896176,0.11081560283687943,0.0,0.0,0.0,0.14622309085396334,0.2630045923918323,0.0,0.3634571671586235,0.6203332726279366,1.0991802830493604,0.06991051454138703,0.0,0.0,0.0,0.0,0.11081560283687943,0.0,0.29733080258222405,0.0,0.2093045843045843,0.0,0.07575757575757576,0.0,0.1240079365079365,0.0,0.0,0.0,0.0,0.0,0.0,0.06991051454138703,0.0853825136612022,0.24705828277256847,0.0,0.10629251700680271,0.0,1.123771321124816,0.11973180076628352,0.0,0.0,0.9575559406114823,0.0,0.0,0.0,0.0,0.14622309085396334,0.07208765859284891,0.09426847662141781,0.2630045923918323,0.11081560283687943,0.06830601092896176,0.0,0.0,0.0,0.0,0.9295334358737959,0.28500990409416727,3.666110201724127,11.770833333333334,2.33710249641786,2.7319351474903897,3.4397083041292515,0.7029427630844225,6.5625,0.8973613634765455,2.33710249641786,3.204053778532853,26.395585779960783,1.9542704023379314,14.046002327459965,17.69726882388536,13.38109941731139,18.0957676647048,19.498573945382837,20.816811936780788,0.0013920748401039021,0.002143687279540079,2015,12
2016-01-01,35,2.2092395232643263,0.5420740985026721,0.7332114148957924,0.0,0.5520275359892869,0.2598450148359404,0.9378765866659039,0.1661129568106312,0.6066399809023575,0.33637232556429675,0.0,0.0,0.5396495302755824,0.0,0.1661129568106312,0.0,0.8197330312200406,0.23790260440745875,0.10946907498631636,0.0,0.0,0.0,0.0,0.1661129568106312,0.37596114169204087,0.0,0.0,0.0,0.1661129568106312,0.0,0.0,0.0,0.5670984580851612,0.0,0.0,0.0,0.0,0.0,0.0,0.0,0.1231527093596059,0.29017857142857145,0.13869625520110956,0.0,0.0,0.15037593984962405,0.0,0.0,0.10946907498631636,0.9378765866659039,0.0,0.0,0.0,0.0,0.0,0.0,0.0,0.1661129568106312,0.0,0.6066399809023575,0.0,0.0,0.0,0.0,0.19569471624266144,0.10131712259371833,4.021055577815279,12.2,2.4741062015029702,2.7443479558776245,3.3374543495033393,0.6507687010748012,6.571428571428571,0.8748390624315258,2.4741062015029702,2.0416945417832353,26.027556649699505,1.9434607012775018,17.364831044657837,16.82118790726287,13.126380011953867,17.246083320097235,18.370361917144205,19.697818231294466,0.0024416434288700773,0.0019590266532853906,2016,1
2016-02-01,45,3.0727132195378943,0.22675736961451246,1.2055418579382138,0.0,0.7748724749991548,0.548379843981367,1.403958705555961,0.15791705727422883,0.0,0.2435152976187748,0.08646779074794639,0.0,0.31093245378959666,0.0,0.0,0.0,1.4260458771049245,0.4932114140311411,0.5125403862455109,0.0,0.0,0.0,0.0,0.0,0.22675736961451246,0.0,0.0,0.0,0.4957548153360961,0.0,0.11574074074074073,0.0,0.594046301861377,0.0,0.0,0.0,0.0,0.0,0.0,0.0,0.3075304195752375,0.2405846858094049,0.0,0.22675736961451246,0.0,0.44690850963332035,0.0,0.0,0.10147133434804666,1.1088958951557273,0.0,0.136332651670075,0.15873015873015872,0.0,0.0,0.0,0.07309941520467836,0.0,0.08481764206955046,0.0,0.0,0.0,0.0,0.0,0.2936456165418983,0.2437422901277089,4.8779486160711665,11.8,2.3384661738241115,2.7608176620197855,3.4293062893740744,0.7094906257543357,6.088888888888889,0.8292493042952046,2.3384661738241115,2.0590358481462046,26.46310633810634,1.922878900115804,16.826798477030625,17.605924700857297,13.094516536511833,18.011145367738862,19.399360557709702,20.8936286817797,0.0022235109264367578,0.0019075727771878696,2016,2
2016-03-01,29,2.219808368392647,0.45170798508220084,0.3434863537778592,0.0,0.5002760762666854,0.8465021686763163,1.2901340544203368,0.49650449191390794,0.0,0.0,0.0,0.0,0.5368730872981972,0.13061650992685475,0.18148820326678763,0.0,0.26525198938992045,0.19051247856734616,0.7073386383731212,0.20772746157041963,0.0,0.0,0.0,0.2673082063619353,0.0,0.0,0.18439977872026553,0.0,0.0,0.0,0.20772746157041963,0.0,0.13575889220743959,0.0,0.0,0.0,0.0,0.0,0.0,0.20772746157041963,0.1768346595932803,0.11571395510298542,0.0,0.0,0.0,0.5271800190130499,0.11159468809284678,0.20772746157041963,0.0,1.2901340544203368,0.0,0.0,0.0,0.0,0.13061650992685475,0.0,0.0,0.18148820326678763,0.18439977872026553,0.0,0.0,0.0,0.0,0.0,0.3347840642785403,0.0,6.813071877252823,11.310344827586206,2.2489384447858045,2.7263344458415584,3.29289760974277,0.6733907144771929,6.0344827586206895,0.7963631832232558,2.2489384447858045,1.8153323376847832,23.55662287903667,1.9399599290220246,18.069573163471016,16.27496566846006,13.136308433524755,16.99316653749737,18.142337459544375,19.22464368451976,0.0031257913114797285,0.0031755793414523603,2016,3
2016-04-01,46,3.24713667002906,0.7919113251400592,0.8474051628826224,0.0,0.9353500277163527,1.3003941419647622,0.7393460254276529,0.34656596262157124,0.37158112672986815,0.07522190461862495,0.08329168748958854,0.0,0.4884407058320102,0.0,0.08983111749910169,0.0,1.9129378065062779,0.08837044892188053,0.5090429991615762,0.0,0.0,0.0,0.0,0.08983111749910169,0.0876577840112202,0.0,0.6144224236297374,0.0,0.44999190700498165,0.0,0.15962298570994224,0.0,0.23779027016769846,0.0,0.0,0.0,0.0,0.0,0.0,0.0,0.5289549770773706,0.15341791469856467,0.0,0.2529771359404175,0.0,1.3003941419647622,0.0,0.0,0.0,0.6692197982186768,0.07012622720897616,0.0,0.0,0.0,0.0,0.08329168748958854,0.0,0.08983111749910169,0.17344315763288096,0.2898550724637681,0.0,0.08172605426610004,0.0,0.0,0.15255530129672007,0.23670960218815323,5.234686808530641,11.630434782608695,2.363343655174609,2.7891971192195517,3.3600045705848247,0.6996448697918446,6.760869565217392,0.7690583041290072,2.363343655174609,2.827705543008754,24.29134331851723,1.9449312799221428,16.062491495597502,16.82889861797982,13.331517349545157,17.51494548265079,18.591500209064968,20.12708641236336,0.002068986140133652,0.0021676898957649483,2016,4
2016-05-01,32,3.4740962037616967,0.45788375873582543,1.1732221689535334,0.0,0.9700204542071221,0.6398631737831719,1.136227930180413,0.15024038461538464,0.5587823841008981,0.1201923076923077,0.0,0.0,0.5236486486486487,0.0,0.0,0.0,1.2556619367350987,0.607551682963981,0.7278834644563545,0.23915816326530612,0.0,0.0,0.0,0.0,0.45788375873582543,0.0,0.0,0.0,0.2760808270676691,0.0,0.6460895041467201,0.0,0.2510518377391443,0.0,0.0,0.0,0.0,0.0,0.0,0.23915816326530612,0.0,0.46062570646030776,0.0,0.27023658448150834,0.21551724137931033,0.42434593240386154,0.0,0.0,0.0,1.0204871894396723,0.0,0.11574074074074074,0.0,0.0,0.0,0.0,0.15024038461538464,0.0,0.0,0.41137672372353956,0.0,0.14740566037735847,0.0,0.0,0.0,1.145712641485364,4.600442188433694,11.71875,2.101385187440966,2.7349367292236266,3.338858338024207,0.6242192009049621,6.28125,0.8336889280545221,2.101385187440966,2.6745116889279905,26.39624542124542,1.9819366394026865,10.784200759554295,17.819270798395465,13.393872706755367,18.317307921741197,19.66076122842413,21.08434722325011,0.0029441175548759763,0.0024298840501078864,2016,5
2016-06-01,29,2.4511637760741936,0.7040502519138913,1.4245456573943898,0.0,0.381444113695635,0.0,1.58230192510215,0.22695263080222883,0.5436229184272785,0.14017381553125877,0.0,0.0,0.3518648838845883,0.05874405216471832,0.0,0.0,0.5983772819472616,0.905650195182118,0.3963535473642489,0.0,0.0,0.0,0.1724137931034483,0.27808676307007785,0.0,0.0,0.2535496957403651,0.0,0.22391401701746533,0.0,0.8564906197971199,0.0,0.3441410205798046,0.0,0.0,0.0,0.0,0.0,0.0,0.0,0.0,0.18439977872026553,0.19704433497536947,0.0,0.0,0.0,0.0,0.0,0.0,1.58230192510215,0.0,0.0,0.0,0.0,0.05874405216471832,0.0,0.0,0.0,0.16820857863751051,0.37541433978976796,0.0,0.0,0.0,0.16820857863751051,0.0,0.2910159795293388,2.2905287456462067,12.275862068965518,2.512799971648771,2.735838094625709,3.15221670259345,0.528737182203988,6.344827586206897,0.791497075986014,2.512799971648771,4.62702756436874,24.522228920504784,1.9397885220929867,17.68616113384722,16.652282482406218,12.951912689522798,17.420369153783255,18.034862445990253,19.824791168934716,0.002284684945396992,0.0034113625420701173,2016,6
2016-07-01,38,2.244878042385311,0.0,0.47513798538773644,0.0,1.1768357177496522,0.2703518926610671,1.0138875079216358,0.0,0.0,0.0,0.0,0.0,0.11695906432748539,0.0,0.0,0.0,0.42765864990917446,1.0535563982726321,0.32143464262939575,0.3252692872466237,0.0,0.0,0.0,0.0,0.0,0.0,0.0,0.0,0.15037593984962405,0.0,0.0,0.0,0.3247620455381124,0.0,0.0,0.0,0.0,0.0,0.0,0.3252692872466237,0.38600931845802383,0.0,0.36549707602339176,0.10006003602161297,0.10484378276368211,0.165508109897385,0.0,0.0,0.0,1.0138875079216358,0.0,0.0,0.0,0.0,0.0,0.0,0.0,0.0,0.0,0.0,0.0,0.0,0.0,0.0,0.3532320734722713,0.7552700432229326,3.3041267175995515,11.236842105263158,2.1750566660610806,2.726253500730933,3.2640002474036045,0.5845053799140704,4.842105263157895,0.7259845859884753,2.1750566660610806,3.2078971908396943,24.10700388792494,1.9805569379993475,14.663554025978463,16.9841086635595,12.963472601905082,17.69812202366498,18.256540006268622,20.34479577396541,0.0023072100220646206,0.001194086365190877,2016,7
2016-08-01,25,2.805435889108426,0.28070175438596495,1.2208723436103113,0.0,0.349774960962616,0.8833006193223872,0.7332556892758768,0.3516908212560386,0.5233646409985279,0.0,0.0,0.0,0.3225806451612903,0.0,0.3516908212560386,0.0,1.111889687157925,0.729419663069404,0.2898550724637681,0.0,0.0,0.0,0.0,0.28070175438596495,0.0,0.0,0.0,0.0,0.0,0.17777777777777778,0.3142639206712433,0.0,0.7288306451612903,0.0,0.0,0.0,0.0,0.0,0.0,0.0,0.14035087719298248,0.20942408376963353,0.0,0.0,0.13793103448275862,0.7453695848396285,0.0,0.0,0.0,0.7332556892758768,0.0,0.0,0.0,0.0,0.0,0.0,0.0,0.3516908212560386,0.0,0.17167381974248927,0.0,0.3516908212560386,0.0,0.0,0.17167381974248927,0.8096456816486693,4.673907616124573,12.0,2.432253290951712,2.761574300080141,3.520361110226478,0.70857251056173,5.44,0.7178753321283436,2.432253290951712,3.357013718276414,26.80634632034632,1.9417608360503638,17.709958923709063,16.98855154697586,13.351238201592302,17.721272356163368,18.93182120712687,20.296478464969393,0.0024203064994159354,0.0015683374729882193,2016,8
2016-09-01,27,3.387945919910306,0.21285653469561513,0.0,0.0,0.5733676710688206,1.0785786397926382,1.9837522389012716,0.21786492374727667,0.5103380989905814,0.5590963171159602,0.0,0.0,0.21786492374727667,0.0,0.0,0.0,1.8193709450673088,0.29613497763143876,0.49547875634832156,0.0,0.0,0.0,0.0,0.21285653469561513,0.0,0.0,0.0,0.0,0.0,0.0,0.0,0.0,0.0,0.0,0.0,0.0,0.0,0.0,0.0,0.0,0.3909192127582932,0.18244845831052728,0.0,0.0,0.46389550143441377,0.6146831383582245,0.0,0.0,0.0,1.686361825231788,0.0,0.29739041366948343,0.0,0.0,0.0,0.0,0.0,0.0,0.21786492374727667,0.5103380989905814,0.0,0.0,0.0,0.0,0.0,0.31060429580892535,5.621349554948513,11.703703703703704,2.289978001152508,2.7601723746397546,3.370321314964036,0.7091268535636611,6.333333333333333,0.8394408441870462,2.289978001152508,3.1713176362511013,25.575549039437927,1.9650401452495214,16.344710497477415,16.74629605461717,13.165638256560284,17.480016532380105,18.68942537725385,19.939348013392987,0.0028236272745305294,0.0013244838987592007,2016,9
2016-10-01,41,3.0837108168827303,0.752188948503398,0.8193662050723878,0.0,0.2469961278990859,1.032102633682939,2.1259022223818795,0.3980477545088968,0.3479239058182214,0.34271334921488483,0.0,0.0,0.520339025791312,0.0,0.2802204892797227,0.0,1.1891155927267678,0.3308754017772736,0.4204469580927694,0.0,0.0,0.0,0.0,0.11504832029452368,0.2165333609117116,0.0,0.4206072672971628,0.0,0.14180374361883152,0.0,0.0,0.0,0.6775624614535563,0.0,0.0,0.0,0.0,0.0,0.0,0.0,0.0,0.12973533990659056,0.0,0.11726078799249533,0.0,0.7062541371027352,0.1451800232288037,0.18066847335140018,0.0,2.1259022223818795,0.0,0.0,0.0,0.0,0.0,0.0,0.0,0.2802204892797227,0.11782726522917403,0.23009664058904736,0.11782726522917403,0.0,0.0,0.0,0.0,0.21625265183991382,5.426378463889996,11.951219512195122,2.3909548824151563,2.7873062572232326,3.3110386159933265,0.6093002004260506,6.463414634146342,0.8142438176132681,2.3909548824151563,2.2072281577364827,25.975108225108226,1.9340274193763647,17.729155520660775,16.782606406918806,12.997954742667869,17.594615174773626,18.431978510148692,20.13616136723358,0.0034986418768711775,0.0013691166060266248,2016,10
2016-11-01,34,2.5954281582261425,0.12254901960784315,0.8256790015456684,0.0,0.8063515238272311,0.9302678847341637,1.0326990274968635,0.1607200257152041,0.38311433307764636,0.6107360977177757,0.0,0.0,0.10107135637760258,0.0,0.0,0.0,0.9944102096946841,0.6441124552203935,0.2450980392156863,0.0,0.0,0.0,0.0,0.0,0.12254901960784315,0.0,0.0,0.0,0.13248542660307366,0.0,0.0,0.0,0.6931935749425948,0.0,0.0,0.0,0.0,0.0,0.0,0.0,0.12306177701206004,0.6832897468151711,0.0,0.0,0.0,0.9302678847341637,0.0,0.0,0.0,1.0326990274968635,0.0,0.0,0.0,0.0,0.0,0.0,0.0,0.0,0.1607200257152041,0.38311433307764636,0.0,0.0,0.0,0.0,0.7857404030421578,0.857115150222518,4.438953411578006,11.941176470588236,2.385365063152329,2.7463287429855434,3.363380131446919,0.7264850528428967,6.088235294117647,0.823533309814554,2.385365063152329,2.752721234099887,26.350391193773547,1.9136584502181138,18.093772696708548,16.79604982524512,13.036192845129351,17.440995111600685,18.643686304921417,19.866423458539636,0.0020635733838044535,0.0005548307883106765,2016,11
2016-12-01,32,2.6251640649944763,0.14400921658986174,1.0083651350074856,0.0,1.0730539893654762,0.6291402996731954,0.9734199008466411,0.6598562596114615,0.157035175879397,0.0,0.0,0.0,0.14602803738317757,0.0,0.6598562596114615,0.0,0.7243179314969606,0.5876112452596679,0.3585410674336849,0.14880952380952384,0.0,0.0,0.0,0.0,0.14400921658986174,0.0,0.0,0.0,0.2572338542710212,0.0,0.20559210526315788,0.0,0.5455391754733067,0.0,0.0,0.0,0.0,0.0,0.0,0.14880952380952384,0.3034479921000658,0.6207964734558865,0.0,0.0,0.0,0.4767012752829515,0.0,0.0,0.1524390243902439,0.6280211465720931,0.0,0.34539875427454814,0.0,0.0,0.0,0.0,0.0,0.6598562596114615,0.0,0.0,0.0,0.157035175879397,0.0,0.0,0.0,0.12254901960784313,1.9995732582164638,12.09375,2.353787913499436,2.7495573481062405,3.3353153654791177,0.6458780919393854,5.75,0.8567705477606264,2.353787913499436,2.0140526187073458,26.386601506132756,1.9315162307034703,17.090742775616622,16.941396925713747,12.994647413170794,17.733671501496737,18.53398676352441,20.28798636171937,0.0017637371123662086,0.0025075031393865656,2016,12
2017-01-01,33,3.684707378709528,1.3324801106880972,0.9053270971874099,0.0,1.099219125040407,1.1597643403098923,1.4057976613595764,0.5900859820643927,0.44446151176649623,0.9135130102872038,0.0,0.20475020475020475,0.36514424676063834,0.0,0.32923653613308784,0.0,0.9927032338595742,0.33113652516637593,0.23582124749439926,0.3124023742580444,0.0,0.0,0.0,0.5562537820602336,0.15076134479119552,0.0,0.625464983836668,0.0,0.18365472910927455,0.0,0.1429388221841052,0.0,0.5787335458940301,0.0,0.0,0.0,0.0,0.0,0.0,0.3124023742580444,0.3039048493593948,0.35922606345141556,0.0,0.12368583797155226,0.5554689734436629,0.46961523218609474,0.13468013468013468,0.0,0.0,1.4057976613595764,0.0,0.0,0.0,0.0,0.0,0.0,0.0,0.32923653613308784,0.2608494459313048,0.44446151176649623,0.0,0.0,0.0,0.0,0.1620482903905364,0.0,4.836726447310112,11.363636363636363,2.173427302167847,2.7542257961913963,3.442391940382739,0.7616596065127261,6.0606060606060606,0.7719305429012159,2.173427302167847,2.55830501904005,25.070045190499737,1.9478423565559624,16.231818445705358,16.886792631832723,13.276275645842759,17.340362302201488,18.728045678292872,19.87867440368356,0.0032140067482609312,0.001920314831249771,2017,1
2017-02-01,26,2.594669198198005,0.0,1.0126111409755683,0.0,0.6409161925166913,0.0,1.97959886684601,0.563210134517435,0.17403411068569444,0.7058709499337324,0.0,0.0,0.48657348251152943,0.0,0.0,0.0,0.0,0.9057608698884475,0.4964638958642956,0.0,0.0,0.0,0.0,0.0,0.0,0.0,0.0,0.0,0.27277686852154936,0.0,0.19825535289452817,0.24342745861733203,0.2981514609421586,0.0,0.0,0.0,0.0,0.0,0.0,0.0,0.0,0.0,0.3434065934065934,0.29750959911009794,0.0,0.0,0.0,0.0,0.0,1.7973166940425105,0.0,0.18228217280349981,0.0,0.0,0.0,0.25303643724696356,0.0,0.0,0.31017369727047145,0.17403411068569444,0.0,0.0,0.0,0.0,1.0619474836604526,1.0091130202755527,2.2780974424868514,12.307692307692308,2.579162250447024,2.7159878687790706,3.3030899421238025,0.6108065463653263,4.923076923076923,0.735159450612286,2.579162250447024,2.083269611993109,26.23124791874792,1.895001749259893,18.644661725788378,16.77012991847396,12.843018537863202,17.564891964555247,18.457378834436152,20.066783918340263,0.001276006410940243,0.0026765870966384327,2017,2
2017-03-01,49,3.788115086963146,0.45074806786841826,1.6248179302793369,0.0,1.1329829618404268,0.8722049820840443,1.107577687392994,0.2076089695137314,0.3731048083074174,0.08990380293086399,0.0,0.0,0.39024136925081293,0.0,0.2076089695137314,0.0,1.307578526221172,1.2145032404935368,0.4883753756221645,0.08990380293086399,0.0,0.0,0.0,0.13338668800853676,0.11530035743110804,0.0,0.0,0.2020610224287735,0.6308767127832345,0.0,0.08990380293086399,0.0,0.9040374145652385,0.0,0.0,0.0,0.0,0.0,0.0,0.08990380293086399,0.5700704971120975,0.29398968578600826,0.0,0.1790189760114572,0.0,0.7569046246529363,0.0,0.11530035743110804,0.0,0.9775893863400886,0.12998830105290524,0.0,0.0,0.0,0.0,0.0,0.0,0.2076089695137314,0.0,0.28034042982875323,0.0,0.09276437847866419,0.0,0.0,0.0,0.5634753979245652,4.259090416582758,11.26530612244898,2.2368839198045807,2.758236371820429,3.290412124983066,0.6048907911252954,5.1020408163265305,0.795288663120842,2.2368839198045807,2.704332923356084,25.396802234047133,1.9542296437191435,16.832571447456672,16.637108034503097,13.197465341536425,17.309198277891067,18.293859191109146,19.92613931835588,0.002370084775956392,0.001782347875937703,2017,3
2017-04-01,47,4.503061661101341,0.34263850993904804,1.4417193234319552,0.0,0.6337326636384054,0.25776408372430054,0.777020517837978,0.5341127043752143,0.2580393994674819,0.42072008056904414,0.0728650539201399,0.0,0.6146223396380084,0.16418180046293682,0.07880220646178093,0.0,1.0053054280557467,1.2807401745322209,0.7929595235413244,0.0728650539201399,0.0,0.0,0.0,0.11198208286674131,0.16089709676187772,0.0,0.06975933031042902,0.0,0.46147477501513634,0.0,0.21970681404244882,0.0,0.7605377343743702,0.0,0.0,0.0,0.0,0.0,0.0,0.0728650539201399,0.1409046075806679,0.0,0.07236937328122738,0.3475936288563703,0.0,0.18588369269497335,0.0,0.07188039102932721,0.0,0.777020517837978,0.0,0.0,0.0,0.0,0.16418180046293682,0.0,0.0,0.07880220646178093,0.2911286974504965,0.2580393994674819,0.0,0.0,0.0,0.0,0.23862120129995956,1.4088255246010937,3.2053954930516015,12.127659574468085,2.2823879517711405,2.7612650406876926,3.3591930985452367,0.6723174087968737,6.659574468085107,0.8792008824178459,2.2823879517711405,3.014700784211741,26.854510147063337,1.9503814394063133,14.335968766310323,17.382682666436512,13.338057303949846,18.06091116397499,19.23843418058118,20.875692150662605,0.0019855359743236457,0.002504155556602169,2017,4
2017-05-01,44,2.854558206028365,0.4398701275188909,0.7027076173307535,0.0,0.5474603648029125,0.7321341005621549,1.3927342918858419,0.29005757258754766,0.34101484743886257,0.12025012025012026,0.0,0.0,0.3674513515112084,0.0,0.10570824524312897,0.0,1.2730199076464337,0.5983987358422092,0.2701126206548818,0.11961722488038276,0.0,0.0,0.0,0.09054690329590728,0.08809020436927413,0.0,0.2612330198537095,0.0,0.13448090371167296,0.0,0.17618040873854826,0.0,0.3920463048805324,0.0,0.0,0.0,0.0,0.0,0.0,0.11961722488038276,0.11775788977861516,0.31008525014391464,0.0,0.0,0.08576329331046312,0.3706042348541654,0.27576657239752633,0.0,0.0,1.1452321186960286,0.0,0.24750217318981332,0.0,0.0,0.0,0.0,0.10570824524312897,0.10570824524312897,0.07864108210128971,0.19625514853903628,0.0,0.1447596988998263,0.0,0.0,0.3940790086029226,1.0929835093126863,4.574332383481294,12.318181818181818,2.456496528145121,2.757942020528017,3.2955474308030115,0.6093287500365595,6.363636363636363,0.8035591653803689,2.456496528145121,2.6052984261190186,26.473714606100966,1.937557834737364,15.447748628042428,17.132139014377383,13.28275865030519,17.617880185121432,19.06285462571577,20.355439467475477,0.0018483836779100123,0.0018982567710788046,2017,5
2017-06-01,37,1.718673308720255,0.0,0.9348307738992048,0.0,0.927034832210025,0.6601643150556195,1.8074136943593018,0.400251214393938,0.5714718548140794,0.0,0.0891981090000892,0.5689900426742531,0.0,0.09863878477017163,0.0,0.0,0.4683770393787454,0.40246924189690486,0.0,0.09100009100009099,0.0,0.0,0.0,0.0,0.0,0.0,0.0,0.0,0.19495019495019497,0.0,0.0,0.0,0.7398805789490097,0.0,0.0,0.0,0.0,0.0,0.0,0.09100009100009099,0.33099602065119305,0.21325172283837623,0.0,0.2917869977203648,0.0,0.5545899907312951,0.10557432432432433,0.0,0.0,1.8074136943593018,0.0,0.0,0.0,0.0,0.09863878477017163,0.18511662347278784,0.0,0.0,0.11649580615097856,0.5714718548140794,0.0,0.0,0.0,0.0,0.43117441766090414,0.16998130205677375,2.969653605321704,12.216216216216216,2.400671719798204,2.7567124175617415,3.3706629790691283,0.634293744430483,7.54054054054054,0.8338824740303084,2.400671719798204,4.12551320421679,26.180512655512654,1.9384047449126713,14.925111837859246,17.256912105831354,12.88935327458486,17.845680345009836,18.804029350752106,20.343775362106538,0.0020038303979331346,0.0012459595297301443,2017,6
2017-07-01,36,2.648341896155431,0.6003997435534155,0.864768403704333,0.0,0.3284814770858999,0.38235780423280424,1.9385637890532061,0.31522273220849845,0.21530266825965752,0.2809340342399408,0.0,0.0,0.29848927875243664,0.09956192751891677,0.09992006394884094,0.0,0.4358451979403599,0.22100112650379655,1.0857510993160813,0.12683916793505834,0.0,0.0,0.0,0.16937669376693767,0.4310230497864779,0.0,0.0,0.0,0.0,0.0,0.0,0.0,0.864768403704333,0.0,0.0,0.0,0.0,0.0,0.0,0.12683916793505834,0.0,0.20164230915084158,0.0,0.0,0.16534391534391532,0.2170138888888889,0.0,0.0,0.0,1.831726182215599,0.0,0.0,0.0,0.10683760683760685,0.09956192751891677,0.0,0.11574074074074076,0.09992006394884094,0.0,0.21530266825965752,0.0,0.0,0.0,0.0,0.30162488004808363,0.2424441745935371,3.793130141800164,11.86111111111111,2.410859604559593,2.765064612593244,3.51208871518555,0.7675169211750548,6.277777777777778,0.7968594603221685,2.410859604559593,2.8662759695604874,25.99892599684266,1.9691752583086466,14.62487266620811,17.25158642312529,13.086568496732626,17.830585412586245,18.735687695642355,20.432913736744062,0.002922343608436233,0.0016612659386650197,2017,7
2017-08-01,42,1.6212809145211295,0.5529737738845332,1.360609847967171,0.0,0.9388658660298913,1.2274092064877833,1.149561366277699,0.0,0.3917512393275912,0.0,0.10131712259371833,0.0,0.48226737621432475,0.0,0.0,0.0,0.0,0.46182561250214116,0.4806327079728502,0.09523809523809523,0.0,0.0,0.0,0.0,0.31173456616487855,0.0,0.24123920771965462,0.0,0.21918605234383623,0.0,0.3049265468987202,0.0,0.8364972487246146,0.0,0.0,0.0,0.0,0.0,0.0,0.09523809523809523,0.38514018242283043,0.34346573421667675,0.0,0.11502185415228894,0.0,0.8609684029782976,0.0,0.0,0.36644080350948577,1.149561366277699,0.0,0.0,0.0,0.0,0.0,0.0,0.0,0.0,0.0,0.2961306617793028,0.0,0.0,0.0,0.09562057754828837,1.01816918379917,0.1443001443001443,6.799994057072137,11.619047619047619,2.3624155386063146,2.758373414356753,3.400611206928041,0.6736790799438162,6.833333333333333,0.9432527541902768,2.3624155386063146,4.551462892894507,24.831627499484643,1.979135297944985,16.406962676244536,16.76325830194837,13.228885874222303,17.44474265846079,18.522374923836303,19.900756866216312,0.002829050326950526,0.0018876460250810594,2017,8
2017-09-01,38,2.0045158666153378,0.7867899755457883,1.03974798102173,0.0,0.7367306262346622,0.8378206136458163,1.2595170899723511,0.15571473061351604,0.2586553752418907,0.25089439716969064,0.0,0.0,0.47850959085332123,0.0,0.15571473061351604,0.0,0.593910511176646,0.391222404793571,0.13426423200859292,0.0,0.0,0.0,0.0,0.0,0.25062656641604014,0.0,0.5361634091297481,0.0,0.0,0.0,0.23288309268747087,0.0,0.8068648883342591,0.0,0.0,0.0,0.0,0.0,0.0,0.0,0.18796992481203006,0.23905787292281117,0.0,0.30970282849982095,0.09710623422023694,0.5802522484884806,0.16046213093709885,0.0,0.0,1.1440969607018063,0.0,0.0,0.0,0.11542012927054476,0.0,0.0,0.0,0.15571473061351604,0.0,0.2586553752418907,0.0,0.0,0.0,0.0,0.24968436127913765,1.273018047882316,6.210139541924356,11.394736842105264,2.1977962965192113,2.7953466598639847,3.4153010309737852,0.7551831214580084,6.394736842105263,0.813486244546975,2.1977962965192113,3.180916190677203,23.826122123490546,1.9318709465255177,19.80164172613116,16.119292189575326,13.018896743742138,16.878512954485032,17.721844507334385,19.142574015912952,0.002757539691610701,0.002128176447151445,2017,9
2017-10-01,62,3.0054981321518697,0.3320100572675112,1.8232769622093346,0.0,0.7463455744969185,1.0447427341474735,1.627595499650525,0.2305729869899702,0.25033017628934534,0.38056120630770596,0.09010632546404758,0.0,0.2941133674272797,0.0,0.2305729869899702,0.0,0.9947368775487976,0.0,0.7899653416241389,0.2254420267899297,0.0,0.0,0.0,0.12844595208838308,0.2035641051791281,0.0,0.0,0.0,0.1643442125041398,0.07168458781362007,0.6507785620473017,0.0,0.9364695998442729,0.0,0.0,0.0,0.0,0.0,0.0,0.2254420267899297,0.37508734149270445,0.14581620621428446,0.0,0.0,0.3546156242961606,0.49739148094985147,0.05719514985129261,0.06805498843065197,0.0674854906195168,1.4861127605446958,0.0,0.14148273910582906,0.0,0.0,0.0,0.0,0.0,0.2305729869899702,0.0,0.07644091117566122,0.0,0.0,0.07432733759476735,0.09956192751891677,0.0,0.46678044121421336,3.3819980108390326,12.596774193548388,2.596248226990396,2.729456071719398,3.2974856434389213,0.6585768032023595,6.483870967741935,0.8333930453956846,2.596248226990396,3.101864926568016,25.583056952008562,1.954643240633709,15.308636171737435,17.019408067123486,13.294675379055853,17.439149247046096,18.855327806769534,19.98514739733258,0.002928754765479077,0.0023352863757720474,2017,10
2017-11-01,44,3.7968238377938586,0.17941670484043365,0.966232877427517,0.0,1.3185337127120569,1.2774448717518483,0.8699654094380969,0.3004566396256273,0.6245542142641068,0.11140819964349377,0.12768130745658834,0.0,0.3856560106560107,0.0,0.20615260341287736,0.0,1.0717226183585762,0.6030433291915132,0.9016851165487665,0.3894746525260325,0.0,0.0,0.07704160246533127,0.0,0.0,0.0,0.10237510237510238,0.0,0.1028383381324558,0.0,0.08983111749910168,0.10670081092616304,0.6668626108697965,0.0,0.0,0.0,0.0,0.0,0.0,0.3894746525260325,0.5139490560349244,0.103777501037775,0.0,0.311332503113325,0.29644695666933246,0.538815243297029,0.09164222873900293,0.0,0.35054044304648396,0.8699654094380969,0.0,0.0,0.0,0.0,0.0,0.0,0.0,0.20615260341287736,0.09430403621274991,0.5131460146206132,0.0,0.0,0.11140819964349377,0.0,0.16835016835016836,0.1077121930202499,3.5293885571038617,11.795454545454545,2.2405211830489415,2.7731701671759703,3.399698635686058,0.6214900019417139,5.954545454545454,0.7830039269536343,2.2405211830489415,2.5841300174050392,26.706879673356944,1.9315677894173584,15.730213938358514,17.211472259049227,13.317690094567315,17.708892163985226,19.15134035973078,20.42126230825527,0.0018704708707167914,0.0010413887983410264,2017,11
2017-12-01,48,3.301889790010682,0.24343297101449277,1.2315447169780096,0.0,0.9338066327782487,0.6348134742893717,1.8174021957102757,0.7076399784898807,0.1079447322970639,0.1739969915358883,0.0,0.0,0.8524342623675533,0.271585279547063,0.11140819964349376,0.0,0.9580441322655587,0.7341873338616893,0.12475049900199602,0.07548309178743962,0.0,0.0,0.0,0.13020833333333334,0.0,0.0,0.11322463768115942,0.0,0.47926615595790517,0.0,0.26262378166287875,0.0,0.48965477935722573,0.0,0.0,0.0,0.0,0.0,0.0,0.07548309178743962,0.0,0.6382612964720428,0.10683760683760685,0.11322463768115942,0.0,0.5234052746458779,0.11140819964349376,0.0,0.0,1.8174021957102757,0.0,0.0,0.0,0.0,0.271585279547063,0.2167017670022601,0.0,0.11140819964349376,0.1079447322970639,0.0,0.0,0.1079447322970639,0.0,0.0,0.0,0.9497994300141168,3.4751757802295997,11.0625,2.093408423825122,2.7687667320244214,3.345098231646297,0.6363580912600758,5.770833333333333,0.8132926798877338,2.093408423825122,3.562199711941229,24.861834490740744,1.923203756014802,17.028580187835875,16.77304514645434,13.177182719400385,17.444709991923826,18.49742718633221,19.9817504763729,0.002490617222140923,0.001807844136037704,2017,12
2018-01-01,43,3.9142205733609257,0.8431371499316661,0.10290183165260341,0.0,0.4631915152648784,0.5618199354478421,0.7057647914903189,0.6299514507754568,0.18322110592402957,0.5731553979123852,0.08188666885031118,0.09854158454867955,0.08426019548365353,0.0,0.33092871145532576,0.0,1.7700343479779432,0.6766779573751179,0.29873570975750946,0.0,0.0,0.0,0.0,0.20032017275068456,0.25154036055847145,0.0,0.14718869590815425,0.24408792071435578,0.10290183165260341,0.0,0.0,0.0,0.0,0.0,0.0,0.0,0.0,0.0,0.0,0.0,0.0937734433608402,0.18470903595201912,0.07290223809870963,0.11180679785330949,0.1875468867216804,0.2753121382857857,0.0,0.0,0.09896091044037605,0.7057647914903189,0.0,0.0,0.0,0.0,0.0,0.0,0.09854158454867955,0.33092871145532576,0.20048115477145145,0.0,0.09896091044037605,0.0,0.08426019548365353,0.0,0.1970831690973591,0.8931684946464884,4.024033720567402,11.976744186046512,2.118966623142063,2.754312468736261,3.379374876785117,0.5867496221818025,5.627906976744186,0.8137726582837321,2.118966623142063,1.8428448512284648,27.41665659921474,1.9658101010488207,13.099599060644522,17.895532516413162,13.351712432005845,18.011596937978513,20.0110115809646,20.787627286324867,0.0029097568136873826,0.001632163338214484,2018,1
2018-02-01,45,3.896030750399913,0.3396852052236722,1.0078258999312921,0.0,0.5631440496599871,1.018191193565184,0.8873720033362502,0.4400974460441144,0.1084010840108401,0.2498750624687656,0.0,0.0,0.1084010840108401,0.0,0.3662694652393894,0.0,1.2090823060487956,0.9231123904532931,1.0392904421788287,0.0,0.0,0.0,0.0,0.1934863748143155,0.14619883040935672,0.0,0.0,0.0,0.25519350416534853,0.0,0.10432968179447054,0.0,0.648302713971473,0.0,0.0,0.0,0.0,0.0,0.0,0.0,0.2627945520627831,0.19841269841269843,0.0,0.10193679918450561,0.0,1.018191193565184,0.0,0.0,0.0,0.736200423593242,0.0,0.1511715797430083,0.0,0.0,0.0,0.0,0.0,0.3662694652393894,0.073827980804725,0.0,0.0,0.1084010840108401,0.0,0.0,0.23534666391809247,0.09746588693957113,4.219531565591455,11.133333333333333,1.9611103334681157,2.75501030636007,3.393129974611596,0.6980690490349226,6.511111111111111,0.7803782689199382,1.9611103334681157,2.9964838872382087,24.645276266942933,1.9507664634493018,15.325798415528668,16.958452416580176,13.228072793905042,17.57374172237747,18.657081230955356,20.14463944494653,0.0021293991793117505,0.0012260607943184755,2018,2
2018-03-01,46,3.1388992875751107,0.2085690209826022,1.0916501067484916,0.0,0.5148218673851401,0.5677458061494368,1.2667883475503934,0.24703557312252963,0.11091393078970718,0.15962339384431495,0.0,0.0,0.3223421363317866,0.24703557312252963,0.0,0.0,1.044795540800196,0.8854786694286648,0.3317387329946752,0.1478852410529429,0.0,0.0,0.0,0.0,0.0,0.0,0.0,0.2085690209826022,0.2032531827279124,0.0,0.15152163090069842,0.0,0.7368752931198806,0.0,0.0,0.0,0.0,0.0,0.0,0.1478852410529429,0.17782074507617987,0.11035091591260206,0.07876496534341525,0.0,0.08458805616646929,0.4831577499829675,0.0,0.0,0.0,1.1675229117751302,0.09926543577526303,0.0,0.0,0.0,0.24703557312252963,0.0,0.0,0.0,0.0,0.0,0.0,0.11091393078970718,0.0,0.0,0.37474023792913796,1.3826399640510438,4.589274682057601,11.91304347826087,2.3925346478482994,2.7500906162979577,3.4019809655323425,0.6811186024067915,5.978260869565218,0.8004409782802676,2.3925346478482994,2.78232461954379,26.031142046359438,1.9558233700567382,15.275946629491637,17.09996929818237,13.240039962658818,17.539086862941698,18.867225936717322,20.1428004639935,0.002466491702687133,0.0011153933601305511,2018,3
2018-04-01,47,2.0803133833526015,0.8400283775152008,0.7464633722751104,0.0,0.8939853778447855,0.4016926768120794,1.0631553382170613,0.5734729810317699,0.5867411811303733,0.0,0.0,0.0,0.1791109691132257,0.0796876245119133,0.08409721638213775,0.0,0.7378734484962717,0.13551971811898633,0.4727716823756969,0.39125272435437,0.0,0.0,0.0,0.18185124568103295,0.11563367252543941,0.0,0.5425434593087284,0.0,0.4755835216648257,0.09942334460131239,0.0751823171190136,0.0,0.09627418888995862,0.0,0.0,0.0,0.0,0.0,0.0,0.39125272435437,0.0796876245119133,0.19440764121615187,0.0,0.22863738776235035,0.23509230253178645,0.08183306055646482,0.08476731372382809,0.0,0.0,1.0631553382170613,0.0,0.0,0.0,0.0,0.0796876245119133,0.0,0.2503128911138923,0.08409721638213775,0.1593752490238266,0.25505475414877093,0.0,0.33168642698160233,0.0,0.0,0.07261636772928619,0.45729867547192027,3.734214047397862,12.319148936170214,2.5022226679129003,2.773378227669161,3.3455874544446655,0.7009889237486165,6.276595744680851,0.8094793593282106,2.5022226679129003,4.312021948849153,24.967120409141685,1.9667704609980752,15.857680849492153,17.024916711390723,13.247772002702416,17.510226704973217,18.746748503335926,20.04134509468851,0.002993408824926037,0.0020808040592576104,2018,4
2018-05-01,45,2.4313939815063805,0.383170238242702,0.9095394398496285,0.0,1.4050961389296321,0.7421668689173894,1.637950999965624,0.0,0.6222607229481171,0.16404734714593872,0.0,0.0,0.28876965496683804,0.0,0.0,0.0,0.5860890802511641,1.0103588853305214,0.21243227830054176,0.16969673551137643,0.0,0.0966183574879227,0.0,0.0,0.28655188075477933,0.0,0.0,0.0,0.08924587237840248,0.0,0.0782472613458529,0.0,0.742046306125373,0.0,0.0,0.0,0.0,0.0,0.0,0.16969673551137643,0.5471283025883653,0.5283989985117448,0.0,0.1598721023181455,0.08514261387824607,0.6570242550391433,0.0,0.0,0.0,1.637950999965624,0.0,0.0,0.0,0.0,0.0,0.0,0.0,0.0,0.0,0.46123012713491257,0.0,0.1610305958132045,0.0,0.0,0.48309178743961356,0.30983158856722076,3.626280603482582,12.11111111111111,2.3877769669759004,2.7501962019980932,3.4184606500791683,0.6706267430148115,7.4222222222222225,0.9695752847810354,2.3877769669759004,4.170520555874015,26.2888632355299,1.978410800169745,12.748948736107993,17.597007793841456,13.232004015173969,17.946632033729124,19.50867298368335,20.724702041724395,0.0017513957363350493,0.0014853642474896107,2018,5
2018-06-01,45,2.9924941870930613,0.6397159274924205,1.520870432889764,0.0,0.6864888394952436,1.2850803856747606,1.2562453481260922,0.07532956685499058,0.2076978939724038,0.13717421124828533,0.0,0.09033423667570009,0.28926896396775914,0.07532956685499058,0.0,0.0,1.1172160076388575,0.7204950151438679,0.2542671475948144,0.3084090379687864,0.0,0.0,0.21630129989263117,0.0,0.08924587237840248,0.0,0.3341687552213868,0.0,0.09746588693957113,0.0,0.33241831428008844,0.0,1.0909862316701044,0.0,0.0,0.0,0.0,0.0,0.0,0.3084090379687864,0.19358360628201896,0.09416195856873824,0.0,0.09033423667570009,0.23448173996528934,0.698587966457624,0.12554927809165098,0.0925925925925926,0.13386880856760375,1.1669994757476896,0.0,0.08924587237840248,0.0,0.0,0.07532956685499058,0.0,0.0,0.0,0.0,0.09876543209876544,0.0,0.0,0.10893246187363835,0.0,0.0,0.4893404833073008,4.205563537887165,11.533333333333333,1.9857519321970551,2.7605802240767785,3.29623194237313,0.5752188816320394,6.466666666666667,0.8378335533390006,1.9857519321970551,3.858102557237566,27.258678852012185,1.962121756093648,12.853260802343424,17.737390197567706,13.344023101660612,18.33780183941652,19.77545810794414,21.118627083064354,0.0036658117368402305,0.0016000548337879378,2018,6
2018-07-01,39,2.4462607386005413,0.5085483491841328,1.5467741660529224,0.0,0.8723173409081729,1.4702990379675567,2.516417170961205,0.2513826043237808,0.122684333210649,0.22436693497620874,0.0,0.0,0.48938674578455565,0.0,0.0,0.0,0.6504044577879251,0.7524562664749581,0.32964633357689366,0.0,0.0,0.0,0.0,0.39146604032100213,0.11708230886313076,0.0,0.0,0.0,0.43199719914779866,0.0,0.17208742040956806,0.0,0.9426895464955556,0.0,0.0,0.0,0.0,0.0,0.0,0.0,0.2381844487107645,0.20678246484698098,0.0,0.4273504273504274,0.792730927061867,0.5594067024217007,0.0,0.0,0.11816140848398912,2.516417170961205,0.0,0.0,0.0,0.0,0.0,0.0,0.0,0.0,0.2513826043237808,0.122684333210649,0.0,0.0,0.0,0.0,0.12631047113805735,0.3032549363164634,4.482642355711084,11.461538461538462,2.1838299805112196,2.7117730795554533,3.2905267395084024,0.6020655105237885,4.769230769230769,0.7405790093458602,2.1838299805112196,4.001496209985164,24.536454286454287,1.961972693248298,15.062532259737923,16.888535905712605,13.011862542919465,17.591816127312036,18.091366458995704,20.15203415253499,0.002993424400373936,0.0015952874914991607,2018,7
2018-08-01,31,2.3972651341636175,0.4827313408361436,1.6769465337375542,0.0,0.1812250815512867,0.7801835858526756,1.157041046095558,0.16291951775822747,0.6326354262335359,0.0,0.0,0.0,0.27485705682363276,0.0,0.0,0.0,1.053311444862795,1.0690966324771896,0.0,0.0,0.0,0.0,0.1212709192335678,0.17921146953405018,0.18224895206852562,0.0,0.0,0.0,0.1265022137887413,0.1507386192342478,0.12359411692003461,0.0,1.2761115837945303,0.0,0.0,0.0,0.0,0.0,0.0,0.0,0.0,0.1812250815512867,0.0,0.0,0.0,0.6607092728299755,0.11947431302270012,0.0,0.0,1.157041046095558,0.0,0.0,0.0,0.0,0.0,0.0,0.0,0.0,0.16291951775822747,0.3175495423870409,0.315085883846495,0.0,0.0,0.0,0.0,0.37950664136622386,4.733031493323731,11.32258064516129,2.1173982240838365,2.7474329013620027,3.335750806103423,0.5721419056838184,7.258064516129032,0.84867283548618,2.1173982240838365,4.021083823544482,24.823838616580552,1.9716818077777187,13.948818594161397,17.01683349585188,13.38408879822684,17.572258967792088,18.871449052578935,20.248622017473348,0.0014392961395674178,0.0026396648140335818,2018,8
2018-09-01,48,2.0479097662791883,0.6354619844935163,1.3497100267054023,0.0,0.744684150960901,0.9307739924220008,0.9828073508983127,0.42856466556816725,0.16879055756919734,0.0,0.0,0.0,0.0777363184079602,0.0,0.10262725779967159,0.0,0.33492835605762633,0.951845182610465,0.5807726514034651,0.0,0.0,0.0,0.0,0.181301539808801,0.2046594466807233,0.0,0.24950099800399203,0.0,0.8889055408950126,0.0,0.07687576875768758,0.0,0.3839287170527022,0.0,0.0,0.0,0.0,0.0,0.0,0.0,0.0,0.11574074074074074,0.0,0.6289434102201604,0.3109452736318408,0.4236306022920782,0.19619811649808164,0.0,0.0,0.8318411673234335,0.0,0.15096618357487923,0.0,0.0,0.0,0.0,0.15848192886588056,0.10262725779967159,0.1674554789026151,0.16879055756919734,0.0,0.0,0.0,0.0,0.35796105383734256,1.1158882199863684,4.97967498447894,11.6875,2.1797914991689455,2.7679581063646506,3.3755403748148214,0.666499987057904,6.625,0.8617795472311122,2.1797914991689455,4.612213141464893,25.543474291911792,1.943358748178568,16.33988184081941,16.825459436853215,13.22098673386246,17.336188223817903,18.648508360948135,19.879641531593837,0.002330366058254893,0.002411388654805953,2018,9
2018-10-01,52,5.264889537206078,0.4926699624738597,1.2397796540880095,0.0,1.7287902964407555,0.4274169960819567,1.658524274863273,0.36448898413728625,0.24533121301564448,0.9854673368341319,0.0,0.0,0.40213356813317225,0.0,0.36448898413728625,0.0,1.620864810095675,0.6695788953729539,0.9765145677592256,0.24584137487363295,0.0,0.0,0.0,0.11584800741427248,0.3768219550595872,0.0,0.0,0.0,0.20123283786263618,0.0,0.2353718588464514,0.1001602564102564,0.7030147009686654,0.0,0.0,0.0,0.0,0.0,0.0,0.24584137487363295,0.5177285325176915,0.5523522765242878,0.0,0.4128681125251434,0.0,0.19397882443368203,0.14720153832643953,0.0,0.08623663332183511,1.532006056239791,0.12651821862348178,0.0,0.0,0.0,0.0,0.0,0.0,0.36448898413728625,0.0,0.1716501048517777,0.0,0.07368110816386678,0.0,0.0,0.0,0.5330688036928437,4.332048195418283,11.365384615384615,2.1313148502013624,2.7390394396106137,3.4244323930438583,0.7311045452585563,6.673076923076923,0.8260836290973059,2.1313148502013624,3.6598308034381026,25.76185401137324,1.96002824470684,14.810490326652532,17.156345444390865,13.24795942481765,17.793354451559544,19.038040021487117,20.528860043358275,0.0022602423975923566,0.0022580256014485918,2018,10
2018-11-01,61,3.3657660383515986,0.2531329552530178,1.0222073839080685,0.0,1.1805034036077835,0.7552064938149997,1.6566958233663804,0.5662863892009806,0.2848448710580665,0.41864098124153465,0.0,0.0,0.5362641229021817,0.10928961748633881,0.3847789628029642,0.0,0.8079828044768008,0.41013385165817584,0.5034097021050451,0.19526599567855768,0.0,0.0,0.0,0.2531329552530178,0.0,0.0,0.0,0.0,0.1759391872376355,0.0,0.11793843613633684,0.0,0.7283297605340964,0.0,0.0,0.0,0.0,0.0,0.0,0.19526599567855768,0.3275441363399155,0.41695546572251724,0.0,0.24073780586679305,0.24704616073950691,0.33282438189202196,0.0,0.0,0.1753359511834708,1.5883898124374185,0.0,0.06830601092896176,0.0,0.0,0.10928961748633881,0.0,0.0,0.3847789628029642,0.07221780891167763,0.2126270621463889,0.0,0.0,0.07221780891167763,0.0,0.4009296206580383,0.4339083273941982,1.8199395587053673,11.147540983606557,2.045807670701726,2.7518621310293208,3.3562781404958475,0.6410664255011481,5.934426229508197,0.7282347534561086,2.045807670701726,2.8117432563360376,24.746183097412608,1.9373914867807176,17.162349876610698,16.744628490525773,13.210940506809319,17.558418953349168,18.526678281690433,20.16694461367661,0.0019388010302780051,0.002042911197805659,2018,11
2018-12-01,51,3.122556842436616,0.28577555459275894,0.9367051735601909,0.0,1.0347268475050575,0.4745136940133054,1.1854457917595265,0.2611614451254766,0.1015950421619425,0.08379420144126028,0.0,0.0,0.43839247887273897,0.0,0.2611614451254766,0.0,0.8864191362938695,0.904568995915559,0.447149228410109,0.10107135637760259,0.0,0.0,0.0,0.17804015273971,0.10773540185304892,0.0,0.0,0.0,0.20648986786822038,0.0,0.1777634130575307,0.0,0.5524518926344398,0.0,0.0,0.0,0.0,0.0,0.0,0.10107135637760259,0.37831062813344885,0.21256519530075382,0.1688015525386664,0.17397811515458575,0.0,0.27342706741220063,0.2010866266011048,0.0,0.0,1.1149139819132858,0.07053180984624066,0.0,0.0,0.0,0.0,0.0,0.0,0.2611614451254766,0.0,0.0,0.0,0.1015950421619425,0.0,0.0,0.6450694000946469,0.5281266361590295,2.266992709783463,11.450980392156863,2.1129676951813336,2.74907295326785,3.310131017814782,0.5809674759707368,5.490196078431373,0.7228541328483064,2.1129676951813336,4.236399210359914,25.198975915152385,1.9561905291424675,14.720960557514722,17.204593808868278,13.495267273952823,17.713375208556013,19.02335679022015,20.376342969238365,0.0017714911339256228,0.0010706231216929926,2018,12
2019-01-01,48,2.531188619231869,0.8239830895482408,0.9769973902045059,0.0,1.8917778798249294,0.9147078583128246,1.2883444863851812,0.22058823529411764,0.4973381729745208,0.10629251700680271,0.0,0.0,0.16321957152786296,0.1388888888888889,0.0,0.0,0.4976468984376172,0.5612677308297656,0.8790244092472067,0.18484860329372524,0.0,0.0,0.0,0.8239830895482408,0.0,0.0,0.0,0.0,0.0,0.0,0.42693265169663935,0.0,0.5500647385078666,0.0,0.0,0.0,0.0,0.0,0.0,0.18484860329372524,0.7442651581256752,0.4662183055040198,0.0,0.4964458129015091,0.23686305732484078,0.6778448009879838,0.0,0.0,0.0,1.2883444863851812,0.0,0.0,0.0,0.0,0.1388888888888889,0.0,0.08169934640522876,0.0,0.0,0.2873972314237712,0.0,0.20994094155074963,0.0,0.0,0.8338239141810572,0.2418359237291208,6.8589231966830715,11.958333333333334,2.2662420362407993,2.7423579281598536,3.274860161530551,0.6041514955127626,6.979166666666667,0.8295363490914,2.2662420362407993,4.204673837776167,25.623394949957447,1.9468029791712385,15.677154088948642,17.04649857806012,13.329576675879325,17.692245938217454,18.85181967970947,20.321866914139502,0.0020841084771752176,0.0025976688833297943,2019,1
2019-02-01,55,3.7578009077968773,0.6930473796446861,1.1642382412704908,0.0,1.0926018482016995,0.5718409490940407,1.5570838197884471,0.35043644879710456,0.3860623787365782,0.0,0.0,0.0,0.8415370865092469,0.0,0.35043644879710456,0.0,1.1457224963400996,0.8017907811734465,0.5437984466908399,0.0745156482861401,0.0,0.0,0.0,0.1850186303481948,0.07421150278293136,0.0,0.3020649408482108,0.13175230566534915,0.3469780790514531,0.0,0.24726548928242661,0.0,0.5699946729366109,0.0,0.0,0.0,0.0,0.0,0.0,0.0745156482861401,0.4244328110216107,0.1884846886165799,0.18671164215977384,0.2184570581175948,0.06913238852402351,0.26945497205327085,0.23325358851674638,0.0,0.0,1.5570838197884471,0.0,0.0,0.0,0.0,0.0,0.0,0.0,0.35043644879710456,0.0,0.3860623787365782,0.0,0.0,0.0,0.0,0.6307149542803657,0.2825642659171878,3.3129911957771507,11.909090909090908,2.310670312745551,2.7642568466772444,3.3855321706226937,0.6458854108530669,6.8,0.7927653588831882,2.310670312745551,2.9454733360027134,25.721936245572607,1.9418764961484658,15.548922204970005,17.056830679283976,13.317350871204077,17.792483059535744,19.0264405452781,20.492056020021092,0.0018236495775724281,0.002540923933781633,2019,2
2019-03-01,42,2.4546644474260724,0.6273092337119243,1.402482195162272,0.17006802721088435,0.961791523735247,1.5852839834226307,2.0631238341017273,0.31173980707423266,0.20580512383791072,0.1400560224089636,0.0,0.0,0.47439115282566136,0.0,0.11786892975011787,0.0,0.8676597489047297,0.24114774114774112,0.3872184393656786,0.2263224130231803,0.10822510822510821,0.0,0.0,0.12025012025012026,0.16309614573646009,0.0,0.23573785950023574,0.0,0.1400560224089636,0.0,0.6609188444382755,0.0,0.6015073283150327,0.0,0.0,0.0,0.17006802721088435,0.0,0.0,0.2263224130231803,0.5000779088487596,0.23539120186330723,0.0,0.0,0.1497454327643007,1.1177995147454574,0.0,0.0,0.3177390359128726,1.8913215388968247,0.0,0.09373828271466067,0.078064012490242,0.0,0.0,0.0,0.0,0.11786892975011787,0.19387087732411473,0.09758001561280251,0.0,0.0,0.0,0.10822510822510821,0.20703933747412007,0.17584008895439793,2.6526428803058977,11.523809523809524,2.222490553274212,2.7618119016186053,3.380988265522382,0.6807242014998416,6.642857142857143,0.865942510330836,2.222490553274212,4.089693617454013,25.97532401460973,1.928314092430476,17.383047096195686,16.926025827468656,13.28922968700393,17.641361095498887,18.7667454461092,20.16384680175138,0.0021279113040918677,0.002868092429741857,2019,3
2019-04-01,48,2.896337207571634,0.2116021510665158,0.5425478952969808,0.0,1.233228009066275,0.9814505796962673,1.3261119932598133,0.5830802918186445,0.17249821937321938,0.327126545952184,0.0,0.0,0.3926443952963448,0.1488095238095238,0.1792604745845107,0.0,0.5249691784102904,0.4792989553667377,0.6530966356810949,0.191131498470948,0.0,0.0,0.08300132802124834,0.1286008230452675,0.0,0.0,0.0,0.0,0.15723270440251572,0.0,0.09827044025157232,0.0,0.28704475064289275,0.0,0.0,0.0,0.0,0.0,0.0,0.191131498470948,0.45382681897543636,0.45966886857462325,0.0,0.1286008230452675,0.20883534136546186,0.5155148669442708,0.09018759018759019,0.0,0.16691278119894434,1.3261119932598133,0.0,0.0,0.0,0.0,0.1488095238095238,0.0,0.0,0.1792604745845107,0.25501029342460996,0.17249821937321938,0.0,0.0,0.0,0.0,0.5812728937728938,0.5025378061695891,5.467291346249009,12.479166666666666,2.440601171525954,2.7724447937061503,3.334658080824534,0.6685312296207022,6.3125,0.826421371315539,2.440601171525954,4.230290006489921,26.061467525530023,1.9519133207499486,15.105222114158728,17.2798222195727,13.39758525832295,17.618710284574764,19.23312660967422,20.151609387604857,0.0010850601152980336,0.0022700367902144655,2019,4
2019-05-01,44,2.403214784499379,0.35115263256548723,2.0940816013139205,0.0,1.097816496875967,0.6373996227800698,1.3052712687086678,0.3144539639584147,0.7428845918459568,0.11715089034676664,0.0,0.0,0.41061328111278217,0.0,0.3144539639584147,0.0,0.79921151954581,0.07215007215007214,0.5281619175675765,0.16147313981795694,0.0,0.0,0.0,0.2746298287699562,0.07652280379553106,0.0,0.0,0.0,0.2818832585704691,0.0,0.9289437630120642,0.0,0.8832545797313872,0.0,0.0,0.0,0.0,0.0,0.0,0.16147313981795694,0.39070843642308956,0.28679653679653677,0.15782828282828282,0.10101010101010101,0.0,0.5316913775369408,0.0,0.10570824524312897,0.0,1.1403154971027372,0.0,0.07652280379553106,0.0,0.08843296781039972,0.0,0.0,0.0,0.3144539639584147,0.0,0.5277800792154859,0.0,0.08448800270361609,0.13061650992685475,0.0,0.656335776098134,0.5864990382314045,4.233703393246187,12.068181818181818,2.3149973969101922,2.7586496401113063,3.3823704308411666,0.5849939959449222,7.318181818181818,0.8322597954700314,2.3149973969101922,3.9992222805235897,27.167266004197824,1.9361445383246858,15.14495834899379,17.38409931032381,13.344993885297187,17.723048523775965,19.600166335195322,20.351754476758316,0.0025066643327362036,0.0028713243209877947,2019,5
2019-06-01,61,3.4840369166384693,0.738745537737278,1.1381200549821864,0.0,0.801695210509451,1.0882551477774107,1.6152989741605812,0.24838549428713363,0.340686602508762,0.23604129290870138,0.0,0.0,0.47903886909904925,0.18628912071535023,0.06209637357178341,0.0,1.1244372982342763,0.47185073654432336,0.6943674218786896,0.22991580368629552,0.0,0.0,0.1379919412706298,0.39439792321916395,0.2063556732474843,0.0,0.0,0.0,0.21961703611624292,0.0,0.06162948354492789,0.0,0.8568735353210155,0.0,0.0,0.0,0.0,0.0,0.0,0.22991580368629552,0.3832200961062563,0.10576414595452141,0.0,0.08279516476237789,0.09057150620414818,0.5215482247418831,0.0,0.21713169037020955,0.2590037264611698,1.4620892300208541,0.0,0.0,0.0,0.1532097441397273,0.18628912071535023,0.0,0.0,0.06209637357178341,0.0,0.18929962760851457,0.0,0.06859181013786954,0.0,0.08279516476237789,0.07035812284528248,0.31959056182294404,2.484032260392552,12.01639344262295,2.4982946617698136,2.7200994689766436,3.3804717157097968,0.6522009385499,6.39344262295082,0.8490824744288421,2.4982946617698136,3.4157246815284665,24.887241947487848,1.9792985196700463,13.427224112428256,17.21026467400985,13.266707526980321,17.68000419339551,18.96270953210806,20.235822702738815,0.00286263713925481,0.001476297132911041,2019,6
2019-07-01,52,2.8343104125976613,0.7008752939695722,1.238474532858504,0.0,0.7855348993803453,1.2598409125116012,1.1662111934205865,0.3544590780356399,0.6100828643731951,0.16080358913610954,0.18241953082378615,0.0,0.3042220841348008,0.0,0.17680396688222993,0.0,0.6435272809057297,0.4845125684357582,0.6967692366177988,0.18525215566144768,0.0,0.06475006475006474,0.08080155138978669,0.22758900191907916,0.3277346759106416,0.0,0.0,0.0,0.5050082359076556,0.0,0.14351517198077318,0.2090066795949149,0.3809444453751603,0.0,0.0,0.0,0.0,0.0,0.0,0.18525215566144768,0.21744927614837714,0.38283346757052045,0.0,0.0,0.17597243385944777,0.7757492199386404,0.0,0.0,0.30811925871351303,1.1662111934205865,0.0,0.0,0.0,0.0,0.0,0.0,0.10508617065994115,0.17680396688222993,0.07256894049346879,0.47640531134080333,0.06475006475006474,0.0,0.06892748828232699,0.0,0.5066981588411851,0.35937025467482314,3.500813759776345,11.884615384615385,2.2603668010240976,2.7442440098517364,3.279922925434327,0.6349220549774718,7.0576923076923075,0.8167325546065723,2.2603668010240976,3.9962259427512907,25.462734807927117,1.9339527588209888,17.14639565775664,16.67346838027431,13.234745764795694,17.323662727506367,18.299730857240572,19.79605272075151,0.0018456169563698535,0.0020142407480303005,2019,7
2019-08-01,49,2.3896929552613395,1.5775962869009486,1.8164553486925696,0.0,0.5026811569301388,0.46982743956438955,2.061849639501679,0.3879818239296971,0.3173950037377262,0.08538980445734778,0.0,0.0,0.34547109931222386,0.265041081367612,0.0,0.0,1.1694192695743564,0.3376242758094333,0.18674742474036626,0.0,0.0,0.0,0.0,0.4123044361549997,0.20543782366503083,0.0,0.8653717897415376,0.0944822373393802,0.0,0.0,0.5439189499051295,0.09906875371507826,1.1734676450723618,0.0,0.0,0.0,0.0,0.0,0.0,0.0,0.2026721619822018,0.08034709946970915,0.0,0.21966189547822784,0.08911861687906603,0.3807088226853236,0.0,0.0,0.0,1.9711466916558742,0.0,0.0,0.0,0.09070294784580499,0.265041081367612,0.0,0.12294074256208508,0.0,0.0,0.3173950037377262,0.0,0.0,0.0,0.0,0.48714768525344687,0.713346776509926,4.059456103419531,11.938775510204081,2.44335507117261,2.758645419444215,3.3165458819320763,0.650226418989112,5.959183673469388,0.81624907928349,2.44335507117261,3.894506177742682,24.416513531819657,1.92935684806522,19.502261154132935,16.101175717880672,13.356225669906705,16.933500287817782,17.905358993836884,19.267007262724828,0.0022471402673692217,0.0023934520059878906,2019,8
2019-09-01,64,3.281023175051686,0.4534135194023151,0.8622411602048502,0.0,1.1950808596457445,0.5586420480203143,1.2705248024920865,0.126366783126294,0.5056152494312363,0.4547793105844505,0.0,0.0,0.2128877017537416,0.0,0.126366783126294,0.0,1.2042675031611954,0.36875688820308994,0.794093560070594,0.1198714281523206,0.0,0.07038288288288289,0.0,0.2121781727044885,0.17085246381494373,0.0,0.0,0.0,0.4021919900385228,0.0,0.07102272727272727,0.0,0.3890264428936002,0.0,0.0,0.0,0.0,0.0,0.0,0.1198714281523206,0.6218062625797823,0.3160925628530355,0.0,0.13731060606060608,0.04976114649681529,0.35877863088551404,0.0,0.07038288288288289,0.07971938775510204,1.2097271371224367,0.0,0.060797665369649805,0.0,0.0,0.0,0.0,0.0,0.126366783126294,0.0,0.29277756601943394,0.05963740458015267,0.09356287425149701,0.05963740458015267,0.0,0.0,0.24786267298523268,3.8047162942272825,12.328125,2.4618325570624435,2.752779610211913,3.3145692654040846,0.6187494917809337,7.59375,0.891297273418813,2.4618325570624435,3.4718135231860696,25.49549404588467,1.9741095791886234,14.878939458145435,17.062921813051247,13.288376015176285,17.671451848531888,18.721307819000803,20.260516449712323,0.0016999904089536944,0.0017591175027524106,2019,9
2019-10-01,83,2.5055308065876334,0.3538729338213329,1.2829724795398711,0.0,0.8542275205891185,0.8453267669367581,1.7562817269691398,0.3996390757087272,0.4415456107690757,0.11475662450154157,0.0,0.0,0.044458275908060285,0.0,0.20721964806619858,0.0,0.7625973588284938,0.575505764227172,0.7591591323787911,0.041834002677376164,0.0,0.0,0.0,0.19347957169399277,0.07391529307413704,0.0,0.041689248342852384,0.044788820710350695,0.19993346155594877,0.04917629702483403,0.07129108148570613,0.0,0.9625716394733823,0.0,0.0,0.0,0.0,0.0,0.0,0.041834002677376164,0.32681481705590076,0.29034098900337946,0.0651253663301856,0.13011234552227655,0.3357291245710655,0.5095976423656926,0.0,0.0,0.0,1.578562836042655,0.08309098462816784,0.05378657487091222,0.0,0.04084133142740453,0.0,0.0,0.04413257425305618,0.20721964806619858,0.14828685338947245,0.35423986605107327,0.0,0.0,0.0,0.08730574471800245,0.28988680744287004,0.775957554898447,3.442129433528424,11.734939759036145,2.2086147571084913,2.759947080781387,3.3745889031957943,0.6424900307938984,7.120481927710843,0.8495071961309892,2.2086147571084913,4.144376633482297,25.562652775604583,1.9499754716406414,16.552492721261526,16.714167205242035,13.400379346480992,17.36084554427368,18.655284416204804,19.842441801759108,0.0014115053950558428,0.0023233764454543356,2019,10
2019-11-01,85,3.4587604349899688,1.1511952244352155,1.8672927511429163,0.0,0.9330653015308621,0.8505804576639995,1.545104104367067,0.19818158286416876,0.29079230401658535,0.12223868793046523,0.0,0.0,0.3252204729391253,0.0,0.11648223645894001,0.0,1.2375871915425438,0.412230665571829,1.0096639959365412,0.23533718461052397,0.0,0.0,0.0,0.3495504530462073,0.09275192966920609,0.0,0.659873233876665,0.04901960784313726,0.09894777984633266,0.0,0.4528386587778552,0.0,1.3155063125187283,0.0,0.0,0.0,0.0,0.0,0.0,0.23533718461052397,0.4406614901668089,0.10971158512142119,0.0,0.1473550416321079,0.1280765891889909,0.666481459511423,0.0,0.05602240896358544,0.0,1.545104104367067,0.0,0.0,0.0,0.0,0.0,0.0,0.0,0.11648223645894001,0.08169934640522875,0.13991478289684967,0.0,0.10545394628439611,0.0,0.04542357483533954,0.5050060939790731,0.7670326251887497,4.603104010062392,11.635294117647058,2.2133496584627728,2.7638670945897807,3.2939413262927983,0.6029397044253139,6.188235294117647,0.7602488605809619,2.2133496584627728,2.819938020113974,25.188722617252026,1.9564318743533653,15.37660161627982,17.058583897053705,13.36043195474926,17.64826047812921,18.877251879949686,20.305770051605844,0.0023399494377902828,0.0027444062641714204,2019,11
2019-12-01,66,3.5055185880453275,0.5051444007766721,1.5484883680845822,0.0,1.351005227667976,0.43305229886445445,1.187748923438183,0.5423215884382584,0.2645662093175905,0.23165618448637318,0.0,0.0,0.2838183260179299,0.0,0.39479012406187425,0.0,0.5044396148623487,0.7214398999243117,1.1593268568112434,0.21004758188124661,0.0,0.0,0.0,0.059185606060606064,0.12419274714356683,0.0,0.32176604757249916,0.0,0.2083860364975858,0.0,0.4421836529208134,0.07215007215007216,0.825768606516111,0.0,0.0,0.0,0.0,0.0,0.0,0.21004758188124661,0.5625565413582929,0.28816820651763586,0.0,0.2902328979108005,0.0,0.36965683797945387,0.0,0.0,0.06339546088500063,1.106724778242915,0.0810241451952682,0.0,0.0,0.0,0.0,0.05570409982174688,0.0,0.39479012406187425,0.09182736455463728,0.2645662093175905,0.0,0.0,0.0,0.0,0.0,0.31319554907615577,3.1697840782391347,12.212121212121213,2.3729250856357735,2.7188799395131262,3.2641964598509907,0.5884794949641043,6.515151515151516,0.8143923021924635,2.3729250856357735,3.2866247083409625,25.52107316084589,2.007707715498736,10.677997156084619,17.730247722143528,13.542705109422274,18.07697115002491,19.609534258942503,20.976883872889964,0.001570789027992438,0.0023064921811550626,2019,12
2020-01-01,60,3.2306559427411137,0.9498481540407167,1.3963557384764633,0.0,0.813504519521296,0.48223600120214277,1.442936233649321,0.1999474764837893,0.27894544894071577,0.07898894154818326,0.0,0.0,0.3359808915364471,0.0,0.10683760683760683,0.0,0.6560698039120988,1.000663056490008,0.9445887606963392,0.1075268817204301,0.0,0.0,0.0,0.3223602075436504,0.21642997351411092,0.0,0.304900860456416,0.10615711252653928,0.26591123490348295,0.0,0.056116722783389444,0.07751937984496124,0.9968084009446299,0.0,0.0,0.0,0.0,0.0,0.0,0.1075268817204301,0.16295432962099626,0.18507526072205896,0.0,0.3579480474578107,0.12144601430315717,0.3046732641155962,0.0,0.0,0.056116722783389444,1.3732012266758205,0.0,0.0,0.0697350069735007,0.0,0.0,0.0,0.0931098696461825,0.10683760683760683,0.0,0.1999565073925325,0.07898894154818326,0.0,0.0,0.0,0.25426550591567093,0.7344965263030432,2.8669915960876318,12.25,2.433804391792824,2.7466063346835097,3.347221187687477,0.5864201301302927,6.85,0.7890812377316025,2.433804391792824,3.77700570782585,26.59547262922263,1.9541707178644832,14.667033967387628,17.29391225965426,13.161255266972486,17.87314721283567,18.945998841112363,20.51818412731925,0.002052298659448741,0.0017052714370101327,2020,1
2020-02-01,62,3.922052554918303,0.43565257026058474,1.452686388974671,0.0,0.6956423328770797,0.34131189792987027,1.6380624421154868,0.476352741173408,0.19669312031715547,0.20373686871719215,0.0,0.0,0.40324716056319565,0.0,0.3178243687565881,0.0,1.1947867430221228,0.292617492034741,1.3290075458390027,0.18083237598546045,0.0,0.0,0.0,0.0,0.0,0.0,0.31705674483363977,0.11859582542694497,0.05323112956456936,0.0,0.0,0.0,1.3994552594101017,0.0,0.0,0.0,0.0,0.0,0.0,0.18083237598546045,0.19742732394163354,0.07265329845975008,0.0,0.24472933449023565,0.0,0.18331658449869243,0.06529972574115189,0.0,0.09269558769002595,1.4585248370590815,0.07680491551459295,0.10273268954181221,0.0,0.0,0.0,0.0,0.0,0.3178243687565881,0.15852837241681988,0.0674854906195168,0.0,0.0683433570256971,0.06086427267194157,0.0,0.23603047679854378,0.8566629604716239,4.4342426085760005,11.870967741935484,2.2571998104197246,2.763337431504439,3.3477356381531287,0.5879591045475546,6.596774193548387,0.7832379709062198,2.2571998104197246,2.615726350515787,25.782132652293942,1.952066195687794,14.920948566810033,17.089385513424922,13.409326997097672,17.702973305597293,19.148235872878466,20.259227213756,0.002403376896570639,0.0021166286634534395,2020,2
2020-03-01,83,4.393247278507286,0.6924813665257405,1.9055344691765974,0.0,0.8789812710968627,0.7726877598785498,1.210979575416189,0.5215089933159798,0.6005123530190968,0.537415786867057,0.13043748025811108,0.050622658702035035,0.6287004080875985,0.1483052896627989,0.3087748653051363,0.0,0.7763936405984291,0.745504771943004,0.8407302553544002,0.22636212172871556,0.0,0.04495594317568783,0.0,0.33667217451808157,0.20112169534601532,0.0,0.06730833950326445,0.04242321398269133,0.11517982552855502,0.0,0.3515117493759334,0.0,1.438842894272109,0.0,0.0,0.0,0.0,0.0,0.0,0.22636212172871556,0.12413943748007736,0.10843373493975904,0.0,0.4200459769483107,0.0,0.5928048312676455,0.05041084841457882,0.0,0.1294720801963255,1.210979575416189,0.0,0.0,0.0,0.0,0.1483052896627989,0.0,0.06442883834804458,0.3087748653051363,0.0,0.42500422454493325,0.0,0.06210408644888834,0.11340404202527515,0.0,0.25482263003777633,0.9635830795577416,3.27129816810745,11.590361445783133,2.14486367179672,2.761521934613297,3.328282595190405,0.6283148382801825,7.674698795180723,0.8455603062822373,2.14486367179672,4.161037463863164,25.50993761927497,1.9420908491152122,17.230272145424376,16.862979942914585,13.170350158441872,17.5230024730538,18.72483732329202,20.038011561800474,0.0032324695407854286,0.0021132318899231665,2020,3
2020-04-01,100,3.7855414918321917,0.4761127733601468,2.3883441367484126,0.0,1.6441310592204825,0.9107270591535206,0.9143366500703475,0.45883505069639924,0.21373512400481945,0.2481252911507655,0.0,0.0,0.37722116311745685,0.0,0.3138611623740359,0.0,1.2242948618518628,0.5787155228695662,0.87684999499842,0.16647349547008475,0.06211180124223602,0.0,0.0,0.08969225938137855,0.2621969114942962,0.0,0.06211180124223602,0.0,0.3746698291526052,0.0,0.23377268213415184,0.0,1.7799016254616555,0.0,0.0,0.0,0.0,0.0,0.0,0.16647349547008475,0.41377244713303285,0.4498493377601603,0.08460508701472555,0.5294306918424792,0.06990191772800468,0.6135365036914823,0.0684931506849315,0.03571428571428571,0.12308120133481645,0.8784943561635374,0.0,0.035842293906810034,0.0,0.0,0.0,0.0,0.03571428571428571,0.3138611623740359,0.10925960260807763,0.14121042356336475,0.0373134328358209,0.0,0.035211267605633804,0.0,0.4065237814336588,0.563722707069985,3.1370094414043574,12.38,2.4327370482449577,2.7571771467089756,3.439863668565913,0.6722111832077011,6.72,0.8102293670423117,2.4327370482449577,3.6303302524639673,26.84414812964813,1.934351122967155,16.464682209438333,17.238991997791754,13.42628000189168,17.78145640411719,19.62050933108146,20.447285209017252,0.0037395025242596574,0.0018309036947152977,2020,4
2020-05-01,101,2.912500213547437,0.8869855819697614,2.003591512922812,0.0,1.0924288748663353,0.598978939589132,1.364036480831937,0.5056617657197718,0.20931747694849784,0.32693009501889747,0.0,0.03822776100003823,0.17613700778474792,0.0,0.33387023475991806,0.0,0.8967462562288143,0.30636399453301427,0.6863781378211529,0.14784672640085386,0.0,0.04760091393754761,0.11382270544205696,0.08619985323538033,0.4095268983908139,0.0,0.17019069229522835,0.059644518668734346,0.19054462001094458,0.09025086055525768,0.1541940099077063,0.04323576462449738,1.525366257824406,0.0,0.0,0.0,0.0,0.0,0.0,0.14784672640085386,0.35286721042592456,0.11665230084056892,0.0,0.4750626371989881,0.09360179715450535,0.3450429370542671,0.06972528238739367,0.04323576462449738,0.04737315836846843,1.3253607382576795,0.0,0.038675742574257425,0.0,0.0,0.0,0.0,0.0445990545000446,0.33387023475991806,0.1271924764598092,0.09763680912455179,0.0,0.0775393226549464,0.0,0.03414134516899966,0.3419010436537177,0.5867309363589623,2.9532786301032035,11.752475247524753,2.224600690304923,2.7624861505747966,3.3594320888552227,0.6156535695507575,6.396039603960396,0.8056196006557013,2.224600690304923,4.072839346017568,26.28675936274946,1.9710794091187425,14.758480062130802,17.241328943292732,13.490853287823525,17.86639687633342,19.493298915101033,20.50983232211796,0.002937317090423511,0.001915505572002529,2020,5
2020-06-01,85,3.6337025417478293,0.5532530599581682,1.5664417700048037,0.0,1.0693704308110479,0.6720883880478816,1.365986797716884,0.26287954833882166,0.28318269138895646,0.26374066096729626,0.042471862391165856,0.0,0.6034771482327977,0.0,0.10014198926544497,0.0,1.0833852799038441,0.7600762778992332,0.7804093230880472,0.0,0.0,0.0,0.07087172218284905,0.3205123348550021,0.0784313725490196,0.0,0.0,0.08343763037129745,0.046685340802987856,0.12927859004873626,0.15777112834168475,0.0,1.232706710811395,0.0,0.0,0.0,0.0,0.0,0.0,0.0,0.17901124182453124,0.5318331136727279,0.09321340364706618,0.26531267166672273,0.0868485955478499,0.4445643015935984,0.04389815627743635,0.046500813764240874,0.05027652086475617,1.1567886676513057,0.05549389567147613,0.15370423439410197,0.0,0.0,0.0,0.0,0.0,0.10014198926544497,0.16273755907337673,0.28318269138895646,0.0,0.0,0.0,0.0,0.6754368548559835,0.48094846183630385,5.220545534838692,11.976470588235294,2.2979325102637738,2.766635575806648,3.395138750408331,0.700694246290124,7.435294117647059,0.9088659085704356,2.2979325102637738,3.9475264820624,26.164161622691037,1.927856965408927,17.46833641513445,16.8860861063616,13.34504764170761,17.607356949900183,18.95443092026387,20.11299670785593,0.0023514705247443357,0.0018463432316436785,2020,6
2020-07-01,92,2.768020293886075,0.4336553430787761,1.6928427310140415,0.0,0.6504240851026736,1.1481533364177003,0.9664241213187165,0.17287949820585788,0.4849228390521757,0.17948917139421716,0.04528985507246377,0.0,0.5350353972635533,0.05032206119162641,0.07104290991759023,0.0,0.6773069844086237,0.6419363067187464,0.37854012241589313,0.1890574855033612,0.042459239130434784,0.0,0.0,0.21617741501248816,0.09682037801936898,0.0,0.07819831091648421,0.0,0.2925710455124284,0.0,0.5225697428888766,0.0,0.8777019426127365,0.0,0.0,0.0,0.0,0.0,0.0,0.1890574855033612,0.07654623392529088,0.25842628944066254,0.042294028083234646,0.08410004815012428,0.2410936093584169,0.6825158451638662,0.0,0.07444907683144729,0.15009480506396988,0.9161020601270901,0.05032206119162641,0.0,0.0,0.0,0.05032206119162641,0.0,0.0,0.07104290991759023,0.051514527096641255,0.36532625206428443,0.054896794027228815,0.0,0.0,0.06469979296066251,0.27878932464444184,0.8229318289691122,2.9074641386166507,11.869565217391305,2.377676865966882,2.7825397006636843,3.3533726763664617,0.632875318603636,6.391304347826087,0.8464032665009354,2.377676865966882,2.7536871232006783,25.842256083288692,1.9439167990554633,16.33447897125154,17.027284730281146,13.216506564882227,17.575957247861272,19.08725178582704,20.190424106310918,0.0029594641408038002,0.0027888370139312626,2020,7
2020-08-01,64,3.09250063154591,0.7231751188168662,0.7217539565524225,0.0,1.1955875580091595,0.9686692904226671,1.4186894697304133,0.16127447250963683,0.2081229182117439,0.4778554778554779,0.0,0.0,0.5637771321374427,0.0,0.16127447250963683,0.0,0.7021075411320219,0.5421976503423056,0.44612827590060083,0.19916008166842428,0.0,0.0,0.0,0.5773711622807017,0.14580395653616457,0.0,0.0,0.0,0.14295102666004306,0.0,0.0769704433497537,0.0,0.5018324865426257,0.0,0.0,0.0,0.0,0.0,0.0,0.19916008166842428,0.42797085108388544,0.2449192521983073,0.08400537634408603,0.2395319967144564,0.1717032967032967,0.7969659937193705,0.0,0.0,0.0,1.4186894697304133,0.0,0.0,0.0,0.0,0.0,0.0,0.0,0.16127447250963683,0.0,0.11621115350586153,0.09191176470588235,0.0,0.0,0.0,0.3195410027402822,0.47235081978423876,3.250024119066007,11.875,2.2599877232188574,2.7481356551538543,3.4190326182506303,0.6664906343054856,6.734375,0.8132393617476592,2.2599877232188574,3.8150187196990313,26.602409656315906,1.9505686309448191,15.470029417531851,17.28205823423276,13.44953993014585,17.772978357120856,19.434452110742058,20.426993195962993,0.00322017067357533,0.0020735030916897005,2020,8
2020-09-01,65,2.4930000991870735,0.46044101427294626,2.1944022228865627,0.0,0.5373150448248982,0.9505324660544906,1.1403045078270195,0.11899575834002064,0.36381040315466545,0.3976104474901269,0.0,0.0,0.4276028593829638,0.0,0.11899575834002064,0.0,0.9012553767543474,0.23219878198930727,0.2785224748440077,0.13681440038629947,0.0,0.0,0.08499787505312367,0.3754431392198226,0.0,0.0,0.0,0.0,0.44979588400141307,0.07692307692307693,0.27007196205647693,0.0,1.3976112999055958,0.0,0.0,0.0,0.0,0.0,0.0,0.13681440038629947,0.0,0.32992901423394105,0.0,0.07057163020465773,0.15781726062099893,0.5277945842881707,0.06331117442228554,0.0,0.2016094467230354,1.0481810624101608,0.0,0.09212344541685859,0.0,0.0,0.0,0.0,0.0,0.11899575834002064,0.0,0.06153846153846154,0.1692901692901693,0.0,0.13298177232603461,0.0,0.04868549172346641,0.047927150730889045,6.0046316906518715,11.723076923076922,2.2873885558669627,2.7504519786011534,3.3273777755350737,0.6726595246846981,6.6461538461538465,0.7987109226201855,2.2873885558669627,4.500414346629574,25.251057276057278,1.9590243543654635,14.532189368555454,17.171946834984958,13.32672582444798,17.626928920734798,19.323463527209977,20.195077764114863,0.0019985698621555197,0.0016392545657592525,2020,9
2020-10-01,90,3.1297484377782627,0.7619223518472271,1.126791966333862,0.0,1.4480727053386766,0.7043702642712112,1.5692587392423158,0.454974115975102,0.45999097329352073,0.043402777777777776,0.0,0.0,0.23649068991632688,0.04011231448054553,0.2023600452014862,0.0,0.9305568901187821,0.4127277542049396,1.105692761666972,0.15840520441143252,0.0,0.0,0.04668534080298786,0.18274763655140233,0.13564259306425214,0.0,0.39684678142858476,0.0,0.32751804809533414,0.09454191033138402,0.1267056530214425,0.0,0.5780263548857012,0.0,0.0,0.0,0.0,0.0,0.0,0.15840520441143252,0.5916943225663056,0.29126902992850945,0.04011231448054553,0.36659183395188344,0.03844675124951942,0.4034845898983267,0.11950165268243072,0.14293727044093435,0.0,1.5692587392423158,0.0,0.0,0.0,0.0,0.04011231448054553,0.04852013585638039,0.10611125006631955,0.2023600452014862,0.057870370370370364,0.4210046185176923,0.0,0.038986354775828465,0.0,0.0,0.4004336652183433,0.5510173394158295,4.908221206067118,11.766666666666667,2.244887059068164,2.7513532448157325,3.4043473320264015,0.6651025138721642,6.544444444444444,0.8228049227697669,2.244887059068164,3.156562294908032,26.26836567753234,1.9663266536742443,13.180872938004114,17.473019772053174,13.405710347367704,18.014224351403463,19.532299355731237,20.697060575364393,0.0027210618284015573,0.001559970782943291,2020,10
2020-11-01,78,3.1933969633080683,0.696717499234375,2.163660036887471,0.0,1.6710696021513314,0.4914600265870531,1.4502924911836732,0.30848908967501354,0.15489917265859363,0.1283325053816857,0.0,0.0,0.3912669047345685,0.0,0.30848908967501354,0.0,1.1366665978287331,0.26818729918432904,0.6332593214848712,0.3271952450188675,0.0,0.0,0.1335578211944498,0.1456876456876457,0.41747203235227953,0.0,0.0,0.0,0.33647792503254664,0.09712509712509713,0.15593478896231192,0.0,1.5741222257675154,0.0,0.0,0.0,0.0,0.0,0.0,0.3271952450188675,0.25030031984446915,0.7451439875990019,0.08114248620577734,0.26728756348321564,0.13930785989609518,0.29196196565568644,0.0,0.06019020103527146,0.0,1.4502924911836732,0.0,0.0,0.0,0.0,0.0,0.0,0.0,0.30848908967501354,0.0,0.10278326688415126,0.05211590577444236,0.0,0.0,0.0,0.1837962155422473,0.8311366563053463,3.993129039990115,11.782051282051283,2.2151805448308037,2.7541222683152116,3.303011663030301,0.6101211463742398,6.294871794871795,0.7874450612311718,2.2151805448308037,2.5239446195930952,25.052959184689954,1.9639860449313282,15.46882638291616,16.89990306124195,13.480048465568098,17.6111867057868,18.95885685000755,20.266248352657307,0.0018916618226837972,0.002042894459015824,2020,11
2020-12-01,71,3.4553452828118028,1.1654944085560484,1.6307229540788835,0.0,0.948882222366306,0.7116035640740196,2.1812562610372055,0.6160742124671036,0.145447850501703,0.4606468167776523,0.0,0.0,0.6617077373439438,0.0,0.046178711613945975,0.0,0.7176696537053852,0.725056163891787,0.8440861994790886,0.0,0.0,0.0,0.11783117002669613,0.36354793235792976,0.32632659939649455,0.0,0.3577887067749279,0.0,0.2044368613339805,0.0,0.478710024687494,0.0,0.9475760680574089,0.0,0.0,0.0,0.0,0.0,0.0,0.0,0.28885425673611703,0.2656689819337153,0.0,0.39435898369647376,0.19960917153454355,0.3848980543739057,0.0,0.0,0.12709633816557048,2.1812562610372055,0.0,0.0,0.0,0.0,0.0,0.14975199037208092,0.0,0.046178711613945975,0.4201435104810767,0.08285004142502071,0.06259780907668232,0.0,0.0,0.0,0.4747584641701775,0.6965479457024446,4.715580313480436,11.732394366197184,2.22940814886981,2.7923237017700586,3.426495213743534,0.6689588267507813,6.887323943661972,0.839142928615141,2.22940814886981,3.3708904543710805,26.755673825392137,1.9451456985371225,15.020577442899095,17.320468997389813,13.356582037925845,17.90087885477962,19.55747789591542,20.50116254411996,0.003097808773727733,0.0022514586027648415,2020,12
2021-01-01,74,2.344107480652915,0.8339690208348487,1.1002300027322884,0.0,1.0333016850597811,1.0221007617571538,1.1854357438757326,0.25238496461518045,0.24912769860718426,0.3038709976552751,0.07344300822561692,0.0,0.281003364053349,0.0,0.25238496461518045,0.0,0.9165451816099011,0.24798309957930317,0.2035941909359631,0.06528267397832616,0.0,0.0,0.0,0.5784780358873458,0.09319664492078285,0.11168192986374806,0.05061241016297196,0.0,0.09792401096748923,0.049682034976152624,0.061705541157595946,0.0,0.8909184156310507,0.0,0.0,0.0,0.0,0.0,0.0,0.06528267397832616,0.2709190765763383,0.42194666639410217,0.0,0.2751532681110146,0.16087516087516085,0.6653364344045912,0.14620713150124914,0.0,0.049682034976152624,1.0492897802402876,0.0,0.1361459636354447,0.0,0.0,0.0,0.0,0.0,0.25238496461518045,0.0,0.10500010500010501,0.0,0.04896200548374462,0.0951655881233346,0.0,0.12065637065637067,0.7416483356093738,5.0398154504846735,12.162162162162161,2.4545757734334708,2.758815524239468,3.3855364945038096,0.6373973803812484,7.216216216216216,0.884515519793131,2.4545757734334708,4.255521967509173,26.437601793851794,1.9463044700546472,16.679311196721454,16.914395358821185,13.306066307831582,17.545174166377333,18.86987210004251,20.136206473193806,0.002871404281332271,0.0019020381885661308,2021,1
2021-02-01,66,3.758734481665803,0.6995400074075303,1.4492691891104441,0.0,0.8031474242584273,0.8633745990782492,1.6301792766223118,0.56097065085936,0.5230861007552629,0.33542563445146667,0.0,0.0,0.31801374887135414,0.19233567450397038,0.24642201049981208,0.0,1.280014087845043,0.5877282255822469,0.7317529974715767,0.06704210244033253,0.0,0.0,0.0,0.3892589475975021,0.23177579995761813,0.0,0.07850525985241011,0.0,0.46188132944087723,0.0613421666053245,0.25776025614026543,0.0,0.6682854369239771,0.0,0.0,0.0,0.0,0.0,0.0,0.06704210244033253,0.2118507305275982,0.3020254156617793,0.0,0.22222917562871727,0.134686741829599,0.5076195391654067,0.0555000555000555,0.0,0.16556826258318796,1.4205707139798642,0.0,0.11608069133679849,0.0,0.09352787130564909,0.19233567450397038,0.0,0.0,0.24642201049981208,0.12221296585557755,0.18684533756617636,0.07850525985241011,0.09018759018759018,0.0,0.16754791314908618,0.45023436772718856,1.2565352677425596,5.0986232199708486,11.984848484848484,2.2920284106007798,2.785253886043926,3.372347498257015,0.6417424298368276,7.787878787878788,0.8480793067223484,2.2920284106007798,3.362236789273584,25.956948270584633,1.9744156600177405,13.216099220259892,17.505816786861853,13.372109464371915,17.96374713621787,19.399404767180197,20.725086665293514,0.0024881812727658523,0.0019148108579148343,2021,2
2021-03-01,69,3.380157947165553,0.8750999172355647,2.1053955431428757,0.0,1.0507436924386027,0.9085374948440453,1.034314586982011,0.3989449749755528,0.2070546275297609,0.3650687012275239,0.0,0.0,0.6736878834413518,0.05639203744431286,0.21915742131629787,0.0,0.7629088324278457,0.8239198882907541,0.4122362999612992,0.06678688305616776,0.0,0.0,0.0,0.6219500655356489,0.10390926243837321,0.0,0.06193484454354021,0.08730574471800245,0.41163595114788054,0.0747049155834454,0.413710845552772,0.09597850081581726,1.1093653300429602,0.0,0.0,0.0,0.0,0.0,0.0,0.06678688305616776,0.5979495394729153,0.10179720111087086,0.0878348704435661,0.19637519835508271,0.06557807069316021,0.655831529478537,0.09597850081581726,0.0,0.09114939385653086,0.8821586451127693,0.0,0.15215594186924175,0.0,0.0,0.05639203744431286,0.0,0.12339551621494205,0.21915742131629787,0.0,0.2070546275297609,0.0,0.0,0.0,0.0,0.42020003970950204,0.9210848522423217,5.521671872782021,12.101449275362318,2.4540647916323217,2.7550104114720564,3.4334575234110454,0.725304299502102,7.086956521739131,0.9067945781270236,2.4540647916323217,4.201084121409598,25.257795344751866,1.9645463170585729,15.220142265221156,17.09076322311848,13.365272551731495,17.727265208006823,19.272707816757823,20.406186796184738,0.0016390565104747832,0.002236134092233676,2021,3
2021-04-01,51,4.088573709906694,0.6280783231207535,1.6072163756108857,0.0,1.3556568231201007,0.44713896474512665,1.3164992566638865,0.4728164540214165,0.28577771806537416,0.474188812504175,0.0,0.0,0.5482608594503716,0.31725663655305353,0.06879944960440317,0.0,1.3763214271084834,0.26582742847815977,0.935794913201511,0.10212418300653595,0.0,0.0,0.0,0.3226395747639869,0.3054387483567666,0.0,0.0,0.0,0.19165771331363593,0.0,0.27935279305709887,0.0,1.1362058692401509,0.0,0.0,0.0,0.0,0.0,0.0,0.10212418300653595,0.37752532543633494,0.5705105914943952,0.14307158270006567,0.1624251404827688,0.17332478162604606,0.27381418311908057,0.0,0.0,0.0,1.2486520485764994,0.0,0.0678472080873872,0.0,0.0,0.31725663655305353,0.08676036786395974,0.0,0.06879944960440317,0.0,0.20765882110419925,0.0,0.0,0.07811889696117491,0.0,0.6146601818337591,0.18411526133994421,3.241849911107246,11.529411764705882,2.0079512269749085,2.738544555446516,3.4093596414251874,0.6232182927596346,6.392156862745098,0.8481109210708967,2.0079512269749085,3.1889409238288127,27.276863169510225,1.9768871812197055,9.979191449778574,18.363607554587176,13.493590270102835,18.556249127954,20.675166896061572,21.467897236982004,0.0029418148587981286,0.002185942195289111,2021,4
2021-05-01,63,2.750826050572067,0.8160915791827744,1.9810528257909206,0.0,1.0354522114136124,0.5956492560073149,1.8947919917633091,0.15112113877545977,0.32185950328954155,0.0,0.11502185415228894,0.0,0.3741821833814086,0.0,0.0858000858000858,0.0,0.7706591866489768,0.7212084836724298,0.5462112346019099,0.1377430223149672,0.0,0.0,0.0,0.30690648453685826,0.31125982413819936,0.0,0.07857928650007857,0.11934598400763814,0.05814291528577243,0.0,0.562607419548239,0.0,1.3603024909569088,0.0,0.0,0.0,0.0,0.0,0.0,0.1377430223149672,0.3120059829630366,0.33577218813914605,0.0,0.24993101799646264,0.0896780557797507,0.5059712002275643,0.0,0.0,0.0,1.8947919917633091,0.0,0.0,0.0,0.0,0.0,0.0,0.0,0.0858000858000858,0.06532105297537397,0.1334455846192189,0.0,0.06532105297537397,0.12309286569494868,0.0,0.178795481659383,1.1651640837136545,4.207300357485747,11.825396825396826,2.3041166021948767,2.742324584557142,3.3946915670033624,0.616274266014232,6.492063492063492,0.8207142789368161,2.3041166021948767,4.410962437407624,26.214726058773678,1.9552484937075783,13.889792632332883,17.477302114758878,13.502056962126805,18.046743080357288,19.684695885789623,20.84238050912295,0.00221727404363245,0.002653276196007511,2021,5
2021-06-01,70,4.5854853676580705,0.584391345266015,1.731656468591031,0.0,0.6681963586291532,0.47204554533803755,1.9517526169757815,0.22723557876045838,0.23174798300518965,0.4105922742811461,0.1610693187902106,0.0,0.6019763876651345,0.0,0.09523809523809525,0.0,1.4167639555906097,0.640429466745476,1.2594158693473991,0.0,0.0,0.0,0.2899648941143574,0.161954957216005,0.05083884087442806,0.0,0.0816326530612245,0.0,0.20059148772020058,0.0,0.3347709005814945,0.054945054945054944,1.1413490253442808,0.0,0.0,0.0,0.0,0.0,0.0,0.0,0.30166502804234707,0.24280731797390465,0.058788947677836566,0.06493506493506493,0.10905125408942203,0.15699061075385684,0.0,0.0,0.20600368049475865,1.8662094176601272,0.0,0.0855431993156544,0.0,0.0,0.0,0.0,0.05350454788657036,0.09523809523809525,0.07849293563579278,0.11268175986020419,0.058788947677836566,0.06027727546714889,0.0,0.0,0.6711566582658363,0.5980057651868108,5.859564896504394,11.742857142857142,2.334045538669437,2.732296125762007,3.3966005299325266,0.6775183686853292,7.214285714285714,0.923024321002498,2.334045538669437,4.0270304210391314,26.077746856318285,1.9937534131614114,10.843588306680882,17.698771052868295,13.457935470563358,18.27995171553807,19.896435627596755,21.09887986004306,0.002033432020413137,0.0020782286651260503,2021,6
2021-07-01,84,2.5692316739241834,0.7093030865896293,1.1824098341411613,0.0,1.131619640905495,0.6090952221231488,0.9876288466480267,0.45830155855893717,0.6148014014240272,0.24019272202746128,0.0,0.0,0.44928191162731357,0.03968253968253969,0.26902214308904554,0.0,0.6003584402224772,0.2080156481217424,0.5216698529725529,0.2410084161810508,0.0,0.0,0.0,0.22251891410769917,0.23793166799032783,0.0,0.20288817281298485,0.045964331678617396,0.3352705034283813,0.06265664160401002,0.0616827041697508,0.0,0.7227999849390192,0.0,0.0,0.0,0.0,0.0,0.0,0.2410084161810508,0.39073267160294156,0.26231314949650136,0.0,0.2375654036250013,0.0,0.4009949677462775,0.0920630348913759,0.0,0.11603721948549535,0.9388388388416254,0.0,0.0,0.0,0.048790007806401255,0.03968253968253969,0.0,0.055114638447971785,0.26902214308904554,0.09448223733938019,0.5015300827955657,0.0,0.06012506012506013,0.053146258503401364,0.0,0.3383438885721991,0.3390246931476684,3.559319982069636,11.642857142857142,2.2273547186419185,2.7529206022666037,3.4078575551863692,0.6516424641409347,6.321428571428571,0.8663578685507461,2.2273547186419185,3.242972847463451,26.404897681683398,1.9431501197109213,16.798692174744563,16.809281952910332,13.326915000052768,17.433838012936228,18.902833317158045,20.092082857513702,0.00303692047666932,0.0015202275527741328,2021,7
2021-08-01,67,3.3747310470755374,0.8545487558797275,1.7535655086997524,0.0,1.4544696972721103,1.0123693734384265,1.383785351840732,0.19329041855019136,0.3194743464254425,0.1486692820771327,0.07141326858530316,0.0,0.37782353195338025,0.0,0.13186912993155617,0.0,1.2588803221602791,0.1629799749308759,0.9709278567058046,0.25216768073120555,0.0,0.0,0.0,0.45777695875674507,0.0,0.0,0.28702640642939153,0.10974539069359086,0.37350007145912145,0.07576331540268201,0.15820377617443038,0.0,1.1460983456635183,0.0,0.0,0.0,0.0,0.0,0.0,0.25216768073120555,0.4414545329379143,0.4242094031816742,0.058761311552473855,0.27787676886884244,0.31031382893978754,0.3111323890404158,0.05922767116796967,0.0,0.3316954842902536,1.3008666122055743,0.0,0.0,0.0,0.08291873963515754,0.0,0.0,0.0,0.13186912993155617,0.06142128861863522,0.24447247137856623,0.0,0.07500187504687618,0.0,0.0,0.23534742643659032,0.2774798602317023,4.00548663466702,12.059701492537313,2.345802686560156,2.76646714288572,3.3771671538375663,0.6178928041177607,7.417910447761194,0.9345402943294886,2.345802686560156,4.803178790732757,26.968726547084756,1.962309870137263,14.489820205066406,17.332187295537217,13.348227697637991,17.837666370176493,19.38480243977514,20.403155666936318,0.002974935532597799,0.0016983684673047782,2021,8
2021-09-01,66,2.0370261668121374,0.8668295647375095,1.7097906906597562,0.0,1.5090716250952108,0.5214532748405857,2.2371212512730847,0.24515180355143104,0.4661186471425634,0.10982963275119649,0.0,0.0,0.3178639241645945,0.0,0.11530232884399552,0.0,0.5692671580675414,0.4794532320614744,0.3305240382796737,0.11478585264366167,0.0,0.0,0.22363566328268503,0.4649205876212077,0.1782733138336168,0.0,0.0,0.0,0.17157106709345515,0.0,0.12844630375437166,0.14218469070570783,1.2675886291062217,0.0,0.0,0.0,0.0,0.0,0.0,0.11478585264366167,0.22411457344859778,0.6254698807828081,0.09072763563781527,0.45397368258232795,0.050844010575554204,0.3605512726270592,0.0,0.05988741166606779,0.05017057997190447,2.0427984917570345,0.06159152500615916,0.05988741166606779,0.0,0.07284382284382285,0.0,0.0,0.06645401382243486,0.11530232884399552,0.06339546088500063,0.4661186471425634,0.0,0.0,0.0,0.0,0.22119000221190002,0.6254277363902333,4.028126247647747,11.621212121212121,2.1874874065549004,2.7646286778562663,3.419940126099224,0.6687692093454382,7.303030303030303,0.8440159465507566,2.1874874065549004,2.5645121156830344,25.389769826133463,1.9483098510230525,16.86962113897421,16.71451775932733,13.319112348407572,17.470619748400622,18.77429130315562,19.964958216142286,0.0023626634171317437,0.0024681438236407163,2021,9
2021-10-01,93,3.083629749725533,0.6844387039851153,1.7575174047663527,0.0,1.2984343475383349,0.676317150736758,1.8406172361509925,0.29581764164958924,0.15542888900117097,0.14963286506608678,0.0,0.0,0.20841678463583413,0.04424974556396301,0.1334064876016371,0.06215426689042202,1.2424257582439628,0.24320539723988505,0.887035315472527,0.11310312901121562,0.0,0.0,0.07680491551459293,0.4223560069388386,0.1852777815316837,0.0,0.0,0.0,0.23197592098312422,0.04909903274905483,0.44292382712278333,0.0,1.0335186239113903,0.0,0.0,0.0,0.0,0.0,0.0,0.11310312901121562,0.4869885604832177,0.40502880021812393,0.04283939510774108,0.2504744627180364,0.10182469859889214,0.38217027305830537,0.04575611988103409,0.0,0.14656605919852642,1.8406172361509925,0.0,0.0,0.0,0.0,0.04424974556396301,0.0,0.0,0.1334064876016371,0.11816140848398914,0.15542888900117097,0.0,0.0,0.0,0.0,0.301029671803743,0.5173132512184615,4.777876926737909,11.67741935483871,2.160826031832008,2.7641578215922107,3.400750380207585,0.7082075493293292,6.21505376344086,0.8167789764440305,2.160826031832008,3.838795728080145,25.46806938581132,1.96942135704332,12.992850284727545,17.410146798258882,13.519917610673684,18.02253583041328,19.65082135742886,20.84304071669785,0.0012769948361626101,0.0021962462219105045,2021,10
2021-11-01,103,2.4713902718084357,0.5351783510514576,1.513302758334073,0.05056634304207119,0.9882057070698603,0.7933509956474172,1.4894918501170709,0.24078726956175703,0.43348763486754677,0.05247966413014957,0.0,0.0,0.3137747435125425,0.06789327177676692,0.0,0.0,0.7928448704629635,0.45426041578035903,0.5360786338040747,0.2540586723415793,0.0,0.0,0.0,0.29120170090329917,0.17258887173582263,0.0,0.0713877784123358,0.0,0.07035317292809906,0.0347983435988447,0.26798068101273126,0.06885629690835227,1.0713142638860458,0.0,0.0,0.0,0.05056634304207119,0.0,0.0,0.2540586723415793,0.44514326193708764,0.13769876711725568,0.0,0.15130500567393773,0.0533447135388883,0.4570292669435641,0.07720696809003776,0.0,0.20577004707492716,1.441189671688824,0.04830217842824711,0.0,0.0,0.0,0.06789327177676692,0.0,0.0,0.0,0.17289399778499012,0.27104141804080834,0.043149946062567425,0.08511057405967216,0.03418569670449884,0.0,0.16820152864633608,0.5140847913430099,3.313696442609976,11.941747572815533,2.3422713590844584,2.7403590385968157,3.3992098491163687,0.6270478489649349,6.41747572815534,0.8354707902368299,2.3422713590844584,3.9396639161333087,26.202899770132777,1.9488835038279333,15.376353644461215,17.06276163292222,13.414070726299308,17.71713600003547,19.192059416174093,20.356066074093835,0.0019444783964556434,0.002742047779548756,2021,11
2021-12-01,83,3.490865441318551,0.4211559385105801,1.4677551065105026,0.0,0.9884484105648681,0.5830835740659973,1.586437280884759,0.616762560033009,0.6584928775571538,0.042724087840724595,0.10124531740407007,0.0,0.6287018914519612,0.1800664847259372,0.19392135954077502,0.0,0.9229017724423437,0.5743957154002178,0.5867761018339878,0.2601327106785339,0.0,0.0,0.0,0.05170898185014736,0.24340665149164586,0.0,0.1260403051687869,0.0,0.2052813105793685,0.0,0.2823275965548064,0.0,0.9801461993763277,0.0,0.0,0.0,0.0,0.0,0.0,0.2601327106785339,0.2379771059692244,0.23331440810049345,0.06084945843981989,0.19617472737679642,0.13117282049892476,0.39106129512725263,0.0,0.06084945843981989,0.0,1.3574965789503084,0.0,0.13554385874775052,0.09339684318670029,0.0,0.1800664847259372,0.0,0.1015939240060516,0.19392135954077502,0.14118079176024517,0.44045968113056166,0.0,0.1753091085858676,0.0,0.042724087840724595,0.27260296895343933,0.7078470900533016,4.7461770177265645,11.91566265060241,2.299813427028895,2.7443656864287953,3.409903576429747,0.6393286750016499,6.614457831325301,0.9116629089978747,2.299813427028895,4.291635657304399,26.826263060901613,1.954404020775824,14.284723841901759,17.46750330835214,13.431601099987954,18.006909177182337,19.636636918628948,20.726875232300078,0.002297426823923612,0.0023196435088920957,2021,12
2022-01-01,83,3.3219569083021057,0.7070168636737143,1.8217827621540816,0.0,0.6018422765355996,0.5608098482183559,1.6233995662444618,0.20199654224532262,0.3781358461051773,0.227996324454835,0.0,0.0,0.3105798616538625,0.0,0.04197976575290709,0.0,1.547865303863407,0.5571371040883561,0.5422408606677357,0.09415768782100242,0.0,0.0,0.07437156031533541,0.38721853587062993,0.13620733372605165,0.0,0.1092194337616973,0.0,0.31125488181940475,0.0,0.3455992913824239,0.0,1.164928588952253,0.0,0.0,0.0,0.0,0.0,0.0,0.09415768782100242,0.16456526267072288,0.23163740036923047,0.06210408644888834,0.04937783922575549,0.06374705169885893,0.4159265059914759,0.0,0.0,0.08113629052802104,1.5719115629492295,0.05148800329523222,0.0,0.0,0.0,0.0,0.0,0.0,0.04197976575290709,0.16001677649241552,0.30376428578984194,0.0,0.07437156031533541,0.0,0.0,0.09721975034908946,0.5880691942179544,4.4800623840216796,11.46987951807229,2.1004040429969333,2.7616096277241566,3.33200699554905,0.6166364466777765,7.0602409638554215,0.8243229640004642,2.1004040429969333,3.058432105515967,25.875949786491955,1.951053686043097,15.286713021244992,17.062808299444765,13.312585942771035,17.729671553707313,19.129227150531253,20.330219498562546,0.0018459401607762431,0.0017981764862557298,2022,1
2022-02-01,69,2.6714055383015514,1.0484377796179571,1.5191096323979447,0.0,1.2052043377914559,0.6795042799358657,1.8163154433254791,0.5542647285735149,0.15534684154048323,0.0,0.049127978383689506,0.0,0.1379370607547217,0.2598986715277321,0.23639504255302923,0.05232041019201591,0.7961885966335508,0.6162129755782092,0.4698460070210815,0.05347879565752179,0.0,0.0,0.06273919317397578,0.5978394150888406,0.3878591713551408,0.0,0.0,0.0,0.19615223733043588,0.0,0.543856614809912,0.0,0.7791007802575969,0.0,0.0,0.0,0.0,0.0,0.0,0.05347879565752179,0.3114406675018438,0.5289641952657022,0.0,0.31132067936638813,0.0,0.5119346996742639,0.05232041019201591,0.0,0.11524917006958595,1.8163154433254791,0.0,0.0,0.0,0.0,0.2598986715277321,0.0,0.057971014492753624,0.23639504255302923,0.0,0.15534684154048323,0.0,0.0,0.0,0.0,0.5813734196941192,0.1520798042537173,4.241570831636979,11.985507246376812,2.296322602310177,2.763148221546488,3.3383259733442174,0.6427911103220575,7.449275362318841,0.8021008599822089,2.296322602310177,2.968434173564956,25.374007192485454,1.9713256575031508,13.523760743603882,17.237760055826914,13.48790728313063,17.849411790394075,19.355277887055845,20.551950882366988,0.0015063000749690738,0.002614957784629342,2022,2
2022-03-01,72,3.6331779773284762,1.6497142556465783,1.087403878897976,0.0,1.1902787407113682,0.5326863370475626,1.788053712045725,0.5562547423426812,0.3971237335187756,0.4527435934668639,0.063710499490316,0.0,0.1635504643067032,0.07159221076746851,0.28257507115858066,0.0,0.6835086382428968,0.3842990794889467,1.4071954156122857,0.12400300479441463,0.0,0.0,0.10364842454394693,0.971287258847614,0.21305701998771306,0.0,0.23809523809523808,0.12362631417206618,0.16593182572417386,0.0,0.4061489317899574,0.0,0.5153231213838448,0.0,0.0,0.0,0.0,0.0,0.0,0.12400300479441463,0.4095033065722904,0.3712976016200135,0.0,0.28547482772464977,0.1177024482109228,0.4149838888366398,0.0,0.0,0.0,1.788053712045725,0.0,0.0,0.0,0.0,0.07159221076746851,0.0,0.06490134994807892,0.28257507115858066,0.13718611046855322,0.27085085783442175,0.0,0.07159221076746851,0.05468066491688539,0.0,0.6554821327025653,0.43852626383108634,4.124213457317094,11.277777777777779,2.072469697099921,2.7575695895272188,3.377625667317226,0.6313836837632738,7.069444444444445,0.8370686654429911,2.072469697099921,4.875128721811939,25.271457015207016,1.986130128831583,12.492776812887946,17.3798875897505,13.644394102879895,18.083420808611283,19.46090295316514,20.810280516806724,0.002190073574988274,0.0021245910465645477,2022,3
2022-04-01,78,3.3176101117886594,0.8394194412088891,1.0746927324239803,0.0,1.5642432699455129,1.2138785973068646,1.8425469846952727,0.38241327316688445,0.12497186064065047,0.31451487977866344,0.0,0.0,0.33433390245856975,0.0,0.2196114696329999,0.0,1.0457295434033116,0.555486511377561,0.6349874621595941,0.21294634297795975,0.0,0.10554804244124633,0.0,0.3661227017794313,0.22839165115634558,0.0,0.13935704583186598,0.0,0.12892997375133788,0.0,0.3027591391511532,0.0,0.6430036195214892,0.0,0.0,0.0,0.0,0.0,0.0,0.21294634297795975,0.6868199236361735,0.5095109741322217,0.07865345288658172,0.0763125763125763,0.2649691479771224,0.7703629227362165,0.10924645729345632,0.0,0.0693000693000693,1.7812048180899482,0.0,0.0,0.0613421666053245,0.0,0.0,0.0,0.08114248620577734,0.2196114696329999,0.08165931732810715,0.0,0.0,0.12497186064065047,0.0,0.0,1.1754976694547974,0.597609848324726,3.698862432441382,11.102564102564102,1.9701465018277242,2.769241770618948,3.3424158594578284,0.6057992804515034,6.4743589743589745,0.8416293442280522,1.9701465018277242,3.442781815727408,24.69337069625531,1.9597969196553697,14.522208197921286,16.916502149506222,13.611304819437937,17.51756411554583,19.04500058993158,20.147096623079946,0.00187559246865991,0.0026417985033489475,2022,4
2022-05-01,94,3.672843645167342,1.0027775233242473,1.1412660765574358,0.0,1.8414429048862666,0.7131672227947055,1.6698406569892472,0.4518429687831233,0.375491581735251,0.2312017836328989,0.04014452027298274,0.0,0.25403566187933796,0.06370238246910434,0.33649836363275476,0.0,0.9592474418564962,0.9597276681050001,0.5939755570082027,0.2343102663105643,0.0,0.0,0.163766667486728,0.37906383787118736,0.26499282937907565,0.0,0.1949541885872563,0.0,0.3782564264838613,0.05943183168905265,0.31444990347905427,0.0,0.38912791490546766,0.0,0.0,0.0,0.0,0.0,0.0,0.2343102663105643,0.4796766367410524,0.7220796410276118,0.07997934861595438,0.32539701219108363,0.07723511712873415,0.45243727231779685,0.07822277847309136,0.0,0.10527205487508305,1.4383019069631673,0.0,0.12551163243298838,0.03826725853359866,0.06775985905949317,0.06370238246910434,0.0,0.0,0.33649836363275476,0.0516422226812642,0.2680340274691861,0.07163836951070993,0.03581918475535496,0.0,0.0,0.7027482051518071,0.7095689814103673,4.443286147751615,12.127659574468085,2.303604058648846,2.7597416936173236,3.391232870561363,0.6611364624010408,7.170212765957447,0.8181275042121579,2.303604058648846,3.319457705179082,26.07824031760202,1.969411807529198,13.507986427890389,17.311453362243636,13.4991883162766,17.886339170248874,19.47688400924258,20.541022441129194,0.0018467535516211507,0.0020684632238890926,2022,5
2022-06-01,85,3.290062552157804,1.1061063477676962,1.7862002509131796,0.0,1.1989694304928225,0.6795616001395859,2.1701709915247895,0.37040791428408953,0.522519747284945,0.2250683853299314,0.05275652862041677,0.0,0.24879925814954065,0.0,0.0,0.0,0.9538578262393587,0.48529243857893456,1.1862861447444182,0.13800197049520418,0.0,0.0,0.14157699278806546,0.38143577340251494,0.1533211082952056,0.0,0.4297724732819105,0.0,0.32206847721409004,0.0,0.317815718855958,0.04015257980325236,1.1061634750398792,0.0,0.0,0.0,0.0,0.0,0.0,0.13800197049520418,0.27650956861096543,0.44155165878228797,0.0,0.3429062326043651,0.20275697572873078,0.33462127232020134,0.0,0.07044734061289186,0.07173601147776183,2.1209462807199655,0.04922471080482402,0.0,0.0,0.0,0.0,0.07739938080495355,0.12053406757459316,0.0,0.17247446590454282,0.3539097626576196,0.0,0.05275652862041677,0.1158534560069087,0.0,0.5581273152187219,0.3934840564088861,3.8434542002146674,11.658823529411764,2.2291621985588463,2.769633844612447,3.4280151075972327,0.6689225682111395,7.247058823529412,0.8710053839714875,2.2291621985588463,2.859097917498414,25.61633000985942,1.9457152235018154,15.634972492334075,16.976318881088584,13.593754634416051,17.703177565902234,19.2044986411043,20.300009414790775,0.0030856411443886617,0.0023854000769173056,2022,6
2022-07-01,81,3.1524131330576393,0.8627321560830205,1.7148575750895743,0.0,1.087174649993498,0.998179578124236,2.0952313999382626,0.3064869141579285,0.21723075185998403,0.1962776142895255,0.0,0.0,0.44617890821013756,0.13756591859929537,0.06111722283339445,0.0,0.9275512929993475,0.5444747464736371,0.7778261410336667,0.06142128861863522,0.0,0.0,0.05101520253035405,0.3766229654520668,0.11865425221891905,0.0,0.17451265872553545,0.1419270771561451,0.566161070148685,0.05101520253035405,0.1745817498150795,0.08341675008341676,0.8396828025120388,0.0,0.0,0.0,0.0,0.0,0.0,0.06142128861863522,0.3240542490532023,0.226606114111074,0.09250613825777225,0.3825868599528144,0.1145106459116121,0.6875533504882815,0.051655560721111625,0.06532105297537397,0.07913896802785692,1.8164510053467091,0.22776519206119897,0.05101520253035405,0.0,0.0,0.13756591859929537,0.0,0.0,0.06111722283339445,0.10780377272523871,0.21723075185998403,0.0,0.0,0.0,0.0,0.2595400251672575,0.7707825835210705,3.9041691813260173,12.123456790123457,2.3101514826031284,2.754745499692566,3.39529148876031,0.6394409955018283,6.54320987654321,0.771474519868115,2.3101514826031284,4.146266338283598,26.35604799864059,1.9747346228215334,12.679846269108198,17.478846737092834,13.594844719484831,18.054869532312168,19.66753094869331,20.8334578392924,0.0026698835448942127,0.002213178254584779,2022,7
2022-08-01,83,3.122411184345167,0.5226369489643149,0.9719355372225267,0.0,1.1718624609999246,0.4792555969908586,1.515523885607971,0.2275911715380409,0.6824303492699256,0.10453579021970233,0.12887944074462473,0.0,0.6045170756486505,0.17696851283600587,0.050622658702035035,0.0,0.9561756819460605,0.26182826014665145,0.7296479893118802,0.10923577478955618,0.0,0.0,0.04743382980741865,0.1279092345522402,0.20131131607002992,0.0,0.1459825685346261,0.0,0.3425628290963371,0.11420344450578596,0.16589043842938403,0.0,0.34927882519101955,0.0,0.0,0.0,0.0,0.0,0.0,0.10923577478955618,0.156450895922544,0.552810614737048,0.07346459006758742,0.27990058548318897,0.0772320049428483,0.4020235920480103,0.0,0.0,0.0,1.515523885607971,0.0,0.0,0.0,0.0,0.17696851283600587,0.0,0.0,0.050622658702035035,0.0,0.6255992512931127,0.0,0.056831097976812905,0.0,0.0,0.45776798783523653,0.5534577257211334,4.242782066006948,11.734939759036145,2.3543893083776903,2.7760732600952562,3.3836575029485285,0.6676878808469633,7.397590361445783,0.8215122891825417,2.3543893083776903,4.264586567472366,25.008095084299907,1.9598527991717705,15.490849109843388,16.874460788986493,13.585944173530187,17.538840167814843,19.04027375834978,20.07635125937806,0.0016253576552751712,0.00273990247355679,2022,8
2022-09-01,74,3.224085541181343,0.8182618718505041,2.593751975898119,0.0,1.3702609155215366,0.8941007120098342,1.8103371086483944,0.16996252951309132,0.12120718003070945,0.23199859972265272,0.07075137965190322,0.0,0.46710123943102505,0.0,0.05061241016297196,0.0,1.291416449775741,0.43515174177286536,0.4062286631624793,0.2708250575017042,0.0,0.0,0.0,0.2399488485885782,0.43422201906259283,0.0,0.14409100419933302,0.0,0.758999262707277,0.0,0.4554255123359992,0.0,1.3793272008548425,0.0,0.0,0.0,0.0,0.0,0.0,0.2708250575017042,0.5070487901476589,0.18252250222402583,0.06435006435006436,0.3455145012980834,0.20919375623101732,0.5700371018630933,0.054271138608488,0.0,0.060598715307235484,1.8103371086483944,0.0,0.0,0.0,0.0,0.0,0.06930006930006931,0.0,0.05061241016297196,0.05005005005005005,0.06006006006006006,0.0,0.0,0.061147119970649394,0.0,0.3852661821164733,0.3406763896530701,5.2618781172267814,11.68918918918919,2.149469787079828,2.7425101426068297,3.3728536382579017,0.5991431066306768,6.77027027027027,0.8231869796781577,2.149469787079828,3.322635913727352,25.97154230904231,1.9710154976873469,12.50054447570248,17.49085559173146,13.600566791582633,18.114166442133346,19.792304142436144,21.007996317641908,0.0022111974367398706,0.002693816913843565,2022,9
2022-10-01,111,3.7458730037143138,0.9034697049520869,1.844040516713567,0.0,1.5371807881371269,0.4980795465694208,1.6966014004986338,0.26847406514308475,0.30789912151380266,0.18987246229099777,0.0,0.04249532551419343,0.33820051666375983,0.08799537101423895,0.10883731813964372,0.0,1.6123800238699613,0.32056430661790664,0.7565016147598247,0.28902606484378746,0.0,0.032175032175032175,0.04249532551419343,0.4612277032518312,0.11848549964638509,0.0,0.17584216868164496,0.07324397568300008,0.349483721151646,0.0,0.4205970378659399,0.0,1.073959757695981,0.0,0.0,0.0,0.0,0.0,0.0,0.28902606484378746,0.4138969274779268,0.38241135890202493,0.1349795526502354,0.31686688426315246,0.09152097642196652,0.33225714904468634,0.0,0.0,0.07430142110276791,1.6966014004986338,0.0,0.0,0.0,0.0,0.08799537101423895,0.0,0.03264133698916308,0.10883731813964372,0.039000039000039,0.30789912151380266,0.0,0.0,0.0,0.0,0.42257421209497464,0.5508705977662683,4.786052113945863,11.72072072072072,2.232758703983693,2.7686832212867447,3.38712523755389,0.6498670510628006,6.882882882882883,0.8369172790788003,2.232758703983693,3.9822458473412015,25.79626554626555,1.9650253708063457,13.735396473869985,17.346889136098323,13.567919600979057,17.94368814177115,19.582509093105003,20.66701087429965,0.0016804342398713762,0.0021807656254765975,2022,10
2022-11-01,121,3.1460708258797307,0.9080496038287684,1.6569311256343782,0.0,0.93382161180298,0.8779943857579449,2.084310589057946,0.20520636016997357,0.22009776732579206,0.2146190822118376,0.0,0.0,0.4213912823090553,0.04861448711716091,0.11815251114622029,0.0,1.0135088710925622,0.4006552926117069,0.8359583956970629,0.09317090369412452,0.0,0.0316646084671163,0.03689492325855962,0.4445154992895992,0.2656569436605118,0.0,0.09728482756415456,0.03203280158882696,0.4575741258096293,0.0,0.2763693934356424,0.0,0.9229876063891065,0.0,0.0,0.0,0.0,0.0,0.0,0.09317090369412452,0.20176052130020108,0.3768469359709589,0.08710455977890144,0.174938691058794,0.0754956213363813,0.7254404174218996,0.038439361906592355,0.0,0.03861898509307175,2.084310589057946,0.0,0.0,0.0,0.0,0.04861448711716091,0.0,0.0,0.11815251114622029,0.038439361906592355,0.038439361906592355,0.07038173405318374,0.06995435731642918,0.0,0.04132231404958678,0.23435407916976983,1.0358149086930444,3.6949612460091665,11.553719008264462,2.134252126268842,2.7518802100320006,3.3437180609425776,0.6435406083548388,6.404958677685951,0.8121881161148823,2.134252126268842,3.781471752667469,25.169854388036207,1.971925432623127,13.827446255335442,17.039189840576785,13.567812906738821,17.566648503469654,19.153903488995287,20.155515956595757,0.0020831520410309525,0.0022756922033296974,2022,11
2022-12-01,83,3.247379246105339,0.46030020323375914,1.8935356407375734,0.0,1.1586045658996282,0.7154110130767194,1.7932687668026512,0.38538751236068025,0.328449090425227,0.21525365308640815,0.0,0.0,0.1250944277286936,0.08589505546562597,0.1324016444926626,0.0,1.1758638401794195,0.5289868212328596,0.6906654477077646,0.2932183562119047,0.0,0.0,0.049785920541670824,0.25293078626254667,0.0883410092394017,0.0,0.06924248719013987,0.0,0.1631235785432695,0.0,0.28551971090407624,0.054271138608488007,1.3906212126817397,0.0,0.0,0.0,0.0,0.0,0.0,0.2932183562119047,0.38391171825892156,0.15289765428716107,0.04688012751394684,0.28169670962769405,0.15872451063309143,0.4207334375148738,0.05020080321285141,0.0,0.08575226171590275,1.6427090727811686,0.0,0.10706441325944512,0.04349528076203732,0.0,0.08589505546562597,0.0,0.06924248719013987,0.1324016444926626,0.09784832521225179,0.2880189133410514,0.0,0.0,0.04043017708417563,0.0,0.10805554054784158,0.4290205992300293,4.556639787442292,11.385542168674698,2.0188369918103155,2.7741579234339357,3.3967158425448676,0.6069830792568038,6.843373493975903,0.8305360544221442,2.0188369918103155,4.3753853190242475,25.989151845477146,1.9720592073746066,11.755714625650425,17.498660627160362,13.684408062314818,17.96661747178806,19.818506389382403,20.7698507589609,0.0013594006144089076,0.0018467720576689176,2022,12
2023-01-01,85,3.8861785378515608,1.369054105064526,1.7636330018415796,0.0,1.427997572164971,0.7559537184236518,1.6773832214504059,0.3762830915184008,0.3573903636266267,0.3146706139482197,0.0,0.0,0.40526262630393023,0.0,0.17149318741778932,0.0,1.3382246993674882,0.32029187099294515,1.0456901268071155,0.2905454130140726,0.0,0.0,0.1580056179775281,0.7191877138017608,0.25024794719099497,0.0,0.19883207743114026,0.0427807486631016,0.37973434724904076,0.0,0.32688055089386475,0.07262164124909223,0.9843964624495818,0.0,0.0,0.0,0.0,0.0,0.0,0.2905454130140726,0.35822820161678465,0.29267718840044527,0.14675144033065693,0.3397953288030115,0.09130347494391731,0.5037024015238623,0.0,0.0,0.16094784195587225,1.5367420483882133,0.0,0.14064117306219245,0.0,0.0,0.0,0.05159958720330236,0.04113533525298231,0.17149318741778932,0.11205498164432681,0.2612153748597889,0.05602240896358544,0.04015257980325236,0.0,0.0,0.25384602201212336,0.8640101422524776,4.423698988948492,12.035294117647059,2.268822692634941,2.756896618270494,3.404198394267784,0.641451726304253,7.564705882352941,0.8792749628249968,2.268822692634941,4.833959869266774,25.61558271793566,1.9692642316701308,11.963787115134265,17.66428496936622,13.635772903472692,18.083450288621524,20.039259008347024,20.827136253546506,0.0016765945719694941,0.002541859287693942,2023,1
2023-02-01,85,3.130393182304281,0.7793920269898804,2.630598726341998,0.0,0.9824090417650243,0.5937648165066033,1.7782668526866128,0.35346234606204097,0.7025805741699371,0.5120836880564198,0.0,0.04341219882787063,0.16110511450858087,0.08636071205595541,0.13042205850542685,0.0,1.0579222349058586,0.26700882446841706,0.7784929362163128,0.09358541475943916,0.0,0.0,0.05767012687427913,0.23049733557393276,0.26795803564719367,0.0,0.22326652889447487,0.0,0.2544886664318057,0.08587376556462001,0.26785186176423437,0.0639386189258312,1.9584458136555072,0.0,0.0,0.0,0.0,0.0,0.0,0.09358541475943916,0.04985044865403789,0.2986644467552497,0.12564118886718553,0.41466754272911205,0.04524886877828054,0.2689674364958021,0.08912655971479501,0.0,0.19042195151772556,1.7782668526866128,0.0,0.0,0.0,0.0,0.08636071205595541,0.0,0.0,0.13042205850542685,0.1366795755006587,0.5498242871858604,0.0,0.15275628698407678,0.0,0.0,0.1342934311470563,0.9353667938584403,5.00544976319753,12.117647058823529,2.347138871473107,2.753949293376274,3.3953901903352053,0.6599842908996336,7.152941176470589,0.8809180297388356,2.347138871473107,3.6569606259814926,26.786689323748146,1.95784037732756,14.100898805745462,17.557481472367563,13.661090013057922,17.91629259654769,19.8454062335648,20.607173042590052,0.002309353991482605,0.0027340430208897927,2023,2
2023-03-01,117,3.5534447794993747,1.5263318643486403,1.366218564600721,0.0,1.3175258691644776,0.9897555048894312,1.8369956378362033,0.6052302838620106,0.40598806913136626,0.2309203673158937,0.0,0.0,0.43004043009929444,0.04252243058213207,0.42977847029995986,0.0,1.1450605489443968,0.5012013861900411,0.5941778220941581,0.17974332397349846,0.0,0.04940467368213032,0.22546546411847657,0.7359215383735683,0.25304965005660135,0.0,0.17002290179057844,0.09246763632728544,0.23560582242203193,0.0,0.13846974948460666,0.0,0.9921429926940825,0.0,0.0,0.0,0.0,0.0,0.0,0.17974332397349846,0.3932305995676203,0.3493901438650174,0.0438308130615823,0.35133098869675916,0.034463744141163495,0.7551706937667347,0.12330471719930379,0.0,0.07681634978222907,1.7083053903216905,0.0,0.1286902475145127,0.0,0.0,0.04252243058213207,0.0,0.08887263789224575,0.42977847029995986,0.044056745087672926,0.27947252004189393,0.044984255510571294,0.08153129357890106,0.0,0.0,0.2967918794466397,1.096537549421696,4.811967587724191,11.914529914529915,2.3030193465673445,2.7705911074713225,3.3672802758525266,0.644696346839479,7.0256410256410255,0.837282184817171,2.3030193465673445,3.5951642842776494,26.21042321875655,1.9649557297559699,13.743865763639516,17.431574232068826,13.50105918778497,17.946979501648958,19.581808708242175,20.649588345434594,0.0017708368884003893,0.001959083224823002,2023,3
2023-04-01,93,4.106934517848035,0.7312031935803789,2.267380108257053,0.0,1.7263297871367262,0.7112318792760155,2.0365266811887586,0.5650030003704372,0.5514519999172902,0.30123970016287255,0.0,0.0,1.036717462243473,0.08024394158241054,0.28330816152854776,0.0,1.1961544635305927,0.30738835332890097,0.5223243430348758,0.379558092436362,0.0,0.0,0.0,0.3529196062333351,0.1773616401623114,0.05169561621174525,0.14922633097298715,0.0,0.5526134206840968,0.0,0.4387179583517897,0.0,1.2760487292211662,0.0,0.0,0.0,0.0,0.0,0.0,0.379558092436362,0.39475024264180625,0.49366271662898664,0.2210796863225651,0.2372790491070061,0.10542104467604345,0.3648931120192208,0.2409177225807512,0.0,0.0,2.0365266811887586,0.0,0.0,0.0,0.0,0.08024394158241054,0.0,0.0529689072514434,0.28330816152854776,0.1484819900080355,0.2967711075301995,0.06400409626216078,0.11899220831130991,0.07168458781362007,0.0,0.5064477128058859,0.6882143005796142,4.566657929381203,11.655913978494624,2.1783324855570574,2.7824588755182553,3.410010235987126,0.662498524401947,7.311827956989247,0.8354696485782813,2.1783324855570574,3.669196619104074,25.785245548955224,1.993663146318725,10.875934692973885,17.64451888707825,13.689330288297805,18.130643557503557,19.743355548799745,20.937652459280766,0.0016840345768882286,0.002419301947321777,2023,4
2023-05-01,111,4.453186297113553,1.008690896559805,2.2667689011233834,0.0,1.1078363632483994,0.6225310175303717,2.360006196917192,0.5752584208246413,0.40279922562158443,0.37586374918622356,0.032175032175032175,0.0,0.4023405120014296,0.18045909417312503,0.17536853381841802,0.0,1.3977930317721627,0.7805668674625804,0.7612191802328032,0.34740029629177777,0.0,0.0,0.21008311548346062,0.5046833077952184,0.1489210377145113,0.0,0.04229581694370427,0.1027076186229103,0.5925154161405525,0.050329659268206754,0.3214560841925446,0.07818828311505491,1.2242794584070242,0.0,0.0,0.0,0.0,0.0,0.0,0.34740029629177777,0.40898669403755206,0.18471103793104446,0.08932969826824576,0.07740863671977925,0.0,0.35190673720414123,0.11516893237323345,0.06528267397832616,0.09017267397467085,2.228492786126252,0.0,0.09251337179090141,0.039000039000039,0.0,0.18045909417312503,0.0333667000333667,0.03833620854897451,0.17536853381841802,0.1477278842507571,0.25638193836573303,0.0,0.0692491433232174,0.03883193538365952,0.03833620854897451,0.5254136453488049,0.8208285038345347,4.167597417817546,11.702702702702704,2.277814395961674,2.7845550862372606,3.452148550495681,0.6670608245729933,6.90990990990991,0.8197841858983704,2.277814395961674,3.087608896172789,27.075276700276703,1.976778313188801,13.688220384629663,17.13884506719987,13.625650773947102,17.72228870233158,19.521147643629376,20.34590842896127,0.002282483240382298,0.003086083297934331,2023,5
2023-06-01,116,4.678917504251228,2.0028797582608355,2.614971213674699,0.0,1.4713523001442679,0.9753948809421445,1.9265164167181017,0.6951136714761209,0.4507115549025886,0.13403685817478922,0.033939723051859896,0.058247903075489285,0.5742512021953571,0.27859244405881634,0.26064556254429116,0.0,1.344667325300676,0.3904617857306991,1.2514685426377241,0.3526061574815262,0.0,0.05354465624330691,0.08945479367595896,1.0975611624904622,0.2970489350556878,0.06201935003721162,0.2110604876547706,0.1921903731034377,0.5507882404473224,0.0,0.5886005006713502,0.09815850333091714,1.3774239692251091,0.0,0.0,0.0,0.0,0.0,0.0,0.3526061574815262,0.5098026461738597,0.33558207335615314,0.03434537711224069,0.23901604602048795,0.18843883270924666,0.39348155083452757,0.21310032184942834,0.0,0.1803741755489419,1.8486673153392412,0.03936387970398362,0.03848522167487685,0.0,0.0,0.27859244405881634,0.0,0.08077857622912682,0.26064556254429116,0.07509708864388667,0.4014504711587462,0.0,0.04926108374384237,0.0,0.0,0.3866366711421912,0.33117367722938795,4.249935745309771,11.672413793103448,2.2073743099667533,2.7582057826588633,3.395591881410665,0.6533748637535929,7.896551724137931,0.8689135931299663,2.2073743099667533,3.8762254189405536,25.74524441076165,1.9870205183767369,11.21734876986619,17.697062452141054,13.78681796557972,18.310443708777456,20.06176593253536,21.239409947278865,0.002146979509262403,0.0030563727634086682,2023,6
2023-07-01,110,5.7142714480164125,0.9531782284696283,2.2344648066782447,0.0,1.2274419601482789,0.834555571997367,1.8093686943566027,0.7799792881923916,0.11077800699264717,0.18555073670950742,0.03969829297340214,0.09989112683723463,0.9479285626884745,0.10510072659230639,0.35930684580588645,0.0,1.9925001039473247,0.7402316012407731,0.9788533044893887,0.26521014673211474,0.0,0.0,0.11537791710205503,0.4469849439262792,0.12837302767204042,0.0,0.21484595709433704,0.04759638267491671,0.4610539157369481,0.08009766975766043,0.43173115349690827,0.0,1.2615820676867278,0.0,0.0,0.0,0.0,0.0,0.0,0.26521014673211474,0.4416161907042497,0.4475592302043674,0.0,0.0730563925075472,0.21001659736837605,0.47307095503188856,0.0,0.0,0.15146801959710238,1.7154887181236853,0.0,0.0938799762329174,0.0,0.0,0.10510072659230639,0.0,0.04940711462450593,0.35930684580588645,0.26616460116969276,0.038358266206367474,0.03469812630117974,0.0,0.03772161448509997,0.0,0.17243338671910102,0.8741453452538203,3.6167944338437845,11.927272727272728,2.2987274645662557,2.7613947207389957,3.3135222856357993,0.5960699566446498,7.236363636363636,0.833347794109434,2.2987274645662557,3.5319745466368646,25.318454676636495,2.000602409524228,11.148345043271338,17.55898139381185,13.768956619786497,18.094854217076513,19.887267678744003,20.935356183999595,0.0020006883867373392,0.003621678171924354,2023,7
2023-08-01,123,5.070319830675921,1.8345313734120012,3.43401167399417,0.0,1.2831159405165593,0.7125488678602355,1.7565981055142992,0.7022795772675207,0.2913344431305533,0.25035220484815934,0.04190763557120108,0.0,0.7393543289062615,0.19295189872552032,0.42566096885903043,0.0,1.3275424407728502,0.6037920020532825,1.2282965955845064,0.2604617553551093,0.0,0.05456430403230207,0.16216212321641119,0.955938985744769,0.37434994817423334,0.0,0.2294440029527642,0.05807200929152148,0.791943171865771,0.35954672663985304,0.45022951791236554,0.1468625345188714,1.6854297230573092,0.0,0.0,0.0,0.0,0.0,0.0,0.2604617553551093,0.31116901361154653,0.47634560145115884,0.030564215416590258,0.2045753546821545,0.16494604013177866,0.3449682309490186,0.0322622273841786,0.04987779939149085,0.1204945700037689,1.7144733319349574,0.0,0.0,0.04212477357934201,0.0,0.19295189872552032,0.0,0.08366670968296985,0.42566096885903043,0.0,0.2913344431305533,0.0,0.0,0.0,0.0,0.26982496950265633,0.27983739697495574,4.376317671438438,11.869918699186991,2.324917057041985,2.7677662378994414,3.4167641219100644,0.6662547103781187,6.951219512195122,0.8346421179540633,2.324917057041985,3.5632125204601905,25.62094647495803,1.9782468585718456,11.741361954919345,17.627633847162528,13.703042426833,18.050132871022036,19.857958881582192,20.89572056346579,0.0016157353197136255,0.0032428448643513387,2023,8
2023-09-01,119,6.398554819687224,2.255618187508207,3.040278030358441,0.0,1.6071177669467198,0.7845443885195585,1.4328273360921049,0.9149175969741519,0.40558835562401785,0.7985927782455203,0.07574438045788161,0.038725167486349375,0.7592243094595448,0.2950716724848434,0.41887035863158206,0.03890445066915655,1.5546439629862272,0.7239160331937323,1.3328264836940125,0.3620352223783738,0.15725340056829198,0.4611338294328039,0.16784413899153333,0.6231775150599251,0.27755963041311577,0.031473263462688444,0.48969979181409795,0.04747661776575037,0.4532267729218206,0.04747661776575037,0.6550128334650329,0.22689262141316005,1.657669184792677,0.0,0.0,0.0,0.0,0.0,0.0,0.3620352223783738,0.32702957304649505,0.5225304853763786,0.040595948524337275,0.35492653762113485,0.09740746106714794,0.4128293697531105,0.034440005510400884,0.0,0.23986755218889916,1.364320564863807,0.03982635708311761,0.0,0.0,0.028680414145180258,0.2950716724848434,0.0,0.0696351790046783,0.41887035863158206,0.131340386853048,0.2773268844909632,0.0,0.12826147113305467,0.0,0.0,0.25720078241086647,0.4299687958830773,4.645639735272581,11.899159663865547,2.263166755420035,2.7594420759019984,3.4182781288510067,0.6507944348429795,7.117647058823529,0.8778810860727189,2.263166755420035,4.27683438266648,25.898594286199327,1.99957344535803,10.054929702455038,17.841519303403587,13.746923517440008,18.308335472763176,20.16834460403802,21.34555478004493,0.001906210226424147,0.0026904180039565174,2023,9
2023-10-01,113,4.643212708382498,2.2243323515993625,3.213507303553199,0.0,1.9216875955293324,0.7695512102581988,2.0293294299785725,0.6409749341485182,0.4702018753289431,0.2372641559696263,0.041160732661041366,0.03364850768868401,0.5761120721790824,0.07835301952949011,0.39099661876980063,0.0,1.1707626600860885,0.9234510140220666,0.7872406317202695,0.40422329575634847,0.09999354046896196,0.13518718679238562,0.27098449387155643,1.1591894986107403,0.3846190297866867,0.0,0.1409640453817715,0.03339455668725998,0.45544679116481623,0.1894177028960712,0.6996118666274477,0.3339012115240454,1.5351297313408185,0.0,0.0,0.0,0.0,0.0,0.0,0.40422329575634847,0.4746570729191068,0.4964223008696749,0.0850918992511913,0.461293026733011,0.0,0.47234519827264193,0.0826143573354039,0.0,0.214591654650153,1.8433993533385857,0.04275148561412509,0.14317859102586158,0.0,0.0,0.07835301952949011,0.0,0.11733353190981716,0.39099661876980063,0.05429176393941039,0.26262945330505943,0.0,0.16975380013446525,0.037818621889418355,0.0,0.11712259980373574,0.0,4.28377946337442,11.610619469026549,2.220174471395188,2.7513819228580405,3.3631540042593113,0.6003436773681129,7.283185840707965,0.8657685712429132,2.220174471395188,4.435172228057051,25.14793445174757,1.9961542894631061,10.767663442799142,17.416215553016055,13.821609007190347,17.95519974885896,19.820538678176515,20.738065505615932,0.0017416308760206986,0.003809315310890353,2023,10
2023-11-01,150,5.4099874839700215,2.1281794273631043,2.9602583239781852,0.03072196620583717,1.4568238888438918,1.0063508408775286,1.727014891690433,0.6420108792563591,0.4212752522476485,0.1826963575025085,0.0,0.09857287315562595,0.8066860747479115,0.11849151119049552,0.3349490618901262,0.0,1.1499753981791405,0.9615471660401611,1.3843474118388404,0.37272162942521175,0.07137237270990222,0.1802819973000117,0.12337755806565501,0.9846348323075561,0.4897778697636601,0.0,0.24801283101048185,0.03072196620583717,0.3701722445677754,0.19744636236651694,0.6869956056741289,0.25882109755493166,1.4468230138148324,0.0,0.0,0.0,0.03072196620583717,0.0,0.0,0.37272162942521175,0.4156660619953153,0.2862221775026257,0.14188289003835575,0.2403311298823834,0.1665135638281866,0.4052570454430119,0.03787878787878788,0.024330900243309004,0.37237054348423326,1.6391985078155242,0.0,0.0301659125188537,0.05765047135605511,0.0,0.11849151119049552,0.028011204481792718,0.05849753694581281,0.3349490618901262,0.10206156474813191,0.25151422126278505,0.03072196620583717,0.13903906477902622,0.0,0.0,0.1744069495212428,0.40402104440118713,4.767683798194682,11.733333333333333,2.1909582150821985,2.727864458423712,3.3267365745967803,0.6297017889302967,7.1466666666666665,0.870979607896226,2.1909582150821985,4.727421418944576,25.386883486883487,2.0010255938696226,9.913378953320178,17.766406058470288,13.721018570565088,18.33387994383075,19.994258912660094,21.291567999930532,0.001686294625869536,0.0035282980680335033,2023,11
2023-12-01,114,4.340758499827039,2.1299637235080597,2.7568195431774543,0.0,1.564562759231514,0.7820918818335117,1.732535668136254,0.5291506361631906,0.4093328733472457,0.040990326282997216,0.0,0.1049632628579997,0.6107732356833003,0.0,0.3579027004647891,0.07270509521513346,1.2857218152054906,0.6278690155952927,0.8878829797039286,0.3519500688181073,0.0,0.21998490141976879,0.2840526620895761,1.3165488325310264,0.1535545192581806,0.0,0.09336066615814899,0.062462142051359,0.38990135972901047,0.17406703257513645,0.8508402371944034,0.21903519853479816,1.1229757151441058,0.0,0.0,0.0,0.0,0.0,0.0,0.3519500688181073,0.3531524727390477,0.28175896915090853,0.16123382912054934,0.41646741940290105,0.03480924533556112,0.4657171311441043,0.0449842555105713,0.0,0.236581249843275,1.6608907342353911,0.042789901583226354,0.0,0.028855032317636194,0.0,0.0,0.0,0.04873294346978557,0.3579027004647891,0.12251499222861592,0.24760223237871087,0.0,0.11851916400025211,0.04321147696828278,0.0,0.21885169467334006,0.46483482991052044,4.014816874927087,11.93859649122807,2.324485876704824,2.743104462434345,3.3460653331774917,0.6575371182442965,7.140350877192983,0.7940850460751462,2.324485876704824,4.3220651560406385,24.974183990960306,2.0042784928086292,9.949067026116223,17.69444887916474,13.812777698005357,18.18313003043237,19.889568622848824,21.12762982696885,0.0022689047488504343,0.0032887901101292896,2023,12
2024-01-01,117,5.558299140303521,2.619493336088314,3.5054152531186937,0.0,1.706555105123987,0.5577068529939803,2.1257474128992264,0.6377607999478071,0.7486924751333554,0.5427596349310166,0.0,0.04546281142025823,0.6230714582872214,0.19129153059345508,0.35184232822773204,0.09528174260070334,1.468331543927052,0.36631564866297794,1.3320077167469881,0.5419347249061153,0.0,0.21743988023294844,0.266828639583213,1.389397466826387,0.3854363376070719,0.03312794010468429,0.20696105802386092,0.12030201371014836,0.44958469633858733,0.11011411482797985,0.6046067989096944,0.14014918434939833,2.200960458693034,0.0,0.0,0.0,0.0,0.0,0.0,0.5419347249061153,0.49312017878080744,0.25721248932492874,0.22978533097222245,0.18450238113991307,0.0,0.26425238088979797,0.03130772361541592,0.0,0.26214674848876635,1.892986737213843,0.04360718646432932,0.1450967441333811,0.044056745087672926,0.0,0.19129153059345508,0.0,0.09462694112662,0.35184232822773204,0.0,0.4061432432070435,0.03287310979618672,0.14477300654558653,0.11521120542751226,0.04969191015702643,0.7274003675522757,0.31354138229460105,4.33174433105959,11.555555555555555,2.198670080529905,2.7493005356641507,3.401309577521061,0.6240881117445959,6.982905982905983,0.8661812068212889,2.198670080529905,3.413000453966753,26.059267607985557,2.0161744052421615,8.255605619913347,18.113858189489598,13.849386557662449,18.425613070228437,20.441831305638605,21.507194241859104,0.0017835271111328677,0.0031401463430738826,2024,1
2024-02-01,148,5.2127361514984,2.2734044566433327,4.106497332021749,0.0,1.2347536175452056,0.5876014690496615,2.0341261012941554,0.6833947780743831,0.3627806355989366,0.4091046382582022,0.030994297049342923,0.12331189997648873,0.5991475200246288,0.15020084893338062,0.3461716958264722,0.0,1.0158106408191059,1.1979390374751724,1.0733149622137523,0.266740610921854,0.09661342880285914,0.3092871261225271,0.29164360109454385,1.0195561071144519,0.4158707944090125,0.0,0.08754859501128158,0.05288480408865641,0.9293029341299931,0.1952741574325554,0.9815821844230107,0.3029962718515934,1.6973417841845955,0.0,0.0,0.0,0.0,0.0,0.0,0.266740610921854,0.45360439388409246,0.3065388726941563,0.0373301478273854,0.1705395922177173,0.06359857138403852,0.2378239379815403,0.0256910903298736,0.0,0.2604878693542091,1.917137680421741,0.0,0.06618573849078435,0.0,0.05080268238162975,0.15020084893338062,0.03217503217503218,0.060175697024038265,0.3461716958264722,0.09467150411545971,0.24304795138128474,0.0414524954402255,0.07828018877742635,0.0,0.0,0.0,0.6587135988377648,4.697580658093342,11.5,2.185938657379705,2.746506546213047,3.399065840775084,0.6568930041413709,6.554054054054054,0.8146296262259848,2.185938657379705,4.374086681269886,25.734149221649222,2.0085869262463394,9.5737667506118,17.696119110049235,13.863560348645512,18.121706940582634,20.141053212312457,21.05053370186487,0.0012641892319506666,0.0033958141470209246,2024,2
2024-03-01,129,6.370753609328366,2.527961459724961,3.549972577062733,0.0,1.8496697815809524,1.1593887557969556,1.8225354706783654,0.8841320056010374,0.27989117553010834,0.3773918097025946,0.0,0.029475049370707697,0.9557391855744456,0.2579923082756778,0.4643566882068739,0.0,1.2067218007460951,0.7934565104211478,1.73765833272603,0.5479619243047938,0.0752364036515885,0.22445227229174614,0.06957447409263419,1.6332753448415396,0.2999207231739904,0.0,0.22550224167346244,0.0,0.5190313747592068,0.282534012750047,0.6636367580624657,0.0721245294397679,2.0126459020512457,0.0,0.0,0.0,0.0,0.0,0.0,0.5479619243047938,0.6142828758979691,0.30858881953487427,0.1252907267887652,0.25354543505454985,0.12032942683144893,0.395133079780423,0.2853659716221864,0.0,0.35856027756289716,1.7923722878593145,0.0,0.030163182819051067,0.0,0.0,0.2579923082756778,0.0,0.06501020144837973,0.4643566882068739,0.09677280767010592,0.27989117553010834,0.0,0.0,0.0,0.0,0.13549435193360937,0.7253002036744871,5.660400835293787,11.922480620155039,2.290435155356109,2.7580356567363173,3.435464719946827,0.6509888730461716,6.682170542635659,0.8166999820545545,2.290435155356109,3.8096637097837482,26.433877879226717,2.0164046621814395,7.935383407214147,18.17311928279626,13.942903767865712,18.53684050269436,20.69927195654144,21.643430690712815,0.001735148999161178,0.004315105551522206,2024,3
2024-04-01,105,5.911615744580282,3.3108032799718887,3.4174488776892784,0.0,1.7627489737198405,0.6864121630087182,1.6287282463307393,0.695204688652625,0.2734813476678641,0.28216341843404236,0.08003201280512205,0.07919735768815714,0.37900059752119114,0.24357132739867904,0.4096782532195426,0.0,1.258444638028351,1.1683990814703245,1.593337166709806,0.4177918913050669,0.035404496371039124,0.4985337960889418,0.21393994303343616,1.931434857007012,0.21431195290960506,0.04270766602605167,0.27071284145969043,0.10375772707611272,0.7173250369006791,0.2278943124685934,0.6871728136039933,0.16080205196761563,1.6242546627483974,0.0,0.0,0.0,0.0,0.0,0.0,0.4177918913050669,0.6674925752597926,0.3881360961389531,0.1309838017775251,0.15834460923850288,0.05635390250774866,0.3608728291622012,0.04270766602605167,0.0,0.2264777653127168,1.4966603062657966,0.0,0.04623208506703652,0.03648969166210545,0.049346163335800636,0.24357132739867904,0.0,0.0,0.4096782532195426,0.041955108034403193,0.18800413663977067,0.0,0.08547721102809344,0.0,0.0,0.09383063570255688,0.5694659521282925,4.94541636706958,11.380952380952381,2.062120637681148,2.7629064917755506,3.356074600373847,0.6188265661367837,6.876190476190477,0.7934747701920831,2.062120637681148,4.329005568593018,24.526600674457814,2.0274874999299404,8.834514072599571,17.591857704846667,14.038613595596344,18.02163118558123,19.796383182983824,21.01192862264992,0.0018732169578460456,0.0037491524397088743,2024,4
2024-05-01,141,5.793251148193462,2.8242879274967656,2.9363474661727538,0.0,1.2353635368598896,0.8798688048855914,1.8433514077165563,0.83597294478981,0.33219278911827566,0.31273344017425964,0.0,0.03223726627981947,0.4504978089459142,0.32087484366031827,0.38846990900177947,0.0,1.2411441137675607,0.8554036444257326,1.7619840133253473,0.4299061086127305,0.07344270473515734,0.22401108720068771,0.09262645602812976,1.186839108171848,0.5530919740927968,0.03528457005751385,0.658992027210632,0.0,0.7564128074965982,0.1140739551532372,0.6585583115882035,0.22105000119854112,1.1862523907361737,0.0,0.0,0.0,0.0,0.0,0.0,0.4299061086127305,0.36401241906617093,0.32159082846216636,0.02848272522714973,0.09137145549167226,0.03209139629665287,0.5100693485924096,0.07308560929880509,0.0,0.26462245069772383,1.7504022454705392,0.0,0.0602662194738497,0.032682942772167205,0.0,0.32087484366031827,0.0,0.030970299482795994,0.38846990900177947,0.09565789264491635,0.16458740674639666,0.0,0.07688517555924278,0.05471919878441142,0.036001008028224785,0.3975221450956947,0.38033037366713923,4.896126438247738,11.75177304964539,2.2360992301475036,2.7446134715967156,3.4115069620248657,0.6358186165093573,7.042553191489362,0.8004030910061464,2.2360992301475036,3.7872437505227077,26.638441030994223,2.0288467780416117,6.1596680809364015,18.491203562413805,14.01859216323446,18.527655738190887,21.00054004728721,21.94612972194481,0.00144600828679263,0.0035855369534994225,2024,5
2024-06-01,137,5.581928641907422,2.4139582166552054,3.7514787813540957,0.0,1.4484157689619626,0.8606615999388751,2.269703770600992,0.7057350734020092,0.49451816281507494,0.4787874734747856,0.13981396832663093,0.07205755380937864,0.8894997936316559,0.1420933395461086,0.503889393081662,0.03631477648255075,1.074049618491891,0.7340044038753423,1.137163515824978,0.37425480536243816,0.02465969619254291,0.25583677105320035,0.08129013279259675,1.4680363231263514,0.2152546534654693,0.0333300003333,0.21836915199504636,0.117181487696698,0.8618433060681611,0.30857644778230564,1.021912910237115,0.23138233182454945,1.327763785441965,0.0,0.0,0.0,0.0,0.0,0.0,0.37425480536243816,0.5467064345155207,0.28223813941320486,0.05652162219898191,0.188694767471817,0.1392839403865603,0.26156161016552065,0.09073016651239721,0.0,0.369085882874397,2.1943087784546367,0.07539499214635498,0.0,0.0,0.0,0.1420933395461086,0.0,0.0,0.503889393081662,0.05975234077423859,0.3435397799845835,0.0,0.08355292198674526,0.0364963503649635,0.03092911047878263,0.16944149872464428,0.4650317495879989,5.5495449813729785,11.576642335766424,2.2082496723140888,2.751660310547638,3.383262340784234,0.6371106819462735,7.226277372262774,0.826102116822762,2.2082496723140888,3.221506815745158,25.26037935396029,2.0062397998499995,9.796938588327285,17.728929808374843,13.935688952729496,18.237861849139723,20.201468424758435,21.169814431681235,0.001937819077998371,0.0038228185878694297,2024,6
2024-07-01,145,6.146273237133983,2.655261444078401,3.2706120045135667,0.0,1.6749419659521039,0.8274343976163313,1.6897098823517374,0.5647127634932478,0.20042872459864974,0.4983775700207767,0.028034763106251755,0.0,0.4708399363984314,0.2057432296022239,0.2244139852702252,0.036107600649936816,1.3872745721401354,0.685527708530653,1.9814010091776677,0.6285528622376809,0.03092624091541673,0.18080077159117774,0.18192165635685253,1.4385504038112618,0.37756393004773947,0.026834831611431638,0.4186636097445215,0.0,0.6784203181157741,0.13618888717649247,0.9509370388442628,0.12139132117594853,1.3836744392010887,0.0,0.0,0.0,0.0,0.0,0.0,0.6285528622376809,0.5858811640196757,0.2743106430099165,0.11253834825274252,0.07365894843208817,0.12498780834724077,0.2982501094658973,0.0,0.026525198938992044,0.37767128086420115,1.6536022817018003,0.0,0.036107600649936816,0.0,0.0,0.2057432296022239,0.0,0.06777611290703045,0.2244139852702252,0.06677943571376822,0.14328539617060967,0.0,0.057143328428040055,0.0,0.0,0.3248366330078398,0.5057167881330007,4.705918719654517,11.455172413793104,2.09453069237371,2.746827397841916,3.3916207466974737,0.6682658512027034,6.882758620689655,0.8103495367409772,2.09453069237371,3.44965315484587,25.124061876820498,2.0156559674783123,8.68282203628495,17.8203829813346,13.898216549410694,18.22257999467506,20.08417877480247,21.297862795846157,0.0022246308647904185,0.004077959658898331,2024,7
2024-08-01,109,5.5603928929310165,2.1377866571260418,3.435917878004523,0.0,1.2828577668842736,0.7330045482092876,1.9200149651062894,0.6103646994706718,0.4253951615094166,0.6292002178175528,0.0,0.0,0.8597363558761476,0.19401020215083298,0.2707272936287472,0.0,0.9526003773293724,0.5187417971608697,1.8159254919596102,0.3194511570078834,0.0,0.14260673172944247,0.03822629969418961,1.508433618603982,0.22487479563618423,0.04227793514564748,0.03542205377067763,0.14594522254591807,0.8525296726544817,0.09617600306200959,0.7392838349590668,0.09100097538909542,1.6569273919398693,0.0,0.0,0.0,0.0,0.0,0.0,0.3194511570078834,0.26662907883543663,0.3270819534613496,0.08780996460160803,0.281885612977996,0.0,0.28777287047205885,0.13333362672354526,0.0,0.3118980510136836,1.7551527770442301,0.0,0.12888449423223394,0.035977693829825505,0.0,0.19401020215083298,0.035285815102328866,0.03775437006833541,0.2707272936287472,0.07258701852042744,0.17232147314545007,0.0498603909054647,0.1653029175964956,0.037910379862006224,0.0,0.287935704413132,0.4393945716258344,4.606818149803831,12.01834862385321,2.3941869273759564,2.7383548959067308,3.3329433306902314,0.6262688116895111,6.7889908256880735,0.8263362022554656,2.3941869273759564,3.4922998559407454,24.780821777610768,2.019731502385267,8.480393432363677,17.8954373826155,14.0183124936673,18.226277732656882,20.41769781144844,21.23779396462338,0.0017720517479753216,0.003968455659839977,2024,8
2024-09-01,135,7.011200377276487,2.9425996227588023,4.251219942428443,0.0,1.6438665712601488,0.5608219466545944,1.6353884758661532,1.0419515370878607,0.29786414531562394,0.5656057360878974,0.0,0.059741041854863,1.1001230496382022,0.2139399007802824,0.6345541867335635,0.029278290147855365,1.2592703681465334,1.1305100954210723,1.6560840262010355,0.3620936822651827,0.07169562725118281,0.03429355281207133,0.0773726974277006,2.1607145196262154,0.1520757649702523,0.0,0.33149156526033047,0.11495589541104936,1.0100874419689836,0.13929737242995513,0.9446261338537298,0.24768999697873434,1.9095189971970394,0.0,0.0,0.0,0.0,0.0,0.0,0.3620936822651827,0.5124564561361247,0.26517685758202614,0.13398202648151553,0.37015754879529983,0.04600874166091557,0.17300614852789706,0.04600874166091557,0.0,0.29579831480486624,1.5316430405145771,0.0,0.030111412225233367,0.029278290147855365,0.044355732978487473,0.2139399007802824,0.03561253561253562,0.035784576847378784,0.6345541867335635,0.12206033711410055,0.11323972821310693,0.06773794693706171,0.08839644167542676,0.02849002849002849,0.0,0.30932751337735764,0.22718272836406048,4.512866359767679,11.622222222222222,2.132862157306261,2.730449888077183,3.3710131734148043,0.5992822396910984,6.851851851851852,0.8026276035730342,2.132862157306261,4.2285562968314885,25.640318652540874,2.033973911982465,6.52718376684398,18.31873608224893,14.05127697768534,18.58622759257149,20.684662522096684,21.770870500377768,0.0010093833796567385,0.0041780357292867535,2024,9
2024-10-01,192,7.141092368770825,2.66432924191223,3.844275694668015,0.0,1.1834782264432055,0.4224590485814388,1.7324608706514304,0.9209742582027952,0.2679002015231165,0.27423924757105717,0.05392905524923852,0.023045722713864306,0.8130398398536212,0.18415529566000044,0.5804488349962523,0.0,2.2092260909013786,1.0242406908286918,1.5191646731688044,0.45960291782791646,0.0,0.131520904258,0.23750591382240147,1.7164707282971767,0.34976864507760347,0.0,0.22906305045704833,0.0,0.9974607082406658,0.10742149423709045,0.7585871768644007,0.0444452025715672,1.9363611127542912,0.0,0.0,0.0,0.0,0.0,0.0,0.45960291782791646,0.4041388203030501,0.062431268328445755,0.09501243000186932,0.1622927899819239,0.0629844619396309,0.1121282352306156,0.07405702101816646,0.0,0.17328933039302577,1.622331012293578,0.0,0.05281878476679503,0.023045722713864306,0.03426535087719298,0.18415529566000044,0.0,0.0784608693976827,0.5804488349962523,0.0779092581488597,0.1842694613860918,0.0,0.08363074013702469,0.0,0.0,0.3794478932028529,0.2908623811425731,4.7792835147874015,11.260416666666666,2.081445570737174,2.7335998459855126,3.413290586755681,0.6487182217684841,7.0625,0.8012791585888023,2.081445570737174,4.456180118259825,25.034113297003923,2.05628693186926,5.525189133411057,18.222953686449078,14.284635044688573,18.475951408060222,20.792199551851635,21.661114045028842,0.0016733321906550536,0.003751356721430199,2024,10
2024-11-01,163,8.455057769725178,3.9730785387408663,3.4661947399158675,0.0,1.6283872386634743,0.6844024442624623,2.179715981777465,1.0576654386779831,0.2890313862678881,0.5954194673961538,0.0,0.053441103912756346,0.9291509334540697,0.13152133632886084,0.7915733392845061,0.023778950872687495,2.371660658991994,0.874034615458894,2.031028694935516,0.6534486690897395,0.0,0.3235061300096983,0.2676933732766797,2.3441963433330857,0.17116735692142684,0.03858471273681368,0.7477349450101769,0.08019567745298528,1.015885377577382,0.11908457422411937,0.7735254740793848,0.09539592966534986,1.462303384369632,0.0,0.0,0.0,0.0,0.0,0.0,0.6534486690897395,0.44964454939133836,0.14084294493457744,0.059568423877337635,0.3248826513704817,0.0,0.3504268856870592,0.022308979364194088,0.0,0.3116665792112091,2.1436279269236214,0.0,0.0,0.03608805485384337,0.0,0.13152133632886084,0.022891676586393187,0.02545630425374844,0.7915733392845061,0.08622278222447465,0.1587140751600911,0.04009783872649264,0.06644052150861686,0.023778950872687495,0.0,0.5147766918994043,0.39239980921758544,4.959957120744724,11.306748466257668,2.082757942124333,2.757603699916065,3.4379059159711973,0.6370145996569528,7.613496932515337,0.8800315005017351,2.082757942124333,4.795435772722208,25.545763421990415,2.054786207838736,5.722317799055045,18.291846843788747,14.339189597758299,18.547903906940164,21.020632787039442,21.71932931980818,0.0016409492945127632,0.004448307184552265,2024,11
2024-12-01,124,6.006925998864385,2.9846798893010673,3.16897005950402,0.0,1.5709409612037328,0.5047547872050904,2.3649309748176868,0.6999275011128011,0.33954897930103073,0.31055086203495585,0.0,0.08154853098190154,0.6904125312270921,0.1905426280809919,0.4412240531747627,0.036993193252441554,1.384728136515885,0.6991662239137123,1.6431342038470038,0.5286256358356385,0.0,0.18547040461486466,0.1568548637250832,1.9780015595921439,0.31985694735977155,0.036163749457543755,0.2614456428712402,0.0468867216804201,0.6201354474261812,0.1765978334283829,0.4775213619131193,0.13336957725345233,1.7613458394828845,0.0,0.0,0.0,0.0,0.0,0.0,0.5286256358356385,0.3908495527106268,0.40521094677184666,0.0,0.24625482588562078,0.06067740114023424,0.15929463793952248,0.0,0.035370684776457266,0.2494120633488764,2.294930185220928,0.0,0.07000078959675901,0.0,0.0,0.1905426280809919,0.038402457757296476,0.029758362099750028,0.4412240531747627,0.0,0.1977480157558754,0.03992334717342702,0.06696629113782245,0.03491132523390588,0.0,0.10782189929504848,0.23251767207329713,5.217019181273495,11.483870967741936,2.1897448612377475,2.743029261153127,3.41985089308972,0.6163326150995101,6.943548387096774,0.7819955827365023,2.1897448612377475,3.8987893178424438,25.184641098149164,2.0372956419076225,6.855482262273343,18.077809140250924,14.18872651342947,18.361193822783765,20.64493599374916,21.456059975986218,0.0017215856030621173,0.003686479810591677,2024,12
2025-01-01,112,6.997625562368444,2.6250682251929063,2.8569827067577984,0.0,1.550818268287239,0.5224297295460169,2.084475752069726,0.8671695253638642,0.40090482669706967,0.6296398290542662,0.043342579750346735,0.0,0.9600098963457872,0.3702430693925393,0.3748973478205539,0.0,1.8239944748686063,0.5085060921653581,1.7949091509531632,0.49208312201782267,0.032467532467532464,0.5029387032870014,0.10892406308278102,1.5576568056316922,0.14931138920459228,0.0,0.1566290537378973,0.11714067778141003,0.5037407457613584,0.1341540404040404,0.47379883030560715,0.08015585461237636,1.6651332356744162,0.0,0.0,0.0,0.0,0.0,0.0,0.49208312201782267,0.606797081725153,0.1557795457230155,0.0856574138531152,0.2105011049681324,0.11439732142857142,0.10755126427103197,0.046992481203007516,0.0,0.25348866264340586,2.004397323742346,0.0,0.04749240121580547,0.0,0.03258602711157456,0.3702430693925393,0.0,0.080693129314792,0.3748973478205539,0.04133597883597884,0.2451878968519314,0.11723170817026145,0.0,0.03848522167487684,0.0,0.5049063698010823,0.32029066655947863,5.76576962671609,11.589285714285714,2.2270203504928614,2.7517906819498044,3.4319608761476452,0.6462601291024919,8.080357142857142,0.8565165388478384,2.2270203504928614,5.05678664930842,25.288573232323234,2.0598408648810804,5.688754581375475,18.148497357929152,14.217830181807246,18.45195245083784,20.673667682479824,21.65234729585085,0.0013567723970624049,0.0038446618414116687,2025,1
2025-02-01,147,7.423754977522086,2.5940684243098135,3.354428346964005,0.04148000663680106,1.4803689728026308,0.6722762034222342,1.8629905220708838,0.7622671266036258,0.5770078909273993,0.36176297430379173,0.0774732399089459,0.035430839002267574,0.9540948857497474,0.31466727299602115,0.38659487517512897,0.0,1.8909686577969187,0.6637083395892832,2.211744178209888,0.5273097147900934,0.09143025026102394,0.23008580837838824,0.03010053578953705,1.4814748171577614,0.4148041086376811,0.0,0.31607236829588475,0.03010053578953705,0.6244109223728115,0.12377804933587419,0.850901177936328,0.2706188696986664,1.484719327620325,0.0,0.0,0.0,0.0,0.04148000663680106,0.0,0.5273097147900934,0.4018165123178107,0.21106691063580243,0.16938908784385753,0.17078674721506676,0.053564732979806094,0.2521570034502633,0.025574139430208174,0.0,0.34098032756195645,1.7532608100596274,0.0,0.04225292601512654,0.06747678599612979,0.0,0.31466727299602115,0.0,0.025574139430208174,0.38659487517512897,0.035430839002267574,0.25369969158126526,0.10298483747160099,0.15870896634727377,0.03524725952557189,0.026367136001687497,0.35775757648009415,0.8470913245889303,5.506815191480229,11.224489795918368,2.059596427681509,2.7474326518643433,3.445270214590187,0.6663390939965457,7.54421768707483,0.8464533995767154,2.059596427681509,4.928972542594263,25.678729320566056,2.0745866369532915,3.2653002071308377,18.71867811784693,14.438906382460623,18.876987181820756,21.495043404719294,22.293501229949186,0.0012560314338308828,0.004547512567858315,2025,2
2025-03-01,156,7.925095506251405,2.6150890384940944,3.1003218914766517,0.0,1.3686959967953405,0.40899595719224746,1.8004951968009608,0.8314755288333577,0.32106397119463587,0.32149401642875813,0.03427944604415193,0.0,0.7595966658553446,0.11162611670569092,0.5219549427024459,0.0,2.3296164281030936,0.9063570714236155,2.337897891497161,0.6022729274911444,0.02648866285229922,0.3396112206101475,0.06365665240379495,1.4711564526922398,0.39780421532843907,0.0,0.2752804473619405,0.041091387245233396,0.7845919891587835,0.08443743300711641,0.6791333983240666,0.17374877530708385,1.3784102956796012,0.0,0.0,0.0,0.0,0.0,0.0,0.6022729274911444,0.31808832290378386,0.09882299155609334,0.07970738971665756,0.2698043651276614,0.06908583442234424,0.11365150045207366,0.03601267646211466,0.0,0.19024594585571486,1.6731224775289901,0.0,0.06987122371737756,0.029137529137529133,0.02836396641706376,0.11162611670569092,0.14161109745878359,0.0,0.5219549427024459,0.056283371966437346,0.1678566247243447,0.11211595922505777,0.041091387245233396,0.0,0.0,0.5636061905225389,0.5855132640123217,5.884746342056992,11.403846153846153,2.1398777372513584,2.75246794487192,3.3829947916077354,0.6342512328152571,7.032051282051282,0.8145773826131588,2.1398777372513584,4.755772332742479,25.118883502537347,2.088150795367867,2.6699402787607087,18.637403149054467,14.487903839855054,18.763962835182458,21.30592127118225,22.139177071647776,0.0015726774172046363,0.0038353250864135912,2025,3
2025-04-01,124,6.795207402835666,2.388878747633674,2.973010989980036,0.0,1.0114241197813627,0.4523532596047383,1.826613206275836,0.7653206692754817,0.5537591677715782,0.6871491962924554,0.0,0.0,0.5670956177548437,0.3107297957186197,0.3852496414285833,0.0,1.9586813726179348,0.661660953458655,1.8723158756279772,0.3523249499365959,0.0,0.2679848451856697,0.03461165720614703,1.3973567435428602,0.2648090780387964,0.0,0.37208728734386376,0.05202913631633715,0.33265086030890073,0.15102534776444995,0.9368433377352294,0.1753580850875336,1.3771333590839223,0.0,0.0,0.0,0.0,0.0,0.0,0.3523249499365959,0.26647984112071094,0.11445970026035454,0.0,0.2781596284637014,0.0,0.13573034600436162,0.0852296175612487,0.07883036159883852,0.15256293444028948,1.6570393441722078,0.0,0.0,0.12268714042320793,0.0468867216804201,0.3107297957186197,0.0,0.04012197079120526,0.3852496414285833,0.0292192613370734,0.3660281950018621,0.03600230414746544,0.11200198818366813,0.03972668043858255,0.0,0.42230678843922403,0.6989546760220376,6.004631299400566,11.846774193548388,2.2910113664286573,2.7328953237237563,3.445609789613086,0.6524482583761253,7.935483870967742,0.8443228446693462,2.2910113664286573,5.342465585213983,26.253392004500874,2.0672105875951874,3.119303675408116,18.69381493303179,14.415010130340304,18.797557095107983,21.44513351014584,22.126060640067422,0.0016133703013039838,0.0034395286864617853,2025,4
2025-05-01,204,8.075034421797758,2.8067249829972543,2.776234479653592,0.0,1.1414845850556035,0.30477447396538027,2.010286525996876,0.9080699161459501,0.5084223346660769,0.49226628258424115,0.0,0.01984599507819322,0.8839868174829943,0.3341844285657329,0.510956959974712,0.048279548103429756,2.417852577469758,0.7990664610026564,2.284055377160271,0.28453997437576906,0.0,0.22711727039135093,0.09821101218655008,1.4503250329608677,0.4365661787788977,0.02312245652978172,0.5202434811863733,0.05113955096343261,0.4009341592128628,0.11253968350767518,0.9844132105228528,0.07009871125751883,1.2082487151526826,0.0,0.0,0.0,0.0,0.0,0.0,0.28453997437576906,0.3226989631816305,0.23172056793856763,0.039749951212333524,0.2627751283473028,0.0,0.2494782010228082,0.036936869256003806,0.0,0.01835940368656826,1.964403914334365,0.0,0.017382839660686968,0.028499772001823985,0.0,0.3341844285657329,0.0,0.01984599507819322,0.510956959974712,0.043082532527312055,0.3959892322506515,0.07332212513355929,0.021220609455903573,0.0178903678259625,0.0,0.41679376902773446,0.6278208302663043,5.91513710471993,11.161764705882353,2.0475243770908436,2.7509837014416885,3.461271825819389,0.6570777188216697,7.676470588235294,0.8470393726430328,2.0475243770908436,5.50034172906906,25.511880004527065,2.1012003267714023,0.891786789755935,18.9144200011717,14.611728508225363,18.98054573210829,21.663854871626892,22.468846839191066,0.0014322311027119728,0.004374873674050773,2025,5
2025-06-01,172,7.462479985935277,2.566109466798575,2.6342094907960223,0.03194479938665985,1.0499360844258097,0.6175407599531926,1.6842865700842633,0.8044983258595144,0.2733108403003732,0.6307721678070475,0.09010725543532606,0.0,0.571894505657212,0.15850732468477224,0.5336893802928846,0.0,1.86008298123076,0.9054916247330057,2.3514120325218184,0.36052271357245047,0.0,0.24778365662753432,0.10614849972279691,1.4060639394823544,0.2586882208446777,0.0,0.524445096807488,0.022980053313723686,0.3995992435005587,0.06382234656408463,0.8305110538925082,0.10988320290645871,1.230393643932412,0.0,0.0,0.0,0.0,0.03194479938665985,0.0,0.36052271357245047,0.3970151509779725,0.17661509102230735,0.04577916132576451,0.07000396752731491,0.03248018708587761,0.2536609142781476,0.07966694013205641,0.0,0.25173271845711104,1.6842865700842633,0.0,0.0,0.0,0.0,0.15850732468477224,0.03850300323425227,0.028640164967350213,0.5336893802928846,0.04515845268025501,0.11113149092383934,0.02642706131078224,0.11036384488508749,0.025388443180664157,0.0,0.4188685152685898,0.3769409022923027,5.8045113549803995,11.5,2.1486106270451084,2.730814680352482,3.456564994131435,0.6505639367473102,7.122093023255814,0.849421416858247,2.1486106270451084,5.538377029353707,26.29328728442101,2.0707745671942175,2.4895295670249866,18.88546805971024,14.500593585673245,18.897140015381872,21.789182094779935,22.347761736865806,0.0014397133768965517,0.003909472130944943,2025,6
2025-07-01,188,7.349056856799909,2.030761348269116,2.682770637331862,0.0,1.2124228367709253,0.4348212437904566,1.7019674751300853,1.198485297607421,0.34587121657994657,0.293187787222231,0.03431708991077556,0.0,0.7822770940325424,0.24998476765397204,0.7707658861341148,0.0,2.1469974834435614,0.5360904687572049,2.161370109118251,0.3740661705272561,0.0,0.10677778734889597,0.19716568252514147,1.1723616979761935,0.19439442458035208,0.0,0.28710019958568633,0.07296155625284656,0.3630511501960329,0.06770699518856355,0.6855334877851518,0.13343590630880434,1.4330430978533093,0.0,0.0,0.0,0.0,0.0,0.0,0.3740661705272561,0.33408146448270004,0.24881323471139333,0.07974615993488038,0.17571580711469556,0.0,0.2294315892415678,0.03263281555932646,0.024740227610094014,0.14801661137946837,1.7019674751300853,0.0,0.0,0.0,0.0,0.24998476765397204,0.0,0.05599104143337066,0.7707658861341148,0.12174360238596343,0.19198351019292728,0.08016988226625273,0.07371782412076656,0.0,0.0,0.5463553016143105,0.5550924324224524,4.794812228983031,11.377659574468085,2.0412683913494125,2.7357400266316874,3.4545309074697177,0.627483498116254,7.3563829787234045,0.826575221256583,2.0412683913494125,5.467227700042326,25.617046473030516,2.088069738826945,1.2118115973610508,18.9146536809381,14.574850505634986,19.0027557820291,21.72377217729045,22.529180919127075,0.001252413999410137,0.0042861855298631174,2025,7
2025-08-01,157,7.790849246900121,2.858002642862272,2.5035796226118343,0.0,1.0844190985379594,0.4898104833391832,1.3682768958414584,0.6854410597199821,0.4122467198310665,0.5655163756843125,0.11178246831348397,0.0,0.982588160206899,0.16962122808460753,0.36668205691526257,0.0,2.2905534533843475,0.7534511645400389,2.3085765546807973,0.2420777850903727,0.0,0.2406078086991745,0.08344965608237438,1.876280209900918,0.24693298094674704,0.0,0.3227275202476991,0.08800446698535871,0.5365217116046916,0.032007169605991745,0.5857854736097655,0.0922383979337072,1.2570268698576785,0.0,0.0,0.0,0.0,0.0,0.0,0.2420777850903727,0.3004509023105132,0.3317291764247251,0.02698909640505236,0.18317213830729603,0.0,0.23920142388929236,0.0706456538136605,0.0,0.17996340563623037,1.3082855882882591,0.0,0.02698909640505236,0.0,0.03300221114814692,0.16962122808460753,0.09198413856989901,0.027936082243826123,0.36668205691526257,0.02921755390638696,0.3171458958430253,0.0,0.03153181560194236,0.06356900838609873,0.0,0.5684719372145514,0.6686551425975245,5.782221556451235,11.35031847133758,2.1111121892282503,2.74620492596333,3.4979677144868027,0.6754074135026481,7.859872611464968,0.8354495581478687,2.1111121892282503,4.875756212370014,25.649945544339513,2.0925697590218855,1.0059976630699883,18.967247825356882,14.58300819319349,19.051360352765197,21.800289326417765,22.661605242468053,0.0014089788263316311,0.0038068882709742314,2025,8
2025-09-01,176,7.699735867550722,2.0259885227004695,2.1575194366901673,0.0,1.089678557407999,0.2923683401658796,1.5412965311044473,0.7550706507245105,0.4632214926123838,0.30592843696782496,0.022022551092318533,0.0,0.651231359538424,0.24979524222353336,0.26876760534052113,0.0,2.5266013683543407,0.742430366794381,2.7167986838200724,0.21616025341930548,0.0,0.31395489800852006,0.07880832740580286,1.0507869678734723,0.24578441961889394,0.0,0.2900816296149426,0.04657228017883756,0.23057855392370363,0.023674242424242428,0.4541837970598999,0.03054740957966765,1.4185354337026541,0.0,0.0,0.0,0.0,0.0,0.0,0.21616025341930548,0.29180344506615746,0.2799741186536082,0.12145869958819469,0.18028204068073325,0.0,0.1656958393971209,0.0,0.0,0.12667250076875866,1.4133329229506597,0.08285647606170811,0.020077096048827497,0.025030036043251904,0.0,0.24979524222353336,0.10384861415441392,0.035290796160361376,0.26876760534052113,0.09736839284568065,0.33417684735248554,0.050342417145695845,0.07870222811420245,0.0,0.0,0.2739872810771067,0.7113411383105034,6.3763910995137305,11.431818181818182,2.0375094122296913,2.739726193909439,3.464891856394018,0.6329914308264583,7.846590909090909,0.8538491492334611,2.0375094122296913,5.338983946942788,26.523538882203653,2.089882610850177,1.494972120734147,18.940966366848766,14.528107954498596,18.968416539725293,21.7267670415705,22.538370164992067,0.0013259264714074743,0.00344999774400256,2025,9
2025-10-01,190,8.407808690741932,2.2615976720262445,2.1184777656896596,0.0,0.8531112794899088,0.39582101448982776,1.321686625400425,1.0205513457912623,0.2927827781316996,0.6357730556787832,0.15292191590505913,0.024254183846713556,0.566447612681473,0.1239990138856328,0.6663550214010857,0.0,2.547758819551684,0.641874684814213,2.7302035058983445,0.3182208770789438,0.0,0.19088553098099928,0.11800681417290966,1.092027742912089,0.29328208651424015,0.04111842105263158,0.4973586264222934,0.02891844997108155,0.15727051001800832,0.05318804757159681,0.5202025382080289,0.04915091507775927,1.3386657548142666,0.0,0.0,0.0,0.0,0.0,0.0,0.3182208770789438,0.1644230571248462,0.18461485750761306,0.0512726059924236,0.1345798817860822,0.029735355337496286,0.18800698261094193,0.06404389849231568,0.0,0.11403477804907387,1.2463349861068567,0.0,0.028760425654299683,0.02370791844476055,0.02288329519450801,0.1239990138856328,0.1224736519043245,0.03604902667627974,0.6663550214010857,0.07167463192393941,0.2447675510605854,0.020885547201336674,0.02712967986977754,0.0,0.0,0.6259196510797735,0.617086278041609,6.443909231243403,11.189473684210526,2.0503447825347765,2.74440659194661,3.5328700996617877,0.6834988221528877,7.921052631578948,0.844125469170482,2.0503447825347765,5.405196716132575,25.820211699205508,2.094468318878189,1.5437975261267731,18.826976851490272,14.686361016296923,18.959684234027534,21.750689277978445,22.50536712072409,0.0012704069304405893,0.0033982103225626958,2025,10
2025-11-01,184,8.752068301454011,1.992615017915267,1.5301330341025143,0.0,0.6651167247866548,0.4266701988566448,1.3577188495672876,0.6267667974988861,0.5956975691526705,0.491371405078917,0.08721493234196359,0.0,0.481846233717171,0.08474904578012694,0.4396830547440228,0.0,2.223039534128809,0.9717139384990451,3.725737069415416,0.24671308774854014,0.0,0.1071149274780342,0.09076630515910876,1.0188859615821306,0.22077758141817128,0.0,0.5550702422778222,0.0,0.2673191254901662,0.04504118050789292,0.33118429038831676,0.0,0.8865884377161385,0.0,0.0,0.0,0.0,0.0,0.0,0.24671308774854014,0.1560772283538521,0.1484537482676006,0.05188219804316012,0.06199046237350179,0.0,0.23641612419687125,0.05242049517876721,0.0,0.13783357948100636,1.3289633860292156,0.0,0.028755463538072235,0.0,0.0,0.08474904578012694,0.07705663832964024,0.02527805864509606,0.4396830547440228,0.0,0.4355063616682736,0.023629489603024575,0.08718095047526486,0.022739676187011094,0.026641091219096337,0.5397117150453581,0.6827292206412264,5.257624780683065,11.08695652173913,1.9914567753738046,2.737819510474204,3.4847154409332903,0.62374818808698,7.771739130434782,0.8593357994311448,1.9914567753738046,5.40564367014979,25.692662486348546,2.085383879094134,2.221649514250928,18.677183101367124,14.674821505542177,18.803351318082616,21.647036442578965,22.258915113404196,0.0015024031520899613,0.003016047937824548,2025,11
2025-12-01,140,8.29768141258775,1.7655814526742668,1.6428021662774286,0.0,0.706538338980982,0.6209322841979394,1.0520792027157098,1.0231139062283754,0.3070794762894479,0.4477853703089054,0.06899142843843305,0.0,1.0110835928955222,0.2333520296968951,0.5920547437268487,0.0,1.9590498922586863,1.0448380523886462,2.826167380840301,0.11435892203351154,0.0,0.1693850802945449,0.03536067892503536,0.686222945938336,0.5344780812946418,0.0,0.3401346662217088,0.0,0.3750229859216963,0.09643495413396039,0.4606650530727126,0.0,0.7106791731490593,0.0,0.0,0.0,0.0,0.0,0.0,0.11435892203351154,0.3955408639386455,0.03700962250185048,0.09150509006170537,0.06812384044526902,0.04201680672268907,0.36242051839719763,0.14174866711864598,0.0,0.07474629195940671,1.0520792027157098,0.0,0.0,0.0,0.0,0.2333520296968951,0.12003067214944728,0.03968253968253968,0.5920547437268487,0.037993920972644375,0.19953789415890774,0.0,0.07384885975857249,0.03369272237196765,0.0,0.7496706260897604,0.9190880359395992,4.884722426493107,11.442857142857143,2.0817629684173236,2.7428754069696097,3.509111652844918,0.6422207343592718,7.9071428571428575,0.8601108294283628,2.0817629684173236,5.303579732075897,27.06112914862915,2.1025095478638445,0.09722372254091434,19.223338705654413,14.652708192955911,19.1451075589404,22.105291523876744,22.75957311909487,0.001580458170670714,0.0038963919581597706,2025,12
2026-01-01,128,8.856357651204682,1.8493152922283462,1.6103520729253633,0.0,0.6760098865374317,0.3515839876525191,1.0741824109472349,0.8106478838730867,0.43499038546612495,0.3749406345175712,0.06682039577931433,0.0,0.7171644380927014,0.20010297141658498,0.426232577905756,0.0,2.6350265888219186,1.0454102810352608,3.203726334728103,0.18693342890747194,0.0,0.10414335042365633,0.07270175155813455,0.7199264309396758,0.38537154616045416,0.0,0.5201089601343774,0.047063253012048195,0.28141582149044697,0.04090314136125655,0.6158708514509819,0.03426535087719298,0.6378969077454851,0.0,0.0,0.0,0.0,0.0,0.0,0.18693342890747194,0.11087431470438061,0.06790276206636502,0.06205858527070815,0.24824079558850598,0.0,0.12175942714795815,0.043402777777777776,0.0,0.18642178272678317,1.030779633169457,0.043402777777777776,0.0,0.0,0.0,0.20010297141658498,0.04090314136125655,0.04222972972972973,0.426232577905756,0.10117946345975948,0.289825597971679,0.0370260663507109,0.03945707070707071,0.03441629955947137,0.03426535087719298,0.5236385242234397,0.9136315637000674,5.531754892041344,11.0,1.9327797885682048,2.7553425806096423,3.503477624329286,0.6713335504995727,8.3671875,0.8510317698947459,1.9327797885682048,5.8476449463200995,27.287629839778276,2.0964836274429017,-0.55807560880284,19.21814717467979,14.727076292628821,19.132094116939218,22.257866087157634,22.760167747579253,0.0014920024550957901,0.003073853431120985,2026,1
2026-02-01,130,7.100490492431712,1.8593320456416194,1.5140926270004018,0.0,0.6622416218355963,0.42098413676460805,1.154260330463531,0.2930056557286596,0.35889096358372835,0.49759078920928446,0.042973785990545764,0.0,0.28021737432568594,0.037893141341417205,0.18245132793627777,0.0,2.0349297483469777,0.7138581519708975,3.2794332271879236,0.031142946122703206,0.0,0.0,0.029700029700029704,0.7754848936091752,0.5376381966832655,0.0,0.4753735903961666,0.04113533525298231,0.3056771387574942,0.0,0.44745768747556247,0.06937889009125166,0.6915789106760936,0.0,0.0,0.0,0.0,0.0,0.0,0.031142946122703206,0.2556290031159796,0.3016719385589917,0.07379773403792177,0.0,0.03698224852071007,0.16956202059531372,0.0,0.0,0.21443986764858428,1.1131249952105486,0.0,0.04113533525298231,0.0,0.0,0.037893141341417205,0.031525851197982346,0.0,0.18245132793627777,0.04113533525298231,0.19124816781876958,0.029700029700029704,0.10060146658770729,0.037341299477221805,0.0,1.0325921600559962,1.271321003110492,6.974944256644429,11.13076923076923,2.1267447593737114,2.74358994820496,3.5635976730782972,0.7059986611600421,7.423076923076923,0.8711991639741287,2.1267447593737114,4.490437366053364,25.81811000085887,2.0853525582550363,1.4310703723874414,18.628925556564386,14.71819007525501,18.643717446198483,21.754419596049722,22.20038680928478,0.0012894539269754132,0.003280782865344345,2026,2
2026-03-01,140,8.431702801739506,1.2561021733564923,1.5100877015031873,0.0,0.7259532107070845,0.3586508479282906,1.5364506132223053,0.5989221388733146,0.6132977647853651,0.6135050600081448,0.03119151590767311,0.0,0.3515655763514188,0.11820204392742331,0.23235488276892968,0.0,2.1666918740415206,0.7336386795778879,4.098774180260873,0.08577898889563508,0.0,0.11397998703684245,0.11527687998276233,0.2841833285264882,0.3619099264271209,0.0,0.38075205138327856,0.0,0.17484873781123625,0.02868617326448651,0.5161129545891363,0.0,0.7904398358383281,0.0,0.0,0.0,0.0,0.0,0.0,0.08577898889563508,0.3697087700895437,0.12352035839296985,0.029274004683840754,0.11767108864509514,0.07215007215007216,0.06389285015239214,0.0,0.0,0.2226079256258263,1.4195795129626454,0.0,0.0,0.11687110025965973,0.0,0.11820204392742331,0.1360683442917877,0.04382120946538125,0.23235488276892968,0.0684756584197925,0.5835358600234604,0.029761904761904764,0.0,0.0,0.0,0.8339973902918251,0.5462070344192432,6.404872136420887,11.321428571428571,2.124280716961783,2.738577510441946,3.5576868864922786,0.7004797806740092,7.857142857142857,0.8268456212727227,2.124280716961783,4.650227551700437,25.720147729254872,2.10779531922615,1.5021243581668844,18.604384764824157,14.716980042322199,18.686408666599867,21.404442124885037,22.145543832859662,0.0012480118745853085,0.003520370051529625,2026,3
2026-04-01,135,8.304567004993785,1.9154558009918201,1.043328181703478,0.0,0.29285708256108417,0.43112107500806246,1.0666456932714925,0.48698180471954766,0.46281055100675467,0.5282550249523521,0.0,0.0,0.2177760143149372,0.057821059038344495,0.3325681962584651,0.0,2.46727193579484,0.7234061281228155,3.9774686465120297,0.0,0.0,0.0719585615552736,0.0,0.44091066242065835,0.6084123168680099,0.0,0.7551879053720498,0.03898635477582846,0.1810906085115839,0.0,0.31222388644421456,0.0746911698857244,0.47532251686195537,0.0,0.0,0.0,0.0,0.0,0.0,0.0,0.13914588023920874,0.12322804426670089,0.0,0.030483158055174514,0.0,0.22293685096483568,0.07113268690239904,0.0,0.13705153714082777,1.0305119986012123,0.0,0.0,0.036133694670280034,0.0,0.057821059038344495,0.0,0.028600028600028603,0.3325681962584651,0.0679925208227095,0.35223692175668,0.04383081306158229,0.036133694670280034,0.0,0.03060912151821243,1.433500926073015,1.5434364902138735,7.740053392668172,11.237037037037037,2.0471010695318017,2.7545310058672294,3.5801590247761594,0.7280912830177997,7.837037037037037,0.8673850912844785,2.0471010695318017,5.604167457384032,26.513211335989112,2.1242914371338544,-0.8810525033598982,19.166001845709886,14.764593989614099,19.003764736644545,22.230669505261766,22.60936490103202,0.001518129763831141,0.0029581018884013576,2026,4
