month_ts,paper_count,marker_words_total_per_1k_words_monthly_mean,marker_verbs_total_per_1k_words_monthly_mean,marker_adjectives_total_per_1k_words_monthly_mean,marker_phrases_total_per_1k_words_monthly_mean,sequential_markers_total_per_1k_words_monthly_mean,causal_markers_total_per_1k_words_monthly_mean,contrast_markers_total_per_1k_words_monthly_mean,emphasis_markers_total_per_1k_words_monthly_mean,summary_markers_total_per_1k_words_monthly_mean,word_finding_per_1k_words_monthly_mean,word_interplay_per_1k_words_monthly_mean,word_realm_per_1k_words_monthly_mean,word_insight_per_1k_words_monthly_mean,word_notably_per_1k_words_monthly_mean,word_particularly_per_1k_words_monthly_mean,word_meticulously_per_1k_words_monthly_mean,word_while_per_1k_words_monthly_mean,word_within_per_1k_words_monthly_mean,word_across_per_1k_words_monthly_mean,word_additionally_per_1k_words_monthly_mean,verb_delve_per_1k_words_monthly_mean,verb_underscore_per_1k_words_monthly_mean,verb_showcase_per_1k_words_monthly_mean,verb_enhance_per_1k_words_monthly_mean,verb_exhibit_per_1k_words_monthly_mean,verb_garner_per_1k_words_monthly_mean,verb_align_per_1k_words_monthly_mean,verb_foster_per_1k_words_monthly_mean,adjective_crucial_per_1k_words_monthly_mean,adjective_pivotal_per_1k_words_monthly_mean,adjective_comprehensive_per_1k_words_monthly_mean,adjective_intricate_per_1k_words_monthly_mean,adjective_potential_per_1k_words_monthly_mean,phrase_meticulously_delve_per_1k_words_monthly_mean,phrase_intricate_web_per_1k_words_monthly_mean,phrase_comprehensive_chapter_per_1k_words_monthly_mean,phrase_deep_dive_per_1k_words_monthly_mean,phrase_intricate_interplay_per_1k_words_monthly_mean,phrase_essential_insight_per_1k_words_monthly_mean,sequential_marker_additionally_per_1k_words_monthly_mean,sequential_marker_furthermore_per_1k_words_monthly_mean,sequential_marker_moreover_per_1k_words_monthly_mean,sequential_marker_subsequently_per_1k_words_monthly_mean,sequential_marker_further_per_1k_words_monthly_mean,causal_marker_hence_per_1k_words_monthly_mean,causal_marker_thus_per_1k_words_monthly_mean,causal_marker_consequently_per_1k_words_monthly_mean,causal_marker_accordingly_per_1k_words_monthly_mean,causal_marker_thereby_per_1k_words_monthly_mean,contrast_marker_however_per_1k_words_monthly_mean,contrast_marker_nonetheless_per_1k_words_monthly_mean,contrast_marker_nevertheless_per_1k_words_monthly_mean,contrast_marker_conversely_per_1k_words_monthly_mean,contrast_marker_alternatively_per_1k_words_monthly_mean,emphasis_marker_notably_per_1k_words_monthly_mean,emphasis_marker_crucially_per_1k_words_monthly_mean,emphasis_marker_remarkably_per_1k_words_monthly_mean,emphasis_marker_particularly_per_1k_words_monthly_mean,emphasis_marker_importantly_per_1k_words_monthly_mean,summary_marker_overall_per_1k_words_monthly_mean,summary_marker_collectively_per_1k_words_monthly_mean,summary_marker_ultimately_per_1k_words_monthly_mean,summary_marker_in_summary_per_1k_words_monthly_mean,summary_marker_taken_together_per_1k_words_monthly_mean,em_dash_per_1k_words_monthly_mean,semicolon_per_1k_words_monthly_mean,colon_per_1k_words_monthly_mean,clause_depth_monthly_mean,clause_depth_std_monthly_mean,dependency_entropy_monthly_mean,dependency_length_monthly_mean,dependency_length_std_monthly_mean,coordination_count_monthly_mean,coordination_per_sentence_std_monthly_mean,sentence_depth_std_monthly_mean,list_of_three_per_1k_words_monthly_mean,avg_words_per_sentence_monthly_mean,avg_syllables_per_word_monthly_mean,flesch_reading_ease_monthly_mean,flesch_kincaid_grade_monthly_mean,dale_chall_monthly_mean,smog_index_monthly_mean,automated_readability_index_monthly_mean,gunning_fog_monthly_mean,hedge_ratio_monthly_mean,certainty_ratio_monthly_mean,year,month
2015-01-01,271,0.28384899233607724,0.33545790003354575,0.7175071750717507,0.0,0.0,0.0,0.0,0.0,0.0,0.0,0.0,0.0,0.28384899233607724,0.0,0.0,0.0,0.0,0.0,0.0,0.0,0.0,0.0,0.0,0.33545790003354575,0.0,0.0,0.0,0.0,0.0,0.41000410004100035,0.0,0.0,0.3075030750307503,0.0,0.0,0.0,0.0,0.0,0.0,0.0,0.0,0.0,0.0,0.0,0.0,0.0,0.0,0.0,0.0,0.0,0.0,0.0,0.0,0.0,0.0,0.0,0.0,0.0,0.0,0.0,0.0,0.0,0.0,0.0,0.0,0.0,16.347438188058295,5.376383763837638,0.010437000460318046,1.7114531801006228,1.9148035950533293,0.0004744091118326379,0.2767527675276753,0.0,0.010437000460318046,1.9270276237648545,9.568265682656827,2.235517554564241,0.8101667927117737,15.428927430594435,15.316286327627147,13.502656340519717,16.494807698079867,19.312776475770903,0.0,0.0004100041000410004,2015,1
2015-02-01,324,0.0,0.0,0.18155410312273057,0.0,0.0,0.0,0.0,0.0,0.0,0.0,0.0,0.0,0.0,0.0,0.0,0.0,0.0,0.0,0.0,0.0,0.0,0.0,0.0,0.0,0.0,0.0,0.0,0.0,0.0,0.0,0.0,0.0,0.18155410312273057,0.0,0.0,0.0,0.0,0.0,0.0,0.0,0.0,0.0,0.0,0.0,0.0,0.0,0.0,0.0,0.0,0.0,0.0,0.0,0.0,0.0,0.0,0.0,0.0,0.0,0.0,0.0,0.0,0.0,0.0,0.0,0.0,0.0,12.695154591869418,5.268518518518518,0.02837156838094172,1.7259107668014906,1.946834974048023,0.005162482268583443,0.2839506172839506,0.006547285010986552,0.02837156838094172,1.7603936449252353,9.489197530864198,2.1864916400951904,4.272167163236585,14.912714006417785,15.196107344799584,13.100454970776966,16.444194952892666,18.531560553521913,0.0,0.0,2015,2
2015-03-01,297,1.1428386428386428,0.0,0.0,0.0,0.0,0.0,0.0,0.0,0.0,0.0,0.0,0.0,0.259000259000259,0.0,0.0,0.0,0.0,0.5471380471380471,0.3367003367003367,0.0,0.0,0.0,0.0,0.0,0.0,0.0,0.0,0.0,0.0,0.0,0.0,0.0,0.0,0.0,0.0,0.0,0.0,0.0,0.0,0.0,0.0,0.0,0.0,0.0,0.0,0.0,0.0,0.0,0.0,0.0,0.0,0.0,0.0,0.0,0.0,0.0,0.0,0.0,0.0,0.0,0.0,0.0,0.0,0.0,0.8526826708644891,0.0,11.846541625679755,5.37037037037037,0.01666581639160213,1.7130341546772228,1.963484720754477,0.0028021143051742913,0.2727272727272727,0.0,0.01666581639160213,2.2387481185992617,9.75084175084175,2.206657590801272,1.7171327511810417,15.33931754742902,15.381953558567364,13.33104196158637,16.43277557912972,18.775879832085856,0.00016835016835016836,0.0,2015,3
2015-04-01,258,1.522981755539895,0.0,0.17618040873854826,0.0,0.0,0.0,0.0,0.0,0.0,0.3523608174770965,0.0,0.0,0.0,0.0,0.0,0.0,0.3875968992248062,0.0,0.7830240388379923,0.0,0.0,0.0,0.0,0.0,0.0,0.0,0.0,0.0,0.0,0.0,0.0,0.0,0.17618040873854826,0.0,0.0,0.0,0.0,0.0,0.0,0.0,0.0,0.0,0.0,0.0,0.0,0.0,0.0,0.0,0.0,0.0,0.0,0.0,0.0,0.0,0.0,0.0,0.0,0.0,0.0,0.0,0.0,0.0,0.0,0.0,0.7830240388379923,0.0,11.852164846350894,5.441860465116279,0.0,1.7336554733691922,1.9168459692191289,0.0,0.2441860465116279,0.0,0.0,1.9194306985004659,9.813953488372093,2.206547162457865,2.8412428562288254,15.20576278925436,15.165400237857527,13.42071996623709,16.441467322644364,19.09329650250664,0.0003875968992248062,0.0,2015,4
2015-05-01,291,1.1182021491299843,0.0,0.8591065292096219,0.0,0.0,0.0,0.0,0.0,0.0,0.0,0.0,0.0,0.0,0.0,0.0,0.0,0.0,0.6272841324387716,0.4909180166912126,0.0,0.0,0.0,0.0,0.0,0.0,0.0,0.0,0.0,0.0,0.0,0.0,0.0,0.8591065292096219,0.0,0.0,0.0,0.0,0.0,0.0,0.0,0.0,0.0,0.0,0.0,0.0,0.0,0.0,0.0,0.0,0.0,0.0,0.0,0.0,0.0,0.0,0.0,0.0,0.0,0.0,0.0,0.0,0.0,0.0,0.0,0.2643404705260376,0.3436426116838488,14.76412756885771,5.347079037800687,0.03644880315394575,1.7294888147494452,1.9436164642391702,0.0030778989329998635,0.281786941580756,0.00242992021026305,0.03644880315394575,1.184811751822061,9.47766323024055,2.248984820592813,-0.4862104273021738,15.581348527750169,15.497261759815697,13.470442265310764,16.923358103237337,19.676193993569477,0.0,0.0,2015,5
2015-06-01,410,0.1876172607879925,0.8468834688346882,0.12836970474967907,0.0,0.0,0.0,0.0,0.0,0.0,0.0,0.0,0.0,0.0,0.0,0.0,0.0,0.0,0.1876172607879925,0.0,0.0,0.0,0.0,0.0,0.7113821138211381,0.0,0.0,0.13550135501355012,0.0,0.0,0.0,0.0,0.0,0.12836970474967907,0.0,0.0,0.0,0.0,0.0,0.0,0.0,0.0,0.0,0.0,0.0,0.0,0.0,0.0,0.0,0.0,0.0,0.0,0.0,0.0,0.0,0.0,0.0,0.0,0.0,0.0,0.0,0.0,0.0,0.0,0.0,0.12836970474967907,0.0,15.588081854883184,5.126829268292683,0.005173952057462543,1.699211480170471,1.9538570542741427,0.005575738810642785,0.23170731707317074,0.0,0.005173952057462543,1.1437623830019814,9.435365853658537,2.237637729634256,-0.16652137379721427,15.525674750805255,15.556403712848859,13.271044483623134,16.863194075319832,19.302603951377645,0.0,0.0,2015,6
2015-07-01,341,0.8264462809917356,0.0,0.0,0.0,0.0,0.0,0.0,0.0,0.0,0.0,0.0,0.0,0.0,0.0,0.0,0.0,0.0,0.26659557451346305,0.5598507064782725,0.0,0.0,0.0,0.0,0.0,0.0,0.0,0.0,0.0,0.0,0.0,0.0,0.0,0.0,0.0,0.0,0.0,0.0,0.0,0.0,0.0,0.0,0.0,0.0,0.0,0.0,0.0,0.0,0.0,0.0,0.0,0.0,0.0,0.0,0.0,0.0,0.0,0.0,0.0,0.0,0.0,0.0,0.0,0.0,0.0,0.26659557451346305,0.0,17.921671062928336,5.12316715542522,0.0,1.7092390581458776,1.927733042865121,0.0,0.2404692082111437,0.0,0.0,1.9909069999634084,9.082111436950147,2.2194435271488513,2.7692757985139944,15.043351498580158,15.371093179697054,13.082565969978862,16.38550679592342,18.91218439278416,0.0,0.0,2015,7
2015-08-01,296,0.33783783783783783,0.0,0.22522522522522523,0.0,0.24131274131274133,0.0,0.0,0.0,0.0,0.33783783783783783,0.0,0.0,0.0,0.0,0.0,0.0,0.0,0.0,0.0,0.0,0.0,0.0,0.0,0.0,0.0,0.0,0.0,0.0,0.0,0.0,0.22522522522522523,0.0,0.0,0.0,0.0,0.0,0.0,0.0,0.0,0.0,0.0,0.0,0.0,0.24131274131274133,0.0,0.0,0.0,0.0,0.0,0.0,0.0,0.0,0.0,0.0,0.0,0.0,0.0,0.0,0.0,0.0,0.0,0.0,0.0,0.0,0.22522522522522523,0.0,17.561118339739284,5.243243243243243,0.007166622782296089,1.6895550794383731,1.9584583456441629,0.0024990106714889606,0.24324324324324326,0.0023888742607653633,0.007166622782296089,2.494138247814719,9.625,2.2437958052736287,-1.6885634390845592,15.778956771134219,15.423762183991563,13.599210138695144,16.87134457499733,19.803689350117203,0.0,0.00022522522522522523,2015,8
2015-09-01,357,0.4001600640256103,0.7603041216486595,0.4022121669180493,0.0,0.0,0.0,0.0,0.0,0.0,0.0,0.0,0.0,0.20008003201280514,0.0,0.0,0.0,0.0,0.20008003201280514,0.0,0.0,0.0,0.0,0.0,0.5602240896358543,0.0,0.0,0.20008003201280514,0.0,0.0,0.0,0.0,0.0,0.4022121669180493,0.0,0.0,0.0,0.0,0.0,0.0,0.0,0.0,0.0,0.0,0.0,0.0,0.0,0.0,0.0,0.0,0.0,0.0,0.0,0.0,0.0,0.0,0.0,0.0,0.0,0.0,0.0,0.0,0.0,0.0,0.0,0.35014005602240894,0.0,10.35687505039952,5.280112044817927,0.003961382527655728,1.6883055013206383,1.9132965342951813,0.0003301152106379775,0.20448179271708683,0.0,0.003961382527655728,1.7925973808326752,9.42436974789916,2.2363253075207052,1.1358471756062836,15.34022883061635,15.457785998688399,13.453782787084704,16.5469603488382,19.539890201174902,0.0,0.0,2015,9
2015-10-01,299,0.5613115981008958,0.0,0.23889154323936934,0.0,0.0,0.0,0.0,0.0,0.0,0.0,0.0,0.0,0.0,0.0,0.0,0.0,0.2572678157962439,0.30404378230465184,0.0,0.0,0.0,0.0,0.0,0.0,0.0,0.0,0.0,0.0,0.0,0.0,0.0,0.0,0.23889154323936934,0.0,0.0,0.0,0.0,0.0,0.0,0.0,0.0,0.0,0.0,0.0,0.0,0.0,0.0,0.0,0.0,0.0,0.0,0.0,0.0,0.0,0.0,0.0,0.0,0.0,0.0,0.0,0.0,0.0,0.0,0.0,0.0,0.2572678157962439,9.505649643829543,5.280936454849498,0.0,1.7059381712842736,1.9072778078693047,0.001300698092483616,0.21739130434782608,0.0023649056226974835,0.0,2.1625189729396737,9.322742474916389,2.205828137204785,1.235267557054418,15.291724958103083,15.325535666978551,13.301845139067355,16.956808991618256,19.107550824588007,0.0,0.0,2015,10
2015-11-01,400,0.3311965811965812,0.0,0.0,0.0,0.0,0.0,0.0,0.0,0.0,0.0,0.19230769230769235,0.0,0.13888888888888887,0.0,0.0,0.0,0.0,0.0,0.0,0.0,0.0,0.0,0.0,0.0,0.0,0.0,0.0,0.0,0.0,0.0,0.0,0.0,0.0,0.0,0.0,0.0,0.0,0.0,0.0,0.0,0.0,0.0,0.0,0.0,0.0,0.0,0.0,0.0,0.0,0.0,0.0,0.0,0.0,0.0,0.0,0.0,0.0,0.0,0.0,0.0,0.0,0.0,0.0,0.0,0.41666666666666663,0.0,13.176796038928392,5.12,0.0017677669529663688,1.6588562943839684,1.894482067983616,0.0030935921676911453,0.1875,0.0,0.0017677669529663688,1.109126984126984,9.22375,2.274192404658465,-1.5217647805638421,15.68538493688716,15.394318154080871,13.33592905483015,16.613316878861593,19.821624095203045,0.00014705882352941175,0.0,2015,11
2015-12-01,305,0.926359614884205,0.27322404371584696,0.0,0.0,0.0,0.0,0.0,0.0,0.0,0.0,0.0,0.0,0.32786885245901637,0.0,0.0,0.0,0.36429872495446264,0.234192037470726,0.0,0.0,0.0,0.0,0.0,0.27322404371584696,0.0,0.0,0.0,0.0,0.0,0.0,0.0,0.0,0.0,0.0,0.0,0.0,0.0,0.0,0.0,0.0,0.0,0.0,0.0,0.0,0.0,0.0,0.0,0.0,0.0,0.0,0.0,0.0,0.0,0.0,0.0,0.0,0.0,0.0,0.0,0.0,0.0,0.0,0.0,0.0,0.6284153005464481,0.234192037470726,16.755332815069913,5.2098360655737705,0.004636765778272443,1.7118758944044874,1.946600944184307,0.0013247902223635555,0.21967213114754097,0.0,0.004636765778272443,1.7514602615856232,9.650819672131147,2.215209192787734,0.05928474890081771,15.532114005685623,15.660428946438557,13.500280011919966,17.00886349652099,19.67797958175972,0.0,0.0,2015,12
2016-01-01,272,1.0180995475113122,0.26260504201680673,0.0,0.0,0.0,0.0,0.0,0.0,0.0,0.28280542986425344,0.0,0.0,0.0,0.0,0.0,0.0,0.0,0.0,0.7352941176470589,0.0,0.0,0.0,0.0,0.26260504201680673,0.0,0.0,0.0,0.0,0.0,0.0,0.0,0.0,0.0,0.0,0.0,0.0,0.0,0.0,0.0,0.0,0.0,0.0,0.0,0.0,0.0,0.0,0.0,0.0,0.0,0.0,0.0,0.0,0.0,0.0,0.0,0.0,0.0,0.0,0.0,0.0,0.0,0.0,0.0,0.0,0.0,0.26260504201680673,12.453195454356447,5.165441176470588,0.007798971851322215,1.6839572866583319,1.9268081874538159,0.0,0.24632352941176472,0.0,0.007798971851322215,2.2497175167453807,9.424632352941176,2.2697814342545497,-4.032435923181468,16.050314383389104,15.562010466942588,13.576254942953005,17.209318020458134,19.933268300807228,0.00021626297577854672,0.0,2016,1
2016-02-01,429,0.8025600130863288,0.25900025900025897,0.2521844627107785,0.0,0.0,0.0,0.0,0.0,0.17930787161556394,0.0,0.0,0.0,0.12268433321064899,0.0,0.0,0.0,0.0,0.3885003885003885,0.2913752913752914,0.0,0.0,0.0,0.0,0.25900025900025897,0.0,0.0,0.0,0.0,0.0,0.0,0.0,0.0,0.2521844627107785,0.0,0.0,0.0,0.0,0.0,0.0,0.0,0.0,0.0,0.0,0.0,0.0,0.0,0.0,0.0,0.0,0.0,0.0,0.0,0.0,0.0,0.0,0.0,0.0,0.0,0.0,0.17930787161556394,0.0,0.0,0.0,0.0,0.0,0.1456876456876457,12.249689774170946,5.235431235431236,0.0016482675552133975,1.694382572313877,1.9109916607186097,0.0014284985478516116,0.23543123543123542,0.0016482675552133975,0.0016482675552133975,1.5893197711379528,9.381118881118882,2.2295553476309036,1.0998122314597163,15.340906969914773,15.526410920420277,13.22502091767572,16.964630149760378,19.091340846575342,0.00021190930281839374,0.0,2016,2
2016-03-01,383,0.6527415143603134,0.4351610095735422,0.2901073397156948,0.0,0.0,0.0,0.0,0.0,0.0,0.0,0.0,0.0,0.0,0.0,0.0,0.0,0.6527415143603134,0.0,0.0,0.0,0.0,0.0,0.0,0.4351610095735422,0.0,0.0,0.0,0.0,0.0,0.0,0.0,0.0,0.2901073397156948,0.0,0.0,0.0,0.0,0.0,0.0,0.0,0.0,0.0,0.0,0.0,0.0,0.0,0.0,0.0,0.0,0.0,0.0,0.0,0.0,0.0,0.0,0.0,0.0,0.0,0.0,0.0,0.0,0.0,0.0,0.0,2.3705914045339633,0.0,12.989136270486052,5.234986945169712,0.009231159023323075,1.706087548673347,1.9331067779568987,0.0035342151689294063,0.2349869451697128,0.0018462318046646151,0.009231159023323075,2.5809696747138644,9.558746736292429,2.246577273602692,-2.424128526979066,15.863780452469596,15.319929255477378,13.608048051971148,17.112772409017758,19.64824156901694,0.0,0.0,2016,3
2016-04-01,308,0.2319109461966605,0.3607503607503607,0.0,0.0,0.0,0.0,0.0,0.0,0.0,0.0,0.0,0.0,0.2319109461966605,0.0,0.0,0.0,0.0,0.0,0.0,0.0,0.0,0.0,0.0,0.0,0.0,0.0,0.3607503607503607,0.0,0.0,0.0,0.0,0.0,0.0,0.0,0.0,0.0,0.0,0.0,0.0,0.0,0.0,0.0,0.0,0.0,0.0,0.0,0.0,0.0,0.0,0.0,0.0,0.0,0.0,0.0,0.0,0.0,0.0,0.0,0.0,0.0,0.0,0.0,0.0,0.0,0.27056277056277056,0.0,12.454111668683861,5.298701298701299,0.004591602475237322,1.6978900995784918,1.9712457844379812,0.0037567800652295426,0.2305194805194805,0.009183204950474644,0.004591602475237322,1.4721117662294134,9.816558441558442,2.215484396237834,0.5664599991551014,15.493196297284042,15.505590821527305,13.40649602733824,16.728304264271458,19.386190394226865,0.00027056277056277056,0.0,2016,4
2016-05-01,447,0.4971414367387521,0.0,0.31959092361776925,0.0,0.14914243102162567,0.0,0.0,0.0,0.0,0.0,0.0,0.0,0.12428535918468803,0.0,0.0,0.0,0.0,0.0,0.372856077554064,0.0,0.0,0.0,0.0,0.0,0.0,0.0,0.0,0.0,0.0,0.31959092361776925,0.0,0.0,0.0,0.0,0.0,0.0,0.0,0.0,0.0,0.0,0.0,0.0,0.0,0.14914243102162567,0.0,0.0,0.0,0.0,0.0,0.0,0.0,0.0,0.0,0.0,0.0,0.0,0.0,0.0,0.0,0.0,0.0,0.0,0.0,0.0,0.18642803877703207,0.12428535918468803,13.955884993192534,5.176733780760626,0.007909471825352881,1.6843488461622842,1.9021124523968562,0.0006327577460282304,0.22818791946308725,0.0,0.007909471825352881,2.0797475396764775,9.271812080536913,2.265573768310018,-2.794003655075742,15.854595363338007,15.66729050097356,13.415877737626232,17.216497569334255,19.82608983229832,0.0,0.00031959092361776926,2016,5
2016-06-01,472,0.1513317191283293,0.17655367231638416,0.0,0.0,0.0,0.0,0.0,0.0,0.0,0.0,0.0,0.0,0.0,0.0,0.0,0.0,0.0,0.0,0.1513317191283293,0.0,0.0,0.0,0.0,0.17655367231638416,0.0,0.0,0.0,0.0,0.0,0.0,0.0,0.0,0.0,0.0,0.0,0.0,0.0,0.0,0.0,0.0,0.0,0.0,0.0,0.0,0.0,0.0,0.0,0.0,0.0,0.0,0.0,0.0,0.0,0.0,0.0,0.0,0.0,0.0,0.0,0.0,0.0,0.0,0.0,0.0,0.6002824858757062,0.0,16.071192964854085,5.13135593220339,0.004494322761778903,1.6927610359073741,1.9266448888287322,0.0014981075872596346,0.25,0.0014981075872596346,0.004494322761778903,1.1818355596232493,9.332627118644067,2.259003359220913,-2.7894806007448705,15.860832097555516,15.453173267308474,13.46186437526275,17.17726538202832,19.769902629051273,0.0,0.0,2016,6
2016-07-01,347,0.4322766570605187,0.15167602002123462,0.1601024655779699,0.0,0.0,0.0,0.0,0.0,0.0,0.0,0.0,0.0,0.24015369836695483,0.0,0.0,0.0,0.0,0.19212295869356388,0.0,0.0,0.0,0.0,0.0,0.15167602002123462,0.0,0.0,0.0,0.0,0.0,0.0,0.1601024655779699,0.0,0.0,0.0,0.0,0.0,0.0,0.0,0.0,0.0,0.0,0.0,0.0,0.0,0.0,0.0,0.0,0.0,0.0,0.0,0.0,0.0,0.0,0.0,0.0,0.0,0.0,0.0,0.0,0.0,0.0,0.0,0.0,0.0,0.2058460271716756,0.0,10.178342645152362,5.368876080691643,0.008151086814830519,1.720272914787671,1.9574990226063447,0.0026199921904812382,0.2680115273775216,0.0020377717037076298,0.008151086814830519,1.8522623709943595,9.795389048991355,2.24431838811185,-0.727817364223179,15.696565511869668,15.420590574767463,13.565305879303807,16.905190602291537,19.57925677351807,0.0,0.0001601024655779699,2016,7
2016-08-01,350,0.5958747135217723,0.31746031746031744,0.5328798185941043,0.0,0.0,0.0,0.0,0.0,0.15037593984962405,0.2597402597402597,0.0,0.0,0.0,0.0,0.0,0.0,0.0,0.1680672268907563,0.1680672268907563,0.0,0.0,0.0,0.0,0.31746031746031744,0.0,0.0,0.0,0.0,0.0,0.0,0.0,0.0,0.5328798185941043,0.0,0.0,0.0,0.0,0.0,0.0,0.0,0.0,0.0,0.0,0.0,0.0,0.0,0.0,0.0,0.0,0.0,0.0,0.0,0.0,0.0,0.0,0.0,0.0,0.0,0.0,0.15037593984962405,0.0,0.0,0.0,0.0,0.0,0.0,13.495096951797526,5.362857142857143,0.0020203050891044218,1.7240430631626822,1.9691625518609828,0.0015432886097325438,0.26857142857142857,0.0020203050891044218,0.0020203050891044218,1.6669045240473812,9.688571428571429,2.2211017647152103,0.8852926547137302,15.434158640190223,15.4055158968389,13.311587643762559,16.816889245354382,19.10209346101341,0.0,0.0,2016,8
2016-09-01,393,0.7023357338657704,0.0,0.21204410517387615,0.0,0.16963528413910095,0.0,0.0,0.0,0.0,0.11063170704723974,0.0,0.0,0.0,0.0,0.0,0.0,0.0,0.0,0.5917040268185306,0.0,0.0,0.0,0.0,0.0,0.0,0.0,0.0,0.0,0.0,0.21204410517387615,0.0,0.0,0.0,0.0,0.0,0.0,0.0,0.0,0.0,0.0,0.0,0.0,0.0,0.16963528413910095,0.0,0.0,0.0,0.0,0.0,0.0,0.0,0.0,0.0,0.0,0.0,0.0,0.0,0.0,0.0,0.0,0.0,0.0,0.0,0.0,0.21204410517387615,0.0,15.972097474570248,5.33587786259542,0.016193285065340783,1.7061627556191972,1.9570216004750012,0.008695569997185182,0.24681933842239187,0.003598507792297952,0.016193285065340783,1.2538092088112176,9.748091603053435,2.22555459181543,-0.2047336607255334,15.594848392322161,15.526237342403272,13.298671797145387,16.820349396630334,19.100113536414437,0.0,0.00021204410517387616,2016,9
2016-10-01,470,0.13297872340425532,0.19342359767891681,0.13297872340425532,0.0,0.0,0.0,0.0,0.0,0.0,0.0,0.0,0.0,0.0,0.0,0.0,0.0,0.0,0.0,0.13297872340425532,0.0,0.0,0.0,0.0,0.19342359767891681,0.0,0.0,0.0,0.0,0.0,0.0,0.0,0.0,0.13297872340425532,0.0,0.0,0.0,0.0,0.0,0.0,0.0,0.0,0.0,0.0,0.0,0.0,0.0,0.0,0.0,0.0,0.0,0.0,0.0,0.0,0.0,0.0,0.0,0.0,0.0,0.0,0.0,0.0,0.0,0.0,0.0,0.3247480403135498,0.0,13.385548316382913,5.236170212765957,0.012035860105302937,1.7036073409697847,1.9097980702538209,0.0015850797906537348,0.2276595744680851,0.0,0.012035860105302937,1.34683578832515,9.440425531914894,2.2463577323126267,-1.164330283608735,15.659163692794484,15.490470183915306,13.34554401542234,16.838175339038308,19.396613185173887,0.0,0.0,2016,10
2016-11-01,505,0.16501650165016502,0.5595559555955595,0.385038503850385,0.0,0.0,0.0,0.0,0.0,0.0,0.0,0.0,0.0,0.0,0.0,0.0,0.0,0.16501650165016502,0.0,0.0,0.0,0.0,0.0,0.0,0.5595559555955595,0.0,0.0,0.0,0.0,0.0,0.0,0.0,0.0,0.385038503850385,0.0,0.0,0.0,0.0,0.0,0.0,0.0,0.0,0.0,0.0,0.0,0.0,0.0,0.0,0.0,0.0,0.0,0.0,0.0,0.0,0.0,0.0,0.0,0.0,0.0,0.0,0.0,0.0,0.0,0.0,0.0,0.16501650165016502,0.0,16.261785195972735,5.035643564356436,0.0014002114478941536,1.6901714018990766,1.8776195536278848,0.0007001057239470768,0.2514851485148515,0.0,0.0014002114478941536,2.035154064857035,8.928712871287129,2.27970198513885,-2.500174695886196,15.739856880668166,15.549492889841497,13.159553746375996,16.861347643646454,19.46483296380712,0.00029650023825912,0.0,2016,11
2016-12-01,452,0.4301868239921337,0.22123893805309736,0.0,0.0,0.0,0.0,0.0,0.0,0.0,0.0,0.24582104228121926,0.0,0.0,0.0,0.0,0.0,0.0,0.0,0.18436578171091444,0.0,0.0,0.0,0.0,0.22123893805309736,0.0,0.0,0.0,0.0,0.0,0.0,0.0,0.0,0.0,0.0,0.0,0.0,0.0,0.0,0.0,0.0,0.0,0.0,0.0,0.0,0.0,0.0,0.0,0.0,0.0,0.0,0.0,0.0,0.0,0.0,0.0,0.0,0.0,0.0,0.0,0.0,0.0,0.0,0.0,0.0,0.39331366764995085,0.0,15.14847989956897,5.327433628318584,0.0,1.7197674846825866,1.8989555856859928,0.001955494416998196,0.22566371681415928,0.0015643955335985565,0.0,0.9641762309643621,9.61504424778761,2.2089128741449024,0.8927346685308939,15.405009960248222,15.55274682750832,13.142267346203441,16.904268338703897,18.604342604115885,0.0,0.0,2016,12
2017-01-01,379,0.9995940734727015,0.7828583026472209,0.0,0.0,0.0,0.0,0.0,0.0,0.0,0.2029632636492795,0.0,0.0,0.5327785670793587,0.0,0.0,0.0,0.0,0.0,0.2638522427440633,0.0,0.0,0.0,0.0,0.7828583026472209,0.0,0.0,0.0,0.0,0.0,0.0,0.0,0.0,0.0,0.0,0.0,0.0,0.0,0.0,0.0,0.0,0.0,0.0,0.0,0.0,0.0,0.0,0.0,0.0,0.0,0.0,0.0,0.0,0.0,0.0,0.0,0.0,0.0,0.0,0.0,0.0,0.0,0.0,0.0,0.0,1.0447775619279576,0.0,16.02554772233003,5.332453825857519,0.02612003941058487,1.7047561524571795,1.9278134971461809,0.005601593485841415,0.23482849604221637,0.0037314342015121243,0.02612003941058487,1.8387907899781248,9.54089709762533,2.2646216455237056,-2.208793559843027,15.8383279395925,15.51312202370933,13.518851587521716,16.96092617202716,19.714592319515337,0.0,0.0,2017,1
2017-02-01,474,0.3851048154845623,0.0,0.0,0.0,0.0,0.0,0.0,0.0,0.0,0.0,0.0,0.0,0.0,0.0,0.0,0.0,0.0,0.1506931886678722,0.2344116268166901,0.0,0.0,0.0,0.0,0.0,0.0,0.0,0.0,0.0,0.0,0.0,0.0,0.0,0.0,0.0,0.0,0.0,0.0,0.0,0.0,0.0,0.0,0.0,0.0,0.0,0.0,0.0,0.0,0.0,0.0,0.0,0.0,0.0,0.0,0.0,0.0,0.0,0.0,0.0,0.0,0.0,0.0,0.0,0.0,0.0,0.0,0.0,13.753937934876133,5.213080168776371,0.0,1.6903426975101845,1.9308711847249882,0.0,0.21940928270042195,0.0,0.0,1.1612508447951486,9.407172995780591,2.2392741881453655,-0.13498011509918045,15.512956099684116,15.462895065932146,13.291508235840553,16.684635959949965,19.172849668869972,0.0005139024126365898,0.0,2017,2
2017-03-01,561,0.26107780118475304,0.0,0.0,0.0,0.0,0.0,0.0,0.0,0.08488243782361428,0.0,0.0,0.0,0.0,0.0,0.0,0.0,0.09902951079421667,0.0,0.16204829039053636,0.0,0.0,0.0,0.0,0.0,0.0,0.0,0.0,0.0,0.0,0.0,0.0,0.0,0.0,0.0,0.0,0.0,0.0,0.0,0.0,0.0,0.0,0.0,0.0,0.0,0.0,0.0,0.0,0.0,0.0,0.0,0.0,0.0,0.0,0.0,0.0,0.0,0.0,0.0,0.0,0.08488243782361428,0.0,0.0,0.0,0.0,0.2546473134708429,0.0,13.195529116416187,5.180035650623886,0.015125278741958235,1.6952009925445903,1.9152212176489507,0.0041444892625071275,0.20320855614973263,0.0025208797903263727,0.015125278741958235,0.7272171632033223,9.211824123588828,2.2334375471204746,-0.5927317449515129,15.522423858356131,15.467832290365028,13.121462169149893,16.970885540707755,18.91003485408876,0.0,0.0,2017,3
2017-04-01,447,0.4971414367387521,0.18642803877703207,0.33557046979865773,0.0,0.0,0.0,0.0,0.0,0.0,0.0,0.0,0.0,0.31071339796172004,0.0,0.0,0.0,0.0,0.0,0.18642803877703207,0.0,0.0,0.0,0.0,0.0,0.0,0.0,0.18642803877703207,0.0,0.0,0.0,0.0,0.0,0.33557046979865773,0.0,0.0,0.0,0.0,0.0,0.0,0.0,0.0,0.0,0.0,0.0,0.0,0.0,0.0,0.0,0.0,0.0,0.0,0.0,0.0,0.0,0.0,0.0,0.0,0.0,0.0,0.0,0.0,0.0,0.0,0.0,0.36853436121034855,0.0,14.991631133557702,5.221476510067114,0.0015818943650705761,1.700300432012756,1.989985511358557,0.0010696619040001046,0.2639821029082774,0.0031637887301411522,0.0015818943650705761,1.8219019798174951,9.684563758389261,2.2597086569753553,-3.162115683369116,15.993750796841008,15.570206093725696,13.49335092439473,17.482856580332054,19.602154097456115,0.0003977131493910017,0.0,2017,4
2017-05-01,627,0.25891174216533064,0.19936204146730463,0.19366598313966735,0.0,0.0,0.0,0.0,0.0,0.0,0.0,0.0,0.0,0.1449905756125852,0.0,0.0,0.0,0.1139211665527455,0.0,0.0,0.0,0.19936204146730463,0.0,0.0,0.0,0.0,0.0,0.0,0.0,0.0,0.0,0.1139211665527455,0.0,0.07974481658692185,0.0,0.0,0.0,0.0,0.0,0.0,0.0,0.0,0.0,0.0,0.0,0.0,0.0,0.0,0.0,0.0,0.0,0.0,0.0,0.0,0.0,0.0,0.0,0.0,0.0,0.0,0.0,0.0,0.0,0.0,0.0,0.10632642211589581,0.0,15.844101520031423,5.119617224880383,0.0033832860343853944,1.672440667550093,1.9017321816264887,0.002519391416631005,0.21212121212121213,0.0,0.0033832860343853944,1.1039421326502665,9.208931419457736,2.246711309395179,-1.6198406693888059,15.653161357444173,15.594763537611092,13.14437555252682,17.188038348325566,19.37217159379898,0.0,0.00020773859783147707,2017,5
2017-06-01,537,0.4366831182473641,0.2527869764149751,0.37243947858473,0.0,0.0,0.0,0.0,0.0,0.16929067208396817,0.0,0.0,0.0,0.0,0.0,0.0,0.0,0.0,0.16929067208396817,0.2673924461633959,0.0,0.0,0.0,0.0,0.2527869764149751,0.0,0.0,0.0,0.0,0.0,0.0,0.0,0.0,0.37243947858473,0.0,0.0,0.0,0.0,0.0,0.0,0.0,0.0,0.0,0.0,0.0,0.0,0.0,0.0,0.0,0.0,0.0,0.0,0.0,0.0,0.0,0.0,0.0,0.0,0.0,0.0,0.16929067208396817,0.0,0.0,0.0,0.0,0.13301409949454643,0.0,16.606529796666443,5.1750465549348235,0.013924157728040556,1.7032504456307649,1.9009046737364967,0.006630003422508193,0.24767225325884543,0.006100597545510045,0.013924157728040556,1.4079064276238118,9.242085661080074,2.2194542813365996,1.2267696735774685,15.283433973870741,15.34146951719196,13.00312305476243,16.82815304852233,18.665482509206672,0.0,0.0,2017,6
2017-07-01,514,0.5566543043503929,0.3117828993315375,0.0,0.0,0.0,0.0,0.0,0.0,0.0,0.0,0.0,0.0,0.149655791679138,0.0,0.0,0.0,0.08843296781039972,0.0,0.3185655448608551,0.0,0.0,0.0,0.0,0.3117828993315375,0.0,0.0,0.0,0.0,0.0,0.0,0.0,0.0,0.0,0.0,0.0,0.0,0.0,0.0,0.0,0.0,0.0,0.0,0.0,0.0,0.0,0.0,0.0,0.0,0.0,0.0,0.0,0.0,0.0,0.0,0.0,0.0,0.0,0.0,0.0,0.0,0.0,0.0,0.0,0.0,0.0,0.0,15.844584727954953,5.311284046692607,0.025348860824582816,1.7239985359570857,1.9430558582414963,0.009300657164876271,0.24124513618677043,0.002751388253644154,0.025348860824582816,2.2106447532595874,9.637483787289236,2.237528184907828,-0.07696729233889232,15.5588365372753,15.3713840935753,13.39542984611016,16.72712173985048,19.01552983751006,0.0,0.0,2017,7
2017-08-01,485,0.5638119040180894,0.3865979381443299,0.586213866990095,0.0,0.10851871947911014,0.0,0.0,0.0,0.0,0.0,0.0,0.0,0.0,0.0,0.0,0.0,0.0,0.0,0.5638119040180894,0.0,0.0,0.0,0.0,0.3865979381443299,0.0,0.0,0.0,0.0,0.0,0.13745704467353953,0.2425712553062462,0.0,0.20618556701030927,0.0,0.0,0.0,0.0,0.0,0.0,0.0,0.0,0.0,0.0,0.10851871947911014,0.0,0.0,0.0,0.0,0.0,0.0,0.0,0.0,0.0,0.0,0.0,0.0,0.0,0.0,0.0,0.0,0.0,0.0,0.0,0.0,0.21675918583135081,0.10309278350515463,18.73297552404507,5.34020618556701,0.016037473387736128,1.732426094263584,1.9764875350428797,0.003964556831368142,0.27628865979381445,0.0,0.016037473387736128,1.966340793780071,9.797938144329898,2.2160947966261397,1.2749037639176466,15.40443166774145,15.401649996672443,13.360289475671184,16.853460868271178,18.802147139370867,0.0001374570446735395,0.0003800282999797858,2017,8
2017-09-01,548,0.34975669099756695,0.4724973931178311,0.5218337815341273,0.0,0.12165450121654502,0.0,0.0,0.0,0.0,0.0,0.0,0.0,0.12165450121654502,0.0,0.0,0.0,0.0,0.0,0.2281021897810219,0.0,0.0,0.0,0.0,0.4724973931178311,0.0,0.0,0.0,0.0,0.0,0.0,0.12165450121654502,0.0,0.40017928031758226,0.0,0.0,0.0,0.0,0.0,0.0,0.0,0.0,0.0,0.0,0.12165450121654502,0.0,0.0,0.0,0.0,0.0,0.0,0.0,0.0,0.0,0.0,0.0,0.0,0.0,0.0,0.0,0.0,0.0,0.0,0.0,0.0,0.0,0.0,13.803349558473737,5.2226277372262775,0.02322613514846324,1.7055138911614023,1.9282899374550833,0.0054206668759399735,0.2354014598540146,0.0025806816831625825,0.02322613514846324,1.9295272555792091,9.331204379562044,2.2756286269485693,-4.138395764690884,16.053586928456742,15.39862228072733,13.461859573268619,17.31840457295674,19.851612774400127,0.0,0.00030413625304136254,2017,9
2017-10-01,733,1.017335703556713,0.09744689144416294,0.41203301776289497,0.0,0.0,0.0,0.0,0.0,0.0,0.0,0.0,0.0,0.29455537641076524,0.0,0.0,0.0,0.0,0.0,0.7227803271459479,0.0,0.0,0.0,0.0,0.09744689144416294,0.0,0.0,0.0,0.0,0.0,0.0,0.0,0.0,0.41203301776289497,0.0,0.0,0.0,0.0,0.0,0.0,0.0,0.0,0.0,0.0,0.0,0.0,0.0,0.0,0.0,0.0,0.0,0.0,0.0,0.0,0.0,0.0,0.0,0.0,0.0,0.0,0.0,0.0,0.0,0.0,0.0,0.15158405335758676,0.11368804001819008,14.788390937924852,5.297407912687586,0.01157610010128045,1.6933130915919574,1.9232452604891457,0.003191083678712759,0.1882673942701228,0.002894025025320113,0.01157610010128045,1.0272898080753325,9.427694406548431,2.2424336345133127,-0.44928143813322363,15.569874674997175,15.510104204784055,13.168253156500839,16.86453698906819,18.94862189986208,0.0,0.0,2017,10
2017-11-01,801,0.552925365659448,0.2175311164075209,0.0,0.0,0.0,0.0,0.0,0.0,0.0,0.22541267859619918,0.0,0.0,0.0,0.0,0.0,0.0,0.0,0.12484394506866417,0.20266874199458468,0.0,0.0,0.0,0.0,0.2175311164075209,0.0,0.0,0.0,0.0,0.0,0.0,0.0,0.0,0.0,0.0,0.0,0.0,0.0,0.0,0.0,0.0,0.0,0.0,0.0,0.0,0.0,0.0,0.0,0.0,0.0,0.0,0.0,0.0,0.0,0.0,0.0,0.0,0.0,0.0,0.0,0.0,0.0,0.0,0.0,0.0,0.2741282391719345,0.0,18.21882603253993,5.227215980024969,0.014124480023701322,1.715258112390532,1.9264979141615293,0.006036788494978407,0.24469413233458176,0.005296680008887997,0.014124480023701322,1.5663659507654824,9.387640449438202,2.2572280464808,-2.2758475346159432,15.802429137942475,15.533895863965931,13.316827435584905,17.33915403114314,19.34616742654814,0.00014373480517773836,9.603380389897245e-05,2017,11
2017-12-01,579,0.8234641006661731,0.31663788140472077,0.2657101102696958,0.0,0.0,0.0,0.0,0.0,0.0,0.17271157167530224,0.0,0.0,0.3546755489760671,0.0,0.0,0.0,0.0,0.29607698001480387,0.0,0.0,0.0,0.0,0.0,0.0,0.0,0.0,0.31663788140472077,0.0,0.0,0.0,0.1328550551348479,0.0,0.1328550551348479,0.0,0.0,0.0,0.0,0.0,0.0,0.0,0.0,0.0,0.0,0.0,0.0,0.0,0.0,0.0,0.0,0.0,0.0,0.0,0.0,0.0,0.0,0.0,0.0,0.0,0.0,0.0,0.0,0.0,0.0,0.0,0.0,0.0,17.325887188707146,5.224525043177893,0.007327531411259561,1.71730004240282,1.9505544416765042,0.0038323034015511495,0.23316062176165803,0.0,0.007327531411259561,1.2006222660869028,9.622625215889464,2.237858955661014,-2.108880186783042,15.808846113420861,15.418554690913425,13.437604108743274,17.16627319426391,19.557265385832842,0.0,0.0001328550551348479,2017,12
2018-01-01,513,0.5670742512847775,0.649772579597141,0.4206860932007131,0.0,0.0,0.0,0.0,0.0,0.0,0.1949317738791423,0.0,0.0,0.17721070352649299,0.0,0.0,0.0,0.0,0.0,0.1949317738791423,0.0,0.0,0.0,0.0,0.649772579597141,0.0,0.0,0.0,0.0,0.0,0.0,0.149947518368571,0.0,0.2707385748321421,0.0,0.0,0.0,0.0,0.0,0.0,0.0,0.0,0.0,0.0,0.0,0.0,0.0,0.0,0.0,0.0,0.0,0.0,0.0,0.0,0.0,0.0,0.0,0.0,0.0,0.0,0.0,0.0,0.0,0.0,0.0,0.10259567046270647,0.0,19.61317721758274,5.265107212475634,0.01654050950143971,1.7248348794360648,1.93213333664686,0.006793373820277752,0.23976608187134502,0.0013783757917866424,0.01654050950143971,2.3647611636223513,9.612085769980506,2.2182938702250192,1.9867831521763624,15.280046886543621,15.327153109421316,13.29629090704409,16.455745410721985,18.848314517217165,0.0,0.00014994751836857101,2018,1
2018-02-01,841,0.3864447086801427,0.4549057759521493,0.19055459007896586,0.0,0.0,0.0,0.0,0.0,0.0,0.11890606420927467,0.0,0.0,0.0,0.0,0.0,0.0,0.0,0.11890606420927467,0.14863258026159334,0.0,0.0,0.0,0.0,0.4549057759521493,0.0,0.0,0.0,0.0,0.0,0.0,0.0,0.0,0.19055459007896586,0.0,0.0,0.0,0.0,0.0,0.0,0.0,0.0,0.0,0.0,0.0,0.0,0.0,0.0,0.0,0.0,0.0,0.0,0.0,0.0,0.0,0.0,0.0,0.0,0.0,0.0,0.0,0.0,0.0,0.0,0.0,0.1995626252463351,0.0,17.829564245788447,5.145065398335315,0.01765664970858204,1.698534787227943,1.9260522633731219,0.005450139323312314,0.1985731272294887,0.0016815856865316232,0.01765664970858204,0.8463049039743451,9.198573127229489,2.250309778133751,-2.5576576360949934,15.780433358479012,15.504049923427226,13.125670226082514,17.22018097310106,19.061260634728754,0.0,0.0,2018,2
2018-03-01,816,0.6132756132756132,0.3700037707390648,0.08753501400560225,0.0,0.0,0.0,0.0,0.0,0.0,0.0,0.0,0.0,0.0,0.0,0.0,0.0,0.326797385620915,0.0,0.28647822765469827,0.0,0.0,0.0,0.0,0.0,0.0,0.0,0.2757352941176471,0.09426847662141781,0.0,0.0,0.0,0.0,0.08753501400560225,0.0,0.0,0.0,0.0,0.0,0.0,0.0,0.0,0.0,0.0,0.0,0.0,0.0,0.0,0.0,0.0,0.0,0.0,0.0,0.0,0.0,0.0,0.0,0.0,0.0,0.0,0.0,0.0,0.0,0.0,0.0,0.23894440254734373,0.28594771241830064,18.280525893765173,5.186274509803922,0.013864838846795048,1.7127964395000868,1.9165844504047753,0.0030451252526747514,0.24142156862745098,0.0017331048558493812,0.013864838846795048,1.2699434520368775,9.39828431372549,2.2473157623906768,-1.22394594481358,15.664218716877308,15.438151903706624,13.235971963629183,17.04708453588707,19.044836038991797,7.659313725490196e-05,0.0,2018,3
2018-04-01,748,0.5512751352534634,0.26260504201680673,0.0,0.0,0.0,0.0,0.0,0.0,0.0,0.0,0.0,0.0,0.0,0.0,0.0,0.0,0.0,0.15597147950089127,0.39530365575257215,0.0,0.0,0.0,0.0,0.26260504201680673,0.0,0.0,0.0,0.0,0.0,0.0,0.0,0.0,0.0,0.0,0.0,0.0,0.0,0.0,0.0,0.0,0.0,0.0,0.0,0.0,0.0,0.0,0.0,0.0,0.0,0.0,0.0,0.0,0.0,0.0,0.0,0.0,0.0,0.0,0.0,0.0,0.0,0.0,0.0,0.0,0.2513826043237808,0.11140819964349376,16.93149846222643,5.280748663101604,0.010398629135096288,1.7077908252761342,1.9166210180363625,0.0022226507079886543,0.20454545454545456,0.0018906598427447796,0.010398629135096288,1.1957695297478579,9.568850267379679,2.238729327215697,-0.9320458216286559,15.657893069304173,15.482354731527648,13.282418421871348,17.18437690600368,19.08433041506776,0.0,0.0,2018,4
2018-05-01,1128,0.6647693154603967,0.21467806980948406,0.0,0.0,0.0,0.0,0.0,0.0,0.0,0.08865248226950355,0.0,0.0,0.2251491613193741,0.0,0.0,0.0,0.0,0.25322262731796386,0.0977450445535552,0.0,0.0,0.0,0.0,0.21467806980948406,0.0,0.0,0.0,0.0,0.0,0.0,0.0,0.0,0.0,0.0,0.0,0.0,0.0,0.0,0.0,0.0,0.0,0.0,0.0,0.0,0.0,0.0,0.0,0.0,0.0,0.0,0.0,0.0,0.0,0.0,0.0,0.0,0.0,0.0,0.0,0.0,0.0,0.0,0.0,0.0,0.5037563964018084,0.0,17.501119747300255,5.056737588652482,0.00940301570726792,1.686277756609619,1.9253018115151774,0.0035580396328011186,0.20301418439716312,0.0012537354276357226,0.00940301570726792,1.360102287042212,9.117021276595745,2.237472817034675,-1.0625103006280316,15.564090642504988,15.55151561885331,12.955298630137658,17.19583973484794,18.78586840816684,0.00011081560283687943,0.0,2018,5
2018-06-01,1109,0.6270221289051183,0.1690712353471596,0.14638202194559272,0.0,0.0,0.0,0.0,0.0,0.0,0.0,0.0,0.0,0.1821642939767376,0.0,0.0,0.0,0.1288161793121216,0.0,0.31604165561625913,0.0,0.0,0.0,0.0,0.1690712353471596,0.0,0.0,0.0,0.0,0.0,0.0,0.0644080896560608,0.0,0.08197393228953193,0.0,0.0,0.0,0.0,0.0,0.0,0.0,0.0,0.0,0.0,0.0,0.0,0.0,0.0,0.0,0.0,0.0,0.0,0.0,0.0,0.0,0.0,0.0,0.0,0.0,0.0,0.0,0.0,0.0,0.0,0.0,0.3142334071098724,0.0,19.191797377922693,5.146077547339946,0.009564113361405061,1.6868139302391802,1.9032890148994204,0.002488187587197285,0.2146077547339946,0.0006376075574270041,0.009564113361405061,1.7402757117852021,9.140667267808837,2.227344983871833,0.17562510901959308,15.404261950880592,15.398891345978795,12.952318431729148,17.114529863682435,18.897960820673024,0.0001127141568981064,0.00014638202194559272,2018,6
2018-07-01,927,0.2640293902429825,0.15410695022345508,0.10787486515641856,0.0,0.0,0.0,0.0,0.0,0.0,0.08298066550493736,0.0,0.0,0.0,0.0,0.0,0.0,0.09806805923310777,0.08298066550493736,0.0,0.0,0.0,0.0,0.0,0.0,0.0,0.0,0.15410695022345508,0.0,0.0,0.0,0.10787486515641856,0.0,0.0,0.0,0.0,0.0,0.0,0.0,0.0,0.0,0.0,0.0,0.0,0.0,0.0,0.0,0.0,0.0,0.0,0.0,0.0,0.0,0.0,0.0,0.0,0.0,0.0,0.0,0.0,0.0,0.0,0.0,0.0,0.0,0.0,0.05993048064245474,19.23926596857854,5.227615965480044,0.003813952433584398,1.7164101416683721,1.9345917222813385,0.001131472555296705,0.21898597626752966,0.0,0.003813952433584398,1.2630543374879943,9.581445523193096,2.2380006777679284,-1.0196284745184028,15.662854157662652,15.468512590621556,13.250328139096299,17.170283626102382,18.906860880360234,0.0,0.00010787486515641856,2018,7
2018-08-01,784,0.6216501752216038,0.0,0.0,0.0,0.0,0.0,0.0,0.0,0.0,0.0,0.0,0.0,0.0,0.0,0.0,0.0,0.0,0.31436817151102864,0.3072820037105751,0.0,0.0,0.0,0.0,0.0,0.0,0.0,0.0,0.0,0.0,0.0,0.0,0.0,0.0,0.0,0.0,0.0,0.0,0.0,0.0,0.0,0.0,0.0,0.0,0.0,0.0,0.0,0.0,0.0,0.0,0.0,0.0,0.0,0.0,0.0,0.0,0.0,0.0,0.0,0.0,0.0,0.0,0.0,0.0,0.0,0.7278506640751539,0.0,17.983967646332594,5.404336734693878,0.0063134534034513185,1.7440341985022851,1.950095156158755,0.002372913609120308,0.23979591836734693,0.0018038438295575193,0.0063134534034513185,1.3047583686365516,9.902423469387756,2.2116154059510755,0.36914888093913345,15.550791296869063,15.376584184789818,13.37497415386616,16.978564833932694,18.714906918877613,0.00014045796890184645,0.0,2018,8
2018-09-01,957,0.6005720739263058,0.414131169709263,0.1698014629049112,0.0,0.0,0.0,0.0,0.0,0.05805178218971322,0.0,0.0,0.0,0.0,0.0,0.0,0.0,0.09499382540134892,0.15304560759106212,0.35253264093389486,0.0,0.0,0.0,0.0,0.32705349642469317,0.0,0.0,0.08707767328456983,0.0,0.0,0.0,0.0,0.0,0.1698014629049112,0.0,0.0,0.0,0.0,0.0,0.0,0.0,0.0,0.0,0.0,0.0,0.0,0.0,0.0,0.0,0.0,0.0,0.0,0.0,0.0,0.0,0.0,0.0,0.0,0.0,0.0,0.05805178218971322,0.0,0.0,0.0,0.0,0.20659604838103823,0.0,18.601212558590497,5.306165099268547,0.026166803093356967,1.7224717459407395,1.9262664121298232,0.006131445902118963,0.21003134796238246,0.002955514236934368,0.026166803093356967,1.8603937398884844,9.552769070010449,2.2443036770701412,-2.8536579446888637,15.908131686221395,15.455856002767277,13.30547560391352,17.4281083024348,19.12100080981285,0.00018207149868591877,0.0,2018,9
2018-10-01,1248,0.3171741452991453,0.403372668997669,0.265758547008547,0.0,0.0,0.0,0.0,0.0,0.05723443223443224,0.0,0.0,0.0,0.06677350427350427,0.0,0.0,0.0,0.0,0.1502403846153846,0.10016025641025642,0.0,0.0,0.0,0.0,0.32324446386946387,0.0,0.0,0.08012820512820513,0.0,0.0,0.0,0.11217948717948718,0.0,0.15357905982905984,0.0,0.0,0.0,0.0,0.0,0.0,0.0,0.0,0.0,0.0,0.0,0.0,0.0,0.0,0.0,0.0,0.0,0.0,0.0,0.0,0.0,0.0,0.0,0.0,0.0,0.0,0.05723443223443224,0.0,0.0,0.0,0.0,0.13354700854700854,0.06163708086785011,18.488989332034258,5.221153846153846,0.005665919721046054,1.7123963099487607,1.9245940279523315,0.001394324731352295,0.2267628205128205,0.0005665919721046054,0.005665919721046054,1.8220923799260902,9.453926282051283,2.2395790231882344,-1.2543991467800129,15.664467546136624,15.4578841091301,13.14210400925595,17.09283385745712,18.68827940302266,0.0,0.00011217948717948719,2018,10
2018-11-01,1196,0.5965954335519552,0.24547637423891605,0.21649546106067846,0.0,0.0,0.0,0.0,0.0,0.03981525720656155,0.0,0.0,0.0,0.08361204013377926,0.0,0.0,0.0,0.0,0.205410531497488,0.30757286192068806,0.0,0.0,0.0,0.0,0.24547637423891605,0.0,0.0,0.0,0.0,0.0,0.0,0.10451505016722408,0.0,0.11198041089345438,0.0,0.0,0.0,0.0,0.0,0.0,0.0,0.0,0.0,0.0,0.0,0.0,0.0,0.0,0.0,0.0,0.0,0.0,0.0,0.0,0.0,0.0,0.0,0.0,0.0,0.0,0.03981525720656155,0.0,0.0,0.0,0.0,0.37835317566775367,0.11148272017837237,19.884982650314974,5.157190635451505,0.016554339358882383,1.701411056434047,1.9503404033777791,0.0048837194424476565,0.20066889632107024,0.0017736792170231128,0.016554339358882383,1.4813993769581022,9.335284280936454,2.244837981567309,-2.3544413400189197,15.789093765501034,15.521641960942102,13.234249244810188,17.44646946328207,19.076284078595897,0.0,0.00031354515050167225,2018,11
2018-12-01,1022,0.23834612875708766,0.3669275929549902,0.19128054971087208,0.0,0.0,0.0,0.0,0.0,0.0,0.0752671985548698,0.0,0.0,0.0,0.0,0.0,0.0,0.0,0.0,0.16307893020221786,0.0,0.0,0.0,0.0,0.2446183953033268,0.0,0.0,0.1223091976516634,0.0,0.0,0.0,0.051498609537542483,0.0,0.13978194017332962,0.0,0.0,0.0,0.0,0.0,0.0,0.0,0.0,0.0,0.0,0.0,0.0,0.0,0.0,0.0,0.0,0.0,0.0,0.0,0.0,0.0,0.0,0.0,0.0,0.0,0.0,0.0,0.0,0.0,0.0,0.0,0.33541692054412214,0.0,17.487580492759133,5.324853228962818,0.010378279567317234,1.7286396383049412,1.951033545891716,0.0029151544730889587,0.21526418786692758,0.002075655913463447,0.010378279567317234,1.2072736889916826,9.58757338551859,2.241647949501497,-1.9231044723604631,15.791609030349782,15.411708929491397,13.290293144902362,17.214100049945106,19.05072554163721,0.0,0.0001404507532842068,2018,12
2019-01-01,1113,0.535583015367382,0.5794046225313072,0.4672414038990858,0.0,0.0,0.0,0.0,0.0,0.0,0.0,0.0,0.0,0.22325682703041194,0.0,0.0,0.0,0.02994908655286014,0.0,0.2823771017841099,0.0,0.0,0.0,0.0,0.49772529556896133,0.0,0.0,0.08167932696234582,0.0,0.0,0.0,0.41108686661247307,0.0,0.05615453728661276,0.0,0.0,0.0,0.0,0.0,0.0,0.0,0.0,0.0,0.0,0.0,0.0,0.0,0.0,0.0,0.0,0.0,0.0,0.0,0.0,0.0,0.0,0.0,0.0,0.0,0.0,0.0,0.0,0.0,0.0,0.0,0.6229859963806372,0.04728803139925285,18.51023887910639,5.236298292902067,0.009296575645826028,1.727141281205496,1.9360889074921646,0.0019626504850647894,0.23090745732255166,0.0019059481972683223,0.009296575645826028,1.3563562675660346,9.609613656783468,2.2235172651688933,-0.5428211033961431,15.607272463188572,15.320443154661687,13.148928441218283,17.13948541078144,18.689386538961095,9.98302885095338e-05,0.00041108686661247304,2019,1
2019-02-01,1135,0.45492686461849463,0.49399939267780674,0.25173064820641916,0.0,0.0,0.0,0.0,0.0,0.051826898160145116,0.05873715124816447,0.0,0.0,0.08009611533840609,0.0,0.0,0.0,0.0,0.0,0.31609359803192405,0.0,0.0,0.0,0.0,0.49399939267780674,0.0,0.0,0.0,0.0,0.0,0.0,0.06293266205160479,0.0,0.18879798615481436,0.0,0.0,0.0,0.0,0.0,0.0,0.0,0.0,0.0,0.0,0.0,0.0,0.0,0.0,0.0,0.0,0.0,0.0,0.0,0.0,0.0,0.0,0.0,0.0,0.0,0.0,0.051826898160145116,0.0,0.0,0.0,0.0,0.30455594332246316,0.0,17.399906386792818,5.251982378854626,0.006230015693273546,1.7081763989879182,1.9287242032159015,0.0032057386307411937,0.21233480176211453,0.0012460031386547093,0.006230015693273546,1.4627883130085773,9.376651982378855,2.2457274763817834,-2.591398613915245,15.827514404517421,15.459429945481164,13.18816403155527,17.412886128475073,19.08998394976649,0.00016152716593245228,6.293266205160478e-05,2019,2
2019-03-01,1017,0.16388069485414616,0.9218961609209744,0.2890259527427669,0.0,0.0,0.0,0.0,0.0,0.05462689828471539,0.0,0.0,0.0,0.16388069485414616,0.0,0.0,0.0,0.0,0.0,0.0,0.0,0.0,0.0,0.0,0.4708940875000219,0.1529553151972031,0.0,0.2980467582237494,0.0,0.0,0.0,0.06555227794165848,0.0,0.2234736748011084,0.0,0.0,0.0,0.0,0.0,0.0,0.0,0.0,0.0,0.0,0.0,0.0,0.0,0.0,0.0,0.0,0.0,0.0,0.0,0.0,0.0,0.0,0.0,0.0,0.0,0.0,0.05462689828471539,0.0,0.0,0.0,0.0,0.4128942182039527,0.0,16.978624768221742,5.32448377581121,0.01042930355732371,1.7223942146712903,1.9370289361915747,0.0023688665605202577,0.20747295968534907,0.0013905738076431613,0.01042930355732371,1.161671451154268,9.540806293018683,2.2414893200793338,-2.0255474191279443,15.795654695913992,15.419911447716652,13.279948335521444,17.401075924175135,19.007701407367986,0.00022240951444491266,6.555227794165847e-05,2019,3
2019-04-01,1111,0.4403237526549858,0.6145827264781265,0.1884803865001885,0.0,0.08182636445462728,0.0,0.0,0.0,0.052946471117700004,0.0,0.0,0.0,0.1384753860001385,0.0,0.0,0.0,0.0,0.06000600060006001,0.24184236605478732,0.0,0.0,0.0,0.0,0.450929997568872,0.0,0.0,0.16365272890925456,0.0,0.0,0.0,0.1884803865001885,0.0,0.0,0.0,0.0,0.0,0.0,0.0,0.0,0.0,0.0,0.0,0.0,0.08182636445462728,0.0,0.0,0.0,0.0,0.0,0.0,0.0,0.0,0.0,0.0,0.0,0.0,0.0,0.0,0.0,0.052946471117700004,0.0,0.0,0.0,0.0,0.29261047016048325,0.0,20.835560928767315,5.372637263726372,0.028004228957883074,1.7426078577685031,1.9536243660956163,0.00883590202697724,0.24302430243024303,0.003182298745213985,0.028004228957883074,1.3482678114435407,9.71962196219622,2.183582317934416,2.6069540842588093,15.192492630605445,15.301720865694804,13.102823255369708,16.92151778344261,18.27097751209186,0.0,0.00018848038650018847,2019,4
2019-05-01,1746,0.7854687086119214,0.3718456038043667,0.350239998006321,0.0,0.0,0.0,0.0,0.0,0.027273223149511805,0.0572737686139748,0.03181876034109711,0.0,0.2947822939737231,0.0,0.0,0.0,0.07187296453518406,0.0642160435974869,0.26550487755045543,0.0,0.0,0.0,0.0,0.3718456038043667,0.0,0.0,0.0,0.0,0.0,0.0,0.1279981950085043,0.0,0.22224180299781676,0.0,0.0,0.0,0.0,0.0,0.0,0.0,0.0,0.0,0.0,0.0,0.0,0.0,0.0,0.0,0.0,0.0,0.0,0.0,0.0,0.0,0.0,0.0,0.0,0.0,0.0,0.027273223149511805,0.0,0.0,0.0,0.0,0.38099468941393344,0.047728140511645666,20.025444586732455,5.111111111111111,0.006479787227368134,1.701546047697474,1.9242544872575966,0.0037152011831363603,0.21649484536082475,0.0012149601051315252,0.006479787227368134,1.321759802909995,9.187285223367697,2.2469114468884137,-2.5647574066463292,15.787174209050974,15.656661494355957,13.044191921006401,17.676968328903484,18.955176122091213,0.00020114002072764957,0.00018527196362247907,2019,5
2019-06-01,1639,0.6737149972755766,0.4735604033956688,0.15931123313673648,0.0,0.0,0.0,0.0,0.0,0.05546619335515003,0.02905372032888811,0.04067520846044336,0.0,0.11185682326621922,0.0,0.0,0.0,0.0,0.08295601725485159,0.40917322796517425,0.0,0.0,0.0,0.0,0.4735604033956688,0.0,0.0,0.0,0.0,0.0,0.0,0.06779201410073893,0.0,0.09151921903599756,0.0,0.0,0.0,0.0,0.0,0.0,0.0,0.0,0.0,0.0,0.0,0.0,0.0,0.0,0.0,0.0,0.0,0.0,0.0,0.0,0.0,0.0,0.0,0.0,0.0,0.0,0.05546619335515003,0.0,0.0,0.0,0.0,0.3875567301975083,0.0,16.378552000986172,5.175106772422208,0.009491366190423456,1.7032292959867503,1.9128994880259884,0.0032699331572346325,0.2324588163514338,0.002157128679641695,0.009491366190423456,0.980986872576738,9.189444783404515,2.2501859581703445,-2.6915940983039506,15.805121125434113,15.51360055095708,13.08620838849396,17.411075447547464,19.122250781046855,6.101281269066504e-05,6.779201410073893e-05,2019,6
2019-07-01,1213,0.5125839627076231,0.46519844541279004,0.6534696868579803,0.0,0.0,0.0,0.0,0.0,0.0,0.0,0.0,0.0,0.14656041036914902,0.0,0.0,0.0,0.0,0.22371601102021546,0.14230754131825854,0.0,0.0,0.0,0.0,0.3621481568719821,0.0,0.0,0.10305028854080792,0.0,0.0,0.0,0.10305028854080792,0.0,0.5504193983171723,0.0,0.0,0.0,0.0,0.0,0.0,0.0,0.0,0.0,0.0,0.0,0.0,0.0,0.0,0.0,0.0,0.0,0.0,0.0,0.0,0.0,0.0,0.0,0.0,0.0,0.0,0.0,0.0,0.0,0.0,0.0,0.8893132311007294,0.0,18.954379356153968,5.303380049464138,0.009909987864939249,1.7295759268153652,1.9884999141962645,0.002521406767317049,0.22341302555647155,0.0005829404626434853,0.009909987864939249,1.0308184206024682,9.66323165704864,2.2367645074889086,-2.340877582513518,15.856806665863212,15.506754177501206,13.312215899422476,17.339222457830612,19.17511475007426,4.580012824035907e-05,0.00020610057708161583,2019,7
2019-08-01,1023,0.5893254841361433,0.6359679746776521,0.3762501288444835,0.0,0.0,0.0,0.0,0.0,0.11404366243075921,0.0,0.0,0.0,0.23351797545345931,0.0,0.0,0.0,0.0,0.07519362358072036,0.28061388510196367,0.0,0.0,0.0,0.0,0.6359679746776521,0.0,0.0,0.0,0.0,0.0,0.0,0.1600612806045743,0.0,0.21618884823990914,0.0,0.0,0.0,0.0,0.0,0.0,0.0,0.0,0.0,0.0,0.0,0.0,0.0,0.0,0.0,0.0,0.0,0.0,0.0,0.0,0.0,0.0,0.0,0.0,0.0,0.0,0.11404366243075921,0.0,0.0,0.0,0.0,1.5776071084851488,0.2025172803161418,19.52423076764463,5.344086021505376,0.012441761545804356,1.7451240109886073,1.9708391297103838,0.003342155363107048,0.23558162267839688,0.0027648358990676344,0.012441761545804356,1.7760871225231196,9.855816226783968,2.2200384696440505,-0.7157857052277503,15.685352444163515,15.481181031994684,13.310179126008057,17.348267909256624,18.831226330883972,0.0001466275659824047,0.00016006128060457432,2019,8
2019-09-01,1379,0.8637111069697876,0.5510775180825942,0.37320668212618907,0.0,0.0725163161711385,0.0,0.0,0.0,0.08057368463459834,0.0,0.0,0.0,0.19952757476595076,0.0,0.0,0.0,0.06043026347594875,0.03625815808556925,0.5674951106423187,0.0,0.0,0.0,0.0,0.3502631040702107,0.0,0.0,0.20081441401238354,0.0,0.0,0.09064539521392313,0.11222763216961912,0.0,0.17033365474264678,0.0,0.0,0.0,0.0,0.0,0.0,0.0,0.0,0.0,0.0,0.0725163161711385,0.0,0.0,0.0,0.0,0.0,0.0,0.0,0.0,0.0,0.0,0.0,0.0,0.0,0.0,0.0,0.08057368463459834,0.0,0.0,0.0,0.0,0.32008650252902265,0.032961961895972045,20.639576185803772,5.269760696156635,0.00974258799314315,1.7135277528622723,1.9038189719188898,0.0045802716674209565,0.22770123277737492,0.001538303367338392,0.00974258799314315,1.360730654123138,9.381073241479333,2.258269633690231,-3.6942789853213522,15.985684259201657,15.489922825942038,13.260569223650357,17.759922761542903,19.105613429426132,0.000193376843123036,0.00020287302738354225,2019,9
2019-10-01,1760,0.4336383313656041,0.32943067033976126,0.19480519480519481,0.0,0.056818181818181816,0.0,0.0,0.0,0.03787878787878788,0.0,0.05165289256198347,0.0,0.07870916961826052,0.0,0.0,0.0,0.0,0.08116883116883117,0.2221074380165289,0.0,0.0,0.0,0.0,0.27777777777777773,0.0,0.0,0.05165289256198347,0.0,0.0,0.0,0.08116883116883117,0.0,0.11363636363636363,0.0,0.0,0.0,0.0,0.0,0.0,0.0,0.0,0.0,0.0,0.056818181818181816,0.0,0.0,0.0,0.0,0.0,0.0,0.0,0.0,0.0,0.0,0.0,0.0,0.0,0.0,0.0,0.03787878787878788,0.0,0.0,0.0,0.0,0.3572710682459486,0.07635644987423644,20.426660406079208,5.248295454545454,0.019686495612580016,1.7173594717111407,1.9434647525577253,0.0037162457508254794,0.225,0.0020088260829163283,0.019686495612580016,1.5298377013696813,9.442897727272728,2.2260452032224465,-1.621959270924983,15.70785741818834,15.576337035851996,13.184008838027834,17.50770105116857,19.019093868814284,0.00021261826408885232,8.116883116883117e-05,2019,10
2019-11-01,1529,0.5594062575749953,0.6816231259601464,0.2546251074701042,0.0,0.0,0.0,0.0,0.0,0.0,0.07266913741733885,0.0,0.0,0.09118579262464155,0.0,0.0,0.0,0.0,0.11395842004082685,0.28159290749218807,0.0,0.0,0.0,0.0,0.631313723132758,0.0,0.0,0.050309402827388446,0.0,0.0,0.0,0.1528883150858298,0.0,0.1017367923842744,0.0,0.0,0.0,0.0,0.0,0.0,0.0,0.0,0.0,0.0,0.0,0.0,0.0,0.0,0.0,0.0,0.0,0.0,0.0,0.0,0.0,0.0,0.0,0.0,0.0,0.0,0.0,0.0,0.0,0.0,0.0,0.6873428072354099,0.028435749424176076,20.315878130542806,5.3080444735120995,0.01542172465325193,1.7230796946031928,1.946759089604454,0.004026005851028032,0.22498364944408109,0.0017649905904180958,0.01542172465325193,1.1530232332847208,9.68432526705908,2.2268082629050823,-1.5549596341549803,15.756256771846365,15.466981905917034,13.350115542901747,17.449220615048645,19.058117832555585,3.442222298716051e-05,0.0001528883150858298,2019,11
2019-12-01,1288,0.7977450340150569,0.48365509935609574,0.5087361031369069,0.0,0.0554569653948536,0.0,0.0,0.0,0.0,0.0,0.0,0.0,0.38185657464833667,0.0,0.0,0.0,0.13736263736263737,0.07763975155279502,0.20088607045128787,0.0,0.0,0.0,0.0,0.30260918747494353,0.043133195307108345,0.0,0.1379127165740438,0.0,0.0,0.0,0.12939958592132506,0.0,0.37933651721558187,0.0,0.0,0.0,0.0,0.0,0.0,0.0,0.0,0.0,0.0,0.0554569653948536,0.0,0.0,0.0,0.0,0.0,0.0,0.0,0.0,0.0,0.0,0.0,0.0,0.0,0.0,0.0,0.0,0.0,0.0,0.0,0.0,0.8741786595047464,0.0,16.895894850435674,5.284937888198757,0.01152891491065023,1.7326306289379514,1.9396029577752225,0.0031453784088585476,0.24456521739130435,0.001097991896252403,0.01152891491065023,1.1112984390066962,9.648291925465838,2.2510286729404223,-2.2849188274968113,15.859782721647983,15.512331798900801,13.350933548280677,17.378159166110862,19.07661262854593,0.0,0.00012939958592132506,2019,12
2020-01-01,1115,0.6947798091295849,0.3069937038546904,0.43956541714389247,0.0,0.0,0.0,0.0,0.0,0.0,0.11584454409566519,0.0,0.0,0.35127055306427507,0.0,0.0,0.0,0.0,0.1586754053121766,0.06898930665746811,0.0,0.0,0.0,0.0,0.26215065452733616,0.0,0.0,0.04484304932735426,0.0,0.0,0.07473841554559042,0.1195814648729447,0.0,0.24524553672535732,0.0,0.0,0.0,0.0,0.0,0.0,0.0,0.0,0.0,0.0,0.0,0.0,0.0,0.0,0.0,0.0,0.0,0.0,0.0,0.0,0.0,0.0,0.0,0.0,0.0,0.0,0.0,0.0,0.0,0.0,0.0,1.1266170695011857,0.11881491702119505,21.37376398017945,5.402690582959641,0.016488588619596626,1.7422523377707324,1.9662572322280878,0.005441334907401072,0.21704035874439462,0.0031708824268455046,0.016488588619596626,1.9567357083843497,9.825112107623319,2.2242006266618035,-1.3357735046230657,15.75969552311936,15.487425681306773,13.345946424846556,17.497540003570382,18.998096170447745,0.0,0.00025037369207772794,2020,1
2020-02-01,1858,0.5996666696818662,0.48934291399307545,0.4113157503900238,0.0,0.05980145915560339,0.0,0.0,0.0,0.0,0.0,0.0,0.0,0.18116324391256322,0.0,0.0,0.0,0.11693321031318879,0.06535445179148086,0.2362157636646334,0.0,0.0,0.0,0.0,0.42206627244302164,0.0,0.0,0.06727664155005382,0.0,0.0,0.0,0.28316976648515935,0.0,0.1281459839048644,0.0,0.0,0.0,0.0,0.0,0.0,0.0,0.0,0.0,0.0,0.05980145915560339,0.0,0.0,0.0,0.0,0.0,0.0,0.0,0.0,0.0,0.0,0.0,0.0,0.0,0.0,0.0,0.0,0.0,0.0,0.0,0.0,0.5830445032148319,0.0,21.43290890614405,5.204520990312163,0.01293952129189592,1.7170538911668063,1.93141055256814,0.003532202033905761,0.20559741657696448,0.001902870778219988,0.01293952129189592,1.759665842645644,9.257265877287406,2.2354465388907383,-2.18471896498214,15.73685877551967,15.471599920435299,13.039286486853168,17.468424846131747,18.964800385992998,0.00023361998604194516,0.00047969910725561963,2020,2
2020-03-01,1403,0.4595982144093334,0.4586517861642595,0.2455056624693118,0.0,0.0,0.0,0.0,0.0,0.039597687495050285,0.05091131249363609,0.0,0.0,0.05939653124257543,0.0,0.0,0.0,0.14399159089109195,0.12610340479192939,0.07919537499010057,0.0,0.0,0.0,0.0,0.4111345611701991,0.04751722499406035,0.0,0.0,0.0,0.0,0.0,0.1663102874792112,0.0,0.07919537499010057,0.0,0.0,0.0,0.0,0.0,0.0,0.0,0.0,0.0,0.0,0.0,0.0,0.0,0.0,0.0,0.0,0.0,0.0,0.0,0.0,0.0,0.0,0.0,0.0,0.0,0.0,0.039597687495050285,0.0,0.0,0.0,0.0,0.46747423796604126,0.04751722499406035,22.412131125974824,5.344975053456878,0.013607899566669125,1.751320588319189,1.9712796028764161,0.0052043615891220465,0.23378474697077692,0.003023977681482028,0.013607899566669125,1.3927804198652383,9.754811119030649,2.224991948784756,-1.2268592073153062,15.736418860300947,15.432387937827377,13.302949281487749,17.36585735118158,18.76373692358546,0.00011879306248515086,0.00016631028747921122,2020,3
2020-04-01,1384,0.717522095150658,0.2663922461610323,0.23683365446371227,0.0,0.0,0.0,0.0,0.0,0.0,0.0,0.0,0.0,0.15698114505917973,0.0,0.0,0.0,0.14450867052023122,0.024915288020729516,0.39111699155051755,0.0,0.0,0.0,0.0,0.04816955684007707,0.0,0.0,0.2182226893209552,0.0,0.0,0.04816955684007707,0.1404945407835581,0.0,0.04816955684007707,0.0,0.0,0.0,0.0,0.0,0.0,0.0,0.0,0.0,0.0,0.0,0.0,0.0,0.0,0.0,0.0,0.0,0.0,0.0,0.0,0.0,0.0,0.0,0.0,0.0,0.0,0.0,0.0,0.0,0.0,0.0,0.8173823121914087,0.04816955684007707,22.052642515724088,5.416184971098266,0.02433642519722575,1.763464719030538,1.9854915220171931,0.005413746883778624,0.25578034682080925,0.0045982377389298616,0.02433642519722575,2.0041133458070055,10.027938342967245,2.2182646648051287,0.2645457654732661,15.603224675922254,15.363826041576464,13.457268108583774,17.374999399507388,18.890587871066003,0.0002618046693191202,0.0002338230571612074,2020,4
2020-05-01,1327,0.5424328394096557,0.6034822077141515,0.2672952936705763,0.0,0.0,0.0,0.0,0.0,0.037678975131876416,0.0,0.05023863350916855,0.0,0.13701445502500514,0.0,0.0,0.0,0.0,0.0,0.35517975087548204,0.0,0.0,0.0,0.0,0.4561659139654618,0.03966207908618569,0.0,0.0,0.10765421466250404,0.0,0.0,0.15908900611236707,0.0,0.10820628755820919,0.0,0.0,0.0,0.0,0.0,0.0,0.0,0.0,0.0,0.0,0.0,0.0,0.0,0.0,0.0,0.0,0.0,0.0,0.0,0.0,0.0,0.0,0.0,0.0,0.0,0.0,0.0,0.0,0.037678975131876416,0.0,0.0,0.7988980501349034,0.05382710733125202,18.50332584956454,5.409947249434816,0.023133748914721173,1.738554378691851,1.9709855247528363,0.00965615467552672,0.2614920874152223,0.003730028235347274,0.023133748914721173,1.9950928725638784,9.939336850037678,2.2163687276099817,-0.29735687130806987,15.646388974743493,15.302604435142758,13.372458923914017,17.222135027962857,18.848150548558003,6.279829188646068e-05,0.0003802482079733808,2020,5
2020-06-01,2555,0.9169626275646767,0.3692714113457753,0.3186691542855926,0.0,0.0,0.0,0.0,0.0,0.06305718634485757,0.0518887505188875,0.04348771472059143,0.0,0.3325524736828985,0.0,0.0,0.0,0.09241139378125679,0.125445330924783,0.27117696393625945,0.0,0.0,0.0,0.0,0.31335863527644353,0.0,0.0,0.05591277606933184,0.0,0.0,0.0,0.08525720854487978,0.0,0.23341194574071286,0.0,0.0,0.0,0.0,0.0,0.0,0.0,0.0,0.0,0.0,0.0,0.0,0.0,0.0,0.0,0.0,0.0,0.0,0.0,0.0,0.0,0.0,0.0,0.0,0.0,0.0,0.06305718634485757,0.0,0.0,0.0,0.0,0.3295508579265918,0.0,21.00452115914422,5.14559686888454,0.013837706089756312,1.707989401232042,1.9133381821163264,0.005130786872880186,0.22778864970645793,0.0027675412179512626,0.013837706089756312,1.6775271923273496,9.201956947162426,2.241049339065087,-2.2635519197168685,15.744585052382085,15.551472669202816,13.07464265406679,17.579651225132558,18.969540615027675,0.0001874631130991209,0.00010828011633813409,2020,6
2020-07-01,1797,0.36962251837921817,0.2963184098409474,0.25921645287254635,0.0,0.0,0.0,0.0,0.0,0.0,0.10665924689296978,0.0,0.0,0.03974878766197631,0.0,0.0,0.0,0.03709886848451122,0.08493688310927569,0.10117873223048515,0.0,0.0,0.0,0.0,0.1993554581200658,0.0,0.0,0.09696295172088161,0.0,0.0,0.0,0.13168909245703903,0.0,0.12752736041550733,0.0,0.0,0.0,0.0,0.0,0.0,0.0,0.0,0.0,0.0,0.0,0.0,0.0,0.0,0.0,0.0,0.0,0.0,0.0,0.0,0.0,0.0,0.0,0.0,0.0,0.0,0.0,0.0,0.0,0.0,0.0,0.5816376878654588,0.0,21.54709681236933,5.289927657206455,0.0062958867551389875,1.7208874028970507,1.9580195897567458,0.0013847203309665808,0.21814134668892599,0.0023609575331771204,0.0062958867551389875,1.0275812026149276,9.544518642181414,2.22086374406659,-1.7856829248552009,15.754681756489246,15.543313833657313,13.129678694350494,17.609615572864463,18.74569711985775,2.782415136338342e-05,0.00013168909245703903,2020,7
2020-08-01,1183,0.6922752273555317,0.24151672503320856,0.7697762626657261,0.0,0.0,0.0,0.0,0.0,0.0,0.0,0.05635390250774867,0.0,0.2627655522837264,0.0,0.0,0.0,0.0,0.2357931352014192,0.13736263736263737,0.0,0.0,0.0,0.0,0.24151672503320856,0.0,0.0,0.0,0.0,0.0,0.0,0.29375655587678856,0.0,0.47601970678893757,0.0,0.0,0.0,0.0,0.0,0.0,0.0,0.0,0.0,0.0,0.0,0.0,0.0,0.0,0.0,0.0,0.0,0.0,0.0,0.0,0.0,0.0,0.0,0.0,0.0,0.0,0.0,0.0,0.0,0.0,0.0,0.45310061311357097,0.042265426880811495,21.623743092316197,5.406593406593407,0.02151804236915952,1.728319693251459,1.9774143212746618,0.008751901824686636,0.24091293322062554,0.00119544679828664,0.02151804236915952,1.6872908250761167,9.812341504649197,2.236198113777878,-1.2987419599231127,15.763474972625904,15.432471627335683,13.408919277108732,17.370149096732227,19.060577272360035,0.0,0.00029375655587678855,2020,8
2020-09-01,1260,0.1734839234839235,0.5117589641399166,0.11574074074074073,0.0,0.0,0.0,0.0,0.0,0.0,0.0,0.0,0.0,0.07936507936507936,0.0,0.0,0.0,0.0,0.03306878306878307,0.06105006105006106,0.0,0.0,0.0,0.0,0.28358436096531336,0.0,0.0,0.22817460317460317,0.0,0.0,0.0,0.06613756613756613,0.0,0.0496031746031746,0.0,0.0,0.0,0.0,0.0,0.0,0.0,0.0,0.0,0.0,0.0,0.0,0.0,0.0,0.0,0.0,0.0,0.0,0.0,0.0,0.0,0.0,0.0,0.0,0.0,0.0,0.0,0.0,0.0,0.0,0.0,0.8958222460728725,0.0992063492063492,22.70048629465554,5.338888888888889,0.01908065917487509,1.7506350080201607,1.9743615408274298,0.006481022599604489,0.23492063492063492,0.002805979290422808,0.01908065917487509,1.4504036746038809,9.80595238095238,2.2288067724325296,-2.581278186090245,15.929249198570211,15.486267681852723,13.421580168503931,17.62842516545781,19.186537220496533,7.215007215007215e-05,6.613756613756613e-05,2020,9
2020-10-01,1248,0.787413708086785,0.35329254079254074,0.3398600153407846,0.0,0.08012820512820513,0.0,0.0,0.0,0.0,0.08903133903133902,0.06677350427350427,0.0,0.11505588428665352,0.0,0.0,0.0,0.0,0.06163708086785011,0.45491589962743806,0.0,0.0,0.0,0.0,0.35329254079254074,0.0,0.0,0.0,0.0,0.0,0.0,0.0,0.0,0.3398600153407846,0.0,0.0,0.0,0.0,0.0,0.0,0.0,0.0,0.0,0.0,0.08012820512820513,0.0,0.0,0.0,0.0,0.0,0.0,0.0,0.0,0.0,0.0,0.0,0.0,0.0,0.0,0.0,0.0,0.0,0.0,0.0,0.0,0.5974438666746359,0.0,17.96634538195649,5.227564102564102,0.020397310995765795,1.7137109812190907,1.9304037008115882,0.006963940640689521,0.21955128205128205,0.005665919721046054,0.020397310995765795,1.401730932974731,9.444711538461538,2.236689398668827,-1.4126546872255235,15.695332866575095,15.471137287566675,13.173155863936268,17.50642324291976,18.876468820240273,0.0,0.00014245014245014244,2020,10
2020-11-01,858,0.6565437702142077,0.6147051601597056,0.5566779990885298,0.0,0.0,0.07770007770007771,0.0,0.0,0.06855889208830385,0.0,0.0,0.0,0.24326944389640315,0.0,0.0,0.0,0.0,0.18777518777518776,0.2254991385426168,0.0,0.0,0.0,0.0,0.4255004255004255,0.0,0.0,0.10595465140919685,0.08325008325008325,0.0,0.0,0.0,0.0,0.5566779990885298,0.0,0.0,0.0,0.0,0.0,0.0,0.0,0.0,0.0,0.0,0.0,0.0,0.0,0.0,0.0,0.07770007770007771,0.0,0.0,0.0,0.0,0.0,0.0,0.0,0.0,0.0,0.0,0.06855889208830385,0.0,0.0,0.0,0.0,1.1368578837294332,0.05827505827505827,17.516431335791914,5.411421911421911,0.004120668888033493,1.7394740288826527,1.9740513464775193,0.001765227954964651,0.25990675990675993,0.0016482675552133975,0.004120668888033493,1.5737040546789622,10.044871794871796,2.2431001305153124,-2.3799923798312244,15.961196827114069,15.420779948278978,13.676848616528373,17.47352162256147,19.62280054217622,0.0,9.712509712509713e-05,2020,11
2020-12-01,843,0.8208285291182508,0.4322157347068379,0.05931198102016608,0.0,0.0,0.0,0.0,0.0,0.0,0.16381404281760154,0.0847314014573801,0.0,0.2059443785422433,0.0,0.0,0.0,0.0,0.0,0.36633870630102566,0.0,0.0,0.0,0.0,0.3004113324398022,0.0,0.0,0.13180440226703571,0.0,0.0,0.0,0.0,0.0,0.05931198102016608,0.0,0.0,0.0,0.0,0.0,0.0,0.0,0.0,0.0,0.0,0.0,0.0,0.0,0.0,0.0,0.0,0.0,0.0,0.0,0.0,0.0,0.0,0.0,0.0,0.0,0.0,0.0,0.0,0.0,0.0,0.0,0.6868630481776807,0.0,18.275499302266816,5.340450771055753,0.010065576956392137,1.7463340181134994,1.9866713608773678,0.00345018440901974,0.2704626334519573,0.0016775961593986893,0.010065576956392137,1.9146646815685961,10.011269276393831,2.22750184815763,0.07134002038124003,15.63021675207676,15.385749105078435,13.468214380413661,17.002887174042627,19.052529673969318,0.0001482799525504152,9.124920156948627e-05,2020,12
2021-01-01,671,0.5091902632886239,0.39919097296146483,0.14903129657228018,0.0,0.0,0.0,0.0,0.0,0.0,0.0,0.09935419771485346,0.0,0.0,0.0,0.0,0.0,0.0,0.1241927471435668,0.2856433184302037,0.0,0.0,0.0,0.0,0.39919097296146483,0.0,0.0,0.0,0.0,0.0,0.0,0.0,0.0,0.14903129657228018,0.0,0.0,0.0,0.0,0.0,0.0,0.0,0.0,0.0,0.0,0.0,0.0,0.0,0.0,0.0,0.0,0.0,0.0,0.0,0.0,0.0,0.0,0.0,0.0,0.0,0.0,0.0,0.0,0.0,0.0,0.0,1.2730521672399466,0.2608047690014903,16.089317808829836,5.454545454545454,0.013506157441770783,1.7393827729671636,1.977863865359635,0.006101833605509949,0.2906110283159464,0.004021863804395333,0.013506157441770783,2.0430222321489455,9.997267759562842,2.2379036574944675,-1.0713360045009963,15.793256628306757,15.308004804102021,13.604020284982758,17.124410153253077,19.394082488167538,0.0,0.0,2021,1
2021-02-01,942,0.36390243396612826,0.10615711252653928,0.2653927813163482,0.0,0.0,0.0,0.0,0.0,0.0,0.08846426043878272,0.0,0.0,0.0,0.0,0.0,0.0,0.08165931732810715,0.0,0.19377885619923835,0.0,0.0,0.0,0.0,0.0,0.0,0.0,0.10615711252653928,0.0,0.0,0.0,0.05307855626326964,0.0,0.21231422505307856,0.0,0.0,0.0,0.0,0.0,0.0,0.0,0.0,0.0,0.0,0.0,0.0,0.0,0.0,0.0,0.0,0.0,0.0,0.0,0.0,0.0,0.0,0.0,0.0,0.0,0.0,0.0,0.0,0.0,0.0,0.0,0.5092365761155571,0.0,18.151865686823758,5.2282377919320595,0.010509017979417903,1.7026395525907048,1.9532855652827164,0.001899546702232086,0.23036093418259024,0.0007506441413869932,0.010509017979417903,1.1885195310635552,9.579087048832271,2.252733673112004,-3.468011633958426,15.996960325578954,15.561089766778718,13.45608724425122,17.657379762078655,19.597644687271337,0.0001348026825733832,5.307855626326964e-05,2021,2
2021-03-01,819,0.22679683313167476,0.0,0.5940403376300812,0.0,0.0,0.0,0.0,0.0,0.08721437292865865,0.0,0.09392317084624778,0.0,0.0,0.0,0.0,0.0,0.07182360123536594,0.06105006105006105,0.0,0.0,0.0,0.0,0.0,0.0,0.0,0.0,0.0,0.0,0.0,0.111000111000111,0.2170668837335504,0.0,0.26597334289641983,0.0,0.0,0.0,0.0,0.0,0.0,0.0,0.0,0.0,0.0,0.0,0.0,0.0,0.0,0.0,0.0,0.0,0.0,0.0,0.0,0.0,0.0,0.0,0.0,0.0,0.0,0.08721437292865865,0.0,0.0,0.0,0.0,1.3418058235985406,0.23741690408357072,16.235417490336463,5.42002442002442,0.017267564864140356,1.7435206077751577,1.9626747353909224,0.0038687088770205545,0.27594627594627597,0.0025901347296210537,0.017267564864140356,1.9019546209977038,9.887667887667888,2.239930411152251,-1.2024101585087497,15.775576739116499,15.4345634721055,13.459923038200978,17.354650275912746,19.353165327320337,0.00010175010175010175,0.0003280669947336614,2021,3
2021-04-01,674,0.9520878474769574,0.31528189910979226,0.6514517290715948,0.0,0.0,0.0,0.0,0.0,0.0,0.26376524892845365,0.0,0.0,0.2713407711983747,0.0,0.0,0.0,0.0,0.0,0.41698182735012895,0.0,0.0,0.0,0.0,0.31528189910979226,0.0,0.0,0.0,0.0,0.0,0.0,0.08242664029014177,0.0,0.569025088781453,0.0,0.0,0.0,0.0,0.0,0.0,0.0,0.0,0.0,0.0,0.0,0.0,0.0,0.0,0.0,0.0,0.0,0.0,0.0,0.0,0.0,0.0,0.0,0.0,0.0,0.0,0.0,0.0,0.0,0.0,0.0,0.45216899816306344,0.0,20.249139764945774,5.44213649851632,0.011540318387317542,1.7499848699517198,2.012079714395535,0.0050471294072514696,0.24629080118694363,0.0010491198533925038,0.011540318387317542,2.1512612017063057,10.15727002967359,2.2441910239216005,-1.0791171260052896,15.823351578146514,15.355875760538073,13.759684615368506,17.22786553894203,19.641670416918974,0.0,8.242664029014178e-05,2021,4
2021-05-01,788,0.4244909067244093,0.4851271824622079,0.0,0.0,0.0,0.0,0.0,0.0,0.0,0.24227041993539455,0.0,0.0,0.08460236886632826,0.0,0.0,0.0,0.0,0.0,0.09761811792268646,0.0,0.0,0.0,0.0,0.3582236291627155,0.0,0.0,0.12690355329949238,0.0,0.0,0.0,0.0,0.0,0.0,0.0,0.0,0.0,0.0,0.0,0.0,0.0,0.0,0.0,0.0,0.0,0.0,0.0,0.0,0.0,0.0,0.0,0.0,0.0,0.0,0.0,0.0,0.0,0.0,0.0,0.0,0.0,0.0,0.0,0.0,0.0,0.31850663362819387,0.0,15.95959371949874,5.393401015228426,0.008076092678526558,1.7414385714423184,1.959341670606793,0.0019955213126306368,0.24238578680203046,0.0008973436309473954,0.008076092678526558,2.2479075769237014,9.964467005076141,2.201828178031454,1.6978803422242352,15.372167357073936,15.285091883708926,13.352637365499866,17.102709833497148,18.935918559283742,0.0,0.0,2021,5
2021-06-01,1145,0.6493804976912309,0.07939658594680428,0.23289665211062593,0.0,0.0,0.0,0.0,0.08733624454148471,0.0,0.0,0.0,0.0,0.16982047549733137,0.0,0.08733624454148471,0.0,0.07278020378457059,0.12791672180318467,0.19152685206465944,0.0,0.0,0.0,0.0,0.07939658594680428,0.0,0.0,0.0,0.0,0.0,0.0,0.0,0.0,0.23289665211062593,0.0,0.0,0.0,0.0,0.0,0.0,0.0,0.0,0.0,0.0,0.0,0.0,0.0,0.0,0.0,0.0,0.0,0.0,0.0,0.0,0.0,0.0,0.0,0.0,0.08733624454148471,0.0,0.0,0.0,0.0,0.0,0.0,0.8606689283545178,0.0,19.113811309398237,5.327510917030568,0.014203891674489601,1.7233040080034616,1.9217297628644785,0.002805979290422808,0.23755458515283842,0.001235121015173009,0.014203891674489601,1.3255355684073895,9.648471615720524,2.2361952622489314,-1.551561732656242,15.754331604880084,15.465790846837194,13.39133733396598,17.315675208624462,19.219449587046277,0.0,0.0,2021,6
2021-07-01,752,0.3571672122204037,0.3302548515314473,0.184692671394799,0.0,0.07822277847309136,0.0,0.0,0.0,0.07822277847309136,0.0,0.0,0.0,0.0,0.0,0.0,0.0,0.0,0.0,0.3571672122204037,0.0,0.09498480243161095,0.0,0.0,0.23527004909983634,0.0,0.0,0.0,0.0,0.0,0.0,0.11081560283687943,0.0,0.07387706855791962,0.0,0.0,0.0,0.0,0.0,0.0,0.0,0.0,0.0,0.0,0.07822277847309136,0.0,0.0,0.0,0.0,0.0,0.0,0.0,0.0,0.0,0.0,0.0,0.0,0.0,0.0,0.0,0.07822277847309136,0.0,0.0,0.0,0.0,0.11081560283687943,0.0,18.17626935102065,5.386968085106383,0.026328443980350173,1.749539127719003,1.9978465064637538,0.008743619353678417,0.26595744680851063,0.0018806031414535839,0.026328443980350173,2.0036276518989284,9.990691489361701,2.22868095496075,-1.33270418272743,15.808249912539775,15.357115264579258,13.690858784063707,17.420634074035398,19.58075792715689,0.0,0.00011081560283687943,2021,7
2021-08-01,511,1.2254216755195229,0.25353161618482456,0.0,0.0,0.1505343971097396,0.0,0.0,0.0,0.0,0.0,0.13978194017332962,0.0,0.2391824309632529,0.0,0.0,0.0,0.0,0.21743857360295715,0.6290187307799832,0.0,0.0,0.0,0.0,0.25353161618482456,0.0,0.0,0.0,0.0,0.0,0.0,0.0,0.0,0.0,0.0,0.0,0.0,0.0,0.0,0.0,0.0,0.0,0.0,0.0,0.1505343971097396,0.0,0.0,0.0,0.0,0.0,0.0,0.0,0.0,0.0,0.0,0.0,0.0,0.0,0.0,0.0,0.0,0.0,0.0,0.0,0.0,0.4287278662782289,0.1223091976516634,13.255895243302318,5.50293542074364,0.012681446745793183,1.7666379444544882,1.9866071637575689,0.006833641400130898,0.29158512720156554,0.0023622441901889383,0.012681446745793183,2.650451363743458,10.38600782778865,2.2344331642461275,-0.062078735622323584,15.752993177519064,15.248515621288643,13.827829230752839,17.070520220932973,19.287470868495266,0.00016307893020221786,0.0,2021,8
2021-09-01,669,0.2858128418666535,0.07867201636377939,0.6462008638215444,0.0,0.0,0.0,0.0,0.0,0.0,0.21463339848990073,0.0,0.0,0.0,0.0,0.0,0.0,0.0,0.07117944337675279,0.0,0.0,0.0,0.0,0.0,0.07867201636377939,0.0,0.0,0.0,0.0,0.0,0.0,0.18684603886397608,0.0,0.4593548249575683,0.0,0.0,0.0,0.0,0.0,0.0,0.0,0.0,0.0,0.0,0.0,0.0,0.0,0.0,0.0,0.0,0.0,0.0,0.0,0.0,0.0,0.0,0.0,0.0,0.0,0.0,0.0,0.0,0.0,0.0,0.0,0.8075071415878592,0.0,17.28429761604956,5.449925261584454,0.016911372943176024,1.7517470689610368,2.021286330348814,0.0032957959769939634,0.27802690582959644,0.003170882426845505,0.016911372943176024,2.5042120603977636,10.325859491778774,2.249382673030334,-3.684699257694706,16.215213700277644,15.505873824405823,13.901549646771212,17.55758706787328,19.83728806409937,0.00028649725959143,0.0001868460388639761,2021,9
2021-10-01,973,0.328957613130275,0.17129153819801302,0.3996802557953637,0.0,0.0,0.0,0.0,0.0,0.0,0.0,0.0,0.0,0.2433118440312685,0.0,0.0,0.0,0.0,0.0,0.08564576909900651,0.0,0.0,0.0,0.0,0.0,0.0,0.0,0.17129153819801302,0.0,0.0,0.0,0.0,0.0,0.3996802557953637,0.0,0.0,0.0,0.0,0.0,0.0,0.0,0.0,0.0,0.0,0.0,0.0,0.0,0.0,0.0,0.0,0.0,0.0,0.0,0.0,0.0,0.0,0.0,0.0,0.0,0.0,0.0,0.0,0.0,0.0,0.0,0.8032986372054247,0.06851661527920522,19.344819091068608,5.203494347379239,0.009314112685948816,1.7252490564774505,1.9612206607058187,0.002876026588878168,0.2569373072970195,0.0,0.009314112685948816,3.218560358832219,9.60688591983556,2.23372664489423,-2.3051381426390547,15.843932056837566,15.555870117889588,13.319827553716213,17.559095812680248,19.350889640152808,0.0,0.0,2021,10
2021-11-01,772,0.43409203059462126,0.4739287770375853,0.12953367875647667,0.0,0.09964129135113592,0.0,0.0,0.0,0.0,0.0,0.0,0.0,0.08095854922279792,0.0,0.0,0.0,0.0,0.0,0.3531334813718233,0.0,0.0,0.0,0.0,0.4739287770375853,0.0,0.0,0.0,0.0,0.0,0.0,0.0,0.0,0.12953367875647667,0.0,0.0,0.0,0.0,0.0,0.0,0.0,0.0,0.0,0.0,0.09964129135113592,0.0,0.0,0.0,0.0,0.0,0.0,0.0,0.0,0.0,0.0,0.0,0.0,0.0,0.0,0.0,0.0,0.0,0.0,0.0,0.0,0.5701162217849203,0.0,16.069664334514155,5.431347150259067,0.01099129711688934,1.7376181526826568,1.9742188408933943,0.0014128693885914838,0.26424870466321243,0.00183188285281489,0.01099129711688934,2.016377271434298,9.938471502590673,2.212497042566652,-1.0213093344679456,15.728376411905913,15.480535933856133,13.41635723004603,17.396682207842357,19.086538223518286,0.0004200031402103941,0.0,2021,11
2021-12-01,706,1.3379023169058164,0.20234722784297857,0.3056826711217646,0.0,0.0,0.0,0.0,0.0,0.0,0.0,0.3418742378915683,0.0,0.2596789423984891,0.0,0.0,0.0,0.19314962657738863,0.10117361392148928,0.442025896116881,0.0,0.0,0.0,0.0,0.20234722784297857,0.0,0.0,0.0,0.0,0.0,0.0,0.07869058860560277,0.0,0.22699208251616187,0.0,0.0,0.0,0.0,0.0,0.0,0.0,0.0,0.0,0.0,0.0,0.0,0.0,0.0,0.0,0.0,0.0,0.0,0.0,0.0,0.0,0.0,0.0,0.0,0.0,0.0,0.0,0.0,0.0,0.0,0.0,0.4551324779203466,0.0,16.351846503235745,5.434844192634561,0.0150235151810173,1.7291393859434836,1.9455612428568856,0.0022487579072538594,0.22521246458923513,0.00300470303620346,0.0150235151810173,1.456797035658892,9.907223796033994,2.2261513047385337,-0.6390575649001743,15.692340421541642,15.347265371023928,13.609200667299636,17.0551102657442,19.334253497014778,0.00011803588290840415,7.869058860560277e-05,2021,12
2022-01-01,638,0.8549979965587952,0.2346906274621561,0.08249463784853985,0.0,0.0,0.0,0.0,0.0,0.15673981191222572,0.11195700850873265,0.13061650992685475,0.0,0.21645021645021645,0.0,0.0,0.0,0.0,0.08249463784853985,0.31347962382445144,0.0,0.0,0.0,0.0,0.2346906274621561,0.0,0.0,0.0,0.0,0.0,0.0,0.08249463784853985,0.0,0.0,0.0,0.0,0.0,0.0,0.0,0.0,0.0,0.0,0.0,0.0,0.0,0.0,0.0,0.0,0.0,0.0,0.0,0.0,0.0,0.0,0.0,0.0,0.0,0.0,0.0,0.0,0.15673981191222572,0.0,0.0,0.0,0.0,0.6285424780722587,0.0,19.73918370187429,5.556426332288401,0.013299814066204655,1.7566405651448127,1.9795838866185673,0.0014100265838707712,0.26959247648902823,0.0,0.013299814066204655,2.6789678758146396,10.288401253918495,2.2239298610078295,0.6792447838194768,15.618102754794714,15.20232979922817,13.646243243311979,16.84863787503428,18.891841076080127,0.0,0.00019445164635727247,2022,1
2022-02-01,873,0.442933673174223,0.4340988017963963,0.10413412475268145,0.0,0.0,0.0,0.0,0.0,0.0,0.14752334339963205,0.045819014891179836,0.0,0.0,0.0,0.0,0.0,0.10413412475268145,0.0,0.14545719013072964,0.0,0.0,0.0,0.0,0.4340988017963963,0.0,0.0,0.0,0.0,0.0,0.0,0.10413412475268145,0.0,0.0,0.0,0.0,0.0,0.0,0.0,0.0,0.0,0.0,0.0,0.0,0.0,0.0,0.0,0.0,0.0,0.0,0.0,0.0,0.0,0.0,0.0,0.0,0.0,0.0,0.0,0.0,0.0,0.0,0.0,0.0,0.0,0.3249269092204205,0.143184421534937,18.141217017303536,5.374570446735395,0.009719680841052201,1.7410888749314384,1.9484410004075983,0.004484671421029441,0.24513172966781213,0.0024299202102630504,0.009719680841052201,1.7440992476367452,9.895189003436426,2.2474009137144058,-3.739216371601676,16.110061166901147,15.49495713954007,13.538919228921253,17.689300398436355,19.374827842610134,0.00024182257859233804,0.00010413412475268145,2022,2
2022-03-01,838,0.8111804896867371,0.2278151442829247,0.17632020970868184,0.0,0.0,0.0,0.0,0.0,0.0,0.29067988495196134,0.0,0.0,0.34915246202625116,0.0,0.0,0.0,0.0,0.09179364787956674,0.07955449482895784,0.0,0.0,0.0,0.0,0.11933174224343675,0.0,0.0,0.10848340203948796,0.0,0.0,0.0,0.0,0.0,0.17632020970868184,0.0,0.0,0.0,0.0,0.0,0.0,0.0,0.0,0.0,0.0,0.0,0.0,0.0,0.0,0.0,0.0,0.0,0.0,0.0,0.0,0.0,0.0,0.0,0.0,0.0,0.0,0.0,0.0,0.0,0.0,0.0,0.0628061801281246,0.08523695874531197,19.966300678417575,5.433174224343675,0.01350084546418229,1.753175796184416,1.9901646196649776,0.005720923346281391,0.2756563245823389,0.0042190142075569665,0.01350084546418229,2.2401433824761616,10.040572792362768,2.2251268513213716,-0.39539097416191304,15.694402722187,15.31231911781986,13.612153218873557,17.25290262865303,19.284559822351348,0.00030306474220555366,9.944311853619729e-05,2022,3
2022-04-01,579,0.49579966227859895,0.3297220913801225,0.0,0.0,0.0,0.0,0.0,0.0,0.0,0.0,0.0,0.0,0.0,0.0,0.0,0.0,0.0,0.0,0.49579966227859895,0.0,0.0,0.0,0.0,0.3297220913801225,0.0,0.0,0.0,0.0,0.0,0.0,0.0,0.0,0.0,0.0,0.0,0.0,0.0,0.0,0.0,0.0,0.0,0.0,0.0,0.0,0.0,0.0,0.0,0.0,0.0,0.0,0.0,0.0,0.0,0.0,0.0,0.0,0.0,0.0,0.0,0.0,0.0,0.0,0.0,0.0,0.598987436079786,0.0,16.539459485348544,5.398963730569948,0.006106276176049633,1.730298414895292,1.982354035226238,0.0002900481183623574,0.26770293609671847,0.0012212552352099267,0.006106276176049633,2.547618888962466,10.01986183074266,2.2906194034011724,-6.747488351973262,16.571685947042305,15.652733394797991,13.962098147484559,18.12755906614923,20.234412311668653,0.0,0.0,2022,4
2022-05-01,823,0.4720010854777615,0.2733900364520049,0.2868907789928446,0.0,0.0,0.0,0.0,0.0,0.0,0.0,0.0,0.0,0.05282899255111205,0.0,0.0,0.0,0.1012555690562981,0.17447113437392903,0.1434453894964223,0.0,0.0,0.0,0.0,0.15188335358444716,0.0,0.0,0.12150668286755771,0.0,0.0,0.0,0.0,0.0,0.2868907789928446,0.0,0.0,0.0,0.0,0.0,0.0,0.0,0.0,0.0,0.0,0.0,0.0,0.0,0.0,0.0,0.0,0.0,0.0,0.0,0.0,0.0,0.0,0.0,0.0,0.0,0.0,0.0,0.0,0.0,0.0,0.0,0.8937340362805605,0.06750371270419872,15.108034749251061,5.325637910085055,0.012887729912270003,1.7260553434704153,1.977002099692535,0.0029840838362800034,0.24301336573511542,0.0017183639883026672,0.012887729912270003,1.2564192492360602,9.955650060753342,2.216178195318372,-1.286294460733374,15.782503231933656,15.524468983941112,13.534016452379687,17.475130240272037,19.239372374942988,0.00011046062078868883,0.0,2022,5
2022-06-01,1020,0.5106739665563195,0.10893246187363834,0.09531590413943354,0.0,0.0,0.0,0.0,0.0,0.09803921568627451,0.1400560224089636,0.06535947712418301,0.0,0.0,0.0,0.0,0.0,0.0,0.04084967320261438,0.26440879382055854,0.0,0.0,0.0,0.0,0.0,0.0,0.0,0.10893246187363834,0.0,0.0,0.0,0.0,0.0,0.09531590413943354,0.0,0.0,0.0,0.0,0.0,0.0,0.0,0.0,0.0,0.0,0.0,0.0,0.0,0.0,0.0,0.0,0.0,0.0,0.0,0.0,0.0,0.0,0.0,0.0,0.0,0.0,0.09803921568627451,0.0,0.0,0.0,0.0,1.0899113061742818,0.0,16.97214877244319,5.314705882352941,0.01871753244317332,1.7330084058037678,1.9461270480824413,0.00844822344097165,0.23039215686274508,0.0020797258270192575,0.01871753244317332,1.374020859314977,9.609803921568627,2.259698543721802,-3.4879542665114056,16.013217436746533,15.557539764684819,13.431677990519878,17.658900760321576,19.516892385119487,7.002801120448179e-05,0.0,2022,6
2022-07-01,673,0.8258395888410747,0.5572065378900446,0.2948182740158966,0.0,0.0,0.0,0.0,0.0,0.0,0.0,0.0,0.0,0.0,0.0,0.0,0.0,0.0,0.07429420505200594,0.7515453837890688,0.0,0.0,0.0,0.0,0.5572065378900446,0.0,0.0,0.0,0.0,0.10613457864572277,0.0,0.10613457864572277,0.0,0.08254911672445105,0.0,0.0,0.0,0.0,0.0,0.0,0.0,0.0,0.0,0.0,0.0,0.0,0.0,0.0,0.0,0.0,0.0,0.0,0.0,0.0,0.0,0.0,0.0,0.0,0.0,0.0,0.0,0.0,0.0,0.0,0.0,1.3499254583949978,0.0,17.897236837825513,5.3224368499257055,0.01786153830634667,1.7321379522181808,1.991262738178272,0.00393504198261671,0.26151560178306094,0.0,0.01786153830634667,2.9275136870626777,9.986627043090639,2.229365094722259,-2.199178834194966,15.917642402387886,15.498208005195577,13.569761955782182,17.381738083961352,19.309370592409124,0.0,0.00010613457864572277,2022,7
2022-08-01,682,0.5306995344946008,0.11279043537108055,0.3878595337539619,0.0,0.0,0.0,0.0,0.0,0.0,0.0,0.0,0.0,0.21752441107279816,0.0,0.0,0.0,0.0,0.12218963831867057,0.19098548510313218,0.0,0.0,0.0,0.0,0.11279043537108055,0.0,0.0,0.0,0.0,0.0,0.0,0.0,0.0,0.3878595337539619,0.0,0.0,0.0,0.0,0.0,0.0,0.0,0.0,0.0,0.0,0.0,0.0,0.0,0.0,0.0,0.0,0.0,0.0,0.0,0.0,0.0,0.0,0.0,0.0,0.0,0.0,0.0,0.0,0.0,0.0,0.0,0.6183332796236022,0.0,14.975159092872763,5.489736070381231,0.02073626924300726,1.7534138427862338,1.9964047146703245,0.005265232000970657,0.26099706744868034,0.002073626924300726,0.02073626924300726,1.5388209944032434,10.234604105571847,2.234972391520243,-2.268008063839601,15.988186787132753,15.455462293903022,13.747969830696448,17.363942769459396,19.504697425074788,0.0,8.145975887911372e-05,2022,8
2022-09-01,706,0.377260841141861,0.42554235188796097,0.07869058860560277,0.0,0.0,0.0,0.0,0.0,0.0,0.0,0.0,0.0,0.1089561996077577,0.0,0.0,0.0,0.2683046415341033,0.0,0.0,0.0,0.0,0.0,0.0,0.42554235188796097,0.0,0.0,0.0,0.0,0.0,0.0,0.0,0.0,0.07869058860560277,0.0,0.0,0.0,0.0,0.0,0.0,0.0,0.0,0.0,0.0,0.0,0.0,0.0,0.0,0.0,0.0,0.0,0.0,0.0,0.0,0.0,0.0,0.0,0.0,0.0,0.0,0.0,0.0,0.0,0.0,0.0,0.5497099689734251,0.0,16.957965244435044,5.460339943342777,0.006169904187532772,1.7415630388710426,1.954494436435473,0.002359804339515366,0.28328611898017,0.00300470303620346,0.006169904187532772,2.1323862514804373,10.091359773371105,2.232126909249992,-0.653614005601635,15.738179921139748,15.371307166782527,13.707848856113209,17.069211799282932,19.416960411731896,0.00011803588290840415,0.0,2022,9
2022-10-01,987,0.5516154452324665,0.25530306685321885,0.38034126180022837,0.0,0.0,0.0,0.0,0.0,0.0,0.0,0.0,0.0,0.10131712259371833,0.0,0.0,0.0,0.06754474839581223,0.11257458065968703,0.2701789935832489,0.0,0.0,0.0,0.0,0.1286566636110709,0.0,0.0,0.0,0.12664640324214793,0.0,0.0,0.04824624885415158,0.0,0.3320950129460768,0.0,0.0,0.0,0.0,0.0,0.0,0.0,0.0,0.0,0.0,0.0,0.0,0.0,0.0,0.0,0.0,0.0,0.0,0.0,0.0,0.0,0.0,0.0,0.0,0.0,0.0,0.0,0.0,0.0,0.0,0.0,0.5677340783723762,0.0,16.431645038745653,5.390070921985815,0.01289556439853886,1.731701171451232,1.9498921738363049,0.005308332858234515,0.23505572441742653,0.0014328404887265403,0.01289556439853886,1.127959386637998,9.895136778115502,2.2458240262458493,-3.0478621943670636,16.016064684071605,15.593393613566807,13.638213824134228,17.540365055750836,19.4805742494713,8.443093549476527e-05,4.8246248854151585e-05,2022,10
2022-11-01,816,0.5703834564128683,0.271229815455594,0.2538515406162465,0.0,0.0,0.0,0.0,0.0,0.0,0.08753501400560225,0.0,0.0,0.0,0.0,0.0,0.0,0.0,0.4011490960020372,0.08169934640522876,0.0,0.0,0.0,0.0,0.12254901960784313,0.0,0.0,0.14868079584775085,0.0,0.0,0.0,0.0,0.0,0.2538515406162465,0.0,0.0,0.0,0.0,0.0,0.0,0.0,0.0,0.0,0.0,0.0,0.0,0.0,0.0,0.0,0.0,0.0,0.0,0.0,0.0,0.0,0.0,0.0,0.0,0.0,0.0,0.0,0.0,0.0,0.0,0.0,0.0,0.0,18.399542789823478,5.372549019607843,0.019930705842267884,1.7395266039714528,1.9991292417363205,0.002988985467509001,0.23529411764705882,0.0,0.019930705842267884,1.5191192457017266,10.016544117647058,2.2342873647694126,-2.050287861172974,15.911606351945467,15.4130727785135,13.70611644410407,17.42843442105284,19.383175734478524,0.0,0.0,2022,11
2022-12-01,606,0.2856588179826386,0.09167583425009167,0.45837917125045835,0.0,0.0,0.0,0.0,0.0,0.0,0.0,0.0,0.0,0.09706853038245,0.0,0.0,0.0,0.0,0.0,0.1885902876001886,0.0,0.0,0.0,0.0,0.09167583425009167,0.0,0.0,0.0,0.0,0.0,0.0,0.29336266960029334,0.0,0.16501650165016502,0.0,0.0,0.0,0.0,0.0,0.0,0.0,0.0,0.0,0.0,0.0,0.0,0.0,0.0,0.0,0.0,0.0,0.0,0.0,0.0,0.0,0.0,0.0,0.0,0.0,0.0,0.0,0.0,0.0,0.0,0.0,0.9859967089145889,0.3332063975628332,14.150044038235864,5.4983498349834985,0.021003171718412303,1.7455271558207694,2.0149875539413618,0.0019373295958958795,0.2590759075907591,0.00583421436622564,0.021003171718412303,0.8636165814383636,10.242574257425742,2.2298338406550586,-3.1390920992126214,16.106835111904005,15.475914764953513,13.764017355212234,17.671690200355513,19.586814419996532,0.0,0.0002933626696002933,2022,12
2023-01-01,675,1.0007904796346487,0.32560032560032565,0.24864024864024864,0.0,0.08714596949891067,0.0,0.0,0.0,0.07407407407407407,0.0,0.0,0.0,0.21164021164021166,0.0,0.0,0.0,0.0,0.5149129177336952,0.27423735026074203,0.0,0.0,0.0,0.0,0.32560032560032565,0.0,0.0,0.0,0.0,0.0,0.0,0.0,0.0,0.24864024864024864,0.0,0.0,0.0,0.0,0.0,0.0,0.0,0.0,0.0,0.0,0.08714596949891067,0.0,0.0,0.0,0.0,0.0,0.0,0.0,0.0,0.0,0.0,0.0,0.0,0.0,0.0,0.0,0.07407407407407407,0.0,0.0,0.0,0.0,0.732970732970733,0.052910052910052914,19.646218340415256,5.466666666666667,0.0020951312035156966,1.743426715393658,1.9979228072743433,0.0008314012712363878,0.2562962962962963,0.0010475656017578483,0.0020951312035156966,1.3417499953447667,10.14,2.250696127177427,-4.270856194249086,16.237908433363003,15.449955590694172,13.801176363045043,17.739509551796996,19.725728056045522,0.0,0.0,2023,1
2023-02-01,885,0.8270641695367518,0.5544245954593858,0.2401129943502825,0.0,0.0,0.0,0.0,0.0,0.0,0.16224829784151817,0.12554927809165095,0.0,0.19829400686828405,0.0,0.0,0.0,0.0,0.08071025020177562,0.260262336533523,0.0,0.0,0.0,0.0,0.44143024517689994,0.0,0.0,0.11299435028248588,0.0,0.0,0.0,0.0,0.0,0.2401129943502825,0.0,0.0,0.0,0.0,0.0,0.0,0.0,0.0,0.0,0.0,0.0,0.0,0.0,0.0,0.0,0.0,0.0,0.0,0.0,0.0,0.0,0.0,0.0,0.0,0.0,0.0,0.0,0.0,0.0,0.0,0.0,0.2491670288280458,0.0,17.512976485926057,5.396610169491526,0.011185869984871939,1.7310280700144485,1.9817606475505603,0.0015605107219670345,0.24180790960451978,0.002396972139615416,0.011185869984871939,2.4195420488121333,10.055367231638417,2.2342415684450607,-3.4836955717835525,16.102910751240614,15.643342361585447,13.571541262985336,17.866458130943357,19.418521413262724,0.0,0.0,2023,2
2023-03-01,813,0.7477386628678142,0.08200082000820008,0.21085925144965736,0.0,0.0,0.0,0.0,0.0,0.0,0.0,0.08785802143735723,0.0,0.2330678068685449,0.0,0.0,0.0,0.0,0.11181930001118193,0.31499353455073015,0.0,0.0,0.0,0.0,0.08200082000820008,0.0,0.0,0.0,0.0,0.0,0.0,0.12300123001230012,0.0,0.08785802143735723,0.0,0.0,0.0,0.0,0.0,0.0,0.0,0.0,0.0,0.0,0.0,0.0,0.0,0.0,0.0,0.0,0.0,0.0,0.0,0.0,0.0,0.0,0.0,0.0,0.0,0.0,0.0,0.0,0.0,0.0,0.0,1.284448775223683,0.0,17.77876316387465,5.539975399753997,0.010437000460318044,1.7641243131326865,2.0143533384874415,0.005335398535625557,0.2607626076260763,0.004348750191799185,0.010437000460318044,2.161384126328776,10.292742927429273,2.230134506652974,-1.6069443771219782,15.909989040204863,15.339631632553974,13.78013250575143,17.416181420125312,19.492897818766373,0.0,0.00012300123001230014,2023,3
2023-04-01,632,0.3854268094774424,0.6335963614444626,0.3698832812756863,0.0,0.0,0.0,0.0,0.0,0.06329113924050633,0.0,0.0,0.0,0.26371308016877637,0.0,0.0,0.0,0.0,0.0,0.12171372930866603,0.0,0.0,0.0,0.0,0.2888286116134217,0.08790436005625878,0.0,0.2568633897747822,0.0,0.0,0.0,0.11301989150090416,0.0,0.2568633897747822,0.0,0.0,0.0,0.0,0.0,0.0,0.0,0.0,0.0,0.0,0.0,0.0,0.0,0.0,0.0,0.0,0.0,0.0,0.0,0.0,0.0,0.0,0.0,0.0,0.0,0.0,0.06329113924050633,0.0,0.0,0.0,0.0,0.42524206668400394,0.0,18.07125723953178,5.3955696202531644,0.02237679687299201,1.7551868297904152,1.9890634121624113,0.005542744551641657,0.24050632911392406,0.003356519530948802,0.02237679687299201,0.7000148544266191,10.180379746835444,2.23819769284718,-2.7028258417621664,16.034510110825437,15.480869534392442,13.764427285676648,17.5303517975559,19.556966780351193,8.790436005625879e-05,0.00024487643158529234,2023,4
2023-05-01,1007,0.5371490475760584,0.6464318702564029,0.3549936767414424,0.0,0.0,0.0,0.0,0.0,0.0,0.0,0.0,0.0,0.26067527308838134,0.0,0.0,0.0,0.0,0.2144082332761578,0.062065541211519366,0.0,0.0,0.0,0.0,0.22990312701465068,0.09930486593843098,0.0,0.3172238773033212,0.0,0.09930486593843098,0.0763883584141777,0.05516936996579499,0.0,0.12413108242303873,0.0,0.0,0.0,0.0,0.0,0.0,0.0,0.0,0.0,0.0,0.0,0.0,0.0,0.0,0.0,0.0,0.0,0.0,0.0,0.0,0.0,0.0,0.0,0.0,0.0,0.0,0.0,0.0,0.0,0.0,0.0,0.9926168827020758,0.0,19.162691843422625,5.354518371400198,0.0070219144109885554,1.7257700694439897,1.977533090948331,0.003175871044496599,0.24925521350546176,0.002106574323296567,0.0070219144109885554,2.3888046394971605,10.035749751737836,2.2550437225545448,-3.8779138282393473,16.171507202014237,15.505326483393102,13.615960111981547,17.77888079965317,19.550432953802996,0.0,0.00013155772837997268,2023,5
2023-06-01,994,0.6143838356152488,0.5267377262505929,0.29805456113303197,0.0,0.045728918968355584,0.0,0.0,0.0,0.0,0.0,0.0,0.0,0.2268513039018424,0.0,0.0,0.0,0.0,0.12994634473507716,0.2575861869783293,0.0,0.0,0.0,0.0,0.38301826663576105,0.0,0.0,0.14371945961483185,0.0,0.0,0.0,0.20659672319632078,0.0,0.09145783793671117,0.0,0.0,0.0,0.0,0.0,0.0,0.0,0.0,0.0,0.0,0.045728918968355584,0.0,0.0,0.0,0.0,0.0,0.0,0.0,0.0,0.0,0.0,0.0,0.0,0.0,0.0,0.0,0.0,0.0,0.0,0.0,0.0,0.5401530256542684,0.0,18.28993034785807,5.338028169014085,0.00569100025099837,1.7206732234463484,1.9747917529055292,0.002076819883263641,0.21327967806841047,0.0007113750313747963,0.00569100025099837,1.3678464589815045,9.904426559356137,2.269794650763248,-5.506038846048842,16.3573817352469,15.597365915732816,13.737004310619147,17.992153963234767,20.038561577503497,0.00011758864877577151,0.00020659672319632078,2023,6
2023-07-01,729,0.9732494300395536,0.4375673099952935,0.5443668509512131,0.0,0.0,0.0,0.0,0.0,0.09144947416552356,0.0,0.0,0.0,0.23022245244467468,0.0,0.0,0.0,0.11431184270690443,0.22862368541380887,0.4000914494741655,0.0,0.0,0.0,0.0,0.3232554672883891,0.0,0.0,0.0,0.11431184270690443,0.0,0.0,0.30050158650981695,0.0,0.2438652644413961,0.0,0.0,0.0,0.0,0.0,0.0,0.0,0.0,0.0,0.0,0.0,0.0,0.0,0.0,0.0,0.0,0.0,0.0,0.0,0.0,0.0,0.0,0.0,0.0,0.0,0.0,0.09144947416552356,0.0,0.0,0.0,0.0,0.8171564755926896,0.0,18.331130014104698,5.378600823045267,0.008729713347982069,1.7377859876257966,1.9691391483724483,0.003438768035752725,0.25377229080932784,0.0019399362995515708,0.008729713347982069,2.496967671864791,10.032235939643346,2.257526165310765,-3.9864416117358816,16.19211792332634,15.554579600507413,13.618160971831971,17.470990904885674,19.485833821836653,0.0,0.00030050158650981695,2023,7
2023-08-01,599,0.6199057252283217,0.747331165675465,0.5795245704899049,0.0,0.0,0.0,0.0,0.0,0.0,0.0,0.0,0.0,0.0,0.0,0.0,0.0,0.0,0.18167534125503287,0.43823038397328884,0.0,0.0,0.0,0.0,0.5088384397036072,0.0,0.0,0.23849272597185786,0.0,0.0,0.0,0.0,0.0,0.5795245704899049,0.0,0.0,0.0,0.0,0.0,0.0,0.0,0.0,0.0,0.0,0.0,0.0,0.0,0.0,0.0,0.0,0.0,0.0,0.0,0.0,0.0,0.0,0.0,0.0,0.0,0.0,0.0,0.0,0.0,0.0,0.0,0.45313617934652994,0.0,15.833837212308556,5.514190317195325,0.02479005409835976,1.7706447667891183,1.9355062132089274,0.0074657190682049235,0.2854757929883139,0.007082872599531362,0.02479005409835976,1.6532236408500771,10.24457429048414,2.217350763319147,0.18840997134116505,15.669008851248664,15.390845123200865,13.635175785585101,17.105339657393177,19.035133810696035,0.00015176809834572774,0.0,2023,8
2023-09-01,712,0.3869244326944261,0.7994553578658007,0.9055551190382651,0.0,0.0,0.0,0.0,0.0,0.0,0.22306675479180435,0.0,0.0,0.0702247191011236,0.0,0.0,0.0,0.0,0.0,0.09363295880149813,0.0,0.0,0.0,0.0,0.6991343305784813,0.0,0.0,0.10032102728731943,0.0,0.0,0.1404494382022472,0.2250792278882167,0.0,0.5400264529478013,0.0,0.0,0.0,0.0,0.0,0.0,0.0,0.0,0.0,0.0,0.0,0.0,0.0,0.0,0.0,0.0,0.0,0.0,0.0,0.0,0.0,0.0,0.0,0.0,0.0,0.0,0.0,0.0,0.0,0.0,0.0,0.6608267668660928,0.0,20.08452781503911,5.557584269662922,0.009931275016664994,1.758492685949596,1.97568755988386,0.0011148343033413157,0.273876404494382,0.0009931275016664995,0.009931275016664994,1.622158404680891,10.357443820224718,2.257153693256809,-4.204227886098647,16.28395365181566,15.493418920983405,13.841117740340776,17.64382555102869,19.726843641138707,0.000108038029386344,0.00045330956496686837,2023,9
2023-10-01,1066,0.615654930851929,0.47283339966266796,0.15634771732332708,0.0,0.09380863039399624,0.0,0.0,0.0,0.16081479496113643,0.06700616456714018,0.0,0.0,0.13916664948559881,0.0,0.0,0.0,0.0,0.26430209357038625,0.14518002322880372,0.0,0.0,0.0,0.0,0.47283339966266796,0.0,0.0,0.0,0.0,0.0,0.09380863039399624,0.06253908692933084,0.0,0.0,0.0,0.0,0.0,0.0,0.0,0.0,0.0,0.0,0.0,0.0,0.09380863039399624,0.0,0.0,0.0,0.0,0.0,0.0,0.0,0.0,0.0,0.0,0.0,0.0,0.0,0.0,0.0,0.16081479496113643,0.0,0.0,0.0,0.0,0.6499224328382258,0.0,19.12644193929227,5.376172607879925,0.013321256890180946,1.734386441835753,1.981915448888442,0.002543386282427477,0.2626641651031895,0.003316635934270861,0.013321256890180946,2.5752909306049134,9.887898686679174,2.2386223206682416,-3.583681827998652,16.083470170607846,15.56368819085795,13.612726139051821,17.846527084926475,19.568715506991463,0.0,0.0002955143668089259,2023,10
2023-11-01,817,0.6548213348558947,0.7213529704349777,0.6083217068529185,0.0,0.0,0.0,0.0,0.0,0.08742787200559539,0.0,0.0,0.0,0.18777122510292646,0.0,0.0,0.0,0.0,0.24265190493860664,0.22439820481436146,0.0,0.0,0.0,0.0,0.7213529704349777,0.0,0.0,0.0,0.0,0.0,0.0,0.28192431803202916,0.0,0.32639738882088937,0.0,0.0,0.0,0.0,0.0,0.0,0.0,0.0,0.0,0.0,0.0,0.0,0.0,0.0,0.0,0.0,0.0,0.0,0.0,0.0,0.0,0.0,0.0,0.0,0.0,0.0,0.08742787200559539,0.0,0.0,0.0,0.0,0.73713176528354,0.0,16.194938314998836,5.4406364749082,0.01211688486733374,1.755769958157015,1.9841690815978734,0.003868822213440505,0.26805385556915545,0.0,0.01211688486733374,1.1958601370991335,10.225826193390454,2.25070230623528,-3.4828620020571583,16.163410554919437,15.572563741817236,13.890903830131146,17.85147058023417,19.954914370201383,0.0,0.00028192431803202917,2023,11
2023-12-01,841,0.6732268920140503,1.256107236953021,0.17415534656913964,0.0,0.0,0.0,0.0,0.0,0.0,0.0,0.0,0.0,0.48267230193508437,0.0,0.0,0.0,0.0,0.0,0.19055459007896586,0.0,0.0,0.0,0.0,1.1646410337151174,0.0,0.0,0.09146620323790361,0.0,0.0,0.0,0.0,0.0,0.17415534656913964,0.0,0.0,0.0,0.0,0.0,0.0,0.0,0.0,0.0,0.0,0.0,0.0,0.0,0.0,0.0,0.0,0.0,0.0,0.0,0.0,0.0,0.0,0.0,0.0,0.0,0.0,0.0,0.0,0.0,0.0,0.0,1.3042088054784546,0.0,19.21468504376874,5.447086801426873,0.0,1.7530517639968264,2.015627996856303,0.0,0.24851367419738407,0.0,0.0,2.3235346569369213,10.300832342449464,2.2176190384856134,-2.1204570697385243,15.976890133729567,15.469930741838203,13.761535255060986,17.687705504215035,19.562390391391805,9.908838684106222e-05,0.0,2023,12
2024-01-01,752,0.44212584106201125,0.6453775088293566,0.8523624565057936,0.0,0.0,0.0,0.0,0.0,0.16622340425531915,0.0,0.0,0.0,0.2426577559556283,0.0,0.0,0.0,0.0,0.0,0.19946808510638298,0.0,0.0,0.0,0.0,0.6453775088293566,0.0,0.0,0.0,0.0,0.0,0.0,0.4593932802919365,0.0,0.39296917621385713,0.0,0.0,0.0,0.0,0.0,0.0,0.0,0.0,0.0,0.0,0.0,0.0,0.0,0.0,0.0,0.0,0.0,0.0,0.0,0.0,0.0,0.0,0.0,0.0,0.0,0.0,0.16622340425531915,0.0,0.0,0.0,0.0,0.8682264683804437,0.0,16.741977488181625,5.589095744680851,0.02444784083889659,1.769045482767717,2.0121857307853395,0.0055691497575318626,0.2779255319148936,0.0028209047121803763,0.02444784083889659,1.7696829140821633,10.561170212765957,2.2468840864953954,-3.023088523250814,16.171707249068184,15.563536900327014,14.075814738754696,17.657959757657125,19.871650456046982,8.865248226950354e-05,0.0004593932802919365,2024,1
2024-02-01,1088,0.8301938116421476,0.6597951680672269,0.3388786351247652,0.0,0.0,0.0,0.0,0.0,0.0,0.03404139433551198,0.0,0.0,0.13193076273571627,0.0,0.0,0.0,0.0,0.25166316526610644,0.41255848930481287,0.0,0.0,0.0,0.0,0.5832020308123249,0.0,0.0,0.07659313725490195,0.0,0.0,0.0,0.051062091503267966,0.0,0.28781654362149717,0.0,0.0,0.0,0.0,0.0,0.0,0.0,0.0,0.0,0.0,0.0,0.0,0.0,0.0,0.0,0.0,0.0,0.0,0.0,0.0,0.0,0.0,0.0,0.0,0.0,0.0,0.0,0.0,0.0,0.0,0.0,0.31074929971988796,0.09482959850606909,18.425216360950376,5.362132352941177,0.013648200739813878,1.7492253360868946,1.9978270572325916,0.004163623606378839,0.23069852941176472,0.005199314567548144,0.013648200739813878,1.2185732135991652,10.026654411764707,2.2318055463756785,-2.318503070767511,15.93432746688289,15.399425875450916,13.71489355198566,17.631421668096614,19.595887527714375,0.0,5.106209150326797e-05,2024,2
2024-03-01,801,1.2004104232568653,0.5008308379094896,0.17747423563682652,0.0,0.0,0.0,0.0,0.0,0.05201831044527674,0.0,0.09603380389897245,0.0,0.29890521463555175,0.0,0.0,0.0,0.09603380389897245,0.3259814121237342,0.3834561886996344,0.0,0.0,0.0,0.0,0.5008308379094896,0.0,0.0,0.0,0.0,0.0,0.0,0.0,0.0,0.17747423563682652,0.0,0.0,0.0,0.0,0.0,0.0,0.0,0.0,0.0,0.0,0.0,0.0,0.0,0.0,0.0,0.0,0.0,0.0,0.0,0.0,0.0,0.0,0.0,0.0,0.0,0.0,0.05201831044527674,0.0,0.0,0.0,0.0,0.37878787878787873,0.0,19.481701896649543,5.468164794007491,0.014124480023701322,1.7493325908925197,2.0180462498141445,0.0032133892672969303,0.2397003745318352,0.0026483400044439985,0.014124480023701322,1.8883805235424533,10.220349563046192,2.239032247995516,-4.654304463741246,16.297882108510784,15.511876988816793,13.846361310470597,17.860167337373486,19.752814811337466,0.0,0.0,2024,3
2024-04-01,763,0.5960315593343116,0.5012826113743545,0.321980335086495,0.0,0.18819101387908727,0.0,0.0,0.0,0.07281199941750399,0.10081661457808248,0.04854133294500267,0.0,0.4466736118112265,0.0,0.0,0.0,0.0,0.0,0.0,0.0,0.0,0.0,0.0,0.37022101242284733,0.0,0.0,0.1310615989515072,0.0,0.0,0.0,0.11914690813773382,0.0,0.20283342694876116,0.0,0.0,0.0,0.0,0.0,0.0,0.0,0.0,0.0,0.0,0.18819101387908727,0.0,0.0,0.0,0.0,0.0,0.0,0.0,0.0,0.0,0.0,0.0,0.0,0.0,0.0,0.0,0.07281199941750399,0.0,0.0,0.0,0.0,0.9557575088374564,0.0,20.415850394608675,5.508519003931848,0.01204769089832912,1.7608041799483165,2.0056657465117556,0.004510528964224867,0.27391874180865006,0.0037069818148704986,0.01204769089832912,1.929124515085505,10.491480996068152,2.2581566491123093,-4.918772049903625,16.413720976271076,15.547320378094309,14.094854822833454,17.959685240198958,20.132459321739354,0.0,0.00027333702455127173,2024,4
2024-05-01,1052,1.0429183195342893,1.2057183788899288,0.5734829362093956,0.0,0.0,0.0,0.0,0.0,0.08641548565502938,0.0,0.06789788158609451,0.0,0.7816657887950663,0.0,0.0,0.0,0.0,0.19335464915312825,0.0,0.0,0.0,0.0,0.0,1.0074710882695674,0.0,0.0,0.1982472906203615,0.0,0.0,0.0,0.04526525439072967,0.0,0.528217681818666,0.0,0.0,0.0,0.0,0.0,0.0,0.0,0.0,0.0,0.0,0.0,0.0,0.0,0.0,0.0,0.0,0.0,0.0,0.0,0.0,0.0,0.0,0.0,0.0,0.0,0.0,0.08641548565502938,0.0,0.0,0.0,0.0,0.5482342435764489,0.0,18.11752455677046,5.428707224334601,0.010014419607417517,1.7519569515123101,1.9928520008654933,0.003633838762125041,0.27661596958174905,0.0012209667779241192,0.010014419607417517,1.9040668196338069,10.154942965779467,2.2740608303562384,-5.802572220174421,16.458606223565578,15.565009118269975,13.950630037064226,18.064211887475317,20.27245655515139,3.802281368821293e-05,4.5265254390729674e-05,2024,5
2024-06-01,1021,0.35618560349216566,1.0447943803362367,0.3355994699544852,0.0,0.0,0.0,0.0,0.0,0.04897159647404505,0.0,0.06121449559255632,0.0,0.0,0.0,0.0,0.0,0.07534091765237702,0.0,0.21963019024723238,0.0,0.0,0.0,0.0,0.922365389151124,0.0,0.0,0.12242899118511263,0.0,0.0,0.12242899118511263,0.15555683585873134,0.0,0.057613642910641236,0.0,0.0,0.0,0.0,0.0,0.0,0.0,0.0,0.0,0.0,0.0,0.0,0.0,0.0,0.0,0.0,0.0,0.0,0.0,0.0,0.0,0.0,0.0,0.0,0.0,0.0,0.0,0.0,0.0,0.04897159647404505,0.0,0.7981910895720886,0.0,19.07300514702958,5.383937316356513,0.02077688877139709,1.748782550047429,1.9753907611104078,0.007344815064018486,0.25269343780607245,0.004155377754279418,0.02077688877139709,1.795221977599151,9.899118511263467,2.2517111895158974,-3.8707417745694896,16.133003582586703,15.600124621598662,13.694422862102865,17.790203495490285,19.841878755116248,0.0,0.00027798582704384396,2024,6
2024-07-01,801,1.0934607321476675,1.7851015923278537,0.6267418252436979,0.0,0.0,0.0,0.0,0.0,0.0780274656679151,0.0,0.0,0.0,0.22962368467986446,0.0,0.0,0.0,0.3682080406028412,0.10403662089055347,0.39159238597440843,0.0,0.0,0.0,0.0,1.671607096810886,0.11349449551696743,0.0,0.0,0.0,0.0,0.0,0.349310836202222,0.0,0.27743098904147595,0.0,0.0,0.0,0.0,0.0,0.0,0.0,0.0,0.0,0.0,0.0,0.0,0.0,0.0,0.0,0.0,0.0,0.0,0.0,0.0,0.0,0.0,0.0,0.0,0.0,0.0,0.0,0.0,0.0,0.0780274656679151,0.0,1.3097403359575643,0.0,20.11437079665371,5.525593008739076,0.020303940034070652,1.764724572221126,2.0094145646202786,0.00505917015134659,0.2721598002496879,0.0017655600029626657,0.020303940034070652,2.0763786034944762,10.402621722846442,2.248014832374618,-3.939444827433931,16.251208722842613,15.568196696124582,13.847708792575842,17.8955964801397,19.79594756319284,0.0,0.000349310836202222,2024,7
2024-08-01,683,1.3210116183589613,0.5804225057519348,0.1952171791117618,0.0,0.0,0.0,0.0,0.0,0.09150805270863836,0.11262529564140107,0.0,0.0,0.3127165946905848,0.0,0.0,0.0,0.0,0.4442300013310262,0.4514397266959493,0.0,0.0,0.0,0.0,0.5804225057519348,0.0,0.0,0.0,0.0,0.0,0.0,0.07320644216691069,0.0,0.12201073694485114,0.0,0.0,0.0,0.0,0.0,0.0,0.0,0.0,0.0,0.0,0.0,0.0,0.0,0.0,0.0,0.0,0.0,0.0,0.0,0.0,0.0,0.0,0.0,0.0,0.0,0.0,0.09150805270863836,0.0,0.0,0.0,0.0,0.9035132754020017,0.0,18.743941247204447,5.5431918008784775,0.014494136071173742,1.7699011172363937,2.064114056912795,0.0036605088547096943,0.2445095168374817,0.0010352954336552674,0.014494136071173742,1.966808610293237,10.597364568081991,2.223810536627082,-2.966104867474974,16.157499092602308,15.46571347104953,14.069261814775407,17.750627517842652,19.900949042672185,9.150805270863836e-05,0.0002063090642885665,2024,8
2024-09-01,824,0.8919377548018325,0.7453648935302276,1.0424951262329902,0.0,0.0,0.0,0.0,0.0,0.0,0.0,0.08668515950069348,0.0,0.07584951456310679,0.0,0.0,0.0,0.0,0.3848295717227756,0.34457350901525663,0.0,0.0,0.0,0.0,0.7453648935302276,0.0,0.0,0.0,0.0,0.0,0.0,0.5782041583012457,0.0,0.4642909679317446,0.0,0.0,0.0,0.0,0.0,0.0,0.0,0.0,0.0,0.0,0.0,0.0,0.0,0.0,0.0,0.0,0.0,0.0,0.0,0.0,0.0,0.0,0.0,0.0,0.0,0.0,0.0,0.0,0.0,0.0,0.0,0.6436810896762353,0.0,19.715568016847232,5.478155339805825,0.009439532273121387,1.7666869061303991,2.0187065497994383,0.0015674044290974977,0.2609223300970874,0.0017162785951129796,0.009439532273121387,1.4156633408038621,10.421723300970873,2.2225773018763957,-1.9039688392696255,15.96696197149904,15.405057502741307,13.865106723300203,17.523520775199053,19.589149228376634,0.0,0.0005782041583012457,2024,9
2024-10-01,1313,0.9858572501375243,1.0141514996808219,0.28772107980028766,0.0,0.0,0.0,0.0,0.0,0.1366512390884059,0.047600913937547604,0.08462384700008461,0.0,0.4943488854379943,0.0,0.0,0.0,0.07616146230007616,0.04231192350004231,0.2408102179617793,0.0,0.0,0.0,0.0,0.8814459214306891,0.1327055782501327,0.0,0.0,0.0,0.0,0.0,0.16078530930016077,0.0,0.12693577050012692,0.0,0.0,0.0,0.0,0.0,0.0,0.0,0.0,0.0,0.0,0.0,0.0,0.0,0.0,0.0,0.0,0.0,0.0,0.0,0.0,0.0,0.0,0.0,0.0,0.0,0.0,0.07806549885757806,0.0,0.0,0.058585740230827826,0.0,0.6813480313771519,0.0,21.420729399646877,5.396039603960396,0.00969377156234414,1.7497916856011901,1.9961545522309603,0.004093566893225353,0.24447829398324447,0.0016156285937240235,0.00969377156234414,1.4717168186935858,10.033891850723533,2.2381103730861045,-3.2566269021862904,16.075233519022664,15.614130111192281,13.809969364649204,17.85267121279142,19.886697403729382,0.00021732942525021733,0.00016078530930016077,2024,10
2024-11-01,933,0.7213532736662956,0.83303174139187,0.2878775386813972,0.0,0.0,0.0,0.0,0.0,0.0,0.06304772712943699,0.0,0.0,0.2978631342144627,0.0,0.0,0.0,0.0,0.05641112427370677,0.3040312880486892,0.0,0.0,0.0,0.0,0.606760454027335,0.0,0.0,0.22627128736453492,0.0,0.0,0.0,0.0669882100750268,0.0,0.22088932860637042,0.0,0.0,0.0,0.0,0.0,0.0,0.0,0.0,0.0,0.0,0.0,0.0,0.0,0.0,0.0,0.0,0.0,0.0,0.0,0.0,0.0,0.0,0.0,0.0,0.0,0.0,0.0,0.0,0.0,0.0,0.0,0.6556803535241212,0.08931761343336905,20.821170049780747,5.52411575562701,0.005305195571603251,1.757590497440153,2.0300491499990447,0.001739526711233175,0.2615219721329046,0.002273655244972822,0.005305195571603251,1.4368455592211977,10.457663451232584,2.248530045067082,-4.523710476653956,16.34182096596903,15.568460012553262,14.004008429859562,18.052293629343726,20.056468334346548,0.0,6.69882100750268e-05,2024,11
2024-12-01,870,1.0018035829394856,1.561203634706357,0.4228657676933539,0.07662835249042146,0.0,0.0,0.0,0.0,0.07183908045977011,0.0,0.09578544061302681,0.0,0.31578462105845473,0.0,0.0,0.0,0.219435736677116,0.1044932079414838,0.26630457664940427,0.0,0.0,0.0,0.0,1.4089293445010322,0.0,0.0,0.15227429020532468,0.0,0.0,0.0,0.07662835249042146,0.0,0.34623741520293244,0.0,0.0,0.0,0.07662835249042146,0.0,0.0,0.0,0.0,0.0,0.0,0.0,0.0,0.0,0.0,0.0,0.0,0.0,0.0,0.0,0.0,0.0,0.0,0.0,0.0,0.0,0.0,0.07183908045977011,0.0,0.0,0.0,0.0,0.5782703886152162,0.0,21.136430652106252,5.524137931034483,0.024382992454708537,1.7737343398249688,2.029098564957473,0.005605508053741196,0.23218390804597702,0.002438299245470854,0.024382992454708537,1.243631847080123,10.522988505747126,2.21987912829644,-2.309250813748983,16.05175496164888,15.471739830196533,13.933432934378844,17.723017624169124,19.642198060890745,0.00016835016835016836,0.00013409961685823755,2024,12
2025-01-01,853,0.5392602937599835,0.8092483913116973,0.35922562454307994,0.0,0.0,0.0,0.0,0.0,0.0,0.0,0.0,0.0,0.3709253071366029,0.0,0.0,0.0,0.0,0.16833498662338053,0.0,0.0,0.0,0.0,0.0,0.641772256660885,0.0,0.0,0.16747613465081226,0.0,0.14654161781946073,0.0,0.21268400672361923,0.0,0.0,0.0,0.0,0.0,0.0,0.0,0.0,0.0,0.0,0.0,0.0,0.0,0.0,0.0,0.0,0.0,0.0,0.0,0.0,0.0,0.0,0.0,0.0,0.0,0.0,0.0,0.0,0.0,0.0,0.0,0.0,0.0,0.7405238800075138,0.0,20.286987356553457,5.550996483001172,0.008289645734895048,1.747710135355541,2.014264111378567,0.0006398458158146261,0.25205158264947247,0.0,0.008289645734895048,1.5666761270512737,10.439038686987104,2.238185565558648,-3.296952308250495,16.183222602793435,15.44165011105081,13.957663517540198,17.674481524048844,19.936274958772042,0.0,0.00021268400672361923,2025,1
2025-02-01,1097,1.4458171978611905,1.1367456103098765,0.40960335063871023,0.0,0.0,0.0,0.0,0.0,0.0,0.09115770282588878,0.0,0.0,0.3525455097925472,0.0,0.0,0.0,0.08287063893262617,0.16205813835713562,0.7571852079529928,0.0,0.0,0.0,0.0,0.9754665976179194,0.0,0.0,0.1612790126919571,0.0,0.0,0.0,0.09115770282588878,0.0,0.3184456478128215,0.0,0.0,0.0,0.0,0.0,0.0,0.0,0.0,0.0,0.0,0.0,0.0,0.0,0.0,0.0,0.0,0.0,0.0,0.0,0.0,0.0,0.0,0.0,0.0,0.0,0.0,0.0,0.0,0.0,0.0,0.0,0.42993102071336825,0.0,22.483539285731304,5.439380127620784,0.026427874228485367,1.763694663435119,2.023881461533656,0.007994448231447588,0.23609845031905197,0.0006445822982557407,0.026427874228485367,1.7043997404874665,10.22971741112124,2.2264131146540946,-2.706942391589952,16.032849416118488,15.494858604948151,13.758356941905646,17.64147868038068,19.530800731575543,0.00025574799959485466,9.115770282588879e-05,2025,2
2025-03-01,977,1.1893735720458791,1.1957519370668868,0.6790860680318204,0.0,0.07873395795606647,0.0,0.0,0.0,0.0,0.0,0.0,0.0,0.4173699241132561,0.0,0.0,0.0,0.13708144465565142,0.13957383455848144,0.49534836871849025,0.0,0.0,0.0,0.0,1.0843665436055105,0.0,0.0,0.06020832078993316,0.0511770726714432,0.0,0.0,0.40979718564160733,0.0,0.269288882390213,0.0,0.0,0.0,0.0,0.0,0.0,0.0,0.0,0.0,0.0,0.07873395795606647,0.0,0.0,0.0,0.0,0.0,0.0,0.0,0.0,0.0,0.0,0.0,0.0,0.0,0.0,0.0,0.0,0.0,0.0,0.0,0.0,0.40285541820854,0.1023541453428864,19.657315460887837,5.5097236438075745,0.009999732266749993,1.777545378156733,2.025048023663145,0.004476144691340666,0.28761514841351077,0.0014475062050901691,0.009999732266749993,2.1310129766309203,10.66086659843057,2.245874541558942,-4.044181612320018,16.329173612905247,15.50199165132555,14.119632999091905,17.92707500741713,20.008603796264318,0.0,0.0004950923067606793,2025,3
2025-04-01,849,1.215216806988524,1.2905091475035353,0.4374175752267625,0.0,0.11778563015312132,0.0,0.0,0.0,0.0,0.0,0.0,0.0,0.14051619035810964,0.0,0.0,0.0,0.130872922392357,0.225948067398367,0.7178796268396902,0.0,0.0,0.0,0.0,1.199904816616519,0.0,0.0,0.09060433088701642,0.0,0.0,0.0,0.130872922392357,0.0,0.3065446528344055,0.0,0.0,0.0,0.0,0.0,0.0,0.0,0.0,0.0,0.0,0.11778563015312132,0.0,0.0,0.0,0.0,0.0,0.0,0.0,0.0,0.0,0.0,0.0,0.0,0.0,0.0,0.0,0.0,0.0,0.0,0.0,0.0,0.3726728939782359,0.0,20.130725035502035,5.511189634864547,0.024153235164204805,1.7432313322419504,2.019489937650277,0.0062511533921150745,0.24381625441696114,0.0024986105342280833,0.024153235164204805,1.3584901783820926,10.408127208480565,2.2467276603416098,-4.366139746617577,16.3127986785951,15.628664656971056,14.010042356237003,17.869739568102336,19.94299862281571,7.852375343541422e-05,0.00013087292239235702,2025,4
2025-05-01,1247,1.0138743238119823,0.6995602790215744,0.28735632183908044,0.0,0.0,0.0,0.0,0.0,0.0,0.0,0.06682705159048383,0.0,0.3081929114934644,0.0,0.0,0.0,0.0,0.20087425507492493,0.43798010565310913,0.0,0.0,0.0,0.0,0.4548170511187634,0.0,0.0,0.24474322790281092,0.0,0.0,0.0,0.0,0.0,0.28735632183908044,0.0,0.0,0.0,0.0,0.0,0.0,0.0,0.0,0.0,0.0,0.0,0.0,0.0,0.0,0.0,0.0,0.0,0.0,0.0,0.0,0.0,0.0,0.0,0.0,0.0,0.0,0.0,0.0,0.0,0.0,0.0,0.29940647174329993,0.0,23.990853202018553,5.414595028067362,0.017578436420836386,1.745742730660131,2.012497490840085,0.004026704041869779,0.2285485164394547,0.0017011390084680376,0.017578436420836386,1.1664769186658037,10.212910986367282,2.2317785384512265,-4.053480689591507,16.213059659542846,15.705774017693651,13.805983934754329,18.140822210955125,19.82274886981241,0.00015309470000729022,0.0,2025,5
2025-06-01,1110,1.223058630179373,1.2145148716356147,0.5001205001205001,0.0,0.0,0.0,0.0,0.0,0.0,0.07507507507507508,0.0,0.0,0.4838471014941603,0.0,0.0,0.0,0.0819000819000819,0.22759601706970128,0.3546403546403546,0.0,0.10747589694958115,0.0,0.0,0.9719038395508984,0.0,0.0,0.13513513513513514,0.0,0.0,0.0,0.16016016016016016,0.0,0.33996033996034,0.0,0.0,0.0,0.0,0.0,0.0,0.0,0.0,0.0,0.0,0.0,0.0,0.0,0.0,0.0,0.0,0.0,0.0,0.0,0.0,0.0,0.0,0.0,0.0,0.0,0.0,0.0,0.0,0.0,0.0,0.0,1.0300335300335302,0.0,23.965013835958782,5.433333333333334,0.013377695860286035,1.76414841639101,2.0332085437586516,0.004842093535196764,0.24954954954954955,0.0019110994086122908,0.013377695860286035,1.6481474376211218,10.313513513513513,2.235328770726065,-3.9751420551421477,16.22800544840854,15.503577099275194,13.830281088906222,17.99841844493143,19.70129685257832,6.930006930006931e-05,0.00016016016016016013,2025,6
2025-07-01,913,1.1623553518405654,0.8810968148317546,0.42491680094723844,0.0,0.0,0.0,0.0,0.0,0.0,0.0,0.07301935012778386,0.0,0.437286335424342,0.0,0.0,0.0,0.0,0.09957184108334163,0.5524778252050979,0.0,0.0,0.0,0.0,0.8810968148317546,0.0,0.0,0.0,0.0,0.0,0.0,0.22818546914932455,0.0,0.1967313317979139,0.0,0.0,0.0,0.0,0.0,0.0,0.0,0.0,0.0,0.0,0.0,0.0,0.0,0.0,0.0,0.0,0.0,0.0,0.0,0.0,0.0,0.0,0.0,0.0,0.0,0.0,0.0,0.0,0.0,0.0,0.0,0.9637079755319943,0.0,22.80175864606282,5.562979189485214,0.012391794631965785,1.7888324599831205,2.047021269367124,0.004386916581762886,0.2902519167579409,0.0023234614934935847,0.012391794631965785,1.559022519334355,10.73274917853231,2.240326077764455,-4.512948771806149,16.39669827556316,15.564120481285324,14.129544649958953,18.05387611720208,20.039082334329198,0.0,0.00022818546914932456,2025,7
2025-08-01,767,1.3032735660903787,1.3981364861417014,0.6861311946057708,0.0,0.0,0.0,0.0,0.0,0.0,0.34532490126235205,0.0,0.0,0.0,0.0,0.0,0.0,0.0,0.3374491908888718,0.6204994739391548,0.0,0.09312721177127957,0.0,0.0,1.2047184309244283,0.0,0.0,0.1002908434459934,0.0,0.0,0.14486455164421264,0.4227411007072024,0.0,0.11852554225435581,0.0,0.0,0.0,0.0,0.0,0.0,0.0,0.0,0.0,0.0,0.0,0.0,0.0,0.0,0.0,0.0,0.0,0.0,0.0,0.0,0.0,0.0,0.0,0.0,0.0,0.0,0.0,0.0,0.0,0.0,0.0,0.5245370304040448,0.10864841373315949,22.44930213791628,5.578878748370274,0.011984860698077077,1.7904550123459222,2.037322766954055,0.005170476251007554,0.29726205997392435,0.0009219123613905444,0.011984860698077077,2.135502498098481,10.732073011734029,2.2276380106671136,-4.375849493868734,16.360912029139485,15.571845344230972,14.174101570417319,18.050351561281232,20.23354544296294,0.0001593510068086339,0.0007293529149015321,2025,8
2025-09-01,1013,0.9975833643158422,1.4818276924059643,0.43748069414407026,0.0,0.0,0.0,0.0,0.0,0.0,0.07051191651389085,0.047007944342593894,0.0,0.3173036243125088,0.0,0.0,0.0,0.0,0.16452780519907867,0.3982320739477699,0.0,0.0,0.0,0.0,1.3510491805810556,0.0,0.0,0.13077851182490866,0.0,0.0,0.0,0.12535451824691707,0.0,0.3121261758971532,0.0,0.0,0.0,0.0,0.0,0.0,0.0,0.0,0.0,0.0,0.0,0.0,0.0,0.0,0.0,0.0,0.0,0.0,0.0,0.0,0.0,0.0,0.0,0.0,0.0,0.0,0.0,0.0,0.0,0.0,0.0,1.1240769051000745,0.0,25.555493084099197,5.508390918065153,0.013960647210000938,1.7813173027277518,2.0411549207842685,0.010013667043437523,0.2744323790720632,0.0027921294420001877,0.013960647210000938,2.6730049463920897,10.57305034550839,2.223896282239399,-3.967368534079081,16.280174464062476,15.588665260556452,13.994859107496247,18.26547296010535,19.870771724129973,9.87166831194472e-05,0.00012535451824691705,2025,9
2025-10-01,1277,0.8435794325287163,0.7720537967209854,0.1385458707306789,0.0,0.0,0.0,0.0,0.0,0.08700948403375967,0.08265900983207168,0.08700948403375967,0.0,0.1845021485493179,0.0,0.0,0.0,0.0,0.11186933661483388,0.3775394534987331,0.0,0.0,0.0,0.0,0.6671762936445786,0.0,0.0,0.10487750307640677,0.0,0.0,0.0,0.0,0.0,0.1385458707306789,0.0,0.0,0.0,0.0,0.0,0.0,0.0,0.0,0.0,0.0,0.0,0.0,0.0,0.0,0.0,0.0,0.0,0.0,0.0,0.0,0.0,0.0,0.0,0.0,0.0,0.0,0.08700948403375967,0.0,0.0,0.0,0.0,0.27980915803938516,0.06525711302531975,25.007132523127325,5.444009397024276,0.010520774348116213,1.7753211137909986,2.046360771732197,0.003067071767376974,0.2529365700861394,0.002214899862761308,0.010520774348116213,1.798728365929454,10.423649177760376,2.231956913766142,-4.899259981198477,16.366937853500907,15.584695365189049,13.97993065495612,18.200303877159087,20.039473786161718,0.00010918016986928499,0.0,2025,10
2025-11-01,1070,1.013459007549167,0.607116144499322,0.2934993355554103,0.0,0.0,0.0,0.0,0.0,0.18691588785046728,0.0,0.0,0.0,0.21852666300164925,0.0,0.0,0.0,0.0,0.13629283489096572,0.6586395096565519,0.0,0.0,0.0,0.0,0.607116144499322,0.0,0.0,0.0,0.0,0.0,0.04248088360237893,0.06230529595015577,0.0,0.18871315600287564,0.0,0.0,0.0,0.0,0.0,0.0,0.0,0.0,0.0,0.0,0.0,0.0,0.0,0.0,0.0,0.0,0.0,0.0,0.0,0.0,0.0,0.0,0.0,0.0,0.0,0.0,0.18691588785046728,0.0,0.0,0.0,0.0,1.100939558883484,0.0,21.950934932553444,5.408411214953271,0.017182033935374052,1.7798819269032078,2.049728052892012,0.004656876657881142,0.288785046728972,0.002643389836211393,0.017182033935374052,1.4603317090947656,10.576168224299066,2.223573225537924,-4.692922927977646,16.366481677256868,15.535952381721739,14.033642710994021,18.16186761545884,19.970304955309153,0.00010384215991692627,0.00010478617955253469,2025,11
2025-12-01,946,0.6471579278133189,0.5663704395205452,0.18702228004553587,0.0,0.0,0.0,0.0,0.0,0.25546159267089497,0.0,0.07047216349541932,0.0,0.13423269237222726,0.0,0.0,0.0,0.0,0.09609840476648088,0.34635466717919144,0.0,0.0,0.0,0.0,0.34320858845171737,0.0,0.0,0.2231618510688278,0.0,0.0,0.0,0.08131403480240691,0.0,0.10570824524312897,0.0,0.0,0.0,0.0,0.0,0.0,0.0,0.0,0.0,0.0,0.0,0.0,0.0,0.0,0.0,0.0,0.0,0.0,0.0,0.0,0.0,0.0,0.0,0.0,0.0,0.0,0.16737138830162088,0.0,0.0,0.08809020436927413,0.0,0.7358616455743678,0.0,23.182838926404084,5.554968287526427,0.017191813918911832,1.7785990506838574,2.012511032713068,0.006969657313761461,0.28118393234672306,0.002989880681549884,0.017191813918911832,2.3075389307823087,10.644291754756871,2.217397118453762,-2.213253232584859,16.061238250699706,15.446950848617186,14.04628466832851,17.8490299986449,19.866747397929228,5.2854122621564486e-05,8.13140348024069e-05,2025,12
2026-01-01,921,0.46659818646789336,0.4740066779326165,0.3800217155266015,0.0,0.0,0.0,0.0,0.0,0.0,0.0,0.0,0.0,0.13522489092521667,0.0,0.0,0.0,0.07755545214828603,0.09870693909781858,0.15511090429657207,0.0,0.0,0.0,0.0,0.2930439562532825,0.0,0.0,0.18096272167933405,0.0,0.0,0.0,0.16286644951140064,0.0,0.21715526601520088,0.0,0.0,0.0,0.0,0.0,0.0,0.0,0.0,0.0,0.0,0.0,0.0,0.0,0.0,0.0,0.0,0.0,0.0,0.0,0.0,0.0,0.0,0.0,0.0,0.0,0.0,0.0,0.0,0.0,0.0,0.0,0.9238067007754688,0.0,22.700369474979933,5.479913137893594,0.012284156893577374,1.7658431203162557,2.0549176807621627,0.004157923433391104,0.25950054288816504,0.0015355196116971718,0.012284156893577374,2.030869549223539,10.58414766558089,2.2166205093177007,-3.7684076786654495,16.241978897567407,15.566197589525329,14.066338660494548,18.067053478539087,19.910393489723287,0.0,0.00016286644951140066,2026,1
2026-02-01,1129,0.7234727827210594,0.46228411648095913,0.4784913443017961,0.0,0.0,0.0,0.0,0.0,0.04217807583618035,0.14922786613779027,0.0,0.0,0.11071744906997343,0.0,0.0,0.0,0.09964570416297608,0.14378889489606939,0.22009286845425022,0.0,0.0,0.0,0.0,0.28513619796900164,0.0,0.0,0.1771479185119575,0.0,0.0,0.0,0.12653422750854107,0.0,0.351957116793255,0.0,0.0,0.0,0.0,0.0,0.0,0.0,0.0,0.0,0.0,0.0,0.0,0.0,0.0,0.0,0.0,0.0,0.0,0.0,0.0,0.0,0.0,0.0,0.0,0.0,0.0,0.04217807583618035,0.0,0.0,0.0,0.0,0.6186756851061546,0.05535872453498671,22.573757117854587,5.37643932683791,0.018163061695668625,1.7543993638278723,1.9831809647375973,0.005166712912223395,0.28520814880425155,0.0037578748335866125,0.018163061695668625,1.5156336308579315,10.270150575730735,2.2473747689028984,-5.837957401740963,16.46205447191152,15.674100744457474,13.987999142356728,18.26159043157275,20.15385305084291,0.00011071744906997343,0.00012653422750854106,2026,2
2026-03-01,1243,1.0600721375175968,0.5518493752604774,0.5165724594525882,0.0,0.0,0.0,0.0,0.0,0.0,0.06704210244033253,0.06188501763723003,0.0,0.21547237959144638,0.0,0.0,0.0,0.0502815768302494,0.14943411611813487,0.5159569449002036,0.0,0.0,0.0,0.0,0.26133359801903644,0.0,0.0,0.29051577724144095,0.0,0.0731368390258173,0.16090104585679807,0.10774623606482014,0.0,0.17478833850515266,0.0,0.0,0.0,0.0,0.0,0.0,0.0,0.0,0.0,0.0,0.0,0.0,0.0,0.0,0.0,0.0,0.0,0.0,0.0,0.0,0.0,0.0,0.0,0.0,0.0,0.0,0.0,0.0,0.0,0.0,0.0,0.6701002487935629,0.08045052292839903,23.713792225273487,5.4376508447304905,0.022185973021943164,1.7694420573119862,2.057735052682398,0.004678148677251475,0.2904263877715205,0.0022754844125069916,0.022185973021943164,2.4071710262847623,10.500804505229285,2.254386639847337,-6.538259579159862,16.615188997405514,15.626514919804842,14.104927631386094,18.386154900413576,20.264289985031777,0.00014017894146614983,0.0002686472819216182,2026,3
2026-04-01,1074,0.630557369384185,0.37656748139824053,0.6574124898968803,0.0,0.0,0.0,0.0,0.0,0.0,0.0,0.0,0.0,0.0931098696461825,0.0,0.0,0.0,0.06650704974727321,0.14671858247277242,0.3242218675179569,0.0,0.0,0.0,0.0,0.24287125831654258,0.0,0.0,0.13369622308169796,0.0,0.0,0.0,0.33981123366598226,0.0,0.317601256230898,0.0,0.0,0.0,0.0,0.0,0.0,0.0,0.0,0.0,0.0,0.0,0.0,0.0,0.0,0.0,0.0,0.0,0.0,0.0,0.0,0.0,0.0,0.0,0.0,0.0,0.0,0.0,0.0,0.0,0.0,0.0,0.2888336466695772,0.0931098696461825,21.52684805304183,5.4487895716946,0.01514288265110856,1.7572664995380434,2.053491216198722,0.00700236003387889,0.2783985102420857,0.002633544808888445,0.01514288265110856,2.4945575877827637,10.549813780260708,2.2377269857596183,-6.727500059566762,16.644946530665745,15.641055848134583,14.039571389204525,18.570112389202816,20.350155668595296,0.000191392509828264,0.0003398112336659823,2026,4
